entry_ts,entry,qty,exit_ts,exit,reason,qty_exit,pnl_points,pnl_dollars
2020-12-01 19:00:00-05:00,12442.75,1,2020-12-02 06:20:00-05:00,12426.0,SL_YELLOW,1,-16.75,-335.0
2020-12-02 19:00:00-05:00,12467.5,2,2020-12-02 23:20:00-05:00,12467.0,SL_YELLOW,2,-0.5,-20.0
2020-12-03 19:00:00-05:00,12485.5,1,2020-12-04 07:20:00-05:00,12501.0,SL_YELLOW,1,15.5,310.0
2020-12-07 19:00:00-05:00,12566.5,1,2020-12-08 02:00:00-05:00,12565.0,SL_YELLOW,1,-1.5,-30.0
2020-12-08 19:00:00-05:00,12659.75,2,2020-12-08 20:40:00-05:00,12638.0,SL_YELLOW,2,-21.75,-870.0
2020-12-09 19:00:00-05:00,12365.75,1,2020-12-09 22:20:00-05:00,12328.75,SL_YELLOW,1,-37.0,-740.0
2020-12-10 19:00:00-05:00,12406.0,2,2020-12-10 22:00:00-05:00,12362.75,SL_YELLOW,2,-43.25,-1730.0
2020-12-13 19:00:00-05:00,12412.25,1,2020-12-14 00:40:00-05:00,12391.25,SL_YELLOW,1,-21.0,-420.0
2020-12-14 19:00:00-05:00,12476.5,2,2020-12-14 21:20:00-05:00,12448.0,SL_YELLOW,2,-28.5,-1140.0
2020-12-15 19:00:00-05:00,12588.5,1,2020-12-16 06:20:00-05:00,12626.5,SL_YELLOW,1,38.0,760.0
2020-12-16 19:00:00-05:00,12677.75,1,2020-12-17 03:20:00-05:00,12743.5,TP_GREEN,1,65.75,1315.0
2020-12-17 19:00:00-05:00,12745.25,1,2020-12-17 21:40:00-05:00,12722.0,SL_YELLOW,1,-23.25,-465.0
2020-12-20 19:00:00-05:00,12739.0,2,2020-12-21 02:00:00-05:00,12724.75,SL_YELLOW,2,-14.25,-570.0
2020-12-21 19:00:00-05:00,12703.25,1,2020-12-21 23:40:00-05:00,12689.75,SL_YELLOW,1,-13.5,-270.0
2020-12-22 19:00:00-05:00,12714.5,2,2020-12-22 19:40:00-05:00,12647.25,SL_YELLOW,2,-67.25,-2690.0
2020-12-23 19:00:00-05:00,12653.5,1,2020-12-24 08:00:00-05:00,12666.75,FORCE_CLOSE,1,13.25,265.0
2020-12-27 19:00:00-05:00,12731.5,1,2020-12-28 03:00:00-05:00,12772.0,SL_YELLOW,1,40.5,810.0
2020-12-28 19:00:00-05:00,12859.25,1,2020-12-29 05:00:00-05:00,12884.5,SL_YELLOW,1,25.25,505.0
2020-12-29 19:00:00-05:00,12836.0,1,2020-12-30 07:00:00-05:00,12882.75,TP_GREEN,1,46.75,935.0
2020-12-30 19:00:00-05:00,12854.25,1,2020-12-30 23:20:00-05:00,12842.0,SL_YELLOW,1,-12.25,-245.0
2021-01-03 19:00:00-05:00,12845.25,2,2021-01-04 02:00:00-05:00,12923.25,TP_GREEN,2,78.0,3120.0
2021-01-04 19:00:00-05:00,12683.0,1,2021-01-04 22:40:00-05:00,12689.5,SL_YELLOW,1,6.5,130.0
2021-01-05 19:00:00-05:00,12801.0,1,2021-01-05 19:40:00-05:00,12782.75,SL_YELLOW,1,-18.25,-365.0
2021-01-06 19:00:00-05:00,12666.0,2,2021-01-07 02:00:00-05:00,12738.75,TP_GREEN,2,72.75,2910.0
2021-01-07 19:00:00-05:00,12946.75,1,2021-01-08 04:20:00-05:00,12959.0,SL_YELLOW,1,12.25,245.0
2021-01-10 19:00:00-05:00,13072.5,1,2021-01-10 21:00:00-05:00,13029.25,SL_YELLOW,1,-43.25,-865.0
2021-01-11 19:00:00-05:00,12926.25,2,2021-01-11 23:20:00-05:00,12897.5,SL_YELLOW,2,-28.75,-1150.0
2021-01-12 19:00:00-05:00,12895.5,1,2021-01-13 05:20:00-05:00,12879.0,SL_YELLOW,1,-16.5,-330.0
2021-01-13 19:00:00-05:00,12992.5,2,2021-01-13 21:40:00-05:00,12983.0,SL_YELLOW,2,-9.5,-380.0
2021-01-14 19:00:00-05:00,12914.75,1,2021-01-14 22:40:00-05:00,12883.5,SL_YELLOW,1,-31.25,-625.0
2021-01-17 19:00:00-05:00,12749.25,2,2021-01-18 06:00:00-05:00,12810.5,TP_GREEN,2,61.25,2450.0
2021-01-18 19:00:00-05:00,12844.5,1,2021-01-18 22:20:00-05:00,12934.75,TP_GREEN,1,90.25,1805.0
2021-01-19 19:00:00-05:00,13039.0,1,2021-01-20 07:20:00-05:00,13092.0,TP_GREEN,1,53.0,1060.0
2021-01-20 19:00:00-05:00,13310.0,1,2021-01-21 01:20:00-05:00,13347.0,SL_YELLOW,1,37.0,740.0
2021-01-21 19:00:00-05:00,13389.75,1,2021-01-21 21:00:00-05:00,13345.0,SL_YELLOW,1,-44.75,-895.0
2021-01-24 19:00:00-05:00,13401.5,2,2021-01-25 02:40:00-05:00,13473.25,TP_GREEN,2,71.75,2870.0
2021-01-25 19:00:00-05:00,13460.0,1,2021-01-25 23:20:00-05:00,13388.0,SL_YELLOW,1,-72.0,-1440.0
2021-01-26 19:00:00-05:00,13558.75,2,2021-01-27 03:00:00-05:00,13535.75,SL_YELLOW,2,-23.0,-920.0
2021-01-27 19:00:00-05:00,12999.5,1,2021-01-27 23:20:00-05:00,13022.25,SL_YELLOW,1,22.75,455.0
2021-01-28 19:00:00-05:00,13154.5,1,2021-01-28 20:40:00-05:00,13076.75,SL_YELLOW,1,-77.75,-1555.0
2021-01-31 19:00:00-05:00,12824.75,2,2021-01-31 22:40:00-05:00,12935.25,TP_GREEN,2,110.5,4420.0
2021-02-01 19:00:00-05:00,13244.25,1,2021-02-01 21:20:00-05:00,13363.0,TP_GREEN,1,118.75,2375.0
2021-02-02 19:00:00-05:00,13488.0,1,2021-02-03 02:40:00-05:00,13575.25,TP_GREEN,1,87.25,1745.0
2021-02-03 19:00:00-05:00,13440.25,1,2021-02-03 22:20:00-05:00,13404.5,SL_YELLOW,1,-35.75,-715.0
2021-02-04 19:00:00-05:00,13550.0,2,2021-02-05 03:40:00-05:00,13582.5,SL_YELLOW,2,32.5,1300.0
2021-02-07 19:00:00-05:00,13640.25,1,2021-02-08 02:40:00-05:00,13661.25,SL_YELLOW,1,21.0,420.0
2021-02-08 19:00:00-05:00,13671.0,1,2021-02-09 02:00:00-05:00,13669.25,SL_YELLOW,1,-1.75,-35.0
2021-02-09 19:00:00-05:00,13683.25,2,2021-02-10 02:20:00-05:00,13760.0,TP_GREEN,2,76.75,3070.0
2021-02-10 19:00:00-05:00,13638.0,1,2021-02-11 04:40:00-05:00,13705.75,TP_GREEN,1,67.75,1355.0
2021-02-11 19:00:00-05:00,13732.75,1,2021-02-12 02:40:00-05:00,13699.0,SL_YELLOW,1,-33.75,-675.0
2021-02-14 19:00:00-05:00,13846.0,2,2021-02-15 01:40:00-05:00,13838.0,SL_YELLOW,2,-8.0,-320.0
2021-02-15 19:00:00-05:00,13867.0,1,2021-02-16 00:20:00-05:00,13882.25,SL_YELLOW,1,15.25,305.0
2021-02-16 19:00:00-05:00,13717.25,1,2021-02-17 03:00:00-05:00,13735.5,SL_YELLOW,1,18.25,365.0
2021-02-17 19:00:00-05:00,13711.25,1,2021-02-17 20:20:00-05:00,13684.0,SL_YELLOW,1,-27.25,-545.0
2021-02-18 19:00:00-05:00,13617.75,2,2021-02-18 20:20:00-05:00,13571.75,SL_YELLOW,2,-46.0,-1840.0
2021-02-21 19:00:00-05:00,13599.0,1,2021-02-21 21:20:00-05:00,13563.0,SL_YELLOW,1,-36.0,-720.0
2021-02-22 19:00:00-05:00,13214.25,2,2021-02-22 23:20:00-05:00,13321.5,TP_GREEN,2,107.25,4290.0
2021-02-23 19:00:00-05:00,13162.5,1,2021-02-23 22:00:00-05:00,13154.5,SL_YELLOW,1,-8.0,-160.0
2021-02-24 19:00:00-05:00,13319.5,2,2021-02-25 02:20:00-05:00,13289.5,SL_YELLOW,2,-30.0,-1200.0
2021-02-25 19:00:00-05:00,12726.25,1,2021-02-25 21:20:00-05:00,12830.25,TP_GREEN,1,104.0,2080.0
2021-02-28 19:00:00-05:00,13013.25,1,2021-03-01 02:00:00-05:00,13111.5,TP_GREEN,1,98.25,1965.0
2021-03-01 19:00:00-05:00,13316.5,1,2021-03-01 20:40:00-05:00,13283.0,SL_YELLOW,1,-33.5,-670.0
2021-03-02 19:00:00-05:00,13091.5,2,2021-03-03 02:20:00-05:00,13174.5,TP_GREEN,2,83.0,3320.0
2021-03-03 19:00:00-05:00,12622.75,1,2021-03-03 21:40:00-05:00,12587.75,SL_YELLOW,1,-35.0,-700.0
2021-03-04 19:00:00-05:00,12379.25,2,2021-03-05 02:20:00-05:00,12389.25,SL_YELLOW,2,10.0,400.0
2021-03-07 19:00:00-05:00,12618.0,1,2021-03-07 21:20:00-05:00,12564.75,SL_YELLOW,1,-53.25,-1065.0
2021-03-08 19:00:00-05:00,12374.5,2,2021-03-09 01:20:00-05:00,12396.0,SL_YELLOW,2,21.5,860.0
2021-03-09 19:00:00-05:00,12791.75,1,2021-03-09 20:20:00-05:00,12748.25,SL_YELLOW,1,-43.5,-870.0
2021-03-10 19:00:00-05:00,12762.5,2,2021-03-11 01:40:00-05:00,12872.75,TP_GREEN,2,110.25,4410.0
2021-03-11 19:00:00-05:00,13067.0,1,2021-03-11 21:20:00-05:00,13020.0,SL_YELLOW,1,-47.0,-940.0
2021-03-14 19:00:00-04:00,12947.5,2,2021-03-14 22:40:00-04:00,12951.0,SL_YELLOW,2,3.5,140.0
2021-03-15 19:00:00-04:00,13068.75,1,2021-03-16 02:40:00-04:00,13152.25,TP_GREEN,1,83.5,1670.0
2021-03-16 19:00:00-04:00,13163.75,1,2021-03-16 21:20:00-04:00,13111.25,SL_YELLOW,1,-52.5,-1050.0
2021-03-17 19:00:00-04:00,13188.75,2,2021-03-17 23:00:00-04:00,13195.0,SL_YELLOW,2,6.25,250.0
2021-03-18 19:00:00-04:00,12784.25,1,2021-03-18 22:40:00-04:00,12771.0,SL_YELLOW,1,-13.25,-265.0
2021-03-21 19:00:00-04:00,12852.25,2,2021-03-22 06:00:00-04:00,12941.25,TP_GREEN,2,89.0,3560.0
2021-03-22 19:00:00-04:00,13076.75,1,2021-03-22 20:20:00-04:00,13066.75,SL_YELLOW,1,-10.0,-200.0
2021-03-23 19:00:00-04:00,13020.0,2,2021-03-23 22:00:00-04:00,13037.0,SL_YELLOW,2,17.0,680.0
2021-03-24 19:00:00-04:00,12810.0,1,2021-03-24 21:00:00-04:00,12787.75,SL_YELLOW,1,-22.25,-445.0
2021-03-25 19:00:00-04:00,12801.0,2,2021-03-26 02:20:00-04:00,12867.5,TP_GREEN,2,66.5,2660.0
2021-03-28 19:00:00-04:00,12936.75,1,2021-03-28 21:00:00-04:00,12856.75,SL_YELLOW,1,-80.0,-1600.0
2021-03-29 19:00:00-04:00,12972.25,2,2021-03-29 21:00:00-04:00,12934.25,SL_YELLOW,2,-38.0,-1520.0
2021-03-30 19:00:00-04:00,12877.25,1,2021-03-30 22:20:00-04:00,12877.75,SL_YELLOW,1,0.5,10.0
2021-03-31 19:00:00-04:00,13107.75,1,2021-04-01 03:00:00-04:00,13167.25,TP_GREEN,1,59.5,1190.0
2021-04-01 19:00:00-04:00,13332.5,1,2021-04-02 01:40:00-04:00,13348.25,SL_YELLOW,1,15.75,315.0
2021-04-04 19:00:00-04:00,13326.75,1,2021-04-04 20:00:00-04:00,13333.0,SL_YELLOW,1,6.25,125.0
2021-04-05 19:00:00-04:00,13619.0,1,2021-04-05 21:00:00-04:00,13589.0,SL_YELLOW,1,-30.0,-600.0
2021-04-06 19:00:00-04:00,13591.5,2,2021-04-06 21:40:00-04:00,13556.75,SL_YELLOW,2,-34.75,-1390.0
2021-04-07 19:00:00-04:00,13618.0,1,2021-04-07 23:40:00-04:00,13700.0,TP_GREEN,1,82.0,1640.0
2021-04-08 19:00:00-04:00,13785.5,1,2021-04-08 21:40:00-04:00,13810.5,SL_YELLOW,1,25.0,500.0
2021-04-11 19:00:00-04:00,13800.0,1,2021-04-12 06:20:00-04:00,13784.0,SL_YELLOW,1,-16.0,-320.0
2021-04-12 19:00:00-04:00,13811.25,2,2021-04-12 23:40:00-04:00,13802.75,SL_YELLOW,2,-8.5,-340.0
2021-04-13 19:00:00-04:00,13966.0,1,2021-04-13 22:40:00-04:00,13964.5,SL_YELLOW,1,-1.5,-30.0
2021-04-14 19:00:00-04:00,13823.75,2,2021-04-14 22:40:00-04:00,13792.75,SL_YELLOW,2,-31.0,-1240.0
2021-04-15 19:00:00-04:00,14009.25,1,2021-04-15 20:40:00-04:00,13986.5,SL_YELLOW,1,-22.75,-455.0
2021-04-18 19:00:00-04:00,14002.0,2,2021-04-19 04:00:00-04:00,14027.75,SL_YELLOW,2,25.75,1030.0
2021-04-19 19:00:00-04:00,13905.75,1,2021-04-20 02:40:00-04:00,13893.25,SL_YELLOW,1,-12.5,-250.0
2021-04-20 19:00:00-04:00,13745.0,2,2021-04-20 22:00:00-04:00,13722.5,SL_YELLOW,2,-22.5,-900.0
2021-04-21 19:00:00-04:00,13894.0,1,2021-04-22 05:20:00-04:00,13911.25,SL_YELLOW,1,17.25,345.0
2021-04-22 19:00:00-04:00,13768.25,1,2021-04-23 02:00:00-04:00,13744.5,SL_YELLOW,1,-23.75,-475.0
2021-04-25 19:00:00-04:00,13924.0,2,2021-04-26 01:40:00-04:00,13916.5,SL_YELLOW,2,-7.5,-300.0
2021-04-26 19:00:00-04:00,14016.75,1,2021-04-27 02:20:00-04:00,14029.25,SL_YELLOW,1,12.5,250.0
2021-04-27 19:00:00-04:00,13970.0,1,2021-04-28 01:40:00-04:00,13961.25,SL_YELLOW,1,-8.75,-175.0
2021-04-28 19:00:00-04:00,13962.0,2,2021-04-29 03:00:00-04:00,14000.0,SL_YELLOW,2,38.0,1520.0
2021-04-29 19:00:00-04:00,13928.0,1,2021-04-29 22:00:00-04:00,13888.0,SL_YELLOW,1,-40.0,-800.0
2021-05-02 19:00:00-04:00,13883.0,2,2021-05-02 21:40:00-04:00,13877.5,SL_YELLOW,2,-5.5,-220.0
2021-05-03 19:00:00-04:00,13774.75,1,2021-05-03 21:00:00-04:00,13736.25,SL_YELLOW,1,-38.5,-770.0
2021-05-04 19:00:00-04:00,13519.25,2,2021-05-05 01:00:00-04:00,13541.5,SL_YELLOW,2,22.25,890.0
2021-05-05 19:00:00-04:00,13487.25,1,2021-05-05 22:40:00-04:00,13469.5,SL_YELLOW,1,-17.75,-355.0
2021-05-06 19:00:00-04:00,13614.5,2,2021-05-07 02:00:00-04:00,13616.5,SL_YELLOW,2,2.0,80.0
2021-05-09 19:00:00-04:00,13737.0,1,2021-05-10 00:40:00-04:00,13719.25,SL_YELLOW,1,-17.75,-355.0
2021-05-10 19:00:00-04:00,13329.75,2,2021-05-10 20:40:00-04:00,13228.75,SL_YELLOW,2,-101.0,-4040.0
2021-05-11 19:00:00-04:00,13314.25,1,2021-05-11 20:40:00-04:00,13279.25,SL_YELLOW,1,-35.0,-700.0
2021-05-12 19:00:00-04:00,13015.75,2,2021-05-13 01:40:00-04:00,13010.5,SL_YELLOW,2,-5.25,-210.0
2021-05-13 19:00:00-04:00,13097.75,1,2021-05-13 23:20:00-04:00,13181.75,TP_GREEN,1,84.0,1680.0
2021-05-16 19:00:00-04:00,13396.25,1,2021-05-16 20:00:00-04:00,13358.75,SL_YELLOW,1,-37.5,-750.0
2021-05-17 19:00:00-04:00,13299.25,2,2021-05-18 01:20:00-04:00,13382.25,TP_GREEN,2,83.0,3320.0
2021-05-18 19:00:00-04:00,13217.5,1,2021-05-18 22:40:00-04:00,13148.75,SL_YELLOW,1,-68.75,-1375.0
2021-05-19 19:00:00-04:00,13187.25,2,2021-05-20 02:40:00-04:00,13201.25,SL_YELLOW,2,14.0,560.0
2021-05-20 19:00:00-04:00,13498.0,1,2021-05-20 21:40:00-04:00,13515.25,SL_YELLOW,1,17.25,345.0
2021-05-23 19:00:00-04:00,13387.75,1,2021-05-23 22:00:00-04:00,13402.25,SL_YELLOW,1,14.5,290.0
2021-05-24 19:00:00-04:00,13663.75,1,2021-05-25 02:40:00-04:00,13731.75,TP_GREEN,1,68.0,1360.0
2021-05-25 19:00:00-04:00,13690.0,1,2021-05-26 02:00:00-04:00,13688.75,SL_YELLOW,1,-1.25,-25.0
2021-05-26 19:00:00-04:00,13699.75,2,2021-05-26 21:00:00-04:00,13680.25,SL_YELLOW,2,-19.5,-780.0
2021-05-27 19:00:00-04:00,13686.0,1,2021-05-28 01:20:00-04:00,13681.5,SL_YELLOW,1,-4.5,-90.0
2021-05-30 19:00:00-04:00,13719.0,2,2021-05-30 21:20:00-04:00,13695.5,SL_YELLOW,2,-23.5,-940.0
2021-05-31 19:00:00-04:00,13681.25,1,2021-05-31 21:20:00-04:00,13677.25,SL_YELLOW,1,-4.0,-80.0
2021-06-01 19:00:00-04:00,13628.0,2,2021-06-02 00:20:00-04:00,13637.0,SL_YELLOW,2,9.0,360.0
2021-06-02 19:00:00-04:00,13676.0,1,2021-06-02 22:20:00-04:00,13683.0,SL_YELLOW,1,7.0,140.0
2021-06-03 19:00:00-04:00,13520.0,1,2021-06-03 20:00:00-04:00,13477.75,SL_YELLOW,1,-42.25,-845.0
2021-06-06 19:00:00-04:00,13776.0,2,2021-06-06 20:20:00-04:00,13751.5,SL_YELLOW,2,-24.5,-980.0
2021-06-07 19:00:00-04:00,13822.0,1,2021-06-07 22:40:00-04:00,13833.5,SL_YELLOW,1,11.5,230.0
2021-06-08 19:00:00-04:00,13823.0,1,2021-06-09 03:40:00-04:00,13816.0,SL_YELLOW,1,-7.0,-140.0
2021-06-09 19:00:00-04:00,13819.5,2,2021-06-10 01:00:00-04:00,13818.25,SL_YELLOW,2,-1.25,-50.0
2021-06-10 19:00:00-04:00,13955.5,1,2021-06-11 02:20:00-04:00,13956.25,SL_YELLOW,1,0.75,15.0
2021-06-13 19:00:00-04:00,14008.75,1,2021-06-14 02:20:00-04:00,14001.5,SL_YELLOW,1,-7.25,-145.0
2021-06-14 19:00:00-04:00,14111.5,2,2021-06-14 21:40:00-04:00,14131.75,SL_YELLOW,2,20.25,810.0
2021-06-15 19:00:00-04:00,14034.5,1,2021-06-16 07:40:00-04:00,14031.25,SL_YELLOW,1,-3.25,-65.0
2021-06-17 19:00:00-04:00,14184.5,2,2021-06-18 03:20:00-04:00,14185.0,SL_YELLOW,2,0.5,20.0
2021-06-20 19:00:00-04:00,14034.5,1,2021-06-20 21:40:00-04:00,14010.0,SL_YELLOW,1,-24.5,-490.0
2021-06-21 19:00:00-04:00,14140.75,2,2021-06-22 02:40:00-04:00,14124.25,SL_YELLOW,2,-16.5,-660.0
2021-06-22 19:00:00-04:00,14275.5,1,2021-06-23 02:00:00-04:00,14294.75,SL_YELLOW,1,19.25,385.0
2021-06-23 19:00:00-04:00,14277.25,1,2021-06-24 04:20:00-04:00,14343.0,TP_GREEN,1,65.75,1315.0
2021-06-24 19:00:00-04:00,14359.25,1,2021-06-25 02:00:00-04:00,14354.25,SL_YELLOW,1,-5.0,-100.0
2021-06-27 19:00:00-04:00,14360.25,2,2021-06-27 21:20:00-04:00,14334.75,SL_YELLOW,2,-25.5,-1020.0
2021-06-28 19:00:00-04:00,14493.75,1,2021-06-29 04:00:00-04:00,14473.5,SL_YELLOW,1,-20.25,-405.0
2021-06-29 19:00:00-04:00,14582.25,2,2021-06-29 21:40:00-04:00,14580.5,SL_YELLOW,2,-1.75,-70.0
2021-06-30 19:00:00-04:00,14559.75,1,2021-06-30 23:20:00-04:00,14559.5,SL_YELLOW,1,-0.25,-5.0
2021-07-01 19:00:00-04:00,14537.25,2,2021-07-01 21:40:00-04:00,14527.25,SL_YELLOW,2,-10.0,-400.0
2021-07-04 19:00:00-04:00,14716.0,1,2021-07-04 23:20:00-04:00,14700.25,SL_YELLOW,1,-15.75,-315.0
2021-07-05 19:00:00-04:00,14708.0,2,2021-07-05 21:00:00-04:00,14703.5,SL_YELLOW,2,-4.5,-180.0
2021-07-06 19:00:00-04:00,14766.5,1,2021-07-07 02:20:00-04:00,14774.5,SL_YELLOW,1,8.0,160.0
2021-07-07 19:00:00-04:00,14812.0,1,2021-07-07 21:40:00-04:00,14790.25,SL_YELLOW,1,-21.75,-435.0
2021-07-08 19:00:00-04:00,14698.75,2,2021-07-08 20:40:00-04:00,14667.25,SL_YELLOW,2,-31.5,-1260.0
2021-07-11 19:00:00-04:00,14825.5,1,2021-07-11 21:20:00-04:00,14806.75,SL_YELLOW,1,-18.75,-375.0
2021-07-12 19:00:00-04:00,14872.75,2,2021-07-13 02:00:00-04:00,14859.0,SL_YELLOW,2,-13.75,-550.0
2021-07-13 19:00:00-04:00,14872.0,1,2021-07-14 01:40:00-04:00,14855.75,SL_YELLOW,1,-16.25,-325.0
2021-07-14 19:00:00-04:00,14901.25,2,2021-07-15 06:00:00-04:00,14916.0,SL_YELLOW,2,14.75,590.0
2021-07-15 19:00:00-04:00,14774.25,1,2021-07-16 04:20:00-04:00,14785.25,SL_YELLOW,1,11.0,220.0
2021-07-18 19:00:00-04:00,14654.0,1,2021-07-18 21:40:00-04:00,14621.0,SL_YELLOW,1,-33.0,-660.0
2021-07-19 19:00:00-04:00,14587.0,2,2021-07-19 23:20:00-04:00,14598.0,SL_YELLOW,2,11.0,440.0
2021-07-20 19:00:00-04:00,14742.0,1,2021-07-20 22:00:00-04:00,14718.0,SL_YELLOW,1,-24.0,-480.0
2021-07-21 19:00:00-04:00,14833.75,2,2021-07-22 04:00:00-04:00,14855.75,SL_YELLOW,2,22.0,880.0
2021-07-22 19:00:00-04:00,14976.5,1,2021-07-22 22:40:00-04:00,14969.75,SL_YELLOW,1,-6.75,-135.0
2021-07-25 19:00:00-04:00,15114.75,2,2021-07-25 20:20:00-04:00,15104.25,SL_YELLOW,2,-10.5,-420.0
2021-07-26 19:00:00-04:00,15117.75,1,2021-07-26 23:20:00-04:00,15097.5,SL_YELLOW,1,-20.25,-405.0
2021-07-27 19:00:00-04:00,14921.25,2,2021-07-28 00:20:00-04:00,14913.5,SL_YELLOW,2,-7.75,-310.0
2021-07-28 19:00:00-04:00,14977.5,1,2021-07-28 21:40:00-04:00,14952.5,SL_YELLOW,1,-25.0,-500.0
2021-07-29 19:00:00-04:00,14905.25,2,2021-07-29 20:20:00-04:00,14847.0,SL_YELLOW,2,-58.25,-2330.0
2021-08-01 19:00:00-04:00,15004.25,1,2021-08-02 06:20:00-04:00,15028.0,SL_YELLOW,1,23.75,475.0
2021-08-02 19:00:00-04:00,14965.75,1,2021-08-02 21:40:00-04:00,14957.0,SL_YELLOW,1,-8.75,-175.0
2021-08-03 19:00:00-04:00,15032.0,2,2021-08-04 04:00:00-04:00,15051.5,SL_YELLOW,2,19.5,780.0
2021-08-04 19:00:00-04:00,15080.0,1,2021-08-05 02:00:00-04:00,15078.75,SL_YELLOW,1,-1.25,-25.0
2021-08-05 19:00:00-04:00,15163.75,2,2021-08-06 02:40:00-04:00,15150.5,SL_YELLOW,2,-13.25,-530.0
2021-08-08 19:00:00-04:00,15033.0,1,2021-08-09 04:20:00-04:00,15097.0,TP_GREEN,1,64.0,1280.0
2021-08-09 19:00:00-04:00,15119.0,1,2021-08-09 21:40:00-04:00,15097.5,SL_YELLOW,1,-21.5,-430.0
2021-08-10 19:00:00-04:00,15037.25,2,2021-08-11 02:00:00-04:00,15037.0,SL_YELLOW,2,-0.25,-10.0
2021-08-11 19:00:00-04:00,14998.5,1,2021-08-12 01:40:00-04:00,14996.25,SL_YELLOW,1,-2.25,-45.0
2021-08-12 19:00:00-04:00,15073.0,2,2021-08-13 05:20:00-04:00,15081.25,SL_YELLOW,2,8.25,330.0
2021-08-15 19:00:00-04:00,15117.0,1,2021-08-15 22:00:00-04:00,15098.5,SL_YELLOW,1,-18.5,-370.0
2021-08-16 19:00:00-04:00,15128.5,2,2021-08-17 01:20:00-04:00,15108.0,SL_YELLOW,2,-20.5,-820.0
2021-08-17 19:00:00-04:00,14963.5,1,2021-08-18 03:20:00-04:00,14993.0,SL_YELLOW,1,29.5,590.0
2021-08-18 19:00:00-04:00,14851.25,1,2021-08-18 22:20:00-04:00,14842.75,SL_YELLOW,1,-8.5,-170.0
2021-08-19 19:00:00-04:00,14928.75,2,2021-08-19 21:40:00-04:00,14914.75,SL_YELLOW,2,-14.0,-560.0
2021-08-22 19:00:00-04:00,15117.0,1,2021-08-23 02:20:00-04:00,15133.5,SL_YELLOW,1,16.5,330.0
2021-08-23 19:00:00-04:00,15329.5,1,2021-08-24 05:20:00-04:00,15361.5,SL_YELLOW,1,32.0,640.0
2021-08-24 19:00:00-04:00,15353.0,1,2021-08-25 04:20:00-04:00,15375.25,SL_YELLOW,1,22.25,445.0
2021-08-25 19:00:00-04:00,15364.0,1,2021-08-25 20:20:00-04:00,15346.75,SL_YELLOW,1,-17.25,-345.0
2021-08-26 19:00:00-04:00,15283.5,2,2021-08-27 03:00:00-04:00,15320.0,SL_YELLOW,2,36.5,1460.0
2021-08-29 19:00:00-04:00,15437.5,1,2021-08-29 20:20:00-04:00,15430.0,SL_YELLOW,1,-7.5,-150.0
2021-08-30 19:00:00-04:00,15605.0,2,2021-08-31 02:20:00-04:00,15674.25,TP_GREEN,2,69.25,2770.0
2021-08-31 19:00:00-04:00,15589.5,1,2021-09-01 04:00:00-04:00,15612.25,SL_YELLOW,1,22.75,455.0
2021-09-01 19:00:00-04:00,15613.75,1,2021-09-02 08:00:00-04:00,15651.25,FORCE_CLOSE,1,37.5,750.0
2021-09-02 19:00:00-04:00,15602.75,1,2021-09-03 04:40:00-04:00,15612.25,SL_YELLOW,1,9.5,190.0
2021-09-05 19:00:00-04:00,15659.0,1,2021-09-06 06:40:00-04:00,15687.0,SL_YELLOW,1,28.0,560.0
2021-09-06 19:00:00-04:00,15694.25,1,2021-09-06 19:40:00-04:00,15687.5,SL_YELLOW,1,-6.75,-135.0
2021-09-07 19:00:00-04:00,15666.0,2,2021-09-08 01:00:00-04:00,15673.0,SL_YELLOW,2,7.0,280.0
2021-09-08 19:00:00-04:00,15599.75,1,2021-09-09 00:00:00-04:00,15571.5,SL_YELLOW,1,-28.25,-565.0
2021-09-09 19:00:00-04:00,15552.25,2,2021-09-10 04:20:00-04:00,15614.25,TP_GREEN,2,62.0,2480.0
2021-09-12 19:00:00-04:00,15473.5,1,2021-09-12 21:00:00-04:00,15459.5,SL_YELLOW,1,-14.0,-280.0
2021-09-13 19:00:00-04:00,15445.5,2,2021-09-14 02:00:00-04:00,15438.5,SL_YELLOW,2,-7.0,-280.0
2021-09-14 19:00:00-04:00,15395.5,1,2021-09-14 21:40:00-04:00,15379.75,SL_YELLOW,1,-15.75,-315.0
2021-09-15 19:00:00-04:00,15502.0,2,2021-09-15 21:40:00-04:00,15492.75,SL_YELLOW,2,-9.25,-370.0
2021-09-16 19:00:00-04:00,15494.75,1,2021-09-17 03:00:00-04:00,15506.25,SL_YELLOW,1,11.5,230.0
2021-09-19 19:00:00-04:00,15318.25,1,2021-09-19 21:00:00-04:00,15308.5,SL_YELLOW,1,-9.75,-195.0
2021-09-20 19:00:00-04:00,14992.25,2,2021-09-20 23:40:00-04:00,15085.25,TP_GREEN,2,93.0,3720.0
2021-09-21 19:00:00-04:00,14993.75,1,2021-09-22 02:20:00-04:00,15089.5,TP_GREEN,1,95.75,1915.0
2021-09-22 19:00:00-04:00,15196.0,1,2021-09-23 04:20:00-04:00,15268.75,TP_GREEN,1,72.75,1455.0
2021-09-23 19:00:00-04:00,15312.0,1,2021-09-23 21:40:00-04:00,15282.25,SL_YELLOW,1,-29.75,-595.0
2021-09-26 19:00:00-04:00,15308.25,2,2021-09-27 00:40:00-04:00,15366.75,SL_YELLOW,2,58.5,2340.0
2021-09-27 19:00:00-04:00,15169.25,1,2021-09-27 20:20:00-04:00,15135.75,SL_YELLOW,1,-33.5,-670.0
2021-09-28 19:00:00-04:00,14783.0,2,2021-09-28 21:20:00-04:00,14787.0,SL_YELLOW,2,4.0,160.0
2021-09-29 19:00:00-04:00,14787.5,1,2021-09-30 01:00:00-04:00,14866.25,TP_GREEN,1,78.75,1575.0
2021-09-30 19:00:00-04:00,14718.75,1,2021-09-30 21:00:00-04:00,14609.5,SL_YELLOW,1,-109.25,-2185.0
2021-10-03 19:00:00-04:00,14825.5,2,2021-10-03 20:00:00-04:00,14792.5,SL_YELLOW,2,-33.0,-1320.0
2021-10-04 19:00:00-04:00,14498.25,1,2021-10-04 20:40:00-04:00,14432.0,SL_YELLOW,1,-66.25,-1325.0
2021-10-05 19:00:00-04:00,14651.5,2,2021-10-05 21:00:00-04:00,14621.75,SL_YELLOW,2,-29.75,-1190.0
2021-10-06 19:00:00-04:00,14813.0,1,2021-10-07 00:40:00-04:00,14843.0,SL_YELLOW,1,30.0,600.0
2021-10-07 19:00:00-04:00,14899.25,1,2021-10-07 20:00:00-04:00,14880.25,SL_YELLOW,1,-19.0,-380.0
2021-10-10 19:00:00-04:00,14750.75,2,2021-10-10 22:40:00-04:00,14738.5,SL_YELLOW,2,-12.25,-490.0
2021-10-11 19:00:00-04:00,14670.75,1,2021-10-11 20:00:00-04:00,14642.25,SL_YELLOW,1,-28.5,-570.0
2021-10-12 19:00:00-04:00,14605.0,2,2021-10-13 03:00:00-04:00,14603.25,SL_YELLOW,2,-1.75,-70.0
2021-10-13 19:00:00-04:00,14793.5,1,2021-10-14 02:40:00-04:00,14874.25,TP_GREEN,1,80.75,1615.0
2021-10-14 19:00:00-04:00,15069.0,1,2021-10-14 20:20:00-04:00,15035.25,SL_YELLOW,1,-33.75,-675.0
2021-10-17 19:00:00-04:00,15115.5,2,2021-10-18 02:00:00-04:00,15057.75,SL_YELLOW,2,-57.75,-2310.0
2021-10-18 19:00:00-04:00,15275.75,1,2021-10-18 21:00:00-04:00,15278.75,SL_YELLOW,1,3.0,60.0
2021-10-19 19:00:00-04:00,15406.5,1,2021-10-19 20:20:00-04:00,15386.75,SL_YELLOW,1,-19.75,-395.0
2021-10-20 19:00:00-04:00,15347.5,2,2021-10-20 23:20:00-04:00,15341.5,SL_YELLOW,2,-6.0,-240.0
2021-10-21 19:00:00-04:00,15405.0,1,2021-10-22 08:00:00-04:00,15442.5,FORCE_CLOSE,1,37.5,750.0
2021-10-24 19:00:00-04:00,15320.0,1,2021-10-25 04:00:00-04:00,15377.75,TP_GREEN,1,57.75,1155.0
2021-10-25 19:00:00-04:00,15527.5,1,2021-10-26 03:40:00-04:00,15602.5,TP_GREEN,1,75.0,1500.0
2021-10-26 19:00:00-04:00,15560.75,1,2021-10-26 21:00:00-04:00,15533.25,SL_YELLOW,1,-27.5,-550.0
2021-10-27 19:00:00-04:00,15614.25,2,2021-10-28 02:20:00-04:00,15603.0,SL_YELLOW,2,-11.25,-450.0
2021-10-28 19:00:00-04:00,15670.5,1,2021-10-29 01:00:00-04:00,15647.5,SL_YELLOW,1,-23.0,-460.0
2021-10-31 19:00:00-04:00,15866.75,2,2021-10-31 21:20:00-04:00,15873.0,SL_YELLOW,2,6.25,250.0
2021-11-01 19:00:00-04:00,15885.5,1,2021-11-01 22:40:00-04:00,15859.75,SL_YELLOW,1,-25.75,-515.0
2021-11-02 19:00:00-04:00,15946.5,2,2021-11-03 01:00:00-04:00,15954.5,SL_YELLOW,2,8.0,320.0
2021-11-03 19:00:00-04:00,16170.5,1,2021-11-03 21:20:00-04:00,16157.75,SL_YELLOW,1,-12.75,-255.0
2021-11-04 19:00:00-04:00,16334.5,2,2021-11-05 03:00:00-04:00,16325.25,SL_YELLOW,2,-9.25,-370.0
2021-11-07 19:00:00-05:00,16313.0,1,2021-11-08 08:00:00-05:00,16343.0,FORCE_CLOSE,1,30.0,600.0
2021-11-08 19:00:00-05:00,16295.75,1,2021-11-09 05:00:00-05:00,16359.75,TP_GREEN,1,64.0,1280.0
2021-11-09 19:00:00-05:00,16192.0,1,2021-11-09 21:20:00-05:00,16152.25,SL_YELLOW,1,-39.75,-795.0
2021-11-10 19:00:00-05:00,16013.75,2,2021-11-10 23:20:00-05:00,15986.0,SL_YELLOW,2,-27.75,-1110.0
2021-11-11 19:00:00-05:00,16075.75,1,2021-11-11 21:40:00-05:00,16060.5,SL_YELLOW,1,-15.25,-305.0
2021-11-14 19:00:00-05:00,16231.5,2,2021-11-14 23:20:00-05:00,16210.0,SL_YELLOW,2,-21.5,-860.0
2021-11-15 19:00:00-05:00,16187.75,1,2021-11-15 23:20:00-05:00,16192.75,SL_YELLOW,1,5.0,100.0
2021-11-16 19:00:00-05:00,16307.75,1,2021-11-16 22:40:00-05:00,16281.75,SL_YELLOW,1,-26.0,-520.0
2021-11-17 19:00:00-05:00,16328.5,2,2021-11-18 04:00:00-05:00,16404.25,TP_GREEN,2,75.75,3030.0
2021-11-18 19:00:00-05:00,16497.75,1,2021-11-19 02:40:00-05:00,16566.25,TP_GREEN,1,68.5,1370.0
2021-11-21 19:00:00-05:00,16605.0,1,2021-11-22 00:00:00-05:00,16608.5,SL_YELLOW,1,3.5,70.0
2021-11-22 19:00:00-05:00,16400.25,1,2021-11-22 21:20:00-05:00,16335.5,SL_YELLOW,1,-64.75,-1295.0
2021-11-23 19:00:00-05:00,16301.25,2,2021-11-24 03:00:00-05:00,16317.5,SL_YELLOW,2,16.25,650.0
2021-11-24 19:00:00-05:00,16362.25,1,2021-11-25 03:20:00-05:00,16426.0,TP_GREEN,1,63.75,1275.0
2021-11-25 19:00:00-05:00,16365.0,1,2021-11-25 20:00:00-05:00,16312.0,SL_YELLOW,1,-53.0,-1060.0
2021-11-28 19:00:00-05:00,16209.0,2,2021-11-29 03:40:00-05:00,16190.0,SL_YELLOW,2,-19.0,-760.0
2021-11-29 19:00:00-05:00,16423.0,1,2021-11-29 21:20:00-05:00,16396.0,SL_YELLOW,1,-27.0,-540.0
2021-11-30 19:00:00-05:00,16201.75,2,2021-11-30 21:40:00-05:00,16310.5,TP_GREEN,2,108.75,4350.0
2021-12-01 19:00:00-05:00,15943.25,1,2021-12-02 03:20:00-05:00,15919.5,SL_YELLOW,1,-23.75,-475.0
2021-12-02 19:00:00-05:00,15940.0,2,2021-12-03 03:20:00-05:00,15936.25,SL_YELLOW,2,-3.75,-150.0
2021-12-05 19:00:00-05:00,15684.0,1,2021-12-06 02:20:00-05:00,15710.25,SL_YELLOW,1,26.25,525.0
2021-12-06 19:00:00-05:00,15829.5,1,2021-12-07 00:20:00-05:00,15926.75,TP_GREEN,1,97.25,1945.0
2021-12-07 19:00:00-05:00,16334.75,1,2021-12-08 02:00:00-05:00,16373.0,SL_YELLOW,1,38.25,765.0
2021-12-08 19:00:00-05:00,16373.5,1,2021-12-08 22:40:00-05:00,16379.25,SL_YELLOW,1,5.75,115.0
2021-12-09 19:00:00-05:00,16180.5,1,2021-12-10 00:40:00-05:00,16144.25,SL_YELLOW,1,-36.25,-725.0
2021-12-12 19:00:00-05:00,16365.25,2,2021-12-13 02:20:00-05:00,16367.5,SL_YELLOW,2,2.25,90.0
2021-12-13 19:00:00-05:00,16103.75,1,2021-12-14 04:00:00-05:00,16106.5,SL_YELLOW,1,2.75,55.0
2021-12-14 19:00:00-05:00,15931.5,1,2021-12-15 01:40:00-05:00,15916.25,SL_YELLOW,1,-15.25,-305.0
2021-12-15 19:00:00-05:00,16302.75,2,2021-12-16 02:00:00-05:00,16419.25,TP_GREEN,2,116.5,4660.0
2021-12-16 19:00:00-05:00,15845.75,1,2021-12-16 22:20:00-05:00,15812.5,SL_YELLOW,1,-33.25,-665.0
2021-12-19 19:00:00-05:00,15688.75,2,2021-12-19 21:00:00-05:00,15634.25,SL_YELLOW,2,-54.5,-2180.0
2021-12-20 19:00:00-05:00,15709.0,1,2021-12-21 01:00:00-05:00,15806.0,TP_GREEN,1,97.0,1940.0
2021-12-21 19:00:00-05:00,15950.25,1,2021-12-21 21:40:00-05:00,15928.5,SL_YELLOW,1,-21.75,-435.0
2021-12-22 19:00:00-05:00,16170.25,2,2021-12-23 03:00:00-05:00,16163.5,SL_YELLOW,2,-6.75,-270.0
2021-12-26 19:00:00-05:00,16344.0,1,2021-12-27 01:00:00-05:00,16320.5,SL_YELLOW,1,-23.5,-470.0
2021-12-27 19:00:00-05:00,16543.5,2,2021-12-28 04:00:00-05:00,16621.25,TP_GREEN,2,77.75,3110.0
2021-12-28 19:00:00-05:00,16537.0,1,2021-12-28 20:40:00-05:00,16503.75,SL_YELLOW,1,-33.25,-665.0
2021-12-29 19:00:00-05:00,16445.25,2,2021-12-30 03:40:00-05:00,16515.75,TP_GREEN,2,70.5,2820.0
2021-12-30 19:00:00-05:00,16414.75,1,2021-12-30 22:00:00-05:00,16383.0,SL_YELLOW,1,-31.75,-635.0
2022-01-02 19:00:00-05:00,16390.0,2,2022-01-03 01:20:00-05:00,16388.5,SL_YELLOW,2,-1.5,-60.0
2022-01-03 19:00:00-05:00,16484.75,1,2022-01-04 03:00:00-05:00,16511.25,SL_YELLOW,1,26.5,530.0
2022-01-04 19:00:00-05:00,16228.0,1,2022-01-04 20:40:00-05:00,16207.75,SL_YELLOW,1,-20.25,-405.0
2022-01-05 19:00:00-05:00,15795.75,2,2022-01-05 22:40:00-05:00,15674.5,SL_YELLOW,2,-121.25,-4850.0
2022-01-06 19:00:00-05:00,15832.25,1,2022-01-06 21:20:00-05:00,15792.25,SL_YELLOW,1,-40.0,-800.0
2022-01-09 19:00:00-05:00,15542.75,2,2022-01-09 23:40:00-05:00,15642.0,TP_GREEN,2,99.25,3970.0
2022-01-10 19:00:00-05:00,15615.0,1,2022-01-11 04:20:00-05:00,15704.0,TP_GREEN,1,89.0,1780.0
2022-01-11 19:00:00-05:00,15830.0,1,2022-01-12 02:00:00-05:00,15858.75,SL_YELLOW,1,28.75,575.0
2022-01-12 19:00:00-05:00,15879.5,1,2022-01-12 20:40:00-05:00,15822.25,SL_YELLOW,1,-57.25,-1145.0
2022-01-13 19:00:00-05:00,15502.0,2,2022-01-13 21:00:00-05:00,15427.75,SL_YELLOW,2,-74.25,-2970.0
2022-01-16 19:00:00-05:00,15576.0,1,2022-01-17 08:00:00-05:00,15617.5,FORCE_CLOSE,1,41.5,830.0
2022-01-17 19:00:00-05:00,15586.5,1,2022-01-17 22:20:00-05:00,15517.0,SL_YELLOW,1,-69.5,-1390.0
2022-01-18 19:00:00-05:00,15190.75,2,2022-01-18 21:40:00-05:00,15113.75,SL_YELLOW,2,-77.0,-3080.0
2022-01-19 19:00:00-05:00,15058.0,1,2022-01-20 01:40:00-05:00,15152.75,TP_GREEN,1,94.75,1895.0
2022-01-20 19:00:00-05:00,14740.0,1,2022-01-20 21:40:00-05:00,14649.5,SL_YELLOW,1,-90.5,-1810.0
2022-01-23 19:00:00-05:00,14547.25,2,2022-01-24 02:00:00-05:00,14506.25,SL_YELLOW,2,-41.0,-1640.0
2022-01-24 19:00:00-05:00,14449.0,1,2022-01-24 22:00:00-05:00,14260.5,SL_YELLOW,1,-188.5,-3770.0
2022-01-25 19:00:00-05:00,14152.25,2,2022-01-26 02:00:00-05:00,14156.25,SL_YELLOW,2,4.0,160.0
2022-01-26 19:00:00-05:00,14210.5,1,2022-01-26 20:00:00-05:00,14040.25,SL_YELLOW,1,-170.25,-3405.0
2022-01-30 19:00:00-05:00,14411.5,2,2022-01-31 03:40:00-05:00,14528.75,TP_GREEN,2,117.25,4690.0
2022-01-31 19:00:00-05:00,14868.0,1,2022-01-31 20:40:00-05:00,14826.0,SL_YELLOW,1,-42.0,-840.0
2022-02-01 19:00:00-05:00,15134.25,2,2022-02-02 04:40:00-05:00,15250.25,TP_GREEN,2,116.0,4640.0
2022-02-02 19:00:00-05:00,14793.75,1,2022-02-03 04:40:00-05:00,14781.75,SL_YELLOW,1,-12.0,-240.0
2022-02-03 19:00:00-05:00,14769.0,2,2022-02-04 02:20:00-05:00,14771.0,SL_YELLOW,2,2.0,80.0
2022-02-06 19:00:00-05:00,14645.25,1,2022-02-07 02:00:00-05:00,14725.75,TP_GREEN,1,80.5,1610.0
2022-02-07 19:00:00-05:00,14614.0,1,2022-02-08 00:20:00-05:00,14541.0,SL_YELLOW,1,-73.0,-1460.0
2022-02-08 19:00:00-05:00,14769.5,2,2022-02-09 02:00:00-05:00,14783.5,SL_YELLOW,2,14.0,560.0
2022-02-09 19:00:00-05:00,15022.25,1,2022-02-09 21:00:00-05:00,14988.5,SL_YELLOW,1,-33.75,-675.0
2022-02-10 19:00:00-05:00,14646.25,2,2022-02-10 23:40:00-05:00,14584.25,SL_YELLOW,2,-62.0,-2480.0
2022-02-13 19:00:00-05:00,14268.0,1,2022-02-14 03:00:00-05:00,14189.25,SL_YELLOW,1,-78.75,-1575.0
2022-02-14 19:00:00-05:00,14278.5,2,2022-02-15 00:00:00-05:00,14239.75,SL_YELLOW,2,-38.75,-1550.0
2022-02-15 19:00:00-05:00,14562.25,1,2022-02-16 03:00:00-05:00,14649.25,TP_GREEN,1,87.0,1740.0
2022-02-16 19:00:00-05:00,14567.0,1,2022-02-16 22:40:00-05:00,14525.0,SL_YELLOW,1,-42.0,-840.0
2022-02-21 19:00:00-05:00,13674.0,2,2022-02-21 22:00:00-05:00,13645.0,SL_YELLOW,2,-29.0,-1160.0
2022-02-22 19:00:00-05:00,13970.75,1,2022-02-23 04:20:00-05:00,14057.5,TP_GREEN,1,86.75,1735.0
2022-02-23 19:00:00-05:00,13475.25,1,2022-02-23 20:00:00-05:00,13370.5,SL_YELLOW,1,-104.75,-2095.0
2022-02-24 19:00:00-05:00,13890.25,2,2022-02-24 21:20:00-05:00,13815.25,SL_YELLOW,2,-75.0,-3000.0
2022-02-27 19:00:00-05:00,13821.5,1,2022-02-27 21:00:00-05:00,13820.75,SL_YELLOW,1,-0.75,-15.0
2022-02-28 19:00:00-05:00,14255.75,2,2022-03-01 03:20:00-05:00,14226.0,SL_YELLOW,2,-29.75,-1190.0
2022-03-01 19:00:00-05:00,14060.75,1,2022-03-01 21:00:00-05:00,13980.75,SL_YELLOW,1,-80.0,-1600.0
2022-03-02 19:00:00-05:00,14206.0,2,2022-03-03 02:20:00-05:00,14208.75,SL_YELLOW,2,2.75,110.0
2022-03-03 19:00:00-05:00,13996.25,1,2022-03-04 03:40:00-05:00,13958.75,SL_YELLOW,1,-37.5,-750.0
2022-03-06 19:00:00-05:00,13604.75,2,2022-03-07 00:20:00-05:00,13601.25,SL_YELLOW,2,-3.5,-140.0
2022-03-07 19:00:00-05:00,13294.5,1,2022-03-07 22:00:00-05:00,13291.0,SL_YELLOW,1,-3.5,-70.0
2022-03-08 19:00:00-05:00,13261.25,2,2022-03-09 02:20:00-05:00,13407.25,TP_GREEN,2,146.0,5840.0
2022-03-09 19:00:00-05:00,13735.25,1,2022-03-09 23:20:00-05:00,13693.0,SL_YELLOW,1,-42.25,-845.0
2022-03-10 19:00:00-05:00,13594.25,2,2022-03-10 20:20:00-05:00,13510.0,SL_YELLOW,2,-84.25,-3370.0
2022-03-13 19:00:00-04:00,13344.25,1,2022-03-13 22:00:00-04:00,13333.0,SL_YELLOW,1,-11.25,-225.0
2022-03-14 19:00:00-04:00,13099.75,2,2022-03-15 01:40:00-04:00,13078.75,SL_YELLOW,2,-21.0,-840.0
2022-03-15 19:00:00-04:00,13439.5,1,2022-03-16 01:40:00-04:00,13557.75,TP_GREEN,1,118.25,2365.0
2022-03-16 19:00:00-04:00,13955.25,1,2022-03-16 21:40:00-04:00,13923.75,SL_YELLOW,1,-31.5,-630.0
2022-03-17 19:00:00-04:00,14026.0,2,2022-03-17 21:20:00-04:00,13975.5,SL_YELLOW,2,-50.5,-2020.0
2022-03-20 19:00:00-04:00,14415.25,1,2022-03-20 21:40:00-04:00,14348.5,SL_YELLOW,1,-66.75,-1335.0
2022-03-21 19:00:00-04:00,14360.75,2,2022-03-22 04:40:00-04:00,14425.5,TP_GREEN,2,64.75,2590.0
2022-03-22 19:00:00-04:00,14656.0,1,2022-03-23 03:00:00-04:00,14644.5,SL_YELLOW,1,-11.5,-230.0
2022-03-23 19:00:00-04:00,14480.75,2,2022-03-24 03:20:00-04:00,14509.5,SL_YELLOW,2,28.75,1150.0
2022-03-24 19:00:00-04:00,14748.5,1,2022-03-25 01:20:00-04:00,14778.0,SL_YELLOW,1,29.5,590.0
2022-03-27 19:00:00-04:00,14738.75,1,2022-03-27 21:20:00-04:00,14687.75,SL_YELLOW,1,-51.0,-1020.0
2022-03-28 19:00:00-04:00,14972.75,2,2022-03-29 05:00:00-04:00,15048.75,TP_GREEN,2,76.0,3040.0
2022-03-29 19:00:00-04:00,15217.75,1,2022-03-30 03:00:00-04:00,15183.5,SL_YELLOW,1,-34.25,-685.0
2022-03-30 19:00:00-04:00,15109.75,2,2022-04-01 00:20:00-04:00,14919.0,SL_YELLOW,2,-190.75,-7630.0
2022-04-03 19:00:00-04:00,14836.25,1,2022-04-04 03:00:00-04:00,14840.0,SL_YELLOW,1,3.75,75.0
2022-04-04 19:00:00-04:00,15156.0,1,2022-04-05 02:20:00-04:00,15147.0,SL_YELLOW,1,-9.0,-180.0
2022-04-05 19:00:00-04:00,14838.0,2,2022-04-05 20:40:00-04:00,14787.75,SL_YELLOW,2,-50.25,-2010.0
2022-04-06 19:00:00-04:00,14506.75,1,2022-04-07 05:40:00-04:00,14580.75,TP_GREEN,1,74.0,1480.0
2022-04-07 19:00:00-04:00,14549.25,1,2022-04-08 04:00:00-04:00,14618.0,TP_GREEN,1,68.75,1375.0
2022-04-10 19:00:00-04:00,14357.25,1,2022-04-10 20:00:00-04:00,14264.5,SL_YELLOW,1,-92.75,-1855.0
2022-04-11 19:00:00-04:00,13999.0,2,2022-04-11 20:40:00-04:00,13937.75,SL_YELLOW,2,-61.25,-2450.0
2022-04-12 19:00:00-04:00,13974.0,1,2022-04-13 01:20:00-04:00,14078.75,TP_GREEN,1,104.75,2095.0
2022-04-13 19:00:00-04:00,14230.25,1,2022-04-14 02:40:00-04:00,14261.75,SL_YELLOW,1,31.5,630.0
2022-04-17 19:00:00-04:00,13790.25,1,2022-04-18 05:20:00-04:00,13797.25,SL_YELLOW,1,7.0,140.0
2022-04-18 19:00:00-04:00,13975.25,1,2022-04-18 20:40:00-04:00,13948.5,SL_YELLOW,1,-26.75,-535.0
2022-04-19 19:00:00-04:00,14087.25,2,2022-04-20 05:20:00-04:00,14202.25,TP_GREEN,2,115.0,4600.0
2022-04-20 19:00:00-04:00,14074.75,1,2022-04-21 02:00:00-04:00,14062.5,SL_YELLOW,1,-12.25,-245.0
2022-04-21 19:00:00-04:00,13710.5,2,2022-04-21 20:40:00-04:00,13631.0,SL_YELLOW,2,-79.5,-3180.0
2022-04-24 19:00:00-04:00,13323.0,1,2022-04-24 21:00:00-04:00,13276.5,SL_YELLOW,1,-46.5,-930.0
2022-04-25 19:00:00-04:00,13533.0,2,2022-04-26 02:00:00-04:00,13522.25,SL_YELLOW,2,-10.75,-430.0
2022-04-26 19:00:00-04:00,12976.5,1,2022-04-27 02:00:00-04:00,13091.75,TP_GREEN,1,115.25,2305.0
2022-04-27 19:00:00-04:00,13165.5,1,2022-04-28 03:00:00-04:00,13274.25,TP_GREEN,1,108.75,2175.0
2022-04-28 19:00:00-04:00,13256.25,1,2022-04-29 01:00:00-04:00,13380.5,TP_GREEN,1,124.25,2485.0
2022-05-01 19:00:00-04:00,12908.25,1,2022-05-02 03:40:00-04:00,12905.25,SL_YELLOW,1,-3.0,-60.0
2022-05-02 19:00:00-04:00,13052.25,2,2022-05-02 22:40:00-04:00,13156.0,TP_GREEN,2,103.75,4150.0
2022-05-03 19:00:00-04:00,13115.0,1,2022-05-04 03:20:00-04:00,13093.0,SL_YELLOW,1,-22.0,-440.0
2022-05-04 19:00:00-04:00,13513.5,2,2022-05-05 02:20:00-04:00,13488.75,SL_YELLOW,2,-24.75,-990.0
2022-05-05 19:00:00-04:00,12857.5,1,2022-05-05 21:00:00-04:00,12808.0,SL_YELLOW,1,-49.5,-990.0
2022-05-08 19:00:00-04:00,12615.5,2,2022-05-09 03:40:00-04:00,12535.25,SL_YELLOW,2,-80.25,-3210.0
2022-05-09 19:00:00-04:00,12223.75,1,2022-05-09 20:00:00-04:00,12116.0,SL_YELLOW,1,-107.75,-2155.0
2022-05-10 19:00:00-04:00,12352.25,2,2022-05-11 00:40:00-04:00,12451.5,TP_GREEN,2,99.25,3970.0
2022-05-11 19:00:00-04:00,11998.0,1,2022-05-12 00:20:00-04:00,11971.5,SL_YELLOW,1,-26.5,-530.0
2022-05-12 19:00:00-04:00,11961.25,2,2022-05-12 23:00:00-04:00,12104.0,TP_GREEN,2,142.75,5710.0
2022-05-15 19:00:00-04:00,12449.75,1,2022-05-15 21:20:00-04:00,12398.0,SL_YELLOW,1,-51.75,-1035.0
2022-05-16 19:00:00-04:00,12265.5,2,2022-05-17 02:40:00-04:00,12347.5,TP_GREEN,2,82.0,3280.0
2022-05-17 19:00:00-04:00,12568.5,1,2022-05-17 21:20:00-04:00,12521.25,SL_YELLOW,1,-47.25,-945.0
2022-05-18 19:00:00-04:00,11877.25,2,2022-05-19 01:20:00-04:00,11885.25,SL_YELLOW,2,8.0,320.0
2022-05-19 19:00:00-04:00,11897.25,1,2022-05-20 00:00:00-04:00,12000.5,TP_GREEN,1,103.25,2065.0
2022-05-22 19:00:00-04:00,11960.25,1,2022-05-22 22:00:00-04:00,11934.25,SL_YELLOW,1,-26.0,-520.0
2022-05-23 19:00:00-04:00,11869.25,2,2022-05-24 01:20:00-04:00,11817.0,SL_YELLOW,2,-52.25,-2090.0
2022-05-24 19:00:00-04:00,11865.0,1,2022-05-25 02:00:00-04:00,11825.0,SL_YELLOW,1,-40.0,-800.0
2022-05-25 19:00:00-04:00,11923.5,2,2022-05-25 21:40:00-04:00,11920.25,SL_YELLOW,2,-3.25,-130.0
2022-05-26 19:00:00-04:00,12280.0,1,2022-05-26 20:40:00-04:00,12245.5,SL_YELLOW,1,-34.5,-690.0
2022-05-30 19:00:00-04:00,12791.25,2,2022-05-30 20:20:00-04:00,12730.75,SL_YELLOW,2,-60.5,-2420.0
2022-05-31 19:00:00-04:00,12686.5,1,2022-06-01 00:00:00-04:00,12654.0,SL_YELLOW,1,-32.5,-650.0
2022-06-01 19:00:00-04:00,12527.75,2,2022-06-02 03:20:00-04:00,12618.25,TP_GREEN,2,90.5,3620.0
2022-06-02 19:00:00-04:00,12927.0,1,2022-06-03 03:00:00-04:00,12858.5,SL_YELLOW,1,-68.5,-1370.0
2022-06-05 19:00:00-04:00,12548.0,2,2022-06-05 23:40:00-04:00,12634.0,TP_GREEN,2,86.0,3440.0
2022-06-06 19:00:00-04:00,12591.75,1,2022-06-06 20:20:00-04:00,12556.5,SL_YELLOW,1,-35.25,-705.0
2022-06-07 19:00:00-04:00,12695.75,2,2022-06-07 23:00:00-04:00,12659.5,SL_YELLOW,2,-36.25,-1450.0
2022-06-08 19:00:00-04:00,12631.5,1,2022-06-08 21:20:00-04:00,12572.5,SL_YELLOW,1,-59.0,-1180.0
2022-06-09 19:00:00-04:00,12313.25,2,2022-06-10 03:00:00-04:00,12314.25,SL_YELLOW,2,1.0,40.0
2022-06-12 19:00:00-04:00,11692.25,1,2022-06-12 21:00:00-04:00,11635.0,SL_YELLOW,1,-57.25,-1145.0
2022-06-13 19:00:00-04:00,11360.0,2,2022-06-14 00:00:00-04:00,11484.5,TP_GREEN,2,124.5,4980.0
2022-06-14 19:00:00-04:00,11366.75,1,2022-06-15 00:40:00-04:00,11380.25,SL_YELLOW,1,13.5,270.0
2022-06-15 19:00:00-04:00,11678.25,1,2022-06-15 22:00:00-04:00,11698.75,SL_YELLOW,1,20.5,410.0
2022-06-16 19:00:00-04:00,11183.5,1,2022-06-17 02:00:00-04:00,11183.0,SL_YELLOW,1,-0.5,-10.0
2022-06-19 19:00:00-04:00,11405.5,2,2022-06-19 20:40:00-04:00,11356.75,SL_YELLOW,2,-48.75,-1950.0
2022-06-20 19:00:00-04:00,11408.5,1,2022-06-20 23:00:00-04:00,11490.5,TP_GREEN,1,82.0,1640.0
2022-06-21 19:00:00-04:00,11561.0,1,2022-06-21 20:00:00-04:00,11544.0,SL_YELLOW,1,-17.0,-340.0
2022-06-22 19:00:00-04:00,11507.5,2,2022-06-22 21:40:00-04:00,11506.5,SL_YELLOW,2,-1.0,-40.0
2022-06-23 19:00:00-04:00,11713.0,1,2022-06-23 22:40:00-04:00,11824.5,TP_GREEN,1,111.5,2230.0
2022-06-26 19:00:00-04:00,12110.5,1,2022-06-26 22:20:00-04:00,12199.5,TP_GREEN,1,89.0,1780.0
2022-06-27 19:00:00-04:00,12062.75,1,2022-06-27 22:00:00-04:00,12025.0,SL_YELLOW,1,-37.75,-755.0
2022-06-28 19:00:00-04:00,11674.25,2,2022-06-28 20:40:00-04:00,11660.25,SL_YELLOW,2,-14.0,-560.0
2022-06-29 19:00:00-04:00,11686.0,1,2022-06-29 21:00:00-04:00,11630.75,SL_YELLOW,1,-55.25,-1105.0
2022-07-03 19:00:00-04:00,11603.75,2,2022-07-03 20:40:00-04:00,11536.75,SL_YELLOW,2,-67.0,-2680.0
2022-07-04 19:00:00-04:00,11727.75,1,2022-07-04 22:20:00-04:00,11660.5,SL_YELLOW,1,-67.25,-1345.0
2022-07-05 19:00:00-04:00,11809.0,2,2022-07-05 21:40:00-04:00,11806.0,SL_YELLOW,2,-3.0,-120.0
2022-07-06 19:00:00-04:00,11885.25,1,2022-07-07 02:20:00-04:00,11905.75,SL_YELLOW,1,20.5,410.0
2022-07-07 19:00:00-04:00,12104.5,1,2022-07-07 22:40:00-04:00,12073.25,SL_YELLOW,1,-31.25,-625.0
2022-07-10 19:00:00-04:00,12108.0,2,2022-07-10 21:00:00-04:00,12088.75,SL_YELLOW,2,-19.25,-770.0
2022-07-11 19:00:00-04:00,11887.75,1,2022-07-11 20:20:00-04:00,11864.25,SL_YELLOW,1,-23.5,-470.0
2022-07-12 19:00:00-04:00,11772.75,2,2022-07-13 03:40:00-04:00,11795.5,SL_YELLOW,2,22.75,910.0
2022-07-13 19:00:00-04:00,11688.75,1,2022-07-14 01:40:00-04:00,11716.25,SL_YELLOW,1,27.5,550.0
2022-07-14 19:00:00-04:00,11832.0,1,2022-07-15 01:20:00-04:00,11812.0,SL_YELLOW,1,-20.0,-400.0
2022-07-17 19:00:00-04:00,12063.0,2,2022-07-18 03:20:00-04:00,12159.25,TP_GREEN,2,96.25,3850.0
2022-07-18 19:00:00-04:00,11919.25,1,2022-07-19 00:40:00-04:00,11908.0,SL_YELLOW,1,-11.25,-225.0
2022-07-19 19:00:00-04:00,12322.5,2,2022-07-20 01:00:00-04:00,12319.5,SL_YELLOW,2,-3.0,-120.0
2022-07-20 19:00:00-04:00,12432.5,1,2022-07-21 02:40:00-04:00,12442.0,SL_YELLOW,1,9.5,190.0
2022-07-21 19:00:00-04:00,12547.25,1,2022-07-22 03:20:00-04:00,12536.5,SL_YELLOW,1,-10.75,-215.0
2022-07-24 19:00:00-04:00,12413.75,2,2022-07-25 05:40:00-04:00,12490.25,TP_GREEN,2,76.5,3060.0
2022-07-25 19:00:00-04:00,12301.75,1,2022-07-26 04:00:00-04:00,12305.0,SL_YELLOW,1,3.25,65.0
2022-07-26 19:00:00-04:00,12258.75,1,2022-07-27 06:00:00-04:00,12287.0,SL_YELLOW,1,28.25,565.0
2022-07-27 19:00:00-04:00,12584.5,1,2022-07-29 00:00:00-04:00,12897.0,TP_GREEN,1,312.5,6250.0
2022-07-31 19:00:00-04:00,12931.75,1,2022-08-01 04:20:00-04:00,12928.0,SL_YELLOW,1,-3.75,-75.0
2022-08-01 19:00:00-04:00,12963.25,2,2022-08-01 21:20:00-04:00,12899.75,SL_YELLOW,2,-63.5,-2540.0
2022-08-02 19:00:00-04:00,12927.5,1,2022-08-03 03:00:00-04:00,12916.25,SL_YELLOW,1,-11.25,-225.0
2022-08-03 19:00:00-04:00,13236.5,2,2022-08-03 23:40:00-04:00,13236.5,SL_YELLOW,2,0.0,0.0
2022-08-04 19:00:00-04:00,13339.25,1,2022-08-05 02:40:00-04:00,13345.5,SL_YELLOW,1,6.25,125.0
2022-08-07 19:00:00-04:00,13178.0,1,2022-08-08 01:20:00-04:00,13240.5,TP_GREEN,1,62.5,1250.0
2022-08-08 19:00:00-04:00,13218.0,1,2022-08-08 21:00:00-04:00,13190.25,SL_YELLOW,1,-27.75,-555.0
2022-08-09 19:00:00-04:00,13051.25,2,2022-08-09 20:40:00-04:00,13019.5,SL_YELLOW,2,-31.75,-1270.0
2022-08-10 19:00:00-04:00,13387.5,1,2022-08-11 02:20:00-04:00,13465.25,TP_GREEN,1,77.75,1555.0
2022-08-11 19:00:00-04:00,13327.5,1,2022-08-12 03:40:00-04:00,13391.25,TP_GREEN,1,63.75,1275.0
2022-08-14 19:00:00-04:00,13559.25,1,2022-08-15 03:00:00-04:00,13521.75,SL_YELLOW,1,-37.5,-750.0
2022-08-15 19:00:00-04:00,13674.25,2,2022-08-15 21:00:00-04:00,13656.0,SL_YELLOW,2,-18.25,-730.0
2022-08-16 19:00:00-04:00,13645.25,1,2022-08-17 02:00:00-04:00,13644.5,SL_YELLOW,1,-0.75,-15.0
2022-08-17 19:00:00-04:00,13457.25,2,2022-08-18 02:20:00-04:00,13433.5,SL_YELLOW,2,-23.75,-950.0
2022-08-18 19:00:00-04:00,13523.0,1,2022-08-18 21:20:00-04:00,13495.25,SL_YELLOW,1,-27.75,-555.0
2022-08-21 19:00:00-04:00,13208.25,2,2022-08-22 00:40:00-04:00,13192.75,SL_YELLOW,2,-15.5,-620.0
2022-08-22 19:00:00-04:00,12948.0,1,2022-08-23 01:00:00-04:00,12893.25,SL_YELLOW,1,-54.75,-1095.0
2022-08-23 19:00:00-04:00,12904.75,2,2022-08-23 21:40:00-04:00,12855.0,SL_YELLOW,2,-49.75,-1990.0
2022-08-24 19:00:00-04:00,12942.25,1,2022-08-25 02:00:00-04:00,13064.0,TP_GREEN,1,121.75,2435.0
2022-08-25 19:00:00-04:00,13152.25,1,2022-08-26 01:20:00-04:00,13126.25,SL_YELLOW,1,-26.0,-520.0
2022-08-28 19:00:00-04:00,12476.5,2,2022-08-29 01:40:00-04:00,12439.5,SL_YELLOW,2,-37.0,-1480.0
2022-08-29 19:00:00-04:00,12501.5,1,2022-08-30 03:20:00-04:00,12593.75,TP_GREEN,1,92.25,1845.0
2022-08-30 19:00:00-04:00,12362.5,1,2022-08-31 00:20:00-04:00,12459.75,TP_GREEN,1,97.25,1945.0
2022-08-31 19:00:00-04:00,12198.75,1,2022-09-01 02:00:00-04:00,12125.75,SL_YELLOW,1,-73.0,-1460.0
2022-09-01 19:00:00-04:00,12286.5,2,2022-09-02 01:20:00-04:00,12268.75,SL_YELLOW,2,-17.75,-710.0
2022-09-04 19:00:00-04:00,12084.0,1,2022-09-05 01:40:00-04:00,12083.0,SL_YELLOW,1,-1.0,-20.0
2022-09-05 19:00:00-04:00,12156.0,2,2022-09-05 21:40:00-04:00,12187.25,SL_YELLOW,2,31.25,1250.0
2022-09-06 19:00:00-04:00,12009.0,1,2022-09-06 20:00:00-04:00,11956.5,SL_YELLOW,1,-52.5,-1050.0
2022-09-07 19:00:00-04:00,12274.75,2,2022-09-08 00:40:00-04:00,12358.25,TP_GREEN,2,83.5,3340.0
2022-09-08 19:00:00-04:00,12423.75,1,2022-09-09 02:00:00-04:00,12451.25,SL_YELLOW,1,27.5,550.0
2022-09-11 19:00:00-04:00,12704.75,1,2022-09-11 21:00:00-04:00,12671.5,SL_YELLOW,1,-33.25,-665.0
2022-09-12 19:00:00-04:00,12848.5,2,2022-09-13 03:00:00-04:00,12855.0,SL_YELLOW,2,6.5,260.0
2022-09-13 19:00:00-04:00,12123.25,1,2022-09-13 20:20:00-04:00,12096.75,SL_YELLOW,1,-26.5,-530.0
2022-09-14 19:00:00-04:00,12250.0,2,2022-09-15 01:40:00-04:00,12209.25,SL_YELLOW,2,-40.75,-1630.0
2022-09-15 19:00:00-04:00,11910.5,1,2022-09-16 03:20:00-04:00,11882.25,SL_YELLOW,1,-28.25,-565.0
2022-09-18 19:00:00-04:00,11931.5,2,2022-09-18 22:00:00-04:00,11889.25,SL_YELLOW,2,-42.25,-1690.0
2022-09-19 19:00:00-04:00,12054.5,1,2022-09-19 21:00:00-04:00,12039.75,SL_YELLOW,1,-14.75,-295.0
2022-09-20 19:00:00-04:00,11914.5,2,2022-09-21 01:40:00-04:00,11916.75,SL_YELLOW,2,2.25,90.0
2022-09-21 19:00:00-04:00,11616.25,1,2022-09-22 03:40:00-04:00,11713.0,TP_GREEN,1,96.75,1935.0
2022-09-22 19:00:00-04:00,11575.5,1,2022-09-22 22:20:00-04:00,11539.0,SL_YELLOW,1,-36.5,-730.0
2022-09-26 19:00:00-04:00,11342.0,2,2022-09-27 02:00:00-04:00,11443.0,TP_GREEN,2,101.0,4040.0
2022-09-27 19:00:00-04:00,11362.5,1,2022-09-27 21:20:00-04:00,11293.25,SL_YELLOW,1,-69.25,-1385.0
2022-09-28 19:00:00-04:00,11540.25,2,2022-09-28 22:20:00-04:00,11507.75,SL_YELLOW,2,-32.5,-1300.0
2022-09-29 19:00:00-04:00,11249.25,1,2022-09-29 20:20:00-04:00,11217.0,SL_YELLOW,1,-32.25,-645.0
2022-10-02 19:00:00-04:00,11012.5,2,2022-10-02 19:40:00-04:00,10935.75,SL_YELLOW,2,-76.75,-3070.0
2022-10-03 19:00:00-04:00,11321.25,1,2022-10-03 22:00:00-04:00,11336.75,SL_YELLOW,1,15.5,310.0
2022-10-04 19:00:00-04:00,11623.0,1,2022-10-04 21:20:00-04:00,11578.0,SL_YELLOW,1,-45.0,-900.0
2022-10-05 19:00:00-04:00,11656.5,2,2022-10-06 02:00:00-04:00,11666.0,SL_YELLOW,2,9.5,380.0
2022-10-06 19:00:00-04:00,11506.5,1,2022-10-07 00:20:00-04:00,11515.25,SL_YELLOW,1,8.75,175.0
2022-10-09 19:00:00-04:00,11028.75,1,2022-10-10 02:40:00-04:00,11020.5,SL_YELLOW,1,-8.25,-165.0
2022-10-10 19:00:00-04:00,11026.0,2,2022-10-10 21:40:00-04:00,10957.0,SL_YELLOW,2,-69.0,-2760.0
2022-10-11 19:00:00-04:00,10862.5,1,2022-10-12 02:20:00-04:00,10966.0,TP_GREEN,1,103.5,2070.0
2022-10-12 19:00:00-04:00,10859.25,1,2022-10-12 22:00:00-04:00,10836.25,SL_YELLOW,1,-23.0,-460.0
2022-10-13 19:00:00-04:00,11080.0,2,2022-10-14 02:20:00-04:00,11164.5,TP_GREEN,2,84.5,3380.0
2022-10-16 19:00:00-04:00,10788.5,1,2022-10-17 03:00:00-04:00,10839.0,TP_GREEN,1,50.5,1010.0
2022-10-18 19:00:00-04:00,11371.75,1,2022-10-19 00:20:00-04:00,11313.5,SL_YELLOW,1,-58.25,-1165.0
2022-10-19 19:00:00-04:00,11086.0,2,2022-10-19 21:00:00-04:00,11034.75,SL_YELLOW,2,-51.25,-2050.0
2022-10-20 19:00:00-04:00,11002.75,1,2022-10-21 00:00:00-04:00,11018.75,SL_YELLOW,1,16.0,320.0
2022-10-23 19:00:00-04:00,11483.25,1,2022-10-23 21:00:00-04:00,11416.0,SL_YELLOW,1,-67.25,-1345.0
2022-10-24 19:00:00-04:00,11484.0,2,2022-10-24 21:00:00-04:00,11446.75,SL_YELLOW,2,-37.25,-1490.0
2022-10-25 19:00:00-04:00,11462.75,1,2022-10-26 04:00:00-04:00,11532.0,TP_GREEN,1,69.25,1385.0
2022-10-26 19:00:00-04:00,11474.25,1,2022-10-28 00:00:00-04:00,11156.0,SL_YELLOW,1,-318.25,-6365.0
2022-10-30 19:00:00-04:00,11575.5,2,2022-10-30 20:20:00-04:00,11532.5,SL_YELLOW,2,-43.0,-1720.0
2022-11-01 19:00:00-04:00,11344.5,1,2022-11-02 02:40:00-04:00,11356.0,SL_YELLOW,1,11.5,230.0
2022-11-02 19:00:00-04:00,10914.5,1,2022-11-03 03:20:00-04:00,10932.5,SL_YELLOW,1,18.0,360.0
2022-11-03 19:00:00-04:00,10712.0,1,2022-11-04 02:20:00-04:00,10811.5,TP_GREEN,1,99.5,1990.0
2022-11-06 19:00:00-05:00,10826.5,1,2022-11-07 02:20:00-05:00,10823.5,SL_YELLOW,1,-3.0,-60.0
2022-11-07 19:00:00-05:00,11025.0,2,2022-11-07 21:40:00-05:00,11017.5,SL_YELLOW,2,-7.5,-300.0
2022-11-08 19:00:00-05:00,11104.25,1,2022-11-08 22:00:00-05:00,11104.0,SL_YELLOW,1,-0.25,-5.0
2022-11-09 19:00:00-05:00,10853.75,2,2022-11-10 02:20:00-05:00,10845.0,SL_YELLOW,2,-8.75,-350.0
2022-11-10 19:00:00-05:00,11648.5,1,2022-11-11 01:00:00-05:00,11719.0,TP_GREEN,1,70.5,1410.0
2022-11-13 19:00:00-05:00,11802.0,1,2022-11-14 00:20:00-05:00,11769.0,SL_YELLOW,1,-33.0,-660.0
2022-11-14 19:00:00-05:00,11768.75,2,2022-11-15 02:20:00-05:00,11848.75,TP_GREEN,2,80.0,3200.0
2022-11-15 19:00:00-05:00,11873.25,1,2022-11-16 02:40:00-05:00,11956.75,TP_GREEN,1,83.5,1670.0
2022-11-16 19:00:00-05:00,11784.5,1,2022-11-16 21:20:00-05:00,11744.75,SL_YELLOW,1,-39.75,-795.0
2022-11-17 19:00:00-05:00,11726.0,2,2022-11-18 01:00:00-05:00,11709.25,SL_YELLOW,2,-16.75,-670.0
2022-11-18 19:00:00-05:00,11711.0,1,2022-11-21 01:20:00-05:00,11675.75,SL_YELLOW,1,-35.25,-705.0
2022-11-21 19:00:00-05:00,11610.5,2,2022-11-22 00:20:00-05:00,11585.0,SL_YELLOW,2,-25.5,-1020.0
2022-11-22 19:00:00-05:00,11747.25,1,2022-11-23 06:00:00-05:00,11752.5,SL_YELLOW,1,5.25,105.0
2022-11-23 19:00:00-05:00,11893.75,1,2022-11-24 07:20:00-05:00,11908.25,SL_YELLOW,1,14.5,290.0
2022-11-24 19:00:00-05:00,11904.75,1,2022-11-25 01:00:00-05:00,11903.75,SL_YELLOW,1,-1.0,-20.0
2022-11-27 19:00:00-05:00,11718.25,2,2022-11-27 20:00:00-05:00,11684.25,SL_YELLOW,2,-34.0,-1360.0
2022-11-28 19:00:00-05:00,11619.75,1,2022-11-29 03:20:00-05:00,11693.75,TP_GREEN,1,74.0,1480.0
2022-11-29 19:00:00-05:00,11508.5,1,2022-11-30 08:00:00-05:00,11575.75,TP_GREEN,1,67.25,1345.0
2022-11-30 19:00:00-05:00,12070.25,1,2022-12-01 02:40:00-05:00,12045.5,SL_YELLOW,1,-24.75,-495.0
2022-12-01 19:00:00-05:00,12011.0,2,2022-12-02 08:00:00-05:00,12045.25,TP_GREEN,2,34.25,1370.0
2022-12-04 19:00:00-05:00,11996.0,1,2022-12-05 02:00:00-05:00,11971.0,SL_YELLOW,1,-25.0,-500.0
2022-12-05 19:00:00-05:00,11827.75,2,2022-12-05 23:20:00-05:00,11811.0,SL_YELLOW,2,-16.75,-670.0
2022-12-06 19:00:00-05:00,11584.75,1,2022-12-07 01:00:00-05:00,11563.5,SL_YELLOW,1,-21.25,-425.0
2022-12-07 19:00:00-05:00,11492.75,2,2022-12-07 20:00:00-05:00,11446.0,SL_YELLOW,2,-46.75,-1870.0
2022-12-08 19:00:00-05:00,11636.25,1,2022-12-09 02:20:00-05:00,11711.25,TP_GREEN,1,75.0,1500.0
2022-12-12 19:00:00-05:00,11830.0,1,2022-12-12 22:40:00-05:00,11802.0,SL_YELLOW,1,-28.0,-560.0
2022-12-13 19:00:00-05:00,11965.5,2,2022-12-14 02:20:00-05:00,11976.75,SL_YELLOW,2,11.25,450.0
2022-12-14 19:00:00-05:00,11882.25,1,2022-12-15 02:00:00-05:00,11827.25,SL_YELLOW,1,-55.0,-1100.0
2022-12-15 19:00:00-05:00,11465.75,2,2022-12-15 23:20:00-05:00,11456.5,SL_YELLOW,2,-9.25,-370.0
2022-12-19 19:00:00-05:00,11209.75,1,2022-12-19 22:00:00-05:00,11110.25,SL_YELLOW,1,-99.5,-1990.0
2022-12-20 19:00:00-05:00,11212.75,2,2022-12-20 23:00:00-05:00,11217.0,SL_YELLOW,2,4.25,170.0
2022-12-21 19:00:00-05:00,11345.0,1,2022-12-26 18:40:00-05:00,11154.75,SL_YELLOW,1,-190.25,-3805.0
2022-12-26 19:00:00-05:00,11156.5,2,2022-12-27 02:00:00-05:00,11149.75,SL_YELLOW,2,-6.75,-270.0
2022-12-27 19:00:00-05:00,10911.25,1,2022-12-28 03:40:00-05:00,10930.75,SL_YELLOW,1,19.5,390.0
2022-12-28 19:00:00-05:00,10786.75,1,2022-12-29 05:40:00-05:00,10846.5,TP_GREEN,1,59.75,1195.0
2022-12-29 19:00:00-05:00,11016.75,1,2022-12-30 00:20:00-05:00,11006.5,SL_YELLOW,1,-10.25,-205.0
2023-01-02 19:00:00-05:00,11020.75,2,2023-01-02 20:00:00-05:00,10977.0,SL_YELLOW,2,-43.75,-1750.0
2023-01-03 19:00:00-05:00,10950.0,1,2023-01-04 03:20:00-05:00,11038.25,TP_GREEN,1,88.25,1765.0
2023-01-04 19:00:00-05:00,10995.25,1,2023-01-04 21:00:00-05:00,10946.0,SL_YELLOW,1,-49.25,-985.0
2023-01-05 19:00:00-05:00,10842.75,2,2023-01-06 00:20:00-05:00,10852.75,SL_YELLOW,2,10.0,400.0
2023-01-08 19:00:00-05:00,11125.25,1,2023-01-09 02:20:00-05:00,11139.0,SL_YELLOW,1,13.75,275.0
2023-01-09 19:00:00-05:00,11155.25,1,2023-01-09 21:20:00-05:00,11128.75,SL_YELLOW,1,-26.5,-530.0
2023-01-10 19:00:00-05:00,11296.5,2,2023-01-11 02:00:00-05:00,11244.0,SL_YELLOW,2,-52.5,-2100.0
2023-01-11 19:00:00-05:00,11470.0,1,2023-01-12 02:00:00-05:00,11463.75,SL_YELLOW,1,-6.25,-125.0
2023-01-12 19:00:00-05:00,11533.25,2,2023-01-12 21:00:00-05:00,11472.75,SL_YELLOW,2,-60.5,-2420.0
2023-01-15 19:00:00-05:00,11590.5,1,2023-01-16 00:40:00-05:00,11604.5,SL_YELLOW,1,14.0,280.0
2023-01-16 19:00:00-05:00,11593.5,1,2023-01-16 20:40:00-05:00,11558.0,SL_YELLOW,1,-35.5,-710.0
2023-01-17 19:00:00-05:00,11590.0,2,2023-01-17 21:40:00-05:00,11643.5,TP_GREEN,2,53.5,2140.0
2023-01-18 19:00:00-05:00,11473.0,1,2023-01-19 02:00:00-05:00,11443.0,SL_YELLOW,1,-30.0,-600.0
2023-01-19 19:00:00-05:00,11396.5,2,2023-01-20 03:00:00-05:00,11407.75,SL_YELLOW,2,11.25,450.0
2023-01-22 19:00:00-05:00,11657.25,1,2023-01-23 03:20:00-05:00,11667.75,SL_YELLOW,1,10.5,210.0
2023-01-23 19:00:00-05:00,11918.25,1,2023-01-24 01:40:00-05:00,11924.0,SL_YELLOW,1,5.75,115.0
2023-01-24 19:00:00-05:00,11843.25,1,2023-01-25 04:00:00-05:00,11815.75,SL_YELLOW,1,-27.5,-550.0
2023-01-25 19:00:00-05:00,11920.25,2,2023-01-26 04:20:00-05:00,11920.75,SL_YELLOW,2,0.5,20.0
2023-01-26 19:00:00-05:00,12049.75,1,2023-01-27 07:20:00-05:00,12037.75,SL_YELLOW,1,-12.0,-240.0
2023-01-30 19:00:00-05:00,11985.0,2,2023-01-30 22:20:00-05:00,11934.75,SL_YELLOW,2,-50.25,-2010.0
2023-01-31 19:00:00-05:00,12095.75,1,2023-02-01 05:00:00-05:00,12109.75,SL_YELLOW,1,14.0,280.0
2023-02-01 19:00:00-05:00,12519.0,1,2023-02-02 03:40:00-05:00,12601.0,TP_GREEN,1,82.0,1640.0
2023-02-02 19:00:00-05:00,12678.75,1,2023-02-03 02:20:00-05:00,12610.0,SL_YELLOW,1,-68.75,-1375.0
2023-02-05 19:00:00-05:00,12574.5,2,2023-02-06 00:20:00-05:00,12546.75,SL_YELLOW,2,-27.75,-1110.0
2023-02-06 19:00:00-05:00,12543.5,1,2023-02-06 23:40:00-05:00,12530.5,SL_YELLOW,1,-13.0,-260.0
2023-02-07 19:00:00-05:00,12748.25,2,2023-02-08 02:00:00-05:00,12768.75,SL_YELLOW,2,20.5,820.0
2023-02-08 19:00:00-05:00,12574.5,1,2023-02-09 03:20:00-05:00,12665.75,TP_GREEN,1,91.25,1825.0
2023-02-09 19:00:00-05:00,12423.5,1,2023-02-10 04:00:00-05:00,12392.5,SL_YELLOW,1,-31.0,-620.0
2023-02-13 19:00:00-05:00,12531.5,2,2023-02-14 03:00:00-05:00,12532.25,SL_YELLOW,2,0.75,30.0
2023-02-14 19:00:00-05:00,12595.5,1,2023-02-14 21:00:00-05:00,12553.75,SL_YELLOW,1,-41.75,-835.0
2023-02-15 19:00:00-05:00,12759.0,2,2023-02-16 01:20:00-05:00,12753.25,SL_YELLOW,2,-5.75,-230.0
2023-02-16 19:00:00-05:00,12430.0,1,2023-02-17 00:00:00-05:00,12405.5,SL_YELLOW,1,-24.5,-490.0
2023-02-21 19:00:00-05:00,12113.5,2,2023-02-22 01:20:00-05:00,12115.25,SL_YELLOW,2,1.75,70.0
2023-02-22 19:00:00-05:00,12173.5,1,2023-02-23 04:20:00-05:00,12178.0,SL_YELLOW,1,4.5,90.0
2023-02-23 19:00:00-05:00,12181.25,1,2023-02-24 02:00:00-05:00,12161.5,SL_YELLOW,1,-19.75,-395.0
2023-02-26 19:00:00-05:00,12013.5,2,2023-02-27 00:20:00-05:00,12014.75,SL_YELLOW,2,1.25,50.0
2023-02-27 19:00:00-05:00,12101.75,1,2023-02-28 00:00:00-05:00,12097.5,SL_YELLOW,1,-4.25,-85.0
2023-02-28 19:00:00-05:00,12002.75,2,2023-03-01 01:00:00-05:00,12085.0,TP_GREEN,2,82.25,3290.0
2023-03-01 19:00:00-05:00,11983.0,1,2023-03-01 19:40:00-05:00,11946.5,SL_YELLOW,1,-36.5,-730.0
2023-03-02 19:00:00-05:00,12043.25,2,2023-03-03 02:20:00-05:00,12027.25,SL_YELLOW,2,-16.0,-640.0
2023-03-06 19:00:00-05:00,12329.25,1,2023-03-07 01:20:00-05:00,12344.75,SL_YELLOW,1,15.5,310.0
2023-03-07 19:00:00-05:00,12162.25,1,2023-03-07 22:40:00-05:00,12144.25,SL_YELLOW,1,-18.0,-360.0
2023-03-08 19:00:00-05:00,12219.0,2,2023-03-09 02:00:00-05:00,12189.75,SL_YELLOW,2,-29.25,-1170.0
2023-03-09 19:00:00-05:00,11985.0,1,2023-03-09 21:00:00-05:00,11929.25,SL_YELLOW,1,-55.75,-1115.0
2023-03-13 19:00:00-04:00,12092.5,2,2023-03-14 02:00:00-04:00,12065.75,SL_YELLOW,2,-26.75,-1070.0
2023-03-14 19:00:00-04:00,12329.5,1,2023-03-15 01:20:00-04:00,12325.0,SL_YELLOW,1,-4.5,-90.0
2023-03-15 19:00:00-04:00,12420.5,2,2023-03-16 02:40:00-04:00,12403.5,SL_YELLOW,2,-17.0,-680.0
2023-03-16 19:00:00-04:00,12728.25,1,2023-03-17 04:40:00-04:00,12723.75,SL_YELLOW,1,-4.5,-90.0
2023-03-19 19:00:00-04:00,12693.25,2,2023-03-19 23:40:00-04:00,12669.5,SL_YELLOW,2,-23.75,-950.0
2023-03-20 19:00:00-04:00,12688.25,1,2023-03-21 05:20:00-04:00,12704.75,SL_YELLOW,1,16.5,330.0
2023-03-21 19:00:00-04:00,12867.5,1,2023-03-22 03:00:00-04:00,12860.0,SL_YELLOW,1,-7.5,-150.0
2023-03-22 19:00:00-04:00,12723.5,2,2023-03-23 02:40:00-04:00,12794.25,TP_GREEN,2,70.75,2830.0
2023-03-23 19:00:00-04:00,12857.0,1,2023-03-24 04:00:00-04:00,12863.75,SL_YELLOW,1,6.75,135.0
2023-03-26 19:00:00-04:00,12937.25,1,2023-03-27 03:00:00-04:00,12920.75,SL_YELLOW,1,-16.5,-330.0
2023-03-27 19:00:00-04:00,12815.5,2,2023-03-28 03:00:00-04:00,12801.5,SL_YELLOW,2,-14.0,-560.0
2023-03-28 19:00:00-04:00,12746.0,1,2023-03-29 02:20:00-04:00,12813.0,TP_GREEN,1,67.0,1340.0
2023-03-29 19:00:00-04:00,12957.25,1,2023-03-30 06:00:00-04:00,13013.25,TP_GREEN,1,56.0,1120.0
2023-03-30 19:00:00-04:00,13090.0,1,2023-03-31 01:00:00-04:00,13117.5,SL_YELLOW,1,27.5,550.0
2023-04-02 19:00:00-04:00,13258.5,1,2023-04-02 20:00:00-04:00,13206.75,SL_YELLOW,1,-51.75,-1035.0
2023-04-03 19:00:00-04:00,13253.25,2,2023-04-03 22:00:00-04:00,13228.0,SL_YELLOW,2,-25.25,-1010.0
2023-04-04 19:00:00-04:00,13233.5,1,2023-04-05 00:20:00-04:00,13215.25,SL_YELLOW,1,-18.25,-365.0
2023-04-05 19:00:00-04:00,13063.5,2,2023-04-05 21:00:00-04:00,13026.0,SL_YELLOW,2,-37.5,-1500.0
2023-04-06 19:00:00-04:00,13155.5,1,2023-04-07 03:20:00-04:00,13158.25,SL_YELLOW,1,2.75,55.0
2023-04-09 19:00:00-04:00,13153.25,1,2023-04-09 22:20:00-04:00,13135.0,SL_YELLOW,1,-18.25,-365.0
2023-04-10 19:00:00-04:00,13170.75,2,2023-04-10 20:20:00-04:00,13155.75,SL_YELLOW,2,-15.0,-600.0
2023-04-11 19:00:00-04:00,13086.5,1,2023-04-11 21:20:00-04:00,13070.0,SL_YELLOW,1,-16.5,-330.0
2023-04-12 19:00:00-04:00,12940.5,2,2023-04-13 04:00:00-04:00,12974.25,SL_YELLOW,2,33.75,1350.0
2023-04-13 19:00:00-04:00,13195.5,1,2023-04-14 02:40:00-04:00,13187.0,SL_YELLOW,1,-8.5,-170.0
2023-04-16 19:00:00-04:00,13178.5,2,2023-04-17 04:20:00-04:00,13186.75,SL_YELLOW,2,8.25,330.0
2023-04-17 19:00:00-04:00,13181.75,1,2023-04-18 04:40:00-04:00,13243.0,TP_GREEN,1,61.25,1225.0
2023-04-18 19:00:00-04:00,13179.0,1,2023-04-19 00:40:00-04:00,13164.0,SL_YELLOW,1,-15.0,-300.0
2023-04-19 19:00:00-04:00,13137.5,2,2023-04-20 01:20:00-04:00,13116.0,SL_YELLOW,2,-21.5,-860.0
2023-04-20 19:00:00-04:00,13088.5,1,2023-04-21 02:20:00-04:00,13066.0,SL_YELLOW,1,-22.5,-450.0
2023-04-23 19:00:00-04:00,13072.75,2,2023-04-24 00:40:00-04:00,13044.0,SL_YELLOW,2,-28.75,-1150.0
2023-04-24 19:00:00-04:00,13045.25,1,2023-04-24 21:40:00-04:00,13030.25,SL_YELLOW,1,-15.0,-300.0
2023-04-25 19:00:00-04:00,12958.0,2,2023-04-26 03:00:00-04:00,12962.5,SL_YELLOW,2,4.5,180.0
2023-04-26 19:00:00-04:00,12950.0,1,2023-04-27 04:20:00-04:00,12990.5,SL_YELLOW,1,40.5,810.0
2023-04-27 19:00:00-04:00,13207.25,1,2023-04-28 02:00:00-04:00,13210.5,SL_YELLOW,1,3.25,65.0
2023-04-30 19:00:00-04:00,13319.0,1,2023-05-01 04:00:00-04:00,13304.0,SL_YELLOW,1,-15.0,-300.0
2023-05-01 19:00:00-04:00,13292.0,2,2023-05-02 03:20:00-04:00,13307.0,SL_YELLOW,2,15.0,600.0
2023-05-02 19:00:00-04:00,13170.5,1,2023-05-03 03:40:00-04:00,13188.75,SL_YELLOW,1,18.25,365.0
2023-05-03 19:00:00-04:00,13094.25,1,2023-05-04 02:00:00-04:00,13135.25,SL_YELLOW,1,41.0,820.0
2023-05-04 19:00:00-04:00,13081.0,1,2023-05-05 07:20:00-04:00,13132.75,TP_GREEN,1,51.75,1035.0
2023-05-07 19:00:00-04:00,13322.75,1,2023-05-08 04:00:00-04:00,13302.0,SL_YELLOW,1,-20.75,-415.0
2023-05-08 19:00:00-04:00,13333.25,2,2023-05-09 02:00:00-04:00,13329.25,SL_YELLOW,2,-4.0,-160.0
2023-05-09 19:00:00-04:00,13269.5,1,2023-05-10 01:20:00-04:00,13265.25,SL_YELLOW,1,-4.25,-85.0
2023-05-10 19:00:00-04:00,13406.5,2,2023-05-11 06:40:00-04:00,13436.75,SL_YELLOW,2,30.25,1210.0
2023-05-11 19:00:00-04:00,13461.5,1,2023-05-12 02:00:00-04:00,13472.5,SL_YELLOW,1,11.0,220.0
2023-05-14 19:00:00-04:00,13363.25,1,2023-05-15 02:40:00-04:00,13431.5,TP_GREEN,1,68.25,1365.0
2023-05-15 19:00:00-04:00,13461.25,1,2023-05-16 02:00:00-04:00,13448.25,SL_YELLOW,1,-13.0,-260.0
2023-05-16 19:00:00-04:00,13499.25,2,2023-05-17 01:20:00-04:00,13505.0,SL_YELLOW,2,5.75,230.0
2023-05-17 19:00:00-04:00,13637.5,1,2023-05-18 02:40:00-04:00,13634.0,SL_YELLOW,1,-3.5,-70.0
2023-05-18 19:00:00-04:00,13937.25,2,2023-05-19 01:40:00-04:00,13912.25,SL_YELLOW,2,-25.0,-1000.0
2023-05-21 19:00:00-04:00,13845.0,1,2023-05-22 04:00:00-04:00,13860.5,SL_YELLOW,1,15.5,310.0
2023-05-22 19:00:00-04:00,13933.5,1,2023-05-22 23:00:00-04:00,13939.5,SL_YELLOW,1,6.0,120.0
2023-05-23 19:00:00-04:00,13745.0,1,2023-05-24 01:40:00-04:00,13733.5,SL_YELLOW,1,-11.5,-230.0
2023-05-24 19:00:00-04:00,13843.0,2,2023-05-25 03:20:00-04:00,13843.25,SL_YELLOW,2,0.25,10.0
2023-05-25 19:00:00-04:00,13966.25,1,2023-05-26 03:20:00-04:00,13953.25,SL_YELLOW,1,-13.0,-260.0
2023-05-30 19:00:00-04:00,14420.75,2,2023-05-30 22:00:00-04:00,14381.5,SL_YELLOW,2,-39.25,-1570.0
2023-05-31 19:00:00-04:00,14296.75,1,2023-05-31 21:40:00-04:00,14278.75,SL_YELLOW,1,-18.0,-360.0
2023-06-01 19:00:00-04:00,14488.0,2,2023-06-02 05:00:00-04:00,14562.0,TP_GREEN,2,74.0,2960.0
2023-06-04 19:00:00-04:00,14537.5,1,2023-06-05 04:00:00-04:00,14544.5,SL_YELLOW,1,7.0,140.0
2023-06-05 19:00:00-04:00,14573.0,1,2023-06-06 02:40:00-04:00,14572.25,SL_YELLOW,1,-0.75,-15.0
2023-06-06 19:00:00-04:00,14587.5,2,2023-06-06 22:00:00-04:00,14571.5,SL_YELLOW,2,-16.0,-640.0
2023-06-07 19:00:00-04:00,14319.75,1,2023-06-08 00:00:00-04:00,14292.25,SL_YELLOW,1,-27.5,-550.0
2023-06-08 19:00:00-04:00,14505.0,2,2023-06-09 03:00:00-04:00,14479.25,SL_YELLOW,2,-25.75,-1030.0
2023-06-11 19:00:00-04:00,14599.25,1,2023-06-12 00:00:00-04:00,14755.75,TP_GREEN,1,156.5,3130.0
2023-06-12 19:00:00-04:00,15021.0,1,2023-06-13 05:20:00-04:00,15053.25,SL_YELLOW,1,32.25,645.0
2023-06-13 19:00:00-04:00,15109.0,1,2023-06-14 06:00:00-04:00,15121.0,SL_YELLOW,1,12.0,240.0
2023-06-14 19:00:00-04:00,15217.5,1,2023-06-14 21:40:00-04:00,15174.25,SL_YELLOW,1,-43.25,-865.0
2023-06-15 19:00:00-04:00,15358.75,2,2023-06-15 22:00:00-04:00,15319.5,SL_YELLOW,2,-39.25,-1570.0
2023-06-19 19:00:00-04:00,15238.25,1,2023-06-19 21:40:00-04:00,15235.0,SL_YELLOW,1,-3.25,-65.0
2023-06-20 19:00:00-04:00,15246.0,2,2023-06-21 01:20:00-04:00,15248.0,SL_YELLOW,2,2.0,80.0
2023-06-21 19:00:00-04:00,15042.5,1,2023-06-21 21:20:00-04:00,15025.0,SL_YELLOW,1,-17.5,-350.0
2023-06-22 19:00:00-04:00,15226.5,2,2023-06-22 21:20:00-04:00,15187.25,SL_YELLOW,2,-39.25,-1570.0
2023-06-25 19:00:00-04:00,15098.0,1,2023-06-26 01:00:00-04:00,15087.25,SL_YELLOW,1,-10.75,-215.0
2023-06-26 19:00:00-04:00,14891.25,2,2023-06-27 07:40:00-04:00,14903.5,SL_YELLOW,2,12.25,490.0
2023-06-27 19:00:00-04:00,15047.0,1,2023-06-28 04:20:00-04:00,15030.25,SL_YELLOW,1,-16.75,-335.0
2023-06-28 19:00:00-04:00,15179.0,2,2023-06-28 23:20:00-04:00,15144.0,SL_YELLOW,2,-35.0,-1400.0
2023-06-29 19:00:00-04:00,15109.75,1,2023-06-30 02:40:00-04:00,15126.75,SL_YELLOW,1,17.0,340.0
2023-07-02 19:00:00-04:00,15347.0,1,2023-07-03 02:00:00-04:00,15342.75,SL_YELLOW,1,-4.25,-85.0
2023-07-03 19:00:00-04:00,15342.0,2,2023-07-04 02:20:00-04:00,15341.0,SL_YELLOW,2,-1.0,-40.0
2023-07-04 19:00:00-04:00,15338.75,1,2023-07-04 23:00:00-04:00,15342.25,SL_YELLOW,1,3.5,70.0
2023-07-05 19:00:00-04:00,15358.25,1,2023-07-05 20:40:00-04:00,15334.25,SL_YELLOW,1,-24.0,-480.0
2023-07-06 19:00:00-04:00,15230.75,2,2023-07-07 02:20:00-04:00,15215.5,SL_YELLOW,2,-15.25,-610.0
2023-07-09 19:00:00-04:00,15189.5,1,2023-07-09 20:20:00-04:00,15151.0,SL_YELLOW,1,-38.5,-770.0
2023-07-10 19:00:00-04:00,15181.75,2,2023-07-11 03:40:00-04:00,15203.0,SL_YELLOW,2,21.25,850.0
2023-07-11 19:00:00-04:00,15274.75,1,2023-07-12 08:00:00-04:00,15314.75,FORCE_CLOSE,1,40.0,800.0
2023-07-12 19:00:00-04:00,15469.75,1,2023-07-13 04:20:00-04:00,15536.25,TP_GREEN,1,66.5,1330.0
2023-07-13 19:00:00-04:00,15716.0,1,2023-07-13 20:20:00-04:00,15690.5,SL_YELLOW,1,-25.5,-510.0
2023-07-16 19:00:00-04:00,15670.0,2,2023-07-17 05:20:00-04:00,15706.25,SL_YELLOW,2,36.25,1450.0
2023-07-17 19:00:00-04:00,15819.25,1,2023-07-18 06:20:00-04:00,15818.0,SL_YELLOW,1,-1.25,-25.0
2023-07-18 19:00:00-04:00,15966.25,2,2023-07-19 08:00:00-04:00,16003.75,FORCE_CLOSE,2,37.5,1500.0
2023-07-19 19:00:00-04:00,15850.25,1,2023-07-20 02:00:00-04:00,15876.0,SL_YELLOW,1,25.75,515.0
2023-07-20 19:00:00-04:00,15587.75,1,2023-07-21 04:20:00-04:00,15658.5,TP_GREEN,1,70.75,1415.0
2023-07-23 19:00:00-04:00,15550.0,1,2023-07-24 02:40:00-04:00,15535.0,SL_YELLOW,1,-15.0,-300.0
2023-07-24 19:00:00-04:00,15563.0,2,2023-07-25 04:40:00-04:00,15621.25,TP_GREEN,2,58.25,2330.0
2023-07-25 19:00:00-04:00,15630.5,1,2023-07-26 04:20:00-04:00,15654.5,SL_YELLOW,1,24.0,480.0
2023-07-26 19:00:00-04:00,15648.75,1,2023-07-27 02:00:00-04:00,15717.5,TP_GREEN,1,68.75,1375.0
2023-07-27 19:00:00-04:00,15586.25,1,2023-07-27 23:40:00-04:00,15616.25,SL_YELLOW,1,30.0,600.0
2023-07-30 19:00:00-04:00,15896.5,1,2023-07-30 20:40:00-04:00,15855.75,SL_YELLOW,1,-40.75,-815.0
2023-07-31 19:00:00-04:00,15856.25,2,2023-08-01 02:00:00-04:00,15852.25,SL_YELLOW,2,-4.0,-160.0
2023-08-01 19:00:00-04:00,15750.25,1,2023-08-01 22:20:00-04:00,15736.25,SL_YELLOW,1,-14.0,-280.0
2023-08-02 19:00:00-04:00,15492.0,2,2023-08-02 22:20:00-04:00,15460.25,SL_YELLOW,2,-31.75,-1270.0
2023-08-03 19:00:00-04:00,15484.75,1,2023-08-04 03:00:00-04:00,15505.0,SL_YELLOW,1,20.25,405.0
2023-08-06 19:00:00-04:00,15395.5,1,2023-08-07 02:20:00-04:00,15406.5,SL_YELLOW,1,11.0,220.0
2023-08-07 19:00:00-04:00,15484.0,1,2023-08-07 21:00:00-04:00,15457.0,SL_YELLOW,1,-27.0,-540.0
2023-08-08 19:00:00-04:00,15351.5,2,2023-08-09 03:00:00-04:00,15394.75,TP_GREEN,2,43.25,1730.0
2023-08-09 19:00:00-04:00,15207.5,1,2023-08-10 03:00:00-04:00,15284.25,TP_GREEN,1,76.75,1535.0
2023-08-10 19:00:00-04:00,15232.0,1,2023-08-10 22:20:00-04:00,15225.75,SL_YELLOW,1,-6.25,-125.0
2023-08-13 19:00:00-04:00,15143.0,2,2023-08-13 21:20:00-04:00,15087.5,SL_YELLOW,2,-55.5,-2220.0
2023-08-14 19:00:00-04:00,15301.5,1,2023-08-15 02:20:00-04:00,15299.0,SL_YELLOW,1,-2.5,-50.0
2023-08-15 19:00:00-04:00,15118.75,2,2023-08-16 05:00:00-04:00,15126.75,SL_YELLOW,2,8.0,320.0
2023-08-16 19:00:00-04:00,14941.5,1,2023-08-17 01:20:00-04:00,14916.0,SL_YELLOW,1,-25.5,-510.0
2023-08-17 19:00:00-04:00,14749.75,2,2023-08-17 23:00:00-04:00,14754.5,SL_YELLOW,2,4.75,190.0
2023-08-20 19:00:00-04:00,14761.25,1,2023-08-20 21:00:00-04:00,14753.0,SL_YELLOW,1,-8.25,-165.0
2023-08-21 19:00:00-04:00,14968.0,2,2023-08-22 01:20:00-04:00,14956.5,SL_YELLOW,2,-11.5,-460.0
2023-08-22 19:00:00-04:00,14968.75,1,2023-08-23 03:00:00-04:00,15046.75,TP_GREEN,1,78.0,1560.0
2023-08-23 19:00:00-04:00,15329.5,1,2023-08-24 03:00:00-04:00,15376.75,TP_GREEN,1,47.25,945.0
2023-08-24 19:00:00-04:00,14846.0,1,2023-08-27 14:20:00-04:00,14972.25,TP_GREEN,1,126.25,2525.0
2023-08-27 19:00:00-04:00,15013.25,1,2023-08-28 01:00:00-04:00,14980.0,SL_YELLOW,1,-33.25,-665.0
2023-08-28 19:00:00-04:00,15097.25,2,2023-08-29 03:40:00-04:00,15086.25,SL_YELLOW,2,-11.0,-440.0
2023-08-29 19:00:00-04:00,15434.5,1,2023-08-30 00:40:00-04:00,15442.25,SL_YELLOW,1,7.75,155.0
2023-08-30 19:00:00-04:00,15507.5,1,2023-08-31 01:00:00-04:00,15498.0,SL_YELLOW,1,-9.5,-190.0
2023-08-31 19:00:00-04:00,15531.0,2,2023-09-01 02:20:00-04:00,15515.25,SL_YELLOW,2,-15.75,-630.0
2023-09-03 19:00:00-04:00,15508.75,1,2023-09-05 01:20:00-04:00,15496.25,SL_YELLOW,1,-12.5,-250.0
2023-09-05 19:00:00-04:00,15520.25,2,2023-09-05 21:40:00-04:00,15495.75,SL_YELLOW,2,-24.5,-980.0
2023-09-06 19:00:00-04:00,15390.25,1,2023-09-07 00:20:00-04:00,15363.75,SL_YELLOW,1,-26.5,-530.0
2023-09-07 19:00:00-04:00,15278.75,2,2023-09-08 03:20:00-04:00,15303.0,SL_YELLOW,2,24.25,970.0
2023-09-10 19:00:00-04:00,15316.25,1,2023-09-11 00:00:00-04:00,15526.0,TP_GREEN,1,209.75,4195.0
2023-09-11 19:00:00-04:00,15659.5,1,2023-09-12 03:00:00-04:00,15650.25,SL_YELLOW,1,-9.25,-185.0
2023-09-12 19:00:00-04:00,15502.0,2,2023-09-12 21:20:00-04:00,15487.75,SL_YELLOW,2,-14.25,-570.0
2023-09-13 19:00:00-04:00,15577.0,1,2023-09-14 03:00:00-04:00,15605.25,SL_YELLOW,1,28.25,565.0
2023-09-14 19:00:00-04:00,15683.0,1,2023-09-15 03:20:00-04:00,15676.5,SL_YELLOW,1,-6.5,-130.0
2023-09-17 19:00:00-04:00,15401.5,2,2023-09-18 02:20:00-04:00,15401.0,SL_YELLOW,2,-0.5,-20.0
2023-09-18 19:00:00-04:00,15425.25,1,2023-09-18 21:20:00-04:00,15409.25,SL_YELLOW,1,-16.0,-320.0
2023-09-19 19:00:00-04:00,15379.25,2,2023-09-19 21:00:00-04:00,15357.25,SL_YELLOW,2,-22.0,-880.0
2023-09-20 19:00:00-04:00,15123.5,1,2023-09-20 22:20:00-04:00,15084.0,SL_YELLOW,1,-39.5,-790.0
2023-09-21 19:00:00-04:00,14860.5,2,2023-09-22 05:20:00-04:00,14926.75,TP_GREEN,2,66.25,2650.0
2023-09-24 19:00:00-04:00,14897.5,1,2023-09-25 04:00:00-04:00,14900.5,SL_YELLOW,1,3.0,60.0
2023-09-25 19:00:00-04:00,14938.75,1,2023-09-25 20:20:00-04:00,14902.5,SL_YELLOW,1,-36.25,-725.0
2023-09-26 19:00:00-04:00,14733.5,2,2023-09-27 05:20:00-04:00,14766.75,SL_YELLOW,2,33.25,1330.0
2023-09-27 19:00:00-04:00,14765.75,1,2023-09-27 22:40:00-04:00,14747.0,SL_YELLOW,1,-18.75,-375.0
2023-09-28 19:00:00-04:00,14876.25,2,2023-09-29 03:20:00-04:00,14953.0,TP_GREEN,2,76.75,3070.0
2023-10-01 19:00:00-04:00,14955.75,1,2023-10-02 01:20:00-04:00,14950.5,SL_YELLOW,1,-5.25,-105.0
2023-10-02 19:00:00-04:00,14985.75,2,2023-10-03 01:00:00-04:00,14947.0,SL_YELLOW,2,-38.75,-1550.0
2023-10-03 19:00:00-04:00,14698.5,1,2023-10-03 21:00:00-04:00,14680.25,SL_YELLOW,1,-18.25,-365.0
2023-10-04 19:00:00-04:00,14905.25,2,2023-10-05 02:00:00-04:00,14899.75,SL_YELLOW,2,-5.5,-220.0
2023-10-05 19:00:00-04:00,14853.5,1,2023-10-06 01:40:00-04:00,14838.25,SL_YELLOW,1,-15.25,-305.0
2023-10-08 19:00:00-04:00,15013.75,2,2023-10-09 03:00:00-04:00,14984.5,SL_YELLOW,2,-29.25,-1170.0
2023-10-09 19:00:00-04:00,15197.0,1,2023-10-10 02:00:00-04:00,15190.25,SL_YELLOW,1,-6.75,-135.0
2023-10-10 19:00:00-04:00,15288.5,2,2023-10-11 08:00:00-04:00,15327.25,FORCE_CLOSE,2,38.75,1550.0
2023-10-11 19:00:00-04:00,15405.75,1,2023-10-12 03:00:00-04:00,15427.5,SL_YELLOW,1,21.75,435.0
2023-10-12 19:00:00-04:00,15325.5,1,2023-10-13 02:00:00-04:00,15311.0,SL_YELLOW,1,-14.5,-290.0
2023-10-15 19:00:00-04:00,15146.5,2,2023-10-16 03:00:00-04:00,15154.0,SL_YELLOW,2,7.5,300.0
2023-10-16 19:00:00-04:00,15276.25,1,2023-10-17 02:00:00-04:00,15264.0,SL_YELLOW,1,-12.25,-245.0
2023-10-17 19:00:00-04:00,15223.25,2,2023-10-18 02:40:00-04:00,15190.25,SL_YELLOW,2,-33.0,-1320.0
2023-10-18 19:00:00-04:00,15033.75,1,2023-10-18 22:20:00-04:00,15014.75,SL_YELLOW,1,-19.0,-380.0
2023-10-19 19:00:00-04:00,14832.0,2,2023-10-20 02:00:00-04:00,14815.0,SL_YELLOW,2,-17.0,-680.0
2023-10-23 19:00:00-04:00,14750.0,1,2023-10-23 21:20:00-04:00,14725.0,SL_YELLOW,1,-25.0,-500.0
2023-10-24 19:00:00-04:00,14806.75,2,2023-10-25 01:20:00-04:00,14767.25,SL_YELLOW,2,-39.5,-1580.0
2023-10-25 19:00:00-04:00,14356.75,1,2023-10-25 22:00:00-04:00,14318.5,SL_YELLOW,1,-38.25,-765.0
2023-10-26 19:00:00-04:00,14313.5,2,2023-10-27 03:00:00-04:00,14293.25,SL_YELLOW,2,-20.25,-810.0
2023-10-29 19:00:00-04:00,14322.0,1,2023-10-30 05:00:00-04:00,14388.75,TP_GREEN,1,66.75,1335.0
2023-10-30 19:00:00-04:00,14407.75,1,2023-10-30 20:00:00-04:00,14372.5,SL_YELLOW,1,-35.25,-705.0
2023-10-31 19:00:00-04:00,14452.5,2,2023-11-01 03:40:00-04:00,14462.5,SL_YELLOW,2,10.0,400.0
2023-11-01 19:00:00-04:00,14788.25,1,2023-11-02 02:20:00-04:00,14783.75,SL_YELLOW,1,-4.5,-90.0
2023-11-02 19:00:00-04:00,14950.0,2,2023-11-03 03:40:00-04:00,14946.5,SL_YELLOW,2,-3.5,-140.0
2023-11-05 19:00:00-05:00,15167.5,1,2023-11-07 02:20:00-05:00,15188.25,SL_YELLOW,1,20.75,415.0
2023-11-07 19:00:00-05:00,15374.25,1,2023-11-07 22:40:00-05:00,15350.5,SL_YELLOW,1,-23.75,-475.0
2023-11-08 19:00:00-05:00,15355.25,2,2023-11-09 03:00:00-05:00,15365.25,SL_YELLOW,2,10.0,400.0
2023-11-09 19:00:00-05:00,15216.75,1,2023-11-11 17:20:00-05:00,15583.0,TP_GREEN,1,366.25,7325.0
2023-11-12 19:00:00-05:00,15553.75,1,2023-11-12 23:20:00-05:00,15511.0,SL_YELLOW,1,-42.75,-855.0
2023-11-13 19:00:00-05:00,15560.0,2,2023-11-14 04:20:00-05:00,15590.5,SL_YELLOW,2,30.5,1220.0
2023-11-14 19:00:00-05:00,15898.75,1,2023-11-15 02:00:00-05:00,15916.0,SL_YELLOW,1,17.25,345.0
2023-11-15 19:00:00-05:00,15875.0,1,2023-11-15 20:40:00-05:00,15840.75,SL_YELLOW,1,-34.25,-685.0
2023-11-16 19:00:00-05:00,15888.75,2,2023-11-17 00:20:00-05:00,15881.75,SL_YELLOW,2,-7.0,-280.0
2023-11-19 19:00:00-05:00,15860.0,1,2023-11-20 00:20:00-05:00,15848.5,SL_YELLOW,1,-11.5,-230.0
2023-11-20 19:00:00-05:00,16103.0,2,2023-11-21 00:20:00-05:00,16101.75,SL_YELLOW,2,-1.25,-50.0
2023-11-21 19:00:00-05:00,15956.75,1,2023-11-22 01:00:00-05:00,15951.25,SL_YELLOW,1,-5.5,-110.0
2023-11-22 19:00:00-05:00,16044.75,2,2023-11-23 05:20:00-05:00,16068.25,SL_YELLOW,2,23.5,940.0
2023-11-23 19:00:00-05:00,16065.25,1,2023-11-24 00:20:00-05:00,16059.25,SL_YELLOW,1,-6.0,-120.0
2023-11-26 19:00:00-05:00,15971.25,2,2023-11-26 21:00:00-05:00,15954.75,SL_YELLOW,2,-16.5,-660.0
2023-11-27 19:00:00-05:00,15998.25,1,2023-11-27 23:20:00-05:00,15992.0,SL_YELLOW,1,-6.25,-125.0
2023-11-28 19:00:00-05:00,16052.5,2,2023-11-29 02:40:00-05:00,16061.0,SL_YELLOW,2,8.5,340.0
2023-11-29 19:00:00-05:00,16045.5,1,2023-11-30 03:40:00-05:00,16034.0,SL_YELLOW,1,-11.5,-230.0
2023-11-30 19:00:00-05:00,15960.25,2,2023-12-01 05:20:00-05:00,15976.75,SL_YELLOW,2,16.5,660.0
2023-12-04 19:00:00-05:00,15846.75,1,2023-12-05 01:00:00-05:00,15819.75,SL_YELLOW,1,-27.0,-540.0
2023-12-05 19:00:00-05:00,15955.75,2,2023-12-06 00:00:00-05:00,16186.0,TP_GREEN,2,230.25,9210.0
2023-12-06 19:00:00-05:00,16022.0,1,2023-12-07 00:00:00-05:00,15809.0,SL_YELLOW,1,-213.0,-4260.0
2023-12-07 19:00:00-05:00,16019.25,2,2023-12-08 01:20:00-05:00,16012.0,SL_YELLOW,2,-7.25,-290.0
2023-12-10 19:00:00-05:00,16102.25,1,2023-12-11 00:00:00-05:00,16263.75,TP_GREEN,1,161.5,3230.0
2023-12-11 19:00:00-05:00,16457.5,1,2023-12-12 05:40:00-05:00,16467.5,SL_YELLOW,1,10.0,200.0
2023-12-12 19:00:00-05:00,16607.0,1,2023-12-13 08:00:00-05:00,16606.75,FORCE_CLOSE,1,-0.25,-5.0
2023-12-13 19:00:00-05:00,16845.25,2,2023-12-14 02:20:00-05:00,16855.0,SL_YELLOW,2,9.75,390.0
2023-12-14 19:00:00-05:00,16765.5,1,2023-12-15 03:20:00-05:00,16784.25,SL_YELLOW,1,18.75,375.0
2023-12-17 19:00:00-05:00,16826.75,1,2023-12-18 02:00:00-05:00,16840.75,SL_YELLOW,1,14.0,280.0
2023-12-18 19:00:00-05:00,16922.25,1,2023-12-19 01:00:00-05:00,16919.25,SL_YELLOW,1,-3.0,-60.0
2023-12-19 19:00:00-05:00,17033.25,2,2023-12-20 01:20:00-05:00,17030.0,SL_YELLOW,2,-3.25,-130.0
2023-12-20 19:00:00-05:00,16809.0,1,2023-12-21 03:20:00-05:00,16877.0,TP_GREEN,1,68.0,1360.0
2023-12-21 19:00:00-05:00,16933.5,1,2023-12-22 00:40:00-05:00,16899.5,SL_YELLOW,1,-34.0,-680.0
2023-12-27 19:00:00-05:00,17125.0,2,2023-12-28 08:00:00-05:00,17151.75,FORCE_CLOSE,2,26.75,1070.0
2023-12-28 19:00:00-05:00,17101.25,1,2024-01-01 18:40:00-05:00,17030.0,SL_YELLOW,1,-71.25,-1425.0
2024-01-01 19:00:00-05:00,17026.5,2,2024-01-01 20:40:00-05:00,17016.25,SL_YELLOW,2,-10.25,-410.0
2024-01-02 19:00:00-05:00,16726.5,1,2024-01-03 03:20:00-05:00,16706.25,SL_YELLOW,1,-20.25,-405.0
2024-01-03 19:00:00-05:00,16540.0,2,2024-01-04 03:40:00-05:00,16551.0,SL_YELLOW,2,11.0,440.0
2024-01-04 19:00:00-05:00,16460.75,1,2024-01-05 00:00:00-05:00,16441.0,SL_YELLOW,1,-19.75,-395.0
2024-01-08 19:00:00-05:00,16786.5,2,2024-01-09 00:40:00-05:00,16775.5,SL_YELLOW,2,-11.0,-440.0
2024-01-09 19:00:00-05:00,16843.75,1,2024-01-10 01:40:00-05:00,16813.25,SL_YELLOW,1,-30.5,-610.0
2024-01-10 19:00:00-05:00,16964.0,2,2024-01-11 03:20:00-05:00,17038.5,TP_GREEN,2,74.5,2980.0
2024-01-11 19:00:00-05:00,16954.5,1,2024-01-12 02:20:00-05:00,16929.5,SL_YELLOW,1,-25.0,-500.0
2024-01-16 19:00:00-05:00,16964.25,2,2024-01-16 22:00:00-05:00,16926.75,SL_YELLOW,2,-37.5,-1500.0
2024-01-17 19:00:00-05:00,16855.5,1,2024-01-18 03:40:00-05:00,16890.75,SL_YELLOW,1,35.25,705.0
2024-01-18 19:00:00-05:00,17143.0,1,2024-01-19 00:40:00-05:00,17149.25,SL_YELLOW,1,6.25,125.0
2024-01-22 19:00:00-05:00,17467.0,1,2024-01-23 03:00:00-05:00,17450.75,SL_YELLOW,1,-16.25,-325.0
2024-01-23 19:00:00-05:00,17576.0,2,2024-01-24 03:40:00-05:00,17649.5,TP_GREEN,2,73.5,2940.0
2024-01-24 19:00:00-05:00,17606.0,1,2024-01-25 03:00:00-05:00,17615.25,SL_YELLOW,1,9.25,185.0
2024-01-25 19:00:00-05:00,17534.75,1,2024-01-25 23:20:00-05:00,17498.5,SL_YELLOW,1,-36.25,-725.0
2024-01-28 19:00:00-05:00,17486.0,2,2024-01-29 03:00:00-05:00,17550.0,TP_GREEN,2,64.0,2560.0
2024-01-29 19:00:00-05:00,17723.0,1,2024-01-30 01:20:00-05:00,17708.0,SL_YELLOW,1,-15.0,-300.0
2024-01-30 19:00:00-05:00,17456.75,2,2024-01-31 04:00:00-05:00,17378.0,SL_YELLOW,2,-78.75,-3150.0
2024-01-31 19:00:00-05:00,17288.0,1,2024-02-01 01:20:00-05:00,17282.75,SL_YELLOW,1,-5.25,-105.0
2024-02-01 19:00:00-05:00,17581.75,2,2024-02-02 03:00:00-05:00,17583.75,SL_YELLOW,2,2.0,80.0
2024-02-04 19:00:00-05:00,17713.75,1,2024-02-05 04:20:00-05:00,17695.0,SL_YELLOW,1,-18.75,-375.0
2024-02-05 19:00:00-05:00,17703.0,2,2024-02-06 03:40:00-05:00,17744.5,SL_YELLOW,2,41.5,1660.0
2024-02-06 19:00:00-05:00,17653.5,1,2024-02-06 22:20:00-05:00,17673.5,SL_YELLOW,1,20.0,400.0
2024-02-07 19:00:00-05:00,17838.25,1,2024-02-08 03:00:00-05:00,17832.25,SL_YELLOW,1,-6.0,-120.0
2024-02-08 19:00:00-05:00,17871.75,2,2024-02-09 04:00:00-05:00,17889.25,SL_YELLOW,2,17.5,700.0
2024-02-11 19:00:00-05:00,18030.25,1,2024-02-12 00:20:00-05:00,18018.0,SL_YELLOW,1,-12.25,-245.0
2024-02-12 19:00:00-05:00,17924.75,2,2024-02-13 03:20:00-05:00,17924.0,SL_YELLOW,2,-0.75,-30.0
2024-02-13 19:00:00-05:00,17684.75,1,2024-02-14 04:00:00-05:00,17770.75,TP_GREEN,1,86.0,1720.0
2024-02-14 19:00:00-05:00,17870.0,1,2024-02-15 04:00:00-05:00,17899.75,SL_YELLOW,1,29.75,595.0
2024-02-15 19:00:00-05:00,17947.5,1,2024-02-16 04:20:00-05:00,18010.5,TP_GREEN,1,63.0,1260.0
2024-02-19 19:00:00-05:00,17744.25,1,2024-02-19 20:40:00-05:00,17693.0,SL_YELLOW,1,-51.25,-1025.0
2024-02-20 19:00:00-05:00,17572.25,2,2024-02-21 03:00:00-05:00,17544.75,SL_YELLOW,2,-27.5,-1100.0
2024-02-21 19:00:00-05:00,17742.0,1,2024-02-22 01:40:00-05:00,17825.5,TP_GREEN,1,83.5,1670.0
2024-02-22 19:00:00-05:00,18033.0,1,2024-02-23 03:00:00-05:00,18028.0,SL_YELLOW,1,-5.0,-100.0
2024-02-25 19:00:00-05:00,17962.75,2,2024-02-25 19:40:00-05:00,17932.0,SL_YELLOW,2,-30.75,-1230.0
2024-02-26 19:00:00-05:00,17953.5,1,2024-02-27 01:00:00-05:00,17936.0,SL_YELLOW,1,-17.5,-350.0
2024-02-27 19:00:00-05:00,18009.5,2,2024-02-28 00:20:00-05:00,17994.0,SL_YELLOW,2,-15.5,-620.0
2024-02-28 19:00:00-05:00,17881.5,1,2024-02-29 01:40:00-05:00,17904.0,SL_YELLOW,1,22.5,450.0
2024-02-29 19:00:00-05:00,18071.0,1,2024-03-01 02:00:00-05:00,18153.0,TP_GREEN,1,82.0,1640.0
2024-03-03 19:00:00-05:00,18332.25,1,2024-03-04 04:20:00-05:00,18340.75,SL_YELLOW,1,8.5,170.0
2024-03-04 19:00:00-05:00,18232.25,1,2024-03-04 21:40:00-05:00,18192.75,SL_YELLOW,1,-39.5,-790.0
2024-03-05 19:00:00-05:00,17956.5,2,2024-03-06 03:20:00-05:00,18032.0,TP_GREEN,2,75.5,3020.0
2024-03-06 19:00:00-05:00,18017.25,1,2024-03-06 21:20:00-05:00,17939.5,SL_YELLOW,1,-77.75,-1555.0
2024-03-07 19:00:00-05:00,18268.0,2,2024-03-08 03:40:00-05:00,18328.75,TP_GREEN,2,60.75,2430.0
2024-03-11 19:00:00-04:00,18288.0,1,2024-03-12 02:40:00-04:00,18318.25,SL_YELLOW,1,30.25,605.0
2024-03-12 19:00:00-04:00,18480.5,1,2024-03-13 04:20:00-04:00,18454.5,SL_YELLOW,1,-26.0,-520.0
2024-03-13 19:00:00-04:00,18365.0,2,2024-03-14 07:20:00-04:00,18400.75,SL_YELLOW,2,35.75,1430.0
2024-03-14 19:00:00-04:00,18232.5,1,2024-03-15 00:20:00-04:00,18222.5,SL_YELLOW,1,-10.0,-200.0
2024-03-17 19:00:00-04:00,18069.5,2,2024-03-18 01:20:00-04:00,18149.75,TP_GREEN,2,80.25,3210.0
2024-03-18 19:00:00-04:00,18193.25,1,2024-03-19 03:40:00-04:00,18173.0,SL_YELLOW,1,-20.25,-405.0
2024-03-19 19:00:00-04:00,18279.0,2,2024-03-19 21:00:00-04:00,18241.75,SL_YELLOW,2,-37.25,-1490.0
2024-03-20 19:00:00-04:00,18576.75,1,2024-03-21 03:20:00-04:00,18649.25,TP_GREEN,1,72.5,1450.0
2024-03-21 19:00:00-04:00,18582.0,1,2024-03-21 21:40:00-04:00,18564.0,SL_YELLOW,1,-18.0,-360.0
2024-03-24 19:00:00-04:00,18576.0,2,2024-03-24 22:00:00-04:00,18568.25,SL_YELLOW,2,-7.75,-310.0
2024-03-25 19:00:00-04:00,18529.0,1,2024-03-25 23:20:00-04:00,18531.25,SL_YELLOW,1,2.25,45.0
2024-03-26 19:00:00-04:00,18481.25,1,2024-03-27 03:00:00-04:00,18481.5,SL_YELLOW,1,0.25,5.0
2024-03-27 19:00:00-04:00,18486.0,1,2024-03-28 03:00:00-04:00,18487.25,SL_YELLOW,1,1.25,25.0
2024-03-31 19:00:00-04:00,18578.25,1,2024-03-31 22:20:00-04:00,18571.5,SL_YELLOW,1,-6.75,-135.0
2024-04-01 19:00:00-04:00,18478.0,2,2024-04-02 01:00:00-04:00,18464.75,SL_YELLOW,2,-13.25,-530.0
2024-04-02 19:00:00-04:00,18329.75,1,2024-04-02 20:00:00-04:00,18304.75,SL_YELLOW,1,-25.0,-500.0
2024-04-03 19:00:00-04:00,18399.5,2,2024-04-04 01:20:00-04:00,18436.5,SL_YELLOW,2,37.0,1480.0
2024-04-04 19:00:00-04:00,18087.0,1,2024-04-05 07:20:00-04:00,18154.25,TP_GREEN,1,67.25,1345.0
2024-04-07 19:00:00-04:00,18320.75,1,2024-04-07 23:20:00-04:00,18279.75,SL_YELLOW,1,-41.0,-820.0
2024-04-08 19:00:00-04:00,18310.25,2,2024-04-09 03:20:00-04:00,18306.25,SL_YELLOW,2,-4.0,-160.0
2024-04-09 19:00:00-04:00,18374.75,1,2024-04-10 05:20:00-04:00,18374.0,SL_YELLOW,1,-0.75,-15.0
2024-04-10 19:00:00-04:00,18148.0,2,2024-04-11 04:40:00-04:00,18165.0,SL_YELLOW,2,17.0,680.0
2024-04-11 19:00:00-04:00,18496.5,1,2024-04-12 03:20:00-04:00,18476.25,SL_YELLOW,1,-20.25,-405.0
2024-04-12 19:00:00-04:00,18172.5,2,2024-04-14 21:00:00-04:00,18204.25,SL_YELLOW,2,31.75,1270.0
2024-04-15 19:00:00-04:00,17856.0,1,2024-04-15 22:20:00-04:00,17798.75,SL_YELLOW,1,-57.25,-1145.0
2024-04-16 19:00:00-04:00,17907.0,2,2024-04-16 20:20:00-04:00,17893.5,SL_YELLOW,2,-13.5,-540.0
2024-04-17 19:00:00-04:00,17680.75,1,2024-04-18 02:00:00-04:00,17764.5,TP_GREEN,1,83.75,1675.0
2024-04-18 19:00:00-04:00,17512.5,1,2024-04-18 20:00:00-04:00,17454.25,SL_YELLOW,1,-58.25,-1165.0
2024-04-21 19:00:00-04:00,17253.75,2,2024-04-21 20:40:00-04:00,17220.25,SL_YELLOW,2,-33.5,-1340.0
2024-04-22 19:00:00-04:00,17318.5,1,2024-04-23 04:00:00-04:00,17396.25,TP_GREEN,1,77.75,1555.0
2024-04-23 19:00:00-04:00,17683.5,1,2024-04-24 04:00:00-04:00,17717.25,SL_YELLOW,1,33.75,675.0
2024-04-24 19:00:00-04:00,17471.5,1,2024-04-25 01:00:00-04:00,17428.25,SL_YELLOW,1,-43.25,-865.0
2024-04-25 19:00:00-04:00,17764.5,2,2024-04-26 03:00:00-04:00,17754.0,SL_YELLOW,2,-10.5,-420.0
2024-04-28 19:00:00-04:00,17858.25,1,2024-04-29 02:20:00-04:00,17902.25,SL_YELLOW,1,44.0,880.0
2024-04-29 19:00:00-04:00,17908.5,1,2024-04-30 01:20:00-04:00,17876.25,SL_YELLOW,1,-32.25,-645.0
2024-04-30 19:00:00-04:00,17501.75,2,2024-05-01 02:00:00-04:00,17495.5,SL_YELLOW,2,-6.25,-250.0
2024-05-01 19:00:00-04:00,17501.5,1,2024-05-02 03:40:00-04:00,17574.5,TP_GREEN,1,73.0,1460.0
2024-05-02 19:00:00-04:00,17747.0,1,2024-05-03 02:20:00-04:00,17738.75,SL_YELLOW,1,-8.25,-165.0
2024-05-05 19:00:00-04:00,18019.75,2,2024-05-06 00:40:00-04:00,17992.75,SL_YELLOW,2,-27.0,-1080.0
2024-05-06 19:00:00-04:00,18186.25,1,2024-05-07 03:20:00-04:00,18173.25,SL_YELLOW,1,-13.0,-260.0
2024-05-07 19:00:00-04:00,18205.5,2,2024-05-08 00:20:00-04:00,18190.0,SL_YELLOW,2,-15.5,-620.0
2024-05-08 19:00:00-04:00,18164.0,1,2024-05-09 00:40:00-04:00,18150.75,SL_YELLOW,1,-13.25,-265.0
2024-05-09 19:00:00-04:00,18235.0,2,2024-05-10 05:00:00-04:00,18299.25,TP_GREEN,2,64.25,2570.0
2024-05-12 19:00:00-04:00,18251.5,1,2024-05-13 03:00:00-04:00,18283.5,SL_YELLOW,1,32.0,640.0
2024-05-13 19:00:00-04:00,18283.0,1,2024-05-13 23:20:00-04:00,18267.0,SL_YELLOW,1,-16.0,-320.0
2024-05-14 19:00:00-04:00,18421.5,2,2024-05-15 02:20:00-04:00,18411.0,SL_YELLOW,2,-10.5,-420.0
2024-05-15 19:00:00-04:00,18714.5,1,2024-05-16 02:00:00-04:00,18713.75,SL_YELLOW,1,-0.75,-15.0
2024-05-16 19:00:00-04:00,18650.25,2,2024-05-17 03:20:00-04:00,18654.75,SL_YELLOW,2,4.5,180.0
2024-05-19 19:00:00-04:00,18657.0,1,2024-05-20 03:20:00-04:00,18662.5,SL_YELLOW,1,5.5,110.0
2024-05-20 19:00:00-04:00,18749.25,1,2024-05-21 04:20:00-04:00,18743.25,SL_YELLOW,1,-6.0,-120.0
2024-05-21 19:00:00-04:00,18812.0,2,2024-05-22 02:00:00-04:00,18807.0,SL_YELLOW,2,-5.0,-200.0
2024-05-22 19:00:00-04:00,18866.5,1,2024-05-22 23:20:00-04:00,18961.0,TP_GREEN,1,94.5,1890.0
2024-05-23 19:00:00-04:00,18706.75,1,2024-05-24 02:00:00-04:00,18696.75,SL_YELLOW,1,-10.0,-200.0
2024-05-26 19:00:00-04:00,18857.75,2,2024-05-27 03:20:00-04:00,18874.25,SL_YELLOW,2,16.5,660.0
2024-05-27 19:00:00-04:00,18917.75,1,2024-05-28 02:00:00-04:00,18913.25,SL_YELLOW,1,-4.5,-90.0
2024-05-28 19:00:00-04:00,18940.5,2,2024-05-28 20:40:00-04:00,18909.25,SL_YELLOW,2,-31.25,-1250.0
2024-05-29 19:00:00-04:00,18727.25,1,2024-05-29 23:00:00-04:00,18688.0,SL_YELLOW,1,-39.25,-785.0
2024-05-30 19:00:00-04:00,18567.75,2,2024-05-30 20:00:00-04:00,18525.0,SL_YELLOW,2,-42.75,-1710.0
2024-06-02 19:00:00-04:00,18577.25,1,2024-06-03 02:20:00-04:00,18670.75,TP_GREEN,1,93.5,1870.0
2024-06-03 19:00:00-04:00,18662.75,1,2024-06-04 01:20:00-04:00,18637.75,SL_YELLOW,1,-25.0,-500.0
2024-06-04 19:00:00-04:00,18731.5,2,2024-06-05 02:20:00-04:00,18735.0,SL_YELLOW,2,3.5,140.0
2024-06-05 19:00:00-04:00,19098.5,1,2024-06-06 01:20:00-04:00,19086.0,SL_YELLOW,1,-12.5,-250.0
2024-06-06 19:00:00-04:00,19077.5,2,2024-06-07 03:20:00-04:00,19078.0,SL_YELLOW,2,0.5,20.0
2024-06-09 19:00:00-04:00,19030.25,1,2024-06-10 02:40:00-04:00,19005.25,SL_YELLOW,1,-25.0,-500.0
2024-06-10 19:00:00-04:00,19080.0,2,2024-06-11 03:00:00-04:00,19086.5,SL_YELLOW,2,6.5,260.0
2024-06-11 19:00:00-04:00,19266.25,1,2024-06-12 03:00:00-04:00,19247.25,SL_YELLOW,1,-19.0,-380.0
2024-06-12 19:00:00-04:00,19598.75,2,2024-06-13 03:20:00-04:00,19639.5,SL_YELLOW,2,40.75,1630.0
2024-06-13 19:00:00-04:00,19610.75,1,2024-06-14 02:40:00-04:00,19629.25,SL_YELLOW,1,18.5,370.0
2024-06-16 19:00:00-04:00,19710.25,1,2024-06-17 00:00:00-04:00,19961.0,TP_GREEN,1,250.75,5015.0
2024-06-17 19:00:00-04:00,20197.5,1,2024-06-17 20:20:00-04:00,20173.5,SL_YELLOW,1,-24.0,-480.0
2024-06-18 19:00:00-04:00,20225.0,2,2024-06-19 08:00:00-04:00,20234.0,FORCE_CLOSE,2,9.0,360.0
2024-06-19 19:00:00-04:00,20232.5,1,2024-06-20 00:40:00-04:00,20312.0,TP_GREEN,1,79.5,1590.0
2024-06-20 19:00:00-04:00,20073.25,1,2024-06-21 03:00:00-04:00,20034.75,SL_YELLOW,1,-38.5,-770.0
2024-06-23 19:00:00-04:00,20022.0,2,2024-06-23 21:00:00-04:00,19932.75,SL_YELLOW,2,-89.25,-3570.0
2024-06-24 19:00:00-04:00,19764.75,1,2024-06-25 02:00:00-04:00,19786.5,SL_YELLOW,1,21.75,435.0
2024-06-25 19:00:00-04:00,19974.0,1,2024-06-26 03:20:00-04:00,20041.25,TP_GREEN,1,67.25,1345.0
2024-06-26 19:00:00-04:00,19914.0,1,2024-06-27 06:00:00-04:00,19979.75,TP_GREEN,1,65.75,1315.0
2024-06-27 19:00:00-04:00,20086.75,1,2024-06-28 00:40:00-04:00,20109.5,SL_YELLOW,1,22.75,455.0
2024-06-30 19:00:00-04:00,19945.75,1,2024-07-01 03:00:00-04:00,19992.5,SL_YELLOW,1,46.75,935.0
2024-07-01 19:00:00-04:00,20024.0,1,2024-07-01 20:20:00-04:00,19981.0,SL_YELLOW,1,-43.0,-860.0
2024-07-02 19:00:00-04:00,20245.5,2,2024-07-03 07:00:00-04:00,20250.5,SL_YELLOW,2,5.0,200.0
2024-07-03 19:00:00-04:00,20403.25,1,2024-07-04 08:00:00-04:00,20404.25,FORCE_CLOSE,1,1.0,20.0
2024-07-04 19:00:00-04:00,20387.75,1,2024-07-05 02:20:00-04:00,20453.0,TP_GREEN,1,65.25,1305.0
2024-07-07 19:00:00-04:00,20605.5,1,2024-07-08 08:00:00-04:00,20633.5,FORCE_CLOSE,1,28.0,560.0
2024-07-08 19:00:00-04:00,20712.75,1,2024-07-08 21:40:00-04:00,20710.25,SL_YELLOW,1,-2.5,-50.0
2024-07-09 19:00:00-04:00,20699.25,2,2024-07-10 01:40:00-04:00,20699.0,SL_YELLOW,2,-0.25,-10.0
2024-07-10 19:00:00-04:00,20884.0,1,2024-07-10 21:00:00-04:00,20859.25,SL_YELLOW,1,-24.75,-495.0
2024-07-11 19:00:00-04:00,20458.0,2,2024-07-12 00:40:00-04:00,20395.25,SL_YELLOW,2,-62.75,-2510.0
2024-07-14 19:00:00-04:00,20536.25,1,2024-07-15 02:00:00-04:00,20617.75,TP_GREEN,1,81.5,1630.0
2024-07-15 19:00:00-04:00,20638.75,1,2024-07-16 02:40:00-04:00,20618.25,SL_YELLOW,1,-20.5,-410.0
2024-07-16 19:00:00-04:00,20567.25,2,2024-07-17 00:00:00-04:00,20530.25,SL_YELLOW,2,-37.0,-1480.0
2024-07-17 19:00:00-04:00,20057.5,1,2024-07-17 23:20:00-04:00,20031.0,SL_YELLOW,1,-26.5,-530.0
2024-07-18 19:00:00-04:00,19959.25,2,2024-07-21 19:20:00-04:00,19822.75,SL_YELLOW,2,-136.5,-5460.0
2024-07-22 19:00:00-04:00,19975.25,1,2024-07-23 02:00:00-04:00,19914.5,SL_YELLOW,1,-60.75,-1215.0
2024-07-23 19:00:00-04:00,19813.25,2,2024-07-24 00:00:00-04:00,19762.25,SL_YELLOW,2,-51.0,-2040.0
2024-07-24 19:00:00-04:00,19286.25,1,2024-07-24 22:20:00-04:00,19234.75,SL_YELLOW,1,-51.5,-1030.0
2024-07-25 19:00:00-04:00,19004.75,2,2024-07-26 00:40:00-04:00,19104.5,TP_GREEN,2,99.75,3990.0
2024-07-28 19:00:00-04:00,19243.25,1,2024-07-29 02:40:00-04:00,19321.25,TP_GREEN,1,78.0,1560.0
2024-07-29 19:00:00-04:00,19168.75,1,2024-07-29 21:20:00-04:00,19107.5,SL_YELLOW,1,-61.25,-1225.0
2024-07-30 19:00:00-04:00,19016.5,2,2024-07-30 23:40:00-04:00,19119.75,TP_GREEN,2,103.25,4130.0
2024-07-31 19:00:00-04:00,19666.5,1,2024-08-01 02:00:00-04:00,19627.25,SL_YELLOW,1,-39.25,-785.0
2024-08-01 19:00:00-04:00,18886.0,2,2024-08-01 22:20:00-04:00,18741.5,SL_YELLOW,2,-144.5,-5780.0
2024-08-04 19:00:00-04:00,18328.0,1,2024-08-04 21:00:00-04:00,18123.0,SL_YELLOW,1,-205.0,-4100.0
2024-08-05 19:00:00-04:00,18211.75,2,2024-08-05 21:00:00-04:00,18381.0,TP_GREEN,2,169.25,6770.0
2024-08-06 19:00:00-04:00,18079.0,1,2024-08-06 21:20:00-04:00,18235.25,TP_GREEN,1,156.25,3125.0
2024-08-07 19:00:00-04:00,17875.25,1,2024-08-07 22:00:00-04:00,18027.75,TP_GREEN,1,152.5,3050.0
2024-08-08 19:00:00-04:00,18591.75,1,2024-08-08 20:20:00-04:00,18518.5,SL_YELLOW,1,-73.25,-1465.0
2024-08-11 19:00:00-04:00,18605.0,2,2024-08-12 07:20:00-04:00,18655.5,TP_GREEN,2,50.5,2020.0
2024-08-12 19:00:00-04:00,18647.25,1,2024-08-13 02:40:00-04:00,18738.25,TP_GREEN,1,91.0,1820.0
2024-08-13 19:00:00-04:00,19113.25,1,2024-08-13 22:00:00-04:00,19099.0,SL_YELLOW,1,-14.25,-285.0
2024-08-14 19:00:00-04:00,19141.75,2,2024-08-15 02:00:00-04:00,19178.5,SL_YELLOW,2,36.75,1470.0
2024-08-15 19:00:00-04:00,19623.0,1,2024-08-16 03:20:00-04:00,19647.0,SL_YELLOW,1,24.0,480.0
2024-08-18 19:00:00-04:00,19662.75,1,2024-08-19 00:20:00-04:00,19622.75,SL_YELLOW,1,-40.0,-800.0
2024-08-19 19:00:00-04:00,19866.0,2,2024-08-19 23:20:00-04:00,19871.75,SL_YELLOW,2,5.75,230.0
2024-08-20 19:00:00-04:00,19800.25,1,2024-08-21 02:20:00-04:00,19816.0,SL_YELLOW,1,15.75,315.0
2024-08-21 19:00:00-04:00,19927.75,1,2024-08-21 22:00:00-04:00,19898.5,SL_YELLOW,1,-29.25,-585.0
2024-08-22 19:00:00-04:00,19623.25,2,2024-08-23 03:00:00-04:00,19698.75,TP_GREEN,2,75.5,3020.0
2024-08-26 19:00:00-04:00,19561.25,1,2024-08-27 03:00:00-04:00,19591.75,SL_YELLOW,1,30.5,610.0
2024-08-27 19:00:00-04:00,19590.0,1,2024-08-28 04:20:00-04:00,19671.25,TP_GREEN,1,81.25,1625.0
2024-08-28 19:00:00-04:00,19193.0,1,2024-08-29 00:00:00-04:00,19295.75,TP_GREEN,1,102.75,2055.0
2024-08-29 19:00:00-04:00,19438.5,1,2024-08-30 03:40:00-04:00,19528.75,TP_GREEN,1,90.25,1805.0
2024-09-03 19:00:00-04:00,18972.5,1,2024-09-03 20:40:00-04:00,18865.25,SL_YELLOW,1,-107.25,-2145.0
2024-09-04 19:00:00-04:00,18943.0,2,2024-09-04 23:00:00-04:00,18917.75,SL_YELLOW,2,-25.25,-1010.0
2024-09-05 19:00:00-04:00,18898.25,1,2024-09-05 20:20:00-04:00,18844.0,SL_YELLOW,1,-54.25,-1085.0
2024-09-08 19:00:00-04:00,18397.5,2,2024-09-08 21:20:00-04:00,18508.0,TP_GREEN,2,110.5,4420.0
2024-09-09 19:00:00-04:00,18718.0,1,2024-09-09 20:00:00-04:00,18646.5,SL_YELLOW,1,-71.5,-1430.0
2024-09-10 19:00:00-04:00,18849.5,2,2024-09-10 20:40:00-04:00,18810.0,SL_YELLOW,2,-39.5,-1580.0
2024-09-11 19:00:00-04:00,19248.5,1,2024-09-12 00:00:00-04:00,19538.0,TP_GREEN,1,289.5,5790.0
2024-09-12 19:00:00-04:00,19683.25,1,2024-09-13 02:00:00-04:00,19670.5,SL_YELLOW,1,-12.75,-255.0
2024-09-15 19:00:00-04:00,19768.0,2,2024-09-15 21:00:00-04:00,19739.75,SL_YELLOW,2,-28.25,-1130.0
2024-09-16 19:00:00-04:00,19679.25,1,2024-09-17 05:00:00-04:00,19758.75,TP_GREEN,1,79.5,1590.0
2024-09-17 19:00:00-04:00,19691.0,1,2024-09-18 00:20:00-04:00,19680.5,SL_YELLOW,1,-10.5,-210.0
2024-09-18 19:00:00-04:00,19660.25,2,2024-09-18 20:00:00-04:00,19773.5,TP_GREEN,2,113.25,4530.0
2024-09-19 19:00:00-04:00,20050.25,1,2024-09-20 02:40:00-04:00,20029.0,SL_YELLOW,1,-21.25,-425.0
2024-09-22 19:00:00-04:00,20031.5,2,2024-09-22 21:00:00-04:00,20129.25,TP_GREEN,2,97.75,3910.0
2024-09-23 19:00:00-04:00,20051.0,1,2024-09-23 21:40:00-04:00,20055.75,SL_YELLOW,1,4.75,95.0
2024-09-24 19:00:00-04:00,20190.0,1,2024-09-24 20:00:00-04:00,20152.5,SL_YELLOW,1,-37.5,-750.0
2024-09-25 19:00:00-04:00,20245.75,2,2024-09-25 23:00:00-04:00,20330.5,TP_GREEN,2,84.75,3390.0
2024-09-26 19:00:00-04:00,20362.0,1,2024-09-26 21:40:00-04:00,20302.75,SL_YELLOW,1,-59.25,-1185.0
2024-09-27 19:00:00-04:00,20193.0,2,2024-09-29 21:00:00-04:00,20210.5,SL_YELLOW,2,17.5,700.0
2024-09-30 19:00:00-04:00,20233.75,1,2024-10-01 00:00:00-04:00,20263.0,SL_YELLOW,1,29.25,585.0
2024-10-01 19:00:00-04:00,19926.0,1,2024-10-02 00:20:00-04:00,19928.5,SL_YELLOW,1,2.5,50.0
2024-10-02 19:00:00-04:00,20041.25,1,2024-10-02 20:00:00-04:00,19996.75,SL_YELLOW,1,-44.5,-890.0
2024-10-03 19:00:00-04:00,19981.25,2,2024-10-03 23:40:00-04:00,20011.75,SL_YELLOW,2,30.5,1220.0
2024-10-06 19:00:00-04:00,20255.0,1,2024-10-06 21:40:00-04:00,20215.0,SL_YELLOW,1,-40.0,-800.0
2024-10-07 19:00:00-04:00,19989.75,2,2024-10-08 05:20:00-04:00,20067.75,TP_GREEN,2,78.0,3120.0
2024-10-08 19:00:00-04:00,20279.75,1,2024-10-08 22:00:00-04:00,20253.0,SL_YELLOW,1,-26.75,-535.0
2024-10-09 19:00:00-04:00,20458.5,2,2024-10-10 01:40:00-04:00,20443.0,SL_YELLOW,2,-15.5,-620.0
2024-10-10 19:00:00-04:00,20457.25,1,2024-10-11 00:40:00-04:00,20434.25,SL_YELLOW,1,-23.0,-460.0
2024-10-13 19:00:00-04:00,20430.75,2,2024-10-13 21:40:00-04:00,20401.0,SL_YELLOW,2,-29.75,-1190.0
2024-10-14 19:00:00-04:00,20624.5,1,2024-10-14 20:40:00-04:00,20603.0,SL_YELLOW,1,-21.5,-430.0
2024-10-15 19:00:00-04:00,20359.0,2,2024-10-16 03:00:00-04:00,20352.25,SL_YELLOW,2,-6.75,-270.0
2024-10-16 19:00:00-04:00,20321.5,1,2024-10-17 02:20:00-04:00,20470.5,TP_GREEN,1,149.0,2980.0
2024-10-17 19:00:00-04:00,20401.75,1,2024-10-17 20:20:00-04:00,20346.25,SL_YELLOW,1,-55.5,-1110.0
2024-10-20 19:00:00-04:00,20519.75,2,2024-10-20 22:40:00-04:00,20491.0,SL_YELLOW,2,-28.75,-1150.0
2024-10-21 19:00:00-04:00,20517.25,1,2024-10-21 20:40:00-04:00,20477.0,SL_YELLOW,1,-40.25,-805.0
2024-10-22 19:00:00-04:00,20502.25,2,2024-10-23 02:20:00-04:00,20498.0,SL_YELLOW,2,-4.25,-170.0
2024-10-23 19:00:00-04:00,20285.0,1,2024-10-24 03:00:00-04:00,20359.75,TP_GREEN,1,74.75,1495.0
2024-10-24 19:00:00-04:00,20376.0,1,2024-10-24 23:40:00-04:00,20373.5,SL_YELLOW,1,-2.5,-50.0
2024-10-27 19:00:00-04:00,20611.75,2,2024-10-28 01:40:00-04:00,20611.25,SL_YELLOW,2,-0.5,-20.0
2024-10-28 19:00:00-04:00,20504.75,1,2024-10-28 23:40:00-04:00,20462.0,SL_YELLOW,1,-42.75,-855.0
2024-10-29 19:00:00-04:00,20743.5,2,2024-10-29 23:00:00-04:00,20747.75,SL_YELLOW,2,4.25,170.0
2024-10-30 19:00:00-04:00,20444.75,1,2024-10-31 00:40:00-04:00,20409.25,SL_YELLOW,1,-35.5,-710.0
2024-10-31 19:00:00-04:00,20076.0,2,2024-11-01 02:20:00-04:00,20087.5,SL_YELLOW,2,11.5,460.0
2024-11-04 19:00:00-05:00,20080.75,1,2024-11-05 04:00:00-05:00,20162.0,TP_GREEN,1,81.25,1625.0
2024-11-05 19:00:00-05:00,20344.75,1,2024-11-05 21:20:00-05:00,20540.25,TP_GREEN,1,195.5,3910.0
2024-11-06 19:00:00-05:00,20902.75,1,2024-11-07 07:20:00-05:00,20971.75,TP_GREEN,1,69.0,1380.0
2024-11-07 19:00:00-05:00,21235.75,1,2024-11-08 01:00:00-05:00,21231.0,SL_YELLOW,1,-4.75,-95.0
2024-11-10 19:00:00-05:00,21295.75,2,2024-11-11 03:40:00-05:00,21289.5,SL_YELLOW,2,-6.25,-250.0
2024-11-11 19:00:00-05:00,21214.5,1,2024-11-11 21:40:00-05:00,21204.0,SL_YELLOW,1,-10.5,-210.0
2024-11-12 19:00:00-05:00,21140.5,2,2024-11-13 00:20:00-05:00,21122.0,SL_YELLOW,2,-18.5,-740.0
2024-11-13 19:00:00-05:00,21145.5,1,2024-11-14 00:00:00-05:00,21113.75,SL_YELLOW,1,-31.75,-635.0
2024-11-14 19:00:00-05:00,20953.25,2,2024-11-15 01:00:00-05:00,20873.25,SL_YELLOW,2,-80.0,-3200.0
2024-11-17 19:00:00-05:00,20585.25,1,2024-11-18 02:20:00-05:00,20608.0,SL_YELLOW,1,22.75,455.0
2024-11-18 19:00:00-05:00,20646.5,1,2024-11-19 02:00:00-05:00,20655.5,SL_YELLOW,1,9.0,180.0
2024-11-19 19:00:00-05:00,20806.5,1,2024-11-19 22:40:00-05:00,20782.5,SL_YELLOW,1,-24.0,-480.0
2024-11-20 19:00:00-05:00,20708.75,2,2024-11-21 02:20:00-05:00,20644.75,SL_YELLOW,2,-64.0,-2560.0
2024-11-21 19:00:00-05:00,20781.25,1,2024-11-21 22:40:00-05:00,20789.0,SL_YELLOW,1,7.75,155.0
2024-11-24 19:00:00-05:00,20950.0,1,2024-11-25 07:40:00-05:00,20957.25,SL_YELLOW,1,7.25,145.0
2024-11-25 19:00:00-05:00,20801.0,1,2024-11-25 22:40:00-05:00,20897.25,TP_GREEN,1,96.25,1925.0
2024-11-26 19:00:00-05:00,20981.0,1,2024-11-26 23:00:00-05:00,20978.0,SL_YELLOW,1,-3.0,-60.0
2024-11-27 19:00:00-05:00,20844.25,2,2024-11-28 03:40:00-05:00,20852.25,SL_YELLOW,2,8.0,320.0
2024-11-28 19:00:00-05:00,20873.0,1,2024-11-28 19:40:00-05:00,20836.0,SL_YELLOW,1,-37.0,-740.0
2024-12-01 19:00:00-05:00,20973.0,2,2024-12-02 05:40:00-05:00,20949.5,SL_YELLOW,2,-23.5,-940.0
2024-12-02 19:00:00-05:00,21215.75,1,2024-12-03 03:20:00-05:00,21216.0,SL_YELLOW,1,0.25,5.0
2024-12-03 19:00:00-05:00,21324.0,1,2024-12-04 01:20:00-05:00,21340.5,SL_YELLOW,1,16.5,330.0
2024-12-04 19:00:00-05:00,21506.0,1,2024-12-05 02:00:00-05:00,21496.0,SL_YELLOW,1,-10.0,-200.0
2024-12-05 19:00:00-05:00,21453.25,2,2024-12-06 04:00:00-05:00,21465.0,SL_YELLOW,2,11.75,470.0
2024-12-08 19:00:00-05:00,21656.5,1,2024-12-09 04:00:00-05:00,21663.0,SL_YELLOW,1,6.5,130.0
2024-12-09 19:00:00-05:00,21466.75,1,2024-12-10 01:00:00-05:00,21457.5,SL_YELLOW,1,-9.25,-185.0
2024-12-10 19:00:00-05:00,21418.0,2,2024-12-11 02:20:00-05:00,21411.5,SL_YELLOW,2,-6.5,-260.0
2024-12-11 19:00:00-05:00,21752.25,1,2024-12-12 04:00:00-05:00,21748.25,SL_YELLOW,1,-4.0,-80.0
2024-12-12 19:00:00-05:00,21757.75,2,2024-12-12 22:00:00-05:00,21716.25,SL_YELLOW,2,-41.5,-1660.0
2024-12-15 19:00:00-05:00,21799.0,1,2024-12-16 00:00:00-05:00,22091.0,TP_GREEN,1,292.0,5840.0
2024-12-16 19:00:00-05:00,22387.25,1,2024-12-17 01:20:00-05:00,22390.25,SL_YELLOW,1,3.0,60.0
2024-12-17 19:00:00-05:00,22289.0,1,2024-12-18 01:20:00-05:00,22321.25,SL_YELLOW,1,32.25,645.0
2024-12-18 19:00:00-05:00,21496.25,1,2024-12-19 04:00:00-05:00,21572.5,TP_GREEN,1,76.25,1525.0
2024-12-19 19:00:00-05:00,21307.5,1,2024-12-19 22:40:00-05:00,21215.5,SL_YELLOW,1,-92.0,-1840.0
2024-12-22 19:00:00-05:00,21628.25,2,2024-12-23 00:40:00-05:00,21727.75,TP_GREEN,2,99.5,3980.0
2024-12-23 19:00:00-05:00,21714.75,1,2024-12-24 02:20:00-05:00,21788.0,TP_GREEN,1,73.25,1465.0
2024-12-25 19:00:00-05:00,22045.75,1,2024-12-26 00:00:00-05:00,22079.0,SL_YELLOW,1,33.25,665.0
2024-12-26 19:00:00-05:00,21980.25,1,2024-12-27 01:00:00-05:00,21937.75,SL_YELLOW,1,-42.5,-850.0
2024-12-29 19:00:00-05:00,21696.25,2,2024-12-30 00:20:00-05:00,21654.5,SL_YELLOW,2,-41.75,-1670.0
2024-12-30 19:00:00-05:00,21397.5,1,2024-12-30 23:00:00-05:00,21387.25,SL_YELLOW,1,-10.25,-205.0
2025-01-01 19:00:00-05:00,21145.5,2,2025-01-01 20:00:00-05:00,21274.75,TP_GREEN,2,129.25,5170.0
2025-01-02 19:00:00-05:00,21205.25,1,2025-01-03 03:20:00-05:00,21225.25,SL_YELLOW,1,20.0,400.0
2025-01-05 19:00:00-05:00,21503.75,1,2025-01-06 03:00:00-05:00,21578.25,TP_GREEN,1,74.5,1490.0
2025-01-06 19:00:00-05:00,21765.75,1,2025-01-06 22:00:00-05:00,21734.0,SL_YELLOW,1,-31.75,-635.0
2025-01-07 19:00:00-05:00,21404.25,2,2025-01-08 02:00:00-05:00,21374.0,SL_YELLOW,2,-30.25,-1210.0
2025-01-08 19:00:00-05:00,21306.0,1,2025-01-09 02:00:00-05:00,21292.0,SL_YELLOW,1,-14.0,-280.0
2025-01-09 19:00:00-05:00,21184.25,2,2025-01-09 22:00:00-05:00,21284.0,TP_GREEN,2,99.75,3990.0
2025-01-12 19:00:00-05:00,21031.75,1,2025-01-12 20:20:00-05:00,20928.25,SL_YELLOW,1,-103.5,-2070.0
2025-01-13 19:00:00-05:00,21041.5,2,2025-01-14 03:40:00-05:00,21124.75,TP_GREEN,2,83.25,3330.0
2025-01-14 19:00:00-05:00,20944.5,1,2025-01-15 03:00:00-05:00,20922.75,SL_YELLOW,1,-21.75,-435.0
2025-01-15 19:00:00-05:00,21425.75,2,2025-01-15 23:20:00-05:00,21385.5,SL_YELLOW,2,-40.25,-1610.0
2025-01-16 19:00:00-05:00,21231.5,1,2025-01-17 02:20:00-05:00,21257.5,SL_YELLOW,1,26.0,520.0
2025-01-19 19:00:00-05:00,21549.5,1,2025-01-20 02:40:00-05:00,21621.25,TP_GREEN,1,71.75,1435.0
2025-01-20 19:00:00-05:00,21723.75,1,2025-01-20 19:40:00-05:00,21486.5,SL_YELLOW,1,-237.25,-4745.0
2025-01-21 19:00:00-05:00,21809.25,2,2025-01-22 01:40:00-05:00,21840.5,SL_YELLOW,2,31.25,1250.0
2025-01-22 19:00:00-05:00,21966.5,1,2025-01-23 01:20:00-05:00,21943.75,SL_YELLOW,1,-22.75,-455.0
2025-01-23 19:00:00-05:00,22008.75,2,2025-01-23 22:20:00-05:00,22008.5,SL_YELLOW,2,-0.25,-10.0
2025-01-26 19:00:00-05:00,21650.5,1,2025-01-26 20:20:00-05:00,21542.5,SL_YELLOW,1,-108.0,-2160.0
2025-01-27 19:00:00-05:00,21305.75,2,2025-01-28 04:00:00-05:00,21378.0,TP_GREEN,2,72.25,2890.0
2025-01-28 19:00:00-05:00,21553.75,1,2025-01-29 01:00:00-05:00,21654.25,TP_GREEN,1,100.5,2010.0
2025-01-29 19:00:00-05:00,21571.5,1,2025-01-30 01:00:00-05:00,21651.0,TP_GREEN,1,79.5,1590.0
2025-01-30 19:00:00-05:00,21698.25,1,2025-01-31 02:00:00-05:00,21797.75,TP_GREEN,1,99.5,1990.0
2025-02-02 19:00:00-05:00,21109.5,1,2025-02-02 23:20:00-05:00,20990.0,SL_YELLOW,1,-119.5,-2390.0
2025-02-03 19:00:00-05:00,21540.75,2,2025-02-03 21:40:00-05:00,21467.25,SL_YELLOW,2,-73.5,-2940.0
2025-02-04 19:00:00-05:00,21585.0,1,2025-02-04 21:40:00-05:00,21564.0,SL_YELLOW,1,-21.0,-420.0
2025-02-05 19:00:00-05:00,21784.5,2,2025-02-06 02:40:00-05:00,21790.5,SL_YELLOW,2,6.0,240.0
2025-02-06 19:00:00-05:00,21850.75,1,2025-02-07 00:20:00-05:00,21853.0,SL_YELLOW,1,2.25,45.0
2025-02-10 19:00:00-05:00,21786.0,1,2025-02-10 21:00:00-05:00,21771.5,SL_YELLOW,1,-14.5,-290.0
2025-02-11 19:00:00-05:00,21810.0,2,2025-02-11 22:20:00-05:00,21790.0,SL_YELLOW,2,-20.0,-800.0
2025-02-12 19:00:00-05:00,21875.0,1,2025-02-13 01:40:00-05:00,21889.5,SL_YELLOW,1,14.5,290.0
2025-02-13 19:00:00-05:00,22095.0,1,2025-02-14 03:20:00-05:00,22120.25,SL_YELLOW,1,25.25,505.0
2025-02-16 19:00:00-05:00,22217.5,1,2025-02-17 02:40:00-05:00,22239.5,SL_YELLOW,1,22.0,440.0
2025-02-17 19:00:00-05:00,22225.75,1,2025-02-18 00:40:00-05:00,22252.25,SL_YELLOW,1,26.5,530.0
2025-02-18 19:00:00-05:00,22263.0,1,2025-02-19 02:00:00-05:00,22255.0,SL_YELLOW,1,-8.0,-160.0
2025-02-19 19:00:00-05:00,22209.0,2,2025-02-19 20:20:00-05:00,22189.0,SL_YELLOW,2,-20.0,-800.0
2025-02-20 19:00:00-05:00,22163.0,1,2025-02-21 08:00:00-05:00,22223.75,TP_GREEN,1,60.75,1215.0
2025-02-23 19:00:00-05:00,21764.25,1,2025-02-24 02:20:00-05:00,21752.0,SL_YELLOW,1,-12.25,-245.0
2025-02-24 19:00:00-05:00,21415.25,2,2025-02-25 02:00:00-05:00,21408.75,SL_YELLOW,2,-6.5,-260.0
2025-02-25 19:00:00-05:00,21224.25,1,2025-02-26 04:00:00-05:00,21327.5,TP_GREEN,1,103.25,2065.0
2025-02-26 19:00:00-05:00,21193.5,1,2025-02-27 01:40:00-05:00,21282.25,TP_GREEN,1,88.75,1775.0
2025-02-27 19:00:00-05:00,20670.25,1,2025-02-27 22:00:00-05:00,20545.0,SL_YELLOW,1,-125.25,-2505.0
2025-03-02 19:00:00-05:00,20874.25,2,2025-03-03 00:20:00-05:00,20986.0,TP_GREEN,2,111.75,4470.0
2025-03-03 19:00:00-05:00,20526.0,1,2025-03-04 02:20:00-05:00,20498.25,SL_YELLOW,1,-27.75,-555.0
2025-03-04 19:00:00-05:00,20550.5,2,2025-03-05 06:00:00-05:00,20537.25,SL_YELLOW,2,-13.25,-530.0
2025-03-05 19:00:00-05:00,20628.0,1,2025-03-06 02:40:00-05:00,20546.0,SL_YELLOW,1,-82.0,-1640.0
2025-03-06 19:00:00-05:00,20196.75,2,2025-03-07 01:40:00-05:00,20123.5,SL_YELLOW,2,-73.25,-2930.0
2025-03-09 19:00:00-04:00,20041.5,1,2025-03-10 03:00:00-04:00,20113.75,TP_GREEN,1,72.25,1445.0
2025-03-10 19:00:00-04:00,19306.0,1,2025-03-10 21:00:00-04:00,19186.5,SL_YELLOW,1,-119.5,-2390.0
2025-03-11 19:00:00-04:00,19443.0,2,2025-03-12 02:40:00-04:00,19415.0,SL_YELLOW,2,-28.0,-1120.0
2025-03-12 19:00:00-04:00,19647.75,1,2025-03-12 22:40:00-04:00,19591.0,SL_YELLOW,1,-56.75,-1135.0
2025-03-13 19:00:00-04:00,19361.25,2,2025-03-14 02:00:00-04:00,19405.0,SL_YELLOW,2,43.75,1750.0
2025-03-16 19:00:00-04:00,19578.25,1,2025-03-17 00:00:00-04:00,19810.5,TP_GREEN,1,232.25,4645.0
2025-03-17 19:00:00-04:00,20027.0,1,2025-03-17 21:20:00-04:00,19971.25,SL_YELLOW,1,-55.75,-1115.0
2025-03-18 19:00:00-04:00,19697.5,2,2025-03-19 01:00:00-04:00,19729.5,SL_YELLOW,2,32.0,1280.0
2025-03-19 19:00:00-04:00,20009.25,1,2025-03-20 02:20:00-04:00,20051.0,SL_YELLOW,1,41.75,835.0
2025-03-20 19:00:00-04:00,19856.5,1,2025-03-20 23:00:00-04:00,19878.25,SL_YELLOW,1,21.75,435.0
2025-03-23 19:00:00-04:00,20062.75,1,2025-03-24 02:40:00-04:00,20149.0,TP_GREEN,1,86.25,1725.0
2025-03-24 19:00:00-04:00,20351.0,1,2025-03-24 23:20:00-04:00,20337.25,SL_YELLOW,1,-13.75,-275.0
2025-03-25 19:00:00-04:00,20514.25,2,2025-03-25 22:00:00-04:00,20498.75,SL_YELLOW,2,-15.5,-620.0
2025-03-26 19:00:00-04:00,20022.5,1,2025-03-26 23:00:00-04:00,20122.5,TP_GREEN,1,100.0,2000.0
2025-03-27 19:00:00-04:00,19969.5,1,2025-03-28 02:40:00-04:00,19928.25,SL_YELLOW,1,-41.25,-825.0
2025-03-30 19:00:00-04:00,19288.75,2,2025-03-30 20:00:00-04:00,19173.0,SL_YELLOW,2,-115.75,-4630.0
2025-03-31 19:00:00-04:00,19381.5,1,2025-04-01 03:00:00-04:00,19439.25,TP_GREEN,1,57.75,1155.0
2025-04-01 19:00:00-04:00,19650.75,1,2025-04-01 20:20:00-04:00,19580.75,SL_YELLOW,1,-70.0,-1400.0
2025-04-02 19:00:00-04:00,18904.5,2,2025-04-02 21:40:00-04:00,19084.25,TP_GREEN,2,179.75,7190.0
2025-04-03 19:00:00-04:00,18637.25,1,2025-04-03 23:20:00-04:00,18548.75,SL_YELLOW,1,-88.5,-1770.0
2025-04-06 19:00:00-04:00,16580.25,2,2025-04-06 21:00:00-04:00,16827.75,TP_GREEN,2,247.5,9900.0
2025-04-07 19:00:00-04:00,17767.5,1,2025-04-08 01:00:00-04:00,17678.25,SL_YELLOW,1,-89.25,-1785.0
2025-04-08 19:00:00-04:00,16932.75,2,2025-04-08 21:40:00-04:00,17099.25,TP_GREEN,2,166.5,6660.0
2025-04-09 19:00:00-04:00,19342.25,1,2025-04-09 23:00:00-04:00,19040.0,SL_YELLOW,1,-302.25,-6045.0
2025-04-10 19:00:00-04:00,18453.75,2,2025-04-10 20:40:00-04:00,18182.0,SL_YELLOW,2,-271.75,-10870.0
2025-04-13 19:00:00-04:00,19037.0,1,2025-04-14 02:20:00-04:00,19136.25,TP_GREEN,1,99.25,1985.0
2025-04-14 19:00:00-04:00,18865.5,1,2025-04-15 03:00:00-04:00,19005.0,TP_GREEN,1,139.5,2790.0
2025-04-15 19:00:00-04:00,18734.0,1,2025-04-16 01:00:00-04:00,18596.25,SL_YELLOW,1,-137.75,-2755.0
2025-04-16 19:00:00-04:00,18410.75,2,2025-04-16 23:40:00-04:00,18537.25,TP_GREEN,2,126.5,5060.0
2025-04-20 19:00:00-04:00,18304.25,1,2025-04-20 21:00:00-04:00,18265.0,SL_YELLOW,1,-39.25,-785.0
2025-04-21 19:00:00-04:00,17909.5,2,2025-04-21 21:20:00-04:00,18057.5,TP_GREEN,2,148.0,5920.0
2025-04-22 19:00:00-04:00,18760.0,1,2025-04-22 21:20:00-04:00,18648.5,SL_YELLOW,1,-111.5,-2230.0
2025-04-23 19:00:00-04:00,18827.25,2,2025-04-23 22:20:00-04:00,18757.75,SL_YELLOW,2,-69.5,-2780.0
2025-04-24 19:00:00-04:00,19401.0,1,2025-04-24 22:20:00-04:00,19378.5,SL_YELLOW,1,-22.5,-450.0
2025-04-27 19:00:00-04:00,19448.75,2,2025-04-28 05:20:00-04:00,19524.75,TP_GREEN,2,76.0,3040.0
2025-04-28 19:00:00-04:00,19497.75,1,2025-04-28 22:00:00-04:00,19604.25,TP_GREEN,1,106.5,2130.0
2025-04-29 19:00:00-04:00,19556.5,1,2025-04-29 23:00:00-04:00,19493.75,SL_YELLOW,1,-62.75,-1255.0
2025-04-30 19:00:00-04:00,19886.5,2,2025-05-01 04:40:00-04:00,19979.25,TP_GREEN,2,92.75,3710.0
2025-05-01 19:00:00-04:00,19809.0,1,2025-05-01 20:40:00-04:00,19942.0,TP_GREEN,1,133.0,2660.0
2025-05-04 19:00:00-04:00,20104.5,1,2025-05-04 21:40:00-04:00,19997.75,SL_YELLOW,1,-106.75,-2135.0
2025-05-05 19:00:00-04:00,20030.25,2,2025-05-05 21:20:00-04:00,19961.5,SL_YELLOW,2,-68.75,-2750.0
2025-05-06 19:00:00-04:00,20046.75,1,2025-05-06 22:40:00-04:00,19996.0,SL_YELLOW,1,-50.75,-1015.0
2025-05-07 19:00:00-04:00,19959.5,2,2025-05-07 21:00:00-04:00,20087.5,TP_GREEN,2,128.0,5120.0
2025-05-08 19:00:00-04:00,20167.75,1,2025-05-09 07:00:00-04:00,20245.5,TP_GREEN,1,77.75,1555.0
2025-05-11 19:00:00-04:00,20458.5,1,2025-05-12 01:40:00-04:00,20552.5,TP_GREEN,1,94.0,1880.0
2025-05-12 19:00:00-04:00,20948.25,1,2025-05-12 20:40:00-04:00,20871.5,SL_YELLOW,1,-76.75,-1535.0
2025-05-13 19:00:00-04:00,21268.0,2,2025-05-14 02:40:00-04:00,21344.25,TP_GREEN,2,76.25,3050.0
2025-05-14 19:00:00-04:00,21372.25,1,2025-05-15 01:00:00-04:00,21369.25,SL_YELLOW,1,-3.0,-60.0
2025-05-15 19:00:00-04:00,21387.25,2,2025-05-15 20:40:00-04:00,21362.25,SL_YELLOW,2,-25.0,-1000.0
2025-05-18 19:00:00-04:00,21361.5,1,2025-05-18 20:00:00-04:00,21331.0,SL_YELLOW,1,-30.5,-610.0
2025-05-19 19:00:00-04:00,21522.75,2,2025-05-19 21:00:00-04:00,21475.75,SL_YELLOW,2,-47.0,-1880.0
2025-05-20 19:00:00-04:00,21418.25,1,2025-05-20 22:00:00-04:00,21380.75,SL_YELLOW,1,-37.5,-750.0
2025-05-21 19:00:00-04:00,21158.5,2,2025-05-22 07:00:00-04:00,21204.25,TP_GREEN,2,45.75,1830.0
2025-05-22 19:00:00-04:00,21165.25,1,2025-05-23 02:00:00-04:00,21099.25,SL_YELLOW,1,-66.0,-1320.0
2025-05-25 19:00:00-04:00,21171.5,2,2025-05-26 03:00:00-04:00,21246.25,TP_GREEN,2,74.75,2990.0
2025-05-26 19:00:00-04:00,21239.25,1,2025-05-26 21:00:00-04:00,21193.25,SL_YELLOW,1,-46.0,-920.0
2025-05-27 19:00:00-04:00,21482.5,2,2025-05-27 23:40:00-04:00,21442.75,SL_YELLOW,2,-39.75,-1590.0
2025-05-28 19:00:00-04:00,21748.0,1,2025-05-29 04:00:00-04:00,21815.5,TP_GREEN,1,67.5,1350.0
2025-05-29 19:00:00-04:00,21356.25,1,2025-05-30 02:20:00-04:00,21346.25,SL_YELLOW,1,-10.0,-200.0
2025-06-01 19:00:00-04:00,21299.0,2,2025-06-01 23:00:00-04:00,21249.75,SL_YELLOW,2,-49.25,-1970.0
2025-06-02 19:00:00-04:00,21509.75,1,2025-06-03 00:00:00-04:00,21454.5,SL_YELLOW,1,-55.25,-1105.0
2025-06-03 19:00:00-04:00,21715.0,2,2025-06-04 08:00:00-04:00,21705.5,SL_YELLOW,2,-9.5,-380.0
2025-06-04 19:00:00-04:00,21742.25,1,2025-06-05 01:00:00-04:00,21731.0,SL_YELLOW,1,-11.25,-225.0
2025-06-05 19:00:00-04:00,21544.25,2,2025-06-06 01:00:00-04:00,21659.5,TP_GREEN,2,115.25,4610.0
2025-06-08 19:00:00-04:00,21754.25,1,2025-06-08 21:20:00-04:00,21737.5,SL_YELLOW,1,-16.75,-335.0
2025-06-09 19:00:00-04:00,21834.0,2,2025-06-09 21:20:00-04:00,21957.5,TP_GREEN,2,123.5,4940.0
2025-06-10 19:00:00-04:00,21977.5,1,2025-06-10 21:00:00-04:00,21903.25,SL_YELLOW,1,-74.25,-1485.0
2025-06-11 19:00:00-04:00,21828.0,2,2025-06-11 20:40:00-04:00,21799.0,SL_YELLOW,2,-29.0,-1160.0
2025-06-12 19:00:00-04:00,21881.5,1,2025-06-12 20:00:00-04:00,21633.75,SL_YELLOW,1,-247.75,-4955.0
2025-06-15 19:00:00-04:00,21635.75,2,2025-06-16 00:00:00-04:00,21907.0,TP_GREEN,2,271.25,10850.0
2025-06-16 19:00:00-04:00,22102.75,1,2025-06-16 19:40:00-04:00,22020.75,SL_YELLOW,1,-82.0,-1640.0
2025-06-17 19:00:00-04:00,21894.5,2,2025-06-17 22:40:00-04:00,21981.25,TP_GREEN,2,86.75,3470.0
2025-06-18 19:00:00-04:00,21935.0,1,2025-06-18 20:00:00-04:00,21856.0,SL_YELLOW,1,-79.0,-1580.0
2025-06-19 19:00:00-04:00,21884.5,2,2025-06-20 04:40:00-04:00,21862.5,SL_YELLOW,2,-22.0,-880.0
2025-06-22 19:00:00-04:00,21743.25,1,2025-06-23 02:40:00-04:00,21815.75,TP_GREEN,1,72.5,1450.0
2025-06-23 19:00:00-04:00,22246.75,1,2025-06-24 02:00:00-04:00,22328.25,TP_GREEN,1,81.5,1630.0
2025-06-24 19:00:00-04:00,22390.25,1,2025-06-25 06:40:00-04:00,22445.25,TP_GREEN,1,55.0,1100.0
2025-06-25 19:00:00-04:00,22457.25,1,2025-06-26 02:40:00-04:00,22536.75,TP_GREEN,1,79.5,1590.0
2025-06-26 19:00:00-04:00,22677.75,1,2025-06-27 03:20:00-04:00,22737.5,TP_GREEN,1,59.75,1195.0
2025-06-30 19:00:00-04:00,22868.0,1,2025-06-30 22:40:00-04:00,22876.25,SL_YELLOW,1,8.25,165.0
2025-07-01 19:00:00-04:00,22714.25,1,2025-07-02 03:20:00-04:00,22744.0,SL_YELLOW,1,29.75,595.0
2025-07-02 19:00:00-04:00,22846.75,1,2025-07-03 04:40:00-04:00,22857.0,SL_YELLOW,1,10.25,205.0
2025-07-03 19:00:00-04:00,23039.25,1,2025-07-03 22:00:00-04:00,22993.75,SL_YELLOW,1,-45.5,-910.0
2025-07-06 19:00:00-04:00,22993.5,2,2025-07-06 21:00:00-04:00,22947.25,SL_YELLOW,2,-46.25,-1850.0
2025-07-07 19:00:00-04:00,22863.0,1,2025-07-08 02:20:00-04:00,22932.75,TP_GREEN,1,69.75,1395.0
2025-07-08 19:00:00-04:00,22922.5,1,2025-07-09 02:00:00-04:00,22858.0,SL_YELLOW,1,-64.5,-1290.0
2025-07-09 19:00:00-04:00,23043.5,2,2025-07-09 21:00:00-04:00,23002.0,SL_YELLOW,2,-41.5,-1660.0
2025-07-10 19:00:00-04:00,23035.0,1,2025-07-10 20:00:00-04:00,22963.5,SL_YELLOW,1,-71.5,-1430.0
2025-07-13 19:00:00-04:00,22857.5,2,2025-07-14 01:40:00-04:00,22831.0,SL_YELLOW,2,-26.5,-1060.0
2025-07-14 19:00:00-04:00,23004.5,1,2025-07-14 21:40:00-04:00,23145.5,TP_GREEN,1,141.0,2820.0
2025-07-15 19:00:00-04:00,22999.0,1,2025-07-16 02:20:00-04:00,22969.5,SL_YELLOW,1,-29.5,-590.0
2025-07-16 19:00:00-04:00,23037.25,2,2025-07-17 02:00:00-04:00,23121.0,TP_GREEN,2,83.75,3350.0
2025-07-17 19:00:00-04:00,23275.0,1,2025-07-18 02:40:00-04:00,23285.0,SL_YELLOW,1,10.0,200.0
2025-07-20 19:00:00-04:00,23214.75,1,2025-07-21 02:20:00-04:00,23287.75,TP_GREEN,1,73.0,1460.0
2025-07-21 19:00:00-04:00,23347.0,1,2025-07-21 23:00:00-04:00,23338.75,SL_YELLOW,1,-8.25,-165.0
2025-07-22 19:00:00-04:00,23232.0,2,2025-07-22 20:20:00-04:00,23213.5,SL_YELLOW,2,-18.5,-740.0
2025-07-23 19:00:00-04:00,23394.0,1,2025-07-23 23:40:00-04:00,23379.5,SL_YELLOW,1,-14.5,-290.0
2025-07-24 19:00:00-04:00,23394.0,2,2025-07-25 00:20:00-04:00,23408.5,SL_YELLOW,2,14.5,580.0
2025-07-27 19:00:00-04:00,23528.25,1,2025-07-28 02:40:00-04:00,23563.5,SL_YELLOW,1,35.25,705.0
2025-07-28 19:00:00-04:00,23522.0,1,2025-07-29 03:40:00-04:00,23588.5,TP_GREEN,1,66.5,1330.0
2025-07-29 19:00:00-04:00,23472.25,1,2025-07-30 03:00:00-04:00,23482.25,SL_YELLOW,1,10.0,200.0
2025-07-30 19:00:00-04:00,23734.5,1,2025-07-31 03:20:00-04:00,23817.0,TP_GREEN,1,82.5,1650.0
2025-07-31 19:00:00-04:00,23294.5,1,2025-08-01 02:00:00-04:00,23277.0,SL_YELLOW,1,-17.5,-350.0
2025-08-03 19:00:00-04:00,22911.25,2,2025-08-04 02:00:00-04:00,22996.0,TP_GREEN,2,84.75,3390.0
2025-08-04 19:00:00-04:00,23338.25,1,2025-08-05 03:20:00-04:00,23336.75,SL_YELLOW,1,-1.5,-30.0
2025-08-05 19:00:00-04:00,23094.75,2,2025-08-06 01:20:00-04:00,23188.75,TP_GREEN,2,94.0,3760.0
2025-08-06 19:00:00-04:00,23458.25,1,2025-08-07 00:40:00-04:00,23464.75,SL_YELLOW,1,6.5,130.0
2025-08-07 19:00:00-04:00,23555.25,1,2025-08-08 01:40:00-04:00,23505.25,SL_YELLOW,1,-50.0,-1000.0
2025-08-10 19:00:00-04:00,23722.5,2,2025-08-11 00:20:00-04:00,23742.0,SL_YELLOW,2,19.5,780.0
2025-08-11 19:00:00-04:00,23643.75,1,2025-08-12 01:00:00-04:00,23640.0,SL_YELLOW,1,-3.75,-75.0
2025-08-12 19:00:00-04:00,23936.75,2,2025-08-12 21:40:00-04:00,23929.0,SL_YELLOW,2,-7.75,-310.0
2025-08-13 19:00:00-04:00,23942.25,1,2025-08-14 01:20:00-04:00,23923.5,SL_YELLOW,1,-18.75,-375.0
2025-08-14 19:00:00-04:00,23904.25,2,2025-08-15 04:20:00-04:00,23916.25,SL_YELLOW,2,12.0,480.0
2025-08-17 19:00:00-04:00,23846.5,1,2025-08-18 00:00:00-04:00,23849.0,SL_YELLOW,1,2.5,50.0
2025-08-18 19:00:00-04:00,23817.25,1,2025-08-18 21:20:00-04:00,23775.5,SL_YELLOW,1,-41.75,-835.0
2025-08-19 19:00:00-04:00,23450.0,2,2025-08-19 21:20:00-04:00,23375.75,SL_YELLOW,2,-74.25,-2970.0
2025-08-20 19:00:00-04:00,23324.75,1,2025-08-21 04:00:00-04:00,23323.25,SL_YELLOW,1,-1.5,-30.0
2025-08-21 19:00:00-04:00,23245.75,2,2025-08-21 20:00:00-04:00,23198.25,SL_YELLOW,2,-47.5,-1900.0
2025-08-24 19:00:00-04:00,23572.25,1,2025-08-24 21:00:00-04:00,23543.25,SL_YELLOW,1,-29.0,-580.0
2025-08-25 19:00:00-04:00,23512.0,2,2025-08-25 20:20:00-04:00,23430.75,SL_YELLOW,2,-81.25,-3250.0
2025-08-26 19:00:00-04:00,23612.0,1,2025-08-27 01:00:00-04:00,23597.75,SL_YELLOW,1,-14.25,-285.0
2025-08-27 19:00:00-04:00,23509.75,2,2025-08-28 01:40:00-04:00,23544.0,SL_YELLOW,2,34.25,1370.0
2025-08-28 19:00:00-04:00,23743.5,1,2025-08-28 22:20:00-04:00,23721.25,SL_YELLOW,1,-22.25,-445.0
2025-08-31 19:00:00-04:00,23535.0,2,2025-08-31 22:00:00-04:00,23482.0,SL_YELLOW,2,-53.0,-2120.0
2025-09-01 19:00:00-04:00,23453.0,1,2025-09-01 21:40:00-04:00,23442.25,SL_YELLOW,1,-10.75,-215.0
2025-09-02 19:00:00-04:00,23340.25,2,2025-09-03 04:00:00-04:00,23422.75,TP_GREEN,2,82.5,3300.0
2025-09-03 19:00:00-04:00,23451.0,1,2025-09-03 23:00:00-04:00,23478.5,SL_YELLOW,1,27.5,550.0
2025-09-04 19:00:00-04:00,23709.5,1,2025-09-05 02:20:00-04:00,23785.0,TP_GREEN,1,75.5,1510.0
2025-09-07 19:00:00-04:00,23748.75,1,2025-09-08 00:00:00-04:00,23738.75,SL_YELLOW,1,-10.0,-200.0
2025-09-08 19:00:00-04:00,23824.25,2,2025-09-09 03:40:00-04:00,23856.0,SL_YELLOW,2,31.75,1270.0
2025-09-09 19:00:00-04:00,23890.0,1,2025-09-10 04:00:00-04:00,23922.5,SL_YELLOW,1,32.5,650.0
2025-09-10 19:00:00-04:00,23911.0,1,2025-09-11 00:20:00-04:00,23882.5,SL_YELLOW,1,-28.5,-570.0
2025-09-11 19:00:00-04:00,24017.25,2,2025-09-11 22:00:00-04:00,23993.75,SL_YELLOW,2,-23.5,-940.0
2025-09-14 19:00:00-04:00,24120.5,1,2025-09-15 00:00:00-04:00,24362.75,TP_GREEN,1,242.25,4845.0
2025-09-15 19:00:00-04:00,24538.75,1,2025-09-16 03:20:00-04:00,24615.75,TP_GREEN,1,77.0,1540.0
2025-09-16 19:00:00-04:00,24546.0,1,2025-09-16 22:00:00-04:00,24523.25,SL_YELLOW,1,-22.75,-455.0
2025-09-17 19:00:00-04:00,24575.0,2,2025-09-18 02:00:00-04:00,24599.25,SL_YELLOW,2,24.25,970.0
2025-09-18 19:00:00-04:00,24738.25,1,2025-09-19 00:00:00-04:00,24689.25,SL_YELLOW,1,-49.0,-980.0
2025-09-21 19:00:00-04:00,24849.75,2,2025-09-21 20:40:00-04:00,24832.5,SL_YELLOW,2,-17.25,-690.0
2025-09-22 19:00:00-04:00,24988.75,1,2025-09-23 00:20:00-04:00,24984.25,SL_YELLOW,1,-4.5,-90.0
2025-09-23 19:00:00-04:00,24851.5,2,2025-09-24 03:00:00-04:00,24858.5,SL_YELLOW,2,7.0,280.0
2025-09-24 19:00:00-04:00,24743.5,1,2025-09-25 00:40:00-04:00,24760.5,SL_YELLOW,1,17.0,340.0
2025-09-25 19:00:00-04:00,24635.25,1,2025-09-25 23:00:00-04:00,24583.25,SL_YELLOW,1,-52.0,-1040.0
2025-09-28 19:00:00-04:00,24758.0,2,2025-09-29 01:40:00-04:00,24825.75,TP_GREEN,2,67.75,2710.0
2025-09-29 19:00:00-04:00,24829.75,1,2025-09-30 02:40:00-04:00,24818.5,SL_YELLOW,1,-11.25,-225.0
2025-09-30 19:00:00-04:00,24838.0,2,2025-09-30 20:20:00-04:00,24791.0,SL_YELLOW,2,-47.0,-1880.0
2025-10-01 19:00:00-04:00,25025.25,1,2025-10-02 04:00:00-04:00,25105.5,TP_GREEN,1,80.25,1605.0
2025-10-02 19:00:00-04:00,25114.0,1,2025-10-03 01:40:00-04:00,25176.75,TP_GREEN,1,62.75,1255.0
2025-10-05 19:00:00-04:00,25059.25,1,2025-10-06 03:20:00-04:00,25075.5,SL_YELLOW,1,16.25,325.0
2025-10-06 19:00:00-04:00,25143.75,1,2025-10-07 02:20:00-04:00,25157.25,SL_YELLOW,1,13.5,270.0
2025-10-07 19:00:00-04:00,25050.25,1,2025-10-08 01:20:00-04:00,25066.25,SL_YELLOW,1,16.0,320.0
2025-10-08 19:00:00-04:00,25386.5,1,2025-10-08 21:00:00-04:00,25330.5,SL_YELLOW,1,-56.0,-1120.0
2025-10-09 19:00:00-04:00,25315.0,2,2025-10-09 23:20:00-04:00,25326.25,SL_YELLOW,2,11.25,450.0
2025-10-12 19:00:00-04:00,24688.0,1,2025-10-12 21:00:00-04:00,24830.5,TP_GREEN,1,142.5,2850.0
2025-10-13 19:00:00-04:00,24914.25,1,2025-10-13 20:20:00-04:00,25022.5,TP_GREEN,1,108.25,2165.0
2025-10-14 19:00:00-04:00,24799.0,1,2025-10-15 01:00:00-04:00,24898.5,TP_GREEN,1,99.5,1990.0
2025-10-15 19:00:00-04:00,24947.5,1,2025-10-16 03:00:00-04:00,25007.75,TP_GREEN,1,60.25,1205.0
2025-10-16 19:00:00-04:00,24744.0,1,2025-10-16 23:20:00-04:00,24733.0,SL_YELLOW,1,-11.0,-220.0
2025-10-19 19:00:00-04:00,25037.75,2,2025-10-20 03:00:00-04:00,25125.0,TP_GREEN,2,87.25,3490.0
2025-10-20 19:00:00-04:00,25328.25,1,2025-10-20 23:40:00-04:00,25330.0,SL_YELLOW,1,1.75,35.0
2025-10-21 19:00:00-04:00,25253.0,1,2025-10-22 02:40:00-04:00,25320.25,TP_GREEN,1,67.25,1345.0
2025-10-22 19:00:00-04:00,25050.75,1,2025-10-23 05:00:00-04:00,25054.25,SL_YELLOW,1,3.5,70.0
2025-10-23 19:00:00-04:00,25296.0,1,2025-10-24 02:20:00-04:00,25363.0,TP_GREEN,1,67.0,1340.0
2025-10-26 19:00:00-04:00,25721.75,1,2025-10-27 02:20:00-04:00,25794.25,TP_GREEN,1,72.5,1450.0
2025-10-27 19:00:00-04:00,26004.75,1,2025-10-27 20:00:00-04:00,25982.0,SL_YELLOW,1,-22.75,-455.0
2025-10-28 19:00:00-04:00,26180.75,2,2025-10-29 01:20:00-04:00,26259.5,TP_GREEN,2,78.75,3150.0
2025-10-29 19:00:00-04:00,26194.5,1,2025-10-29 22:00:00-04:00,26365.25,TP_GREEN,1,170.75,3415.0
2025-10-30 19:00:00-04:00,26138.25,1,2025-10-31 04:00:00-04:00,26169.25,SL_YELLOW,1,31.0,620.0
2025-11-02 19:00:00-05:00,26106.25,1,2025-11-02 21:20:00-05:00,26075.75,SL_YELLOW,1,-30.5,-610.0
2025-11-03 19:00:00-05:00,26007.5,2,2025-11-03 21:40:00-05:00,25945.75,SL_YELLOW,2,-61.75,-2470.0
2025-11-04 19:00:00-05:00,25488.25,1,2025-11-04 20:20:00-05:00,25294.0,SL_YELLOW,1,-194.25,-3885.0
2025-11-05 19:00:00-05:00,25719.5,2,2025-11-06 01:40:00-05:00,25683.0,SL_YELLOW,2,-36.5,-1460.0
2025-11-06 19:00:00-05:00,25305.75,1,2025-11-06 20:20:00-05:00,25230.5,SL_YELLOW,1,-75.25,-1505.0
2025-11-09 19:00:00-05:00,25314.75,2,2025-11-09 21:40:00-05:00,25433.5,TP_GREEN,2,118.75,4750.0
2025-11-10 19:00:00-05:00,25742.5,1,2025-11-10 23:20:00-05:00,25710.5,SL_YELLOW,1,-32.0,-640.0
2025-11-11 19:00:00-05:00,25669.0,2,2025-11-11 23:00:00-05:00,25707.5,SL_YELLOW,2,38.5,1540.0
2025-11-12 19:00:00-05:00,25580.25,1,2025-11-12 20:00:00-05:00,25697.5,TP_GREEN,1,117.25,2345.0
2025-11-13 19:00:00-05:00,25127.5,1,2025-11-13 23:00:00-05:00,25074.25,SL_YELLOW,1,-53.25,-1065.0
2025-11-16 19:00:00-05:00,25133.0,2,2025-11-16 22:00:00-05:00,25254.75,TP_GREEN,2,121.75,4870.0
2025-11-17 19:00:00-05:00,24877.0,1,2025-11-17 21:40:00-05:00,24845.5,SL_YELLOW,1,-31.5,-630.0
2025-11-18 19:00:00-05:00,24511.75,2,2025-11-18 22:00:00-05:00,24603.75,TP_GREEN,2,92.0,3680.0
2025-11-19 19:00:00-05:00,25127.5,1,2025-11-20 04:00:00-05:00,25116.75,SL_YELLOW,1,-10.75,-215.0
2025-11-20 19:00:00-05:00,24180.5,2,2025-11-21 02:40:00-05:00,24076.0,SL_YELLOW,2,-104.5,-4180.0
2025-11-23 19:00:00-05:00,24426.5,1,2025-11-24 03:00:00-05:00,24535.0,TP_GREEN,1,108.5,2170.0
2025-11-24 19:00:00-05:00,24930.0,1,2025-11-25 01:40:00-05:00,24905.25,SL_YELLOW,1,-24.75,-495.0
2025-11-25 19:00:00-05:00,25103.25,2,2025-11-26 00:20:00-05:00,25199.75,TP_GREEN,2,96.5,3860.0
2025-11-26 19:00:00-05:00,25325.75,1,2025-11-27 01:20:00-05:00,25310.5,SL_YELLOW,1,-15.25,-305.0
2025-11-27 19:00:00-05:00,25344.75,2,2025-11-28 12:00:00-05:00,25426.75,TP_GREEN,2,82.0,3280.0
2025-11-30 19:00:00-05:00,25412.5,1,2025-11-30 20:20:00-05:00,25302.75,SL_YELLOW,1,-109.75,-2195.0
2025-12-01 19:00:00-05:00,25405.5,2,2025-12-01 22:20:00-05:00,25360.75,SL_YELLOW,2,-44.75,-1790.0
2025-12-02 19:00:00-05:00,25615.25,1,2025-12-03 03:20:00-05:00,25632.25,SL_YELLOW,1,17.0,340.0
2025-12-03 19:00:00-05:00,25656.75,1,2025-12-04 04:00:00-05:00,25623.5,SL_YELLOW,1,-33.25,-665.0
2025-12-04 19:00:00-05:00,25621.5,2,2025-12-04 23:00:00-05:00,25706.5,TP_GREEN,2,85.0,3400.0
2025-12-07 19:00:00-05:00,25720.0,1,2025-12-08 00:40:00-05:00,25794.0,TP_GREEN,1,74.0,1480.0
2025-12-08 19:00:00-05:00,25716.25,1,2025-12-09 00:00:00-05:00,25676.25,SL_YELLOW,1,-40.0,-800.0
2025-12-09 19:00:00-05:00,25674.75,2,2025-12-10 00:00:00-05:00,25677.0,SL_YELLOW,2,2.25,90.0
2025-12-10 19:00:00-05:00,25720.5,1,2025-12-10 21:00:00-05:00,25616.75,SL_YELLOW,1,-103.75,-2075.0
2025-12-11 19:00:00-05:00,25660.5,2,2025-12-12 04:00:00-05:00,25625.0,SL_YELLOW,2,-35.5,-1420.0
2025-12-14 19:00:00-05:00,25203.5,1,2025-12-15 03:40:00-05:00,25282.0,TP_GREEN,1,78.5,1570.0
2025-12-15 19:00:00-05:00,25012.0,1,2025-12-15 20:20:00-05:00,24891.75,SL_YELLOW,1,-120.25,-2405.0
2025-12-16 19:00:00-05:00,25066.75,2,2025-12-17 01:00:00-05:00,25166.25,TP_GREEN,2,99.5,3980.0
2025-12-17 19:00:00-05:00,24742.25,1,2025-12-17 22:00:00-05:00,24685.75,SL_YELLOW,1,-56.5,-1130.0
2025-12-18 19:00:00-05:00,24996.0,2,2025-12-19 02:00:00-05:00,25126.25,TP_GREEN,2,130.25,5210.0
2025-12-21 19:00:00-05:00,25651.75,1,2025-12-22 04:40:00-05:00,25714.0,TP_GREEN,1,62.25,1245.0
2025-12-22 19:00:00-05:00,25713.25,1,2025-12-22 23:20:00-05:00,25690.0,SL_YELLOW,1,-23.25,-465.0
2025-12-23 19:00:00-05:00,25816.75,2,2025-12-23 21:20:00-05:00,25791.75,SL_YELLOW,2,-25.0,-1000.0
2025-12-25 19:00:00-05:00,25905.5,1,2025-12-25 22:40:00-05:00,25882.5,SL_YELLOW,1,-23.0,-460.0
2025-12-28 19:00:00-05:00,25856.5,2,2025-12-28 20:20:00-05:00,25852.25,SL_YELLOW,2,-4.25,-170.0
2025-12-29 19:00:00-05:00,25714.0,1,2025-12-30 02:00:00-05:00,25708.75,SL_YELLOW,1,-5.25,-105.0
2025-12-30 19:00:00-05:00,25645.5,2,2025-12-31 00:40:00-05:00,25600.0,SL_YELLOW,2,-45.5,-1820.0
2026-01-01 19:00:00-05:00,25494.25,1,2026-01-01 21:40:00-05:00,25605.25,TP_GREEN,1,111.0,2220.0
2026-01-04 19:00:00-05:00,25475.0,1,2026-01-05 02:20:00-05:00,25464.5,SL_YELLOW,1,-10.5,-210.0
2026-01-05 19:00:00-05:00,25559.75,2,2026-01-06 00:00:00-05:00,25652.25,TP_GREEN,2,92.5,3700.0
2026-01-06 19:00:00-05:00,25829.0,1,2026-01-06 23:00:00-05:00,25791.0,SL_YELLOW,1,-38.0,-760.0
2026-01-07 19:00:00-05:00,25824.75,2,2026-01-07 21:40:00-05:00,25786.75,SL_YELLOW,2,-38.0,-1520.0
2026-01-08 19:00:00-05:00,25686.75,1,2026-01-08 20:20:00-05:00,25630.25,SL_YELLOW,1,-56.5,-1130.0
2026-01-11 19:00:00-05:00,25868.25,2,2026-01-11 22:40:00-05:00,25735.0,SL_YELLOW,2,-133.25,-5330.0
2026-01-12 19:00:00-05:00,25892.5,1,2026-01-13 05:00:00-05:00,25882.75,SL_YELLOW,1,-9.75,-195.0
2026-01-13 19:00:00-05:00,25914.75,2,2026-01-14 00:00:00-05:00,25876.5,SL_YELLOW,2,-38.25,-1530.0
2026-01-14 19:00:00-05:00,25593.75,1,2026-01-15 01:00:00-05:00,25697.75,TP_GREEN,1,104.0,2080.0
2026-01-15 19:00:00-05:00,25741.75,1,2026-01-16 01:40:00-05:00,25824.25,TP_GREEN,1,82.5,1650.0
2026-01-18 19:00:00-05:00,25415.5,1,2026-01-19 02:20:00-05:00,25337.0,SL_YELLOW,1,-78.5,-1570.0
2026-01-19 19:00:00-05:00,25342.25,2,2026-01-19 23:40:00-05:00,25374.75,SL_YELLOW,2,32.5,1300.0
2026-01-20 19:00:00-05:00,25147.0,1,2026-01-21 02:00:00-05:00,25242.5,TP_GREEN,1,95.5,1910.0
2026-01-21 19:00:00-05:00,25574.0,1,2026-01-22 00:40:00-05:00,25534.75,SL_YELLOW,1,-39.25,-785.0
2026-01-22 19:00:00-05:00,25627.75,2,2026-01-23 01:00:00-05:00,25725.25,TP_GREEN,2,97.5,3900.0
2026-01-25 19:00:00-05:00,25577.75,1,2026-01-26 01:00:00-05:00,25695.25,TP_GREEN,1,117.5,2350.0
2026-01-26 19:00:00-05:00,25890.75,1,2026-01-26 23:00:00-05:00,25993.5,TP_GREEN,1,102.75,2055.0
2026-01-27 19:00:00-05:00,26156.5,1,2026-01-28 00:40:00-05:00,26248.75,TP_GREEN,1,92.25,1845.0
2026-01-28 19:00:00-05:00,26135.25,1,2026-01-29 00:20:00-05:00,26243.0,TP_GREEN,1,107.75,2155.0
2026-01-29 19:00:00-05:00,25955.0,1,2026-01-29 21:00:00-05:00,25831.25,SL_YELLOW,1,-123.75,-2475.0
2026-02-01 19:00:00-05:00,25591.75,2,2026-02-01 20:00:00-05:00,25507.25,SL_YELLOW,2,-84.5,-3380.0
2026-02-02 19:00:00-05:00,25953.75,1,2026-02-02 21:20:00-05:00,25909.25,SL_YELLOW,1,-44.5,-890.0
2026-02-03 19:00:00-05:00,25425.0,2,2026-02-04 03:20:00-05:00,25416.0,SL_YELLOW,2,-9.0,-360.0
2026-02-04 19:00:00-05:00,25079.75,1,2026-02-04 21:00:00-05:00,25018.5,SL_YELLOW,1,-61.25,-1225.0
2026-02-05 19:00:00-05:00,24311.5,2,2026-02-05 20:40:00-05:00,24524.0,TP_GREEN,2,212.5,8500.0
2026-02-08 19:00:00-05:00,25307.5,1,2026-02-08 20:40:00-05:00,25220.0,SL_YELLOW,1,-87.5,-1750.0
2026-02-09 19:00:00-05:00,25333.0,2,2026-02-10 01:20:00-05:00,25300.5,SL_YELLOW,2,-32.5,-1300.0
2026-02-10 19:00:00-05:00,25273.5,1,2026-02-11 00:20:00-05:00,25300.25,SL_YELLOW,1,26.75,535.0
2026-02-11 19:00:00-05:00,25233.25,1,2026-02-12 00:00:00-05:00,25339.5,TP_GREEN,1,106.25,2125.0
2026-02-12 19:00:00-05:00,24833.0,1,2026-02-13 00:00:00-05:00,24737.0,SL_YELLOW,1,-96.0,-1920.0
2026-02-15 19:00:00-05:00,24841.5,2,2026-02-16 06:00:00-05:00,24859.5,SL_YELLOW,2,18.0,720.0
2026-02-16 19:00:00-05:00,24797.75,1,2026-02-16 20:40:00-05:00,24663.25,SL_YELLOW,1,-134.5,-2690.0
2026-02-17 19:00:00-05:00,24737.75,2,2026-02-18 00:40:00-05:00,24827.5,TP_GREEN,2,89.75,3590.0
2026-02-18 19:00:00-05:00,24951.25,1,2026-02-19 02:20:00-05:00,25041.75,TP_GREEN,1,90.5,1810.0
2026-02-19 19:00:00-05:00,24875.25,1,2026-02-20 02:40:00-05:00,24913.0,SL_YELLOW,1,37.75,755.0
2026-02-22 19:00:00-05:00,24938.75,1,2026-02-23 06:40:00-05:00,24920.5,SL_YELLOW,1,-18.25,-365.0
2026-02-23 19:00:00-05:00,24812.0,2,2026-02-24 00:40:00-05:00,24838.5,SL_YELLOW,2,26.5,1060.0
2026-02-24 19:00:00-05:00,25034.0,1,2026-02-24 22:20:00-05:00,25051.0,SL_YELLOW,1,17.0,340.0
2026-02-25 19:00:00-05:00,25329.5,1,2026-02-26 06:00:00-05:00,25350.5,SL_YELLOW,1,21.0,420.0
2026-02-26 19:00:00-05:00,25018.0,1,2026-02-27 01:00:00-05:00,25003.0,SL_YELLOW,1,-15.0,-300.0
2026-03-01 19:00:00-05:00,24720.5,2,2026-03-01 20:00:00-05:00,24878.25,TP_GREEN,2,157.75,6310.0
2026-03-02 19:00:00-05:00,24942.75,1,2026-03-02 20:40:00-05:00,24878.75,SL_YELLOW,1,-64.0,-1280.0
2026-03-03 19:00:00-05:00,24774.5,2,2026-03-03 21:00:00-05:00,24646.5,SL_YELLOW,2,-128.0,-5120.0
2026-03-04 19:00:00-05:00,25241.0,1,2026-03-04 20:40:00-05:00,25073.5,SL_YELLOW,1,-167.5,-3350.0
2026-03-05 19:00:00-05:00,25083.75,2,2026-03-06 03:20:00-05:00,25071.75,SL_YELLOW,2,-12.0,-480.0
2026-03-08 19:00:00-04:00,24292.25,1,2026-03-08 20:40:00-04:00,24110.0,SL_YELLOW,1,-182.25,-3645.0
2026-03-09 19:00:00-04:00,24920.25,2,2026-03-09 23:20:00-04:00,24888.5,SL_YELLOW,2,-31.75,-1270.0
2026-03-10 19:00:00-04:00,24985.0,1,2026-03-10 22:20:00-04:00,25079.0,TP_GREEN,1,94.0,1880.0
2026-03-11 19:00:00-04:00,24835.75,1,2026-03-11 22:20:00-04:00,24711.5,SL_YELLOW,1,-124.25,-2485.0
2026-03-12 19:00:00-04:00,24580.75,2,2026-03-13 00:20:00-04:00,24566.0,SL_YELLOW,2,-14.75,-590.0
2026-03-15 19:00:00-04:00,24441.75,1,2026-03-16 01:40:00-04:00,24561.25,TP_GREEN,1,119.5,2390.0
2026-03-16 19:00:00-04:00,24631.75,1,2026-03-16 22:40:00-04:00,24589.5,SL_YELLOW,1,-42.25,-845.0
2026-03-17 19:00:00-04:00,24793.5,2,2026-03-17 22:00:00-04:00,24895.0,TP_GREEN,2,101.5,4060.0
2026-03-18 19:00:00-04:00,24398.75,1,2026-03-19 00:00:00-04:00,24424.75,SL_YELLOW,1,26.0,520.0
2026-03-19 19:00:00-04:00,24425.25,1,2026-03-20 02:20:00-04:00,24348.5,SL_YELLOW,1,-76.75,-1535.0
2026-03-22 19:00:00-04:00,24067.25,2,2026-03-22 23:40:00-04:00,23954.75,SL_YELLOW,2,-112.5,-4500.0
2026-03-23 19:00:00-04:00,24475.0,1,2026-03-23 20:00:00-04:00,24324.5,SL_YELLOW,1,-150.5,-3010.0
2026-03-24 19:00:00-04:00,24424.75,2,2026-03-24 22:00:00-04:00,24364.5,SL_YELLOW,2,-60.25,-2410.0
2026-03-25 19:00:00-04:00,24300.25,1,2026-03-25 22:20:00-04:00,24264.0,SL_YELLOW,1,-36.25,-725.0
2026-03-26 19:00:00-04:00,23866.0,2,2026-03-27 01:00:00-04:00,23959.5,TP_GREEN,2,93.5,3740.0
2026-03-29 19:00:00-04:00,23180.5,1,2026-03-29 23:20:00-04:00,23289.75,TP_GREEN,1,109.25,2185.0
2026-03-30 19:00:00-04:00,23049.25,1,2026-03-30 20:40:00-04:00,23185.5,TP_GREEN,1,136.25,2725.0
2026-03-31 19:00:00-04:00,23966.0,1,2026-04-01 01:20:00-04:00,24041.25,TP_GREEN,1,75.25,1505.0
2026-04-01 19:00:00-04:00,24198.75,1,2026-04-01 21:00:00-04:00,24012.25,SL_YELLOW,1,-186.5,-3730.0
2026-04-02 19:00:00-04:00,24197.75,2,2026-04-05 18:00:00-04:00,24024.75,SL_YELLOW,2,-173.0,-6920.0
2026-04-05 19:00:00-04:00,24083.5,1,2026-04-05 20:40:00-04:00,24210.5,TP_GREEN,1,127.0,2540.0
2026-04-06 19:00:00-04:00,24321.5,1,2026-04-06 21:00:00-04:00,24271.5,SL_YELLOW,1,-50.0,-1000.0
2026-04-07 19:00:00-04:00,24973.0,2,2026-04-07 23:00:00-04:00,25108.75,TP_GREEN,2,135.75,5430.0
2026-04-08 19:00:00-04:00,25045.5,1,2026-04-09 03:00:00-04:00,25005.25,SL_YELLOW,1,-40.25,-805.0
2026-04-09 19:00:00-04:00,25213.0,2,2026-04-10 02:00:00-04:00,25241.0,SL_YELLOW,2,28.0,1120.0
2026-04-12 19:00:00-04:00,24941.25,1,2026-04-12 21:00:00-04:00,25067.25,TP_GREEN,1,126.0,2520.0
2026-04-13 19:00:00-04:00,25610.25,1,2026-04-14 06:20:00-04:00,25627.0,SL_YELLOW,1,16.75,335.0
2026-04-15 19:00:00-04:00,26395.25,1,2026-04-16 02:00:00-04:00,26481.25,TP_GREEN,1,86.0,1720.0
2026-04-16 19:00:00-04:00,26477.75,1,2026-04-17 01:00:00-04:00,26451.5,SL_YELLOW,1,-26.25,-525.0
2026-04-19 19:00:00-04:00,26661.5,2,2026-04-20 01:20:00-04:00,26632.75,SL_YELLOW,2,-28.75,-1150.0
2026-04-20 19:00:00-04:00,26803.75,1,2026-04-21 03:00:00-04:00,26819.25,SL_YELLOW,1,15.5,310.0
2026-04-21 19:00:00-04:00,26751.25,1,2026-04-22 01:20:00-04:00,26831.75,TP_GREEN,1,80.5,1610.0
2026-04-22 19:00:00-04:00,27091.75,1,2026-04-22 20:00:00-04:00,26980.0,SL_YELLOW,1,-111.75,-2235.0
2026-04-23 19:00:00-04:00,27037.0,2,2026-04-23 23:00:00-04:00,27059.5,SL_YELLOW,2,22.5,900.0
2026-04-26 19:00:00-04:00,27391.0,1,2026-04-26 21:20:00-04:00,27510.0,TP_GREEN,1,119.0,2380.0
2026-04-27 19:00:00-04:00,27489.25,1,2026-04-27 21:40:00-04:00,27425.5,SL_YELLOW,1,-63.75,-1275.0
2026-04-28 19:00:00-04:00,27223.5,2,2026-04-28 21:00:00-04:00,27220.75,SL_YELLOW,2,-2.75,-110.0
2026-04-29 19:00:00-04:00,27464.25,1,2026-04-29 20:40:00-04:00,27597.75,TP_GREEN,1,133.5,2670.0
2026-04-30 19:00:00-04:00,27598.5,1,2026-05-01 02:20:00-04:00,27603.0,SL_YELLOW,1,4.5,90.0
2026-05-03 19:00:00-04:00,27825.25,1,2026-05-03 22:40:00-04:00,27934.25,TP_GREEN,1,109.0,2180.0
2026-05-04 19:00:00-04:00,27756.75,1,2026-05-05 00:00:00-04:00,27841.5,TP_GREEN,1,84.75,1695.0
2026-05-05 19:00:00-04:00,28369.75,1,2026-05-05 20:00:00-04:00,28296.25,SL_YELLOW,1,-73.5,-1470.0
