date,direction,entry_ts,exit_ts,entry_price,exit_price,reason,pnl,bars_held,mae,mfe,init_atr,entry_hour,on_range,period,year
2020-12-01,LONG,2020-12-01 10:30:00-05:00,2020-12-01 10:50:00-05:00,12404.25,12376.25,SL_YELLOW,-28.0,1,-54.25,3.5,21.25300601762707,10,50.25,IS,2020
2020-12-03,LONG,2020-12-03 10:30:00-05:00,2020-12-03 11:10:00-05:00,12517.5,12463.5,SL_YELLOW,-54.0,2,-55.5,13.0,17.95690789290434,10,42.0,IS,2020
2020-12-04,LONG,2020-12-04 13:10:00-05:00,2020-12-04 13:30:00-05:00,12523.75,12516.5,SL_YELLOW,-7.25,1,-11.0,2.0,19.767914046452205,13,48.75,IS,2020
2020-12-07,LONG,2020-12-07 10:10:00-05:00,2020-12-07 16:10:00-05:00,12588.75,12595.75,FORCE_CLOSE,7.0,18,-41.75,23.5,16.489963818178644,10,64.75,IS,2020
2020-12-08,LONG,2020-12-08 13:30:00-05:00,2020-12-08 16:10:00-05:00,12619.5,12642.5,FORCE_CLOSE,23.0,8,-0.5,33.0,21.831989631562067,13,72.0,IS,2020
2020-12-09,SHORT,2020-12-09 10:30:00-05:00,2020-12-09 10:50:00-05:00,12610.75,12615.5,SL_YELLOW,-4.75,1,-11.75,22.75,15.958192799746271,10,59.5,IS,2020
2020-12-10,LONG,2020-12-10 10:30:00-05:00,2020-12-10 12:50:00-05:00,12387.25,12364.5,SL_YELLOW,-22.75,7,-24.0,60.5,32.58553107968564,10,138.75,IS,2020
2020-12-11,SHORT,2020-12-11 12:50:00-05:00,2020-12-11 13:10:00-05:00,12254.25,12286.75,SL_YELLOW,-32.5,1,-35.5,4.25,28.52035804096812,12,150.25,IS,2020
2020-12-14,LONG,2020-12-14 10:10:00-05:00,2020-12-14 16:10:00-05:00,12512.75,12472.5,FORCE_CLOSE,-40.25,18,-61.5,36.75,20.63924046696515,10,65.5,IS,2020
2020-12-15,LONG,2020-12-15 15:10:00-05:00,2020-12-15 16:10:00-05:00,12576.75,12603.25,FORCE_CLOSE,26.5,3,-5.5,32.0,20.986962171798876,15,146.5,IS,2020
2020-12-16,LONG,2020-12-16 15:10:00-05:00,2020-12-16 16:10:00-05:00,12677.25,12676.0,FORCE_CLOSE,-1.25,3,-11.0,27.5,22.150505617375387,15,69.0,IS,2020
2020-12-18,SHORT,2020-12-18 11:50:00-05:00,2020-12-18 12:30:00-05:00,12697.5,12713.0,SL_YELLOW,-15.5,2,-17.0,12.5,22.73419055665866,11,82.75,IS,2020
2020-12-24,LONG,2020-12-24 10:10:00-05:00,2020-12-24 11:30:00-05:00,12707.5,12673.75,SL_YELLOW,-33.75,4,-35.5,16.5,12.936086909143482,10,46.5,IS,2020
2020-12-28,LONG,2020-12-28 12:50:00-05:00,2020-12-28 16:10:00-05:00,12829.25,12834.25,FORCE_CLOSE,5.0,10,-5.25,26.25,17.080609210769634,12,172.25,IS,2020
2020-12-29,SHORT,2020-12-29 14:50:00-05:00,2020-12-29 15:30:00-05:00,12824.25,12858.5,SL_YELLOW,-34.25,2,-39.75,0.75,22.448709030499227,14,57.5,IS,2020
2020-12-31,SHORT,2020-12-31 12:10:00-05:00,2020-12-31 14:50:00-05:00,12814.75,12845.0,SL_YELLOW,-30.25,8,-34.0,10.25,14.634271903969118,12,30.25,IS,2020
2021-01-04,SHORT,2021-01-04 11:10:00-05:00,2021-01-04 12:10:00-05:00,12704.0,12573.4535467767,TP,130.54645322329998,3,-33.25,133.5,32.636613305825186,11,134.5,IS,2021
2021-01-05,LONG,2021-01-05 10:10:00-05:00,2021-01-05 11:10:00-05:00,12766.0,12715.25,SL_YELLOW,-50.75,3,-57.25,18.0,30.736442895861238,10,115.5,IS,2021
2021-01-07,LONG,2021-01-07 10:10:00-05:00,2021-01-07 16:10:00-05:00,12872.75,12923.75,FORCE_CLOSE,51.0,18,-7.75,86.25,33.14013222925634,10,115.5,IS,2021
2021-01-08,LONG,2021-01-08 11:10:00-05:00,2021-01-08 11:50:00-05:00,13040.5,13015.5,SL_YELLOW,-25.0,2,-39.25,1.25,32.531578578465215,11,104.0,IS,2021
2021-01-11,SHORT,2021-01-11 14:10:00-05:00,2021-01-11 16:10:00-05:00,12935.5,12909.25,FORCE_CLOSE,26.25,6,-10.0,63.75,31.32130958662098,14,152.75,IS,2021
2021-01-12,SHORT,2021-01-12 12:30:00-05:00,2021-01-12 13:30:00-05:00,12814.5,12874.75,SL_YELLOW,-60.25,3,-61.25,18.5,33.528361313444336,12,93.5,IS,2021
2021-01-13,LONG,2021-01-13 11:10:00-05:00,2021-01-13 16:10:00-05:00,12977.5,12974.0,FORCE_CLOSE,-3.5,15,-39.25,25.5,27.829248619819325,11,114.25,IS,2021
2021-01-14,SHORT,2021-01-14 15:50:00-05:00,2021-01-14 16:10:00-05:00,12919.25,12903.75,FORCE_CLOSE,15.5,1,-3.25,38.25,26.529581567218635,15,92.5,IS,2021
2021-01-15,SHORT,2021-01-15 10:30:00-05:00,2021-01-15 11:30:00-05:00,12792.0,12853.75,SL_YELLOW,-61.75,3,-67.5,48.5,34.25737698753974,10,98.0,IS,2021
2021-01-19,LONG,2021-01-19 13:30:00-05:00,2021-01-19 16:10:00-05:00,12968.0,13003.25,FORCE_CLOSE,35.25,8,-6.5,38.5,23.422581108820943,13,138.25,IS,2021
2021-01-20,LONG,2021-01-20 10:10:00-05:00,2021-01-20 13:30:00-05:00,13206.5,13286.275125189663,TP,79.7751251896625,10,-1.25,81.0,19.943781297415843,10,121.5,IS,2021
2021-01-21,LONG,2021-01-21 15:10:00-05:00,2021-01-21 16:10:00-05:00,13406.25,13399.75,FORCE_CLOSE,-6.5,3,-15.75,17.25,22.551888891739843,15,104.0,IS,2021
2021-01-25,LONG,2021-01-25 10:10:00-05:00,2021-01-25 10:50:00-05:00,13530.5,13461.0,SL_YELLOW,-69.5,2,-71.0,9.0,18.63753879762899,10,139.25,IS,2021
2021-01-26,LONG,2021-01-26 13:50:00-05:00,2021-01-26 14:50:00-05:00,13508.25,13492.0,SL_YELLOW,-16.25,3,-27.25,2.75,27.839399402396644,13,116.75,IS,2021
2021-01-27,SHORT,2021-01-27 10:10:00-05:00,2021-01-27 10:50:00-05:00,13345.25,13363.25,SL_YELLOW,-18.0,2,-26.25,39.25,53.73490660668431,10,234.5,IS,2021
2021-01-28,LONG,2021-01-28 10:10:00-05:00,2021-01-28 16:10:00-05:00,13210.25,13185.0,SL_YELLOW,-25.25,18,-54.25,183.75,58.4092878313336,10,283.0,IS,2021
2021-01-29,SHORT,2021-01-29 13:10:00-05:00,2021-01-29 14:10:00-05:00,12887.75,12950.25,SL_YELLOW,-62.5,3,-63.25,56.25,72.18194715472731,13,254.5,IS,2021
2021-02-01,LONG,2021-02-01 11:10:00-05:00,2021-02-01 16:10:00-05:00,13097.0,13221.5,FORCE_CLOSE,124.5,15,-12.0,174.5,46.773104550902694,11,356.75,IS,2021
2021-02-02,LONG,2021-02-02 10:10:00-05:00,2021-02-02 16:10:00-05:00,13393.0,13499.51554655878,TP,106.51554655877953,18,-17.0,116.75,26.62888663969496,10,148.0,IS,2021
2021-02-03,SHORT,2021-02-03 10:50:00-05:00,2021-02-03 12:50:00-05:00,13422.75,13483.5,SL_YELLOW,-60.75,6,-69.75,19.25,32.43613247919363,10,108.75,IS,2021
2021-02-04,LONG,2021-02-04 12:30:00-05:00,2021-02-04 16:10:00-05:00,13468.0,13563.0,FORCE_CLOSE,95.0,11,0.0,99.5,25.565594005276065,12,118.25,IS,2021
2021-02-05,LONG,2021-02-05 13:10:00-05:00,2021-02-05 13:30:00-05:00,13626.75,13617.25,SL_YELLOW,-9.5,1,-10.75,11.75,23.416813120902397,13,90.5,IS,2021
2021-02-09,LONG,2021-02-09 10:30:00-05:00,2021-02-09 11:10:00-05:00,13714.75,13697.5,SL_YELLOW,-17.25,2,-17.25,20.5,15.708107330410629,10,64.0,IS,2021
2021-02-10,SHORT,2021-02-10 10:50:00-05:00,2021-02-10 14:50:00-05:00,13549.5,13686.5,SL_YELLOW,-137.0,12,-139.25,7.0,32.52800853588141,10,90.25,IS,2021
2021-02-12,LONG,2021-02-12 15:50:00-05:00,2021-02-12 16:10:00-05:00,13782.75,13812.0,FORCE_CLOSE,29.25,1,-0.5,31.75,20.56238103560286,15,78.75,IS,2021
2021-02-16,SHORT,2021-02-16 11:30:00-05:00,2021-02-16 16:10:00-05:00,13784.0,13754.0,FORCE_CLOSE,30.0,14,-20.5,68.0,24.23679955843712,11,69.25,IS,2021
2021-02-17,SHORT,2021-02-17 11:30:00-05:00,2021-02-17 12:50:00-05:00,13578.25,13645.75,SL_YELLOW,-67.5,4,-70.25,35.25,37.4282781621066,11,158.75,IS,2021
2021-02-18,SHORT,2021-02-18 10:30:00-05:00,2021-02-18 10:50:00-05:00,13496.25,13526.25,SL_YELLOW,-30.0,1,-38.25,28.25,30.604545866445758,10,197.0,IS,2021
2021-02-22,SHORT,2021-02-22 10:50:00-05:00,2021-02-22 13:50:00-05:00,13348.75,13364.75,SL_YELLOW,-16.0,9,-26.25,68.0,38.025552393500845,10,264.5,IS,2021
2021-02-25,SHORT,2021-02-25 11:50:00-05:00,2021-02-25 16:10:00-05:00,13009.0,12856.0,FORCE_CLOSE,153.0,13,-39.25,245.0,61.81219033289086,11,207.75,IS,2021
2021-02-26,LONG,2021-02-26 12:10:00-05:00,2021-02-26 13:50:00-05:00,13052.25,12963.75,SL_YELLOW,-88.5,5,-109.75,37.25,84.8580792585663,12,318.5,IS,2021
2021-03-01,LONG,2021-03-01 10:50:00-05:00,2021-03-01 16:10:00-05:00,13174.75,13295.5,FORCE_CLOSE,120.75,16,-7.0,122.0,40.2455342418812,10,186.75,IS,2021
2021-03-02,SHORT,2021-03-02 11:50:00-05:00,2021-03-02 12:50:00-05:00,13140.0,13180.0,SL_YELLOW,-40.0,3,-54.25,18.5,47.35900752854701,11,166.5,IS,2021
2021-03-03,SHORT,2021-03-03 10:10:00-05:00,2021-03-03 14:10:00-05:00,12916.0,12741.510797454986,TP,174.48920254501354,12,-54.25,186.0,43.622300636253186,10,227.75,IS,2021
2021-03-04,LONG,2021-03-04 11:10:00-05:00,2021-03-04 11:30:00-05:00,12722.25,12705.75,SL_YELLOW,-16.5,1,-46.5,23.25,68.70561536409522,11,197.5,IS,2021
2021-03-05,SHORT,2021-03-05 11:30:00-05:00,2021-03-05 12:10:00-05:00,12231.25,12324.25,SL_YELLOW,-93.0,2,-145.75,0.75,78.65644752129889,11,328.0,IS,2021
2021-03-08,SHORT,2021-03-08 15:30:00-05:00,2021-03-08 16:10:00-05:00,12342.0,12309.5,FORCE_CLOSE,32.5,2,-55.25,60.25,66.32432805108768,15,385.25,IS,2021
2021-03-09,LONG,2021-03-09 10:10:00-05:00,2021-03-09 16:10:00-05:00,12725.75,12777.0,FORCE_CLOSE,51.25,18,-41.75,141.75,43.063890436984465,10,291.25,IS,2021
2021-03-11,LONG,2021-03-11 11:30:00-05:00,2021-03-11 16:10:00-05:00,13042.25,13053.75,FORCE_CLOSE,11.5,14,-11.5,68.25,41.69932171423866,11,280.0,IS,2021
2021-03-15,LONG,2021-03-15 14:50:00-04:00,2021-03-15 15:30:00-04:00,13019.5,12997.75,SL_YELLOW,-21.75,2,-28.25,5.75,32.85476678145595,14,136.75,IS,2021
2021-03-16,LONG,2021-03-16 10:10:00-04:00,2021-03-16 12:30:00-04:00,13242.5,13184.25,SL_YELLOW,-58.25,7,-73.25,44.75,26.223145893905023,10,119.75,IS,2021
2021-03-17,LONG,2021-03-17 15:10:00-04:00,2021-03-17 16:10:00-04:00,13256.75,13179.0,FORCE_CLOSE,-77.75,3,-101.25,5.75,59.03863462419426,15,206.25,IS,2021
2021-03-18,SHORT,2021-03-18 13:10:00-04:00,2021-03-18 13:30:00-04:00,12916.5,12962.25,SL_YELLOW,-45.75,1,-50.25,8.5,46.12907085530359,13,322.75,IS,2021
2021-03-22,LONG,2021-03-22 10:10:00-04:00,2021-03-22 12:30:00-04:00,13003.5,13111.375161751106,TP,107.87516175110613,7,-21.0,130.0,26.9687904377765,10,175.0,IS,2021
2021-03-23,LONG,2021-03-23 11:30:00-04:00,2021-03-23 11:50:00-04:00,13150.5,13114.0,SL_YELLOW,-36.5,1,-51.75,12.75,35.47875676551259,11,118.25,IS,2021
2021-03-24,SHORT,2021-03-24 10:10:00-04:00,2021-03-24 11:10:00-04:00,12980.5,13020.75,SL_YELLOW,-40.25,3,-56.75,69.75,29.99654418990842,10,129.0,IS,2021
2021-03-25,SHORT,2021-03-25 11:10:00-04:00,2021-03-25 12:10:00-04:00,12645.0,12713.0,SL_YELLOW,-68.0,3,-90.5,35.25,46.513043094085326,11,166.5,IS,2021
2021-03-30,SHORT,2021-03-30 10:10:00-04:00,2021-03-30 10:50:00-04:00,12833.5,12864.25,SL_YELLOW,-30.75,2,-41.0,57.0,28.133181773446797,10,149.0,IS,2021
2021-03-31,LONG,2021-03-31 10:10:00-04:00,2021-03-31 16:10:00-04:00,13084.0,13088.5,FORCE_CLOSE,4.5,18,-15.75,74.0,24.262293071895304,10,122.25,IS,2021
2021-04-01,LONG,2021-04-01 10:10:00-04:00,2021-04-01 16:10:00-04:00,13306.25,13326.25,FORCE_CLOSE,20.0,18,-46.25,21.25,22.758674170175325,10,170.75,IS,2021
2021-04-05,LONG,2021-04-05 10:10:00-04:00,2021-04-05 12:50:00-04:00,13489.75,13574.539364170854,TP,84.78936417085424,8,-4.5,90.25,21.197341042713557,10,129.0,IS,2021
2021-04-06,LONG,2021-04-06 11:50:00-04:00,2021-04-06 12:30:00-04:00,13639.0,13614.75,SL_YELLOW,-24.25,2,-24.75,16.0,26.09203749608889,11,98.0,IS,2021
2021-04-07,LONG,2021-04-07 10:50:00-04:00,2021-04-07 11:30:00-04:00,13609.5,13594.75,SL_YELLOW,-14.75,2,-18.25,21.5,22.182513568120548,10,77.75,IS,2021
2021-04-13,LONG,2021-04-13 10:10:00-04:00,2021-04-13 16:10:00-04:00,13937.25,13975.25,FORCE_CLOSE,38.0,18,-53.25,56.75,23.861479659931025,10,123.25,IS,2021
2021-04-14,SHORT,2021-04-14 10:50:00-04:00,2021-04-14 11:30:00-04:00,13948.0,13864.503097433007,TP,83.4969025669925,2,-4.5,93.75,20.87422564174808,10,71.5,IS,2021
2021-04-15,LONG,2021-04-15 10:50:00-04:00,2021-04-15 16:10:00-04:00,13986.25,14017.25,FORCE_CLOSE,31.0,16,-43.0,48.0,23.239951409795086,10,155.75,IS,2021
2021-04-19,SHORT,2021-04-19 10:30:00-04:00,2021-04-19 12:50:00-04:00,13929.75,13825.822709671089,TP,103.92729032891111,7,-19.25,108.75,25.9818225822279,10,106.25,IS,2021
2021-04-20,SHORT,2021-04-20 11:50:00-04:00,2021-04-20 16:10:00-04:00,13770.25,13741.25,FORCE_CLOSE,29.0,13,-46.75,36.5,37.10660291455122,11,119.75,IS,2021
2021-04-21,LONG,2021-04-21 10:50:00-04:00,2021-04-21 15:50:00-04:00,13788.75,13899.205368080411,TP,110.45536808041106,15,-20.5,123.25,27.613842020102588,10,78.75,IS,2021
2021-04-22,SHORT,2021-04-22 13:50:00-04:00,2021-04-22 16:10:00-04:00,13759.25,13752.0,FORCE_CLOSE,7.25,7,-32.5,57.5,37.70587605504351,13,60.0,IS,2021
2021-04-23,LONG,2021-04-23 10:10:00-04:00,2021-04-23 11:30:00-04:00,13838.75,13913.26015920828,TP,74.51015920827922,4,-13.75,78.25,18.627539802069666,10,54.0,IS,2021
2021-04-26,LONG,2021-04-26 10:30:00-04:00,2021-04-26 16:10:00-04:00,13953.0,14028.00577977681,TP,75.0057797768095,17,-8.5,86.25,18.751444944202362,10,78.75,IS,2021
2021-04-27,SHORT,2021-04-27 10:10:00-04:00,2021-04-27 16:10:00-04:00,13955.75,13945.5,FORCE_CLOSE,10.25,18,-30.0,43.25,17.180980760916864,10,42.25,IS,2021
2021-04-29,SHORT,2021-04-29 10:30:00-04:00,2021-04-29 12:10:00-04:00,13944.0,13851.155164118521,TP,92.8448358814785,5,-2.75,125.5,23.211208970369782,10,111.5,IS,2021
2021-05-03,SHORT,2021-05-03 11:50:00-04:00,2021-05-03 16:10:00-04:00,13811.0,13790.25,FORCE_CLOSE,20.75,13,-10.5,39.0,32.41492338557596,11,71.75,IS,2021
2021-05-04,SHORT,2021-05-04 10:10:00-04:00,2021-05-04 11:50:00-04:00,13535.0,13401.96961708513,TP,133.03038291487064,5,-17.5,134.0,33.25759572871783,10,142.25,IS,2021
2021-05-05,SHORT,2021-05-05 15:50:00-04:00,2021-05-05 16:10:00-04:00,13502.25,13497.5,FORCE_CLOSE,4.75,1,-3.5,26.25,37.05598692135436,15,145.5,IS,2021
2021-05-06,SHORT,2021-05-06 10:30:00-04:00,2021-05-06 10:50:00-04:00,13418.5,13455.75,SL_YELLOW,-37.25,1,-69.5,6.75,34.37132185673339,10,119.5,IS,2021
2021-05-10,SHORT,2021-05-10 10:10:00-04:00,2021-05-10 14:30:00-04:00,13520.25,13402.222863420388,TP,118.02713657961249,13,-34.5,143.25,29.506784144903236,10,115.5,IS,2021
2021-05-11,LONG,2021-05-11 13:50:00-04:00,2021-05-11 14:10:00-04:00,13355.75,13322.75,SL_YELLOW,-33.0,1,-36.5,3.0,55.00593673386716,13,279.25,IS,2021
2021-05-12,SHORT,2021-05-12 11:10:00-04:00,2021-05-12 16:10:00-04:00,13086.0,12983.75,FORCE_CLOSE,102.25,15,-22.0,126.25,56.742350079933324,11,261.5,IS,2021
2021-05-13,LONG,2021-05-13 10:30:00-04:00,2021-05-13 11:30:00-04:00,13179.25,13096.75,SL_YELLOW,-82.5,3,-89.0,44.5,47.22336269511951,10,220.5,IS,2021
2021-05-14,LONG,2021-05-14 10:50:00-04:00,2021-05-14 16:10:00-04:00,13318.75,13396.0,FORCE_CLOSE,77.25,16,-10.0,107.5,32.62302538163187,10,189.5,IS,2021
2021-05-17,SHORT,2021-05-17 10:30:00-04:00,2021-05-17 10:50:00-04:00,13279.0,13301.25,SL_YELLOW,-22.25,1,-49.5,20.25,33.94725035913183,10,147.5,IS,2021
2021-05-18,SHORT,2021-05-18 15:10:00-04:00,2021-05-18 15:30:00-04:00,13283.0,13293.25,SL_YELLOW,-10.25,1,-15.75,16.0,29.90854985209805,15,142.25,IS,2021
2021-05-20,LONG,2021-05-20 10:10:00-04:00,2021-05-20 16:10:00-04:00,13399.25,13494.25,FORCE_CLOSE,95.0,18,-2.5,123.5,31.36740683179849,10,146.75,IS,2021
2021-05-21,SHORT,2021-05-21 10:50:00-04:00,2021-05-21 16:10:00-04:00,13455.5,13414.25,FORCE_CLOSE,41.25,16,-30.0,59.75,29.704687944389413,10,77.0,IS,2021
2021-05-24,LONG,2021-05-24 10:10:00-04:00,2021-05-24 14:50:00-04:00,13590.75,13675.95925363391,TP,85.20925363390961,14,-0.75,94.25,21.30231340847741,10,163.75,IS,2021
2021-05-25,SHORT,2021-05-25 13:10:00-04:00,2021-05-25 13:30:00-04:00,13626.25,13655.5,SL_YELLOW,-29.25,1,-34.75,2.5,25.927723535702206,13,106.75,IS,2021
2021-05-28,LONG,2021-05-28 12:10:00-04:00,2021-05-28 13:30:00-04:00,13758.0,13723.75,SL_YELLOW,-34.25,4,-35.25,3.5,18.52335530397404,12,63.25,IS,2021
2021-06-01,SHORT,2021-06-01 11:10:00-04:00,2021-06-01 12:30:00-04:00,13622.0,13661.75,SL_YELLOW,-39.75,4,-44.75,2.25,24.24626500505552,11,101.75,IS,2021
2021-06-02,LONG,2021-06-02 10:10:00-04:00,2021-06-02 12:30:00-04:00,13685.25,13664.0,SL_YELLOW,-21.25,7,-29.25,27.5,18.229980556199386,10,59.75,IS,2021
2021-06-04,LONG,2021-06-04 10:10:00-04:00,2021-06-04 16:10:00-04:00,13731.0,13759.5,FORCE_CLOSE,28.5,18,-10.25,52.75,30.36019562538836,10,149.5,IS,2021
2021-06-07,LONG,2021-06-07 15:30:00-04:00,2021-06-07 16:10:00-04:00,13801.0,13808.75,FORCE_CLOSE,7.75,2,-20.5,9.0,19.331833230383992,15,93.25,IS,2021
2021-06-08,SHORT,2021-06-08 11:50:00-04:00,2021-06-08 12:10:00-04:00,13783.75,13796.25,SL_YELLOW,-12.5,1,-17.25,13.25,31.969426698574935,11,111.25,IS,2021
2021-06-10,LONG,2021-06-10 10:10:00-04:00,2021-06-10 16:10:00-04:00,13932.75,13956.5,FORCE_CLOSE,23.75,18,-115.75,29.75,33.32627425613526,10,124.0,IS,2021
2021-06-14,LONG,2021-06-14 13:30:00-04:00,2021-06-14 16:10:00-04:00,14043.5,14114.117634476801,TP,70.61763447680096,8,-1.75,82.5,17.654408619200222,13,53.25,IS,2021
2021-06-15,SHORT,2021-06-15 10:30:00-04:00,2021-06-15 16:10:00-04:00,14060.0,14030.5,FORCE_CLOSE,29.5,17,-15.0,59.25,19.65077278483911,10,58.0,IS,2021
2021-06-16,LONG,2021-06-16 10:10:00-04:00,2021-06-16 10:50:00-04:00,14087.0,14054.75,SL_YELLOW,-32.25,2,-38.25,8.75,13.065444184959098,10,37.25,IS,2021
2021-06-17,LONG,2021-06-17 10:10:00-04:00,2021-06-17 11:30:00-04:00,14023.75,14139.062039946453,TP,115.3120399464533,4,-8.0,140.25,28.828009986613107,10,71.5,IS,2021
2021-06-18,SHORT,2021-06-18 11:50:00-04:00,2021-06-18 12:10:00-04:00,14048.0,14074.75,SL_YELLOW,-26.75,1,-27.25,13.5,35.20733084912376,11,153.75,IS,2021
2021-06-21,LONG,2021-06-21 14:10:00-04:00,2021-06-21 14:50:00-04:00,14132.25,14116.0,SL_YELLOW,-16.25,2,-20.25,5.5,30.7429243001115,14,143.0,IS,2021
2021-06-22,LONG,2021-06-22 11:30:00-04:00,2021-06-22 16:10:00-04:00,14206.75,14266.25,FORCE_CLOSE,59.5,14,-11.75,72.5,27.151268855608674,11,112.5,IS,2021
2021-06-24,LONG,2021-06-24 10:10:00-04:00,2021-06-24 13:50:00-04:00,14387.0,14335.0,SL_YELLOW,-52.0,11,-54.0,35.0,14.219452492519563,10,88.75,IS,2021
2021-06-25,SHORT,2021-06-25 12:50:00-04:00,2021-06-25 13:10:00-04:00,14331.75,14334.5,SL_YELLOW,-2.75,1,-11.25,1.25,19.942137530428436,12,62.25,IS,2021
2021-06-28,LONG,2021-06-28 10:10:00-04:00,2021-06-28 16:10:00-04:00,14467.0,14502.25,FORCE_CLOSE,35.25,18,-12.0,52.75,16.942710131442645,10,63.25,IS,2021
2021-06-29,LONG,2021-06-29 12:10:00-04:00,2021-06-29 16:10:00-04:00,14520.75,14582.5,FORCE_CLOSE,61.75,12,-1.5,62.0,19.08907263694738,12,44.75,IS,2021
2021-07-02,LONG,2021-07-02 10:10:00-04:00,2021-07-02 10:30:00-04:00,14651.25,14647.75,SL_YELLOW,-3.5,1,-7.25,7.5,18.618232836183502,10,135.5,IS,2021
2021-07-06,LONG,2021-07-06 10:10:00-04:00,2021-07-06 10:50:00-04:00,14786.0,14748.5,SL_YELLOW,-37.5,2,-71.25,4.0,15.878625481027836,10,78.0,IS,2021
2021-07-09,LONG,2021-07-09 11:30:00-04:00,2021-07-09 16:10:00-04:00,14796.75,14808.5,FORCE_CLOSE,11.75,14,-7.25,35.25,28.251892907314993,11,102.0,IS,2021
2021-07-13,LONG,2021-07-13 10:50:00-04:00,2021-07-13 13:30:00-04:00,14959.25,14905.5,SL_YELLOW,-53.75,8,-75.25,35.5,25.520814686755674,10,133.0,IS,2021
2021-07-15,SHORT,2021-07-15 10:50:00-04:00,2021-07-15 16:10:00-04:00,14766.75,14766.0,FORCE_CLOSE,0.75,16,-63.25,58.5,37.52244892350791,10,98.75,IS,2021
2021-07-16,SHORT,2021-07-16 11:30:00-04:00,2021-07-16 12:10:00-04:00,14710.5,14752.25,SL_YELLOW,-41.75,2,-46.5,14.75,28.360451770990228,11,116.75,IS,2021
2021-07-19,SHORT,2021-07-19 13:10:00-04:00,2021-07-19 14:30:00-04:00,14495.5,14514.75,SL_YELLOW,-19.25,4,-24.75,48.25,42.708910469596105,13,178.75,IS,2021
2021-07-20,LONG,2021-07-20 11:30:00-04:00,2021-07-20 16:10:00-04:00,14662.0,14710.75,FORCE_CLOSE,48.75,14,-3.5,120.5,31.2347591396175,11,73.25,IS,2021
2021-07-21,LONG,2021-07-21 11:30:00-04:00,2021-07-21 11:50:00-04:00,14774.25,14763.0,SL_YELLOW,-11.25,1,-18.0,4.0,24.56128887950662,11,97.5,IS,2021
2021-07-22,LONG,2021-07-22 10:50:00-04:00,2021-07-22 12:10:00-04:00,14917.25,14863.0,SL_YELLOW,-54.25,4,-55.25,5.75,19.474735411100013,10,52.5,IS,2021
2021-07-23,LONG,2021-07-23 11:30:00-04:00,2021-07-23 16:10:00-04:00,15057.75,15092.75,FORCE_CLOSE,35.0,14,-0.75,59.5,20.148408480194018,11,51.0,IS,2021
2021-07-27,SHORT,2021-07-27 10:30:00-04:00,2021-07-27 11:10:00-04:00,14987.0,14892.450583516538,TP,94.54941648346175,2,-0.5,100.75,23.637354120865616,10,79.5,IS,2021
2021-07-28,LONG,2021-07-28 10:50:00-04:00,2021-07-28 11:30:00-04:00,15029.0,15015.5,SL_YELLOW,-13.5,2,-14.0,32.0,36.54483825215844,10,153.25,IS,2021
2021-07-29,LONG,2021-07-29 10:10:00-04:00,2021-07-29 16:10:00-04:00,15025.75,14981.0,SL_YELLOW,-44.75,18,-48.75,58.25,24.477901328465,10,80.25,IS,2021
2021-07-30,LONG,2021-07-30 10:30:00-04:00,2021-07-30 10:50:00-04:00,14942.75,14931.5,SL_YELLOW,-11.25,1,-22.75,14.25,27.741205845417156,10,125.75,IS,2021
2021-08-02,SHORT,2021-08-02 15:50:00-04:00,2021-08-02 16:10:00-04:00,14936.0,14961.5,FORCE_CLOSE,-25.5,1,-30.0,3.25,25.569572520547496,15,87.25,IS,2021
2021-08-03,SHORT,2021-08-03 10:30:00-04:00,2021-08-03 11:50:00-04:00,14933.0,14986.5,SL_YELLOW,-53.5,4,-54.5,84.0,26.64076573510579,10,51.5,IS,2021
2021-08-04,LONG,2021-08-04 13:30:00-04:00,2021-08-04 15:10:00-04:00,15088.0,15073.75,SL_YELLOW,-14.25,5,-18.25,20.0,24.3205665030874,13,58.0,IS,2021
2021-08-05,LONG,2021-08-05 10:10:00-04:00,2021-08-05 16:10:00-04:00,15129.0,15160.0,FORCE_CLOSE,31.0,18,-26.0,43.25,14.250165273066075,10,48.0,IS,2021
2021-08-06,SHORT,2021-08-06 15:10:00-04:00,2021-08-06 15:30:00-04:00,15081.5,15092.75,SL_YELLOW,-11.25,1,-11.5,1.5,20.209444622116166,15,86.75,IS,2021
2021-08-09,LONG,2021-08-09 14:50:00-04:00,2021-08-09 15:50:00-04:00,15132.75,15121.75,SL_YELLOW,-11.0,3,-12.25,3.5,17.24816318376624,14,123.5,IS,2021
2021-08-10,SHORT,2021-08-10 11:10:00-04:00,2021-08-10 16:10:00-04:00,15009.5,15040.25,FORCE_CLOSE,-30.75,15,-76.5,15.0,20.93979430968562,11,57.75,IS,2021
2021-08-12,SHORT,2021-08-12 10:10:00-04:00,2021-08-12 10:30:00-04:00,14962.0,15018.75,SL_YELLOW,-56.75,1,-59.5,2.0,17.876329524549327,10,52.0,IS,2021
2021-08-13,LONG,2021-08-13 10:10:00-04:00,2021-08-13 16:10:00-04:00,15105.75,15123.25,FORCE_CLOSE,17.5,18,-13.5,36.0,12.673745223467087,10,41.25,IS,2021
2021-08-16,SHORT,2021-08-16 10:30:00-04:00,2021-08-16 13:50:00-04:00,14949.25,15071.0,SL_YELLOW,-121.75,10,-127.0,32.0,22.525294523666087,10,62.0,IS,2021
2021-08-17,SHORT,2021-08-17 10:30:00-04:00,2021-08-17 10:50:00-04:00,15013.0,15051.5,SL_YELLOW,-38.5,1,-43.0,17.0,27.96859513169476,10,119.25,IS,2021
2021-08-18,SHORT,2021-08-18 15:50:00-04:00,2021-08-18 16:10:00-04:00,14893.75,14847.5,FORCE_CLOSE,46.25,1,0.0,51.5,31.378632237888066,15,76.75,IS,2021
2021-08-19,LONG,2021-08-19 11:30:00-04:00,2021-08-19 16:10:00-04:00,14912.25,14945.75,FORCE_CLOSE,33.5,14,-55.0,86.75,37.87178228637869,11,164.25,IS,2021
2021-08-20,LONG,2021-08-20 10:10:00-04:00,2021-08-20 16:10:00-04:00,15062.5,15089.0,FORCE_CLOSE,26.5,18,-61.0,37.5,28.180725882254553,10,136.75,IS,2021
2021-08-23,LONG,2021-08-23 10:10:00-04:00,2021-08-23 11:50:00-04:00,15230.25,15296.190930963392,TP,65.94093096339202,5,-8.25,69.25,16.485232740848126,10,67.0,IS,2021
2021-08-26,SHORT,2021-08-26 10:50:00-04:00,2021-08-26 11:30:00-04:00,15291.0,15317.5,SL_YELLOW,-26.5,2,-39.75,35.75,22.263467249464178,10,72.75,IS,2021
2021-08-27,LONG,2021-08-27 10:30:00-04:00,2021-08-27 16:10:00-04:00,15390.0,15416.5,FORCE_CLOSE,26.5,17,-31.25,53.75,23.309555254019685,10,71.25,IS,2021
2021-08-30,LONG,2021-08-30 10:10:00-04:00,2021-08-30 13:50:00-04:00,15546.25,15603.545359337932,TP,57.295359337931586,11,-9.0,62.0,14.323839834482692,10,39.0,IS,2021
2021-08-31,SHORT,2021-08-31 10:10:00-04:00,2021-08-31 11:30:00-04:00,15542.0,15565.5,SL_YELLOW,-23.5,4,-35.75,17.25,23.721702661772746,10,114.25,IS,2021
2021-09-01,LONG,2021-09-01 10:10:00-04:00,2021-09-01 14:50:00-04:00,15676.5,15638.0,SL_YELLOW,-38.5,14,-47.5,12.5,18.314185135636247,10,70.0,IS,2021
2021-09-02,SHORT,2021-09-02 13:50:00-04:00,2021-09-02 16:10:00-04:00,15580.5,15591.75,FORCE_CLOSE,-11.25,7,-26.0,28.75,19.459616169819984,13,68.25,IS,2021
2021-09-08,SHORT,2021-09-08 11:10:00-04:00,2021-09-08 13:50:00-04:00,15573.75,15606.75,SL_YELLOW,-33.0,8,-37.75,50.0,23.77488437854531,11,85.75,IS,2021
2021-09-09,LONG,2021-09-09 10:10:00-04:00,2021-09-09 11:30:00-04:00,15653.5,15605.5,SL_YELLOW,-48.0,4,-48.75,3.0,17.720054349121362,10,87.75,IS,2021
2021-09-10,SHORT,2021-09-10 11:50:00-04:00,2021-09-10 12:10:00-04:00,15535.5,15576.5,SL_YELLOW,-41.0,1,-41.75,14.75,21.089116526637717,11,88.0,IS,2021
2021-09-13,SHORT,2021-09-13 10:30:00-04:00,2021-09-13 10:50:00-04:00,15386.0,15426.75,SL_YELLOW,-40.75,1,-54.75,20.75,26.527988447952733,10,138.25,IS,2021
2021-09-14,SHORT,2021-09-14 14:50:00-04:00,2021-09-14 16:10:00-04:00,15355.0,15396.5,SL_YELLOW,-41.5,4,-44.0,10.5,31.15273319487454,14,106.75,IS,2021
2021-09-15,SHORT,2021-09-15 10:30:00-04:00,2021-09-15 12:30:00-04:00,15327.25,15388.25,SL_YELLOW,-61.0,6,-66.75,8.75,23.391379949086552,10,63.25,IS,2021
2021-09-16,SHORT,2021-09-16 10:10:00-04:00,2021-09-16 13:30:00-04:00,15411.5,15433.75,SL_YELLOW,-22.25,10,-27.75,52.75,19.945933585962514,10,87.75,IS,2021
2021-09-17,SHORT,2021-09-17 10:10:00-04:00,2021-09-17 11:50:00-04:00,15393.75,15309.570915218885,TP,84.17908478111531,5,-0.25,93.5,21.0447711952788,10,70.0,IS,2021
2021-09-20,SHORT,2021-09-20 10:50:00-04:00,2021-09-20 14:30:00-04:00,15012.25,14851.27398882228,TP,160.97601117771956,11,-31.5,175.75,40.24400279443004,10,290.0,IS,2021
2021-09-22,LONG,2021-09-22 10:30:00-04:00,2021-09-22 14:50:00-04:00,15118.0,15118.25,SL_YELLOW,0.25,13,-27.75,109.0,28.1182102304829,10,173.75,IS,2021
2021-09-23,LONG,2021-09-23 10:30:00-04:00,2021-09-23 11:10:00-04:00,15322.75,15290.5,SL_YELLOW,-32.25,2,-35.5,13.75,32.82405563748491,10,134.75,IS,2021
2021-09-27,SHORT,2021-09-27 10:10:00-04:00,2021-09-27 10:30:00-04:00,15143.25,15190.75,SL_YELLOW,-47.5,1,-48.25,7.5,34.861448577808666,10,244.25,IS,2021
2021-09-28,SHORT,2021-09-28 10:10:00-04:00,2021-09-28 16:10:00-04:00,14881.25,14760.5,FORCE_CLOSE,120.75,18,-16.25,140.5,44.515960107568915,10,267.75,IS,2021
2021-09-29,SHORT,2021-09-29 12:50:00-04:00,2021-09-29 13:10:00-04:00,14754.5,14767.75,SL_YELLOW,-13.25,1,-29.25,12.0,40.466103445418184,12,166.25,IS,2021
2021-09-30,SHORT,2021-09-30 12:10:00-04:00,2021-09-30 13:10:00-04:00,14701.0,14758.5,SL_YELLOW,-57.5,3,-60.75,18.25,42.08201443613206,12,128.75,IS,2021
2021-10-01,LONG,2021-10-01 15:10:00-04:00,2021-10-01 16:10:00-04:00,14799.75,14776.75,FORCE_CLOSE,-23.0,3,-46.0,18.25,42.98697564919601,15,191.0,IS,2021
2021-10-04,SHORT,2021-10-04 10:10:00-04:00,2021-10-04 11:50:00-04:00,14553.25,14395.592022179468,TP,157.65797782053232,5,-16.0,170.25,39.414494455133266,10,201.5,IS,2021
2021-10-05,LONG,2021-10-05 10:10:00-04:00,2021-10-05 13:50:00-04:00,14617.25,14742.622930374113,TP,125.37293037411291,11,-12.5,127.5,31.343232593528228,10,139.0,IS,2021
2021-10-06,LONG,2021-10-06 14:10:00-04:00,2021-10-06 16:10:00-04:00,14716.5,14761.25,FORCE_CLOSE,44.75,6,-33.25,48.5,54.48997662377307,14,252.25,IS,2021
2021-10-07,LONG,2021-10-07 10:30:00-04:00,2021-10-07 14:10:00-04:00,14980.75,14945.0,SL_YELLOW,-35.75,11,-44.75,20.5,30.133208580647782,10,184.0,IS,2021
2021-10-08,SHORT,2021-10-08 13:30:00-04:00,2021-10-08 14:30:00-04:00,14799.75,14866.0,SL_YELLOW,-66.25,3,-67.75,5.25,38.27810503539113,13,160.5,IS,2021
2021-10-11,LONG,2021-10-11 10:10:00-04:00,2021-10-11 13:10:00-04:00,14872.75,14802.75,SL_YELLOW,-70.0,9,-79.25,24.5,33.159201371674726,10,147.75,IS,2021
2021-10-14,LONG,2021-10-14 10:30:00-04:00,2021-10-14 16:10:00-04:00,14971.25,15039.5,FORCE_CLOSE,68.25,17,-5.75,77.5,23.516406009715624,10,181.0,IS,2021
2021-10-18,LONG,2021-10-18 11:30:00-04:00,2021-10-18 16:10:00-04:00,15192.5,15291.0,FORCE_CLOSE,98.5,14,-3.5,103.25,27.338826093337914,11,124.75,IS,2021
2021-10-19,LONG,2021-10-19 11:30:00-04:00,2021-10-19 16:10:00-04:00,15372.25,15419.75,FORCE_CLOSE,47.5,14,-9.75,56.0,22.087245745453753,11,98.75,IS,2021
2021-10-20,LONG,2021-10-20 10:50:00-04:00,2021-10-20 11:10:00-04:00,15425.75,15403.75,SL_YELLOW,-22.0,1,-42.5,6.0,20.079204804208842,10,55.0,IS,2021
2021-10-21,LONG,2021-10-21 10:10:00-04:00,2021-10-21 16:10:00-04:00,15399.75,15474.605447654942,TP,74.8554476549416,18,-11.25,84.0,18.713861913735233,10,66.0,IS,2021
2021-10-22,SHORT,2021-10-22 11:50:00-04:00,2021-10-22 12:50:00-04:00,15280.75,15371.75,SL_YELLOW,-91.0,3,-97.75,2.5,32.16205845780573,11,88.75,IS,2021
2021-10-25,LONG,2021-10-25 11:30:00-04:00,2021-10-25 14:50:00-04:00,15428.5,15527.35895719267,TP,98.85895719266955,10,-17.5,112.75,24.714739298167522,11,111.0,IS,2021
2021-10-26,LONG,2021-10-26 10:10:00-04:00,2021-10-26 11:50:00-04:00,15653.0,15615.25,SL_YELLOW,-37.75,5,-56.0,48.0,18.637627296377687,10,88.0,IS,2021
2021-10-27,LONG,2021-10-27 10:50:00-04:00,2021-10-27 16:10:00-04:00,15617.25,15595.0,SL_YELLOW,-22.25,16,-35.25,100.25,32.74506501226107,10,85.5,IS,2021
2021-10-28,LONG,2021-10-28 10:30:00-04:00,2021-10-28 16:10:00-04:00,15698.75,15720.75,FORCE_CLOSE,22.0,17,-11.75,78.25,24.391169765123525,10,97.25,IS,2021
2021-10-29,LONG,2021-10-29 11:10:00-04:00,2021-10-29 16:10:00-04:00,15707.75,15813.681496193003,TP,105.93149619300311,15,-0.5,139.0,26.482874048250572,11,96.5,IS,2021
2021-11-01,SHORT,2021-11-01 10:10:00-04:00,2021-11-01 11:50:00-04:00,15801.75,15855.75,SL_YELLOW,-54.0,5,-55.75,12.5,20.56974496305812,10,64.25,IS,2021
2021-11-02,LONG,2021-11-02 10:10:00-04:00,2021-11-02 16:10:00-04:00,15921.25,15956.5,FORCE_CLOSE,35.25,18,-26.75,59.0,20.647707417734246,10,47.5,IS,2021
2021-11-03,LONG,2021-11-03 14:30:00-04:00,2021-11-03 15:50:00-04:00,16013.5,16117.450399079316,TP,103.95039907931641,4,-23.5,125.5,25.987599769829096,14,52.0,IS,2021
2021-11-04,LONG,2021-11-04 10:10:00-04:00,2021-11-04 10:50:00-04:00,16247.0,16323.949807988256,TP,76.949807988256,2,0.0,84.0,19.237451997063854,10,86.5,IS,2021
2021-11-05,LONG,2021-11-05 12:10:00-04:00,2021-11-05 12:30:00-04:00,16428.25,16418.25,SL_YELLOW,-10.0,1,-15.5,11.25,28.379187513115962,12,121.75,IS,2021
2021-11-09,SHORT,2021-11-09 10:30:00-05:00,2021-11-09 16:10:00-05:00,16242.25,16208.0,FORCE_CLOSE,34.25,17,-44.25,82.25,30.674847465782367,10,105.25,IS,2021
2021-11-10,SHORT,2021-11-10 13:30:00-05:00,2021-11-10 16:10:00-05:00,16053.0,15968.0,FORCE_CLOSE,85.0,8,-22.25,156.5,41.22401872930038,13,161.5,IS,2021
2021-11-12,LONG,2021-11-12 11:30:00-05:00,2021-11-12 16:10:00-05:00,16181.75,16201.75,FORCE_CLOSE,20.0,14,-25.75,31.5,29.3318326380439,11,61.75,IS,2021
2021-11-15,SHORT,2021-11-15 10:30:00-05:00,2021-11-15 12:30:00-05:00,16166.0,16089.087954779767,TP,76.91204522023327,6,-28.0,83.75,19.228011305058544,10,71.0,IS,2021
2021-11-16,LONG,2021-11-16 10:10:00-05:00,2021-11-16 10:30:00-05:00,16239.0,16198.5,SL_YELLOW,-40.5,1,-41.5,21.0,25.709711563841385,10,83.75,IS,2021
2021-11-17,LONG,2021-11-17 11:10:00-05:00,2021-11-17 12:30:00-05:00,16340.25,16309.5,SL_YELLOW,-30.75,4,-33.0,56.25,18.900526904254654,11,59.25,IS,2021
2021-11-18,LONG,2021-11-18 12:10:00-05:00,2021-11-18 16:10:00-05:00,16465.0,16491.25,FORCE_CLOSE,26.25,12,-59.0,38.25,30.29152439454833,12,90.0,IS,2021
2021-11-19,LONG,2021-11-19 11:50:00-05:00,2021-11-19 13:30:00-05:00,16606.0,16560.25,SL_YELLOW,-45.75,5,-47.5,22.5,29.78230639444133,11,99.75,IS,2021
2021-11-22,LONG,2021-11-22 10:10:00-05:00,2021-11-22 11:10:00-05:00,16743.0,16663.75,SL_YELLOW,-79.25,3,-87.75,24.5,21.25431151727198,10,79.25,IS,2021
2021-11-23,SHORT,2021-11-23 10:50:00-05:00,2021-11-23 16:10:00-05:00,16225.5,16276.25,SL_YELLOW,-50.75,16,-93.25,107.0,46.80055851183363,10,140.5,IS,2021
2021-11-26,SHORT,2021-11-26 11:30:00-05:00,2021-11-26 13:30:00-05:00,16073.0,16043.5,EOD,29.5,6,-64.25,85.0,54.02226198196693,11,290.0,IS,2021
2021-11-29,LONG,2021-11-29 10:30:00-05:00,2021-11-29 12:50:00-05:00,16263.0,16402.084143285418,TP,139.08414328541767,7,-36.0,144.25,34.771035821354104,10,220.0,IS,2021
2021-11-30,SHORT,2021-11-30 11:30:00-05:00,2021-11-30 16:10:00-05:00,16165.75,16207.5,FORCE_CLOSE,-41.75,14,-67.5,97.0,60.57604128596298,11,202.5,IS,2021
2021-12-01,SHORT,2021-12-01 14:10:00-05:00,2021-12-01 14:30:00-05:00,16170.5,16184.25,SL_YELLOW,-13.75,1,-23.25,59.5,55.556488888844285,14,221.0,IS,2021
2021-12-02,LONG,2021-12-02 12:30:00-05:00,2021-12-02 13:10:00-05:00,16049.5,15984.75,SL_YELLOW,-64.75,2,-90.5,6.0,79.71465019171325,12,202.25,IS,2021
2021-12-03,SHORT,2021-12-03 10:30:00-05:00,2021-12-03 12:10:00-05:00,15808.75,15566.775454049846,TP,241.9745459501537,5,-3.0,248.25,60.493636487538325,10,259.75,IS,2021
2021-12-06,LONG,2021-12-06 13:30:00-05:00,2021-12-06 16:10:00-05:00,15869.25,15835.25,FORCE_CLOSE,-34.0,8,-45.0,28.0,63.065546773241664,13,217.0,IS,2021
2021-12-07,LONG,2021-12-07 10:10:00-05:00,2021-12-07 16:10:00-05:00,16245.0,16334.25,FORCE_CLOSE,89.25,18,-14.0,101.75,30.656160471061895,10,342.75,IS,2021
2021-12-08,SHORT,2021-12-08 10:30:00-05:00,2021-12-08 11:30:00-05:00,16283.0,16318.75,SL_YELLOW,-35.75,3,-37.25,28.25,36.229440871530294,10,121.25,IS,2021
2021-12-09,SHORT,2021-12-09 10:50:00-05:00,2021-12-09 11:10:00-05:00,16302.5,16308.0,SL_YELLOW,-5.5,1,-9.25,20.0,31.044051550951973,10,112.75,IS,2021
2021-12-13,SHORT,2021-12-13 10:10:00-05:00,2021-12-13 11:30:00-05:00,16275.5,16177.106701312267,TP,98.39329868773348,4,-38.0,130.25,24.598324671933465,10,90.5,IS,2021
2021-12-14,SHORT,2021-12-14 11:10:00-05:00,2021-12-14 15:10:00-05:00,15799.75,15906.5,SL_YELLOW,-106.75,12,-109.75,65.75,52.39905133926361,11,252.25,IS,2021
2021-12-15,SHORT,2021-12-15 10:10:00-05:00,2021-12-15 10:30:00-05:00,15839.75,15857.5,SL_YELLOW,-17.75,1,-40.0,16.75,33.915749258737264,10,120.0,IS,2021
2021-12-16,SHORT,2021-12-16 10:30:00-05:00,2021-12-16 12:10:00-05:00,16172.0,15970.253882759554,TP,201.74611724044553,5,-21.75,219.75,50.43652931011139,10,179.75,IS,2021
2021-12-21,SHORT,2021-12-21 10:30:00-05:00,2021-12-21 11:10:00-05:00,15626.25,15733.0,SL_YELLOW,-106.75,2,-109.25,21.25,38.51239634878849,10,157.25,IS,2021
2021-12-22,LONG,2021-12-22 10:50:00-05:00,2021-12-22 16:10:00-05:00,16069.5,16172.75,FORCE_CLOSE,103.25,16,-31.75,108.0,39.00372466503251,10,103.5,IS,2021
2021-12-23,LONG,2021-12-23 10:30:00-05:00,2021-12-23 16:10:00-05:00,16265.0,16300.25,FORCE_CLOSE,35.25,17,-19.0,91.0,24.201783544984973,10,75.5,IS,2021
2021-12-27,LONG,2021-12-27 10:10:00-05:00,2021-12-27 16:10:00-05:00,16473.5,16571.961129328884,TP,98.46112932888354,18,-11.5,98.5,24.615282332221216,10,80.75,IS,2021
2021-12-28,SHORT,2021-12-28 11:50:00-05:00,2021-12-28 12:10:00-05:00,16522.5,16542.25,SL_YELLOW,-19.75,1,-37.25,2.0,31.68508930873744,11,126.5,IS,2021
2021-12-29,SHORT,2021-12-29 10:50:00-05:00,2021-12-29 11:10:00-05:00,16461.75,16477.25,SL_YELLOW,-15.5,1,-24.75,13.75,32.58902190177995,10,94.25,IS,2021
2021-12-30,LONG,2021-12-30 10:50:00-05:00,2021-12-30 11:10:00-05:00,16550.75,16524.5,SL_YELLOW,-26.25,1,-31.0,5.75,25.22362621625169,10,100.5,IS,2021
2022-01-03,LONG,2022-01-03 14:10:00-05:00,2022-01-03 16:10:00-05:00,16462.5,16498.25,FORCE_CLOSE,35.75,6,-12.25,38.5,35.21914230465447,14,96.5,IS,2022
2022-01-04,SHORT,2022-01-04 10:10:00-05:00,2022-01-04 10:50:00-05:00,16417.25,16320.169376103713,TP,97.08062389628685,2,-2.5,140.0,24.270155974071727,10,87.0,IS,2022
2022-01-05,SHORT,2022-01-05 11:10:00-05:00,2022-01-05 14:30:00-05:00,16149.75,15984.410863138884,TP,165.33913686111555,10,-28.25,193.0,41.33478421527905,11,97.25,IS,2022
2022-01-06,LONG,2022-01-06 11:10:00-05:00,2022-01-06 13:30:00-05:00,15844.0,15775.75,SL_YELLOW,-68.25,7,-73.75,51.75,70.43694920132454,11,192.75,IS,2022
2022-01-07,SHORT,2022-01-07 11:10:00-05:00,2022-01-07 11:50:00-05:00,15573.0,15651.5,SL_YELLOW,-78.5,2,-81.0,39.75,65.99005067023857,11,228.75,IS,2022
2022-01-10,SHORT,2022-01-10 10:10:00-05:00,2022-01-10 11:30:00-05:00,15248.25,15321.5,SL_YELLOW,-73.25,4,-80.5,95.75,48.98584277934552,10,313.25,IS,2022
2022-01-11,LONG,2022-01-11 11:50:00-05:00,2022-01-11 16:10:00-05:00,15788.75,15829.5,FORCE_CLOSE,40.75,13,-58.5,50.75,70.1207043078692,11,190.25,IS,2022
2022-01-13,SHORT,2022-01-13 11:10:00-05:00,2022-01-13 12:50:00-05:00,15767.5,15615.279298260548,TP,152.22070173945212,5,-63.25,173.25,38.05517543486292,11,141.75,IS,2022
2022-01-14,LONG,2022-01-14 15:50:00-05:00,2022-01-14 16:10:00-05:00,15577.5,15592.75,FORCE_CLOSE,15.25,1,-1.5,30.5,64.99165394025941,15,242.0,IS,2022
2022-01-18,SHORT,2022-01-18 13:10:00-05:00,2022-01-18 14:10:00-05:00,15247.5,15273.0,SL_YELLOW,-25.5,3,-37.5,23.25,55.215153305454265,13,333.25,IS,2022
2022-01-20,LONG,2022-01-20 10:10:00-05:00,2022-01-20 13:10:00-05:00,15274.0,15196.0,SL_YELLOW,-78.0,9,-89.5,66.25,40.022221569590094,10,212.5,IS,2022
2022-01-21,SHORT,2022-01-21 14:50:00-05:00,2022-01-21 16:10:00-05:00,14592.75,14420.0,FORCE_CLOSE,172.75,4,-0.5,179.25,84.87888145232041,14,214.25,IS,2022
2022-01-24,SHORT,2022-01-24 10:30:00-05:00,2022-01-24 12:30:00-05:00,14081.75,13754.52474458537,TP,327.22525541463074,6,-84.75,375.75,81.80631385365767,10,476.0,IS,2022
2022-01-25,SHORT,2022-01-25 10:10:00-05:00,2022-01-25 10:30:00-05:00,14088.75,14209.25,SL_YELLOW,-120.5,1,-122.0,46.5,77.92399677740251,10,370.5,IS,2022
2022-01-26,LONG,2022-01-26 14:30:00-05:00,2022-01-26 14:50:00-05:00,14508.25,14214.0,SL_YELLOW,-294.25,1,-316.75,39.5,80.55750444002689,14,560.75,IS,2022
2022-01-28,LONG,2022-01-28 11:50:00-05:00,2022-01-28 14:10:00-05:00,14211.0,14163.25,SL_YELLOW,-47.75,7,-59.5,101.0,94.41080021983993,11,338.5,IS,2022
2022-01-31,LONG,2022-01-31 10:30:00-05:00,2022-01-31 16:10:00-05:00,14661.25,14894.392563808266,TP,233.14256380826555,17,-14.0,253.5,58.2856409520662,10,193.75,IS,2022
2022-02-02,SHORT,2022-02-02 10:50:00-05:00,2022-02-02 14:50:00-05:00,15087.5,15114.25,SL_YELLOW,-26.75,12,-36.0,146.0,53.655677618084354,10,155.75,IS,2022
2022-02-03,SHORT,2022-02-03 13:10:00-05:00,2022-02-03 13:30:00-05:00,14651.75,14684.25,SL_YELLOW,-32.5,1,-51.75,16.5,59.48929681306695,13,195.0,IS,2022
2022-02-07,SHORT,2022-02-07 12:10:00-05:00,2022-02-07 12:50:00-05:00,14595.0,14601.5,SL_YELLOW,-6.5,2,-39.25,39.5,54.01941737391534,12,158.5,IS,2022
2022-02-08,LONG,2022-02-08 11:30:00-05:00,2022-02-08 16:10:00-05:00,14664.75,14755.25,FORCE_CLOSE,90.5,14,-49.0,111.25,49.57698722255173,11,140.0,IS,2022
2022-02-09,LONG,2022-02-09 12:50:00-05:00,2022-02-09 16:10:00-05:00,14980.5,15034.0,FORCE_CLOSE,53.5,10,-33.25,63.75,37.93063262764225,12,205.5,IS,2022
2022-02-11,SHORT,2022-02-11 13:50:00-05:00,2022-02-11 16:10:00-05:00,14359.5,14229.25,FORCE_CLOSE,130.25,7,-33.0,178.5,64.82183788724726,13,211.25,IS,2022
2022-02-14,LONG,2022-02-14 11:50:00-05:00,2022-02-14 13:30:00-05:00,14352.75,14298.0,SL_YELLOW,-54.75,5,-62.75,41.25,72.83429827457724,11,267.0,IS,2022
2022-02-15,LONG,2022-02-15 15:30:00-05:00,2022-02-15 15:50:00-05:00,14582.5,14562.5,SL_YELLOW,-20.0,1,-58.5,1.25,46.67088764422659,15,351.0,IS,2022
2022-02-16,SHORT,2022-02-16 10:10:00-05:00,2022-02-16 14:30:00-05:00,14430.75,14559.25,SL_YELLOW,-128.5,13,-137.5,45.75,37.21759758170998,10,173.0,IS,2022
2022-02-18,SHORT,2022-02-18 10:50:00-05:00,2022-02-18 14:30:00-05:00,14049.75,14083.5,SL_YELLOW,-33.75,11,-41.0,143.5,50.563261469910195,10,157.75,IS,2022
2022-02-21,SHORT,2022-02-21 12:30:00-05:00,2022-02-21 15:30:00-05:00,13759.0,13735.5,EOD,23.5,4,-25.5,42.75,50.44770663123894,12,383.0,IS,2022
2022-02-22,LONG,2022-02-22 10:10:00-05:00,2022-02-22 11:10:00-05:00,14009.5,13925.0,SL_YELLOW,-84.5,3,-88.75,98.75,66.03992544948271,10,386.75,IS,2022
2022-02-23,SHORT,2022-02-23 10:30:00-05:00,2022-02-23 14:30:00-05:00,13804.25,13618.128478726701,TP,186.12152127329864,12,-59.75,194.75,46.53038031832466,10,156.5,IS,2022
2022-02-24,LONG,2022-02-24 14:10:00-05:00,2022-02-24 16:10:00-05:00,13573.5,13924.75,FORCE_CLOSE,351.25,6,-3.25,409.75,105.48477649128542,14,492.0,IS,2022
2022-02-25,LONG,2022-02-25 11:50:00-05:00,2022-02-25 13:10:00-05:00,14136.25,14069.5,SL_YELLOW,-66.75,4,-81.5,39.75,77.10610928610413,11,347.25,IS,2022
2022-02-28,LONG,2022-02-28 10:10:00-05:00,2022-02-28 14:10:00-05:00,14079.75,14011.25,SL_YELLOW,-68.5,12,-73.25,212.5,59.11614911900806,10,385.25,IS,2022
2022-03-01,SHORT,2022-03-01 12:10:00-05:00,2022-03-01 12:50:00-05:00,14007.0,14091.75,SL_YELLOW,-84.75,2,-96.75,8.75,65.25921532735556,12,257.5,IS,2022
2022-03-02,LONG,2022-03-02 11:30:00-05:00,2022-03-02 16:10:00-05:00,14167.25,14226.75,FORCE_CLOSE,59.5,14,-26.5,122.75,73.27606630209725,11,233.5,IS,2022
2022-03-03,SHORT,2022-03-03 10:50:00-05:00,2022-03-03 13:30:00-05:00,14094.0,14176.75,SL_YELLOW,-82.75,8,-120.25,62.25,53.86205014888086,10,231.0,IS,2022
2022-03-07,SHORT,2022-03-07 13:50:00-05:00,2022-03-07 16:10:00-05:00,13501.75,13280.0,FORCE_CLOSE,221.75,7,-21.75,231.75,70.16550385771667,13,320.25,IS,2022
2022-03-08,LONG,2022-03-08 12:50:00-05:00,2022-03-08 14:10:00-05:00,13595.5,13361.0,SL_YELLOW,-234.5,4,-304.5,70.5,104.83600453640113,12,321.75,IS,2022
2022-03-09,LONG,2022-03-09 12:10:00-05:00,2022-03-09 16:10:00-05:00,13666.0,13743.75,FORCE_CLOSE,77.75,12,-32.75,129.75,63.67035620288225,12,454.5,IS,2022
2022-03-10,SHORT,2022-03-10 11:10:00-05:00,2022-03-10 13:50:00-05:00,13418.25,13527.0,SL_YELLOW,-108.75,8,-112.25,27.75,57.26966623733847,11,270.5,IS,2022
2022-03-11,SHORT,2022-03-11 12:30:00-05:00,2022-03-11 13:10:00-05:00,13418.75,13455.0,SL_YELLOW,-36.25,2,-60.25,19.5,60.09513053195898,12,406.5,IS,2022
2022-03-14,SHORT,2022-03-14 12:10:00-04:00,2022-03-14 16:10:00-04:00,13134.75,13085.5,FORCE_CLOSE,49.25,12,-39.75,119.25,65.46917353539715,12,219.5,IS,2022
2022-03-15,LONG,2022-03-15 10:30:00-04:00,2022-03-15 16:10:00-04:00,13261.25,13439.75,FORCE_CLOSE,178.5,17,-5.5,225.25,59.889302553042505,10,242.0,IS,2022
2022-03-16,LONG,2022-03-16 10:50:00-04:00,2022-03-16 13:10:00-04:00,13809.0,13683.25,SL_YELLOW,-125.75,7,-129.0,34.25,52.53290224890611,10,303.0,IS,2022
2022-03-17,LONG,2022-03-17 13:50:00-04:00,2022-03-17 14:30:00-04:00,14072.5,14017.25,SL_YELLOW,-55.25,2,-58.5,19.5,58.434060498601795,13,189.75,IS,2022
2022-03-18,LONG,2022-03-18 10:10:00-04:00,2022-03-18 15:30:00-04:00,14202.5,14369.572589885513,TP,167.07258988551257,16,-63.75,196.75,41.76814747137798,10,105.75,IS,2022
2022-03-21,SHORT,2022-03-21 10:30:00-04:00,2022-03-21 10:50:00-04:00,14232.5,14308.0,SL_YELLOW,-75.5,1,-77.25,3.25,41.280938881144436,10,128.0,IS,2022
2022-03-22,LONG,2022-03-22 10:30:00-04:00,2022-03-22 16:10:00-04:00,14586.5,14657.5,FORCE_CLOSE,71.0,17,-15.5,104.25,40.75872797245799,10,154.75,IS,2022
2022-03-23,SHORT,2022-03-23 13:50:00-04:00,2022-03-23 14:50:00-04:00,14505.25,14550.0,SL_YELLOW,-44.75,3,-49.0,38.0,49.92899278306121,13,157.0,IS,2022
2022-03-24,LONG,2022-03-24 11:50:00-04:00,2022-03-24 16:10:00-04:00,14635.0,14761.5,FORCE_CLOSE,126.5,13,-52.0,133.75,49.51179610326625,11,123.0,IS,2022
2022-03-25,SHORT,2022-03-25 11:30:00-04:00,2022-03-25 14:10:00-04:00,14598.0,14729.0,SL_YELLOW,-131.0,8,-140.75,15.75,49.098435729189234,11,147.25,IS,2022
2022-03-28,LONG,2022-03-28 10:10:00-04:00,2022-03-28 11:50:00-04:00,14844.0,14730.0,SL_YELLOW,-114.0,5,-115.0,41.5,39.86123451756537,10,153.75,IS,2022
2022-03-29,LONG,2022-03-29 14:10:00-04:00,2022-03-29 16:10:00-04:00,15184.5,15227.5,FORCE_CLOSE,43.0,6,-27.0,84.25,49.343076938369215,14,217.0,IS,2022
2022-03-30,SHORT,2022-03-30 11:30:00-04:00,2022-03-30 11:50:00-04:00,15118.0,15137.25,SL_YELLOW,-19.25,1,-37.75,7.25,38.77689744894615,11,135.25,IS,2022
2022-04-01,SHORT,2022-04-01 10:10:00-04:00,2022-04-01 11:10:00-04:00,14840.75,14884.75,SL_YELLOW,-44.0,3,-58.25,29.25,29.3102751921245,10,79.75,IS,2022
2022-04-04,LONG,2022-04-04 10:10:00-04:00,2022-04-04 16:10:00-04:00,15041.75,15161.961835190199,TP,120.21183519019905,18,-34.25,131.5,30.052958797549806,10,138.0,IS,2022
2022-04-05,SHORT,2022-04-05 10:10:00-04:00,2022-04-05 12:30:00-04:00,14969.75,14852.349656554541,TP,117.40034344545893,7,-18.0,119.75,29.350085861364693,10,97.75,IS,2022
2022-04-06,SHORT,2022-04-06 10:10:00-04:00,2022-04-06 15:10:00-04:00,14464.5,14589.75,SL_YELLOW,-125.25,15,-188.25,69.75,36.78747990642131,10,280.0,IS,2022
2022-04-07,SHORT,2022-04-07 11:50:00-04:00,2022-04-07 13:30:00-04:00,14392.25,14461.5,SL_YELLOW,-69.25,5,-80.75,75.25,52.87815472815143,11,170.25,IS,2022
2022-04-08,SHORT,2022-04-08 10:10:00-04:00,2022-04-08 11:10:00-04:00,14387.0,14462.5,SL_YELLOW,-75.5,3,-108.75,54.5,38.458216721639104,10,181.25,IS,2022
2022-04-11,SHORT,2022-04-11 10:50:00-04:00,2022-04-11 16:10:00-04:00,14035.5,14007.25,FORCE_CLOSE,28.25,16,-95.75,50.75,50.51078177210981,10,254.0,IS,2022
2022-04-12,SHORT,2022-04-12 15:30:00-04:00,2022-04-12 15:50:00-04:00,13902.0,13960.75,SL_YELLOW,-58.75,1,-75.5,13.0,62.73562614333513,15,381.5,IS,2022
2022-04-13,LONG,2022-04-13 11:30:00-04:00,2022-04-13 16:10:00-04:00,14157.5,14221.25,FORCE_CLOSE,63.75,14,-31.0,109.0,54.04326661397369,11,173.25,IS,2022
2022-04-14,SHORT,2022-04-14 10:10:00-04:00,2022-04-14 16:10:00-04:00,14046.5,13880.002460207606,TP,166.49753979239358,18,-40.25,170.0,41.62438494809847,10,120.0,IS,2022
2022-04-18,LONG,2022-04-18 10:50:00-04:00,2022-04-18 11:30:00-04:00,13974.75,13876.0,SL_YELLOW,-98.75,2,-111.0,3.75,40.115093488245556,10,174.25,IS,2022
2022-04-19,LONG,2022-04-19 10:30:00-04:00,2022-04-19 16:10:00-04:00,14081.5,14092.0,SL_YELLOW,10.5,17,-3.0,160.5,48.70718500578048,10,191.0,IS,2022
2022-04-20,SHORT,2022-04-20 12:30:00-04:00,2022-04-20 12:50:00-04:00,14000.5,14051.75,SL_YELLOW,-51.25,1,-57.75,4.75,49.45938420245968,12,255.75,IS,2022
2022-04-21,SHORT,2022-04-21 12:10:00-04:00,2022-04-21 15:10:00-04:00,13958.25,13754.32230019233,TP,203.92769980766934,9,-16.75,240.75,50.98192495191714,12,139.25,IS,2022
2022-04-22,SHORT,2022-04-22 12:10:00-04:00,2022-04-22 16:10:00-04:00,13498.25,13317.5,FORCE_CLOSE,180.75,12,-55.25,183.0,63.42264121021595,12,168.75,IS,2022
2022-04-25,LONG,2022-04-25 10:50:00-04:00,2022-04-25 11:10:00-04:00,13425.0,13317.25,SL_YELLOW,-107.75,1,-123.75,1.0,62.7678706168523,10,176.0,IS,2022
2022-04-26,SHORT,2022-04-26 10:10:00-04:00,2022-04-26 15:30:00-04:00,13253.25,13077.449525681255,TP,175.80047431874482,16,-9.5,191.25,43.95011857968619,10,156.0,IS,2022
2022-04-28,SHORT,2022-04-28 10:10:00-04:00,2022-04-28 11:10:00-04:00,13110.25,13175.0,SL_YELLOW,-64.75,3,-77.0,77.25,48.650477745093724,10,214.5,IS,2022
2022-04-29,SHORT,2022-04-29 12:30:00-04:00,2022-04-29 16:10:00-04:00,13117.25,12853.252844679564,TP,263.9971553204359,11,-19.75,285.5,65.99928883010902,12,242.75,IS,2022
2022-05-04,SHORT,2022-05-04 10:30:00-04:00,2022-05-04 12:30:00-04:00,12962.25,13058.25,SL_YELLOW,-96.0,6,-99.25,79.25,34.64482774937405,10,75.25,IS,2022
2022-05-05,SHORT,2022-05-05 10:10:00-04:00,2022-05-05 11:10:00-04:00,13101.25,12908.215224267347,TP,193.03477573265263,3,-7.75,225.5,48.25869393316334,10,215.25,IS,2022
2022-05-06,SHORT,2022-05-06 10:10:00-04:00,2022-05-06 10:30:00-04:00,12608.75,12713.5,SL_YELLOW,-104.75,1,-231.75,25.5,68.06800928244489,10,186.5,IS,2022
2022-05-09,SHORT,2022-05-09 11:30:00-04:00,2022-05-09 12:10:00-04:00,12276.25,12352.75,SL_YELLOW,-76.5,2,-102.5,38.0,66.82268695431802,11,293.5,IS,2022
2022-05-11,SHORT,2022-05-11 13:30:00-04:00,2022-05-11 16:10:00-04:00,12091.0,11998.25,FORCE_CLOSE,92.75,8,-76.5,152.5,92.64107311724547,13,452.0,IS,2022
2022-05-12,SHORT,2022-05-12 14:10:00-04:00,2022-05-12 14:30:00-04:00,11709.75,11758.75,SL_YELLOW,-49.0,1,-74.75,2.0,98.8297154852753,14,316.75,IS,2022
2022-05-13,LONG,2022-05-13 10:30:00-04:00,2022-05-13 16:10:00-04:00,12321.0,12354.0,FORCE_CLOSE,33.0,17,-102.5,111.0,51.85517425197787,10,316.0,IS,2022
2022-05-17,LONG,2022-05-17 15:30:00-04:00,2022-05-17 15:50:00-04:00,12563.0,12523.75,SL_YELLOW,-39.25,1,-52.25,15.0,61.641447134829455,15,310.0,IS,2022
2022-05-18,SHORT,2022-05-18 10:10:00-04:00,2022-05-18 11:30:00-04:00,12321.75,12174.001655577937,TP,147.74834442206338,4,-38.5,183.75,36.9370861055158,10,236.25,IS,2022
2022-05-19,LONG,2022-05-19 12:10:00-04:00,2022-05-19 12:50:00-04:00,12032.25,11903.5,SL_YELLOW,-128.75,2,-138.75,26.75,75.10674839297297,12,249.5,IS,2022
2022-05-20,SHORT,2022-05-20 11:10:00-04:00,2022-05-20 12:50:00-04:00,11783.25,11573.996186997208,TP,209.2538130027915,5,-8.75,249.25,52.31345325069802,11,201.75,IS,2022
2022-05-24,SHORT,2022-05-24 10:10:00-04:00,2022-05-24 14:10:00-04:00,11629.75,11762.25,SL_YELLOW,-132.5,12,-177.0,53.5,46.80435688511002,10,164.5,IS,2022
2022-05-25,LONG,2022-05-25 14:50:00-04:00,2022-05-25 16:10:00-04:00,11929.0,11908.25,FORCE_CLOSE,-20.75,4,-30.5,107.0,62.781810399224206,14,220.5,IS,2022
2022-05-26,LONG,2022-05-26 10:10:00-04:00,2022-05-26 13:10:00-04:00,12124.5,12320.554363324027,TP,196.05436332402678,9,-13.5,213.0,49.013590831006866,10,172.25,IS,2022
2022-05-27,LONG,2022-05-27 10:10:00-04:00,2022-05-27 16:10:00-04:00,12536.25,12696.0,FORCE_CLOSE,159.75,18,-28.75,160.25,44.205161464584165,10,215.0,IS,2022
2022-05-31,SHORT,2022-05-31 10:10:00-04:00,2022-05-31 10:50:00-04:00,12482.0,12609.5,SL_YELLOW,-127.5,2,-164.5,2.0,52.52862242317256,10,231.0,IS,2022
2022-06-01,SHORT,2022-06-01 11:50:00-04:00,2022-06-01 14:30:00-04:00,12511.0,12633.5,SL_YELLOW,-122.5,8,-133.0,56.25,55.671719493815864,11,161.25,IS,2022
2022-06-02,LONG,2022-06-02 11:50:00-04:00,2022-06-02 16:10:00-04:00,12721.75,12882.5,FORCE_CLOSE,160.75,13,-37.25,177.5,58.169613255226835,11,167.5,IS,2022
2022-06-03,SHORT,2022-06-03 10:10:00-04:00,2022-06-03 11:30:00-04:00,12680.75,12507.255332717386,TP,173.4946672826136,4,-11.75,177.75,43.37366682065328,10,261.25,IS,2022
2022-06-06,LONG,2022-06-06 10:30:00-04:00,2022-06-06 11:10:00-04:00,12780.5,12729.75,SL_YELLOW,-50.75,2,-54.5,26.25,40.114735900267014,10,239.0,IS,2022
2022-06-07,LONG,2022-06-07 11:10:00-04:00,2022-06-07 11:30:00-04:00,12656.5,12597.5,SL_YELLOW,-59.0,1,-63.75,16.5,51.03062271723183,11,188.75,IS,2022
2022-06-08,LONG,2022-06-08 10:10:00-04:00,2022-06-08 11:10:00-04:00,12762.5,12714.0,SL_YELLOW,-48.5,3,-75.5,5.0,36.49907871223733,10,98.0,IS,2022
2022-06-09,SHORT,2022-06-09 14:10:00-04:00,2022-06-09 15:50:00-04:00,12553.5,12361.185260174709,TP,192.31473982529133,5,-5.0,219.0,48.07868495632265,14,197.0,IS,2022
2022-06-10,SHORT,2022-06-10 10:30:00-04:00,2022-06-10 16:10:00-04:00,11893.25,11883.25,FORCE_CLOSE,10.0,17,-107.75,44.0,63.030398845162374,10,342.5,IS,2022
2022-06-13,SHORT,2022-06-13 10:50:00-04:00,2022-06-13 12:30:00-04:00,11384.25,11471.0,SL_YELLOW,-86.75,5,-97.0,39.5,52.715168669783516,10,355.25,IS,2022
2022-06-14,SHORT,2022-06-14 11:30:00-04:00,2022-06-14 11:50:00-04:00,11327.25,11356.5,SL_YELLOW,-29.25,1,-57.0,19.5,66.57784668579416,11,190.25,IS,2022
2022-06-15,LONG,2022-06-15 10:10:00-04:00,2022-06-15 10:50:00-04:00,11555.75,11497.75,SL_YELLOW,-58.0,2,-81.75,14.25,42.17275969722782,10,158.25,IS,2022
2022-06-16,SHORT,2022-06-16 10:30:00-04:00,2022-06-16 16:10:00-04:00,11238.0,11158.25,FORCE_CLOSE,79.75,17,-6.5,169.5,57.428240406384994,10,505.75,IS,2022
2022-06-21,LONG,2022-06-21 10:10:00-04:00,2022-06-21 16:10:00-04:00,11622.5,11575.5,FORCE_CLOSE,-47.0,18,-60.5,55.75,34.61622676424032,10,148.5,IS,2022
2022-06-22,LONG,2022-06-22 10:30:00-04:00,2022-06-22 12:10:00-04:00,11707.75,11575.75,SL_YELLOW,-132.0,5,-140.75,38.0,49.18348769222964,10,262.5,IS,2022
2022-06-24,LONG,2022-06-24 10:10:00-04:00,2022-06-24 16:10:00-04:00,12074.25,12121.5,FORCE_CLOSE,47.25,18,-105.0,74.25,39.30482264731043,10,191.0,IS,2022
2022-06-27,SHORT,2022-06-27 14:10:00-04:00,2022-06-27 16:10:00-04:00,12038.25,12067.0,FORCE_CLOSE,-28.75,6,-38.0,44.0,45.837110680292305,14,189.5,IS,2022
2022-06-28,SHORT,2022-06-28 11:10:00-04:00,2022-06-28 12:10:00-04:00,11958.75,11781.913101050595,TP,176.8368989494047,3,-10.5,202.25,44.209224737351335,11,192.75,IS,2022
2022-07-01,LONG,2022-07-01 10:10:00-04:00,2022-07-01 10:30:00-04:00,11560.5,11448.5,SL_YELLOW,-112.0,1,-121.0,9.0,48.69590013088817,10,146.25,IS,2022
2022-07-05,LONG,2022-07-05 15:10:00-04:00,2022-07-05 16:10:00-04:00,11778.75,11800.5,FORCE_CLOSE,21.75,3,-49.0,36.0,53.938933557482216,15,317.0,IS,2022
2022-07-06,LONG,2022-07-06 14:50:00-04:00,2022-07-06 16:10:00-04:00,11911.0,11900.0,FORCE_CLOSE,-11.0,4,-63.0,63.25,53.68222446741797,14,146.0,IS,2022
2022-07-07,LONG,2022-07-07 10:10:00-04:00,2022-07-07 15:30:00-04:00,12035.25,12164.041666179413,TP,128.79166617941337,16,-29.0,133.25,32.19791654485315,10,128.0,IS,2022
2022-07-11,SHORT,2022-07-11 10:10:00-04:00,2022-07-11 16:10:00-04:00,11890.25,11914.5,FORCE_CLOSE,-24.25,18,-114.5,32.25,34.757613579335455,10,153.25,IS,2022
2022-07-12,SHORT,2022-07-12 15:50:00-04:00,2022-07-12 16:10:00-04:00,11744.5,11770.0,SL_YELLOW,-25.5,1,-48.75,5.0,46.157836540299925,15,194.5,IS,2022
2022-07-14,SHORT,2022-07-14 10:30:00-04:00,2022-07-14 11:10:00-04:00,11554.5,11630.25,SL_YELLOW,-75.75,2,-79.0,21.75,48.96979724997543,10,164.25,IS,2022
2022-07-15,LONG,2022-07-15 10:50:00-04:00,2022-07-15 16:10:00-04:00,11934.0,12015.75,FORCE_CLOSE,81.75,16,-17.0,82.25,51.32404307242072,10,192.5,IS,2022
2022-07-18,SHORT,2022-07-18 14:10:00-04:00,2022-07-18 16:10:00-04:00,11978.25,11912.75,FORCE_CLOSE,65.5,6,-37.5,121.25,37.39427508017003,14,152.25,IS,2022
2022-07-19,LONG,2022-07-19 10:50:00-04:00,2022-07-19 14:10:00-04:00,12129.0,12273.757805893094,TP,144.75780589309397,10,-3.5,151.25,36.189451473273714,10,155.75,IS,2022
2022-07-20,LONG,2022-07-20 10:50:00-04:00,2022-07-20 16:10:00-04:00,12451.0,12482.0,FORCE_CLOSE,31.0,16,-93.0,66.5,38.87174285961892,10,122.75,IS,2022
2022-07-21,LONG,2022-07-21 12:30:00-04:00,2022-07-21 16:10:00-04:00,12606.0,12630.25,FORCE_CLOSE,24.25,11,-60.0,49.25,52.40238937659914,12,165.0,IS,2022
2022-07-22,SHORT,2022-07-22 11:50:00-04:00,2022-07-22 16:10:00-04:00,12454.0,12423.5,FORCE_CLOSE,30.5,13,-21.25,110.25,45.19958794528069,11,93.75,IS,2022
2022-07-25,SHORT,2022-07-25 10:30:00-04:00,2022-07-25 12:50:00-04:00,12332.25,12403.0,SL_YELLOW,-70.75,7,-74.75,29.5,35.270163307467456,10,114.5,IS,2022
2022-07-26,SHORT,2022-07-26 10:10:00-04:00,2022-07-26 12:10:00-04:00,12239.5,12117.353542129176,TP,122.14645787082372,6,-11.5,133.5,30.536614467705856,10,83.0,IS,2022
2022-07-27,LONG,2022-07-27 10:10:00-04:00,2022-07-27 14:50:00-04:00,12393.0,12503.248386523856,TP,110.24838652385552,14,-5.5,208.25,27.562096630963783,10,139.5,IS,2022
2022-07-29,LONG,2022-07-29 14:30:00-04:00,2022-07-29 16:10:00-04:00,12952.0,12964.0,FORCE_CLOSE,12.0,5,-7.75,60.0,39.20602513226452,14,148.0,IS,2022
2022-08-01,LONG,2022-08-01 11:10:00-04:00,2022-08-01 13:10:00-04:00,13059.5,12990.5,SL_YELLOW,-69.0,6,-96.75,33.0,44.074769689383636,11,120.0,IS,2022
2022-08-02,LONG,2022-08-02 12:10:00-04:00,2022-08-02 13:50:00-04:00,13004.25,12912.5,SL_YELLOW,-91.75,5,-101.0,92.75,44.90780615407321,12,161.0,IS,2022
2022-08-03,LONG,2022-08-03 10:10:00-04:00,2022-08-03 15:50:00-04:00,13160.75,13304.62104478085,TP,143.87104478084984,17,-100.0,149.5,35.96776119521264,10,149.5,IS,2022
2022-08-08,LONG,2022-08-08 10:10:00-04:00,2022-08-08 10:50:00-04:00,13395.0,13323.0,SL_YELLOW,-72.0,2,-78.5,16.5,36.96122735470402,10,181.25,IS,2022
2022-08-09,SHORT,2022-08-09 10:10:00-04:00,2022-08-09 16:10:00-04:00,12976.75,13046.25,FORCE_CLOSE,-69.5,18,-90.5,13.5,32.54452503070932,10,157.25,IS,2022
2022-08-10,LONG,2022-08-10 15:50:00-04:00,2022-08-10 16:10:00-04:00,13392.5,13382.25,FORCE_CLOSE,-10.25,1,-13.0,15.5,38.35847323162753,15,393.0,IS,2022
2022-08-11,LONG,2022-08-11 10:30:00-04:00,2022-08-11 10:50:00-04:00,13523.5,13477.0,SL_YELLOW,-46.5,1,-57.5,25.25,30.18748491545032,10,140.25,IS,2022
2022-08-12,LONG,2022-08-12 11:30:00-04:00,2022-08-12 16:10:00-04:00,13469.0,13566.25,FORCE_CLOSE,97.25,14,-15.5,114.25,35.83857207364778,11,105.25,IS,2022
2022-08-15,LONG,2022-08-15 11:50:00-04:00,2022-08-15 16:10:00-04:00,13654.25,13675.0,FORCE_CLOSE,20.75,13,-18.5,51.75,35.812065406374195,11,79.25,IS,2022
2022-08-16,SHORT,2022-08-16 10:10:00-04:00,2022-08-16 11:30:00-04:00,13592.25,13627.25,SL_YELLOW,-35.0,4,-40.25,69.5,22.455026873195607,10,61.5,IS,2022
2022-08-17,SHORT,2022-08-17 10:50:00-04:00,2022-08-17 14:10:00-04:00,13467.5,13555.75,SL_YELLOW,-88.25,10,-101.5,61.25,35.0024644979017,10,166.25,IS,2022
2022-08-19,SHORT,2022-08-19 10:10:00-04:00,2022-08-19 16:10:00-04:00,13292.5,13261.75,FORCE_CLOSE,30.75,18,-22.25,63.75,29.683426092641223,10,176.25,IS,2022
2022-08-22,SHORT,2022-08-22 10:10:00-04:00,2022-08-22 14:50:00-04:00,13016.25,12913.275868476858,TP,102.9741315231422,14,-4.5,124.5,25.743532880785775,10,179.75,IS,2022
2022-08-24,LONG,2022-08-24 11:30:00-04:00,2022-08-24 13:30:00-04:00,12987.0,12913.0,SL_YELLOW,-74.0,6,-76.75,24.25,32.36857617595907,11,112.25,IS,2022
2022-08-25,LONG,2022-08-25 10:50:00-04:00,2022-08-25 11:10:00-04:00,13111.5,13053.25,SL_YELLOW,-58.25,1,-64.0,1.5,32.45797988869737,10,160.5,IS,2022
2022-08-26,SHORT,2022-08-26 10:50:00-04:00,2022-08-26 15:30:00-04:00,12923.5,12679.448981879412,TP,244.0510181205882,14,-1.25,248.5,61.01275453014707,10,151.5,IS,2022
2022-08-29,LONG,2022-08-29 10:10:00-04:00,2022-08-29 10:50:00-04:00,12538.25,12505.5,SL_YELLOW,-32.75,2,-49.75,72.0,39.11806955569266,10,132.5,IS,2022
2022-08-30,SHORT,2022-08-30 10:30:00-04:00,2022-08-30 13:50:00-04:00,12403.75,12252.772260144839,TP,150.97773985516142,10,-9.25,156.25,37.74443496379045,10,174.75,IS,2022
2022-08-31,SHORT,2022-08-31 11:30:00-04:00,2022-08-31 11:50:00-04:00,12331.5,12373.0,SL_YELLOW,-41.5,1,-56.0,17.75,52.21344901632161,11,151.25,IS,2022
2022-09-01,SHORT,2022-09-01 11:10:00-04:00,2022-09-01 13:30:00-04:00,12077.0,12117.5,SL_YELLOW,-40.5,7,-46.25,59.25,46.41789186153447,11,180.25,IS,2022
2022-09-02,SHORT,2022-09-02 13:30:00-04:00,2022-09-02 16:10:00-04:00,12139.5,12133.0,FORCE_CLOSE,6.5,8,-30.0,99.25,61.03113076231988,13,188.5,IS,2022
2022-09-05,LONG,2022-09-05 12:30:00-04:00,2022-09-05 12:50:00-04:00,12163.0,12130.25,SL_YELLOW,-32.75,1,-34.25,3.5,22.00933713775226,12,95.5,IS,2022
2022-09-06,SHORT,2022-09-06 10:10:00-04:00,2022-09-06 11:10:00-04:00,11960.5,12117.25,SL_YELLOW,-156.75,3,-179.0,30.5,43.82865280606066,10,132.5,IS,2022
2022-09-07,LONG,2022-09-07 11:30:00-04:00,2022-09-07 15:10:00-04:00,12127.25,12294.329649865502,TP,167.07964986550178,11,-26.25,168.5,41.76991246637552,11,156.25,IS,2022
2022-09-08,LONG,2022-09-08 11:30:00-04:00,2022-09-08 11:50:00-04:00,12432.5,12391.5,SL_YELLOW,-41.0,1,-44.75,10.75,47.726282035163116,11,179.0,IS,2022
2022-09-09,LONG,2022-09-09 10:30:00-04:00,2022-09-09 16:10:00-04:00,12603.75,12661.75,FORCE_CLOSE,58.0,17,-15.25,87.5,34.96398872142797,10,151.0,IS,2022
2022-09-12,LONG,2022-09-12 10:30:00-04:00,2022-09-12 11:10:00-04:00,12822.25,12765.0,SL_YELLOW,-57.25,2,-65.0,8.5,28.371960799494296,10,126.5,IS,2022
2022-09-13,SHORT,2022-09-13 10:30:00-04:00,2022-09-13 15:50:00-04:00,12375.5,12133.301065589298,TP,242.19893441070235,16,-18.0,293.25,60.549733602675474,10,559.25,IS,2022
2022-09-14,LONG,2022-09-14 13:10:00-04:00,2022-09-14 13:30:00-04:00,12221.75,12217.75,SL_YELLOW,-4.0,1,-15.0,25.5,48.81205133877009,13,139.5,IS,2022
2022-09-15,SHORT,2022-09-15 10:50:00-04:00,2022-09-15 13:10:00-04:00,12088.75,12132.0,SL_YELLOW,-43.25,7,-54.0,100.75,42.3576960087342,10,142.75,IS,2022
2022-09-16,SHORT,2022-09-16 10:10:00-04:00,2022-09-16 10:30:00-04:00,11822.5,11848.25,SL_YELLOW,-25.75,1,-63.5,5.25,31.352783345651453,10,130.75,IS,2022
2022-09-19,LONG,2022-09-19 11:10:00-04:00,2022-09-19 11:30:00-04:00,11954.75,11903.25,SL_YELLOW,-51.5,1,-52.0,23.75,38.66052723584768,11,158.0,IS,2022
2022-09-20,SHORT,2022-09-20 13:50:00-04:00,2022-09-20 15:30:00-04:00,11859.75,11928.25,SL_YELLOW,-68.5,5,-82.5,31.5,35.93934990941791,13,179.75,IS,2022
2022-09-21,LONG,2022-09-21 12:50:00-04:00,2022-09-21 13:10:00-04:00,12005.0,11982.25,SL_YELLOW,-22.75,1,-32.25,2.75,27.45752785859386,12,128.25,IS,2022
2022-09-22,SHORT,2022-09-22 14:50:00-04:00,2022-09-22 15:10:00-04:00,11542.75,11614.75,SL_YELLOW,-72.0,1,-79.0,1.25,46.08130758712504,14,246.0,IS,2022
2022-09-23,SHORT,2022-09-23 11:50:00-04:00,2022-09-23 16:10:00-04:00,11356.75,11373.5,FORCE_CLOSE,-16.75,13,-36.75,127.75,41.99997747621803,11,220.75,IS,2022
2022-09-26,LONG,2022-09-26 10:10:00-04:00,2022-09-26 11:10:00-04:00,11478.75,11404.25,SL_YELLOW,-74.5,3,-76.75,59.0,47.650154917897886,10,165.25,IS,2022
2022-09-27,SHORT,2022-09-27 12:50:00-04:00,2022-09-27 14:50:00-04:00,11286.75,11360.25,SL_YELLOW,-73.5,6,-77.0,44.75,55.18133786360504,12,226.5,IS,2022
2022-09-28,LONG,2022-09-28 10:50:00-04:00,2022-09-28 16:10:00-04:00,11421.5,11559.25,FORCE_CLOSE,137.75,16,-38.0,192.0,64.91658240029355,10,251.0,IS,2022
2022-09-29,SHORT,2022-09-29 10:10:00-04:00,2022-09-29 16:10:00-04:00,11192.75,11229.5,FORCE_CLOSE,-36.75,18,-81.75,101.25,52.571792411848264,10,234.75,IS,2022
2022-09-30,SHORT,2022-09-30 15:10:00-04:00,2022-09-30 16:10:00-04:00,11130.75,11075.0,FORCE_CLOSE,55.75,3,-17.25,106.5,53.78426845666057,15,186.5,IS,2022
2022-10-03,LONG,2022-10-03 10:30:00-04:00,2022-10-03 16:10:00-04:00,11205.5,11315.75,FORCE_CLOSE,110.25,17,-47.25,152.75,47.10848000636575,10,244.75,IS,2022
2022-10-04,LONG,2022-10-04 10:10:00-04:00,2022-10-04 16:10:00-04:00,11641.5,11648.0,FORCE_CLOSE,6.5,18,-117.25,33.5,33.287700253972005,10,272.25,IS,2022
2022-10-05,SHORT,2022-10-05 10:30:00-04:00,2022-10-05 12:10:00-04:00,11386.0,11490.25,SL_YELLOW,-104.25,5,-112.75,19.5,36.41559275790409,10,168.25,IS,2022
2022-10-07,SHORT,2022-10-07 10:10:00-04:00,2022-10-07 15:50:00-04:00,11235.0,11053.094453348382,TP,181.90554665161835,17,-40.75,191.75,45.47638666290473,10,264.0,IS,2022
2022-10-10,SHORT,2022-10-10 11:10:00-04:00,2022-10-10 11:50:00-04:00,10948.0,10992.5,SL_YELLOW,-44.5,2,-45.5,6.75,45.25790163160869,11,150.5,IS,2022
2022-10-11,SHORT,2022-10-11 10:30:00-04:00,2022-10-11 10:50:00-04:00,10828.25,10861.25,SL_YELLOW,-33.0,1,-73.25,19.5,42.73320832928942,10,178.0,IS,2022
2022-10-13,LONG,2022-10-13 13:50:00-04:00,2022-10-13 16:10:00-04:00,11065.5,11080.75,FORCE_CLOSE,15.25,7,-58.75,77.25,89.03541590053051,13,502.0,IS,2022
2022-10-14,SHORT,2022-10-14 10:30:00-04:00,2022-10-14 16:10:00-04:00,10920.25,10758.75,FORCE_CLOSE,161.5,17,-51.25,193.5,71.53373967125941,10,265.25,IS,2022
2022-10-18,SHORT,2022-10-18 11:30:00-04:00,2022-10-18 14:30:00-04:00,11129.25,11238.75,SL_YELLOW,-109.5,9,-125.5,45.75,55.07303966047425,11,172.75,IS,2022
2022-10-19,SHORT,2022-10-19 13:30:00-04:00,2022-10-19 14:10:00-04:00,11087.5,11129.25,SL_YELLOW,-41.75,2,-54.75,20.75,55.56346568702214,13,278.0,IS,2022
2022-10-20,LONG,2022-10-20 10:30:00-04:00,2022-10-20 12:10:00-04:00,11311.75,11217.5,SL_YELLOW,-94.25,5,-102.75,14.0,54.49474309262704,10,211.0,IS,2022
2022-10-21,LONG,2022-10-21 10:30:00-04:00,2022-10-21 11:10:00-04:00,11108.5,11084.25,SL_YELLOW,-24.25,2,-57.5,47.5,60.66518062960362,10,166.25,IS,2022
2022-10-24,SHORT,2022-10-24 10:30:00-04:00,2022-10-24 10:50:00-04:00,11250.25,11278.0,SL_YELLOW,-27.75,1,-76.75,14.5,58.1556694587356,10,269.5,IS,2022
2022-10-25,LONG,2022-10-25 10:10:00-04:00,2022-10-25 16:10:00-04:00,11640.0,11618.0,SL_YELLOW,-22.0,18,-65.0,94.0,34.11865305665011,10,97.0,IS,2022
2022-10-26,LONG,2022-10-26 10:50:00-04:00,2022-10-26 13:10:00-04:00,11643.0,11537.0,SL_YELLOW,-106.0,7,-114.5,60.5,44.216861233502804,10,132.25,IS,2022
2022-10-28,LONG,2022-10-28 10:30:00-04:00,2022-10-28 16:10:00-04:00,11380.75,11585.0,FORCE_CLOSE,204.25,17,-2.5,224.75,57.812782642202734,10,162.0,IS,2022
2022-11-01,SHORT,2022-11-01 10:30:00-04:00,2022-11-01 16:10:00-04:00,11438.25,11310.5,FORCE_CLOSE,127.75,17,-7.25,132.75,36.200046066077206,10,136.25,IS,2022
2022-11-02,SHORT,2022-11-02 10:30:00-04:00,2022-11-02 14:10:00-04:00,11268.0,11394.5,SL_YELLOW,-126.5,11,-172.75,77.0,27.182784251900248,10,94.5,IS,2022
2022-11-03,SHORT,2022-11-03 10:10:00-04:00,2022-11-03 10:30:00-04:00,10743.5,10842.5,SL_YELLOW,-99.0,1,-103.5,2.0,36.39820692650967,10,198.0,IS,2022
2022-11-07,LONG,2022-11-07 14:50:00-05:00,2022-11-07 16:10:00-05:00,11016.0,11025.0,FORCE_CLOSE,9.0,4,-24.25,22.5,41.96265868369708,14,221.0,IS,2022
2022-11-08,LONG,2022-11-08 11:10:00-05:00,2022-11-08 13:30:00-05:00,11139.0,11101.25,SL_YELLOW,-37.75,7,-47.25,92.25,32.021179010658514,11,149.75,IS,2022
2022-11-09,SHORT,2022-11-09 10:50:00-05:00,2022-11-09 11:50:00-05:00,10975.0,11011.25,SL_YELLOW,-36.25,3,-54.25,49.5,43.39842234022206,10,158.5,IS,2022
2022-11-10,LONG,2022-11-10 10:10:00-05:00,2022-11-10 16:10:00-05:00,11443.5,11641.0,FORCE_CLOSE,197.5,18,-85.25,207.0,64.51335010596615,10,554.75,IS,2022
2022-11-11,LONG,2022-11-11 13:30:00-05:00,2022-11-11 16:10:00-05:00,11820.75,11841.75,FORCE_CLOSE,21.0,8,-33.0,56.0,49.199527132457234,13,162.5,IS,2022
2022-11-14,LONG,2022-11-14 13:10:00-05:00,2022-11-14 15:30:00-05:00,11837.0,11824.5,SL_YELLOW,-12.5,7,-26.75,61.5,40.8764022023034,13,80.75,IS,2022
2022-11-16,SHORT,2022-11-16 10:10:00-05:00,2022-11-16 12:50:00-05:00,11762.5,11815.25,SL_YELLOW,-52.75,8,-67.5,56.0,37.654287993548756,10,149.75,IS,2022
2022-11-18,SHORT,2022-11-18 12:10:00-05:00,2022-11-18 13:30:00-05:00,11664.25,11672.5,SL_YELLOW,-8.25,4,-10.0,57.25,41.73352135032412,12,170.75,IS,2022
2022-11-21,SHORT,2022-11-21 12:30:00-05:00,2022-11-21 13:30:00-05:00,11561.0,11605.75,SL_YELLOW,-44.75,3,-52.5,8.0,32.191100644757995,12,160.75,IS,2022
2022-11-22,LONG,2022-11-22 12:30:00-05:00,2022-11-22 16:10:00-05:00,11652.25,11742.0,FORCE_CLOSE,89.75,11,-8.0,107.0,32.22509395554893,12,115.5,IS,2022
2022-11-23,LONG,2022-11-23 10:10:00-05:00,2022-11-23 13:10:00-05:00,11851.75,11773.25,SL_YELLOW,-78.5,9,-110.0,38.75,26.343673690182438,10,73.5,IS,2022
2022-11-25,SHORT,2022-11-25 13:10:00-05:00,2022-11-25 13:30:00-05:00,11776.75,11786.75,EOD,-10.0,1,-12.0,3.25,20.816557943075935,13,134.0,IS,2022
2022-11-28,LONG,2022-11-28 10:10:00-05:00,2022-11-28 10:30:00-05:00,11752.25,11700.0,SL_YELLOW,-52.25,1,-70.5,3.75,24.94931139749969,10,104.75,IS,2022
2022-11-29,SHORT,2022-11-29 10:10:00-05:00,2022-11-29 10:30:00-05:00,11598.5,11625.75,SL_YELLOW,-27.25,1,-27.5,37.25,24.403169013623057,10,93.25,IS,2022
2022-11-30,LONG,2022-11-30 14:10:00-05:00,2022-11-30 16:10:00-05:00,11809.0,12007.686099952874,TP,198.68609995287443,6,-2.0,252.0,49.6715249882188,14,100.0,IS,2022
2022-12-05,SHORT,2022-12-05 10:30:00-05:00,2022-12-05 10:50:00-05:00,11884.25,11927.25,SL_YELLOW,-43.0,1,-47.5,22.5,29.825407371166435,10,97.0,IS,2022
2022-12-06,SHORT,2022-12-06 10:10:00-05:00,2022-12-06 16:10:00-05:00,11630.75,11565.25,FORCE_CLOSE,65.5,18,-24.25,128.75,35.37347138612096,10,65.25,IS,2022
2022-12-08,LONG,2022-12-08 10:30:00-05:00,2022-12-08 16:10:00-05:00,11649.5,11647.0,FORCE_CLOSE,-2.5,17,-72.0,36.25,34.24426101061002,10,165.0,IS,2022
2022-12-12,LONG,2022-12-12 15:10:00-05:00,2022-12-12 16:10:00-05:00,11782.75,11807.25,FORCE_CLOSE,24.5,3,-16.0,51.75,29.316931414689094,15,70.0,IS,2022
2022-12-14,LONG,2022-12-14 10:30:00-05:00,2022-12-14 12:30:00-05:00,12033.25,12004.25,SL_YELLOW,-29.0,6,-38.0,29.25,27.18367675012259,10,94.5,IS,2022
2022-12-15,SHORT,2022-12-15 10:10:00-05:00,2022-12-15 16:10:00-05:00,11548.0,11465.5,FORCE_CLOSE,82.5,18,-27.0,144.0,40.88091331453884,10,255.5,IS,2022
2022-12-16,SHORT,2022-12-16 12:10:00-05:00,2022-12-16 12:30:00-05:00,11302.5,11323.0,SL_YELLOW,-20.5,1,-23.0,9.75,40.94060092552423,12,175.25,IS,2022
2022-12-19,SHORT,2022-12-19 10:10:00-05:00,2022-12-19 15:50:00-05:00,11244.75,11135.81703823577,TP,108.93296176423064,17,-65.0,113.0,27.233240441057703,10,78.75,IS,2022
2022-12-21,LONG,2022-12-21 10:10:00-05:00,2022-12-21 16:10:00-05:00,11289.0,11347.5,FORCE_CLOSE,58.5,18,-12.0,100.75,27.746992061851568,10,76.75,IS,2022
2022-12-27,SHORT,2022-12-27 10:10:00-05:00,2022-12-27 16:10:00-05:00,10921.0,10919.5,FORCE_CLOSE,1.5,18,-96.75,21.25,31.99402131861161,10,143.5,IS,2022
2022-12-28,SHORT,2022-12-28 11:10:00-05:00,2022-12-28 16:10:00-05:00,10819.5,10785.75,FORCE_CLOSE,33.75,15,-71.75,60.75,35.85004354597721,11,63.0,IS,2022
2022-12-29,LONG,2022-12-29 10:10:00-05:00,2022-12-29 16:10:00-05:00,10974.25,11038.5,FORCE_CLOSE,64.25,18,-3.25,97.25,26.434234392613174,10,126.75,IS,2022
2022-12-30,SHORT,2022-12-30 10:10:00-05:00,2022-12-30 10:30:00-05:00,10888.75,10925.25,SL_YELLOW,-36.5,1,-58.0,1.0,26.63886238316397,10,132.0,IS,2022
2023-01-03,SHORT,2023-01-03 11:30:00-05:00,2023-01-03 14:50:00-05:00,10914.0,10957.0,SL_YELLOW,-43.0,10,-49.25,69.25,45.1219947261139,11,219.0,IS,2023
2023-01-04,SHORT,2023-01-04 10:30:00-05:00,2023-01-04 10:50:00-05:00,10913.5,10964.5,SL_YELLOW,-51.0,1,-54.5,37.5,39.54615616898338,10,131.0,IS,2023
2023-01-05,SHORT,2023-01-05 10:50:00-05:00,2023-01-05 14:50:00-05:00,10859.5,10902.25,SL_YELLOW,-42.75,12,-54.0,38.75,42.96892512124134,10,157.75,IS,2023
2023-01-06,LONG,2023-01-06 11:10:00-05:00,2023-01-06 16:10:00-05:00,11009.75,11106.75,FORCE_CLOSE,97.0,15,-40.0,156.0,55.962409635254794,11,218.5,IS,2023
2023-01-09,LONG,2023-01-09 10:10:00-05:00,2023-01-09 13:50:00-05:00,11311.25,11278.5,SL_YELLOW,-32.75,11,-47.25,74.25,27.949756297880388,10,85.0,IS,2023
2023-01-10,LONG,2023-01-10 10:30:00-05:00,2023-01-10 10:50:00-05:00,11208.0,11151.5,SL_YELLOW,-56.5,1,-87.25,0.75,39.89805053021613,10,111.75,IS,2023
2023-01-11,LONG,2023-01-11 10:10:00-05:00,2023-01-11 16:10:00-05:00,11359.0,11461.528659928232,TP,102.52865992823172,18,-45.75,120.5,25.632164982057805,10,94.0,IS,2023
2023-01-13,LONG,2023-01-13 14:10:00-05:00,2023-01-13 16:10:00-05:00,11550.0,11591.0,FORCE_CLOSE,41.0,6,-1.5,69.5,31.632928993924967,14,147.25,IS,2023
2023-01-17,LONG,2023-01-17 10:30:00-05:00,2023-01-17 11:10:00-05:00,11658.25,11583.75,SL_YELLOW,-74.5,2,-86.5,5.25,29.239042652843423,10,73.75,IS,2023
2023-01-18,SHORT,2023-01-18 11:50:00-05:00,2023-01-18 16:10:00-05:00,11541.75,11473.5,FORCE_CLOSE,68.25,13,-18.25,71.25,37.91681662683288,11,140.0,IS,2023
2023-01-19,SHORT,2023-01-19 11:50:00-05:00,2023-01-19 13:10:00-05:00,11328.5,11367.75,SL_YELLOW,-39.25,4,-54.5,12.25,34.61317108865399,11,142.25,IS,2023
2023-01-20,LONG,2023-01-20 10:30:00-05:00,2023-01-20 13:50:00-05:00,11486.75,11587.069821282978,TP,100.3198212829775,10,-30.25,103.0,25.07995532074452,10,83.25,IS,2023
2023-01-23,LONG,2023-01-23 10:10:00-05:00,2023-01-23 11:10:00-05:00,11796.75,11912.895090421627,TP,116.14509042162717,3,-1.0,136.0,29.036272605406584,10,72.75,IS,2023
2023-01-25,SHORT,2023-01-25 10:10:00-05:00,2023-01-25 11:30:00-05:00,11650.75,11724.5,SL_YELLOW,-73.75,4,-93.25,46.25,27.970306598840278,10,275.5,IS,2023
2023-01-26,LONG,2023-01-26 14:10:00-05:00,2023-01-26 16:10:00-05:00,12039.75,12084.5,FORCE_CLOSE,44.75,6,-8.75,73.25,40.94687851160217,14,158.5,IS,2023
2023-01-27,LONG,2023-01-27 10:10:00-05:00,2023-01-27 15:10:00-05:00,12174.75,12297.99828663135,TP,123.2482866313494,15,-82.5,130.5,30.81207165783742,10,62.75,IS,2023
2023-01-30,SHORT,2023-01-30 11:10:00-05:00,2023-01-30 11:30:00-05:00,12031.25,12055.0,SL_YELLOW,-23.75,1,-33.75,2.0,36.792564531558284,11,140.25,IS,2023
2023-01-31,LONG,2023-01-31 10:50:00-05:00,2023-01-31 16:10:00-05:00,12063.0,12147.25,FORCE_CLOSE,84.25,16,-21.25,93.0,35.47383463206927,10,146.25,IS,2023
2023-02-01,LONG,2023-02-01 15:10:00-05:00,2023-02-01 16:10:00-05:00,12443.75,12495.25,FORCE_CLOSE,51.5,3,-81.25,72.5,60.57240209473736,15,84.0,IS,2023
2023-02-02,LONG,2023-02-02 10:50:00-05:00,2023-02-02 14:50:00-05:00,12813.75,12765.0,SL_YELLOW,-48.75,12,-80.0,120.75,41.2785875944589,10,177.5,IS,2023
2023-02-03,LONG,2023-02-03 10:50:00-05:00,2023-02-03 13:10:00-05:00,12842.5,12685.5,SL_YELLOW,-157.0,7,-159.75,35.5,63.00033194482519,10,209.75,IS,2023
2023-02-07,LONG,2023-02-07 12:10:00-05:00,2023-02-07 12:30:00-05:00,12576.5,12542.75,SL_YELLOW,-33.75,1,-40.5,6.0,30.35524306928266,12,98.0,IS,2023
2023-02-08,SHORT,2023-02-08 10:30:00-05:00,2023-02-08 11:30:00-05:00,12670.25,12534.91223372786,TP,135.33776627213956,3,0.0,151.0,33.834441568034734,10,109.0,IS,2023
2023-02-09,SHORT,2023-02-09 13:10:00-05:00,2023-02-09 16:10:00-05:00,12526.75,12430.0,FORCE_CLOSE,96.75,9,-35.0,160.25,41.75752277229849,13,185.0,IS,2023
2023-02-10,SHORT,2023-02-10 12:30:00-05:00,2023-02-10 12:50:00-05:00,12265.75,12275.75,SL_YELLOW,-10.0,1,-27.5,4.5,42.328525128713366,12,181.0,IS,2023
2023-02-13,LONG,2023-02-13 10:30:00-05:00,2023-02-13 16:10:00-05:00,12459.5,12543.5,FORCE_CLOSE,84.0,17,-13.75,107.5,30.738867902977795,10,150.25,IS,2023
2023-02-15,LONG,2023-02-15 11:50:00-05:00,2023-02-15 12:30:00-05:00,12663.75,12618.5,SL_YELLOW,-45.25,2,-56.0,8.5,43.994823762856186,11,92.5,IS,2023
2023-02-17,SHORT,2023-02-17 11:30:00-05:00,2023-02-17 14:30:00-05:00,12293.75,12343.25,SL_YELLOW,-49.5,9,-62.5,28.0,40.385889950430446,11,128.25,IS,2023
2023-02-21,SHORT,2023-02-21 10:30:00-05:00,2023-02-21 16:10:00-05:00,12186.75,12108.75,FORCE_CLOSE,78.0,17,-41.25,96.5,31.175662616941523,10,136.0,IS,2023
2023-02-23,SHORT,2023-02-23 11:10:00-05:00,2023-02-23 14:30:00-05:00,12093.5,12183.5,SL_YELLOW,-90.0,10,-97.75,65.0,36.33154602252876,11,110.25,IS,2023
2023-02-24,SHORT,2023-02-24 10:10:00-05:00,2023-02-24 11:30:00-05:00,11956.0,11973.5,SL_YELLOW,-17.5,4,-30.25,33.0,30.290294291060324,10,241.0,IS,2023
2023-02-27,LONG,2023-02-27 10:30:00-05:00,2023-02-27 10:50:00-05:00,12156.25,12103.0,SL_YELLOW,-53.25,1,-79.75,1.75,25.509550488611836,10,163.0,IS,2023
2023-02-28,LONG,2023-02-28 13:30:00-05:00,2023-02-28 14:30:00-05:00,12159.5,12142.0,SL_YELLOW,-17.5,3,-19.0,13.25,30.24502162448597,13,116.75,IS,2023
2023-03-01,SHORT,2023-03-01 10:30:00-05:00,2023-03-01 10:50:00-05:00,11970.5,12027.25,SL_YELLOW,-56.75,1,-67.25,17.0,30.777666257618023,10,152.5,IS,2023
2023-03-02,LONG,2023-03-02 14:30:00-05:00,2023-03-02 16:10:00-05:00,12043.75,12057.25,FORCE_CLOSE,13.5,5,-27.0,52.5,34.62611091285343,14,159.25,IS,2023
2023-03-03,LONG,2023-03-03 10:50:00-05:00,2023-03-03 16:10:00-05:00,12206.75,12318.0,FORCE_CLOSE,111.25,16,-36.25,116.5,32.03935137344306,10,142.75,IS,2023
2023-03-06,LONG,2023-03-06 10:30:00-05:00,2023-03-06 12:50:00-05:00,12434.0,12392.5,SL_YELLOW,-41.5,7,-45.5,52.25,25.286722016119082,10,86.75,IS,2023
2023-03-07,SHORT,2023-03-07 10:30:00-05:00,2023-03-07 16:10:00-05:00,12238.5,12174.0,FORCE_CLOSE,64.5,17,-80.25,96.25,32.11465678777005,10,69.0,IS,2023
2023-03-09,LONG,2023-03-09 10:10:00-05:00,2023-03-09 12:10:00-05:00,12343.5,12264.25,SL_YELLOW,-79.25,6,-101.75,5.5,29.034557389356777,10,140.0,IS,2023
2023-03-10,SHORT,2023-03-10 13:30:00-05:00,2023-03-10 16:10:00-05:00,11848.0,11836.75,FORCE_CLOSE,11.25,8,-62.0,53.0,64.08004098816446,13,187.5,IS,2023
2023-03-14,LONG,2023-03-14 10:10:00-04:00,2023-03-14 15:10:00-04:00,12273.0,12200.75,SL_YELLOW,-72.25,15,-82.5,83.5,45.76871399972177,10,185.75,IS,2023
2023-03-16,LONG,2023-03-16 11:10:00-04:00,2023-03-16 15:30:00-04:00,12540.25,12723.879428976114,TP,183.62942897611356,13,-9.0,195.5,45.90735724402822,11,129.25,IS,2023
2023-03-17,SHORT,2023-03-17 11:10:00-04:00,2023-03-17 13:10:00-04:00,12634.5,12660.75,SL_YELLOW,-26.25,6,-46.75,65.0,43.874067843561704,11,107.5,IS,2023
2023-03-21,LONG,2023-03-21 13:50:00-04:00,2023-03-21 16:10:00-04:00,12804.0,12874.5,FORCE_CLOSE,70.5,7,-22.25,94.25,30.329191972043528,13,115.5,IS,2023
2023-03-22,LONG,2023-03-22 10:50:00-04:00,2023-03-22 12:30:00-04:00,12912.25,12883.5,SL_YELLOW,-28.75,5,-37.0,33.0,20.984351909605365,10,77.25,IS,2023
2023-03-23,LONG,2023-03-23 10:10:00-04:00,2023-03-23 11:10:00-04:00,12912.0,13030.93880314694,TP,118.9388031469407,3,-1.5,119.0,29.73470078673507,10,163.75,IS,2023
2023-03-27,SHORT,2023-03-27 11:30:00-04:00,2023-03-27 14:50:00-04:00,12848.5,12849.25,SL_YELLOW,-0.75,10,-7.5,83.0,31.52636005912109,11,135.75,IS,2023
2023-03-28,SHORT,2023-03-28 10:10:00-04:00,2023-03-28 16:10:00-04:00,12707.25,12742.5,FORCE_CLOSE,-35.25,18,-47.25,73.0,23.913202276153825,10,82.25,IS,2023
2023-03-29,LONG,2023-03-29 10:10:00-04:00,2023-03-29 10:50:00-04:00,12912.0,12864.0,SL_YELLOW,-48.0,2,-54.25,9.25,19.097562518303683,10,148.0,IS,2023
2023-03-30,LONG,2023-03-30 11:30:00-04:00,2023-03-30 11:50:00-04:00,13079.75,13066.5,SL_YELLOW,-13.25,1,-17.25,8.25,28.849508555154625,11,143.25,IS,2023
2023-03-31,LONG,2023-03-31 10:50:00-04:00,2023-03-31 15:30:00-04:00,13179.25,13277.593865851451,TP,98.34386585145148,14,-14.75,121.5,24.585966462863027,10,81.25,IS,2023
2023-04-03,SHORT,2023-04-03 13:30:00-04:00,2023-04-03 14:30:00-04:00,13161.25,13183.25,SL_YELLOW,-22.0,3,-24.25,3.0,27.334400072453306,13,96.0,IS,2023
2023-04-04,SHORT,2023-04-04 12:30:00-04:00,2023-04-04 13:30:00-04:00,13218.25,13236.0,SL_YELLOW,-17.75,3,-25.0,12.5,32.52239378654603,12,122.25,IS,2023
2023-04-05,SHORT,2023-04-05 10:10:00-04:00,2023-04-05 11:10:00-04:00,13111.75,13019.702669360171,TP,92.04733063982894,3,-13.25,92.25,23.011832659957303,10,74.5,IS,2023
2023-04-06,LONG,2023-04-06 12:10:00-04:00,2023-04-06 16:10:00-04:00,13138.0,13164.75,FORCE_CLOSE,26.75,12,-16.75,53.0,32.61876706336315,12,94.5,IS,2023
2023-04-10,SHORT,2023-04-10 10:10:00-04:00,2023-04-10 10:50:00-04:00,12992.25,13041.0,SL_YELLOW,-48.75,2,-49.5,3.25,21.80907020751163,10,166.5,IS,2023
2023-04-11,SHORT,2023-04-11 10:10:00-04:00,2023-04-11 14:30:00-04:00,13104.5,13126.5,SL_YELLOW,-22.0,13,-22.75,51.0,20.639161824496032,10,83.25,IS,2023
2023-04-12,SHORT,2023-04-12 11:30:00-04:00,2023-04-12 11:50:00-04:00,13026.25,13057.5,SL_YELLOW,-31.25,1,-35.0,16.0,47.230801875062774,11,203.25,IS,2023
2023-04-13,LONG,2023-04-13 10:10:00-04:00,2023-04-13 14:30:00-04:00,13096.0,13205.670792219244,TP,109.6707922192436,13,-6.25,122.0,27.417698054810728,10,112.5,IS,2023
2023-04-14,SHORT,2023-04-14 13:10:00-04:00,2023-04-14 14:10:00-04:00,13094.0,13110.25,SL_YELLOW,-16.25,3,-20.25,33.75,34.328835591766044,13,116.25,IS,2023
2023-04-17,SHORT,2023-04-17 10:30:00-04:00,2023-04-17 15:30:00-04:00,13153.0,13174.25,SL_YELLOW,-21.25,15,-24.0,76.25,25.399086316752992,10,61.75,IS,2023
2023-04-19,LONG,2023-04-19 12:50:00-04:00,2023-04-19 15:50:00-04:00,13192.75,13181.0,SL_YELLOW,-11.75,9,-20.0,34.0,24.09959115892759,12,121.75,IS,2023
2023-04-20,LONG,2023-04-20 13:30:00-04:00,2023-04-20 14:10:00-04:00,13191.75,13157.25,SL_YELLOW,-34.5,2,-37.5,5.5,27.25103093295927,13,140.75,IS,2023
2023-04-24,SHORT,2023-04-24 11:50:00-04:00,2023-04-24 13:30:00-04:00,12981.5,13019.0,SL_YELLOW,-37.5,5,-43.25,14.25,28.052829645093265,11,85.25,IS,2023
2023-04-25,SHORT,2023-04-25 10:50:00-04:00,2023-04-25 13:30:00-04:00,12965.0,12874.170104046087,TP,90.82989595391336,8,-10.0,110.5,22.707473988478398,10,92.75,IS,2023
2023-04-27,LONG,2023-04-27 10:30:00-04:00,2023-04-27 13:30:00-04:00,13079.5,13179.632879031358,TP,100.13287903135824,9,-6.5,108.5,25.03321975783967,10,112.0,IS,2023
2023-04-28,LONG,2023-04-28 10:30:00-04:00,2023-04-28 11:10:00-04:00,13291.25,13210.25,SL_YELLOW,-81.0,2,-107.75,1.75,27.697189952568586,10,67.0,IS,2023
2023-05-01,SHORT,2023-05-01 11:50:00-04:00,2023-05-01 12:10:00-04:00,13284.25,13308.0,SL_YELLOW,-23.75,1,-25.25,3.75,23.420148417120334,11,85.0,IS,2023
2023-05-02,SHORT,2023-05-02 10:30:00-04:00,2023-05-02 11:10:00-04:00,13211.0,13123.888679252537,TP,87.11132074746274,2,-0.25,94.25,21.777830186865685,10,67.0,IS,2023
2023-05-03,SHORT,2023-05-03 15:50:00-04:00,2023-05-03 16:10:00-04:00,13098.25,13129.0,FORCE_CLOSE,-30.75,1,-31.5,5.0,45.75140633510832,15,74.5,IS,2023
2023-05-04,SHORT,2023-05-04 10:50:00-04:00,2023-05-04 11:10:00-04:00,13038.75,13089.0,SL_YELLOW,-50.25,1,-68.5,8.0,30.076107604542425,10,128.75,IS,2023
2023-05-05,LONG,2023-05-05 10:10:00-04:00,2023-05-05 14:30:00-04:00,13222.0,13319.256977944602,TP,97.25697794460211,13,-5.0,102.75,24.31424448615061,10,101.75,IS,2023
2023-05-08,SHORT,2023-05-08 10:10:00-04:00,2023-05-08 10:50:00-04:00,13271.25,13291.25,SL_YELLOW,-20.0,2,-23.0,16.75,15.193586732173742,10,47.25,IS,2023
2023-05-09,SHORT,2023-05-09 12:30:00-04:00,2023-05-09 12:50:00-04:00,13262.0,13272.0,SL_YELLOW,-10.0,1,-14.75,1.5,17.099970461260256,12,78.0,IS,2023
2023-05-10,LONG,2023-05-10 15:50:00-04:00,2023-05-10 16:10:00-04:00,13426.5,13416.0,FORCE_CLOSE,-10.5,1,-24.75,0.75,39.12944438472606,15,205.75,IS,2023
2023-05-11,SHORT,2023-05-11 10:10:00-04:00,2023-05-11 10:30:00-04:00,13390.0,13404.0,SL_YELLOW,-14.0,1,-29.5,10.5,23.48497379164321,10,64.0,IS,2023
2023-05-12,SHORT,2023-05-12 10:10:00-04:00,2023-05-12 12:50:00-04:00,13420.75,13349.278576967125,TP,71.47142303287546,8,-5.0,100.75,17.8678557582189,10,49.5,IS,2023
2023-05-15,LONG,2023-05-15 14:30:00-04:00,2023-05-15 16:10:00-04:00,13450.75,13467.5,FORCE_CLOSE,16.75,5,-8.0,22.5,23.911370132862427,14,97.5,IS,2023
2023-05-16,LONG,2023-05-16 10:50:00-04:00,2023-05-16 16:10:00-04:00,13502.25,13493.0,FORCE_CLOSE,-9.25,16,-25.0,52.25,22.758907659630058,10,65.75,IS,2023
2023-05-17,LONG,2023-05-17 11:10:00-04:00,2023-05-17 13:10:00-04:00,13530.0,13601.520511774374,TP,71.52051177437352,6,-24.75,103.25,17.88012794359343,11,52.25,IS,2023
2023-05-18,LONG,2023-05-18 10:10:00-04:00,2023-05-18 11:10:00-04:00,13731.25,13801.90537662258,TP,70.65537662258066,3,-5.75,92.75,17.66384415564514,10,55.0,IS,2023
2023-05-19,SHORT,2023-05-19 11:10:00-04:00,2023-05-19 16:10:00-04:00,13873.25,13847.75,FORCE_CLOSE,25.5,15,-25.75,59.0,24.731512916369564,11,82.75,IS,2023
2023-05-22,LONG,2023-05-22 10:50:00-04:00,2023-05-22 16:10:00-04:00,13896.5,13914.5,FORCE_CLOSE,18.0,16,-26.25,46.25,25.370038095147596,10,85.0,IS,2023
2023-05-23,SHORT,2023-05-23 13:10:00-04:00,2023-05-23 15:30:00-04:00,13811.0,13710.047749654243,TP,100.95225034575742,7,-8.25,101.0,25.238062586439554,13,154.25,IS,2023
2023-05-24,SHORT,2023-05-24 10:30:00-04:00,2023-05-24 13:50:00-04:00,13591.25,13630.5,SL_YELLOW,-39.25,10,-54.25,24.75,23.033320235612464,10,128.0,IS,2023
2023-05-25,LONG,2023-05-25 12:50:00-04:00,2023-05-25 13:10:00-04:00,13984.25,13968.75,SL_YELLOW,-15.5,1,-18.0,9.0,36.80231231176135,12,173.0,IS,2023
2023-05-26,LONG,2023-05-26 10:10:00-04:00,2023-05-26 11:10:00-04:00,14149.0,14261.786993920972,TP,112.78699392097224,3,-12.0,120.25,28.196748480243045,10,120.25,IS,2023
2023-05-30,SHORT,2023-05-30 14:10:00-04:00,2023-05-30 14:30:00-04:00,14346.5,14403.0,SL_YELLOW,-56.5,1,-62.75,1.75,39.0006675585589,14,185.0,IS,2023
2023-05-31,SHORT,2023-05-31 10:50:00-04:00,2023-05-31 13:30:00-04:00,14314.0,14320.0,SL_YELLOW,-6.0,8,-19.75,62.75,29.84640792140626,10,114.0,IS,2023
2023-06-01,LONG,2023-06-01 11:10:00-04:00,2023-06-01 14:10:00-04:00,14354.25,14490.928575776787,TP,136.6785757767866,9,-3.5,145.75,34.16964394419656,11,88.25,IS,2023
2023-06-02,LONG,2023-06-02 11:30:00-04:00,2023-06-02 16:10:00-04:00,14586.5,14587.25,FORCE_CLOSE,0.75,14,-33.75,22.5,35.35729543851262,11,92.0,IS,2023
2023-06-05,LONG,2023-06-05 10:10:00-04:00,2023-06-05 14:50:00-04:00,14617.25,14563.25,SL_YELLOW,-54.0,14,-72.75,77.5,21.828407697777468,10,66.75,IS,2023
2023-06-07,SHORT,2023-06-07 11:10:00-04:00,2023-06-07 13:30:00-04:00,14493.0,14361.990183427066,TP,131.00981657293414,7,-16.25,141.5,32.752454143233564,11,77.5,IS,2023
2023-06-08,LONG,2023-06-08 10:30:00-04:00,2023-06-08 14:10:00-04:00,14413.5,14453.75,EOD,40.25,11,-17.75,110.0,29.133229556272568,10,115.25,IS,2023
2023-06-09,LONG,2023-06-09 10:10:00-04:00,2023-06-09 10:50:00-04:00,14649.0,14582.75,SL_YELLOW,-66.25,2,-68.25,38.5,24.917425402680205,10,104.5,IS,2023
2023-06-12,LONG,2023-06-12 12:10:00-04:00,2023-06-12 15:10:00-04:00,14843.0,14947.733106906511,TP,104.73310690651124,9,-12.0,108.5,26.183276726628012,12,277.5,IS,2023
2023-06-14,LONG,2023-06-14 11:10:00-04:00,2023-06-14 13:30:00-04:00,15164.0,15135.5,SL_YELLOW,-28.5,7,-40.75,52.0,26.009896083880896,11,71.0,IS,2023
2023-06-15,LONG,2023-06-15 10:30:00-04:00,2023-06-15 15:10:00-04:00,15265.25,15402.27448849418,TP,137.02448849418033,14,-48.75,175.75,34.256122123545,10,163.0,IS,2023
2023-06-16,SHORT,2023-06-16 15:30:00-04:00,2023-06-16 16:10:00-04:00,15294.25,15307.5,FORCE_CLOSE,-13.25,2,-30.25,35.75,36.56199351441907,15,159.5,IS,2023
2023-06-20,SHORT,2023-06-20 10:50:00-04:00,2023-06-20 11:10:00-04:00,15164.25,15174.5,SL_YELLOW,-10.25,1,-26.0,22.25,37.536605076880846,10,89.0,IS,2023
2023-06-21,SHORT,2023-06-21 10:10:00-04:00,2023-06-21 16:10:00-04:00,15094.0,15055.5,FORCE_CLOSE,38.5,18,-55.75,91.75,25.901066896458374,10,91.5,IS,2023
2023-06-22,LONG,2023-06-22 10:10:00-04:00,2023-06-22 15:10:00-04:00,15078.75,15189.210474945274,TP,110.46047494527375,15,-22.75,114.75,27.615118736318355,10,88.0,IS,2023
2023-06-26,LONG,2023-06-26 10:30:00-04:00,2023-06-26 10:50:00-04:00,15124.5,15087.25,SL_YELLOW,-37.25,1,-95.75,2.5,28.956733455994033,10,115.25,IS,2023
2023-06-27,LONG,2023-06-27 11:50:00-04:00,2023-06-27 14:30:00-04:00,14991.0,15124.470355636144,TP,133.47035563614372,8,0.0,137.25,33.367588909035916,11,75.0,IS,2023
2023-06-28,LONG,2023-06-28 10:50:00-04:00,2023-06-28 12:50:00-04:00,15201.75,15089.75,SL_YELLOW,-112.0,6,-122.25,17.25,32.20517801300226,10,71.5,IS,2023
2023-06-29,SHORT,2023-06-29 10:30:00-04:00,2023-06-29 11:30:00-04:00,15061.75,15131.5,SL_YELLOW,-69.75,3,-74.25,33.25,31.918676445761783,10,101.5,IS,2023
2023-06-30,LONG,2023-06-30 10:10:00-04:00,2023-06-30 16:10:00-04:00,15321.75,15325.75,FORCE_CLOSE,4.0,18,-37.75,55.0,24.826534142225494,10,164.75,IS,2023
2023-07-03,SHORT,2023-07-03 11:10:00-04:00,2023-07-03 12:30:00-04:00,15318.75,15339.25,SL_YELLOW,-20.5,4,-26.25,10.75,20.717996684280678,11,61.5,IS,2023
2023-07-05,LONG,2023-07-05 10:10:00-04:00,2023-07-05 12:10:00-04:00,15375.25,15352.5,SL_YELLOW,-22.75,6,-37.0,56.75,20.294728461636204,10,101.25,IS,2023
2023-07-06,SHORT,2023-07-06 10:30:00-04:00,2023-07-06 11:50:00-04:00,15163.75,15171.25,SL_YELLOW,-7.5,4,-13.0,50.25,31.183741808187214,10,201.5,IS,2023
2023-07-07,LONG,2023-07-07 13:10:00-04:00,2023-07-07 14:50:00-04:00,15342.5,15296.0,SL_YELLOW,-46.5,5,-50.5,17.25,31.958473648130607,13,137.5,IS,2023
2023-07-11,SHORT,2023-07-11 10:10:00-04:00,2023-07-11 10:50:00-04:00,15131.0,15207.25,SL_YELLOW,-76.25,2,-81.0,21.5,24.458912168601067,10,63.75,IS,2023
2023-07-12,LONG,2023-07-12 10:10:00-04:00,2023-07-12 11:50:00-04:00,15486.75,15390.25,SL_YELLOW,-96.5,5,-128.75,21.0,26.977621907442774,10,183.5,IS,2023
2023-07-13,LONG,2023-07-13 10:10:00-04:00,2023-07-13 10:30:00-04:00,15599.5,15561.25,SL_YELLOW,-38.25,1,-40.25,10.0,23.91648644570267,10,124.75,IS,2023
2023-07-14,LONG,2023-07-14 10:10:00-04:00,2023-07-14 10:50:00-04:00,15812.25,15763.75,SL_YELLOW,-48.5,2,-52.0,45.0,22.299386951354027,10,58.5,IS,2023
2023-07-17,LONG,2023-07-17 10:30:00-04:00,2023-07-17 15:10:00-04:00,15751.25,15840.33722385506,TP,89.08722385506007,14,-12.5,91.75,22.271805963765004,10,68.0,IS,2023
2023-07-18,SHORT,2023-07-18 10:10:00-04:00,2023-07-18 10:50:00-04:00,15774.25,15800.75,SL_YELLOW,-26.5,2,-27.0,21.5,19.759857090875137,10,47.75,IS,2023
2023-07-19,LONG,2023-07-19 11:50:00-04:00,2023-07-19 12:30:00-04:00,16034.5,15978.5,SL_YELLOW,-56.0,2,-72.75,28.25,26.643549801733624,11,72.5,IS,2023
2023-07-20,SHORT,2023-07-20 10:50:00-04:00,2023-07-20 15:10:00-04:00,15730.0,15595.86132999899,TP,134.1386700010098,13,-55.0,147.75,33.53466750025244,10,120.5,IS,2023
2023-07-21,SHORT,2023-07-21 15:30:00-04:00,2023-07-21 16:10:00-04:00,15551.5,15552.0,FORCE_CLOSE,-0.5,2,-16.75,24.75,40.05106837348611,15,163.0,IS,2023
2023-07-25,LONG,2023-07-25 10:10:00-04:00,2023-07-25 10:30:00-04:00,15643.25,15629.25,SL_YELLOW,-14.0,1,-15.75,13.0,19.154803817931143,10,80.0,IS,2023
2023-07-26,SHORT,2023-07-26 10:50:00-04:00,2023-07-26 14:50:00-04:00,15582.25,15636.5,SL_YELLOW,-54.25,12,-102.25,67.25,24.247340804496552,10,133.0,IS,2023
2023-07-27,LONG,2023-07-27 12:50:00-04:00,2023-07-27 13:10:00-04:00,15846.5,15801.25,SL_YELLOW,-45.25,1,-77.75,0.5,36.341643345674306,12,213.0,IS,2023
2023-07-28,LONG,2023-07-28 10:10:00-04:00,2023-07-28 16:10:00-04:00,15817.25,15847.75,FORCE_CLOSE,30.5,18,-42.75,78.75,31.59609562280378,10,215.75,IS,2023
2023-08-02,SHORT,2023-08-02 10:30:00-04:00,2023-08-02 16:10:00-04:00,15544.25,15476.75,FORCE_CLOSE,67.5,17,-14.0,130.25,33.842644356386984,10,199.5,IS,2023
2023-08-04,LONG,2023-08-04 12:50:00-04:00,2023-08-04 13:30:00-04:00,15598.25,15551.25,SL_YELLOW,-47.0,2,-65.0,7.25,43.829953111175975,12,160.75,IS,2023
2023-08-08,SHORT,2023-08-08 10:10:00-04:00,2023-08-08 15:10:00-04:00,15285.75,15326.25,SL_YELLOW,-40.5,15,-59.25,67.75,29.723274923665276,10,179.0,IS,2023
2023-08-09,SHORT,2023-08-09 10:10:00-04:00,2023-08-09 11:30:00-04:00,15278.5,15178.450460788048,TP,100.04953921195192,4,-21.75,128.25,25.01238480298787,10,89.0,IS,2023
2023-08-10,LONG,2023-08-10 10:10:00-04:00,2023-08-10 10:50:00-04:00,15425.25,15327.5,SL_YELLOW,-97.75,2,-118.75,11.5,36.87806534258367,10,156.75,IS,2023
2023-08-11,SHORT,2023-08-11 11:50:00-04:00,2023-08-11 12:10:00-04:00,15048.5,15090.75,SL_YELLOW,-42.25,1,-56.5,9.0,38.09782898196412,11,187.5,IS,2023
2023-08-14,LONG,2023-08-14 13:30:00-04:00,2023-08-14 13:50:00-04:00,15230.0,15216.0,SL_YELLOW,-14.0,1,-18.0,7.5,36.213936919165135,13,204.25,IS,2023
2023-08-15,SHORT,2023-08-15 10:30:00-04:00,2023-08-15 11:10:00-04:00,15136.5,15168.25,SL_YELLOW,-31.75,2,-37.75,29.0,36.5443024243691,10,183.0,IS,2023
2023-08-16,SHORT,2023-08-16 12:10:00-04:00,2023-08-16 14:30:00-04:00,15038.5,15067.5,SL_YELLOW,-29.0,7,-39.5,55.25,31.838974393333366,12,102.0,IS,2023
2023-08-17,SHORT,2023-08-17 11:30:00-04:00,2023-08-17 12:30:00-04:00,14868.75,14940.25,SL_YELLOW,-71.5,3,-77.75,10.0,29.79163254827061,11,130.75,IS,2023
2023-08-21,LONG,2023-08-21 10:10:00-04:00,2023-08-21 10:30:00-04:00,14921.5,14830.5,SL_YELLOW,-91.0,1,-95.0,1.75,26.605276669996716,10,138.0,IS,2023
2023-08-23,LONG,2023-08-23 10:30:00-04:00,2023-08-23 16:10:00-04:00,15127.25,15208.5,FORCE_CLOSE,81.25,17,-3.0,115.25,30.629825055011285,10,125.75,IS,2023
2023-08-24,SHORT,2023-08-24 10:10:00-04:00,2023-08-24 11:10:00-04:00,15158.75,15019.433880667577,TP,139.3161193324231,3,-4.25,158.5,34.829029833105615,10,124.0,IS,2023
2023-08-29,LONG,2023-08-29 10:10:00-04:00,2023-08-29 11:50:00-04:00,15231.25,15356.57246837125,TP,125.32246837125058,5,-12.25,155.0,31.33061709281252,10,97.5,IS,2023
2023-08-30,LONG,2023-08-30 12:10:00-04:00,2023-08-30 14:10:00-04:00,15505.75,15461.0,SL_YELLOW,-44.75,6,-51.5,17.0,35.6424782880863,12,106.5,IS,2023
2023-08-31,LONG,2023-08-31 10:30:00-04:00,2023-08-31 12:30:00-04:00,15593.5,15534.5,SL_YELLOW,-59.0,6,-76.0,13.25,27.679074128792973,10,84.25,IS,2023
2023-09-01,SHORT,2023-09-01 12:10:00-04:00,2023-09-01 13:10:00-04:00,15475.0,15502.75,SL_YELLOW,-27.75,3,-48.25,3.0,39.18227227673503,12,159.25,IS,2023
2023-09-05,LONG,2023-09-05 11:10:00-04:00,2023-09-05 16:10:00-04:00,15567.5,15520.0,FORCE_CLOSE,-47.5,15,-64.5,19.25,34.29247680166385,11,95.25,IS,2023
2023-09-06,SHORT,2023-09-06 10:30:00-04:00,2023-09-06 16:10:00-04:00,15386.5,15387.0,FORCE_CLOSE,-0.5,17,-36.25,76.0,27.445195656134228,10,94.25,IS,2023
2023-09-08,LONG,2023-09-08 10:10:00-04:00,2023-09-08 10:50:00-04:00,15346.25,15339.5,SL_YELLOW,-6.75,2,-23.75,44.5,29.11633970253638,10,120.75,IS,2023
2023-09-11,LONG,2023-09-11 13:50:00-04:00,2023-09-11 16:10:00-04:00,15651.0,15674.75,FORCE_CLOSE,23.75,7,-0.25,45.0,29.830233336158265,13,336.0,IS,2023
2023-09-12,SHORT,2023-09-12 10:50:00-04:00,2023-09-12 13:30:00-04:00,15574.5,15601.5,SL_YELLOW,-27.0,8,-41.25,57.75,25.26168914484819,10,88.75,IS,2023
2023-09-13,LONG,2023-09-13 11:10:00-04:00,2023-09-13 15:10:00-04:00,15580.5,15520.0,SL_YELLOW,-60.5,12,-65.0,39.25,39.43342042582959,11,123.75,IS,2023
2023-09-14,LONG,2023-09-14 11:10:00-04:00,2023-09-14 16:10:00-04:00,15685.0,15688.25,FORCE_CLOSE,3.25,15,-58.0,29.5,34.90192610736576,11,84.5,IS,2023
2023-09-15,SHORT,2023-09-15 10:10:00-04:00,2023-09-15 13:30:00-04:00,15489.0,15381.336032953417,TP,107.66396704658291,10,-25.75,108.0,26.91599176164552,10,127.5,IS,2023
2023-09-18,LONG,2023-09-18 12:10:00-04:00,2023-09-18 14:50:00-04:00,15434.0,15422.5,SL_YELLOW,-11.5,8,-13.25,27.0,29.51767047261501,12,98.25,IS,2023
2023-09-19,SHORT,2023-09-19 10:30:00-04:00,2023-09-19 13:50:00-04:00,15300.75,15371.25,SL_YELLOW,-70.5,10,-78.5,52.25,24.282098438366088,10,97.25,IS,2023
2023-09-20,SHORT,2023-09-20 14:30:00-04:00,2023-09-20 15:50:00-04:00,15332.75,15210.793763312502,TP,121.95623668749795,4,-59.25,157.75,30.489059171874445,14,94.0,IS,2023
2023-09-21,SHORT,2023-09-21 12:30:00-04:00,2023-09-21 12:50:00-04:00,14942.0,14960.5,SL_YELLOW,-18.5,1,-20.75,6.0,33.58802732581198,12,206.75,IS,2023
2023-09-22,LONG,2023-09-22 11:10:00-04:00,2023-09-22 13:30:00-04:00,14992.5,14945.5,SL_YELLOW,-47.0,7,-56.0,35.0,27.350126319580873,11,136.25,IS,2023
2023-09-26,SHORT,2023-09-26 10:30:00-04:00,2023-09-26 16:10:00-04:00,14765.5,14729.25,FORCE_CLOSE,36.25,17,-40.25,99.25,27.867216851702466,10,154.0,IS,2023
2023-09-27,SHORT,2023-09-27 12:10:00-04:00,2023-09-27 14:50:00-04:00,14652.5,14731.25,SL_YELLOW,-78.75,8,-103.0,66.5,36.17505557636015,12,82.5,IS,2023
2023-09-28,LONG,2023-09-28 11:50:00-04:00,2023-09-28 16:10:00-04:00,14886.25,14860.75,FORCE_CLOSE,-25.5,13,-75.0,61.25,45.10504295676674,11,116.25,IS,2023
2023-09-29,LONG,2023-09-29 10:10:00-04:00,2023-09-29 10:30:00-04:00,15029.25,14981.0,SL_YELLOW,-48.25,1,-59.25,11.75,27.575692186355262,10,184.25,IS,2023
2023-10-03,SHORT,2023-10-03 10:30:00-04:00,2023-10-03 16:10:00-04:00,14776.5,14725.0,FORCE_CLOSE,51.5,17,-34.5,125.0,42.83281178624319,10,183.75,IS,2023
2023-10-04,LONG,2023-10-04 11:50:00-04:00,2023-10-04 16:10:00-04:00,14866.0,14919.0,FORCE_CLOSE,53.0,13,-62.0,90.0,45.57911048377182,11,210.75,IS,2023
2023-10-05,SHORT,2023-10-05 10:10:00-04:00,2023-10-05 13:50:00-04:00,14774.0,14851.5,SL_YELLOW,-77.5,11,-84.5,57.75,37.18603604239198,10,108.0,IS,2023
2023-10-06,LONG,2023-10-06 11:30:00-04:00,2023-10-06 14:50:00-04:00,14923.5,15129.386505728335,TP,205.88650572833467,10,-1.0,223.0,51.471626432083774,11,262.0,IS,2023
2023-10-09,LONG,2023-10-09 12:30:00-04:00,2023-10-09 16:10:00-04:00,15065.5,15200.25,FORCE_CLOSE,134.75,11,-18.5,147.25,38.116583545848364,12,68.75,IS,2023
2023-10-10,LONG,2023-10-10 10:30:00-04:00,2023-10-10 13:10:00-04:00,15289.5,15286.0,SL_YELLOW,-3.5,8,-13.25,94.0,27.690545084539856,10,67.5,IS,2023
2023-10-12,SHORT,2023-10-12 13:50:00-04:00,2023-10-12 16:10:00-04:00,15299.25,15323.25,FORCE_CLOSE,-24.0,7,-35.5,83.0,37.08873852946164,13,86.5,IS,2023
2023-10-13,SHORT,2023-10-13 11:30:00-04:00,2023-10-13 16:10:00-04:00,15159.5,15109.0,FORCE_CLOSE,50.5,14,-41.25,97.25,36.33583518075123,11,131.5,IS,2023
2023-10-16,LONG,2023-10-16 10:10:00-04:00,2023-10-16 16:10:00-04:00,15240.5,15298.25,FORCE_CLOSE,57.75,18,-28.5,96.25,30.59005544636647,10,104.5,IS,2023
2023-10-18,SHORT,2023-10-18 11:10:00-04:00,2023-10-18 11:30:00-04:00,15102.5,15130.0,SL_YELLOW,-27.5,1,-56.0,3.75,34.41398582120716,11,114.25,IS,2023
2023-10-19,SHORT,2023-10-19 15:10:00-04:00,2023-10-19 16:10:00-04:00,14906.0,14844.75,FORCE_CLOSE,61.25,3,-12.5,66.5,59.074483428620944,15,170.0,IS,2023
2023-10-20,SHORT,2023-10-20 10:50:00-04:00,2023-10-20 16:10:00-04:00,14731.0,14655.25,FORCE_CLOSE,75.75,16,-72.25,83.75,35.320972041995304,10,91.5,IS,2023
2023-10-23,LONG,2023-10-23 11:50:00-04:00,2023-10-23 16:10:00-04:00,14738.75,14742.0,FORCE_CLOSE,3.25,13,-39.5,115.0,41.51430610379993,11,188.5,IS,2023
2023-10-24,LONG,2023-10-24 10:30:00-04:00,2023-10-24 11:30:00-04:00,14847.75,14802.25,SL_YELLOW,-45.5,3,-54.0,30.25,31.509802846410377,10,105.0,IS,2023
2023-10-25,SHORT,2023-10-25 10:10:00-04:00,2023-10-25 13:10:00-04:00,14639.25,14516.953877571843,TP,122.2961224281571,9,-45.5,122.5,30.57403060703931,10,142.0,IS,2023
2023-10-26,SHORT,2023-10-26 12:30:00-04:00,2023-10-26 14:30:00-04:00,14191.5,14258.25,SL_YELLOW,-66.75,6,-67.5,51.25,51.28189872103583,12,173.75,IS,2023
2023-10-27,LONG,2023-10-27 11:30:00-04:00,2023-10-27 12:30:00-04:00,14389.5,14336.0,SL_YELLOW,-53.5,3,-75.5,4.75,38.27804697714462,11,97.0,IS,2023
2023-10-30,LONG,2023-10-30 10:10:00-04:00,2023-10-30 10:30:00-04:00,14440.0,14341.5,SL_YELLOW,-98.5,1,-109.25,6.25,28.78462463003452,10,88.75,IS,2023
2023-10-31,LONG,2023-10-31 14:10:00-04:00,2023-10-31 14:30:00-04:00,14473.25,14441.75,SL_YELLOW,-31.5,1,-31.75,5.25,38.51028826812019,14,133.75,IS,2023
2023-11-01,LONG,2023-11-01 10:10:00-04:00,2023-11-01 14:50:00-04:00,14543.5,14659.639927344897,TP,116.13992734489693,14,-13.5,133.5,29.034981836224272,10,123.75,IS,2023
2023-11-02,LONG,2023-11-02 13:10:00-04:00,2023-11-02 16:10:00-04:00,14966.75,14987.75,FORCE_CLOSE,21.0,9,-3.0,41.75,28.16668873389976,13,193.5,IS,2023
2023-11-03,LONG,2023-11-03 10:10:00-04:00,2023-11-03 15:10:00-04:00,15096.5,15220.360537825094,TP,123.86053782509407,15,-45.0,132.0,30.96513445627354,10,140.0,IS,2023
2023-11-07,LONG,2023-11-07 10:50:00-05:00,2023-11-07 16:10:00-05:00,15374.75,15375.75,FORCE_CLOSE,1.0,16,-45.5,37.5,29.60520263518576,10,108.5,IS,2023
2023-11-08,SHORT,2023-11-08 12:30:00-05:00,2023-11-08 13:10:00-05:00,15314.5,15352.0,SL_YELLOW,-37.5,2,-42.0,9.25,27.20747125170693,12,53.75,IS,2023
2023-11-09,LONG,2023-11-09 12:10:00-05:00,2023-11-09 12:30:00-05:00,15432.75,15394.0,SL_YELLOW,-38.75,1,-43.5,1.5,26.17048793029115,12,65.75,IS,2023
2023-11-13,SHORT,2023-11-13 10:10:00-05:00,2023-11-13 10:30:00-05:00,15500.0,15521.75,SL_YELLOW,-21.75,1,-27.75,3.5,19.781889691430717,10,91.75,IS,2023
2023-11-14,LONG,2023-11-14 10:30:00-05:00,2023-11-14 12:30:00-05:00,15883.25,15839.0,SL_YELLOW,-44.25,6,-50.0,19.75,35.8198164543161,10,287.75,IS,2023
2023-11-15,SHORT,2023-11-15 13:30:00-05:00,2023-11-15 13:50:00-05:00,15884.0,15901.5,SL_YELLOW,-17.5,1,-20.25,6.75,32.42048563687962,13,154.5,IS,2023
2023-11-17,SHORT,2023-11-17 10:10:00-05:00,2023-11-17 10:30:00-05:00,15850.75,15870.25,SL_YELLOW,-19.5,1,-26.0,23.75,18.92296910537862,10,59.75,IS,2023
2023-11-20,LONG,2023-11-20 10:10:00-05:00,2023-11-20 13:30:00-05:00,15984.5,16072.636874270891,TP,88.13687427089098,10,-46.75,91.75,22.03421856772274,10,94.75,IS,2023
2023-11-21,SHORT,2023-11-21 10:10:00-05:00,2023-11-21 10:30:00-05:00,15994.25,15923.550896909053,TP,70.69910309094666,1,-0.75,72.25,17.67477577273645,10,122.25,IS,2023
2023-11-22,LONG,2023-11-22 12:30:00-05:00,2023-11-22 12:50:00-05:00,16086.25,16060.25,SL_YELLOW,-26.0,1,-28.25,3.75,32.07533161860729,12,136.5,IS,2023
2023-11-24,SHORT,2023-11-24 10:10:00-05:00,2023-11-24 13:30:00-05:00,16016.25,16011.0,EOD,5.25,10,-9.0,34.5,17.01331723730162,10,52.5,IS,2023
2023-11-27,LONG,2023-11-27 11:10:00-05:00,2023-11-27 14:50:00-05:00,16022.25,16006.25,SL_YELLOW,-16.0,11,-24.5,67.0,25.820881259902535,11,83.0,IS,2023
2023-11-28,LONG,2023-11-28 11:50:00-05:00,2023-11-28 13:10:00-05:00,16060.5,16001.0,SL_YELLOW,-59.5,4,-81.75,2.0,27.113040536865917,11,68.75,IS,2023
2023-11-29,SHORT,2023-11-29 15:50:00-05:00,2023-11-29 16:10:00-05:00,16029.25,16042.5,SL_YELLOW,-13.25,1,-15.25,13.0,26.409803296945967,15,132.75,IS,2023
2023-11-30,SHORT,2023-11-30 10:10:00-05:00,2023-11-30 16:10:00-05:00,15939.75,15966.25,FORCE_CLOSE,-26.5,18,-59.25,83.75,26.24550770359662,10,71.25,IS,2023
2023-12-01,SHORT,2023-12-01 10:50:00-05:00,2023-12-01 11:10:00-05:00,15911.5,15940.0,SL_YELLOW,-28.5,1,-34.75,27.5,27.344189134012478,10,81.5,IS,2023
2023-12-04,SHORT,2023-12-04 10:10:00-05:00,2023-12-04 10:50:00-05:00,15845.0,15737.326152631733,TP,107.67384736826716,2,-8.5,112.75,26.918461842066844,10,336.25,IS,2023
2023-12-05,LONG,2023-12-05 10:30:00-05:00,2023-12-05 12:50:00-05:00,15891.5,15856.5,SL_YELLOW,-35.0,7,-64.0,69.5,32.22509677982918,10,102.0,IS,2023
2023-12-07,LONG,2023-12-07 12:50:00-05:00,2023-12-07 13:50:00-05:00,16039.5,16025.25,SL_YELLOW,-14.25,3,-23.0,13.0,34.62362639471001,12,234.5,IS,2023
2023-12-08,LONG,2023-12-08 10:30:00-05:00,2023-12-08 11:50:00-05:00,16097.75,16027.25,SL_YELLOW,-70.5,4,-87.75,14.5,34.700602239958094,10,150.5,IS,2023
2023-12-11,LONG,2023-12-11 10:10:00-05:00,2023-12-11 16:10:00-05:00,16381.5,16448.75,FORCE_CLOSE,67.25,18,-47.5,78.0,26.12276049026884,10,257.75,IS,2023
2023-12-12,LONG,2023-12-12 15:30:00-05:00,2023-12-12 16:10:00-05:00,16563.5,16593.25,FORCE_CLOSE,29.75,2,-9.75,32.75,23.08271876517001,15,107.75,IS,2023
2023-12-13,SHORT,2023-12-13 13:30:00-05:00,2023-12-13 13:50:00-05:00,16580.5,16593.0,SL_YELLOW,-12.5,1,-14.75,0.5,17.332210868534048,13,45.75,IS,2023
2023-12-14,SHORT,2023-12-14 11:30:00-05:00,2023-12-14 11:50:00-05:00,16765.75,16781.25,SL_YELLOW,-15.5,1,-23.0,23.75,33.44218211865543,11,109.75,IS,2023
2023-12-15,LONG,2023-12-15 10:30:00-05:00,2023-12-15 13:10:00-05:00,16863.5,16809.25,SL_YELLOW,-54.25,8,-65.0,23.75,25.752408856631693,10,86.25,IS,2023
2023-12-18,LONG,2023-12-18 10:30:00-05:00,2023-12-18 16:10:00-05:00,16901.75,16914.0,SL_YELLOW,12.25,17,-46.0,72.25,20.66090824014034,10,56.5,IS,2023
2023-12-19,LONG,2023-12-19 11:30:00-05:00,2023-12-19 12:10:00-05:00,16998.0,16974.0,SL_YELLOW,-24.0,2,-28.5,12.75,20.374167542978103,11,78.5,IS,2023
2023-12-20,LONG,2023-12-20 10:50:00-05:00,2023-12-20 11:10:00-05:00,17050.0,17038.0,SL_YELLOW,-12.0,1,-14.75,6.0,17.6245078216582,10,84.0,IS,2023
2023-12-22,LONG,2023-12-22 10:10:00-05:00,2023-12-22 11:10:00-05:00,17023.0,16995.5,SL_YELLOW,-27.5,3,-54.5,11.5,20.701405563259637,10,122.5,IS,2023
2023-12-27,SHORT,2023-12-27 11:10:00-05:00,2023-12-27 11:30:00-05:00,17072.5,17078.25,SL_YELLOW,-5.75,1,-6.0,8.25,17.849066119779877,11,33.5,IS,2023
2023-12-28,SHORT,2023-12-28 13:10:00-05:00,2023-12-28 13:30:00-05:00,17118.0,17118.5,SL_YELLOW,-0.5,1,-7.25,10.0,17.21039533217782,13,47.0,IS,2023
2024-01-02,SHORT,2024-01-02 10:10:00-05:00,2024-01-02 15:10:00-05:00,16760.5,16629.643147929626,TP,130.85685207037386,15,-27.25,136.5,32.71421301759358,10,221.5,IS,2024
2024-01-03,SHORT,2024-01-03 10:50:00-05:00,2024-01-03 11:10:00-05:00,16562.0,16597.25,SL_YELLOW,-35.25,1,-56.0,2.0,29.740533697792504,10,145.75,IS,2024
2024-01-05,LONG,2024-01-05 10:10:00-05:00,2024-01-05 12:10:00-05:00,16548.5,16463.5,SL_YELLOW,-85.0,6,-85.5,28.75,32.59408295702158,10,134.75,IS,2024
2024-01-08,LONG,2024-01-08 10:10:00-05:00,2024-01-08 14:50:00-05:00,16637.5,16764.549414285757,TP,127.04941428575694,14,-14.5,138.75,31.76235357143917,10,136.0,IS,2024
2024-01-09,LONG,2024-01-09 12:30:00-05:00,2024-01-09 15:50:00-05:00,16826.75,16794.75,SL_YELLOW,-32.0,10,-33.0,41.75,26.48912924764631,12,138.25,IS,2024
2024-01-10,LONG,2024-01-10 14:10:00-05:00,2024-01-10 15:50:00-05:00,16935.75,16909.25,SL_YELLOW,-26.5,5,-31.5,47.25,24.387074378158868,14,100.0,IS,2024
2024-01-11,SHORT,2024-01-11 10:30:00-05:00,2024-01-11 13:50:00-05:00,16891.25,16897.25,SL_YELLOW,-6.0,10,-35.5,138.25,43.6893404117861,10,164.75,IS,2024
2024-01-16,LONG,2024-01-16 10:50:00-05:00,2024-01-16 12:10:00-05:00,17027.75,16922.0,SL_YELLOW,-105.75,4,-114.0,6.0,38.94163701671904,10,118.5,IS,2024
2024-01-17,SHORT,2024-01-17 10:10:00-05:00,2024-01-17 11:30:00-05:00,16735.75,16818.0,SL_YELLOW,-82.25,4,-92.5,19.25,34.67494434310711,10,176.75,IS,2024
2024-01-18,LONG,2024-01-18 11:10:00-05:00,2024-01-18 12:10:00-05:00,17048.0,17019.5,SL_YELLOW,-28.5,3,-37.75,54.25,34.18905706640903,11,210.5,IS,2024
2024-01-19,LONG,2024-01-19 12:50:00-05:00,2024-01-19 14:30:00-05:00,17298.75,17426.551501378057,TP,127.80150137805686,5,0.0,138.75,31.950375344514164,12,148.0,IS,2024
2024-01-22,SHORT,2024-01-22 10:50:00-05:00,2024-01-22 16:10:00-05:00,17449.0,17449.5,FORCE_CLOSE,-0.5,16,-64.75,15.0,31.44446201342471,10,69.25,IS,2024
2024-01-24,LONG,2024-01-24 10:50:00-05:00,2024-01-24 13:50:00-05:00,17754.25,17705.25,SL_YELLOW,-49.0,9,-66.0,39.25,25.28199154257778,10,142.25,IS,2024
2024-01-25,SHORT,2024-01-25 14:30:00-05:00,2024-01-25 15:10:00-05:00,17574.75,17612.5,SL_YELLOW,-37.75,2,-41.25,17.25,42.984396354799614,14,138.0,IS,2024
2024-01-29,LONG,2024-01-29 13:50:00-05:00,2024-01-29 15:30:00-05:00,17598.0,17693.725966772145,TP,95.7259667721446,5,-15.0,118.25,23.931491693036282,13,134.0,IS,2024
2024-01-30,SHORT,2024-01-30 11:10:00-05:00,2024-01-30 11:50:00-05:00,17633.75,17646.25,SL_YELLOW,-12.5,2,-21.0,6.5,23.323412454944474,11,90.5,IS,2024
2024-01-31,SHORT,2024-01-31 10:50:00-05:00,2024-01-31 11:30:00-05:00,17296.75,17336.75,SL_YELLOW,-40.0,2,-54.0,11.75,33.99786002912915,10,135.0,IS,2024
2024-02-01,LONG,2024-02-01 13:50:00-05:00,2024-02-01 16:10:00-05:00,17375.0,17518.75,FORCE_CLOSE,143.75,7,-6.25,156.0,44.821449897854386,13,101.0,IS,2024
2024-02-02,LONG,2024-02-02 11:50:00-05:00,2024-02-02 16:10:00-05:00,17703.0,17724.75,FORCE_CLOSE,21.75,13,-38.5,72.5,44.728070546620756,11,160.0,IS,2024
2024-02-05,SHORT,2024-02-05 10:30:00-05:00,2024-02-05 12:10:00-05:00,17625.5,17673.5,SL_YELLOW,-48.0,5,-52.25,71.25,27.684560565845707,10,75.25,IS,2024
2024-02-06,SHORT,2024-02-06 10:30:00-05:00,2024-02-06 16:10:00-05:00,17623.25,17647.75,FORCE_CLOSE,-24.5,17,-44.75,62.5,29.333054225621865,10,98.5,IS,2024
2024-02-07,LONG,2024-02-07 10:50:00-05:00,2024-02-07 16:10:00-05:00,17858.75,17839.75,FORCE_CLOSE,-19.0,16,-79.5,16.75,30.29209369675531,10,149.75,IS,2024
2024-02-08,LONG,2024-02-08 11:10:00-05:00,2024-02-08 12:50:00-05:00,17875.0,17858.25,SL_YELLOW,-16.75,5,-20.5,21.5,22.564490924186078,11,70.25,IS,2024
2024-02-09,LONG,2024-02-09 11:10:00-05:00,2024-02-09 16:10:00-05:00,17995.75,18035.25,FORCE_CLOSE,39.5,15,-28.75,75.25,25.324845833216916,11,119.75,IS,2024
2024-02-12,LONG,2024-02-12 11:10:00-05:00,2024-02-12 13:30:00-05:00,18075.5,18055.0,SL_YELLOW,-20.5,7,-22.5,46.0,17.518356630057554,11,51.75,IS,2024
2024-02-13,SHORT,2024-02-13 14:50:00-05:00,2024-02-13 15:50:00-05:00,17606.25,17639.25,SL_YELLOW,-33.0,3,-39.25,64.25,42.586602263842735,14,347.5,IS,2024
2024-02-14,LONG,2024-02-14 15:50:00-05:00,2024-02-14 16:10:00-05:00,17866.75,17864.0,FORCE_CLOSE,-2.75,1,-8.25,20.25,41.39870813653058,15,142.5,IS,2024
2024-02-15,SHORT,2024-02-15 10:30:00-05:00,2024-02-15 10:50:00-05:00,17819.0,17846.5,SL_YELLOW,-27.5,1,-27.5,8.75,27.590570445824245,10,89.5,IS,2024
2024-02-16,SHORT,2024-02-16 10:10:00-05:00,2024-02-16 16:10:00-05:00,17764.75,17733.75,FORCE_CLOSE,31.0,18,-138.75,42.5,33.86339942893742,10,123.0,IS,2024
2024-02-19,LONG,2024-02-19 10:10:00-05:00,2024-02-19 10:30:00-05:00,17793.75,17782.75,SL_YELLOW,-11.0,1,-17.5,2.25,17.064859802391595,10,52.0,IS,2024
2024-02-20,SHORT,2024-02-20 10:10:00-05:00,2024-02-20 16:10:00-05:00,17535.0,17582.25,FORCE_CLOSE,-47.25,18,-79.5,82.5,36.389081231655176,10,179.0,IS,2024
2024-02-21,SHORT,2024-02-21 12:30:00-05:00,2024-02-21 15:50:00-05:00,17445.75,17502.0,SL_YELLOW,-56.25,10,-62.75,73.0,32.42681865433723,12,109.5,IS,2024
2024-02-22,LONG,2024-02-22 10:10:00-05:00,2024-02-22 10:50:00-05:00,17935.5,17899.75,SL_YELLOW,-35.75,2,-40.5,39.5,31.225956105771832,10,249.75,IS,2024
2024-02-23,SHORT,2024-02-23 15:30:00-05:00,2024-02-23 15:50:00-05:00,17972.25,18007.0,SL_YELLOW,-34.75,1,-38.0,8.5,35.26323605739356,15,113.75,IS,2024
2024-02-29,LONG,2024-02-29 10:10:00-05:00,2024-02-29 10:30:00-05:00,18046.5,18017.25,SL_YELLOW,-29.25,1,-65.5,1.75,29.378168691483147,10,209.0,IS,2024
2024-03-01,LONG,2024-03-01 10:30:00-05:00,2024-03-01 13:10:00-05:00,18180.0,18292.811869146786,TP,112.8118691467862,8,-36.25,126.5,28.202967286696783,10,133.5,IS,2024
2024-03-04,SHORT,2024-03-04 10:10:00-05:00,2024-03-04 10:50:00-05:00,18301.25,18322.75,SL_YELLOW,-21.5,2,-31.75,20.75,18.693798821887377,10,67.0,IS,2024
2024-03-05,SHORT,2024-03-05 10:10:00-05:00,2024-03-05 14:50:00-05:00,18003.0,17872.395242901635,TP,130.60475709836464,14,-22.75,150.0,32.651189274590976,10,144.75,IS,2024
2024-03-06,LONG,2024-03-06 12:30:00-05:00,2024-03-06 13:50:00-05:00,18155.0,18046.0,SL_YELLOW,-109.0,4,-113.5,19.25,35.671312619780984,12,163.25,IS,2024
2024-03-07,LONG,2024-03-07 10:30:00-05:00,2024-03-07 16:10:00-05:00,18237.25,18262.0,SL_YELLOW,24.75,17,-18.75,122.75,36.07086529416779,10,272.75,IS,2024
2024-03-08,LONG,2024-03-08 10:30:00-05:00,2024-03-08 10:50:00-05:00,18428.0,18369.0,SL_YELLOW,-59.0,1,-83.5,8.5,41.27736372192905,10,164.25,IS,2024
2024-03-12,LONG,2024-03-12 11:10:00-04:00,2024-03-12 12:50:00-04:00,18425.25,18344.25,SL_YELLOW,-81.0,5,-102.0,32.25,52.14739794970406,11,177.0,IS,2024
2024-03-13,SHORT,2024-03-13 10:10:00-04:00,2024-03-13 16:10:00-04:00,18337.5,18340.5,FORCE_CLOSE,-3.0,18,-66.75,55.75,27.110252545976973,10,94.75,IS,2024
2024-03-14,SHORT,2024-03-14 10:10:00-04:00,2024-03-14 16:10:00-04:00,18262.75,18271.75,FORCE_CLOSE,-9.0,18,-79.25,101.5,31.189993653695854,10,90.75,IS,2024
2024-03-15,SHORT,2024-03-15 10:10:00-04:00,2024-03-15 10:50:00-04:00,18070.0,18162.75,SL_YELLOW,-92.75,2,-102.0,2.75,39.83050089678954,10,192.75,IS,2024
2024-03-18,LONG,2024-03-18 10:10:00-04:00,2024-03-18 12:30:00-04:00,18331.5,18292.0,SL_YELLOW,-39.5,7,-61.5,49.5,27.377595207291563,10,233.75,IS,2024
2024-03-19,LONG,2024-03-19 14:50:00-04:00,2024-03-19 15:10:00-04:00,18279.5,18246.75,SL_YELLOW,-32.75,1,-36.25,7.5,38.352787885798094,14,175.0,IS,2024
2024-03-20,LONG,2024-03-20 14:30:00-04:00,2024-03-20 16:10:00-04:00,18371.5,18524.067153738928,TP,152.56715373892803,5,-85.25,161.0,38.14178843473208,14,103.75,IS,2024
2024-03-22,LONG,2024-03-22 14:10:00-04:00,2024-03-22 14:50:00-04:00,18611.5,18588.0,SL_YELLOW,-23.5,2,-31.0,4.0,27.56268785836666,14,115.0,IS,2024
2024-03-26,SHORT,2024-03-26 15:50:00-04:00,2024-03-26 16:10:00-04:00,18473.75,18464.5,FORCE_CLOSE,9.25,1,-6.75,34.5,27.19601828843674,15,102.25,IS,2024
2024-03-27,SHORT,2024-03-27 10:30:00-04:00,2024-03-27 15:50:00-04:00,18415.25,18483.75,SL_YELLOW,-68.5,16,-85.0,24.5,31.243576104727673,10,103.75,IS,2024
2024-04-01,SHORT,2024-04-01 11:30:00-04:00,2024-04-01 12:50:00-04:00,18470.75,18480.5,SL_YELLOW,-9.75,4,-20.5,56.25,35.261774036959636,11,134.0,IS,2024
2024-04-02,SHORT,2024-04-02 10:10:00-04:00,2024-04-02 12:50:00-04:00,18241.75,18280.5,SL_YELLOW,-38.75,8,-43.25,40.25,33.3816789324144,10,242.0,IS,2024
2024-04-03,LONG,2024-04-03 10:50:00-04:00,2024-04-03 15:30:00-04:00,18410.25,18333.75,SL_YELLOW,-76.5,14,-107.25,41.5,35.97761010081027,10,112.5,IS,2024
2024-04-04,LONG,2024-04-04 12:30:00-04:00,2024-04-04 13:30:00-04:00,18553.75,18542.0,SL_YELLOW,-11.75,3,-13.25,13.0,24.503074524859908,12,174.0,IS,2024
2024-04-05,LONG,2024-04-05 10:30:00-04:00,2024-04-05 12:10:00-04:00,18203.0,18353.638249107065,TP,150.63824910706535,5,-10.5,172.0,37.65956227676651,10,138.75,IS,2024
2024-04-09,SHORT,2024-04-09 11:10:00-04:00,2024-04-09 11:50:00-04:00,18231.75,18270.25,SL_YELLOW,-38.5,2,-43.0,23.75,41.66448485088337,11,142.0,IS,2024
2024-04-11,LONG,2024-04-11 12:30:00-04:00,2024-04-11 14:10:00-04:00,18294.0,18459.116192421236,TP,165.1161924212356,5,-6.25,189.75,41.27904810530906,12,198.25,IS,2024
2024-04-12,SHORT,2024-04-12 10:50:00-04:00,2024-04-12 11:50:00-04:00,18217.75,18283.5,SL_YELLOW,-65.75,3,-73.5,24.5,37.8953808511171,10,233.0,IS,2024
2024-04-15,SHORT,2024-04-15 12:50:00-04:00,2024-04-15 13:50:00-04:00,18099.25,17921.653836300942,TP,177.5961636990578,3,-32.25,212.75,44.39904092476458,12,204.0,IS,2024
2024-04-16,LONG,2024-04-16 15:30:00-04:00,2024-04-16 15:50:00-04:00,17944.5,17915.25,SL_YELLOW,-29.25,1,-62.5,0.75,57.546155456470224,15,126.5,IS,2024
2024-04-17,SHORT,2024-04-17 11:50:00-04:00,2024-04-17 16:10:00-04:00,17736.0,17662.25,FORCE_CLOSE,73.75,13,-60.5,120.75,40.731350108951915,11,190.5,IS,2024
2024-04-18,SHORT,2024-04-18 10:10:00-04:00,2024-04-18 10:50:00-04:00,17642.0,17705.5,SL_YELLOW,-63.5,2,-74.25,10.5,33.19792510493133,10,107.25,IS,2024
2024-04-19,SHORT,2024-04-19 15:10:00-04:00,2024-04-19 16:10:00-04:00,17171.5,17170.0,FORCE_CLOSE,1.5,3,-34.5,58.25,61.79863833988933,15,371.5,IS,2024
2024-04-22,LONG,2024-04-22 13:50:00-04:00,2024-04-22 16:10:00-04:00,17379.5,17337.0,FORCE_CLOSE,-42.5,7,-55.75,68.5,42.46973908544952,13,113.5,IS,2024
2024-04-23,LONG,2024-04-23 10:10:00-04:00,2024-04-23 14:30:00-04:00,17515.25,17645.450980785783,TP,130.20098078578303,13,-12.5,136.5,32.550245196445815,10,150.75,IS,2024
2024-04-24,LONG,2024-04-24 10:10:00-04:00,2024-04-24 10:30:00-04:00,17766.25,17727.5,SL_YELLOW,-38.75,1,-54.25,7.5,31.63573894539864,10,90.5,IS,2024
2024-04-25,LONG,2024-04-25 14:10:00-04:00,2024-04-25 14:30:00-04:00,17574.75,17512.5,SL_YELLOW,-62.25,1,-63.25,8.75,48.066133621701546,14,193.0,IS,2024
2024-04-26,LONG,2024-04-26 11:10:00-04:00,2024-04-26 16:10:00-04:00,17862.5,17836.75,FORCE_CLOSE,-25.75,15,-48.25,39.0,43.48513977340088,11,150.5,IS,2024
2024-04-29,SHORT,2024-04-29 15:30:00-04:00,2024-04-29 15:50:00-04:00,17847.5,17861.5,SL_YELLOW,-14.0,1,-24.25,5.0,34.722149150110006,15,75.75,IS,2024
2024-04-30,SHORT,2024-04-30 11:50:00-04:00,2024-04-30 16:10:00-04:00,17741.0,17593.89127797948,TP,147.10872202051905,13,-35.0,235.25,36.77718050512973,11,129.75,IS,2024
2024-05-01,LONG,2024-05-01 14:50:00-04:00,2024-05-01 15:50:00-04:00,17689.75,17575.75,SL_YELLOW,-114.0,3,-154.0,103.5,58.94477698342651,14,117.25,IS,2024
2024-05-02,LONG,2024-05-02 14:30:00-04:00,2024-05-02 16:10:00-04:00,17628.5,17669.5,FORCE_CLOSE,41.0,5,-17.0,57.0,47.025357377089165,14,132.75,IS,2024
2024-05-03,LONG,2024-05-03 12:10:00-04:00,2024-05-03 16:10:00-04:00,17998.0,18018.25,FORCE_CLOSE,20.25,12,-36.0,29.75,50.44423674504562,12,248.5,IS,2024
2024-05-06,LONG,2024-05-06 10:10:00-04:00,2024-05-06 16:10:00-04:00,18108.0,18183.208918606913,TP,75.20891860691336,18,-40.75,93.25,18.802229651728794,10,94.5,IS,2024
2024-05-07,LONG,2024-05-07 11:10:00-04:00,2024-05-07 13:50:00-04:00,18244.5,18201.25,SL_YELLOW,-43.25,8,-46.5,21.75,22.044432921003956,11,62.5,IS,2024
2024-05-09,LONG,2024-05-09 11:30:00-04:00,2024-05-09 11:50:00-04:00,18229.5,18201.5,SL_YELLOW,-28.0,1,-37.0,7.75,32.19002223788536,11,106.75,IS,2024
2024-05-14,LONG,2024-05-14 11:30:00-04:00,2024-05-14 12:50:00-04:00,18357.75,18304.0,SL_YELLOW,-53.75,4,-59.75,1.0,34.73226368451699,11,143.25,IS,2024
2024-05-15,LONG,2024-05-15 11:10:00-04:00,2024-05-15 16:10:00-04:00,18589.25,18685.75,FORCE_CLOSE,96.5,15,-12.0,117.75,30.79630427206701,11,154.75,IS,2024
2024-05-16,LONG,2024-05-16 11:30:00-04:00,2024-05-16 11:50:00-04:00,18745.0,18737.25,SL_YELLOW,-7.75,1,-18.25,10.5,20.57404010338958,11,60.5,IS,2024
2024-05-17,SHORT,2024-05-17 14:30:00-04:00,2024-05-17 15:10:00-04:00,18571.25,18621.25,SL_YELLOW,-50.0,2,-53.0,2.25,25.696251697139026,14,69.75,IS,2024
2024-05-20,LONG,2024-05-20 10:10:00-04:00,2024-05-20 16:10:00-04:00,18743.5,18746.25,FORCE_CLOSE,2.75,18,-36.5,51.0,19.433907546395453,10,56.5,IS,2024
2024-05-21,LONG,2024-05-21 14:10:00-04:00,2024-05-21 14:30:00-04:00,18774.75,18757.0,SL_YELLOW,-17.75,1,-19.5,3.25,19.642563617128364,14,82.75,IS,2024
2024-05-22,LONG,2024-05-22 11:30:00-04:00,2024-05-22 12:30:00-04:00,18833.75,18820.5,SL_YELLOW,-13.25,3,-33.75,3.75,18.348180073750967,11,69.0,IS,2024
2024-05-23,SHORT,2024-05-23 14:10:00-04:00,2024-05-23 16:10:00-04:00,18707.75,18698.5,FORCE_CLOSE,9.25,6,-17.25,86.25,44.763797315830466,14,180.0,IS,2024
2024-05-24,LONG,2024-05-24 10:30:00-04:00,2024-05-24 16:10:00-04:00,18833.5,18870.0,FORCE_CLOSE,36.5,17,-20.0,92.5,27.742181156191513,10,92.75,IS,2024
2024-05-27,LONG,2024-05-27 11:10:00-04:00,2024-05-27 13:10:00-04:00,18913.25,18950.75,EOD,37.5,6,-1.5,42.75,13.090235786017683,11,55.5,IS,2024
2024-05-28,SHORT,2024-05-28 14:50:00-04:00,2024-05-28 16:10:00-04:00,18836.75,18949.25,SL_YELLOW,-112.5,4,-130.75,12.5,31.293881524650377,14,95.5,IS,2024
2024-05-30,SHORT,2024-05-30 15:50:00-04:00,2024-05-30 16:10:00-04:00,18558.75,18563.5,FORCE_CLOSE,-4.75,1,-79.25,12.5,36.97108334683749,15,129.25,IS,2024
2024-05-31,SHORT,2024-05-31 10:50:00-04:00,2024-05-31 15:50:00-04:00,18364.75,18513.25,SL_YELLOW,-148.5,15,-152.0,123.5,44.589509012258546,10,183.25,IS,2024
2024-06-03,SHORT,2024-06-03 12:50:00-04:00,2024-06-03 13:50:00-04:00,18501.75,18568.0,SL_YELLOW,-66.25,3,-77.0,66.0,43.15853836401495,12,177.25,IS,2024
2024-06-04,LONG,2024-06-04 14:50:00-04:00,2024-06-04 15:10:00-04:00,18743.25,18654.25,SL_YELLOW,-89.0,1,-111.25,10.0,42.38086875543222,14,165.75,IS,2024
2024-06-05,LONG,2024-06-05 10:50:00-04:00,2024-06-05 14:50:00-04:00,18919.75,19039.71640605282,TP,119.96640605281937,12,-12.25,121.0,29.991601513205108,10,157.5,IS,2024
2024-06-06,SHORT,2024-06-06 14:30:00-04:00,2024-06-06 14:50:00-04:00,19050.75,19060.5,SL_YELLOW,-9.75,1,-13.75,12.5,29.98155357570631,14,67.5,IS,2024
2024-06-10,LONG,2024-06-10 11:30:00-04:00,2024-06-10 14:30:00-04:00,19089.5,19051.0,SL_YELLOW,-38.5,9,-46.75,31.75,27.270783171410198,11,85.5,IS,2024
2024-06-11,LONG,2024-06-11 13:30:00-04:00,2024-06-11 16:10:00-04:00,19118.5,19239.34201703696,TP,120.8420170369609,8,-1.5,129.0,30.21050425923986,13,84.0,IS,2024
2024-06-12,LONG,2024-06-12 10:10:00-04:00,2024-06-12 16:10:00-04:00,19487.5,19482.25,FORCE_CLOSE,-5.25,18,-54.5,101.25,31.490315253530596,10,225.25,IS,2024
2024-06-13,SHORT,2024-06-13 12:30:00-04:00,2024-06-13 14:10:00-04:00,19508.5,19584.0,SL_YELLOW,-75.5,5,-82.75,8.5,38.17845204343802,12,108.75,IS,2024
2024-06-14,LONG,2024-06-14 13:50:00-04:00,2024-06-14 14:10:00-04:00,19659.75,19644.5,SL_YELLOW,-15.25,1,-21.5,14.25,36.07436038075562,13,157.0,IS,2024
2024-06-17,LONG,2024-06-17 12:30:00-04:00,2024-06-17 13:50:00-04:00,20083.25,20211.507410436356,TP,128.2574104363557,4,-13.0,130.25,32.06435260908926,12,342.75,IS,2024
2024-06-18,SHORT,2024-06-18 11:30:00-04:00,2024-06-18 11:50:00-04:00,20157.25,20180.25,SL_YELLOW,-23.0,1,-24.5,5.75,28.474161723422352,11,112.5,IS,2024
2024-06-20,SHORT,2024-06-20 10:30:00-04:00,2024-06-20 12:50:00-04:00,20167.0,20047.71367746027,TP,119.28632253973046,7,-61.75,155.5,29.821580634932268,10,143.5,IS,2024
2024-06-24,SHORT,2024-06-24 10:50:00-04:00,2024-06-24 11:10:00-04:00,19828.25,19899.0,SL_YELLOW,-70.75,1,-89.75,7.0,48.32502450168954,10,134.75,IS,2024
2024-06-25,LONG,2024-06-25 10:30:00-04:00,2024-06-25 16:10:00-04:00,19880.5,19964.0,FORCE_CLOSE,83.5,17,-42.75,100.75,29.577799687684298,10,125.0,IS,2024
2024-06-27,LONG,2024-06-27 10:10:00-04:00,2024-06-27 11:30:00-04:00,20055.75,19993.75,SL_YELLOW,-62.0,4,-77.5,61.0,28.72427189155381,10,133.75,IS,2024
2024-06-28,LONG,2024-06-28 10:30:00-04:00,2024-06-28 11:10:00-04:00,20215.75,20089.25,SL_YELLOW,-126.5,2,-137.25,31.75,35.1414641920299,10,119.5,IS,2024
2024-07-01,SHORT,2024-07-01 11:10:00-04:00,2024-07-01 11:30:00-04:00,19897.25,19950.75,SL_YELLOW,-53.5,1,-61.0,6.0,45.501066714701224,11,119.25,IS,2024
2024-07-02,LONG,2024-07-02 10:10:00-04:00,2024-07-02 13:50:00-04:00,20057.0,20188.95629866187,TP,131.95629866186937,11,-39.25,136.25,32.989074665467584,10,144.5,IS,2024
2024-07-03,LONG,2024-07-03 11:10:00-04:00,2024-07-03 13:30:00-04:00,20324.0,20419.5,EOD,95.5,7,-1.75,111.25,28.20115569816234,11,78.75,IS,2024
2024-07-04,SHORT,2024-07-04 10:10:00-04:00,2024-07-04 13:10:00-04:00,20380.75,20381.25,EOD,-0.5,9,-13.0,11.0,7.766963386944032,10,30.25,IS,2024
2024-07-05,LONG,2024-07-05 10:50:00-04:00,2024-07-05 16:10:00-04:00,20542.25,20607.0,FORCE_CLOSE,64.75,16,-32.25,97.25,34.256574436140575,10,135.0,IS,2024
2024-07-08,LONG,2024-07-08 11:50:00-04:00,2024-07-08 12:10:00-04:00,20663.0,20621.0,SL_YELLOW,-42.0,1,-43.75,7.75,23.857604889205973,11,62.5,IS,2024
2024-07-09,SHORT,2024-07-09 13:50:00-04:00,2024-07-09 14:50:00-04:00,20642.5,20673.0,SL_YELLOW,-30.5,3,-36.75,0.75,32.58620496962282,13,76.25,IS,2024
2024-07-10,LONG,2024-07-10 10:10:00-04:00,2024-07-10 10:50:00-04:00,20785.25,20753.75,SL_YELLOW,-31.5,2,-50.75,11.25,16.4039855319727,10,82.75,IS,2024
2024-07-11,SHORT,2024-07-11 10:30:00-04:00,2024-07-11 11:30:00-04:00,20691.0,20547.833477370717,TP,143.16652262928255,3,-35.5,163.75,35.79163065732085,10,130.5,IS,2024
2024-07-12,LONG,2024-07-12 10:10:00-04:00,2024-07-12 13:50:00-04:00,20568.75,20716.433417059394,TP,147.68341705939383,11,-46.75,164.75,36.92085426484827,10,133.5,IS,2024
2024-07-15,LONG,2024-07-15 10:30:00-04:00,2024-07-15 11:30:00-04:00,20681.5,20795.38856595508,TP,113.88856595507968,3,-2.75,115.5,28.4721414887696,10,144.5,IS,2024
2024-07-16,SHORT,2024-07-16 10:30:00-04:00,2024-07-16 10:50:00-04:00,20523.75,20568.5,SL_YELLOW,-44.75,1,-56.25,14.75,38.27473516968006,10,113.25,IS,2024
2024-07-17,SHORT,2024-07-17 10:10:00-04:00,2024-07-17 16:10:00-04:00,20116.0,19991.5,FORCE_CLOSE,124.5,18,-63.5,150.25,41.709585939736755,10,343.25,IS,2024
2024-07-18,SHORT,2024-07-18 11:10:00-04:00,2024-07-18 15:50:00-04:00,19927.0,19959.5,SL_YELLOW,-32.5,14,-34.0,168.25,55.59129883763839,11,144.0,IS,2024
2024-07-22,LONG,2024-07-22 10:50:00-04:00,2024-07-22 11:10:00-04:00,19989.75,19896.5,SL_YELLOW,-93.25,1,-95.75,8.25,48.67592125347819,10,239.75,IS,2024
2024-07-23,LONG,2024-07-23 10:10:00-04:00,2024-07-23 10:50:00-04:00,20020.0,19947.0,SL_YELLOW,-73.0,2,-84.75,27.75,37.59061130124751,10,147.25,IS,2024
2024-07-24,SHORT,2024-07-24 10:10:00-04:00,2024-07-24 12:10:00-04:00,19512.25,19341.546479579207,TP,170.7035204207932,6,-9.25,191.0,42.67588010519867,10,275.5,IS,2024
2024-07-25,LONG,2024-07-25 12:50:00-04:00,2024-07-25 13:30:00-04:00,19324.25,19263.75,SL_YELLOW,-60.5,2,-77.0,66.25,86.33574895511138,12,242.5,IS,2024
2024-07-26,LONG,2024-07-26 13:10:00-04:00,2024-07-26 13:50:00-04:00,19258.25,19181.75,SL_YELLOW,-76.5,2,-109.75,39.5,58.312414182472075,13,241.5,IS,2024
2024-07-30,SHORT,2024-07-30 11:30:00-04:00,2024-07-30 13:10:00-04:00,19022.5,18823.41493113714,TP,199.08506886285977,5,-11.25,219.5,49.77126721571452,11,217.25,IS,2024
2024-07-31,LONG,2024-07-31 10:30:00-04:00,2024-07-31 16:10:00-04:00,19442.5,19625.574832294536,TP,183.07483229453646,17,-97.75,205.5,45.76870807363403,10,519.0,IS,2024
2024-08-01,SHORT,2024-08-01 10:50:00-04:00,2024-08-01 11:50:00-04:00,19444.0,19182.526156243654,TP,261.47384375634647,3,0.0,297.75,65.36846093908706,10,212.25,IS,2024
2024-08-02,SHORT,2024-08-02 10:30:00-04:00,2024-08-02 10:50:00-04:00,18486.75,18541.0,SL_YELLOW,-54.25,1,-59.5,78.0,92.1822366281705,10,471.25,IS,2024
2024-08-06,LONG,2024-08-06 14:50:00-04:00,2024-08-06 15:10:00-04:00,18468.5,18309.25,SL_YELLOW,-159.25,1,-188.0,14.75,82.42273002929623,14,420.5,IS,2024
2024-08-07,LONG,2024-08-07 10:10:00-04:00,2024-08-07 10:30:00-04:00,18532.5,18433.75,SL_YELLOW,-98.75,1,-126.75,13.0,56.188575669486596,10,431.5,IS,2024
2024-08-08,LONG,2024-08-08 10:30:00-04:00,2024-08-08 16:10:00-04:00,18381.5,18530.75,FORCE_CLOSE,149.25,17,-58.25,192.0,89.13267823204438,10,510.5,IS,2024
2024-08-12,LONG,2024-08-12 10:50:00-04:00,2024-08-12 11:30:00-04:00,18735.25,18629.75,SL_YELLOW,-105.5,2,-159.0,30.0,46.349281858772386,10,178.5,IS,2024
2024-08-13,LONG,2024-08-13 10:10:00-04:00,2024-08-13 12:50:00-04:00,18890.5,19053.284603119566,TP,162.78460311956587,8,-34.5,165.0,40.6961507798918,10,218.5,IS,2024
2024-08-15,LONG,2024-08-15 10:10:00-04:00,2024-08-15 15:50:00-04:00,19423.0,19592.901198677602,TP,169.90119867760222,17,-11.0,180.25,42.475299669400364,10,271.0,IS,2024
2024-08-19,LONG,2024-08-19 13:30:00-04:00,2024-08-19 16:10:00-04:00,19692.75,19837.73125990045,TP,144.98125990045082,8,-8.0,174.0,36.24531497511269,13,162.75,IS,2024
2024-08-20,SHORT,2024-08-20 11:10:00-04:00,2024-08-20 12:10:00-04:00,19789.0,19848.25,SL_YELLOW,-59.25,3,-69.5,8.5,36.08531427117612,11,118.75,IS,2024
2024-08-21,LONG,2024-08-21 10:30:00-04:00,2024-08-21 11:10:00-04:00,19875.25,19857.0,SL_YELLOW,-18.25,2,-72.75,106.5,28.83920953393578,10,78.25,IS,2024
2024-08-22,SHORT,2024-08-22 11:50:00-04:00,2024-08-22 16:10:00-04:00,19674.75,19607.5,FORCE_CLOSE,67.25,13,-157.0,132.75,46.09001801107989,11,137.5,IS,2024
2024-08-23,LONG,2024-08-23 10:30:00-04:00,2024-08-23 10:50:00-04:00,19882.5,19677.25,SL_YELLOW,-205.25,1,-241.0,11.0,39.81772168541649,10,165.75,IS,2024
2024-08-26,SHORT,2024-08-26 10:10:00-04:00,2024-08-26 10:50:00-04:00,19657.0,19521.508666027017,TP,135.49133397298283,2,-11.0,151.5,33.872833493245864,10,101.25,IS,2024
2024-08-27,LONG,2024-08-27 13:50:00-04:00,2024-08-27 15:10:00-04:00,19669.25,19645.0,SL_YELLOW,-24.25,4,-38.0,23.5,43.42052403089617,13,171.0,IS,2024
2024-08-28,SHORT,2024-08-28 10:10:00-04:00,2024-08-28 10:30:00-04:00,19544.25,19580.5,SL_YELLOW,-36.25,1,-49.0,11.25,29.853094291811445,10,130.25,IS,2024
2024-08-29,LONG,2024-08-29 10:10:00-04:00,2024-08-29 14:30:00-04:00,19584.0,19498.0,SL_YELLOW,-86.0,13,-98.75,109.5,53.176327038920476,10,376.0,IS,2024
2024-09-03,SHORT,2024-09-03 10:10:00-04:00,2024-09-03 12:10:00-04:00,19340.75,19145.487305479688,TP,195.26269452031192,6,-6.0,197.75,48.8156736300782,10,199.25,IS,2024
2024-09-04,LONG,2024-09-04 11:10:00-04:00,2024-09-04 11:50:00-04:00,19063.75,19005.5,SL_YELLOW,-58.25,2,-85.75,18.0,58.09098529145901,11,180.0,IS,2024
2024-09-05,LONG,2024-09-05 10:30:00-04:00,2024-09-05 11:10:00-04:00,19105.0,18977.5,SL_YELLOW,-127.5,2,-188.0,30.75,61.143500848278656,10,178.75,IS,2024
2024-09-06,SHORT,2024-09-06 10:50:00-04:00,2024-09-06 16:10:00-04:00,18539.5,18446.25,FORCE_CLOSE,93.25,16,-102.75,111.5,75.1233400336743,10,269.25,IS,2024
2024-09-09,LONG,2024-09-09 12:30:00-04:00,2024-09-09 14:10:00-04:00,18676.75,18622.0,SL_YELLOW,-54.75,5,-67.0,53.25,48.18337486178209,12,259.75,IS,2024
2024-09-10,LONG,2024-09-10 10:30:00-04:00,2024-09-10 10:50:00-04:00,18780.75,18724.25,SL_YELLOW,-56.5,1,-81.25,5.25,45.19020543719235,10,195.75,IS,2024
2024-09-11,SHORT,2024-09-11 10:50:00-04:00,2024-09-11 11:50:00-04:00,18568.75,18800.25,SL_YELLOW,-231.5,3,-250.25,21.75,57.344188777936616,10,222.5,IS,2024
2024-09-12,LONG,2024-09-12 13:30:00-04:00,2024-09-12 16:10:00-04:00,19640.5,19648.25,FORCE_CLOSE,7.75,8,-47.25,76.25,53.254286571009764,13,349.0,IS,2024
2024-09-13,LONG,2024-09-13 11:10:00-04:00,2024-09-13 16:10:00-04:00,19749.0,19756.25,FORCE_CLOSE,7.25,15,-35.0,64.5,42.189591956810766,11,78.25,IS,2024
2024-09-16,SHORT,2024-09-16 10:50:00-04:00,2024-09-16 14:30:00-04:00,19583.0,19664.75,SL_YELLOW,-81.75,11,-88.5,48.25,38.76768717469901,10,127.5,IS,2024
2024-09-18,SHORT,2024-09-18 12:10:00-04:00,2024-09-18 12:30:00-04:00,19607.25,19669.5,SL_YELLOW,-62.25,1,-66.5,1.5,33.946172273312975,12,78.75,IS,2024
2024-09-19,LONG,2024-09-19 10:50:00-04:00,2024-09-19 16:10:00-04:00,20110.25,20071.5,FORCE_CLOSE,-38.75,16,-61.25,91.5,46.57399730984095,10,420.5,IS,2024
2024-09-20,SHORT,2024-09-20 11:10:00-04:00,2024-09-20 12:10:00-04:00,19922.75,19996.25,SL_YELLOW,-73.5,3,-80.75,62.75,36.7507824962539,11,94.0,IS,2024
2024-09-24,SHORT,2024-09-24 10:30:00-04:00,2024-09-24 11:10:00-04:00,19987.25,20085.75,SL_YELLOW,-98.5,2,-102.25,34.25,40.0261962971357,10,156.75,IS,2024
2024-09-25,LONG,2024-09-25 10:30:00-04:00,2024-09-25 12:50:00-04:00,20227.25,20181.25,SL_YELLOW,-46.0,7,-57.5,22.5,28.233418744774568,10,128.0,IS,2024
2024-09-27,SHORT,2024-09-27 14:50:00-04:00,2024-09-27 15:10:00-04:00,20230.25,20242.25,SL_YELLOW,-12.0,1,-32.75,5.75,41.344323612445145,14,160.75,IS,2024
2024-10-01,SHORT,2024-10-01 10:10:00-04:00,2024-10-01 16:10:00-04:00,19962.75,19990.5,FORCE_CLOSE,-27.75,18,-118.5,144.75,45.587437916777695,10,118.5,IS,2024
2024-10-02,LONG,2024-10-02 11:10:00-04:00,2024-10-02 13:10:00-04:00,20028.75,19989.75,SL_YELLOW,-39.0,6,-54.0,61.5,55.03865865309491,11,132.0,IS,2024
2024-10-07,SHORT,2024-10-07 15:10:00-04:00,2024-10-07 16:10:00-04:00,20011.25,20013.25,FORCE_CLOSE,-2.0,3,-17.0,63.25,45.22224310323431,15,209.25,IS,2024
2024-10-08,LONG,2024-10-08 10:30:00-04:00,2024-10-08 16:10:00-04:00,20185.0,20328.934809320617,TP,143.9348093206172,17,-20.25,144.5,35.983702330154614,10,204.25,IS,2024
2024-10-09,LONG,2024-10-09 10:50:00-04:00,2024-10-09 14:30:00-04:00,20324.75,20450.595620674783,TP,125.84562067478328,11,-10.5,137.0,31.461405168695368,10,104.75,IS,2024
2024-10-11,LONG,2024-10-11 15:30:00-04:00,2024-10-11 16:10:00-04:00,20481.5,20430.75,SL_YELLOW,-50.75,2,-55.75,6.5,34.35899867242546,15,128.75,IS,2024
2024-10-14,LONG,2024-10-14 10:10:00-04:00,2024-10-14 11:10:00-04:00,20639.5,20559.0,SL_YELLOW,-80.5,3,-112.0,9.75,25.05651624138998,10,183.25,IS,2024
2024-10-15,SHORT,2024-10-15 10:50:00-04:00,2024-10-15 16:10:00-04:00,20405.0,20332.5,FORCE_CLOSE,72.5,16,-44.5,151.0,41.8527792247209,10,87.5,IS,2024
2024-10-16,SHORT,2024-10-16 10:10:00-04:00,2024-10-16 10:30:00-04:00,20286.75,20331.5,SL_YELLOW,-44.75,1,-62.5,9.25,32.764797432695254,10,92.5,IS,2024
2024-10-22,LONG,2024-10-22 14:10:00-04:00,2024-10-22 14:50:00-04:00,20570.5,20542.25,SL_YELLOW,-28.25,2,-37.0,1.75,42.45290713410693,14,183.75,IS,2024
2024-10-23,SHORT,2024-10-23 10:30:00-04:00,2024-10-23 10:50:00-04:00,20418.0,20443.75,SL_YELLOW,-25.75,1,-39.75,8.5,32.4612155549182,10,118.75,IS,2024
2024-10-25,LONG,2024-10-25 10:10:00-04:00,2024-10-25 13:30:00-04:00,20669.5,20564.75,SL_YELLOW,-104.75,10,-116.25,37.75,33.21939655955555,10,148.0,IS,2024
2024-10-28,SHORT,2024-10-28 15:10:00-04:00,2024-10-28 15:30:00-04:00,20515.25,20527.75,SL_YELLOW,-12.5,1,-15.5,9.75,36.47714847481804,15,151.25,IS,2024
2024-10-29,LONG,2024-10-29 11:10:00-04:00,2024-10-29 15:30:00-04:00,20580.5,20735.55106960831,TP,155.05106960831108,13,-8.75,166.0,38.76276740207761,11,103.75,IS,2024
2024-10-30,SHORT,2024-10-30 13:30:00-04:00,2024-10-30 16:10:00-04:00,20618.75,20539.25,FORCE_CLOSE,79.5,8,-9.25,144.75,37.95778260804837,13,148.75,IS,2024
2024-10-31,SHORT,2024-10-31 10:10:00-04:00,2024-10-31 16:10:00-04:00,20154.5,20056.25,FORCE_CLOSE,98.25,18,-46.75,146.0,42.167999051801395,10,208.75,IS,2024
2024-11-01,LONG,2024-11-01 10:10:00-04:00,2024-11-01 14:10:00-04:00,20175.5,20146.0,SL_YELLOW,-29.5,12,-38.5,112.5,36.79862068603165,10,129.5,IS,2024
2024-11-05,LONG,2024-11-05 10:10:00-05:00,2024-11-05 16:10:00-05:00,20288.75,20370.0,FORCE_CLOSE,81.25,18,-56.25,95.25,32.74343752292643,10,129.5,IS,2024
2024-11-06,LONG,2024-11-06 10:50:00-05:00,2024-11-06 11:10:00-05:00,20760.5,20724.25,SL_YELLOW,-36.25,1,-68.5,3.5,59.33139560355137,10,407.75,IS,2024
2024-11-07,LONG,2024-11-07 10:10:00-05:00,2024-11-07 15:30:00-05:00,21116.0,21247.053209158432,TP,131.05320915843186,16,-29.5,137.0,32.763302289608,10,159.0,IS,2024
2024-11-11,SHORT,2024-11-11 10:10:00-05:00,2024-11-11 16:10:00-05:00,21182.25,21231.25,FORCE_CLOSE,-49.0,18,-62.0,84.0,25.428053368805287,10,91.75,IS,2024
2024-11-12,SHORT,2024-11-12 13:10:00-05:00,2024-11-12 13:50:00-05:00,21081.0,21158.0,SL_YELLOW,-77.0,2,-87.75,0.25,39.39936344570936,13,121.0,IS,2024
2024-11-13,SHORT,2024-11-13 10:30:00-05:00,2024-11-13 10:50:00-05:00,21100.0,21107.25,SL_YELLOW,-7.25,1,-39.75,13.75,36.38857479621469,10,142.25,IS,2024
2024-11-14,SHORT,2024-11-14 12:50:00-05:00,2024-11-14 13:10:00-05:00,21023.0,21099.5,SL_YELLOW,-76.5,1,-78.75,6.25,40.76044954016081,12,100.0,IS,2024
2024-11-15,SHORT,2024-11-15 10:10:00-05:00,2024-11-15 12:10:00-05:00,20643.75,20494.469640465206,TP,149.28035953479412,6,-13.75,168.25,37.32008988369889,10,229.0,IS,2024
2024-11-18,LONG,2024-11-18 11:10:00-05:00,2024-11-18 12:10:00-05:00,20690.75,20647.5,SL_YELLOW,-43.25,3,-51.5,33.5,40.05085218668865,11,181.0,IS,2024
2024-11-19,LONG,2024-11-19 13:30:00-05:00,2024-11-19 16:10:00-05:00,20727.75,20787.25,FORCE_CLOSE,59.5,8,-18.5,64.75,44.44031781348238,13,314.5,IS,2024
2024-11-20,SHORT,2024-11-20 10:10:00-05:00,2024-11-20 10:50:00-05:00,20547.25,20621.0,SL_YELLOW,-73.75,2,-79.25,70.25,39.729092154632454,10,110.5,IS,2024
2024-11-22,LONG,2024-11-22 13:30:00-05:00,2024-11-22 13:50:00-05:00,20851.5,20843.5,SL_YELLOW,-8.0,1,-23.25,21.5,46.91726258464061,13,151.25,IS,2024
2024-11-25,SHORT,2024-11-25 12:10:00-05:00,2024-11-25 16:10:00-05:00,20879.5,20897.25,FORCE_CLOSE,-17.75,12,-19.5,99.25,43.93072614116656,12,117.0,IS,2024
2024-11-27,SHORT,2024-11-27 10:10:00-05:00,2024-11-27 10:50:00-05:00,20841.5,20728.672861770592,TP,112.82713822940786,2,-2.25,115.5,28.20678455735202,10,114.75,IS,2024
2024-11-28,LONG,2024-11-28 10:10:00-05:00,2024-11-28 13:10:00-05:00,20889.25,20890.0,EOD,0.75,9,-11.25,20.25,11.27200402300891,10,70.75,IS,2024
2024-11-29,LONG,2024-11-29 10:30:00-05:00,2024-11-29 13:30:00-05:00,20945.75,20991.25,EOD,45.5,9,-9.5,71.75,32.13505648151539,10,125.5,IS,2024
2024-12-02,LONG,2024-12-02 10:10:00-05:00,2024-12-02 16:10:00-05:00,21166.5,21232.0,FORCE_CLOSE,65.5,18,-25.5,93.25,29.384248874917052,10,106.5,IS,2024
2024-12-03,LONG,2024-12-03 15:10:00-05:00,2024-12-03 16:10:00-05:00,21258.5,21300.25,FORCE_CLOSE,41.75,3,-19.5,48.0,27.596975373434322,15,99.0,IS,2024
2024-12-04,LONG,2024-12-04 11:10:00-05:00,2024-12-04 16:10:00-05:00,21484.0,21524.5,FORCE_CLOSE,40.5,15,-44.5,64.5,26.526623981764423,11,151.25,IS,2024
2024-12-05,LONG,2024-12-05 12:30:00-05:00,2024-12-05 13:30:00-05:00,21558.5,21500.75,SL_YELLOW,-57.75,3,-77.0,8.75,21.28382700904755,12,48.75,IS,2024
2024-12-06,LONG,2024-12-06 10:10:00-05:00,2024-12-06 16:10:00-05:00,21610.25,21644.75,FORCE_CLOSE,34.5,18,-37.25,59.0,27.65545179867549,10,105.0,IS,2024
2024-12-09,SHORT,2024-12-09 10:50:00-05:00,2024-12-09 16:10:00-05:00,21523.5,21474.75,FORCE_CLOSE,48.75,16,-26.25,87.5,30.49570761805193,10,120.25,IS,2024
2024-12-10,LONG,2024-12-10 10:10:00-05:00,2024-12-10 11:10:00-05:00,21593.5,21475.5,SL_YELLOW,-118.0,3,-120.5,13.25,25.779993522454646,10,90.0,IS,2024
2024-12-11,LONG,2024-12-11 10:10:00-05:00,2024-12-11 16:10:00-05:00,21724.0,21758.25,FORCE_CLOSE,34.25,18,-51.25,96.0,31.062811905479606,10,184.25,IS,2024
2024-12-13,LONG,2024-12-13 10:10:00-05:00,2024-12-13 10:30:00-05:00,21847.5,21803.0,SL_YELLOW,-44.5,1,-48.75,39.0,31.12237950963523,10,145.75,IS,2024
2024-12-16,LONG,2024-12-16 10:10:00-05:00,2024-12-16 12:50:00-05:00,22271.0,22377.21858581657,TP,106.21858581656852,8,-49.75,109.75,26.554646454141732,10,447.25,IS,2024
2024-12-17,SHORT,2024-12-17 10:30:00-05:00,2024-12-17 11:10:00-05:00,22247.75,22348.0,SL_YELLOW,-100.25,2,-102.25,0.25,38.02567976702806,10,102.25,IS,2024
2024-12-18,SHORT,2024-12-18 14:30:00-05:00,2024-12-18 15:10:00-05:00,22074.75,21875.77772912395,TP,198.97227087604915,2,-59.25,267.25,49.74306771901193,14,181.75,IS,2024
2024-12-20,LONG,2024-12-20 10:50:00-05:00,2024-12-20 12:30:00-05:00,21498.25,21802.29245952206,TP,304.0424595220611,5,-0.5,313.75,76.01061488051555,10,422.75,IS,2024
2024-12-23,SHORT,2024-12-23 10:30:00-05:00,2024-12-23 10:50:00-05:00,21541.25,21548.75,SL_YELLOW,-7.5,1,-54.25,18.5,55.48438775591117,10,197.5,IS,2024
2024-12-24,LONG,2024-12-24 10:10:00-05:00,2024-12-24 13:10:00-05:00,21913.0,22039.245477418444,TP,126.24547741844435,9,-15.75,135.5,31.56136935461098,10,138.5,IS,2024
2024-12-27,SHORT,2024-12-27 10:10:00-05:00,2024-12-27 16:10:00-05:00,21615.0,21724.5,FORCE_CLOSE,-109.5,18,-118.0,116.25,45.61526151450291,10,164.0,IS,2024
2024-12-30,SHORT,2024-12-30 10:10:00-05:00,2024-12-30 11:10:00-05:00,21303.0,21374.5,SL_YELLOW,-71.5,3,-99.75,40.75,52.22101668038333,10,384.25,IS,2024
2024-12-31,SHORT,2024-12-31 12:30:00-05:00,2024-12-31 16:10:00-05:00,21262.5,21243.75,FORCE_CLOSE,18.75,11,-75.0,80.5,59.39903222677331,12,181.25,IS,2024
2025-01-02,SHORT,2025-01-02 13:10:00-05:00,2025-01-02 15:10:00-05:00,21073.25,21127.5,SL_YELLOW,-54.25,6,-72.25,85.5,94.44016656994735,13,368.75,OOS,2025
2025-01-03,LONG,2025-01-03 10:10:00-05:00,2025-01-03 16:10:00-05:00,21403.75,21498.0,FORCE_CLOSE,94.25,18,-142.25,155.5,45.420534894844856,10,159.0,OOS,2025
2025-01-06,LONG,2025-01-06 10:10:00-05:00,2025-01-06 13:50:00-05:00,21828.0,21718.5,SL_YELLOW,-109.5,11,-120.25,68.75,41.00873780792532,10,282.25,OOS,2025
2025-01-07,SHORT,2025-01-07 10:30:00-05:00,2025-01-07 15:30:00-05:00,21577.25,21361.732294387642,TP,215.51770561235753,15,-9.0,252.5,53.87942640308982,10,136.25,OOS,2025
2025-01-10,SHORT,2025-01-10 10:10:00-05:00,2025-01-10 10:50:00-05:00,20899.0,21103.25,SL_YELLOW,-204.25,2,-224.5,24.25,70.77638541748253,10,327.5,OOS,2025
2025-01-14,SHORT,2025-01-14 11:30:00-05:00,2025-01-14 13:50:00-05:00,20904.0,20991.5,SL_YELLOW,-87.5,7,-91.0,112.25,65.846383538022,11,199.75,OOS,2025
2025-01-15,LONG,2025-01-15 10:10:00-05:00,2025-01-15 11:50:00-05:00,21370.5,21282.75,SL_YELLOW,-87.75,5,-102.0,37.5,56.12320401010999,10,420.0,OOS,2025
2025-01-16,SHORT,2025-01-16 13:50:00-05:00,2025-01-16 14:50:00-05:00,21284.25,21355.75,SL_YELLOW,-71.5,3,-76.0,14.25,59.63087504640339,13,214.25,OOS,2025
2025-01-20,LONG,2025-01-20 10:10:00-05:00,2025-01-20 10:30:00-05:00,21730.5,21688.5,SL_YELLOW,-42.0,1,-53.5,1.5,38.02131773429841,10,200.25,OOS,2025
2025-01-22,LONG,2025-01-22 10:10:00-05:00,2025-01-22 16:10:00-05:00,22015.0,21990.25,FORCE_CLOSE,-24.75,18,-35.0,78.5,24.69463566023906,10,166.0,OOS,2025
2025-01-24,SHORT,2025-01-24 13:30:00-05:00,2025-01-24 16:10:00-05:00,21934.75,21907.75,FORCE_CLOSE,27.0,8,-13.0,90.75,33.99716803774732,13,86.75,OOS,2025
2025-01-28,LONG,2025-01-28 10:50:00-05:00,2025-01-28 11:30:00-05:00,21436.75,21404.75,SL_YELLOW,-32.0,2,-49.25,42.25,69.84859440864048,10,204.5,OOS,2025
2025-01-29,SHORT,2025-01-29 10:50:00-05:00,2025-01-29 14:50:00-05:00,21506.25,21542.25,SL_YELLOW,-36.0,12,-71.75,139.25,44.890128786715636,10,166.5,OOS,2025
2025-01-31,LONG,2025-01-31 10:10:00-05:00,2025-01-31 13:30:00-05:00,21887.5,21815.0,SL_YELLOW,-72.5,10,-77.5,78.5,35.024749099383186,10,153.0,OOS,2025
2025-02-03,LONG,2025-02-03 10:50:00-05:00,2025-02-03 16:10:00-05:00,21409.75,21424.25,FORCE_CLOSE,14.5,16,-69.0,110.0,78.9188559271075,10,329.0,OOS,2025
2025-02-04,LONG,2025-02-04 10:30:00-05:00,2025-02-04 12:30:00-05:00,21640.5,21562.25,SL_YELLOW,-78.25,6,-84.5,53.5,53.50742262524611,10,357.5,OOS,2025
2025-02-05,LONG,2025-02-05 12:10:00-05:00,2025-02-05 16:10:00-05:00,21734.75,21762.25,FORCE_CLOSE,27.5,12,-62.75,47.5,48.2248437419624,12,194.0,OOS,2025
2025-02-07,SHORT,2025-02-07 10:30:00-05:00,2025-02-07 16:10:00-05:00,21745.0,21589.75,FORCE_CLOSE,155.25,17,-59.0,192.25,51.73082017512426,10,139.75,OOS,2025
2025-02-10,LONG,2025-02-10 10:30:00-05:00,2025-02-10 16:10:00-05:00,21863.0,21829.0,FORCE_CLOSE,-34.0,17,-45.75,31.0,34.03509522066783,10,216.25,OOS,2025
2025-02-11,LONG,2025-02-11 10:50:00-05:00,2025-02-11 11:30:00-05:00,21861.25,21823.0,SL_YELLOW,-38.25,2,-44.0,10.25,34.41818145082358,10,162.75,OOS,2025
2025-02-13,LONG,2025-02-13 10:50:00-05:00,2025-02-13 16:10:00-05:00,22041.75,22089.75,FORCE_CLOSE,48.0,16,-151.25,82.25,50.06556029070048,10,174.0,OOS,2025
2025-02-14,LONG,2025-02-14 14:10:00-05:00,2025-02-14 16:10:00-05:00,22194.0,22211.75,FORCE_CLOSE,17.75,6,-38.0,31.0,32.20567265818124,14,121.0,OOS,2025
2025-02-18,SHORT,2025-02-18 10:10:00-05:00,2025-02-18 11:30:00-05:00,22189.0,22204.25,SL_YELLOW,-15.25,4,-20.5,64.0,30.475312090364604,10,121.5,OOS,2025
2025-02-19,SHORT,2025-02-19 10:10:00-05:00,2025-02-19 10:50:00-05:00,22129.5,22200.5,SL_YELLOW,-71.0,2,-79.0,9.5,31.12965186083727,10,111.75,OOS,2025
2025-02-20,SHORT,2025-02-20 10:10:00-05:00,2025-02-20 16:10:00-05:00,22005.5,22142.0,SL_YELLOW,-136.5,18,-144.5,30.5,36.6983828548642,10,94.5,OOS,2025
2025-02-21,SHORT,2025-02-21 10:30:00-05:00,2025-02-21 13:10:00-05:00,22006.0,21857.167835717606,TP,148.83216428239393,8,-23.75,203.25,37.20804107059821,10,141.75,OOS,2025
2025-02-24,SHORT,2025-02-24 10:30:00-05:00,2025-02-24 16:10:00-05:00,21506.5,21429.0,FORCE_CLOSE,77.5,17,-154.0,99.0,53.93741072688073,10,136.25,OOS,2025
2025-02-25,SHORT,2025-02-25 10:30:00-05:00,2025-02-25 16:10:00-05:00,21048.25,21200.75,FORCE_CLOSE,-152.5,17,-233.0,58.25,61.20534975856328,10,167.75,OOS,2025
2025-02-26,LONG,2025-02-26 11:10:00-05:00,2025-02-26 12:50:00-05:00,21384.25,21305.0,SL_YELLOW,-79.25,5,-87.5,25.0,46.27710353202278,11,132.5,OOS,2025
2025-02-27,SHORT,2025-02-27 11:10:00-05:00,2025-02-27 15:30:00-05:00,21047.75,20718.79942341381,TP,328.95057658619044,13,-112.0,363.25,82.23764414654728,11,278.5,OOS,2025
2025-02-28,LONG,2025-02-28 10:50:00-05:00,2025-02-28 11:30:00-05:00,20697.25,20638.5,SL_YELLOW,-58.75,2,-64.5,79.0,66.89343982250007,10,172.5,OOS,2025
2025-03-03,SHORT,2025-03-03 13:30:00-05:00,2025-03-03 15:50:00-05:00,20685.5,20358.90078217464,TP,326.5992178253582,7,-134.25,368.75,81.6498044563394,13,263.25,OOS,2025
2025-03-04,SHORT,2025-03-04 10:30:00-05:00,2025-03-04 11:50:00-05:00,20159.25,20287.25,SL_YELLOW,-128.0,4,-135.5,50.75,86.50598329937473,10,330.0,OOS,2025
2025-03-05,SHORT,2025-03-05 10:50:00-05:00,2025-03-05 12:30:00-05:00,20372.25,20472.75,SL_YELLOW,-100.5,5,-105.0,157.25,86.99492629959825,10,250.25,OOS,2025
2025-03-06,SHORT,2025-03-06 12:30:00-05:00,2025-03-06 16:10:00-05:00,20155.75,20130.0,FORCE_CLOSE,25.75,11,-52.25,152.75,88.76013553813672,12,348.5,OOS,2025
2025-03-07,SHORT,2025-03-07 11:30:00-05:00,2025-03-07 13:10:00-05:00,19872.25,20062.5,SL_YELLOW,-190.25,5,-245.25,106.75,90.92790080537358,11,247.25,OOS,2025
2025-03-10,SHORT,2025-03-10 10:10:00-04:00,2025-03-10 13:50:00-04:00,19702.0,19445.57103092422,TP,256.4289690757796,11,-47.5,273.5,64.1072422689449,10,295.5,OOS,2025
2025-03-11,LONG,2025-03-11 15:10:00-04:00,2025-03-11 15:30:00-04:00,19645.75,19551.5,SL_YELLOW,-94.25,1,-142.75,0.25,118.6533230044693,15,445.75,OOS,2025
2025-03-13,SHORT,2025-03-13 11:30:00-04:00,2025-03-13 16:10:00-04:00,19355.25,19299.75,FORCE_CLOSE,55.5,14,-41.0,185.25,82.14834325202696,11,293.25,OOS,2025
2025-03-14,LONG,2025-03-14 11:10:00-04:00,2025-03-14 16:10:00-04:00,19611.0,19666.0,FORCE_CLOSE,55.0,15,-22.0,131.5,63.3312117250323,11,236.75,OOS,2025
2025-03-17,LONG,2025-03-17 14:10:00-04:00,2025-03-17 16:10:00-04:00,20054.75,20021.75,FORCE_CLOSE,-33.0,6,-50.75,113.0,63.03451267476659,14,437.25,OOS,2025
2025-03-18,SHORT,2025-03-18 10:10:00-04:00,2025-03-18 16:10:00-04:00,19713.0,19728.75,FORCE_CLOSE,-15.75,18,-70.5,108.75,51.93483194657146,10,181.0,OOS,2025
2025-03-19,LONG,2025-03-19 10:30:00-04:00,2025-03-19 15:10:00-04:00,19847.5,20019.593564982602,TP,172.0935649826024,14,-78.5,281.75,43.02339124565095,10,137.5,OOS,2025
2025-03-24,LONG,2025-03-24 10:50:00-04:00,2025-03-24 16:10:00-04:00,20356.75,20369.0,FORCE_CLOSE,12.25,16,-48.5,52.75,34.08276842818296,10,235.5,OOS,2025
2025-03-25,LONG,2025-03-25 10:50:00-04:00,2025-03-25 12:30:00-04:00,20474.5,20431.75,SL_YELLOW,-42.75,5,-46.75,20.75,34.76576868992858,10,154.5,OOS,2025
2025-03-26,SHORT,2025-03-26 10:10:00-04:00,2025-03-26 12:10:00-04:00,20312.25,20180.859472676384,TP,131.39052732361597,6,-14.75,146.75,32.84763183090415,10,107.25,OOS,2025
2025-03-28,SHORT,2025-03-28 10:30:00-04:00,2025-03-28 16:10:00-04:00,19638.75,19414.25,FORCE_CLOSE,224.5,17,-22.0,225.5,58.471266308494194,10,166.5,OOS,2025
2025-03-31,LONG,2025-03-31 14:50:00-04:00,2025-03-31 16:10:00-04:00,19376.25,19406.5,FORCE_CLOSE,30.25,4,-30.25,113.5,75.94919408787909,14,246.5,OOS,2025
2025-04-01,LONG,2025-04-01 11:30:00-04:00,2025-04-01 14:10:00-04:00,19565.0,19425.75,SL_YELLOW,-139.25,8,-144.0,79.0,67.5508441049522,11,227.75,OOS,2025
2025-04-02,LONG,2025-04-02 12:50:00-04:00,2025-04-02 14:10:00-04:00,19814.0,19686.5,SL_YELLOW,-127.5,4,-143.0,76.25,73.09465198696222,12,377.5,OOS,2025
2025-04-03,SHORT,2025-04-03 11:10:00-04:00,2025-04-03 11:30:00-04:00,18746.25,18821.0,SL_YELLOW,-74.75,1,-123.0,2.25,91.04424029089307,11,358.0,OOS,2025
2025-04-04,SHORT,2025-04-04 12:50:00-04:00,2025-04-04 13:50:00-04:00,17730.5,17850.75,SL_YELLOW,-120.25,3,-127.75,110.75,168.9673095350462,12,892.25,OOS,2025
2025-04-07,LONG,2025-04-07 10:50:00-04:00,2025-04-07 11:30:00-04:00,17446.5,17198.5,SL_YELLOW,-248.0,2,-296.75,352.5,282.0560966717581,10,818.0,OOS,2025
2025-04-08,LONG,2025-04-08 10:30:00-04:00,2025-04-08 11:10:00-04:00,18283.5,18112.5,SL_YELLOW,-171.0,2,-204.75,48.25,108.8364264013139,10,525.5,OOS,2025
2025-04-09,LONG,2025-04-09 12:50:00-04:00,2025-04-09 13:30:00-04:00,17514.75,18192.65518637215,TP,677.9051863721506,2,-94.25,1270.75,169.4762965930376,12,690.0,OOS,2025
2025-04-10,SHORT,2025-04-10 10:30:00-04:00,2025-04-10 12:30:00-04:00,18643.75,18125.745067679323,TP,518.0049323206767,6,-157.25,724.75,129.50123308016884,10,680.0,OOS,2025
2025-04-11,LONG,2025-04-11 15:10:00-04:00,2025-04-11 16:10:00-04:00,18830.25,18795.75,FORCE_CLOSE,-34.5,3,-52.75,37.25,146.55390430628134,15,728.0,OOS,2025
2025-04-14,SHORT,2025-04-14 12:10:00-04:00,2025-04-14 14:10:00-04:00,18826.5,18971.75,SL_YELLOW,-145.25,6,-155.75,89.0,91.6954320645259,12,324.5,OOS,2025
2025-04-15,LONG,2025-04-15 10:10:00-04:00,2025-04-15 10:30:00-04:00,19090.0,18969.5,SL_YELLOW,-120.5,1,-165.5,54.75,57.5994346880216,10,231.5,OOS,2025
2025-04-16,SHORT,2025-04-16 14:10:00-04:00,2025-04-16 16:10:00-04:00,18351.5,18387.75,SL_YELLOW,-36.25,6,-80.0,235.25,83.6229590658346,14,356.75,OOS,2025
2025-04-17,SHORT,2025-04-17 10:50:00-04:00,2025-04-17 11:10:00-04:00,18344.75,18384.25,SL_YELLOW,-39.5,1,-74.25,53.75,73.1138513187641,10,307.5,OOS,2025
2025-04-21,SHORT,2025-04-21 10:30:00-04:00,2025-04-21 14:10:00-04:00,17926.5,17700.310764484253,TP,226.189235515747,11,-61.75,226.5,56.54730887893672,10,303.5,OOS,2025
2025-04-22,LONG,2025-04-22 10:10:00-04:00,2025-04-22 12:30:00-04:00,18288.75,18482.02063648127,TP,193.27063648126932,7,-48.0,225.25,48.3176591203175,10,307.75,OOS,2025
2025-04-23,LONG,2025-04-23 10:10:00-04:00,2025-04-23 11:30:00-04:00,19063.25,18915.25,SL_YELLOW,-148.0,4,-182.25,102.25,64.10186498363083,10,348.25,OOS,2025
2025-04-24,LONG,2025-04-24 10:10:00-04:00,2025-04-24 16:10:00-04:00,19093.75,19353.05872474202,TP,259.30872474201897,18,-44.5,324.25,64.82718118550508,10,282.25,OOS,2025
2025-04-25,LONG,2025-04-25 15:10:00-04:00,2025-04-25 15:30:00-04:00,19512.75,19488.0,SL_YELLOW,-24.75,1,-32.5,5.5,71.37228858765103,15,281.25,OOS,2025
2025-04-28,SHORT,2025-04-28 11:50:00-04:00,2025-04-28 14:30:00-04:00,19341.25,19406.25,SL_YELLOW,-65.0,8,-77.0,84.0,65.42433186800551,11,177.25,OOS,2025
2025-04-29,LONG,2025-04-29 14:10:00-04:00,2025-04-29 16:10:00-04:00,19665.5,19635.0,FORCE_CLOSE,-30.5,6,-50.5,23.0,70.2932370647852,14,253.0,OOS,2025
2025-04-30,SHORT,2025-04-30 10:10:00-04:00,2025-04-30 10:30:00-04:00,19216.5,19309.25,SL_YELLOW,-92.75,1,-98.5,19.25,66.1794910943123,10,390.75,OOS,2025
2025-05-01,LONG,2025-05-01 11:10:00-04:00,2025-05-01 11:50:00-04:00,20081.0,20023.5,SL_YELLOW,-57.5,2,-58.75,44.75,54.10611990400954,11,230.75,OOS,2025
2025-05-02,LONG,2025-05-02 10:50:00-04:00,2025-05-02 16:10:00-04:00,20149.0,20217.75,FORCE_CLOSE,68.75,16,-27.0,127.75,54.4905751310692,10,391.75,OOS,2025
2025-05-07,SHORT,2025-05-07 14:30:00-04:00,2025-05-07 15:10:00-04:00,19772.25,19879.0,SL_YELLOW,-106.75,2,-130.75,27.75,67.6298010231455,14,334.25,OOS,2025
2025-05-08,LONG,2025-05-08 12:10:00-04:00,2025-05-08 15:50:00-04:00,20307.5,20235.25,SL_YELLOW,-72.25,11,-85.25,29.75,66.10257746235789,12,351.75,OOS,2025
2025-05-13,LONG,2025-05-13 10:30:00-04:00,2025-05-13 16:10:00-04:00,21210.25,21248.25,FORCE_CLOSE,38.0,17,-23.25,136.25,49.43983361959703,10,247.75,OOS,2025
2025-05-14,LONG,2025-05-14 12:30:00-04:00,2025-05-14 12:50:00-04:00,21385.0,21366.5,SL_YELLOW,-18.5,1,-29.25,34.5,43.78200159118438,12,144.25,OOS,2025
2025-05-15,LONG,2025-05-15 12:10:00-04:00,2025-05-15 14:30:00-04:00,21457.5,21409.25,SL_YELLOW,-48.25,7,-81.5,72.25,49.839655086355826,12,220.0,OOS,2025
2025-05-19,LONG,2025-05-19 12:10:00-04:00,2025-05-19 16:10:00-04:00,21433.75,21486.75,FORCE_CLOSE,53.0,12,-2.5,110.75,51.774551237338855,12,305.5,OOS,2025
2025-05-20,SHORT,2025-05-20 10:10:00-04:00,2025-05-20 10:30:00-04:00,21369.0,21395.0,SL_YELLOW,-26.0,1,-58.0,6.0,36.15099494068883,10,168.5,OOS,2025
2025-05-21,LONG,2025-05-21 11:30:00-04:00,2025-05-21 13:30:00-04:00,21519.25,21203.5,SL_YELLOW,-315.75,6,-324.5,39.25,47.305122015948,11,214.25,OOS,2025
2025-05-22,LONG,2025-05-22 12:10:00-04:00,2025-05-22 12:50:00-04:00,21278.5,21229.0,SL_YELLOW,-49.5,2,-53.0,46.0,66.56969913528506,12,203.5,OOS,2025
2025-05-27,LONG,2025-05-27 10:50:00-04:00,2025-05-27 16:10:00-04:00,21373.0,21470.25,FORCE_CLOSE,97.25,16,-24.0,115.5,41.77583751847373,10,218.25,OOS,2025
2025-05-29,SHORT,2025-05-29 10:30:00-04:00,2025-05-29 11:30:00-04:00,21456.25,21501.0,SL_YELLOW,-44.75,3,-66.0,26.25,59.86321483634676,10,369.75,OOS,2025
2025-05-30,SHORT,2025-05-30 12:50:00-04:00,2025-05-30 14:10:00-04:00,21120.25,21230.25,SL_YELLOW,-110.0,4,-114.75,48.75,69.17148139774412,12,194.75,OOS,2025
2025-06-02,LONG,2025-06-02 10:50:00-04:00,2025-06-02 16:10:00-04:00,21372.75,21551.75,FORCE_CLOSE,179.0,16,-17.5,181.25,56.570256353189926,10,185.5,OOS,2025
2025-06-03,LONG,2025-06-03 10:10:00-04:00,2025-06-03 12:50:00-04:00,21590.75,21737.964674025698,TP,147.2146740256976,8,-16.5,156.0,36.80366850642427,10,158.75,OOS,2025
2025-06-04,LONG,2025-06-04 13:30:00-04:00,2025-06-04 16:10:00-04:00,21774.0,21755.25,SL_YELLOW,-18.75,8,-31.25,29.0,39.28516149080368,13,111.75,OOS,2025
2025-06-05,LONG,2025-06-05 11:50:00-04:00,2025-06-05 12:10:00-04:00,21908.5,21890.5,SL_YELLOW,-18.0,1,-26.0,26.5,58.73187527141606,11,185.5,OOS,2025
2025-06-06,LONG,2025-06-06 10:10:00-04:00,2025-06-06 10:30:00-04:00,21839.75,21784.75,SL_YELLOW,-55.0,1,-77.0,5.25,39.909214073612986,10,341.0,OOS,2025
2025-06-09,LONG,2025-06-09 10:50:00-04:00,2025-06-09 16:10:00-04:00,21849.75,21805.0,SL_YELLOW,-44.75,16,-49.25,35.25,29.13876824771111,10,108.25,OOS,2025
2025-06-11,SHORT,2025-06-11 15:30:00-04:00,2025-06-11 16:10:00-04:00,21849.75,21888.25,SL_YELLOW,-38.5,2,-43.75,25.5,60.54405881255016,15,240.25,OOS,2025
2025-06-12,LONG,2025-06-12 10:50:00-04:00,2025-06-12 16:10:00-04:00,21946.75,21932.25,FORCE_CLOSE,-14.5,16,-65.75,30.5,44.63879003886348,10,181.0,OOS,2025
2025-06-16,LONG,2025-06-16 10:10:00-04:00,2025-06-16 16:10:00-04:00,22146.5,22173.0,FORCE_CLOSE,26.5,18,-9.5,75.5,37.9394985744978,10,561.0,OOS,2025
2025-06-17,SHORT,2025-06-17 14:10:00-04:00,2025-06-17 16:10:00-04:00,21966.5,21961.5,FORCE_CLOSE,5.0,6,-38.5,57.0,49.822603859576994,14,181.25,OOS,2025
2025-06-18,LONG,2025-06-18 10:50:00-04:00,2025-06-18 11:10:00-04:00,22075.5,22059.75,SL_YELLOW,-15.75,1,-17.75,10.25,37.17250838359119,10,204.0,OOS,2025
2025-06-19,SHORT,2025-06-19 10:10:00-04:00,2025-06-19 13:10:00-04:00,21704.0,21703.0,EOD,1.0,9,-37.75,28.5,39.85139200388642,10,235.5,OOS,2025
2025-06-23,LONG,2025-06-23 10:30:00-04:00,2025-06-23 12:10:00-04:00,21983.5,21921.5,SL_YELLOW,-62.0,5,-68.5,34.5,49.27394954590621,10,377.5,OOS,2025
2025-06-24,LONG,2025-06-24 12:50:00-04:00,2025-06-24 16:10:00-04:00,22400.75,22400.5,FORCE_CLOSE,-0.25,10,-21.0,47.5,36.087612539456025,12,318.75,OOS,2025
2025-06-26,LONG,2025-06-26 12:10:00-04:00,2025-06-26 16:10:00-04:00,22620.75,22656.5,FORCE_CLOSE,35.75,12,-24.0,73.25,34.60187946209564,12,147.25,OOS,2025
2025-06-27,LONG,2025-06-27 11:50:00-04:00,2025-06-27 12:50:00-04:00,22818.0,22775.25,SL_YELLOW,-42.75,3,-48.5,1.25,32.724779780513735,11,127.75,OOS,2025
2025-07-01,SHORT,2025-07-01 11:10:00-04:00,2025-07-01 16:10:00-04:00,22638.5,22680.0,FORCE_CLOSE,-41.5,15,-123.75,44.0,40.63174404751214,11,159.0,OOS,2025
2025-07-02,LONG,2025-07-02 10:50:00-04:00,2025-07-02 16:10:00-04:00,22815.5,22835.5,FORCE_CLOSE,20.0,16,-17.25,38.5,37.58783349747218,10,199.25,OOS,2025
2025-07-03,LONG,2025-07-03 10:10:00-04:00,2025-07-03 13:30:00-04:00,23051.0,23059.0,EOD,8.0,10,-23.5,51.5,32.45778759219038,10,113.5,OOS,2025
2025-07-07,SHORT,2025-07-07 12:50:00-04:00,2025-07-07 16:10:00-04:00,22872.75,22856.75,FORCE_CLOSE,16.0,10,-57.25,93.0,42.24493946911108,12,120.25,OOS,2025
2025-07-09,LONG,2025-07-09 10:10:00-04:00,2025-07-09 10:50:00-04:00,23090.75,22965.0,SL_YELLOW,-125.75,2,-136.5,13.75,27.967381827881898,10,135.25,OOS,2025
2025-07-10,SHORT,2025-07-10 10:30:00-04:00,2025-07-10 11:30:00-04:00,22938.25,22997.75,SL_YELLOW,-59.5,3,-63.25,3.5,34.06498860658999,10,102.25,OOS,2025
2025-07-14,LONG,2025-07-14 11:10:00-04:00,2025-07-14 16:10:00-04:00,23005.5,23027.75,FORCE_CLOSE,22.25,15,-13.5,61.0,38.4816976465206,11,141.5,OOS,2025
2025-07-17,LONG,2025-07-17 11:10:00-04:00,2025-07-17 16:10:00-04:00,23234.25,23249.25,FORCE_CLOSE,15.0,15,-18.0,45.5,34.79365859419469,11,141.5,OOS,2025
2025-07-18,SHORT,2025-07-18 10:30:00-04:00,2025-07-18 11:50:00-04:00,23193.0,23246.5,SL_YELLOW,-53.5,4,-54.0,6.25,26.54744771541829,10,75.5,OOS,2025
2025-07-21,LONG,2025-07-21 10:10:00-04:00,2025-07-21 16:10:00-04:00,23391.25,23350.75,FORCE_CLOSE,-40.5,18,-62.75,33.5,25.93146237926701,10,104.75,OOS,2025
2025-07-22,SHORT,2025-07-22 10:10:00-04:00,2025-07-22 16:10:00-04:00,23176.75,23204.25,FORCE_CLOSE,-27.5,18,-81.0,19.25,33.959186816947344,10,99.5,OOS,2025
2025-07-23,LONG,2025-07-23 14:50:00-04:00,2025-07-23 15:50:00-04:00,23304.75,23280.5,SL_YELLOW,-24.25,3,-35.75,2.0,34.84161502056366,14,113.5,OOS,2025
2025-07-25,LONG,2025-07-25 12:50:00-04:00,2025-07-25 14:10:00-04:00,23450.0,23436.5,SL_YELLOW,-13.5,4,-26.0,10.5,24.044639615209228,12,95.0,OOS,2025
2025-07-28,SHORT,2025-07-28 14:30:00-04:00,2025-07-28 15:50:00-04:00,23462.5,23468.0,SL_YELLOW,-5.5,4,-9.5,16.75,26.035679551232295,14,119.0,OOS,2025
2025-07-29,SHORT,2025-07-29 11:50:00-04:00,2025-07-29 13:10:00-04:00,23498.0,23506.5,SL_YELLOW,-8.5,4,-21.75,49.5,31.742071875888705,11,110.5,OOS,2025
2025-07-30,LONG,2025-07-30 12:30:00-04:00,2025-07-30 14:50:00-04:00,23535.5,23520.75,SL_YELLOW,-14.75,7,-24.5,54.0,28.199329695197157,12,72.75,OOS,2025
2025-07-31,SHORT,2025-07-31 10:50:00-04:00,2025-07-31 13:30:00-04:00,23603.0,23443.687359055104,TP,159.31264094489597,8,-14.0,166.75,39.828160236224065,10,159.0,OOS,2025
2025-08-01,SHORT,2025-08-01 10:10:00-04:00,2025-08-01 16:10:00-04:00,22890.75,22873.0,FORCE_CLOSE,17.75,18,-154.75,115.75,61.3331238332246,10,316.0,OOS,2025
2025-08-04,LONG,2025-08-04 10:10:00-04:00,2025-08-04 16:10:00-04:00,23230.0,23336.25,FORCE_CLOSE,106.25,18,-42.25,108.5,35.296160570186494,10,276.5,OOS,2025
2025-08-05,SHORT,2025-08-05 10:50:00-04:00,2025-08-05 16:10:00-04:00,23140.0,23146.25,FORCE_CLOSE,-6.25,16,-112.0,26.5,45.166527976466206,10,91.75,OOS,2025
2025-08-06,LONG,2025-08-06 11:10:00-04:00,2025-08-06 16:10:00-04:00,23289.5,23413.0,FORCE_CLOSE,123.5,15,-17.5,155.75,49.4734421032533,11,181.5,OOS,2025
2025-08-07,SHORT,2025-08-07 14:30:00-04:00,2025-08-07 15:10:00-04:00,23370.25,23408.75,SL_YELLOW,-38.5,2,-51.0,22.0,51.306414163500605,14,254.5,OOS,2025
2025-08-08,LONG,2025-08-08 10:10:00-04:00,2025-08-08 16:10:00-04:00,23667.5,23738.25,FORCE_CLOSE,70.75,18,-55.5,74.0,29.13143726563736,10,80.0,OOS,2025
2025-08-11,LONG,2025-08-11 12:30:00-04:00,2025-08-11 12:50:00-04:00,23785.5,23743.25,SL_YELLOW,-42.25,1,-47.25,4.0,30.047518640364384,12,105.25,OOS,2025
2025-08-12,LONG,2025-08-12 11:50:00-04:00,2025-08-12 16:10:00-04:00,23846.0,23934.5,FORCE_CLOSE,88.5,13,-3.25,104.0,49.34582166092085,11,226.25,OOS,2025
2025-08-13,SHORT,2025-08-13 12:50:00-04:00,2025-08-13 13:30:00-04:00,23903.5,23943.5,SL_YELLOW,-40.0,2,-42.5,17.5,31.374371087449827,12,124.5,OOS,2025
2025-08-15,SHORT,2025-08-15 10:10:00-04:00,2025-08-15 16:10:00-04:00,23866.0,23793.5,FORCE_CLOSE,72.5,18,-15.0,131.5,34.06722332240526,10,92.0,OOS,2025
2025-08-19,SHORT,2025-08-19 10:10:00-04:00,2025-08-19 10:50:00-04:00,23725.25,23593.84612006785,TP,131.40387993214972,2,-2.5,167.0,32.8509699830375,10,107.25,OOS,2025
2025-08-20,SHORT,2025-08-20 10:10:00-04:00,2025-08-20 11:30:00-04:00,23111.0,23224.75,SL_YELLOW,-113.75,4,-116.5,76.0,45.758285010933356,10,151.25,OOS,2025
2025-08-21,SHORT,2025-08-21 12:30:00-04:00,2025-08-21 13:50:00-04:00,23182.75,23210.5,SL_YELLOW,-27.75,4,-41.5,63.75,53.688534625250654,12,161.0,OOS,2025
2025-08-22,LONG,2025-08-22 10:10:00-04:00,2025-08-22 16:10:00-04:00,23570.25,23573.5,FORCE_CLOSE,3.25,18,-78.25,79.75,54.615258887764384,10,204.0,OOS,2025
2025-08-26,LONG,2025-08-26 10:50:00-04:00,2025-08-26 11:10:00-04:00,23534.5,23516.75,SL_YELLOW,-17.75,1,-21.75,15.5,33.08420765200633,10,148.75,OOS,2025
2025-08-27,LONG,2025-08-27 14:50:00-04:00,2025-08-27 15:10:00-04:00,23637.0,23608.75,SL_YELLOW,-28.25,1,-28.5,3.0,28.857190328590292,14,93.0,OOS,2025
2025-08-28,LONG,2025-08-28 11:10:00-04:00,2025-08-28 16:10:00-04:00,23713.75,23761.0,FORCE_CLOSE,47.25,15,-48.75,90.0,40.20975945571232,11,174.5,OOS,2025
2025-08-29,SHORT,2025-08-29 10:10:00-04:00,2025-08-29 16:10:00-04:00,23458.25,23461.25,FORCE_CLOSE,-3.0,18,-57.25,60.75,36.105873677633554,10,149.5,OOS,2025
2025-09-02,SHORT,2025-09-02 12:10:00-04:00,2025-09-02 12:30:00-04:00,23039.25,23067.5,SL_YELLOW,-28.25,1,-45.75,0.75,56.3871641899558,12,449.25,OOS,2025
2025-09-03,LONG,2025-09-03 11:10:00-04:00,2025-09-03 11:30:00-04:00,23506.75,23424.5,SL_YELLOW,-82.25,1,-86.0,6.0,41.80213469173289,11,160.25,OOS,2025
2025-09-04,LONG,2025-09-04 11:50:00-04:00,2025-09-04 12:30:00-04:00,23541.0,23519.75,SL_YELLOW,-21.25,2,-28.5,13.5,39.695809309697964,11,103.75,OOS,2025
2025-09-05,SHORT,2025-09-05 10:50:00-04:00,2025-09-05 16:10:00-04:00,23588.75,23675.5,FORCE_CLOSE,-86.75,16,-107.5,83.75,49.09598141493415,10,206.0,OOS,2025
2025-09-08,LONG,2025-09-08 10:10:00-04:00,2025-09-08 13:10:00-04:00,23854.0,23792.5,SL_YELLOW,-61.5,9,-68.75,34.0,24.622386954697443,10,144.75,OOS,2025
2025-09-09,SHORT,2025-09-09 11:10:00-04:00,2025-09-09 12:10:00-04:00,23773.0,23806.0,SL_YELLOW,-33.0,3,-39.75,19.25,32.478184395338715,11,94.5,OOS,2025
2025-09-10,SHORT,2025-09-10 14:50:00-04:00,2025-09-10 16:10:00-04:00,23848.0,23878.75,SL_YELLOW,-30.75,4,-45.0,63.0,37.180515749860014,14,170.25,OOS,2025
2025-09-11,LONG,2025-09-11 11:10:00-04:00,2025-09-11 16:10:00-04:00,24006.75,24020.5,FORCE_CLOSE,13.75,15,-12.75,39.25,35.80658389710076,11,140.0,OOS,2025
2025-09-12,LONG,2025-09-12 10:30:00-04:00,2025-09-12 16:10:00-04:00,24071.25,24108.75,FORCE_CLOSE,37.5,17,-6.75,87.75,22.86406936657568,10,82.5,OOS,2025
2025-09-15,LONG,2025-09-15 10:10:00-04:00,2025-09-15 16:10:00-04:00,24491.0,24538.25,FORCE_CLOSE,47.25,18,-18.5,65.75,25.68833793643154,10,331.0,OOS,2025
2025-09-16,SHORT,2025-09-16 11:50:00-04:00,2025-09-16 12:30:00-04:00,24511.75,24526.0,SL_YELLOW,-14.25,2,-16.25,12.5,24.32941078361969,11,123.25,OOS,2025
2025-09-17,SHORT,2025-09-17 10:50:00-04:00,2025-09-17 14:30:00-04:00,24429.0,24314.874895723577,TP,114.12510427642337,11,-95.0,137.25,28.53127606910617,10,96.75,OOS,2025
2025-09-18,LONG,2025-09-18 10:50:00-04:00,2025-09-18 12:10:00-04:00,24768.75,24729.5,SL_YELLOW,-39.25,4,-43.0,47.25,42.9773945616743,10,267.5,OOS,2025
2025-09-19,LONG,2025-09-19 10:10:00-04:00,2025-09-19 10:30:00-04:00,24786.75,24782.75,SL_YELLOW,-4.0,1,-32.25,14.25,24.573851537090786,10,129.75,OOS,2025
2025-09-22,LONG,2025-09-22 10:30:00-04:00,2025-09-22 14:30:00-04:00,24903.5,25009.575790450483,TP,106.0757904504826,12,-13.5,111.0,26.518947612620533,10,127.25,OOS,2025
2025-09-23,SHORT,2025-09-23 10:10:00-04:00,2025-09-23 13:30:00-04:00,24953.0,24869.25596370023,TP,83.7440362997695,10,-22.25,87.25,20.93600907494265,10,53.0,OOS,2025
2025-09-24,SHORT,2025-09-24 11:30:00-04:00,2025-09-24 12:10:00-04:00,24794.0,24681.280721299154,TP,112.71927870084619,2,-1.0,149.0,28.179819675211277,11,103.0,OOS,2025
2025-09-25,SHORT,2025-09-25 14:10:00-04:00,2025-09-25 14:30:00-04:00,24494.5,24581.5,SL_YELLOW,-87.0,1,-93.0,0.5,58.73904585542491,14,253.0,OOS,2025
2025-09-26,SHORT,2025-09-26 10:50:00-04:00,2025-09-26 11:10:00-04:00,24564.75,24578.5,SL_YELLOW,-13.75,1,-39.0,14.75,55.11317579956762,10,178.25,OOS,2025
2025-09-29,LONG,2025-09-29 10:10:00-04:00,2025-09-29 11:30:00-04:00,24969.25,24867.0,SL_YELLOW,-102.25,4,-107.0,2.25,28.916690240750302,10,187.75,OOS,2025
2025-09-30,LONG,2025-09-30 15:50:00-04:00,2025-09-30 16:10:00-04:00,24880.75,24867.5,FORCE_CLOSE,-13.25,1,-15.25,33.0,41.935988770983,15,102.0,OOS,2025
2025-10-01,LONG,2025-10-01 10:50:00-04:00,2025-10-01 16:10:00-04:00,24885.0,24996.0,FORCE_CLOSE,111.0,16,-9.75,151.75,42.4555297689769,10,243.5,OOS,2025
2025-10-03,SHORT,2025-10-03 13:30:00-04:00,2025-10-03 16:10:00-04:00,25026.75,24977.5,FORCE_CLOSE,49.25,8,-32.5,103.5,39.65854621004754,13,123.5,OOS,2025
2025-10-07,SHORT,2025-10-07 11:30:00-04:00,2025-10-07 16:10:00-04:00,25074.75,25062.25,FORCE_CLOSE,12.5,14,-17.25,90.0,38.24911703710862,11,152.5,OOS,2025
2025-10-08,LONG,2025-10-08 10:10:00-04:00,2025-10-08 16:10:00-04:00,25214.25,25337.160713976606,TP,122.91071397660562,18,-41.5,130.0,30.72767849415104,10,85.25,OOS,2025
2025-10-09,SHORT,2025-10-09 10:30:00-04:00,2025-10-09 16:10:00-04:00,25251.75,25294.5,SL_YELLOW,-42.75,17,-48.0,91.0,27.3158200799513,10,99.75,OOS,2025
2025-10-10,SHORT,2025-10-10 11:30:00-04:00,2025-10-10 15:30:00-04:00,24822.25,24525.661605902274,TP,296.58839409772554,12,-86.0,310.25,74.14709852443177,11,104.25,OOS,2025
2025-10-15,LONG,2025-10-15 10:30:00-04:00,2025-10-15 11:50:00-04:00,25101.0,24924.75,SL_YELLOW,-176.25,4,-186.25,14.0,48.64428395705371,10,285.0,OOS,2025
2025-10-16,LONG,2025-10-16 11:10:00-04:00,2025-10-16 11:30:00-04:00,25124.5,25038.5,SL_YELLOW,-86.0,1,-106.0,6.75,50.41096535961529,11,224.75,OOS,2025
2025-10-17,LONG,2025-10-17 12:30:00-04:00,2025-10-17 16:10:00-04:00,24948.5,25009.25,FORCE_CLOSE,60.75,11,-119.5,107.25,95.22413964273125,12,448.5,OOS,2025
2025-10-20,LONG,2025-10-20 10:10:00-04:00,2025-10-20 16:10:00-04:00,25249.0,25307.25,FORCE_CLOSE,58.25,18,-33.75,105.5,37.72741895787166,10,196.75,OOS,2025
2025-10-21,SHORT,2025-10-21 10:10:00-04:00,2025-10-21 10:50:00-04:00,25228.5,25259.5,SL_YELLOW,-31.0,2,-57.5,25.25,27.89732341555187,10,115.0,OOS,2025
2025-10-22,SHORT,2025-10-22 10:50:00-04:00,2025-10-22 12:50:00-04:00,25107.75,24928.096189076034,TP,179.65381092396638,6,-84.5,240.75,44.91345273099151,10,131.75,OOS,2025
2025-10-23,LONG,2025-10-23 10:50:00-04:00,2025-10-23 16:10:00-04:00,25194.75,25269.0,FORCE_CLOSE,74.25,16,-75.25,93.25,49.991829464209495,10,191.0,OOS,2025
2025-10-24,LONG,2025-10-24 12:30:00-04:00,2025-10-24 16:10:00-04:00,25536.75,25513.5,SL_YELLOW,-23.25,11,-39.25,34.0,44.71483314329973,12,247.25,OOS,2025
2025-10-27,LONG,2025-10-27 10:30:00-04:00,2025-10-27 16:10:00-04:00,25868.5,25979.68944747875,TP,111.18944747875139,17,-17.25,112.75,27.797361869687762,10,152.5,OOS,2025
2025-10-28,LONG,2025-10-28 12:30:00-04:00,2025-10-28 15:30:00-04:00,26092.75,26215.6083565133,TP,122.85835651330126,9,-17.0,138.0,30.714589128325567,12,120.5,OOS,2025
2025-10-30,SHORT,2025-10-30 10:50:00-04:00,2025-10-30 12:30:00-04:00,26055.75,26082.5,SL_YELLOW,-26.75,5,-41.25,90.5,68.05642535308391,10,319.5,OOS,2025
2025-10-31,SHORT,2025-10-31 10:10:00-04:00,2025-10-31 10:50:00-04:00,26095.25,26170.0,SL_YELLOW,-74.75,2,-86.75,35.25,38.16128528809576,10,146.75,OOS,2025
2025-11-04,SHORT,2025-11-04 13:50:00-05:00,2025-11-04 14:10:00-05:00,25635.0,25646.5,SL_YELLOW,-11.5,1,-53.25,0.75,61.66770896744079,13,459.5,OOS,2025
2025-11-05,LONG,2025-11-05 10:10:00-05:00,2025-11-05 16:10:00-05:00,25679.0,25729.0,FORCE_CLOSE,50.0,18,-64.0,201.0,56.34154520117316,10,314.0,OOS,2025
2025-11-06,SHORT,2025-11-06 10:30:00-05:00,2025-11-06 11:50:00-05:00,25505.75,25252.000196665544,TP,253.74980333445637,4,-8.0,283.0,63.43745083361428,10,205.0,OOS,2025
2025-11-07,SHORT,2025-11-07 10:10:00-05:00,2025-11-07 14:50:00-05:00,24970.25,25073.5,SL_YELLOW,-103.25,14,-133.75,261.0,73.55141403646007,10,293.0,OOS,2025
2025-11-10,LONG,2025-11-10 10:10:00-05:00,2025-11-10 11:10:00-05:00,25641.25,25511.5,SL_YELLOW,-129.75,3,-170.25,25.25,38.17751805952249,10,300.5,OOS,2025
2025-11-11,SHORT,2025-11-11 10:50:00-05:00,2025-11-11 12:50:00-05:00,25521.0,25592.0,SL_YELLOW,-71.0,6,-77.75,42.5,40.79000571163086,10,197.0,OOS,2025
2025-11-12,SHORT,2025-11-12 10:50:00-05:00,2025-11-12 16:10:00-05:00,25570.75,25642.25,SL_YELLOW,-71.5,16,-80.75,82.0,51.940828557859845,10,200.5,OOS,2025
2025-11-13,SHORT,2025-11-13 10:50:00-05:00,2025-11-13 16:10:00-05:00,25241.0,25152.25,FORCE_CLOSE,88.75,16,-36.75,238.5,76.28588951366841,10,286.5,OOS,2025
2025-11-14,LONG,2025-11-14 11:50:00-05:00,2025-11-14 13:50:00-05:00,25222.0,25108.5,SL_YELLOW,-113.5,6,-133.75,71.25,100.74971635273882,11,502.75,OOS,2025
2025-11-17,SHORT,2025-11-17 13:30:00-05:00,2025-11-17 13:50:00-05:00,24982.25,25012.0,SL_YELLOW,-29.75,1,-68.5,24.25,85.37005977969848,13,372.5,OOS,2025
2025-11-18,SHORT,2025-11-18 10:30:00-05:00,2025-11-18 11:30:00-05:00,24545.75,24647.25,SL_YELLOW,-101.5,3,-120.75,169.5,88.51012180881858,10,355.75,OOS,2025
2025-11-19,LONG,2025-11-19 10:10:00-05:00,2025-11-19 11:10:00-05:00,24922.5,24736.75,SL_YELLOW,-185.75,3,-209.25,65.5,68.6138256332051,10,288.25,OOS,2025
2025-11-20,SHORT,2025-11-20 11:50:00-05:00,2025-11-20 12:30:00-05:00,24747.0,24374.440873064148,TP,372.55912693585196,2,-56.0,393.25,93.1397817339634,11,309.5,OOS,2025
2025-11-21,LONG,2025-11-21 12:30:00-05:00,2025-11-21 13:10:00-05:00,24358.5,24271.25,SL_YELLOW,-87.25,2,-111.5,57.0,128.11650636615374,12,387.5,OOS,2025
2025-11-24,LONG,2025-11-24 10:10:00-05:00,2025-11-24 16:10:00-05:00,24710.25,24961.5,FORCE_CLOSE,251.25,18,-46.25,283.25,72.36351752704412,10,212.75,OOS,2025
2025-11-25,SHORT,2025-11-25 10:10:00-05:00,2025-11-25 11:30:00-05:00,24771.5,24854.25,SL_YELLOW,-82.75,4,-111.75,70.75,71.61629488698178,10,164.5,OOS,2025
2025-11-26,LONG,2025-11-26 11:30:00-05:00,2025-11-26 16:10:00-05:00,25323.25,25326.25,FORCE_CLOSE,3.0,14,-42.25,52.75,52.10103863202148,11,174.5,OOS,2025
2025-11-28,LONG,2025-11-28 11:10:00-05:00,2025-11-28 11:30:00-05:00,25434.75,25389.25,SL_YELLOW,-45.5,1,-67.25,1.5,29.478290132023503,11,97.25,OOS,2025
2025-12-02,LONG,2025-12-02 10:10:00-05:00,2025-12-02 11:30:00-05:00,25637.75,25459.75,SL_YELLOW,-178.0,4,-194.75,32.25,41.00754869652927,10,198.0,OOS,2025
2025-12-04,SHORT,2025-12-04 10:10:00-05:00,2025-12-04 11:50:00-05:00,25575.5,25617.25,SL_YELLOW,-41.75,5,-63.75,70.5,41.76580072178115,10,129.25,OOS,2025
2025-12-05,LONG,2025-12-05 10:30:00-05:00,2025-12-05 11:10:00-05:00,25837.5,25731.5,SL_YELLOW,-106.0,2,-121.25,23.75,40.44004256989907,10,176.0,OOS,2025
2025-12-08,SHORT,2025-12-08 11:10:00-05:00,2025-12-08 16:10:00-05:00,25653.5,25664.75,FORCE_CLOSE,-11.25,15,-42.75,88.75,39.39627645494218,11,132.75,OOS,2025
2025-12-10,LONG,2025-12-10 15:30:00-05:00,2025-12-10 16:10:00-05:00,25836.75,25777.5,FORCE_CLOSE,-59.25,2,-78.0,26.75,68.63197967998501,15,129.75,OOS,2025
2025-12-12,SHORT,2025-12-12 10:10:00-05:00,2025-12-12 11:10:00-05:00,25429.75,25242.159526914093,TP,187.59047308590743,3,-42.75,263.25,46.89761827147725,10,200.75,OOS,2025
2025-12-15,SHORT,2025-12-15 13:50:00-05:00,2025-12-15 14:10:00-05:00,25121.25,25157.25,SL_YELLOW,-36.0,1,-60.25,3.75,66.55740386510166,13,277.0,OOS,2025
2025-12-17,SHORT,2025-12-17 11:10:00-05:00,2025-12-17 16:10:00-05:00,24877.0,24745.75,FORCE_CLOSE,131.25,15,-16.5,222.5,66.25750388272148,11,239.75,OOS,2025
2025-12-18,LONG,2025-12-18 10:50:00-05:00,2025-12-18 12:10:00-05:00,25138.75,25019.25,SL_YELLOW,-119.5,4,-119.5,39.25,63.65363594454652,10,377.0,OOS,2025
2025-12-23,LONG,2025-12-23 11:50:00-05:00,2025-12-23 16:10:00-05:00,25757.5,25812.25,FORCE_CLOSE,54.75,13,-6.75,65.0,36.76717387816747,11,130.5,OOS,2025
2025-12-24,LONG,2025-12-24 11:30:00-05:00,2025-12-24 13:30:00-05:00,25853.5,25864.75,EOD,11.25,6,-3.0,38.5,19.33136997507668,11,54.25,OOS,2025
2025-12-31,SHORT,2025-12-31 15:10:00-05:00,2025-12-31 16:10:00-05:00,25503.25,25447.75,FORCE_CLOSE,55.5,3,-10.25,62.25,33.01460048974406,15,164.25,OOS,2025
2026-01-02,SHORT,2026-01-02 11:30:00-05:00,2026-01-02 16:10:00-05:00,25376.75,25400.75,FORCE_CLOSE,-24.0,14,-80.25,111.5,71.55075422236077,11,294.25,OOS,2026
2026-01-05,LONG,2026-01-05 10:30:00-05:00,2026-01-05 12:30:00-05:00,25673.0,25629.25,SL_YELLOW,-43.75,6,-57.75,35.0,44.55432457114263,10,240.5,OOS,2026
2026-01-06,LONG,2026-01-06 10:10:00-05:00,2026-01-06 11:10:00-05:00,25738.0,25674.25,SL_YELLOW,-63.75,3,-98.75,41.0,32.90918582266884,10,146.75,OOS,2026
2026-01-07,LONG,2026-01-07 10:10:00-05:00,2026-01-07 12:10:00-05:00,25856.5,25973.219540772305,TP,116.71954077230475,6,-45.75,131.75,29.17988519307643,10,117.75,OOS,2026
2026-01-08,SHORT,2026-01-08 11:10:00-05:00,2026-01-08 12:50:00-05:00,25643.0,25686.0,SL_YELLOW,-43.0,5,-46.5,59.25,51.90044260584793,11,179.75,OOS,2026
2026-01-09,LONG,2026-01-09 11:30:00-05:00,2026-01-09 16:10:00-05:00,25864.5,25936.25,FORCE_CLOSE,71.75,14,-19.5,121.0,67.12849702797305,11,197.25,OOS,2026
2026-01-12,LONG,2026-01-12 12:50:00-05:00,2026-01-12 16:10:00-05:00,25969.5,25957.25,SL_YELLOW,-12.25,10,-21.0,51.0,38.26774948016119,12,327.25,OOS,2026
2026-01-13,SHORT,2026-01-13 10:50:00-05:00,2026-01-13 11:10:00-05:00,25813.75,25901.25,SL_YELLOW,-87.5,1,-92.75,2.5,48.959013542972855,10,199.75,OOS,2026
2026-01-14,SHORT,2026-01-14 10:10:00-05:00,2026-01-14 16:10:00-05:00,25589.5,25624.5,FORCE_CLOSE,-35.0,18,-104.0,168.75,52.38192004960858,10,224.5,OOS,2026
2026-01-16,SHORT,2026-01-16 10:50:00-05:00,2026-01-16 11:30:00-05:00,25630.25,25716.25,SL_YELLOW,-86.0,2,-89.5,22.0,43.29185714962309,10,173.75,OOS,2026
2026-01-21,LONG,2026-01-21 10:30:00-05:00,2026-01-21 11:50:00-05:00,25379.5,25297.75,SL_YELLOW,-81.75,4,-110.5,114.75,62.6609079996841,10,233.0,OOS,2026
2026-01-23,LONG,2026-01-23 10:50:00-05:00,2026-01-23 12:50:00-05:00,25810.0,25728.0,SL_YELLOW,-82.0,6,-102.25,35.75,50.99755222398308,10,191.25,OOS,2026
2026-01-26,LONG,2026-01-26 10:10:00-05:00,2026-01-26 16:10:00-05:00,25823.25,25849.25,FORCE_CLOSE,26.0,18,-20.25,113.25,42.00187740309869,10,384.0,OOS,2026
2026-01-27,LONG,2026-01-27 11:10:00-05:00,2026-01-27 16:10:00-05:00,26090.75,26077.0,FORCE_CLOSE,-13.75,15,-52.75,23.5,33.699489636139695,11,204.5,OOS,2026
2026-01-29,SHORT,2026-01-29 10:10:00-05:00,2026-01-29 12:30:00-05:00,25785.25,25839.5,SL_YELLOW,-54.25,7,-67.0,249.25,64.86947927772653,10,210.5,OOS,2026
2026-01-30,SHORT,2026-01-30 15:30:00-05:00,2026-01-30 15:50:00-05:00,25596.0,25714.5,SL_YELLOW,-118.5,1,-120.25,5.0,87.0149706835999,15,370.25,OOS,2026
2026-02-02,LONG,2026-02-02 10:10:00-05:00,2026-02-02 16:10:00-05:00,25830.75,25892.25,FORCE_CLOSE,61.5,18,-27.75,118.75,65.24858625371476,10,465.5,OOS,2026
2026-02-03,SHORT,2026-02-03 10:10:00-05:00,2026-02-03 12:50:00-05:00,25604.25,25374.029105242706,TP,230.22089475729445,8,-27.25,259.25,57.555223689323256,10,161.25,OOS,2026
2026-02-04,SHORT,2026-02-04 10:30:00-05:00,2026-02-04 11:50:00-05:00,25248.5,24962.244383974165,TP,286.2556160258355,4,-22.5,308.25,71.56390400645863,10,189.25,OOS,2026
2026-02-05,SHORT,2026-02-05 10:30:00-05:00,2026-02-05 11:30:00-05:00,24577.75,24780.0,SL_YELLOW,-202.25,3,-205.75,34.5,113.58739119125352,10,461.5,OOS,2026
2026-02-06,LONG,2026-02-06 10:50:00-05:00,2026-02-06 16:10:00-05:00,24911.0,25131.5,FORCE_CLOSE,220.5,16,-91.25,311.0,91.6718272995803,10,633.5,OOS,2026
2026-02-09,LONG,2026-02-09 11:50:00-05:00,2026-02-09 13:30:00-05:00,25384.0,25342.75,SL_YELLOW,-41.25,5,-72.0,32.5,64.50355575630135,11,378.0,OOS,2026
2026-02-10,SHORT,2026-02-10 15:30:00-05:00,2026-02-10 16:10:00-05:00,25254.0,25232.0,FORCE_CLOSE,22.0,2,-14.5,55.75,48.99623017015185,15,143.0,OOS,2026
2026-02-11,SHORT,2026-02-11 10:50:00-05:00,2026-02-11 11:10:00-05:00,25144.25,25186.25,SL_YELLOW,-42.0,1,-127.25,11.0,75.66711716747854,10,305.75,OOS,2026
2026-02-12,SHORT,2026-02-12 11:10:00-05:00,2026-02-12 16:10:00-05:00,24962.25,24791.75,FORCE_CLOSE,170.5,15,-7.25,240.75,67.24650940003866,11,213.75,OOS,2026
2026-02-13,LONG,2026-02-13 12:10:00-05:00,2026-02-13 15:30:00-05:00,24911.5,24764.75,SL_YELLOW,-146.75,10,-156.75,84.0,99.08403108113474,12,244.25,OOS,2026
2026-02-16,SHORT,2026-02-16 10:50:00-05:00,2026-02-16 12:50:00-05:00,24715.0,24758.5,SL_YELLOW,-43.5,6,-50.5,44.25,39.969045868935986,10,167.75,OOS,2026
2026-02-18,LONG,2026-02-18 10:30:00-05:00,2026-02-18 14:50:00-05:00,25058.0,24927.0,SL_YELLOW,-131.0,13,-144.75,70.25,61.68418147411945,10,261.75,OOS,2026
2026-02-19,SHORT,2026-02-19 15:10:00-05:00,2026-02-19 15:50:00-05:00,24792.5,24832.75,SL_YELLOW,-40.25,2,-45.5,15.0,66.54191913052779,15,256.0,OOS,2026
2026-02-20,LONG,2026-02-20 11:10:00-05:00,2026-02-20 11:30:00-05:00,25105.5,24977.5,SL_YELLOW,-128.0,1,-130.0,14.0,88.63414631116795,11,288.0,OOS,2026
2026-02-23,SHORT,2026-02-23 11:30:00-05:00,2026-02-23 13:30:00-05:00,24778.0,24810.5,SL_YELLOW,-32.5,6,-42.25,100.5,67.4137397825401,11,252.5,OOS,2026
2026-02-24,LONG,2026-02-24 10:50:00-05:00,2026-02-24 16:10:00-05:00,25010.5,25009.0,FORCE_CLOSE,-1.5,16,-43.0,68.25,67.68422204792219,10,141.25,OOS,2026
2026-02-25,LONG,2026-02-25 10:10:00-05:00,2026-02-25 16:10:00-05:00,25318.0,25401.0,FORCE_CLOSE,83.0,18,-53.5,89.0,39.667345041128705,10,185.5,OOS,2026
2026-02-26,SHORT,2026-02-26 10:10:00-05:00,2026-02-26 10:30:00-05:00,25145.75,24980.504746700928,TP,165.24525329907192,1,-28.25,260.75,41.31131332476769,10,153.5,OOS,2026
2026-03-02,LONG,2026-03-02 11:10:00-05:00,2026-03-02 11:30:00-05:00,24977.75,24867.5,SL_YELLOW,-110.25,1,-125.75,13.5,81.96115989544052,11,424.25,OOS,2026
2026-03-04,LONG,2026-03-04 10:30:00-05:00,2026-03-04 16:10:00-05:00,25139.0,25141.0,FORCE_CLOSE,2.0,17,-102.25,78.75,86.33223764654726,10,431.25,OOS,2026
2026-03-05,SHORT,2026-03-05 12:50:00-05:00,2026-03-05 15:50:00-05:00,24813.25,24989.25,SL_YELLOW,-176.0,9,-186.25,40.75,91.50000555684456,12,287.25,OOS,2026
2026-03-09,LONG,2026-03-09 11:10:00-04:00,2026-03-09 15:30:00-04:00,24573.0,24941.934894834198,TP,368.9348948341976,13,-5.25,386.75,92.23372370854905,11,495.75,OOS,2026
2026-03-10,LONG,2026-03-10 13:30:00-04:00,2026-03-10 14:10:00-04:00,25212.75,25147.25,SL_YELLOW,-65.5,2,-110.5,0.0,71.50233299129322,13,320.5,OOS,2026
2026-03-12,SHORT,2026-03-12 10:50:00-04:00,2026-03-12 16:10:00-04:00,24615.25,24543.0,FORCE_CLOSE,72.25,16,-120.0,78.0,72.95010457193581,10,253.75,OOS,2026
2026-03-13,SHORT,2026-03-13 14:10:00-04:00,2026-03-13 14:30:00-04:00,24390.0,24411.5,SL_YELLOW,-21.5,1,-25.75,22.75,78.49644992726083,14,341.0,OOS,2026
2026-03-16,LONG,2026-03-16 10:10:00-04:00,2026-03-16 10:50:00-04:00,24739.5,24643.25,SL_YELLOW,-96.25,2,-109.5,25.0,45.104477745100475,10,410.75,OOS,2026
2026-03-17,LONG,2026-03-17 10:10:00-04:00,2026-03-17 11:10:00-04:00,24846.75,24803.5,SL_YELLOW,-43.25,3,-68.75,25.75,49.41976332251293,10,291.25,OOS,2026
2026-03-18,SHORT,2026-03-18 10:50:00-04:00,2026-03-18 11:10:00-04:00,24613.25,24712.0,SL_YELLOW,-98.75,1,-100.0,1.25,56.08486678634525,10,342.0,OOS,2026
2026-03-26,SHORT,2026-03-26 12:50:00-04:00,2026-03-26 16:10:00-04:00,23981.25,23793.25,FORCE_CLOSE,188.0,10,-36.75,218.0,64.39057762055559,12,352.25,OOS,2026
2026-03-27,SHORT,2026-03-27 10:30:00-04:00,2026-03-27 16:10:00-04:00,23477.0,23289.25,FORCE_CLOSE,187.75,17,-133.5,208.0,69.12538884479801,10,402.0,OOS,2026
2026-03-30,SHORT,2026-03-30 15:30:00-04:00,2026-03-30 15:50:00-04:00,23036.75,23099.75,SL_YELLOW,-63.0,1,-76.0,11.75,68.39003982117107,15,481.0,OOS,2026
2026-03-31,LONG,2026-03-31 10:10:00-04:00,2026-03-31 12:50:00-04:00,23503.25,23778.245222297883,TP,274.9952222978827,8,-126.75,354.0,68.74880557447094,10,477.75,OOS,2026
2026-04-01,LONG,2026-04-01 11:30:00-04:00,2026-04-01 14:10:00-04:00,24250.0,24233.5,SL_YELLOW,-16.5,8,-34.75,98.25,67.54622536123149,11,366.0,OOS,2026
2026-04-07,SHORT,2026-04-07 10:30:00-04:00,2026-04-07 12:10:00-04:00,24107.5,24144.75,SL_YELLOW,-37.25,5,-130.0,166.0,83.61418313599937,10,289.0,OOS,2026
2026-04-09,LONG,2026-04-09 12:10:00-04:00,2026-04-09 16:10:00-04:00,25226.25,25234.25,FORCE_CLOSE,8.0,12,-81.25,43.5,57.14549725325791,12,129.75,OOS,2026
2026-04-13,LONG,2026-04-13 10:10:00-04:00,2026-04-13 16:10:00-04:00,25310.0,25486.92175871392,TP,176.921758713921,18,-64.5,247.75,44.230439678479875,10,313.0,OOS,2026
2026-04-14,LONG,2026-04-14 10:10:00-04:00,2026-04-14 12:10:00-04:00,25758.75,25895.441072893806,TP,136.69107289380554,6,-14.75,141.0,34.17276822345099,10,163.0,OOS,2026
2026-04-15,LONG,2026-04-15 10:30:00-04:00,2026-04-15 15:10:00-04:00,26133.25,26291.355124171274,TP,158.10512417127393,14,-31.0,190.0,39.526281042818525,10,124.25,OOS,2026
2026-04-16,LONG,2026-04-16 12:30:00-04:00,2026-04-16 13:10:00-04:00,26517.75,26467.75,SL_YELLOW,-50.0,2,-87.25,5.25,52.182947609902996,12,143.0,OOS,2026
2026-04-17,LONG,2026-04-17 11:10:00-04:00,2026-04-17 13:30:00-04:00,26844.0,26771.75,SL_YELLOW,-72.25,7,-108.5,40.75,53.915073384188354,11,377.75,OOS,2026
2026-04-21,SHORT,2026-04-21 11:30:00-04:00,2026-04-21 15:30:00-04:00,26723.75,26777.25,SL_YELLOW,-53.5,12,-59.0,123.75,53.88330001365463,11,145.25,OOS,2026
2026-04-22,LONG,2026-04-22 10:50:00-04:00,2026-04-22 16:10:00-04:00,26978.75,27125.25,FORCE_CLOSE,146.5,16,-38.5,157.25,49.025969327468374,10,172.75,OOS,2026
2026-04-23,LONG,2026-04-23 11:30:00-04:00,2026-04-23 11:50:00-04:00,27131.25,27091.75,SL_YELLOW,-39.5,1,-49.25,24.5,57.471985687884526,11,251.75,OOS,2026
2026-04-24,LONG,2026-04-24 12:10:00-04:00,2026-04-24 16:10:00-04:00,27370.0,27416.0,FORCE_CLOSE,46.0,12,-7.0,92.5,63.95372852769015,12,371.75,OOS,2026
2026-04-29,SHORT,2026-04-29 10:10:00-04:00,2026-04-29 10:30:00-04:00,27188.25,27269.0,SL_YELLOW,-80.75,1,-88.75,9.5,41.27056621926959,10,125.5,OOS,2026
2026-05-01,LONG,2026-05-01 10:10:00-04:00,2026-05-01 16:10:00-04:00,27879.0,27826.5,FORCE_CLOSE,-52.5,18,-128.0,38.0,48.86319958173218,10,138.25,OOS,2026
2026-05-05,LONG,2026-05-05 10:10:00-04:00,2026-05-05 16:10:00-04:00,28101.0,28149.0,FORCE_CLOSE,48.0,18,-69.25,87.25,39.71798757350447,10,276.75,OOS,2026
2026-05-06,LONG,2026-05-06 14:50:00-04:00,2026-05-06 16:10:00-04:00,28638.5,28759.25,FORCE_CLOSE,120.75,4,-4.75,121.75,53.910550990660255,14,391.25,OOS,2026
2026-05-07,LONG,2026-05-07 10:30:00-04:00,2026-05-07 12:10:00-04:00,28874.0,28746.75,SL_YELLOW,-127.25,5,-155.0,70.75,45.144476378744805,10,177.5,OOS,2026
2026-05-08,LONG,2026-05-08 10:10:00-04:00,2026-05-08 16:10:00-04:00,29109.5,29319.00431926647,TP,209.5043192664707,18,-36.0,277.25,52.37607981661728,10,435.0,OOS,2026
2026-05-11,LONG,2026-05-11 11:30:00-04:00,2026-05-11 15:30:00-04:00,29427.0,29382.0,SL_YELLOW,-45.0,12,-58.0,53.0,62.68002806532994,11,174.0,OOS,2026
2026-05-12,SHORT,2026-05-12 10:50:00-04:00,2026-05-12 13:10:00-04:00,29042.0,28751.61727519112,TP,290.38272480887827,7,-32.5,300.0,72.59568120222,10,342.75,OOS,2026
2026-05-13,LONG,2026-05-13 13:30:00-04:00,2026-05-13 16:10:00-04:00,29487.25,29506.5,FORCE_CLOSE,19.25,8,-45.75,78.25,68.29243159592336,13,391.5,OOS,2026
2026-05-14,LONG,2026-05-14 11:10:00-04:00,2026-05-14 13:10:00-04:00,29718.25,29688.0,SL_YELLOW,-30.25,6,-31.75,63.75,73.4975967119532,11,244.75,OOS,2026
2026-05-18,SHORT,2026-05-18 14:50:00-04:00,2026-05-18 15:10:00-04:00,28835.0,28967.5,SL_YELLOW,-132.5,1,-235.25,20.25,109.83633991613142,14,493.75,OOS,2026
2026-05-19,SHORT,2026-05-19 10:30:00-04:00,2026-05-19 11:50:00-04:00,28711.75,28853.25,SL_YELLOW,-141.5,4,-166.0,36.75,98.46413479192235,10,385.75,OOS,2026
2026-05-20,LONG,2026-05-20 10:50:00-04:00,2026-05-20 16:10:00-04:00,29197.75,29363.0,FORCE_CLOSE,165.25,16,-9.25,199.75,76.33074596718305,10,372.0,OOS,2026
2026-05-21,LONG,2026-05-21 14:10:00-04:00,2026-05-21 14:30:00-04:00,29484.75,29459.0,SL_YELLOW,-25.75,1,-56.75,5.0,91.33107217441666,14,351.5,OOS,2026
2026-05-22,LONG,2026-05-22 11:30:00-04:00,2026-05-22 11:50:00-04:00,29708.5,29663.0,SL_YELLOW,-45.5,1,-48.5,5.25,66.46339777599815,11,229.25,OOS,2026
2026-05-26,LONG,2026-05-26 10:30:00-04:00,2026-05-26 11:50:00-04:00,30067.75,29947.0,SL_YELLOW,-120.75,4,-127.75,51.0,52.40834480623853,10,233.0,OOS,2026
2026-05-27,SHORT,2026-05-27 10:10:00-04:00,2026-05-27 12:50:00-04:00,30022.25,30046.5,SL_YELLOW,-24.25,8,-35.0,144.75,64.80978533255998,10,350.5,OOS,2026
2026-05-28,LONG,2026-05-28 10:50:00-04:00,2026-05-28 16:10:00-04:00,30142.25,30323.75,FORCE_CLOSE,181.5,16,-1.25,202.25,71.63673062959482,10,373.25,OOS,2026
2026-05-29,LONG,2026-05-29 10:10:00-04:00,2026-05-29 10:50:00-04:00,30476.25,30301.75,SL_YELLOW,-174.5,2,-206.25,26.0,43.245853400611026,10,168.0,OOS,2026
2026-06-01,LONG,2026-06-01 13:50:00-04:00,2026-06-01 15:50:00-04:00,30673.25,30572.25,SL_YELLOW,-101.0,6,-102.5,19.0,66.39826131409068,13,303.75,OOS,2026
2026-06-02,LONG,2026-06-02 11:10:00-04:00,2026-06-02 16:10:00-04:00,30653.75,30742.0,FORCE_CLOSE,88.25,15,-55.25,109.5,55.163366361072214,11,268.25,OOS,2026
2026-06-04,LONG,2026-06-04 14:30:00-04:00,2026-06-04 15:50:00-04:00,30586.25,30539.0,SL_YELLOW,-47.25,4,-59.75,17.0,65.5575110498697,14,380.25,OOS,2026
2026-06-05,SHORT,2026-06-05 10:10:00-04:00,2026-06-05 12:30:00-04:00,29851.75,29550.202180179927,TP,301.5478198200726,7,-90.75,315.75,75.38695495501835,10,409.0,OOS,2026
2026-06-08,LONG,2026-06-08 11:10:00-04:00,2026-06-08 12:30:00-04:00,29725.25,29584.75,SL_YELLOW,-140.5,4,-166.25,17.75,107.39220166412547,11,631.5,OOS,2026
2026-06-09,SHORT,2026-06-09 11:10:00-04:00,2026-06-09 12:10:00-04:00,29269.0,28808.302231410707,TP,460.69776858929254,3,-33.0,694.0,115.17444214732333,11,443.75,OOS,2026
2026-06-10,SHORT,2026-06-10 15:50:00-04:00,2026-06-10 16:10:00-04:00,28596.0,28472.0,FORCE_CLOSE,124.0,1,-67.5,163.0,142.6100689498545,15,559.0,OOS,2026
2026-06-11,LONG,2026-06-11 13:50:00-04:00,2026-06-11 16:10:00-04:00,29200.0,29491.25,FORCE_CLOSE,291.25,7,-131.5,344.25,156.62511898171195,13,670.25,OOS,2026
2026-06-12,LONG,2026-06-12 13:30:00-04:00,2026-06-12 14:10:00-04:00,29721.0,29653.5,SL_YELLOW,-67.5,2,-93.25,9.0,143.35033511709946,13,415.0,OOS,2026
2026-06-15,LONG,2026-06-15 10:10:00-04:00,2026-06-15 16:10:00-04:00,30731.25,30872.5,FORCE_CLOSE,141.25,18,-60.0,183.75,58.36135437034579,10,451.0,OOS,2026
2026-06-16,SHORT,2026-06-16 10:50:00-04:00,2026-06-16 15:30:00-04:00,30629.0,30352.349445105665,TP,276.6505548943351,14,-46.25,292.25,69.16263872358334,10,220.5,OOS,2026
2026-06-17,SHORT,2026-06-17 14:30:00-04:00,2026-06-17 14:50:00-04:00,30241.75,30452.5,SL_YELLOW,-210.75,1,-278.25,32.25,104.35352746056861,14,277.5,OOS,2026
2026-06-18,LONG,2026-06-18 11:10:00-04:00,2026-06-18 11:30:00-04:00,30636.25,30583.5,SL_YELLOW,-52.75,1,-69.5,39.5,93.37080428250725,11,523.75,OOS,2026
