entry_time,exit_time,entry,exit,atr_entry,sl_pts,tp_pts,reason,pnl_pts,pnl_$_per_NQ_contract
2020-12-01 19:00:00-05:00,2020-12-01 21:00:00-05:00,12442.75,12411.863971066712,24.70882314663027,30.886028933287836,37.063234719945406,SL,-30.88602893328789,-617.7205786657578
2020-12-02 19:00:00-05:00,2020-12-02 22:00:00-05:00,12467.5,12496.940561019204,19.627040679469964,24.533800849337453,29.440561019204946,TP,29.440561019204324,588.8112203840865
2020-12-03 19:00:00-05:00,2020-12-04 03:00:00-05:00,12485.5,12515.406282951275,19.93752196751642,24.921902459395525,29.906282951274633,TP,29.90628295127499,598.1256590254998
2020-12-07 19:00:00-05:00,2020-12-08 03:40:00-05:00,12566.5,12590.455030265786,15.970020177190516,19.962525221488146,23.955030265785773,TP,23.955030265786263,479.10060531572526
2020-12-08 19:00:00-05:00,2020-12-08 20:20:00-05:00,12659.75,12639.175603346828,16.459517322537028,20.574396653171284,24.689275983805544,SL,-20.57439665317179,-411.4879330634358
2020-12-09 19:00:00-05:00,2020-12-09 22:20:00-05:00,12365.75,12328.635623933038,29.691500853569405,37.11437606696175,44.537251280354106,SL,-37.114376066961995,-742.2875213392399
2020-12-10 19:00:00-05:00,2020-12-10 21:20:00-05:00,12406.0,12373.321199656873,26.143040274500773,32.678800343125964,39.21456041175116,SL,-32.67880034312657,-653.5760068625314
2020-12-13 19:00:00-05:00,2020-12-14 06:40:00-05:00,12412.25,12448.122328133088,23.914885422058582,29.893606777573225,35.872328133087876,TP,35.87232813308765,717.446562661753
2020-12-14 19:00:00-05:00,2020-12-14 21:20:00-05:00,12476.5,12448.368268930823,22.50538485534228,28.131731069177853,33.75807728301342,SL,-28.131731069177476,-562.6346213835495
2020-12-15 19:00:00-05:00,2020-12-15 21:40:00-05:00,12588.5,12612.248628895311,15.832419263540713,19.79052407942589,23.748628895311068,TP,23.748628895311413,474.97257790622825
2020-12-16 19:00:00-05:00,2020-12-16 23:20:00-05:00,12677.75,12705.068437563463,18.212291708974742,22.76536463621843,27.318437563462112,TP,27.318437563462794,546.3687512692559
2020-12-17 19:00:00-05:00,2020-12-17 20:40:00-05:00,12745.25,12727.02916585872,14.576667313024528,18.22083414128066,21.86500096953679,SL,-18.220834141280648,-364.41668282561295
2020-12-20 19:00:00-05:00,2020-12-21 02:20:00-05:00,12739.0,12703.56770678578,28.345834571375917,35.4322932142199,42.518751857063876,SL,-35.43229321422041,-708.6458642844082
2020-12-21 19:00:00-05:00,2020-12-22 00:00:00-05:00,12703.25,12669.82984978824,26.736120169407105,33.42015021175888,40.10418025411066,SL,-33.42015021175939,-668.4030042351878
2020-12-22 19:00:00-05:00,2020-12-22 19:20:00-05:00,12714.5,12688.468819915142,20.82494406788641,26.03118008485801,31.237416101829616,SL,-26.031180084857624,-520.6236016971525
2020-12-23 19:00:00-05:00,2020-12-24 08:00:00-05:00,12653.5,12666.75,17.61955827723891,22.024447846548636,26.429337415858363,Force,13.25,265.0
2020-12-27 19:00:00-05:00,2020-12-27 20:20:00-05:00,12731.5,12761.683265113847,20.12217674256391,25.152720928204886,30.183265113845863,TP,30.183265113846574,603.6653022769315
2020-12-28 19:00:00-05:00,2020-12-29 00:20:00-05:00,12859.25,12876.455616321373,11.470410880914768,14.33801360114346,17.20561632137215,TP,17.205616321372872,344.11232642745745
2020-12-29 19:00:00-05:00,2020-12-29 21:40:00-05:00,12836.0,12863.511928728623,18.341285819081676,22.926607273852095,27.511928728622514,TP,27.51192872862339,550.2385745724678
2020-12-30 19:00:00-05:00,2020-12-30 23:00:00-05:00,12854.25,12836.758265505623,13.993387595501398,17.491734494376747,20.990081393252098,SL,-17.491734494376942,-349.83468988753884
2021-01-03 19:00:00-05:00,2021-01-03 22:20:00-05:00,12845.25,12871.545784044003,17.53052269600203,21.91315337000254,26.295784044003046,TP,26.295784044003085,525.9156808800617
2021-01-04 19:00:00-05:00,2021-01-05 02:40:00-05:00,12683.0,12642.971148647575,32.023081081939345,40.028851352424184,48.034621622909015,SL,-40.02885135242468,-800.5770270484936
2021-01-05 19:00:00-05:00,2021-01-05 19:20:00-05:00,12801.0,12835.751365817847,23.167577211897683,28.959471514872103,34.751365817846526,TP,34.75136581784682,695.0273163569364
2021-01-06 19:00:00-05:00,2021-01-06 20:20:00-05:00,12666.0,12722.858136640672,37.90542442711535,47.38178053389419,56.858136640673024,TP,56.858136640672456,1137.162732813449
2021-01-07 19:00:00-05:00,2021-01-07 21:00:00-05:00,12946.75,12977.16769006988,20.278460046587195,25.348075058233995,30.41769006988079,TP,30.417690069880337,608.3538013976067
2021-01-10 19:00:00-05:00,2021-01-10 21:00:00-05:00,13072.5,13038.563579062202,27.149136750238664,33.93642093779833,40.723705125357995,SL,-33.936420937798175,-678.7284187559635
2021-01-11 19:00:00-05:00,2021-01-11 23:40:00-05:00,12926.25,12893.614387457814,26.10849003374834,32.63561254218543,39.16273505062251,SL,-32.63561254218621,-652.7122508437242
2021-01-12 19:00:00-05:00,2021-01-12 22:40:00-05:00,12895.5,12932.485747700444,24.657165133630084,30.821456417037606,36.985747700445124,TP,36.985747700444335,739.7149540088867
2021-01-13 19:00:00-05:00,2021-01-13 22:20:00-05:00,12992.5,12967.028152026303,20.37747837895675,25.471847973695937,30.56621756843512,SL,-25.47184797369664,-509.4369594739328
2021-01-14 19:00:00-05:00,2021-01-14 19:40:00-05:00,12914.75,12887.368433960704,21.905252831436957,27.381566039296196,32.85787924715544,SL,-27.38156603929565,-547.631320785913
2021-01-17 19:00:00-05:00,2021-01-18 06:00:00-05:00,12749.25,12793.82379152492,29.71586101661307,37.14482627076634,44.5737915249196,TP,44.573791524919216,891.4758304983843
2021-01-18 19:00:00-05:00,2021-01-18 19:40:00-05:00,12844.5,12861.68878419869,11.459189465793827,14.323986832242284,17.18878419869074,TP,17.188784198689973,343.77568397379946
2021-01-19 19:00:00-05:00,2021-01-20 01:40:00-05:00,13039.0,13068.716316252485,19.810877501656343,24.763596877070427,29.716316252484514,TP,29.71631625248483,594.3263250496966
2021-01-20 19:00:00-05:00,2021-01-20 19:40:00-05:00,13310.0,13338.929607070837,19.286404713891276,24.108005892364094,28.929607070836916,TP,28.929607070836937,578.5921414167387
2021-01-21 19:00:00-05:00,2021-01-21 19:40:00-05:00,13389.75,13366.3369210942,18.730463124640497,23.41307890580062,28.095694686960748,SL,-23.41307890579992,-468.2615781159984
2021-01-24 19:00:00-05:00,2021-01-24 19:20:00-05:00,13401.5,13425.294248965198,15.862832643464648,19.82854080433081,23.79424896519697,TP,23.794248965197767,475.88497930395533
2021-01-25 19:00:00-05:00,2021-01-25 23:20:00-05:00,13460.0,13420.083046745598,31.933562603522283,39.916953254402856,47.90034390528342,SL,-39.91695325440196,-798.3390650880392
2021-01-26 19:00:00-05:00,2021-01-27 05:40:00-05:00,13558.75,13524.350944618865,27.519244304907136,34.39905538113392,41.27886645736071,SL,-34.39905538113453,-687.9811076226906
2021-01-27 19:00:00-05:00,2021-01-27 20:40:00-05:00,12999.5,13103.543532354934,69.362354903289,86.70294362911125,104.0435323549335,TP,104.04353235493363,2080.8706470986726
2021-01-28 19:00:00-05:00,2021-01-28 20:40:00-05:00,13154.5,13097.425856336247,45.65931493100271,57.07414366375339,68.48897239650407,SL,-57.07414366375269,-1141.4828732750539
2021-01-31 19:00:00-05:00,2021-01-31 22:20:00-05:00,12824.75,12913.333261827656,59.05550788510467,73.81938485638084,88.583261827657,TP,88.58326182765632,1771.6652365531263
2021-02-01 19:00:00-05:00,2021-02-01 20:00:00-05:00,13244.25,13290.796659687268,31.031106458178726,38.78888307272341,46.54665968726809,TP,46.5466596872684,930.933193745368
2021-02-02 19:00:00-05:00,2021-02-02 19:40:00-05:00,13488.0,13529.968476015873,27.978984010581264,34.97373001322658,41.9684760158719,TP,41.96847601587251,839.3695203174502
2021-02-03 19:00:00-05:00,2021-02-03 22:20:00-05:00,13440.25,13410.701022741747,23.639181806601965,29.548977258252457,35.458772709902945,SL,-29.548977258253217,-590.9795451650643
2021-02-04 19:00:00-05:00,2021-02-04 21:00:00-05:00,13550.0,13577.500529568199,18.333686378799026,22.917107973498783,27.500529568198537,TP,27.500529568198544,550.0105913639709
2021-02-07 19:00:00-05:00,2021-02-07 20:00:00-05:00,13640.25,13671.832036935552,21.054691290367327,26.31836411295916,31.58203693555099,TP,31.582036935551514,631.6407387110303
2021-02-08 19:00:00-05:00,2021-02-09 08:00:00-05:00,13671.0,13661.25,16.20378056263671,20.254725703295886,24.305670843955063,Force,-9.75,-195.0
2021-02-09 19:00:00-05:00,2021-02-09 20:00:00-05:00,13683.25,13706.609043983892,15.572695989261327,19.465869986576656,23.35904398389199,TP,23.359043983891752,467.18087967783504
2021-02-10 19:00:00-05:00,2021-02-11 03:00:00-05:00,13638.0,13675.573569266116,25.049046177410396,31.311307721762994,37.5735692661156,TP,37.573569266116465,751.4713853223293
2021-02-11 19:00:00-05:00,2021-02-11 21:40:00-05:00,13732.75,13704.494903808549,22.60407695316026,28.255096191450324,33.90611542974039,SL,-28.25509619145123,-565.1019238290246
2021-02-14 19:00:00-05:00,2021-02-15 08:00:00-05:00,13846.0,13842.0,18.056665491794302,22.57083186474288,27.08499823769145,Force,-4.0,-80.0
2021-02-15 19:00:00-05:00,2021-02-15 19:20:00-05:00,13867.0,13878.821149634825,7.880766423216686,9.850958029020857,11.82114963482503,TP,11.821149634824906,236.4229926964981
2021-02-16 19:00:00-05:00,2021-02-16 21:40:00-05:00,13717.25,13752.824981770373,23.71665451358194,29.645818141977426,35.57498177037291,TP,35.57498177037269,711.4996354074538
2021-02-17 19:00:00-05:00,2021-02-17 20:20:00-05:00,13711.25,13679.704130018717,25.236695985026333,31.545869981282916,37.8550439775395,SL,-31.54586998128252,-630.9173996256504
2021-02-18 19:00:00-05:00,2021-02-18 20:20:00-05:00,13617.75,13586.960035193419,24.63197184526491,30.78996480658114,36.947957767897364,SL,-30.789964806581338,-615.7992961316268
2021-02-21 19:00:00-05:00,2021-02-21 21:20:00-05:00,13599.0,13564.016790885467,27.986567291626248,34.98320911453281,41.97985093743937,SL,-34.983209114532656,-699.6641822906531
2021-02-22 19:00:00-05:00,2021-02-22 20:20:00-05:00,13214.25,13261.513090735292,31.50872715686137,39.38590894607671,47.26309073529205,TP,47.26309073529228,945.2618147058456
2021-02-23 19:00:00-05:00,2021-02-23 20:40:00-05:00,13162.5,13241.156523673402,52.43768244893454,65.54710306116817,78.65652367340181,TP,78.65652367340226,1573.1304734680452
2021-02-24 19:00:00-05:00,2021-02-25 03:00:00-05:00,13319.5,13271.39369230859,38.485046153128565,48.106307691410706,57.72756922969285,SL,-48.10630769141062,-962.1261538282124
2021-02-25 19:00:00-05:00,2021-02-25 21:20:00-05:00,12726.25,12833.115877134771,71.24391808984767,89.05489761230959,106.8658771347715,TP,106.86587713477093,2137.3175426954185
2021-02-28 19:00:00-05:00,2021-03-01 02:00:00-05:00,13013.25,13109.183971382301,63.955980921533495,79.94497615191688,95.93397138230024,TP,95.93397138230102,1918.6794276460205
2021-03-01 19:00:00-05:00,2021-03-01 20:20:00-05:00,13316.5,13283.770354260714,26.18371659142909,32.72964573928636,39.275574887143634,SL,-32.72964573928584,-654.5929147857169
2021-03-02 19:00:00-05:00,2021-03-02 22:00:00-05:00,13091.5,13140.169691535402,32.446461023601366,40.558076279501705,48.66969153540205,TP,48.66969153540231,973.3938307080462
2021-03-03 19:00:00-05:00,2021-03-03 22:40:00-05:00,12622.75,12566.176713502058,45.25862919835332,56.57328649794165,67.88794379752997,SL,-56.57328649794181,-1131.4657299588362
2021-03-04 19:00:00-05:00,2021-03-05 07:20:00-05:00,12379.25,12485.680759200397,70.95383946693153,88.69229933366441,106.43075920039729,TP,106.430759200397,2128.61518400794
2021-03-07 19:00:00-05:00,2021-03-07 21:40:00-05:00,12618.0,12536.038642762614,65.56908578990893,81.96135723738615,98.3536286848634,SL,-81.96135723738553,-1639.2271447477106
2021-03-08 19:00:00-05:00,2021-03-08 22:20:00-05:00,12374.5,12452.964264186636,52.30950945775748,65.38688682219684,78.46426418663621,TP,78.46426418663577,1569.2852837327155
2021-03-09 19:00:00-05:00,2021-03-09 20:20:00-05:00,12791.75,12750.616180564426,32.90705554845912,41.1338194355739,49.36058332268868,SL,-41.13381943557397,-822.6763887114794
2021-03-10 19:00:00-05:00,2021-03-10 21:20:00-05:00,12762.5,12826.238990425056,42.49266028337081,53.11582535421351,63.738990425056215,TP,63.73899042505582,1274.7798085011163
2021-03-11 19:00:00-05:00,2021-03-11 21:20:00-05:00,13067.0,13033.724207662926,26.620633869658818,33.275792337073526,39.930950804488226,SL,-33.27579233707365,-665.5158467414731
2021-03-14 19:00:00-04:00,2021-03-14 21:00:00-04:00,12947.5,12992.076850633333,29.717900422222502,37.14737552777813,44.576850633333756,TP,44.57685063333338,891.5370126666676
2021-03-15 19:00:00-04:00,2021-03-15 21:40:00-04:00,13068.75,13104.958328608023,24.138885738682408,30.17360717335301,36.20832860802361,TP,36.208328608023294,724.1665721604659
2021-03-16 19:00:00-04:00,2021-03-16 20:00:00-04:00,13163.75,13128.399301485719,28.280558811424594,35.350698514280744,42.42083821713689,SL,-35.35069851428125,-707.013970285625
2021-03-17 19:00:00-04:00,2021-03-17 20:00:00-04:00,13188.75,13245.548060846397,37.86537389759742,47.331717371996774,56.79806084639613,TP,56.798060846396766,1135.9612169279353
2021-03-18 19:00:00-04:00,2021-03-19 02:00:00-04:00,12784.25,12735.785614974386,38.77150802049109,48.464385025613865,58.15726203073663,SL,-48.46438502561432,-969.2877005122864
2021-03-21 19:00:00-04:00,2021-03-21 21:40:00-04:00,12852.25,12900.077744998038,31.885163332025574,39.85645416503197,47.82774499803836,TP,47.827744998037815,956.5548999607563
2021-03-22 19:00:00-04:00,2021-03-22 21:00:00-04:00,13076.75,13049.586245261367,21.731003790906176,27.16375473863272,32.596505686359265,SL,-27.163754738632633,-543.2750947726527
2021-03-23 19:00:00-04:00,2021-03-23 21:00:00-04:00,13020.0,13066.53071065759,31.020473771725992,38.77559221465749,46.53071065758899,TP,46.530710657589225,930.6142131517845
2021-03-24 19:00:00-04:00,2021-03-24 21:20:00-04:00,12810.0,12770.726400264144,31.418879788685118,39.27359973585639,47.12831968302768,SL,-39.273599735855896,-785.4719947171179
2021-03-25 19:00:00-04:00,2021-03-26 01:20:00-04:00,12801.0,12856.958135173534,37.30542344902306,46.63177931127883,55.958135173534586,TP,55.958135173534174,1119.1627034706835
2021-03-28 19:00:00-04:00,2021-03-28 20:20:00-04:00,12936.75,12892.172920298628,35.66166376109763,44.577079701372035,53.49249564164644,SL,-44.577079701371986,-891.5415940274397
2021-03-29 19:00:00-04:00,2021-03-29 21:00:00-04:00,12972.25,12931.692014109627,32.44638871229906,40.55798589037383,48.66958306844859,SL,-40.55798589037295,-811.159717807459
2021-03-30 19:00:00-04:00,2021-03-30 21:00:00-04:00,12877.25,12919.314676001755,28.043117334503503,35.053896668129376,42.06467600175525,TP,42.06467600175529,841.2935200351058
2021-03-31 19:00:00-04:00,2021-04-01 01:40:00-04:00,13107.75,13140.546164440299,21.864109626865556,27.330137033581945,32.796164440298334,TP,32.796164440298526,655.9232888059705
2021-04-01 19:00:00-04:00,2021-04-01 20:00:00-04:00,13332.5,13357.134543692222,16.423029128147718,20.528786410184647,24.634543692221577,TP,24.634543692221996,492.6908738444399
2021-04-04 19:00:00-04:00,2021-04-04 19:40:00-04:00,13326.75,13350.310829182963,15.7072194553084,19.6340243191355,23.5608291829626,TP,23.56082918296306,471.21658365926123
2021-04-05 19:00:00-04:00,2021-04-05 21:00:00-04:00,13619.0,13595.676867260789,18.658506191369586,23.32313273921198,27.98775928705438,SL,-23.32313273921136,-466.4626547842272
2021-04-06 19:00:00-04:00,2021-04-06 21:40:00-04:00,13591.5,13566.62712174175,19.898302606599742,24.872878258249678,29.847453909899613,SL,-24.87287825824933,-497.4575651649866
2021-04-07 19:00:00-04:00,2021-04-07 19:20:00-04:00,13618.0,13647.522482941315,19.681655294209673,24.602069117762092,29.522482941314507,TP,29.522482941314593,590.4496588262919
2021-04-08 19:00:00-04:00,2021-04-08 20:00:00-04:00,13785.5,13811.22205636965,17.148037579766335,21.43504697470792,25.7220563696495,TP,25.72205636965009,514.4411273930018
2021-04-11 19:00:00-04:00,2021-04-11 20:00:00-04:00,13800.0,13771.79153258439,22.56677393248817,28.208467415610215,33.850160898732256,SL,-28.208467415610357,-564.1693483122071
2021-04-12 19:00:00-04:00,2021-04-13 00:40:00-04:00,13811.25,13789.111510129092,17.710791896726583,22.13848987090823,26.566187845089875,SL,-22.138489870907506,-442.7697974181501
2021-04-13 19:00:00-04:00,2021-04-14 03:20:00-04:00,13966.0,13990.179779222011,16.119852814674655,20.14981601834332,24.17977922201198,TP,24.179779222011348,483.59558444022696
2021-04-14 19:00:00-04:00,2021-04-14 21:40:00-04:00,13823.75,13793.338267889669,24.329385688264875,30.411732110331094,36.49407853239731,SL,-30.411732110331286,-608.2346422066257
2021-04-15 19:00:00-04:00,2021-04-15 20:40:00-04:00,14009.25,13985.384698733522,19.092241013182154,23.865301266477694,28.63836151977323,SL,-23.865301266478127,-477.30602532956254
2021-04-18 19:00:00-04:00,2021-04-18 20:00:00-04:00,14002.0,13979.305678220799,18.155457423360883,22.694321779201104,27.233186135041322,SL,-22.694321779201346,-453.8864355840269
2021-04-19 19:00:00-04:00,2021-04-20 05:20:00-04:00,13905.75,13875.994122567472,23.804701946021773,29.755877432527214,35.70705291903266,SL,-29.755877432527996,-595.1175486505599
2021-04-20 19:00:00-04:00,2021-04-20 22:00:00-04:00,13745.0,13710.465425767103,27.627659386317685,34.53457423289711,41.441489079476526,SL,-34.534574232897285,-690.6914846579457
2021-04-21 19:00:00-04:00,2021-04-22 02:00:00-04:00,13894.0,13923.313843003172,19.54256200211534,24.428202502644176,29.31384300317301,TP,29.313843003172224,586.2768600634445
2021-04-22 19:00:00-04:00,2021-04-23 08:00:00-04:00,13768.25,13769.25,29.16942187010372,36.46177733762965,43.75413280515558,Force,1.0,20.0
2021-04-25 19:00:00-04:00,2021-04-26 04:20:00-04:00,13924.0,13901.87270486767,17.701836105864366,22.12729513233046,26.55275415879655,SL,-22.12729513232989,-442.5459026465978
2021-04-26 19:00:00-04:00,2021-04-27 01:20:00-04:00,14016.75,14040.733210859706,15.988807239803856,19.98600904975482,23.983210859705785,TP,23.98321085970565,479.664217194113
2021-04-27 19:00:00-04:00,2021-04-28 03:00:00-04:00,13970.0,13950.55243094567,15.558055243464146,19.44756905433018,23.33708286519622,SL,-19.447569054329506,-388.9513810865901
2021-04-28 19:00:00-04:00,2021-04-28 21:00:00-04:00,13962.0,14002.253639101544,26.835759401029666,33.544699251287085,40.2536391015445,TP,40.25363910154374,805.0727820308748
2021-04-29 19:00:00-04:00,2021-04-29 20:00:00-04:00,13928.0,13899.647056959195,22.682354432644665,28.352943040805833,34.023531648966994,SL,-28.352943040805258,-567.0588608161052
2021-05-02 19:00:00-04:00,2021-05-03 01:20:00-04:00,13883.0,13861.021773742092,17.582581006326745,21.97822625790843,26.373871509490115,SL,-21.978226257908318,-439.56452515816636
2021-05-03 19:00:00-04:00,2021-05-03 20:20:00-04:00,13774.75,13750.389368240336,19.488505407731886,24.360631759664855,29.23275811159783,SL,-24.360631759664102,-487.21263519328204
2021-05-04 19:00:00-04:00,2021-05-04 21:40:00-04:00,13519.25,13562.51206121634,28.841374144225746,36.05171768028218,43.26206121633862,TP,43.262061216339134,865.2412243267827
2021-05-05 19:00:00-04:00,2021-05-05 20:40:00-04:00,13487.25,13525.535920874898,25.523947249932313,31.904934062415393,38.285920874898466,TP,38.28592087489778,765.7184174979557
2021-05-06 19:00:00-04:00,2021-05-06 22:00:00-04:00,13614.5,13658.83074547397,29.553830315979422,36.94228789497428,44.33074547396913,TP,44.33074547396973,886.6149094793946
2021-05-09 19:00:00-04:00,2021-05-10 02:00:00-04:00,13737.0,13705.206607609747,25.43471391220248,31.7933923902531,38.15207086830372,SL,-31.793392390252848,-635.867847805057
2021-05-10 19:00:00-04:00,2021-05-10 20:40:00-04:00,13329.75,13293.382375709045,29.09409943276469,36.36762429095586,43.64114914914703,SL,-36.367624290955064,-727.3524858191013
2021-05-11 19:00:00-04:00,2021-05-11 20:40:00-04:00,13314.25,13265.178472910193,39.25722167184519,49.07152708980648,58.88583250776778,SL,-49.071527089807205,-981.4305417961441
2021-05-12 19:00:00-04:00,2021-05-13 03:40:00-04:00,13015.75,12964.317887601288,41.14568991896946,51.43211239871182,61.71853487845419,SL,-51.43211239871198,-1028.6422479742396
2021-05-13 19:00:00-04:00,2021-05-13 20:40:00-04:00,13097.75,13153.937781166154,37.45852077743612,46.82315097179515,56.18778116615418,TP,56.18778116615431,1123.7556233230862
2021-05-16 19:00:00-04:00,2021-05-16 20:00:00-04:00,13396.25,13365.620992536069,24.503205971144588,30.629007463930733,36.754808956716886,SL,-30.629007463930975,-612.5801492786195
2021-05-17 19:00:00-04:00,2021-05-17 20:00:00-04:00,13299.25,13337.7224083634,25.648272242265897,32.06034030283237,38.47240836339884,TP,38.472408363399154,769.4481672679831
2021-05-18 19:00:00-04:00,2021-05-18 19:40:00-04:00,13217.5,13183.064169459936,27.54866443205039,34.43583054006299,41.32299664807559,SL,-34.43583054006376,-688.7166108012752
2021-05-19 19:00:00-04:00,2021-05-20 03:20:00-04:00,13187.25,13244.518127122492,38.17875141499464,47.723439268743306,57.26812712249196,TP,57.26812712249193,1145.3625424498387
2021-05-20 19:00:00-04:00,2021-05-20 20:00:00-04:00,13498.0,13529.251408533164,20.83427235544229,26.042840444302865,31.251408533163435,TP,31.251408533164067,625.0281706632813
2021-05-23 19:00:00-04:00,2021-05-23 21:00:00-04:00,13387.75,13424.13523184621,24.256821230807507,30.321026538509383,36.38523184621126,TP,36.385231846210445,727.7046369242089
2021-05-24 19:00:00-04:00,2021-05-24 20:00:00-04:00,13663.75,13644.098831330031,15.720934935975261,19.651168669969078,23.58140240396289,SL,-19.651168669968683,-393.02337339937367
2021-05-25 19:00:00-04:00,2021-05-26 07:20:00-04:00,13690.0,13720.730373768802,20.486915845868097,25.60864480733512,30.730373768802146,TP,30.730373768801655,614.6074753760331
2021-05-26 19:00:00-04:00,2021-05-26 21:00:00-04:00,13699.75,13680.633615765983,15.293107387213333,19.116384234016664,22.93966108082,SL,-19.11638423401746,-382.3276846803492
2021-05-27 19:00:00-04:00,2021-05-27 20:00:00-04:00,13686.0,13711.731159137276,17.154106091517047,21.44263261439631,25.73115913727557,TP,25.731159137276336,514.6231827455267
2021-05-30 19:00:00-04:00,2021-05-30 20:20:00-04:00,13719.0,13700.026431820628,15.178854543497213,18.973568179371515,22.76828181524582,SL,-18.973568179371796,-379.4713635874359
2021-05-31 19:00:00-04:00,2021-05-31 21:00:00-04:00,13681.25,13695.683142445348,9.622094963565464,12.027618704456831,14.433142445348196,TP,14.433142445348494,288.6628489069699
2021-06-01 19:00:00-04:00,2021-06-01 20:20:00-04:00,13628.0,13655.053100499164,18.035400332776216,22.54425041597027,27.053100499164323,TP,27.05310049916443,541.0620099832886
2021-06-02 19:00:00-04:00,2021-06-02 20:00:00-04:00,13676.0,13699.26621136839,15.510807578925851,19.388509473657315,23.266211368388777,TP,23.266211368389122,465.32422736778244
2021-06-03 19:00:00-04:00,2021-06-03 20:00:00-04:00,13520.0,13493.358410757523,21.31327139398259,26.641589242478236,31.969907090973884,SL,-26.641589242477494,-532.8317848495499
2021-06-06 19:00:00-04:00,2021-06-06 20:00:00-04:00,13776.0,13756.823990832278,15.340807334178088,19.17600916772261,23.01121100126713,SL,-19.17600916772244,-383.5201833544488
2021-06-07 19:00:00-04:00,2021-06-07 20:40:00-04:00,13822.0,13845.318891813247,15.545927875498048,19.43240984437256,23.31889181324707,TP,23.31889181324732,466.3778362649464
2021-06-08 19:00:00-04:00,2021-06-09 06:40:00-04:00,13823.0,13847.34135205791,16.22756803860648,20.2844600482581,24.341352057909724,TP,24.341352057910626,486.8270411582125
2021-06-09 19:00:00-04:00,2021-06-10 02:20:00-04:00,13819.5,13801.762969303592,14.189624557126235,17.737030696407793,21.284436835689352,SL,-17.7370306964076,-354.740613928152
2021-06-10 19:00:00-04:00,2021-06-11 06:20:00-04:00,13955.5,13984.842819756877,19.56187983791769,24.452349797397112,29.342819756876537,TP,29.34281975687736,586.8563951375472
2021-06-13 19:00:00-04:00,2021-06-14 03:00:00-04:00,14008.75,14026.449571601628,11.799714401085042,14.749643001356302,17.699571601627564,TP,17.699571601628122,353.99143203256244
2021-06-14 19:00:00-04:00,2021-06-14 20:20:00-04:00,14111.5,14131.774953628701,13.516635752467685,16.89579469058461,20.274953628701528,TP,20.27495362870104,405.49907257402083
2021-06-15 19:00:00-04:00,2021-06-16 08:00:00-04:00,14034.5,14036.5,15.644959113987193,19.55619889248399,23.46743867098079,Force,2.0,40.0
2021-06-17 19:00:00-04:00,2021-06-18 07:00:00-04:00,14184.5,14153.994703642089,24.404237086328425,30.50529635791053,36.60635562949264,SL,-30.505296357910993,-610.1059271582199
2021-06-20 19:00:00-04:00,2021-06-20 22:00:00-04:00,14034.5,14001.241394411876,26.606884470499363,33.258605588124205,39.91032670574904,SL,-33.25860558812383,-665.1721117624766
2021-06-21 19:00:00-04:00,2021-06-22 03:00:00-04:00,14140.75,14116.742740406455,19.2058076748364,24.0072595935455,28.8087115122546,SL,-24.007259593545314,-480.1451918709063
2021-06-22 19:00:00-04:00,2021-06-22 23:00:00-04:00,14275.5,14300.343315885842,16.56221059056176,20.702763238202202,24.843315885842642,TP,24.843315885842458,496.86631771684915
2021-06-23 19:00:00-04:00,2021-06-23 20:20:00-04:00,14277.25,14298.625909720744,14.250606480496176,17.81325810062022,21.375909720744264,TP,21.375909720743948,427.51819441487896
2021-06-24 19:00:00-04:00,2021-06-24 21:20:00-04:00,14359.25,14339.840407612932,15.527673909653927,19.40959238706741,23.29151086448089,SL,-19.409592387068187,-388.19184774136374
2021-06-27 19:00:00-04:00,2021-06-27 20:20:00-04:00,14360.25,14341.046134343002,15.363092525599061,19.203865656998826,23.044638788398593,SL,-19.20386565699846,-384.0773131399692
2021-06-28 19:00:00-04:00,2021-06-28 21:00:00-04:00,14493.75,14476.862333923416,13.510132861266984,16.88766607658373,20.265199291900476,SL,-16.887666076583628,-337.75332153167255
2021-06-29 19:00:00-04:00,2021-06-30 04:00:00-04:00,14582.25,14566.044948097688,12.964041521850062,16.205051902312576,19.44606228277509,SL,-16.205051902312334,-324.1010380462467
2021-06-30 19:00:00-04:00,2021-07-01 03:20:00-04:00,14559.75,14580.186673060736,13.624448707157798,17.03056088394725,20.436673060736698,TP,20.43667306073621,408.73346121472423
2021-07-01 19:00:00-04:00,2021-07-02 01:20:00-04:00,14537.25,14518.355215508756,15.115827592994789,18.894784491243485,22.673741389492182,SL,-18.894784491243627,-377.89568982487253
2021-07-04 19:00:00-04:00,2021-07-04 23:20:00-04:00,14716.0,14699.866708756606,12.906632994714652,16.133291243393316,19.359949492071976,SL,-16.133291243393614,-322.6658248678723
2021-07-05 19:00:00-04:00,2021-07-05 20:00:00-04:00,14708.0,14717.784154980274,6.522769986849213,8.153462483561517,9.78415498027382,TP,9.784154980274252,195.68309960548504
2021-07-06 19:00:00-04:00,2021-07-06 23:00:00-04:00,14766.5,14791.461814795724,16.641209863816552,20.80151232977069,24.961814795724827,TP,24.961814795724422,499.23629591448844
2021-07-07 19:00:00-04:00,2021-07-07 21:40:00-04:00,14812.0,14788.670040900355,18.66396727971599,23.329959099644988,27.995950919573986,SL,-23.32995909964484,-466.5991819928968
2021-07-08 19:00:00-04:00,2021-07-08 21:00:00-04:00,14698.75,14664.540850548614,27.36731956110837,34.209149451385464,41.050979341662554,SL,-34.20914945138611,-684.1829890277222
2021-07-11 19:00:00-04:00,2021-07-11 21:20:00-04:00,14825.5,14808.141739140805,13.886608687356523,17.358260859195653,20.829913031034785,SL,-17.35826085919507,-347.1652171839014
2021-07-12 19:00:00-04:00,2021-07-13 02:20:00-04:00,14872.75,14857.77906209105,11.97675032716093,14.970937908951162,17.965125490741396,SL,-14.970937908950873,-299.41875817901746
2021-07-13 19:00:00-04:00,2021-07-13 19:40:00-04:00,14872.0,14844.321023791192,22.143180967046614,27.67897620880827,33.21477145056992,SL,-27.678976208808308,-553.5795241761662
2021-07-14 19:00:00-04:00,2021-07-14 20:40:00-04:00,14901.25,14875.417840292877,20.665727765698296,25.83215970712287,30.998591648547446,SL,-25.832159707122628,-516.6431941424526
2021-07-15 19:00:00-04:00,2021-07-15 20:00:00-04:00,14774.25,14742.851138760774,25.119088991380764,31.398861239225955,37.678633487071146,SL,-31.39886123922588,-627.9772247845176
2021-07-18 19:00:00-04:00,2021-07-18 19:20:00-04:00,14654.0,14627.058126246195,21.55349900304487,26.941873753806085,32.33024850456731,SL,-26.94187375380534,-538.8374750761068
2021-07-19 19:00:00-04:00,2021-07-19 21:40:00-04:00,14587.0,14634.121319942542,31.4142132950283,39.26776661878537,47.12131994254245,TP,47.12131994254196,942.4263988508392
2021-07-20 19:00:00-04:00,2021-07-20 22:20:00-04:00,14742.0,14714.52808688159,21.977530494728207,27.471913118410257,32.96629574209231,SL,-27.471913118410157,-549.4382623682031
2021-07-21 19:00:00-04:00,2021-07-22 02:40:00-04:00,14833.75,14857.287908908087,15.691939272058542,19.614924090073178,23.537908908087815,TP,23.537908908087047,470.75817816174094
2021-07-22 19:00:00-04:00,2021-07-23 04:00:00-04:00,14976.5,15000.13881993959,15.759213293059434,19.699016616324293,23.63881993958915,TP,23.638819939589666,472.7763987917933
2021-07-25 19:00:00-04:00,2021-07-25 20:40:00-04:00,15114.75,15096.206838819555,14.834528944356823,18.543161180446027,22.251793416535236,SL,-18.543161180445168,-370.86322360890335
2021-07-26 19:00:00-04:00,2021-07-26 21:00:00-04:00,15117.75,15099.986303869817,14.210956904146222,17.76369613018278,21.316435356219333,SL,-17.763696130183234,-355.2739226036647
2021-07-27 19:00:00-04:00,2021-07-28 04:20:00-04:00,14921.25,14974.330996348213,35.38733089880839,44.23416362351049,53.080996348212594,TP,53.080996348213375,1061.6199269642675
2021-07-28 19:00:00-04:00,2021-07-28 21:40:00-04:00,14977.5,14944.769583311416,26.184333350868105,32.73041668858513,39.27650002630216,SL,-32.73041668858423,-654.6083337716846
2021-07-29 19:00:00-04:00,2021-07-29 19:40:00-04:00,14905.25,14873.048071748608,25.76154260111373,32.20192825139216,38.6423139016706,SL,-32.20192825139202,-644.0385650278404
2021-08-01 19:00:00-04:00,2021-08-01 22:40:00-04:00,15004.25,15032.251412774525,18.66760851635036,23.33451064543795,28.00141277452554,TP,28.001412774525306,560.0282554905061
2021-08-02 19:00:00-04:00,2021-08-02 22:00:00-04:00,14965.75,14944.00774094341,17.393807245271457,21.742259056589322,26.090710867907184,SL,-21.74225905658932,-434.8451811317864
2021-08-03 19:00:00-04:00,2021-08-04 01:40:00-04:00,15032.0,15062.541063581399,20.360709054265836,25.450886317832296,30.541063581398753,TP,30.541063581398703,610.821271627974
2021-08-04 19:00:00-04:00,2021-08-05 05:20:00-04:00,15080.0,15104.363349421834,16.242232947889484,20.302791184861853,24.363349421834226,TP,24.363349421833846,487.2669884366769
2021-08-05 19:00:00-04:00,2021-08-06 02:40:00-04:00,15163.75,15149.586777756213,11.330577795030333,14.163222243787917,16.995866692545498,SL,-14.163222243787459,-283.2644448757492
2021-08-08 19:00:00-04:00,2021-08-08 19:20:00-04:00,15033.0,15012.070353952731,16.743716837815462,20.92964604726933,25.115575256723194,SL,-20.92964604726876,-418.5929209453752
2021-08-09 19:00:00-04:00,2021-08-09 21:40:00-04:00,15119.0,15104.268380642714,11.785295485828147,14.731619357285183,17.677943228742222,SL,-14.731619357286036,-294.6323871457207
2021-08-10 19:00:00-04:00,2021-08-11 03:20:00-04:00,15037.25,15019.066593072748,14.546725541801282,18.183406927251603,21.820088312701923,SL,-18.18340692725178,-363.6681385450356
2021-08-11 19:00:00-04:00,2021-08-12 06:20:00-04:00,14998.5,15022.88102376411,16.25401584273996,20.31751980342495,24.38102376410994,TP,24.38102376411007,487.62047528220137
2021-08-12 19:00:00-04:00,2021-08-13 03:40:00-04:00,15073.0,15091.134969332867,12.089979555244078,15.112474444055097,18.134969332866117,TP,18.134969332866604,362.69938665733207
2021-08-15 19:00:00-04:00,2021-08-15 20:00:00-04:00,15117.0,15103.056993143697,11.154405485043226,13.943006856304033,16.731608227564838,SL,-13.943006856303327,-278.86013712606655
2021-08-16 19:00:00-04:00,2021-08-17 01:00:00-04:00,15128.5,15106.13406988326,17.892744093392075,22.365930116740095,26.839116140088112,SL,-22.365930116740856,-447.3186023348171
2021-08-17 19:00:00-04:00,2021-08-17 22:40:00-04:00,14963.5,14999.314168725676,23.876112483783352,29.84514060472919,35.81416872567503,TP,35.8141687256757,716.283374513514
2021-08-18 19:00:00-04:00,2021-08-19 01:40:00-04:00,14851.25,14817.494031575978,27.004774739218114,33.75596842402264,40.507162108827174,SL,-33.755968424022285,-675.1193684804457
2021-08-19 19:00:00-04:00,2021-08-20 01:20:00-04:00,14928.75,14893.634244570612,28.092604343510672,35.115755429388344,42.13890651526601,SL,-35.11575542938772,-702.3151085877544
2021-08-22 19:00:00-04:00,2021-08-22 22:00:00-04:00,15117.0,15141.281629871086,16.187753247390457,20.234691559238073,24.281629871085684,TP,24.281629871085897,485.63259742171795
2021-08-23 19:00:00-04:00,2021-08-24 02:20:00-04:00,15329.5,15348.733342644753,12.822228429835667,16.027785537294584,19.2333426447535,TP,19.233342644753066,384.6668528950613
2021-08-24 19:00:00-04:00,2021-08-25 02:40:00-04:00,15353.0,15369.901607531632,11.267738354421159,14.084672943026447,16.90160753163174,TP,16.90160753163218,338.0321506326436
2021-08-25 19:00:00-04:00,2021-08-25 20:20:00-04:00,15364.0,15350.503032533003,10.797573973598132,13.496967466997665,16.196360960397197,SL,-13.496967466997376,-269.9393493399475
2021-08-26 19:00:00-04:00,2021-08-26 22:00:00-04:00,15283.5,15308.183018624492,16.455345749661433,20.56918218707679,24.68301862449215,TP,24.683018624491524,493.6603724898305
2021-08-29 19:00:00-04:00,2021-08-29 21:40:00-04:00,15437.5,15421.371106223196,12.903115021443787,16.128893776804734,19.35467253216568,SL,-16.128893776804034,-322.5778755360807
2021-08-30 19:00:00-04:00,2021-08-30 20:40:00-04:00,15605.0,15590.642504399353,11.485996480517308,14.357495600646635,17.22899472077596,SL,-14.357495600646871,-287.1499120129374
2021-08-31 19:00:00-04:00,2021-08-31 23:00:00-04:00,15589.5,15611.244085065031,14.49605671002093,18.12007088752616,21.744085065031395,TP,21.74408506503096,434.88170130061917
2021-09-01 19:00:00-04:00,2021-09-02 04:00:00-04:00,15613.75,15635.188862113378,14.292574742252325,17.865718427815406,21.438862113378487,TP,21.43886211337849,428.7772422675698
2021-09-02 19:00:00-04:00,2021-09-02 23:00:00-04:00,15602.75,15624.625720396523,14.583813597682393,18.229766997102992,21.87572039652359,TP,21.87572039652332,437.5144079304664
2021-09-05 19:00:00-04:00,2021-09-05 20:20:00-04:00,15659.0,15645.42037810017,10.86369751986313,13.579621899828913,16.295546279794696,SL,-13.579621899829363,-271.59243799658725
2021-09-06 19:00:00-04:00,2021-09-06 20:00:00-04:00,15694.25,15687.067410101503,5.746071918797071,7.182589898496339,8.619107878195607,SL,-7.182589898497099,-143.65179796994198
2021-09-07 19:00:00-04:00,2021-09-07 20:40:00-04:00,15666.0,15685.488758712192,12.992505808128104,16.24063226016013,19.48875871219216,TP,19.488758712192066,389.7751742438413
2021-09-08 19:00:00-04:00,2021-09-08 23:20:00-04:00,15599.75,15578.960012319902,16.6319901440793,20.789987680099124,24.94798521611895,SL,-20.78998768009842,-415.7997536019684
2021-09-09 19:00:00-04:00,2021-09-10 00:20:00-04:00,15552.25,15580.16387184141,18.60924789427384,23.261559867842298,27.91387184141076,TP,27.913871841410582,558.2774368282116
2021-09-12 19:00:00-04:00,2021-09-12 21:20:00-04:00,15473.5,15451.126429572658,17.89885634187443,22.37357042734304,26.848284512811645,SL,-22.3735704273422,-447.47140854684403
2021-09-13 19:00:00-04:00,2021-09-14 03:00:00-04:00,15445.5,15416.066953251702,23.54643739863882,29.433046748298523,35.31965609795823,SL,-29.433046748297784,-588.6609349659557
2021-09-14 19:00:00-04:00,2021-09-15 04:20:00-04:00,15395.5,15427.845818842648,21.563879228431823,26.95484903553978,32.34581884264773,TP,32.34581884264844,646.9163768529688
2021-09-15 19:00:00-04:00,2021-09-16 00:00:00-04:00,15502.0,15480.527436645263,17.178050683789113,21.47256335473639,25.76707602568367,SL,-21.47256335473685,-429.451267094737
2021-09-16 19:00:00-04:00,2021-09-16 21:20:00-04:00,15494.75,15472.008527284961,18.193178172030937,22.74147271503867,27.289767258046403,SL,-22.74147271503898,-454.8294543007796
2021-09-19 19:00:00-04:00,2021-09-19 21:20:00-04:00,15318.25,15292.047772676155,20.96178185907631,26.20222732384539,31.442672788614466,SL,-26.202227323845364,-524.0445464769073
2021-09-20 19:00:00-04:00,2021-09-20 20:00:00-04:00,14992.25,15048.630055960486,37.5867039736579,46.98337996707237,56.38005596048684,TP,56.38005596048606,1127.6011192097212
2021-09-21 19:00:00-04:00,2021-09-21 20:00:00-04:00,14993.75,14953.500481358058,32.19961491355376,40.2495186419422,48.29942237033064,SL,-40.249518641941904,-804.9903728388381
2021-09-22 19:00:00-04:00,2021-09-23 03:40:00-04:00,15196.0,15241.365633672856,30.243755781903793,37.80469472737974,45.365633672855694,TP,45.36563367285635,907.312673457127
2021-09-23 19:00:00-04:00,2021-09-23 21:40:00-04:00,15312.0,15285.819792058921,20.944166352863054,26.180207941078816,31.416249529294582,SL,-26.18020794107906,-523.6041588215812
2021-09-26 19:00:00-04:00,2021-09-26 20:00:00-04:00,15308.25,15334.715915160277,17.643943440184326,22.05492930023041,26.465915160276488,TP,26.46591516027729,529.3183032055458
2021-09-27 19:00:00-04:00,2021-09-27 20:20:00-04:00,15169.25,15137.897258607978,25.082193113617006,31.352741392021258,37.62328967042551,SL,-31.352741392021926,-627.0548278404385
2021-09-28 19:00:00-04:00,2021-09-28 20:20:00-04:00,14783.0,14838.242085558346,36.82805703889731,46.035071298621645,55.24208555834597,TP,55.242085558345934,1104.8417111669187
2021-09-29 19:00:00-04:00,2021-09-29 23:40:00-04:00,14787.5,14839.437562245066,34.62504149671034,43.28130187088792,51.93756224506551,TP,51.93756224506615,1038.751244901323
2021-09-30 19:00:00-04:00,2021-09-30 21:00:00-04:00,14718.75,14673.732512483939,36.01399001284926,45.01748751606158,54.020985019273894,SL,-45.01748751606101,-900.3497503212202
2021-10-03 19:00:00-04:00,2021-10-03 20:20:00-04:00,14825.5,14788.26819816824,29.78544146540863,37.23180183176079,44.67816219811294,SL,-37.231801831760095,-744.6360366352019
2021-10-04 19:00:00-04:00,2021-10-04 20:20:00-04:00,14498.25,14455.115658512388,34.507473190089776,43.13434148761222,51.76120978513467,SL,-43.13434148761189,-862.6868297522378
2021-10-05 19:00:00-04:00,2021-10-05 21:00:00-04:00,14651.5,14621.674074033543,23.860740773165226,29.82592596645653,35.79111115974784,SL,-29.825925966457362,-596.5185193291472
2021-10-06 19:00:00-04:00,2021-10-06 22:00:00-04:00,14813.0,14865.153247176575,34.76883145105014,43.46103931381268,52.153247176575206,TP,52.15324717657495,1043.064943531499
2021-10-07 19:00:00-04:00,2021-10-07 21:40:00-04:00,14899.25,14931.293595365965,21.36239691064399,26.70299613830499,32.043595365965984,TP,32.0435953659653,640.871907319306
2021-10-10 19:00:00-04:00,2021-10-10 19:40:00-04:00,14750.75,14719.81220231252,24.7502381499847,30.937797687480874,37.12535722497705,SL,-30.93779768748027,-618.7559537496054
2021-10-11 19:00:00-04:00,2021-10-11 20:20:00-04:00,14670.75,14638.220369967614,26.023704025908742,32.529630032385924,39.03555603886311,SL,-32.529630032386194,-650.5926006477239
2021-10-12 19:00:00-04:00,2021-10-13 03:20:00-04:00,14605.0,14649.645937160836,29.76395810722431,37.20494763403038,44.64593716083646,TP,44.64593716083618,892.9187432167237
2021-10-13 19:00:00-04:00,2021-10-13 20:40:00-04:00,14793.5,14831.569860977595,25.37990731839726,31.724884147996576,38.069860977595894,TP,38.069860977595454,761.3972195519091
2021-10-14 19:00:00-04:00,2021-10-14 20:00:00-04:00,15069.0,15048.147203157032,16.682237474373977,20.85279684296747,25.023356211560966,SL,-20.85279684296802,-417.0559368593604
2021-10-17 19:00:00-04:00,2021-10-17 19:20:00-04:00,15115.5,15091.810325162178,18.95173987025791,23.689674837822388,28.427609805386865,SL,-23.689674837822167,-473.79349675644335
2021-10-18 19:00:00-04:00,2021-10-18 20:00:00-04:00,15275.75,15299.712232882743,15.974821921828124,19.968527402285154,23.962232882742185,TP,23.962232882742683,479.24465765485365
2021-10-19 19:00:00-04:00,2021-10-19 20:20:00-04:00,15406.5,15385.621862644068,16.70250988474654,20.878137355933177,25.05376482711981,SL,-20.878137355932267,-417.56274711864535
2021-10-20 19:00:00-04:00,2021-10-21 00:00:00-04:00,15347.5,15326.146737672023,17.082609862381315,21.353262327976644,25.62391479357197,SL,-21.353262327977063,-427.06524655954127
2021-10-21 19:00:00-04:00,2021-10-22 06:00:00-04:00,15405.0,15438.441543490315,22.294362326876133,27.867952908595164,33.4415434903142,TP,33.44154349031487,668.8308698062974
2021-10-24 19:00:00-04:00,2021-10-24 23:40:00-04:00,15320.0,15356.341949405916,24.227966270611006,30.284957838263757,36.34194940591651,TP,36.34194940591624,726.8389881183248
2021-10-25 19:00:00-04:00,2021-10-25 20:00:00-04:00,15527.5,15557.95163065565,20.30108710376706,25.376358879708825,30.45163065565059,TP,30.45163065565066,609.0326131130132
2021-10-26 19:00:00-04:00,2021-10-26 21:20:00-04:00,15560.75,15527.07302375753,26.941580993975922,33.676976242469905,40.412371490963885,SL,-33.67697624247012,-673.5395248494024
2021-10-27 19:00:00-04:00,2021-10-28 04:40:00-04:00,15614.25,15649.38752943835,23.42501962556762,29.281274531959525,35.137529438351436,TP,35.13752943835061,702.7505887670122
2021-10-28 19:00:00-04:00,2021-10-29 01:00:00-04:00,15670.5,15635.055884985539,28.355292011569574,35.44411501446197,42.53293801735436,SL,-35.444115014461204,-708.8823002892241
2021-10-31 19:00:00-04:00,2021-10-31 20:00:00-04:00,15866.75,15897.33136803067,20.387578687112235,25.484473358890295,30.58136803066835,TP,30.581368030669182,611.6273606133836
2021-11-01 19:00:00-04:00,2021-11-01 22:20:00-04:00,15885.5,15860.91231460627,19.670148314983724,24.587685393729654,29.505222472475587,SL,-24.58768539372977,-491.7537078745954
2021-11-02 19:00:00-04:00,2021-11-02 21:20:00-04:00,15946.5,15972.536059211163,17.357372807442406,21.696716009303007,26.03605921116361,TP,26.036059211162865,520.7211842232573
2021-11-03 19:00:00-04:00,2021-11-04 04:20:00-04:00,16170.5,16204.77451043831,22.849673625540348,28.562092031925435,34.27451043831052,TP,34.274510438310244,685.4902087662049
2021-11-04 19:00:00-04:00,2021-11-05 03:20:00-04:00,16334.5,16306.834120677902,22.13270345767864,27.665879322098302,33.19905518651796,SL,-27.66587932209768,-553.3175864419536
2021-11-07 19:00:00-05:00,2021-11-07 21:40:00-05:00,16313.0,16277.262178360375,28.590257311700352,35.73782163962544,42.885385967550526,SL,-35.7378216396246,-714.756432792492
2021-11-08 19:00:00-05:00,2021-11-09 01:00:00-05:00,16295.75,16327.676295239175,21.28419682611584,26.6052460326448,31.926295239173758,TP,31.92629523917458,638.5259047834916
2021-11-09 19:00:00-05:00,2021-11-09 21:20:00-05:00,16192.0,16159.568620995844,25.945103203325203,32.431379004156504,38.917654804987805,SL,-32.43137900415604,-648.6275800831208
2021-11-10 19:00:00-05:00,2021-11-11 04:20:00-05:00,16013.75,16064.224597169796,33.64973144653041,42.06216430816301,50.474597169795615,TP,50.47459716979574,1009.4919433959149
2021-11-11 19:00:00-05:00,2021-11-11 22:00:00-05:00,16075.75,16049.767105526294,20.786315578964363,25.982894473705453,31.179473368446544,SL,-25.982894473705528,-519.6578894741106
2021-11-14 19:00:00-05:00,2021-11-14 23:20:00-05:00,16231.5,16209.794509278587,17.364392577130676,21.705490721413344,26.046588865696016,SL,-21.705490721413298,-434.10981442826596
2021-11-15 19:00:00-05:00,2021-11-15 20:20:00-05:00,16187.75,16217.570972856603,19.880648571068935,24.850810713836168,29.820972856603404,TP,29.820972856603476,596.4194571320695
2021-11-16 19:00:00-05:00,2021-11-16 22:20:00-05:00,16307.75,16286.453938933173,17.036848853461695,21.296061066827118,25.555273280192544,SL,-21.29606106682695,-425.921221336539
2021-11-17 19:00:00-05:00,2021-11-18 02:00:00-05:00,16328.5,16357.984263429209,19.65617561947311,24.57021952434139,29.484263429209665,TP,29.484263429209022,589.6852685841804
2021-11-18 19:00:00-05:00,2021-11-18 20:40:00-05:00,16497.75,16530.576937078666,21.884624719110434,27.355780898888042,32.82693707866565,TP,32.82693707866565,656.538741573313
2021-11-21 19:00:00-05:00,2021-11-22 04:00:00-05:00,16605.0,16636.932823445342,21.28854896356157,26.610686204451962,31.932823445342358,TP,31.932823445342365,638.6564689068473
2021-11-22 19:00:00-05:00,2021-11-22 21:20:00-05:00,16400.25,16357.520008743808,34.18399300495325,42.72999125619157,51.27598950742988,SL,-42.72999125619208,-854.5998251238416
2021-11-23 19:00:00-05:00,2021-11-24 05:40:00-05:00,16301.25,16250.979452772206,40.216437782234706,50.27054722779339,60.32465667335206,SL,-50.27054722779394,-1005.4109445558788
2021-11-24 19:00:00-05:00,2021-11-25 00:20:00-05:00,16362.25,16403.807172859775,27.70478190651712,34.6309773831464,41.557172859775676,TP,41.557172859775164,831.1434571955033
2021-11-25 19:00:00-05:00,2021-11-25 19:20:00-05:00,16365.0,16346.00294139658,15.197646882735778,18.997058603419724,22.796470324103666,SL,-18.997058603419646,-379.9411720683929
2021-11-28 19:00:00-05:00,2021-11-29 08:00:00-05:00,16209.0,16199.0,58.48196420211041,73.10245525263801,87.72294630316561,Force,-10.0,-200.0
2021-11-29 19:00:00-05:00,2021-11-29 22:00:00-05:00,16423.0,16391.996369249817,24.80290460014717,31.003630750183962,37.20435690022075,SL,-31.00363075018322,-620.0726150036644
2021-11-30 19:00:00-05:00,2021-11-30 20:40:00-05:00,16201.75,16267.913813476636,44.10920898442425,55.13651123053031,66.16381347663638,TP,66.16381347663628,1323.2762695327256
2021-12-01 19:00:00-05:00,2021-12-02 07:00:00-05:00,15943.25,15867.150210385553,60.87983169155827,76.09978961444784,91.3197475373374,SL,-76.09978961444722,-1521.9957922889444
2021-12-02 19:00:00-05:00,2021-12-02 20:40:00-05:00,15940.0,15870.885124962351,55.29190003011894,69.11487503764867,82.93785004517841,SL,-69.11487503764874,-1382.2975007529749
2021-12-05 19:00:00-05:00,2021-12-06 00:40:00-05:00,15684.0,15766.484553687285,54.98970245819042,68.73712807273803,82.48455368728563,TP,82.48455368728537,1649.6910737457074
2021-12-06 19:00:00-05:00,2021-12-06 23:00:00-05:00,15829.5,15887.952832280796,38.968554853863864,48.71069356732983,58.452832280795796,TP,58.45283228079643,1169.0566456159286
2021-12-07 19:00:00-05:00,2021-12-07 19:40:00-05:00,16334.75,16377.256964601838,28.33797640122578,35.422470501532224,42.506964601838675,TP,42.50696460183826,850.1392920367653
2021-12-08 19:00:00-05:00,2021-12-08 22:00:00-05:00,16373.5,16411.858842026897,25.57256135126489,31.965701689081115,38.358842026897335,TP,38.35884202689704,767.1768405379407
2021-12-09 19:00:00-05:00,2021-12-10 06:40:00-05:00,16180.5,16227.943437147873,31.628958098581847,39.53619762322731,47.44343714787277,TP,47.44343714787283,948.8687429574566
2021-12-12 19:00:00-05:00,2021-12-13 06:40:00-05:00,16365.25,16408.024821274314,28.516547516209517,35.645684395261895,42.77482127431428,TP,42.77482127431358,855.4964254862716
2021-12-13 19:00:00-05:00,2021-12-14 04:20:00-05:00,16103.75,16067.094404600859,29.324476319312197,36.655595399140246,43.986714478968295,SL,-36.65559539914102,-733.1119079828204
2021-12-14 19:00:00-05:00,2021-12-15 04:00:00-05:00,15931.5,15885.796679671379,36.56265626289744,45.7033203286218,54.843984394346165,SL,-45.703320328620975,-914.0664065724195
2021-12-15 19:00:00-05:00,2021-12-16 02:00:00-05:00,16302.75,16378.98233184174,50.82155456116076,63.52694320145095,76.23233184174114,TP,76.23233184174023,1524.6466368348047
2021-12-16 19:00:00-05:00,2021-12-16 22:40:00-05:00,15845.75,15786.98794971545,47.00964022763931,58.76205028454913,70.51446034145897,SL,-58.76205028454933,-1175.2410056909866
2021-12-19 19:00:00-05:00,2021-12-19 21:00:00-05:00,15688.75,15628.659204589534,48.07263632837278,60.09079541046597,72.10895449255918,SL,-60.090795410465944,-1201.8159082093189
2021-12-20 19:00:00-05:00,2021-12-20 22:00:00-05:00,15709.0,15771.057511962084,41.37167464138947,51.71459330173683,62.057511962084206,TP,62.05751196208439,1241.1502392416878
2021-12-21 19:00:00-05:00,2021-12-22 03:20:00-05:00,15950.25,15912.518882988383,30.184893609293084,37.731117011616355,45.277340413939626,SL,-37.73111701161724,-754.6223402323449
2021-12-22 19:00:00-05:00,2021-12-23 07:00:00-05:00,16170.25,16210.53077072648,26.853847150986986,33.56730893873373,40.28077072648048,TP,40.280770726480114,805.6154145296023
2021-12-26 19:00:00-05:00,2021-12-27 01:00:00-05:00,16344.0,16319.912561626938,19.269950698450042,24.087438373062554,28.904926047675062,SL,-24.08743837306247,-481.7487674612494
2021-12-27 19:00:00-05:00,2021-12-28 01:00:00-05:00,16543.5,16569.669989385773,17.4466595905148,21.808324488143498,26.169989385772197,TP,26.16998938577308,523.3997877154616
2021-12-28 19:00:00-05:00,2021-12-28 20:40:00-05:00,16537.0,16503.323556937165,26.941154450267017,33.67644306283377,40.411731675400524,SL,-33.67644306283546,-673.5288612567092
2021-12-29 19:00:00-05:00,2021-12-29 20:20:00-05:00,16445.25,16478.81521685362,22.376811235747375,27.971014044684217,33.56521685362107,TP,33.56521685362168,671.3043370724336
2021-12-30 19:00:00-05:00,2021-12-30 19:20:00-05:00,16414.75,16389.00399594344,20.59680324524882,25.746004056561027,30.895204867873233,SL,-25.746004056560196,-514.9200811312039
2022-01-02 19:00:00-05:00,2022-01-03 05:20:00-05:00,16390.0,16427.85774199303,25.23849466201878,31.548118327523476,37.85774199302817,TP,37.85774199302978,757.1548398605955
2022-01-03 19:00:00-05:00,2022-01-03 23:40:00-05:00,16484.75,16522.56091448306,25.207276322040936,31.50909540255117,37.8109144830614,TP,37.810914483059605,756.2182896611921
2022-01-04 19:00:00-05:00,2022-01-05 00:00:00-05:00,16228.0,16188.656120241101,31.475103807118618,39.343879758898275,47.21265571067793,SL,-39.343879758898765,-786.8775951779753
2022-01-05 19:00:00-05:00,2022-01-05 22:40:00-05:00,15795.75,15739.29927073278,45.16058341377603,56.45072926722004,67.74087512066404,SL,-56.450729267220595,-1129.014585344412
2022-01-06 19:00:00-05:00,2022-01-06 23:20:00-05:00,15832.25,15778.570139544992,42.94388836400554,53.679860455006924,64.4158325460083,SL,-53.679860455007656,-1073.5972091001531
2022-01-09 19:00:00-05:00,2022-01-09 20:40:00-05:00,15542.75,15600.803077431738,38.702051621158816,48.37756452644852,58.053077431738224,TP,58.05307743173762,1161.0615486347524
2022-01-10 19:00:00-05:00,2022-01-11 04:20:00-05:00,15615.0,15685.620886029403,47.08059068626791,58.850738357834885,70.62088602940187,TP,70.62088602940275,1412.417720588055
2022-01-11 19:00:00-05:00,2022-01-12 00:40:00-05:00,15830.0,15879.212252419798,32.80816827986571,41.010210349832136,49.21225241979857,TP,49.21225241979846,984.2450483959692
2022-01-12 19:00:00-05:00,2022-01-12 20:40:00-05:00,15879.5,15837.89884497713,33.28092401829574,41.601155022869676,49.92138602744362,SL,-41.601155022870444,-832.0231004574089
2022-01-13 19:00:00-05:00,2022-01-13 21:00:00-05:00,15502.0,15445.63505203882,45.091958368943004,56.36494796117876,67.6379375534145,SL,-56.364947961179496,-1127.29895922359
2022-01-16 19:00:00-05:00,2022-01-16 20:40:00-05:00,15576.0,15517.696678407694,46.64265727384471,58.30332159230589,69.96398591076706,SL,-58.30332159230602,-1166.0664318461204
2022-01-17 19:00:00-05:00,2022-01-17 22:20:00-05:00,15586.5,15560.44596321965,20.843229424280402,26.0540367803505,31.264844136420603,SL,-26.054036780349634,-521.0807356069927
2022-01-18 19:00:00-05:00,2022-01-18 21:40:00-05:00,15190.75,15139.173825551934,41.26093955845237,51.576174448065466,61.89140933767855,SL,-51.57617444806601,-1031.5234889613203
2022-01-19 19:00:00-05:00,2022-01-19 23:00:00-05:00,15058.0,15132.183922633627,49.45594842241783,61.81993552802229,74.18392263362675,TP,74.18392263362693,1483.6784526725387
2022-01-20 19:00:00-05:00,2022-01-20 20:00:00-05:00,14740.0,14662.241026126625,62.20717909869937,77.75897387337422,93.31076864804905,SL,-77.758973873375,-1555.1794774675
2022-01-23 19:00:00-05:00,2022-01-24 04:00:00-05:00,14547.25,14469.069676130406,62.54425909567575,78.18032386959469,93.81638864351362,SL,-78.18032386959385,-1563.606477391877
2022-01-24 19:00:00-05:00,2022-01-24 20:00:00-05:00,14449.0,14318.84487056675,104.12410354659889,130.15512943324862,156.18615531989832,SL,-130.15512943324939,-2603.1025886649877
2022-01-25 19:00:00-05:00,2022-01-26 03:20:00-05:00,14152.25,14304.872182548805,101.74812169920337,127.1851521240042,152.62218254880506,TP,152.62218254880463,3052.4436509760926
2022-01-26 19:00:00-05:00,2022-01-26 20:00:00-05:00,14210.5,14094.039433738699,93.1684530090413,116.46056626130162,139.75267951356196,SL,-116.46056626130121,-2329.211325226024
2022-01-30 19:00:00-05:00,2022-01-31 01:00:00-05:00,14411.5,14501.246350044297,59.83090002953122,74.78862503691403,89.74635004429683,TP,89.74635004429729,1794.9270008859457
2022-01-31 19:00:00-05:00,2022-02-01 02:00:00-05:00,14868.0,14933.48949377952,43.659662519680126,54.57457814960016,65.48949377952019,TP,65.48949377951976,1309.7898755903952
2022-02-01 19:00:00-05:00,2022-02-02 04:00:00-05:00,15134.25,15204.69732048037,46.96488032024771,58.70610040030964,70.44732048037156,TP,70.44732048037076,1408.9464096074153
2022-02-02 19:00:00-05:00,2022-02-03 08:00:00-05:00,14793.75,14803.75,62.15185498862679,77.68981873578349,93.22778248294019,Force,10.0,200.0
2022-02-03 19:00:00-05:00,2022-02-04 04:20:00-05:00,14769.0,14691.633961412079,61.892830870337484,77.36603858792185,92.83924630550622,SL,-77.36603858792114,-1547.3207717584228
2022-02-06 19:00:00-05:00,2022-02-07 02:00:00-05:00,14645.25,14729.587010585743,56.2246737238287,70.28084215478587,84.33701058574306,TP,84.33701058574297,1686.7402117148595
2022-02-07 19:00:00-05:00,2022-02-07 21:00:00-05:00,14614.0,14561.422452915223,42.06203766782106,52.57754708477633,63.09305650173159,SL,-52.5775470847766,-1051.550941695532
2022-02-08 19:00:00-05:00,2022-02-09 03:40:00-05:00,14769.5,14826.280403092385,37.85360206158999,47.317002576987484,56.78040309238499,TP,56.78040309238531,1135.6080618477063
2022-02-09 19:00:00-05:00,2022-02-09 20:20:00-05:00,15022.25,14985.820646551547,29.143482758761966,36.42935344845246,43.71522413814295,SL,-36.429353448453185,-728.5870689690637
2022-02-10 19:00:00-05:00,2022-02-11 00:00:00-05:00,14646.25,14573.785697318881,57.97144214489523,72.46430268111904,86.95716321734284,SL,-72.46430268111908,-1449.2860536223816
2022-02-13 19:00:00-05:00,2022-02-14 03:00:00-05:00,14268.0,14192.01033896377,60.79172882898369,75.98966103622962,91.18759324347553,SL,-75.98966103623025,-1519.793220724605
2022-02-14 19:00:00-05:00,2022-02-15 03:00:00-05:00,14278.5,14355.663357529644,51.44223835309579,64.30279794136973,77.16335752964369,TP,77.16335752964369,1543.2671505928738
2022-02-15 19:00:00-05:00,2022-02-16 03:00:00-05:00,14562.25,14615.748964540278,35.66597636018549,44.58247045023186,53.49896454027824,TP,53.49896454027839,1069.9792908055679
2022-02-16 19:00:00-05:00,2022-02-16 23:00:00-05:00,14567.0,14514.528919421537,41.97686446277056,52.471080578463194,62.96529669415584,SL,-52.47108057846344,-1049.4216115692689
2022-02-21 19:00:00-05:00,2022-02-22 01:20:00-05:00,13674.0,13746.18387118568,48.122580790453036,60.153225988066296,72.18387118567955,TP,72.18387118567989,1443.6774237135978
2022-02-22 19:00:00-05:00,2022-02-23 04:20:00-05:00,13970.75,14063.011194209646,61.507462806431484,76.88432850803936,92.26119420964723,TP,92.26119420964642,1845.2238841929284
2022-02-23 19:00:00-05:00,2022-02-23 19:20:00-05:00,13475.25,13411.728032691277,50.81757384697795,63.52196730872244,76.22636077046693,SL,-63.521967308723106,-1270.4393461744621
2022-02-24 19:00:00-05:00,2022-02-25 03:00:00-05:00,13890.25,13794.905649940836,76.27548004733055,95.34435005916319,114.41322007099582,SL,-95.34435005916384,-1906.8870011832769
2022-02-27 19:00:00-05:00,2022-02-27 20:00:00-05:00,13821.5,13940.828787094346,79.55252472956425,99.44065591195532,119.32878709434638,TP,119.3287870943459,2386.575741886918
2022-02-28 19:00:00-05:00,2022-02-28 21:00:00-05:00,14255.75,14182.608603361492,58.51311731080669,73.14139663850837,87.76967596621003,SL,-73.14139663850801,-1462.8279327701603
2022-03-01 19:00:00-05:00,2022-03-01 21:00:00-05:00,14060.75,13996.01347777491,51.78921778007221,64.73652222509025,77.68382667010832,SL,-64.73652222509008,-1294.7304445018017
2022-03-02 19:00:00-05:00,2022-03-03 08:00:00-05:00,14206.0,14239.25,43.86718267397307,54.83397834246634,65.8007740109596,Force,33.25,665.0
2022-03-03 19:00:00-05:00,2022-03-03 19:20:00-05:00,13996.25,13934.028821594064,49.77694272474944,62.2211784059368,74.66541408712416,SL,-62.22117840593637,-1244.4235681187274
2022-03-06 19:00:00-05:00,2022-03-06 21:40:00-05:00,13604.75,13533.017907934172,57.38567365266221,71.73209206582777,86.07851047899332,SL,-71.7320920658276,-1434.641841316552
2022-03-07 19:00:00-05:00,2022-03-07 20:00:00-05:00,13294.5,13371.448749012006,51.29916600800451,64.12395751000564,76.94874901200677,TP,76.94874901200637,1538.9749802401275
2022-03-08 19:00:00-05:00,2022-03-09 02:20:00-05:00,13261.25,13380.44532757047,79.4635517136477,99.32943964205963,119.19532757047156,TP,119.19532757047091,2383.906551409418
2022-03-09 19:00:00-05:00,2022-03-09 23:40:00-05:00,13735.25,13677.501416757876,46.19886659370001,57.748583242125015,69.29829989055001,SL,-57.74858324212437,-1154.9716648424874
2022-03-10 19:00:00-05:00,2022-03-10 20:00:00-05:00,13594.25,13540.457386476555,43.03409081875532,53.792613523444146,64.55113622813298,SL,-53.79261352344474,-1075.8522704688949
2022-03-13 19:00:00-04:00,2022-03-13 22:20:00-04:00,13344.25,13290.391942422875,43.08644606169959,53.858057577124484,64.62966909254939,SL,-53.85805757712478,-1077.1611515424956
2022-03-14 19:00:00-04:00,2022-03-15 03:00:00-04:00,13099.75,13041.504680479658,46.59625561627364,58.24531952034205,69.89438342441045,SL,-58.24531952034158,-1164.9063904068316
2022-03-15 19:00:00-04:00,2022-03-16 01:20:00-04:00,13439.5,13501.177712488312,41.11847499220762,51.39809374025952,61.67771248831143,TP,61.677712488311954,1233.554249766239
2022-03-16 19:00:00-04:00,2022-03-17 06:00:00-04:00,13955.25,13882.259295647302,58.392563482157875,72.99070435269735,87.58884522323682,SL,-72.99070435269823,-1459.8140870539646
2022-03-17 19:00:00-04:00,2022-03-17 21:00:00-04:00,14026.0,13974.61710540374,41.1063156770081,51.38289459626012,61.65947351551215,SL,-51.382894596259575,-1027.6578919251915
2022-03-20 19:00:00-04:00,2022-03-20 20:20:00-04:00,14415.25,14374.056086714989,32.955130628008945,41.19391328501118,49.43269594201342,SL,-41.19391328501115,-823.878265700223
2022-03-21 19:00:00-04:00,2022-03-21 21:00:00-04:00,14360.75,14303.91266492881,45.46986805695198,56.837335071189976,68.20480208542797,SL,-56.837335071189955,-1136.746701423799
2022-03-22 19:00:00-04:00,2022-03-23 04:20:00-04:00,14656.0,14616.115530577714,31.907575537829036,39.884469422286294,47.861363306743556,SL,-39.8844694222862,-797.689388445724
2022-03-23 19:00:00-04:00,2022-03-24 01:40:00-04:00,14480.75,14531.469678266127,33.81311884408393,42.266398555104914,50.7196782661259,TP,50.71967826612672,1014.3935653225344
2022-03-24 19:00:00-04:00,2022-03-25 00:40:00-04:00,14748.5,14793.894058596145,30.26270573076269,37.82838216345336,45.394058596144035,TP,45.39405859614453,907.8811719228906
2022-03-27 19:00:00-04:00,2022-03-27 21:00:00-04:00,14738.75,14695.75786231214,34.393710150287255,42.99213768785907,51.59056522543088,SL,-42.99213768785921,-859.8427537571843
2022-03-28 19:00:00-04:00,2022-03-29 01:40:00-04:00,14972.75,15018.992412127913,30.828274751941915,38.535343439927395,46.24241212791287,TP,46.24241212791276,924.8482425582552
2022-03-29 19:00:00-04:00,2022-03-30 03:20:00-04:00,15217.75,15176.736267326327,32.81098613893825,41.013732673672806,49.21647920840737,SL,-41.013732673673076,-820.2746534734615
2022-03-30 19:00:00-04:00,2022-03-30 20:40:00-04:00,15109.75,15152.509460604717,28.506307069811484,35.63288383726436,42.759460604717226,TP,42.75946060471688,855.1892120943376
2022-04-03 19:00:00-04:00,2022-04-04 01:40:00-04:00,14836.25,14886.472298748578,33.481532499052655,41.85191562381582,50.22229874857898,TP,50.222298748578396,1004.4459749715679
2022-04-04 19:00:00-04:00,2022-04-05 03:00:00-04:00,15156.0,15187.75814858129,21.172099054193147,26.465123817741436,31.75814858128972,TP,31.758148581289788,635.1629716257958
2022-04-05 19:00:00-04:00,2022-04-05 20:40:00-04:00,14838.0,14800.113627098686,30.30909832105154,37.886372901314424,45.46364748157731,SL,-37.886372901313734,-757.7274580262747
2022-04-06 19:00:00-04:00,2022-04-06 19:40:00-04:00,14506.75,14446.392106996853,48.286314402517284,60.35789300314661,72.42947160377592,SL,-60.35789300314718,-1207.1578600629437
2022-04-07 19:00:00-04:00,2022-04-08 03:20:00-04:00,14549.25,14611.332110461532,41.38807364102119,51.73509205127648,62.082110461531784,TP,62.082110461531556,1241.6422092306311
2022-04-10 19:00:00-04:00,2022-04-10 19:40:00-04:00,14357.25,14318.214018588715,31.228785129028182,39.03598141128523,46.84317769354227,SL,-39.03598141128532,-780.7196282257064
2022-04-11 19:00:00-04:00,2022-04-11 20:40:00-04:00,13999.0,13960.910415897815,30.471667281747465,38.08958410218433,45.70750092262119,SL,-38.089584102184745,-761.7916820436949
2022-04-12 19:00:00-04:00,2022-04-12 23:00:00-04:00,13974.0,14037.634583278894,42.42305551926307,53.02881939907884,63.63458327889461,TP,63.63458327889384,1272.6916655778768
2022-04-13 19:00:00-04:00,2022-04-14 00:00:00-04:00,14230.25,14272.067265243904,27.878176829269535,34.84772103658692,41.8172652439043,TP,41.81726524390433,836.3453048780866
2022-04-17 19:00:00-04:00,2022-04-17 19:40:00-04:00,13790.25,13748.884193390038,33.092645287969184,41.36580660996148,49.63896793195377,SL,-41.36580660996151,-827.3161321992302
2022-04-18 19:00:00-04:00,2022-04-19 03:00:00-04:00,13975.25,13926.025601481855,39.37951881451614,49.22439851814517,59.06927822177421,SL,-49.22439851814488,-984.4879703628976
2022-04-19 19:00:00-04:00,2022-04-20 04:40:00-04:00,14087.25,14145.661121993988,38.94074799599237,48.675934994990456,58.41112199398855,TP,58.41112199398776,1168.2224398797553
2022-04-20 19:00:00-04:00,2022-04-21 03:40:00-04:00,14074.75,14136.46313401663,41.14208934442053,51.427611680525665,61.713134016630804,TP,61.71313401663065,1234.262680332613
2022-04-21 19:00:00-04:00,2022-04-21 20:40:00-04:00,13710.5,13654.359017796198,44.91278576304135,56.140982203801684,67.36917864456203,SL,-56.140982203802196,-1122.819644076044
2022-04-24 19:00:00-04:00,2022-04-24 20:00:00-04:00,13323.0,13263.916886249413,47.266491000469664,59.08311375058708,70.89973650070449,SL,-59.08311375058656,-1181.6622750117313
2022-04-25 19:00:00-04:00,2022-04-26 03:00:00-04:00,13533.0,13469.976600469898,50.41871962408222,63.02339953010278,75.62807943612333,SL,-63.023399530102324,-1260.4679906020465
2022-04-26 19:00:00-04:00,2022-04-27 02:00:00-04:00,12976.5,13085.307196081036,72.53813072069066,90.67266340086333,108.80719608103598,TP,108.80719608103573,2176.1439216207145
2022-04-27 19:00:00-04:00,2022-04-28 03:00:00-04:00,13165.5,13259.41639257172,62.610928381146856,78.26366047643357,93.91639257172028,TP,93.91639257172028,1878.3278514344056
2022-04-28 19:00:00-04:00,2022-04-29 01:00:00-04:00,13256.25,13362.773836490138,71.01589099342499,88.76986374178124,106.52383649013748,TP,106.52383649013791,2130.476729802758
2022-05-01 19:00:00-04:00,2022-05-01 19:40:00-04:00,12908.25,12836.591004924212,57.32719606063082,71.65899507578852,85.99079409094622,SL,-71.65899507578797,-1433.1799015157594
2022-05-02 19:00:00-04:00,2022-05-02 22:00:00-04:00,13052.25,13145.032389186748,61.854926124498846,77.31865765562355,92.78238918674828,TP,92.78238918674833,1855.6477837349667
2022-05-03 19:00:00-04:00,2022-05-04 08:00:00-04:00,13115.0,13130.0,47.254894597183096,59.06861824647887,70.88234189577464,Force,15.0,300.0
2022-05-04 19:00:00-04:00,2022-05-05 03:00:00-04:00,13513.5,13435.662704424085,62.26983646073241,77.8372955759155,93.40475469109862,SL,-77.83729557591505,-1556.745911518301
2022-05-05 19:00:00-04:00,2022-05-06 03:20:00-04:00,12857.5,12780.042993475285,61.96560521977209,77.45700652471511,92.94840782965812,SL,-77.45700652471533,-1549.1401304943065
2022-05-08 19:00:00-04:00,2022-05-08 20:40:00-04:00,12615.5,12530.082919881961,68.3336640944316,85.4170801180395,102.5004961416474,SL,-85.41708011803894,-1708.3416023607788
2022-05-09 19:00:00-04:00,2022-05-09 20:00:00-04:00,12223.75,12156.825059458872,53.539952432903085,66.92494054112886,80.30992864935463,SL,-66.92494054112831,-1338.4988108225662
2022-05-10 19:00:00-04:00,2022-05-10 22:20:00-04:00,12352.25,12439.883399524304,58.42226634953594,73.02783293691992,87.63339952430391,TP,87.63339952430397,1752.6679904860794
2022-05-11 19:00:00-04:00,2022-05-12 01:20:00-04:00,11998.0,11917.62162777845,64.30269777724062,80.37837222155078,96.45404666586094,SL,-80.37837222155031,-1607.5674444310062
2022-05-12 19:00:00-04:00,2022-05-12 20:20:00-04:00,11961.25,12066.863275028934,70.40885001928908,88.01106252411134,105.61327502893361,TP,105.61327502893437,2112.2655005786874
2022-05-15 19:00:00-04:00,2022-05-15 21:40:00-04:00,12449.75,12387.675356037838,49.659715169728955,62.07464396216119,74.48957275459344,SL,-62.074643962161645,-1241.492879243233
2022-05-16 19:00:00-04:00,2022-05-16 21:20:00-04:00,12265.5,12329.789020104598,42.859346736398464,53.57418342049808,64.2890201045977,TP,64.28902010459751,1285.7804020919502
2022-05-17 19:00:00-04:00,2022-05-17 21:20:00-04:00,12568.5,12521.626371408995,37.498902872804486,46.873628591005605,56.24835430920673,SL,-46.8736285910054,-937.472571820108
2022-05-18 19:00:00-04:00,2022-05-18 20:00:00-04:00,11877.25,11817.92685905838,47.458512753296745,59.323140941620935,71.18776912994511,SL,-59.323140941620295,-1186.462818832406
2022-05-19 19:00:00-04:00,2022-05-19 20:20:00-04:00,11897.25,11980.63642939724,55.59095293149316,69.48869116436646,83.38642939723974,TP,83.38642939724014,1667.7285879448027
2022-05-22 19:00:00-04:00,2022-05-23 02:20:00-04:00,11960.25,12038.148133021912,51.932088681275104,64.91511085159388,77.89813302191266,TP,77.89813302191214,1557.962660438243
2022-05-23 19:00:00-04:00,2022-05-24 02:20:00-04:00,11869.25,11796.812781166089,57.9497750671286,72.43721883391075,86.9246626006929,SL,-72.43721883391117,-1448.7443766782235
2022-05-24 19:00:00-04:00,2022-05-24 20:00:00-04:00,11865.0,11799.495070562027,52.40394355037817,65.50492943797272,78.60591532556725,SL,-65.50492943797326,-1310.0985887594652
2022-05-25 19:00:00-04:00,2022-05-25 23:20:00-04:00,11923.5,11860.854397836365,50.11648173090816,62.6456021636352,75.17472259636224,SL,-62.645602163634976,-1252.9120432726995
2022-05-26 19:00:00-04:00,2022-05-26 20:40:00-04:00,12280.0,12236.238774543133,35.008980365492675,43.761225456865844,52.51347054823901,SL,-43.76122545686667,-875.2245091373334
2022-05-30 19:00:00-04:00,2022-05-30 20:20:00-04:00,12791.25,12758.968723761323,25.825020990940814,32.281276238676014,38.73753148641122,SL,-32.28127623867658,-645.6255247735317
2022-05-31 19:00:00-04:00,2022-06-01 01:40:00-04:00,12686.5,12628.38661677818,46.49070657745577,58.11338322181971,69.73605986618365,SL,-58.113383221820186,-1162.2676644364037
2022-06-01 19:00:00-04:00,2022-06-02 03:00:00-04:00,12527.75,12593.172331167092,43.61488744472863,54.518609305910786,65.42233116709295,TP,65.42233116709212,1308.4466233418425
2022-06-02 19:00:00-04:00,2022-06-03 02:40:00-04:00,12927.0,12882.192244052643,35.84620475788493,44.807755947356156,53.76930713682739,SL,-44.80775594735678,-896.1551189471356
2022-06-05 19:00:00-04:00,2022-06-05 21:00:00-04:00,12548.0,12598.930625419296,33.95375027953043,42.44218784941304,50.93062541929565,TP,50.93062541929612,1018.6125083859224
2022-06-06 19:00:00-04:00,2022-06-06 20:20:00-04:00,12591.75,12546.423056523347,36.26155478132245,45.326943476653064,54.39233217198368,SL,-45.32694347665347,-906.5388695330694
2022-06-07 19:00:00-04:00,2022-06-07 23:20:00-04:00,12695.75,12656.448599875395,31.441120099683218,39.30140012460402,47.16168014952483,SL,-39.3014001246047,-786.028002492094
2022-06-08 19:00:00-04:00,2022-06-08 20:40:00-04:00,12631.5,12592.840248252984,30.927801397613067,38.65975174701633,46.3917020964196,SL,-38.659751747016344,-773.1950349403269
2022-06-09 19:00:00-04:00,2022-06-10 08:00:00-04:00,12313.25,12338.0,37.516766799723264,46.89595849965408,56.2751501995849,Force,24.75,495.0
2022-06-12 19:00:00-04:00,2022-06-12 21:00:00-04:00,11692.25,11630.511120131345,49.39110389492403,61.73887986865503,74.08665584238605,SL,-61.738879868655204,-1234.777597373104
2022-06-13 19:00:00-04:00,2022-06-13 23:20:00-04:00,11360.0,11432.518529555504,48.34568637033629,60.43210796292036,72.51852955550443,TP,72.51852955550385,1450.370591110077
2022-06-14 19:00:00-04:00,2022-06-14 19:40:00-04:00,11366.75,11435.388999863957,45.75933324263776,57.1991665532972,68.63899986395664,TP,68.638999863957,1372.77999727914
2022-06-15 19:00:00-04:00,2022-06-15 21:00:00-04:00,11678.25,11771.975859306775,62.48390620451577,78.10488275564471,93.72585930677366,TP,93.72585930677451,1874.5171861354902
2022-06-16 19:00:00-04:00,2022-06-16 22:40:00-04:00,11183.5,11252.334416787253,45.88961119150135,57.36201398937669,68.83441678725202,TP,68.83441678725285,1376.688335745057
2022-06-19 19:00:00-04:00,2022-06-19 21:00:00-04:00,11405.5,11348.402133048567,45.67829356114706,57.09786695143382,68.51744034172059,SL,-57.09786695143339,-1141.9573390286678
2022-06-20 19:00:00-04:00,2022-06-20 19:40:00-04:00,11408.5,11435.993868159887,18.32924543992495,22.911556799906187,27.493868159887427,TP,27.493868159886915,549.8773631977383
2022-06-21 19:00:00-04:00,2022-06-21 20:40:00-04:00,11561.0,11529.279811357143,25.37615091428527,31.720188642856584,38.06422637142791,SL,-31.720188642857465,-634.4037728571493
2022-06-22 19:00:00-04:00,2022-06-22 20:40:00-04:00,11507.5,11566.095172799742,39.063448533160916,48.82931066645114,58.59517279974138,TP,58.595172799741704,1171.903455994834
2022-06-23 19:00:00-04:00,2022-06-23 21:40:00-04:00,11713.0,11768.732855863245,37.15523724216301,46.44404655270377,55.73285586324452,TP,55.73285586324528,1114.6571172649055
2022-06-26 19:00:00-04:00,2022-06-26 20:00:00-04:00,12110.5,12078.399487763294,25.6804097893649,32.10051223670612,38.52061468404735,SL,-32.10051223670598,-642.0102447341196
2022-06-27 19:00:00-04:00,2022-06-27 22:00:00-04:00,12062.75,12022.24838286416,32.40129370867244,40.50161713584055,48.60194056300866,SL,-40.501617135840206,-810.0323427168041
2022-06-28 19:00:00-04:00,2022-06-29 02:40:00-04:00,11674.25,11633.044385391797,32.96449168656242,41.20561460820302,49.44673752984363,SL,-41.20561460820318,-824.1122921640635
2022-06-29 19:00:00-04:00,2022-06-29 21:00:00-04:00,11686.0,11644.204864181327,33.43610865493852,41.79513581867315,50.15416298240778,SL,-41.79513581867286,-835.9027163734572
2022-07-03 19:00:00-04:00,2022-07-03 19:40:00-04:00,11603.75,11560.79483905362,34.36412875710419,42.95516094638024,51.54619313565628,SL,-42.95516094637969,-859.1032189275938
2022-07-04 19:00:00-04:00,2022-07-04 19:40:00-04:00,11727.75,11694.662665624099,26.46986750072087,33.08733437590109,39.70480125108131,SL,-33.087334375901264,-661.7466875180253
2022-07-05 19:00:00-04:00,2022-07-05 21:00:00-04:00,11809.0,11866.08018472457,38.053456483046546,47.56682060380818,57.08018472456982,TP,57.080184724569335,1141.6036944913867
2022-07-06 19:00:00-04:00,2022-07-06 21:40:00-04:00,11885.25,11838.141445978954,37.6868432168371,47.10855402104637,56.53026482525564,SL,-47.108554021046075,-942.1710804209215
2022-07-07 19:00:00-04:00,2022-07-07 22:40:00-04:00,12104.5,12076.169893476601,22.664085218719748,28.330106523399685,33.99612782807962,SL,-28.33010652339908,-566.6021304679816
2022-07-10 19:00:00-04:00,2022-07-10 21:20:00-04:00,12108.0,12076.967456998842,24.82603440092607,31.032543001157585,37.23905160138911,SL,-31.032543001158047,-620.6508600231609
2022-07-11 19:00:00-04:00,2022-07-11 20:40:00-04:00,11887.75,11852.157624201118,28.473900639106038,35.59237579888255,42.71085095865906,SL,-35.59237579888213,-711.8475159776426
2022-07-12 19:00:00-04:00,2022-07-13 02:40:00-04:00,11772.75,11822.590715738834,33.22714382588943,41.53392978236178,49.84071573883414,TP,49.84071573883375,996.814314776675
2022-07-13 19:00:00-04:00,2022-07-13 23:20:00-04:00,11688.75,11753.478622158516,43.152414772344265,53.94051846543033,64.7286221585164,TP,64.72862215851637,1294.5724431703275
2022-07-14 19:00:00-04:00,2022-07-15 02:40:00-04:00,11832.0,11788.565133734877,34.74789301209762,43.434866265122025,52.12183951814643,SL,-43.434866265122764,-868.6973253024553
2022-07-17 19:00:00-04:00,2022-07-17 20:40:00-04:00,12063.0,12035.659052437979,21.87275804961748,27.340947562021853,32.80913707442622,SL,-27.34094756202103,-546.8189512404206
2022-07-18 19:00:00-04:00,2022-07-19 03:00:00-04:00,11919.25,11964.896120208812,30.43074680587472,38.0384335073434,45.64612020881208,TP,45.646120208812135,912.9224041762427
2022-07-19 19:00:00-04:00,2022-07-20 03:40:00-04:00,12322.5,12289.41847833952,26.465217328384256,33.08152166048032,39.697825992576384,SL,-33.081521660480576,-661.6304332096115
2022-07-20 19:00:00-04:00,2022-07-21 01:40:00-04:00,12432.5,12487.333757509656,36.55583833977017,45.69479792471271,54.83375750965526,TP,54.8337575096557,1096.675150193114
2022-07-21 19:00:00-04:00,2022-07-22 06:40:00-04:00,12547.25,12601.615608332797,36.2437388885318,45.30467361066475,54.365608332797706,TP,54.36560833279691,1087.3121666559382
2022-07-24 19:00:00-04:00,2022-07-25 04:20:00-04:00,12413.75,12457.206125194398,28.97075012959828,36.21343766199785,43.456125194397416,TP,43.45612519439783,869.1225038879566
2022-07-25 19:00:00-04:00,2022-07-26 08:00:00-04:00,12301.75,12288.0,28.707309582305317,35.884136977881646,43.06096437345798,Force,-13.75,-275.0
2022-07-26 19:00:00-04:00,2022-07-27 04:00:00-04:00,12258.75,12316.208504779332,38.30566985288755,47.882087316109434,57.45850477933132,TP,57.45850477933163,1149.1700955866327
2022-07-27 19:00:00-04:00,2022-07-29 00:00:00-04:00,12584.5,12889.75,36.80998017508404,46.01247521885505,55.21497026262607,TP,305.25,6105.0
2022-07-31 19:00:00-04:00,2022-08-01 03:20:00-04:00,12931.75,12966.748778280353,23.33251885356821,29.165648566960265,34.99877828035231,TP,34.99877828035278,699.9755656070556
2022-08-01 19:00:00-04:00,2022-08-01 20:40:00-04:00,12963.25,12924.10702028577,31.314383771384172,39.142979714230215,46.97157565707626,SL,-39.14297971423002,-782.8595942846005
2022-08-02 19:00:00-04:00,2022-08-02 20:40:00-04:00,12927.5,12883.469677049774,35.22425836018137,44.03032295022672,52.83638754027206,SL,-44.03032295022604,-880.6064590045207
2022-08-03 19:00:00-04:00,2022-08-04 05:20:00-04:00,13236.5,13276.508278955554,26.672185970369924,33.340232462962405,40.008278955554886,TP,40.00827895555449,800.1655791110898
2022-08-04 19:00:00-04:00,2022-08-04 22:20:00-04:00,13339.25,13381.003463860055,27.835642573370436,34.79455321671304,41.75346386005565,TP,41.75346386005549,835.0692772011098
2022-08-07 19:00:00-04:00,2022-08-07 22:00:00-04:00,13178.0,13206.904786255085,19.269857503389797,24.087321879237248,28.904786255084694,TP,28.904786255085128,578.0957251017026
2022-08-08 19:00:00-04:00,2022-08-08 21:20:00-04:00,13218.0,13179.276960675394,30.978431459684554,38.72303932460569,46.46764718952683,SL,-38.72303932460636,-774.4607864921272
2022-08-09 19:00:00-04:00,2022-08-09 20:00:00-04:00,13051.25,13020.810704048574,24.35143676114032,30.4392959514254,36.52715514171048,SL,-30.439295951426175,-608.7859190285235
2022-08-10 19:00:00-04:00,2022-08-10 20:00:00-04:00,13387.5,13425.242261573127,25.16150771541733,31.45188464427166,37.742261573125994,TP,37.7422615731266,754.845231462532
2022-08-11 19:00:00-04:00,2022-08-12 03:20:00-04:00,13327.5,13370.06824394159,28.37882929439322,35.47353661799153,42.56824394158983,TP,42.56824394159048,851.3648788318096
2022-08-14 19:00:00-04:00,2022-08-14 21:00:00-04:00,13559.25,13536.212422470286,18.430062023771107,23.037577529713886,27.64509303565666,SL,-23.037577529714326,-460.7515505942865
2022-08-15 19:00:00-04:00,2022-08-15 21:20:00-04:00,13674.25,13649.073725493712,20.141019605030547,25.176274506288184,30.211529407545818,SL,-25.176274506287882,-503.52549012575764
2022-08-16 19:00:00-04:00,2022-08-17 03:00:00-04:00,13645.25,13611.08559715397,27.33152227682413,34.164402846030164,40.9972834152362,SL,-34.1644028460305,-683.28805692061
2022-08-17 19:00:00-04:00,2022-08-18 02:40:00-04:00,13457.25,13415.98025621599,33.01579502720894,41.26974378401117,49.52369254081341,SL,-41.26974378401064,-825.3948756802129
2022-08-18 19:00:00-04:00,2022-08-18 21:20:00-04:00,13523.0,13493.283333977595,23.773332817923578,29.71666602240447,35.65999922688537,SL,-29.716666022404752,-594.333320448095
2022-08-21 19:00:00-04:00,2022-08-22 02:00:00-04:00,13208.25,13176.300628801428,25.55949695885721,31.949371198571512,38.339245438285815,SL,-31.949371198572408,-638.9874239714482
2022-08-22 19:00:00-04:00,2022-08-23 01:00:00-04:00,12948.0,12919.22979420416,23.01616463667182,28.770205795839775,34.52424695500773,SL,-28.7702057958395,-575.40411591679
2022-08-23 19:00:00-04:00,2022-08-23 21:40:00-04:00,12904.75,12872.902117744383,25.478305804493544,31.84788225561693,38.21745870674032,SL,-31.84788225561715,-636.957645112343
2022-08-24 19:00:00-04:00,2022-08-24 21:40:00-04:00,12942.25,12977.161292024446,23.274194682964527,29.092743353705657,34.911292024446794,TP,34.911292024446084,698.2258404889217
2022-08-25 19:00:00-04:00,2022-08-26 01:40:00-04:00,13152.25,13123.232066619457,23.214346704433844,29.017933380542303,34.82152005665077,SL,-29.017933380542672,-580.3586676108534
2022-08-28 19:00:00-04:00,2022-08-28 19:20:00-04:00,12476.5,12436.165630342282,32.267495726174175,40.334369657717716,48.40124358926126,SL,-40.334369657717616,-806.6873931543523
2022-08-29 19:00:00-04:00,2022-08-30 00:20:00-04:00,12501.5,12552.477025716076,33.98468381071778,42.48085476339723,50.977025716076675,TP,50.97702571607624,1019.5405143215248
2022-08-30 19:00:00-04:00,2022-08-30 21:20:00-04:00,12362.5,12415.119194644485,35.07946309632347,43.84932887040434,52.619194644485205,TP,52.619194644485106,1052.383892889702
2022-08-31 19:00:00-04:00,2022-08-31 20:40:00-04:00,12198.75,12147.956296369204,40.6349629046366,50.793703630795754,60.9524443569549,SL,-50.79370363079579,-1015.8740726159158
2022-09-01 19:00:00-04:00,2022-09-02 08:00:00-04:00,12286.5,12271.25,37.632127492095016,47.04015936511877,56.44819123814253,Force,-15.25,-305.0
2022-09-04 19:00:00-04:00,2022-09-04 20:00:00-04:00,12084.0,12147.047965813937,42.03197720929212,52.53997151161515,63.047965813938184,TP,63.04796581393748,1260.9593162787496
2022-09-05 19:00:00-04:00,2022-09-05 20:20:00-04:00,12156.0,12192.17844670121,24.118964467473095,30.148705584341368,36.178446701209644,TP,36.178446701209396,723.5689340241879
2022-09-06 19:00:00-04:00,2022-09-06 20:00:00-04:00,12009.0,11961.038153404914,38.369477276069,47.96184659508625,57.554215914103494,SL,-47.96184659508617,-959.2369319017234
2022-09-07 19:00:00-04:00,2022-09-08 00:00:00-04:00,12274.75,12317.929406630758,28.7862710871719,35.982838858964875,43.17940663075785,TP,43.17940663075751,863.5881326151502
2022-09-08 19:00:00-04:00,2022-09-09 00:20:00-04:00,12423.75,12475.030342521492,34.18689501432754,42.73361876790943,51.280342521491306,TP,51.28034252149155,1025.606850429831
2022-09-11 19:00:00-04:00,2022-09-11 21:00:00-04:00,12704.75,12673.131814787968,25.294548169625564,31.618185212031953,37.94182225443835,SL,-31.618185212031676,-632.3637042406335
2022-09-12 19:00:00-04:00,2022-09-12 22:00:00-04:00,12848.5,12818.425208350378,24.059833319697404,30.074791649621755,36.089749979546106,SL,-30.074791649622057,-601.4958329924411
2022-09-13 19:00:00-04:00,2022-09-14 03:00:00-04:00,12123.25,12179.409062556655,37.43937503777035,46.79921879721293,56.15906255665552,TP,56.159062556655044,1123.181251133101
2022-09-14 19:00:00-04:00,2022-09-15 01:40:00-04:00,12250.0,12207.077712128,34.337830297599034,42.92228787199879,51.506745446398554,SL,-42.92228787199929,-858.4457574399858
2022-09-15 19:00:00-04:00,2022-09-16 04:40:00-04:00,11910.5,11857.526619501881,42.37870439849488,52.9733804981186,63.56805659774233,SL,-52.973380498118786,-1059.4676099623757
2022-09-18 19:00:00-04:00,2022-09-18 22:20:00-04:00,11931.5,11884.125660340842,37.89947172732666,47.37433965915833,56.84920759098999,SL,-47.37433965915807,-947.4867931831614
2022-09-19 19:00:00-04:00,2022-09-20 03:40:00-04:00,12054.5,12016.9942096568,30.0046322745603,37.505790343200374,45.006948411840455,SL,-37.505790343200715,-750.1158068640143
2022-09-20 19:00:00-04:00,2022-09-21 03:00:00-04:00,11914.5,11874.610114144793,31.911908684166477,39.88988585520809,47.867863026249715,SL,-39.88988585520747,-797.7977171041493
2022-09-21 19:00:00-04:00,2022-09-22 03:40:00-04:00,11616.25,11706.010316193631,59.84021079575436,74.80026349469296,89.76031619363154,TP,89.7603161936313,1795.206323872626
2022-09-22 19:00:00-04:00,2022-09-22 22:20:00-04:00,11575.5,11526.05862899353,39.55309680517536,49.4413710064692,59.329645207763036,SL,-49.441371006469126,-988.8274201293825
2022-09-26 19:00:00-04:00,2022-09-26 20:40:00-04:00,11342.0,11405.282914740415,42.188609826943875,52.73576228367985,63.28291474041581,TP,63.282914740415436,1265.6582948083087
2022-09-27 19:00:00-04:00,2022-09-27 21:20:00-04:00,11362.5,11313.994651957795,38.804278433764544,48.50534804220568,58.20641765064681,SL,-48.50534804220479,-970.1069608440957
2022-09-28 19:00:00-04:00,2022-09-29 01:40:00-04:00,11540.25,11493.643988769647,37.28480898428285,46.60601123035356,55.92721347642427,SL,-46.60601123035303,-932.1202246070607
2022-09-29 19:00:00-04:00,2022-09-29 22:20:00-04:00,11249.25,11199.412954028554,39.86963677715651,49.83704597144563,59.804455165734765,SL,-49.83704597144606,-996.7409194289212
2022-10-02 19:00:00-04:00,2022-10-02 19:40:00-04:00,11012.5,10957.346932228185,44.12245421745243,55.153067771815536,66.18368132617864,SL,-55.153067771814676,-1103.0613554362935
2022-10-03 19:00:00-04:00,2022-10-03 20:00:00-04:00,11321.25,11371.981029580218,33.82068638681169,42.27585798351461,50.73102958021753,TP,50.73102958021809,1014.6205916043618
2022-10-04 19:00:00-04:00,2022-10-04 20:40:00-04:00,11623.0,11584.274318299344,30.98054536052477,38.72568170065596,46.47081804078715,SL,-38.72568170065642,-774.5136340131285
2022-10-05 19:00:00-04:00,2022-10-05 20:00:00-04:00,11656.5,11708.849013991205,34.89934266080287,43.62417832600359,52.34901399120431,TP,52.34901399120463,1046.9802798240926
2022-10-06 19:00:00-04:00,2022-10-06 22:40:00-04:00,11506.5,11559.421955243435,35.28130349562351,44.10162936952939,52.921955243435264,TP,52.92195524343515,1058.439104868703
2022-10-09 19:00:00-04:00,2022-10-10 03:20:00-04:00,11028.75,11082.271102843832,35.68073522922124,44.60091903652655,53.52110284383186,TP,53.52110284383161,1070.4220568766323
2022-10-10 19:00:00-04:00,2022-10-10 20:00:00-04:00,11026.0,10981.828050455839,35.33755963532877,44.17194954416097,53.00633945299316,SL,-44.17194954416118,-883.4389908832236
2022-10-11 19:00:00-04:00,2022-10-12 00:00:00-04:00,10862.5,10919.114877283073,37.74325152204863,47.17906440256079,56.61487728307294,TP,56.61487728307293,1132.2975456614586
2022-10-12 19:00:00-04:00,2022-10-13 02:00:00-04:00,10859.25,10821.908126409717,29.87349887222712,37.3418735902839,44.81024830834068,SL,-37.341873590283285,-746.8374718056657
2022-10-13 19:00:00-04:00,2022-10-13 21:40:00-04:00,11080.0,11157.077140986876,51.38476065791734,64.23095082239668,77.077140986876,TP,77.07714098687575,1541.542819737515
2022-10-16 19:00:00-04:00,2022-10-17 01:40:00-04:00,10788.5,10845.666364036948,38.110909357965035,47.63863669745629,57.166364036947556,TP,57.166364036947925,1143.3272807389585
2022-10-18 19:00:00-04:00,2022-10-19 01:00:00-04:00,11371.75,11307.902769697943,51.07778424164611,63.84723030205763,76.61667636246916,SL,-63.84723030205714,-1276.9446060411428
2022-10-19 19:00:00-04:00,2022-10-19 21:00:00-04:00,11086.0,11031.876055017707,43.299155985835256,54.12394498229407,64.94873397875288,SL,-54.123944982293324,-1082.4788996458665
2022-10-20 19:00:00-04:00,2022-10-21 03:20:00-04:00,11002.75,11063.296988669377,40.36465911291856,50.4558238911482,60.54698866937784,TP,60.54698866937724,1210.9397733875448
2022-10-23 19:00:00-04:00,2022-10-23 21:00:00-04:00,11483.25,11431.000288733916,41.799769012867266,52.249711266084084,62.699653519300895,SL,-52.24971126608398,-1044.9942253216796
2022-10-24 19:00:00-04:00,2022-10-24 21:00:00-04:00,11484.0,11443.453624571248,32.437100343001624,40.54637542875203,48.65565051450244,SL,-40.54637542875207,-810.9275085750414
2022-10-25 19:00:00-04:00,2022-10-26 03:20:00-04:00,11462.75,11524.983417184503,41.48894478966921,51.86118098708651,62.23341718450382,TP,62.233417184503196,1244.668343690064
2022-10-26 19:00:00-04:00,2022-10-26 20:20:00-04:00,11474.25,11537.450953253032,42.13396883535479,52.66746104419349,63.20095325303219,TP,63.20095325303191,1264.0190650606382
2022-10-30 19:00:00-04:00,2022-10-30 20:20:00-04:00,11575.5,11539.188352494779,29.049318004176673,36.31164750522084,43.57397700626501,SL,-36.31164750522112,-726.2329501044223
2022-11-01 19:00:00-04:00,2022-11-02 04:20:00-04:00,11344.5,11387.501666303342,28.667777535561356,35.834721919451695,43.001666303342034,TP,43.00166630334206,860.0333260668413
2022-11-02 19:00:00-04:00,2022-11-03 07:00:00-04:00,10914.5,10842.756516072222,57.39478714222165,71.74348392777706,86.09218071333248,SL,-71.74348392777756,-1434.8696785555512
2022-11-03 19:00:00-04:00,2022-11-04 00:20:00-04:00,10712.0,10761.519097728411,33.012731818940765,41.26591477367596,49.51909772841115,TP,49.519097728411,990.38195456822
2022-11-06 19:00:00-05:00,2022-11-07 00:20:00-05:00,10826.5,10886.829539927172,40.219693284780845,50.27461660597606,60.32953992717127,TP,60.329539927171936,1206.5907985434387
2022-11-07 19:00:00-05:00,2022-11-08 00:00:00-05:00,11025.0,10990.56094150504,27.551246795967778,34.439058494959724,41.32687019395166,SL,-34.43905849495968,-688.7811698991936
2022-11-08 19:00:00-05:00,2022-11-08 20:20:00-05:00,11104.25,11160.711871430587,37.641247620391674,47.051559525489594,56.46187143058751,TP,56.46187143058705,1129.237428611741
2022-11-09 19:00:00-05:00,2022-11-10 06:40:00-05:00,10853.75,10900.933058897883,31.45537259858803,39.31921574823504,47.18305889788205,TP,47.1830588978828,943.661177957656
2022-11-10 19:00:00-05:00,2022-11-11 00:40:00-05:00,11648.5,11707.700982561286,39.467321707523396,49.33415213440425,59.200982561285095,TP,59.200982561285855,1184.019651225717
2022-11-13 19:00:00-05:00,2022-11-14 04:20:00-05:00,11802.0,11754.791210719823,37.76703142414191,47.20878928017739,56.650547136212865,SL,-47.20878928017737,-944.1757856035474
2022-11-14 19:00:00-05:00,2022-11-15 00:00:00-05:00,11768.75,11814.7383874437,30.658924962467292,38.32365620308411,45.98838744370094,TP,45.98838744370005,919.767748874001
2022-11-15 19:00:00-05:00,2022-11-16 02:40:00-05:00,11873.25,11941.318603719723,45.37906914648234,56.72383643310292,68.06860371972351,TP,68.06860371972289,1361.3720743944577
2022-11-16 19:00:00-05:00,2022-11-16 21:20:00-05:00,11784.5,11747.487532035764,29.609974371388038,37.01246796423505,44.41496155708206,SL,-37.01246796423584,-740.2493592847168
2022-11-17 19:00:00-05:00,2022-11-18 01:20:00-05:00,11726.0,11687.61086575366,30.711307397070865,38.38913424633858,46.066961095606295,SL,-38.38913424633938,-767.7826849267876
2022-11-18 19:00:00-05:00,2022-11-21 00:00:00-05:00,11711.0,11673.05010327026,30.359917383792403,37.9498967297405,45.5398760756886,SL,-37.94989672974043,-758.9979345948086
2022-11-21 19:00:00-05:00,2022-11-22 01:20:00-05:00,11610.5,11580.50485563351,23.996115493191873,29.99514436648984,35.99417323978781,SL,-29.995144366490422,-599.9028873298084
2022-11-22 19:00:00-05:00,2022-11-22 23:00:00-05:00,11747.25,11721.71634228151,20.4269261747921,25.533657718490126,30.64038926218815,SL,-25.53365771848985,-510.673154369797
2022-11-23 19:00:00-05:00,2022-11-24 08:00:00-05:00,11893.75,11909.75,26.857893752213233,33.57236719026654,40.28684062831985,Force,16.0,320.0
2022-11-24 19:00:00-05:00,2022-11-25 03:00:00-05:00,11904.75,11891.735308909194,10.411752872645467,13.014691090806833,15.617629308968201,SL,-13.014691090806082,-260.29382181612164
2022-11-27 19:00:00-05:00,2022-11-27 20:00:00-05:00,11718.25,11693.493963467172,19.80482922626283,24.756036532828535,29.707243839394245,SL,-24.756036532828148,-495.12073065656296
2022-11-28 19:00:00-05:00,2022-11-28 22:20:00-05:00,11619.75,11650.61394628771,20.575964191806797,25.719955239758498,30.863946287710196,TP,30.86394628771086,617.2789257542172
2022-11-29 19:00:00-05:00,2022-11-29 20:40:00-05:00,11508.5,11541.965546209407,22.310364139605174,27.887955174506466,33.46554620940776,TP,33.465546209406966,669.3109241881393
2022-11-30 19:00:00-05:00,2022-12-01 03:20:00-05:00,12070.25,12021.481819351753,39.01454451859703,48.768180648246286,58.52181677789554,SL,-48.768180648246926,-975.3636129649385
2022-12-01 19:00:00-05:00,2022-12-02 04:40:00-05:00,12011.0,12056.053730395237,30.035820263491182,37.54477532936398,45.05373039523677,TP,45.053730395236926,901.0746079047385
2022-12-04 19:00:00-05:00,2022-12-05 03:00:00-05:00,11996.0,11957.351574401073,30.918740479141405,38.64842559892676,46.37811071871211,SL,-38.64842559892713,-772.9685119785427
2022-12-05 19:00:00-05:00,2022-12-06 00:40:00-05:00,11827.75,11795.436829347685,25.850536521851744,32.31317065231468,38.77580478277761,SL,-32.31317065231451,-646.2634130462902
2022-12-06 19:00:00-05:00,2022-12-07 02:00:00-05:00,11584.75,11553.05095235641,25.359238114871676,31.699047643589594,38.038857172307516,SL,-31.699047643589438,-633.9809528717888
2022-12-07 19:00:00-05:00,2022-12-07 20:00:00-05:00,11492.75,11456.677649526384,28.857880378893036,36.0723504736163,43.28682056833955,SL,-36.0723504736161,-721.447009472322
2022-12-08 19:00:00-05:00,2022-12-08 22:00:00-05:00,11636.25,11675.840365067976,26.393576711984043,32.99197088998005,39.590365067976066,TP,39.590365067975654,791.8073013595131
2022-12-12 19:00:00-05:00,2022-12-12 22:00:00-05:00,11830.0,11802.8543190987,21.716544721039316,27.145680901299144,32.574817081558976,SL,-27.145680901299784,-542.9136180259957
2022-12-13 19:00:00-05:00,2022-12-14 08:00:00-05:00,11965.5,11940.0,44.70451491588858,55.880643644860726,67.05677237383287,Force,-25.5,-510.0
2022-12-14 19:00:00-05:00,2022-12-15 02:20:00-05:00,11882.25,11819.613428469615,50.10925722430871,62.63657153038589,75.16388583646307,SL,-62.63657153038548,-1252.7314306077096
2022-12-15 19:00:00-05:00,2022-12-16 00:20:00-05:00,11465.75,11430.544463809649,28.164428952280904,35.20553619035113,42.24664342842136,SL,-35.20553619035127,-704.1107238070254
2022-12-19 19:00:00-05:00,2022-12-19 22:00:00-05:00,11209.75,11180.050696723638,23.759442621090063,29.699303276362578,35.639163931635096,SL,-29.699303276362116,-593.9860655272423
2022-12-20 19:00:00-05:00,2022-12-20 20:20:00-05:00,11212.75,11255.440746902268,28.460497934845975,35.57562241855747,42.69074690226896,TP,42.690746902268074,853.8149380453615
2022-12-21 19:00:00-05:00,2022-12-21 21:20:00-05:00,11345.0,11379.453369282317,22.968912854877527,28.71114106859691,34.45336928231629,TP,34.453369282317,689.06738564634
2022-12-26 19:00:00-05:00,2022-12-27 04:20:00-05:00,11156.5,11118.02013777637,30.78388977890478,38.479862223630974,46.17583466835717,SL,-38.479862223630334,-769.5972444726067
2022-12-27 19:00:00-05:00,2022-12-28 03:00:00-05:00,10911.25,10946.336421758373,23.39094783891576,29.2386847986447,35.08642175837364,TP,35.086421758373035,701.7284351674607
2022-12-28 19:00:00-05:00,2022-12-29 03:40:00-05:00,10786.75,10825.682779422374,25.955186281582453,32.44398285197806,38.93277942237368,TP,38.93277942237364,778.6555884474728
2022-12-29 19:00:00-05:00,2022-12-30 01:00:00-05:00,11016.75,10993.083872081652,18.932902334678236,23.666127918347794,28.399353502017355,SL,-23.66612791834814,-473.32255836696277
2023-01-02 19:00:00-05:00,2023-01-02 20:00:00-05:00,11020.75,10981.941911033999,31.046471172801674,38.80808896600209,46.56970675920251,SL,-38.80808896600138,-776.1617793200276
2023-01-03 19:00:00-05:00,2023-01-04 02:40:00-05:00,10950.0,10996.549318665278,31.032879110185732,38.79109888773216,46.5493186652786,TP,46.549318665278406,930.9863733055681
2023-01-04 19:00:00-05:00,2023-01-04 21:00:00-05:00,10995.25,10948.59144854928,37.326841160575974,46.65855145071997,55.99026174086396,SL,-46.65855145072055,-933.171029014411
2023-01-05 19:00:00-05:00,2023-01-05 22:20:00-05:00,10842.75,10881.6718952826,25.947930188399585,32.43491273549948,38.92189528259938,TP,38.92189528259951,778.4379056519901
2023-01-08 19:00:00-05:00,2023-01-08 23:20:00-05:00,11125.25,11165.636203472688,26.92413564845918,33.655169560573974,40.38620347268877,TP,40.38620347268807,807.7240694537613
2023-01-09 19:00:00-05:00,2023-01-10 03:20:00-05:00,11155.25,11195.566912846292,26.877941897527883,33.59742737190985,40.31691284629183,TP,40.316912846292325,806.3382569258465
2023-01-10 19:00:00-05:00,2023-01-11 02:00:00-05:00,11296.5,11264.894849838467,25.284120129227063,31.605150161533828,37.926180193840594,SL,-31.605150161532947,-632.1030032306589
2023-01-11 19:00:00-05:00,2023-01-12 08:00:00-05:00,11470.0,11500.98172913786,20.654486091906854,25.818107614883566,30.98172913786028,TP,30.981729137860384,619.6345827572077
2023-01-12 19:00:00-05:00,2023-01-12 20:20:00-05:00,11533.25,11491.349531416558,33.52037486675402,41.900468583442525,50.280562300131024,SL,-41.90046858344249,-838.0093716688498
2023-01-15 19:00:00-05:00,2023-01-15 20:40:00-05:00,11590.5,11619.427513382725,19.285008921816587,24.106261152270733,28.927513382724882,TP,28.92751338272501,578.5502676545002
2023-01-16 19:00:00-05:00,2023-01-16 20:00:00-05:00,11593.5,11572.762729159727,16.589816672217854,20.737270840272316,24.884725008326782,SL,-20.737270840272686,-414.7454168054537
2023-01-17 19:00:00-05:00,2023-01-17 21:40:00-05:00,11590.0,11624.883217906881,23.255478604587278,29.0693482557341,34.883217906880915,TP,34.88321790688133,697.6643581376266
2023-01-18 19:00:00-05:00,2023-01-19 02:00:00-05:00,11473.0,11442.935278240931,24.051777407255333,30.064721759069165,36.077666110883,SL,-30.06472175906856,-601.2944351813712
2023-01-19 19:00:00-05:00,2023-01-20 07:40:00-05:00,11396.5,11439.525103370665,28.683402247109505,35.85425280888688,43.025103370664254,TP,43.02510337066451,860.5020674132902
2023-01-22 19:00:00-05:00,2023-01-23 02:00:00-05:00,11657.25,11690.50071016839,22.167140112259673,27.70892514032459,33.25071016838951,TP,33.25071016838956,665.0142033677912
2023-01-23 19:00:00-05:00,2023-01-24 05:20:00-05:00,11918.25,11887.290188277462,24.76784937803003,30.959811722537538,37.15177406704504,SL,-30.95981172253778,-619.1962344507556
2023-01-24 19:00:00-05:00,2023-01-25 04:40:00-05:00,11843.25,11796.075933942218,37.739252846224815,47.17406605778102,56.60887926933722,SL,-47.1740660577816,-943.481321155632
2023-01-25 19:00:00-05:00,2023-01-25 20:20:00-05:00,11920.25,11880.598222396658,31.72142208267376,39.651777603342204,47.58213312401064,SL,-39.65177760334154,-793.0355520668309
2023-01-26 19:00:00-05:00,2023-01-27 08:00:00-05:00,12049.75,12046.0,28.059796817471337,35.074746021839175,42.089695226207006,Force,-3.75,-75.0
2023-01-30 19:00:00-05:00,2023-01-30 22:20:00-05:00,11985.0,11952.20853405865,26.23317275308087,32.791465941351085,39.349759129621305,SL,-32.79146594135091,-655.8293188270181
2023-01-31 19:00:00-05:00,2023-02-01 03:20:00-05:00,12095.75,12135.081177609673,26.220785073115294,32.775981341394115,39.33117760967294,TP,39.33117760967252,786.6235521934505
2023-02-01 19:00:00-05:00,2023-02-02 03:40:00-05:00,12519.0,12599.669579546555,53.779719697702724,67.22464962212841,80.66957954655409,TP,80.66957954655481,1613.3915909310963
2023-02-02 19:00:00-05:00,2023-02-03 02:40:00-05:00,12678.75,12603.525605873354,60.179515301317515,75.2243941266469,90.26927295197628,SL,-75.22439412664608,-1504.4878825329215
2023-02-05 19:00:00-05:00,2023-02-06 04:00:00-05:00,12574.5,12527.61532884646,37.50773692283312,46.8846711535414,56.26160538424968,SL,-46.884671153540694,-937.6934230708139
2023-02-06 19:00:00-05:00,2023-02-07 03:00:00-05:00,12543.5,12508.232108987317,28.214312810146556,35.267891012683194,42.321469215219835,SL,-35.26789101268332,-705.3578202536664
2023-02-07 19:00:00-05:00,2023-02-08 08:00:00-05:00,12748.25,12733.0,47.84190203831721,59.80237754789651,71.76285305747581,Force,-15.25,-305.0
2023-02-08 19:00:00-05:00,2023-02-09 03:00:00-05:00,12574.5,12620.119421570462,30.41294771364139,38.01618464205174,45.61942157046209,TP,45.61942157046178,912.3884314092356
2023-02-09 19:00:00-05:00,2023-02-09 22:20:00-05:00,12423.5,12383.032039583,32.374368333599676,40.467960416999595,48.561552500399515,SL,-40.46796041699963,-809.3592083399926
2023-02-13 19:00:00-05:00,2023-02-14 04:00:00-05:00,12531.5,12566.085297481057,23.056864987371036,28.821081234213793,34.58529748105656,TP,34.58529748105684,691.7059496211368
2023-02-14 19:00:00-05:00,2023-02-14 21:00:00-05:00,12595.5,12550.211669858223,36.230664113421696,45.288330141777124,54.345996170132544,SL,-45.288330141776896,-905.7666028355379
2023-02-15 19:00:00-05:00,2023-02-16 05:00:00-05:00,12759.0,12724.520516847331,27.583586522135615,34.479483152669516,41.37537978320342,SL,-34.47948315266876,-689.5896630533753
2023-02-16 19:00:00-05:00,2023-02-17 01:20:00-05:00,12430.0,12388.309858803745,33.3521129570046,41.69014119625575,50.028169435506896,SL,-41.690141196255354,-833.8028239251071
2023-02-21 19:00:00-05:00,2023-02-22 03:40:00-05:00,12113.5,12085.994254227971,22.004596617623367,27.505745772029208,33.00689492643505,SL,-27.505745772028604,-550.1149154405721
2023-02-22 19:00:00-05:00,2023-02-23 03:20:00-05:00,12173.5,12223.926182223166,33.617454815443644,42.02181851930455,50.42618222316547,TP,50.4261822231656,1008.5236444633119
2023-02-23 19:00:00-05:00,2023-02-24 03:00:00-05:00,12181.25,12147.948244820489,26.641404143608653,33.30175517951082,39.96210621541298,SL,-33.30175517951102,-666.0351035902204
2023-02-26 19:00:00-05:00,2023-02-27 03:00:00-05:00,12013.5,12053.514614312902,26.676409541934532,33.345511927418165,40.0146143129018,TP,40.01461431290227,800.2922862580454
2023-02-27 19:00:00-05:00,2023-02-28 02:00:00-05:00,12101.75,12075.07995176704,21.33603858636749,26.670048232959363,32.00405787955123,SL,-26.670048232959743,-533.4009646591949
2023-02-28 19:00:00-05:00,2023-02-28 20:40:00-05:00,12002.75,12039.37089759394,24.413931729294116,30.517414661617646,36.62089759394117,TP,36.620897593940754,732.4179518788151
2023-03-01 19:00:00-05:00,2023-03-01 19:40:00-05:00,11983.0,11952.334399664684,24.53248026825268,30.66560033531585,36.79872040237902,SL,-30.665600335316412,-613.3120067063282
2023-03-02 19:00:00-05:00,2023-03-03 04:00:00-05:00,12043.25,12081.662245269716,25.608163513144277,32.01020439143035,38.412245269716415,TP,38.41224526971564,768.2449053943128
2023-03-06 19:00:00-05:00,2023-03-06 21:00:00-05:00,12329.25,12359.41510872672,20.110072484479925,25.137590605599907,30.165108726719886,TP,30.165108726720064,603.3021745344013
2023-03-07 19:00:00-05:00,2023-03-08 06:00:00-05:00,12162.25,12202.420486039307,26.780324026205378,33.475405032756726,40.17048603930807,TP,40.170486039307434,803.4097207861487
2023-03-08 19:00:00-05:00,2023-03-08 19:20:00-05:00,12219.0,12187.378451240045,25.297239007963856,31.62154875995482,37.94585851194579,SL,-31.62154875995475,-632.430975199095
2023-03-09 19:00:00-05:00,2023-03-09 21:00:00-05:00,11985.0,11942.41391183646,34.06887053083251,42.58608816354064,51.10330579624877,SL,-42.5860881635399,-851.721763270798
2023-03-13 19:00:00-04:00,2023-03-14 08:00:00-04:00,12092.5,12142.75,51.83708624921671,64.79635781152089,77.75562937382506,Force,50.25,1005.0
2023-03-14 19:00:00-04:00,2023-03-15 05:20:00-04:00,12329.5,12281.210742313777,38.63140614897785,48.289257686222314,57.94710922346678,SL,-48.28925768622321,-965.7851537244642
2023-03-15 19:00:00-04:00,2023-03-16 08:00:00-04:00,12420.5,12424.0,41.473503345824156,51.841879182280195,62.210255018736234,Force,3.5,70.0
2023-03-16 19:00:00-04:00,2023-03-17 08:00:00-04:00,12728.25,12723.25,30.626528950389915,38.283161187987396,45.939793425584874,Force,-5.0,-100.0
2023-03-19 19:00:00-04:00,2023-03-20 00:40:00-04:00,12693.25,12639.494254545705,43.00459636343598,53.755745454294974,64.50689454515397,SL,-53.75574545429481,-1075.1149090858962
2023-03-20 19:00:00-04:00,2023-03-20 20:20:00-04:00,12688.25,12730.62907724794,28.25271816529332,35.31589770661665,42.37907724793998,TP,42.379077247940586,847.5815449588117
2023-03-21 19:00:00-04:00,2023-03-22 03:40:00-04:00,12867.5,12840.618580285463,21.505135771629536,26.88141971453692,32.2577036574443,SL,-26.881419714536605,-537.6283942907321
2023-03-22 19:00:00-04:00,2023-03-23 01:40:00-04:00,12723.5,12794.079862475965,47.053241650642775,58.81655206330347,70.57986247596416,TP,70.57986247596455,1411.597249519291
2023-03-23 19:00:00-04:00,2023-03-24 03:40:00-04:00,12857.0,12919.1371669441,41.42477796273343,51.78097245341679,62.137166944100144,TP,62.13716694409959,1242.7433388819918
2023-03-26 19:00:00-04:00,2023-03-27 01:40:00-04:00,12937.25,12983.496132775841,30.830755183893753,38.53844397986719,46.24613277584063,TP,46.24613277584103,924.9226555168207
2023-03-27 19:00:00-04:00,2023-03-28 03:20:00-04:00,12815.5,12785.171077218087,24.263138225530938,30.328922781913672,36.394707338296406,SL,-30.328922781913207,-606.5784556382641
2023-03-28 19:00:00-04:00,2023-03-28 20:40:00-04:00,12746.0,12775.448026457638,19.632017638424724,24.540022048030906,29.448026457637084,TP,29.448026457637752,588.960529152755
2023-03-29 19:00:00-04:00,2023-03-29 20:00:00-04:00,12957.25,12932.722013147037,19.622389482370192,24.52798685296274,29.433584223555286,SL,-24.527986852963295,-490.5597370592659
2023-03-30 19:00:00-04:00,2023-03-30 20:00:00-04:00,13090.0,13118.850466161002,19.233644107334523,24.042055134168155,28.850466161001783,TP,28.85046616100226,577.0093232200452
2023-04-02 19:00:00-04:00,2023-04-02 20:00:00-04:00,13258.5,13230.896420993182,22.082863205454622,27.60357900681828,33.12429480818193,SL,-27.60357900681811,-552.0715801363622
2023-04-03 19:00:00-04:00,2023-04-03 22:00:00-04:00,13253.25,13231.080489893855,17.73560808491538,22.169510106144227,26.60341212737307,SL,-22.169510106145026,-443.3902021229005
2023-04-04 19:00:00-04:00,2023-04-05 02:00:00-04:00,13233.5,13207.505147359623,20.79588211230161,25.99485264037701,31.19382316845241,SL,-25.99485264037685,-519.897052807537
2023-04-05 19:00:00-04:00,2023-04-05 20:00:00-04:00,13063.5,13038.409436510741,20.07245079140743,25.09056348925929,30.108676187111143,SL,-25.090563489258784,-501.8112697851757
2023-04-06 19:00:00-04:00,2023-04-07 08:00:00-04:00,13155.5,13149.5,18.38383975024659,22.97979968780824,27.575759625369884,Force,-6.0,-120.0
2023-04-09 19:00:00-04:00,2023-04-09 22:20:00-04:00,13153.25,13134.102031128796,15.318375096964147,19.147968871205183,22.97756264544622,SL,-19.147968871204284,-382.9593774240857
2023-04-10 19:00:00-04:00,2023-04-11 00:40:00-04:00,13170.75,13147.685870465066,18.451303627947816,23.06412953493477,27.676955441921724,SL,-23.06412953493418,-461.28259069868363
2023-04-11 19:00:00-04:00,2023-04-12 02:00:00-04:00,13086.5,13063.914041681248,18.06876665500095,22.58595831875119,27.103149982501424,SL,-22.58595831875209,-451.7191663750418
2023-04-12 19:00:00-04:00,2023-04-13 02:20:00-04:00,12940.5,12983.153194372999,28.435462915332444,35.54432864416555,42.65319437299867,TP,42.65319437299877,853.0638874599754
2023-04-13 19:00:00-04:00,2023-04-14 05:00:00-04:00,13195.5,13172.342110329284,18.526311736572968,23.15788967071621,27.789467604859453,SL,-23.15788967071603,-463.1577934143206
2023-04-16 19:00:00-04:00,2023-04-17 03:20:00-04:00,13178.5,13214.325695090976,23.883796727317364,29.854745909146704,35.82569509097605,TP,35.825695090976296,716.5139018195259
2023-04-17 19:00:00-04:00,2023-04-18 04:00:00-04:00,13181.75,13209.014981397338,18.176654264892328,22.72081783111541,27.26498139733849,TP,27.264981397338488,545.2996279467698
2023-04-18 19:00:00-04:00,2023-04-19 02:00:00-04:00,13179.0,13153.102665344773,20.717867724181325,25.897334655226658,31.076801586271987,SL,-25.897334655226587,-517.9466931045317
2023-04-19 19:00:00-04:00,2023-04-20 01:20:00-04:00,13137.5,13114.307230885504,18.55421529159697,23.192769114496215,27.831322937395456,SL,-23.192769114495604,-463.8553822899121
2023-04-20 19:00:00-04:00,2023-04-21 02:40:00-04:00,13088.5,13059.871270373562,22.902983701150113,28.62872962643764,34.35447555172517,SL,-28.628729626438144,-572.5745925287629
2023-04-23 19:00:00-04:00,2023-04-23 20:40:00-04:00,13072.75,13049.508519218854,18.593184624915967,23.241480781144958,27.889776937373952,SL,-23.241480781145583,-464.82961562291166
2023-04-24 19:00:00-04:00,2023-04-24 22:00:00-04:00,13045.25,13023.168290941127,17.66536724709821,22.08170905887276,26.498050870647315,SL,-22.081709058873457,-441.63418117746915
2023-04-25 19:00:00-04:00,2023-04-26 07:00:00-04:00,12958.0,12919.566069338332,30.74714452933404,38.43393066166755,46.12071679400106,SL,-38.433930661667546,-768.6786132333509
2023-04-26 19:00:00-04:00,2023-04-27 02:00:00-04:00,12950.0,12987.695826454112,25.13055096940822,31.413188711760274,37.69582645411233,TP,37.69582645411174,753.9165290822348
2023-04-27 19:00:00-04:00,2023-04-28 08:00:00-04:00,13207.25,13188.25,29.57925423171883,36.97406778964854,44.368881347578245,Force,-19.0,-380.0
2023-04-30 19:00:00-04:00,2023-05-01 01:40:00-04:00,13319.0,13347.10734084923,18.738227232819572,23.422784041024464,28.10734084922936,TP,28.10734084923024,562.1468169846048
2023-05-01 19:00:00-04:00,2023-05-02 02:40:00-04:00,13292.0,13321.338230450712,19.558820300475126,24.44852537559391,29.33823045071269,TP,29.338230450712217,586.7646090142443
2023-05-02 19:00:00-04:00,2023-05-03 03:00:00-04:00,13170.5,13202.269931526005,21.179954350670677,26.474942938338344,31.769931526006015,TP,31.769931526005166,635.3986305201033
2023-05-03 19:00:00-04:00,2023-05-03 22:40:00-04:00,13094.25,13152.557584777607,38.8717231850711,48.58965398133887,58.30758477760665,TP,58.30758477760719,1166.1516955521438
2023-05-04 19:00:00-04:00,2023-05-05 05:40:00-04:00,13081.0,13125.24582599363,29.497217329087047,36.871521661358805,44.24582599363057,TP,44.245825993630206,884.9165198726041
2023-05-07 19:00:00-04:00,2023-05-07 19:40:00-04:00,13322.75,13302.095044985219,16.52396401182552,20.654955014781898,24.78594601773828,SL,-20.65495501478108,-413.0991002956216
2023-05-08 19:00:00-04:00,2023-05-09 04:00:00-04:00,13333.25,13313.631312653164,15.694949877468636,19.618687346835795,23.542424816202953,SL,-19.61868734683594,-392.3737469367188
2023-05-09 19:00:00-04:00,2023-05-10 03:40:00-04:00,13269.5,13252.832484310456,13.334012551634752,16.66751568954344,20.00101882745213,SL,-16.667515689543507,-333.35031379087013
2023-05-10 19:00:00-04:00,2023-05-10 21:00:00-04:00,13406.5,13443.17582943164,24.450552954426538,30.563191193033173,36.675829431639805,TP,36.67582943164052,733.5165886328105
2023-05-11 19:00:00-04:00,2023-05-11 21:00:00-04:00,13461.5,13489.190315070415,18.46021004694344,23.075262558679302,27.69031507041516,TP,27.690315070414727,553.8063014082945
2023-05-14 19:00:00-04:00,2023-05-14 23:00:00-04:00,13363.25,13390.192273489592,17.961515659728384,22.45189457466048,26.942273489592576,TP,26.94227348959248,538.8454697918496
2023-05-15 19:00:00-04:00,2023-05-16 02:00:00-04:00,13461.25,13442.591955441394,14.926435646885423,18.65804455860678,22.389653470328135,SL,-18.65804455860598,-373.1608911721196
2023-05-16 19:00:00-04:00,2023-05-17 03:20:00-04:00,13499.25,13475.22262073249,19.221903414008604,24.027379267510756,28.832855121012905,SL,-24.027379267510696,-480.5475853502139
2023-05-17 19:00:00-04:00,2023-05-18 04:00:00-04:00,13637.5,13663.595409786392,17.396939857595424,21.74617482199428,26.095409786393134,TP,26.095409786392338,521.9081957278468
2023-05-18 19:00:00-04:00,2023-05-19 02:00:00-04:00,13937.25,13905.445114310172,25.443908551861718,31.804885689827145,38.16586282779258,SL,-31.804885689827643,-636.0977137965529
2023-05-21 19:00:00-04:00,2023-05-22 00:00:00-04:00,13845.0,13874.920659704252,19.94710646950122,24.933883086876527,29.920659704251833,TP,29.920659704252103,598.413194085042
2023-05-22 19:00:00-04:00,2023-05-22 21:40:00-04:00,13933.5,13961.151211119708,18.43414074647249,23.042675933090614,27.651211119708734,TP,27.651211119708023,553.0242223941605
2023-05-23 19:00:00-04:00,2023-05-24 02:00:00-04:00,13745.0,13719.252861066407,20.597711146874815,25.74713893359352,30.896566720312222,SL,-25.747138933593305,-514.9427786718661
2023-05-24 19:00:00-04:00,2023-05-25 05:40:00-04:00,13843.0,13901.23686967714,38.82457978475886,48.53072473094858,58.23686967713829,TP,58.23686967713911,1164.7373935427822
2023-05-25 19:00:00-04:00,2023-05-25 21:20:00-04:00,13966.25,13934.384629359725,25.492296512220335,31.86537064027542,38.2384447683305,SL,-31.865370640274705,-637.3074128054941
2023-05-30 19:00:00-04:00,2023-05-30 22:00:00-04:00,14420.75,14385.989660061387,27.80827195089077,34.76033993861346,41.712407926336155,SL,-34.76033993861347,-695.2067987722694
2023-05-31 19:00:00-04:00,2023-05-31 21:40:00-04:00,14296.75,14264.636996806314,25.690402554948616,32.11300319368577,38.53560383242292,SL,-32.11300319368638,-642.2600638737276
2023-06-01 19:00:00-04:00,2023-06-02 04:40:00-04:00,14488.0,14523.662391656648,23.774927771098707,29.718659713873382,35.66239165664806,TP,35.66239165664774,713.2478331329548
2023-06-04 19:00:00-04:00,2023-06-05 03:20:00-04:00,14537.5,14572.937809358888,23.62520623925812,29.53150779907265,35.43780935888718,TP,35.437809358887534,708.7561871777507
2023-06-05 19:00:00-04:00,2023-06-06 03:20:00-04:00,14573.0,14608.95484284166,23.9698952277738,29.962369034717252,35.9548428416607,TP,35.95484284166014,719.0968568332028
2023-06-06 19:00:00-04:00,2023-06-07 03:00:00-04:00,14587.5,14560.87508422507,21.299932619943487,26.62491577492936,31.94989892991523,SL,-26.624915774929832,-532.4983154985966
2023-06-07 19:00:00-04:00,2023-06-08 00:00:00-04:00,14319.75,14284.834200100067,27.932639919946485,34.915799899933106,41.89895987991973,SL,-34.91579989993261,-698.3159979986522
2023-06-08 19:00:00-04:00,2023-06-09 03:00:00-04:00,14505.0,14476.00767029852,23.19386376118333,28.992329701479164,34.79079564177499,SL,-28.99232970147932,-579.8465940295864
2023-06-11 19:00:00-04:00,2023-06-12 00:00:00-04:00,14599.25,14636.223123954353,24.648749302901162,30.810936628626454,36.97312395435174,TP,36.97312395435256,739.4624790870512
2023-06-12 19:00:00-04:00,2023-06-12 20:40:00-04:00,15021.0,14995.730731471693,20.21541482264592,25.2692685283074,30.323122233968878,SL,-25.269268528307293,-505.38537056614587
2023-06-13 19:00:00-04:00,2023-06-14 04:20:00-04:00,15109.0,15149.460430537682,26.97362035845453,33.71702544806816,40.460430537681795,TP,40.46043053768153,809.2086107536306
2023-06-14 19:00:00-04:00,2023-06-14 21:40:00-04:00,15217.5,15169.55563972253,38.35548822197589,47.94436027746986,57.533232332963834,SL,-47.94436027746997,-958.8872055493994
2023-06-15 19:00:00-04:00,2023-06-15 21:20:00-04:00,15358.75,15320.874712849514,30.30022972038829,37.87528715048536,45.45034458058244,SL,-37.87528715048575,-757.5057430097149
2023-06-19 19:00:00-04:00,2023-06-19 20:00:00-04:00,15238.25,15255.023551800872,11.182367867248049,13.97795983406006,16.773551800872074,TP,16.773551800872156,335.4710360174431
2023-06-20 19:00:00-04:00,2023-06-21 03:00:00-04:00,15246.0,15217.553382238035,22.757294209572123,28.446617761965154,34.135941314358185,SL,-28.44661776196517,-568.9323552393034
2023-06-21 19:00:00-04:00,2023-06-21 22:00:00-04:00,15042.5,15009.610025213295,26.311979829363747,32.889974786704684,39.46796974404562,SL,-32.88997478670535,-657.799495734107
2023-06-22 19:00:00-04:00,2023-06-22 21:20:00-04:00,15226.5,15197.530743792597,23.175404965922436,28.969256207403046,34.76310744888365,SL,-28.969256207403305,-579.3851241480661
2023-06-25 19:00:00-04:00,2023-06-26 02:40:00-04:00,15098.0,15065.928792968905,25.656965624876367,32.07120703109546,38.48544843731455,SL,-32.07120703109467,-641.4241406218935
2023-06-26 19:00:00-04:00,2023-06-27 06:40:00-04:00,14891.25,14933.046224824564,27.864149883043037,34.830187353803794,41.796224824564554,TP,41.79622482456398,835.9244964912796
2023-06-27 19:00:00-04:00,2023-06-28 07:00:00-04:00,15047.0,15082.539694003732,23.69312933582123,29.616411669776536,35.539694003731846,TP,35.53969400373171,710.7938800746342
2023-06-28 19:00:00-04:00,2023-06-28 23:20:00-04:00,15179.0,15142.441002570884,29.24719794329215,36.55899742911519,43.870796914938225,SL,-36.55899742911606,-731.1799485823212
2023-06-29 19:00:00-04:00,2023-06-30 01:20:00-04:00,15109.75,15143.279704895178,22.353136596785266,27.94142074598158,33.5297048951779,TP,33.52970489517793,670.5940979035586
2023-07-02 19:00:00-04:00,2023-07-03 04:00:00-04:00,15347.0,15374.774419691212,18.51627979414093,23.145349742676164,27.7744196912114,TP,27.774419691211733,555.4883938242347
2023-07-03 19:00:00-04:00,2023-07-04 08:00:00-04:00,15342.0,15354.25,15.668858050015201,19.586072562519,23.5032870750228,Force,12.25,245.0
2023-07-04 19:00:00-04:00,2023-07-04 21:20:00-04:00,15338.75,15349.282589567261,7.021726378174209,8.777157972717761,10.532589567261315,TP,10.532589567261311,210.65179134522623
2023-07-05 19:00:00-04:00,2023-07-05 20:40:00-04:00,15358.25,15335.97737987275,17.818096101801338,22.27262012725167,26.727144152702007,SL,-22.272620127250775,-445.4524025450155
2023-07-06 19:00:00-04:00,2023-07-07 02:40:00-04:00,15230.75,15205.007517519283,20.593985984573667,25.742482480717083,30.890978976860502,SL,-25.742482480716717,-514.8496496143343
2023-07-09 19:00:00-04:00,2023-07-09 20:20:00-04:00,15189.5,15157.91809052104,25.265527583168698,31.581909478960874,37.89829137475304,SL,-31.58190947896037,-631.6381895792074
2023-07-10 19:00:00-04:00,2023-07-11 02:00:00-04:00,15181.75,15218.49772272597,24.498481817312687,30.62310227164086,36.74772272596903,TP,36.74772272596965,734.954454519393
2023-07-11 19:00:00-04:00,2023-07-12 07:20:00-04:00,15274.75,15307.774548386831,22.01636559122124,27.520456989026552,33.02454838683186,TP,33.02454838683116,660.4909677366231
2023-07-12 19:00:00-04:00,2023-07-12 23:20:00-04:00,15469.75,15504.8763740849,23.417582723267433,29.27197840408429,35.12637408490115,TP,35.12637408490082,702.5274816980163
2023-07-13 19:00:00-04:00,2023-07-13 20:20:00-04:00,15716.0,15693.497245896882,18.00220328249408,22.5027541031176,27.00330492374112,SL,-22.502754103117695,-450.0550820623539
2023-07-16 19:00:00-04:00,2023-07-17 03:00:00-04:00,15670.0,15702.30054752642,21.533698350946736,26.91712293868342,32.300547526420104,TP,32.300547526419905,646.0109505283981
2023-07-17 19:00:00-04:00,2023-07-18 08:00:00-04:00,15819.25,15824.75,18.077825003686957,22.597281254608696,27.116737505530438,Force,5.5,110.0
2023-07-18 19:00:00-04:00,2023-07-19 05:40:00-04:00,15966.25,15999.220852347366,21.9805682315771,27.475710289471373,32.97085234736565,TP,32.97085234736551,659.4170469473102
2023-07-19 19:00:00-04:00,2023-07-19 21:40:00-04:00,15850.25,15896.349267160085,30.732844773390497,38.41605596673812,46.099267160085745,TP,46.09926716008522,921.9853432017044
2023-07-20 19:00:00-04:00,2023-07-20 20:00:00-04:00,15587.75,15554.7166044412,26.4267164470397,33.033395558799626,39.64007467055955,SL,-33.033395558799384,-660.6679111759877
2023-07-23 19:00:00-04:00,2023-07-24 03:20:00-04:00,15550.0,15583.981102667363,22.654068444908955,28.317585556136194,33.98110266736343,TP,33.9811026673633,679.622053347266
2023-07-24 19:00:00-04:00,2023-07-25 03:00:00-04:00,15563.0,15594.188574792837,20.792383195224247,25.99047899403031,31.18857479283637,TP,31.188574792837244,623.7714958567449
2023-07-25 19:00:00-04:00,2023-07-26 08:00:00-04:00,15630.5,15623.0,32.03940086172774,40.04925107715968,48.05910129259161,Force,-7.5,-150.0
2023-07-26 19:00:00-04:00,2023-07-26 22:00:00-04:00,15648.75,15701.553551983056,35.20236798870404,44.002959985880054,52.80355198305606,TP,52.80355198305551,1056.0710396611103
2023-07-27 19:00:00-04:00,2023-07-27 23:20:00-04:00,15586.25,15641.6208070253,36.913871350200026,46.14233918775003,55.37080702530004,TP,55.370807025299655,1107.416140505993
2023-07-30 19:00:00-04:00,2023-07-30 20:20:00-04:00,15896.5,15865.77250184124,24.58199852700802,30.727498158760028,36.87299779051203,SL,-30.727498158759772,-614.5499631751954
2023-07-31 19:00:00-04:00,2023-07-31 21:40:00-04:00,15856.25,15888.895783876265,21.76385591751052,27.204819896888147,32.64578387626578,TP,32.64578387626534,652.9156775253068
2023-08-01 19:00:00-04:00,2023-08-02 00:40:00-04:00,15750.25,15715.021846693595,28.182522645123505,35.22815330640438,42.27378396768526,SL,-35.22815330640515,-704.563066128103
2023-08-02 19:00:00-04:00,2023-08-03 00:20:00-04:00,15492.0,15455.586924112353,29.130460710117553,36.41307588764694,43.695691065176334,SL,-36.41307588764721,-728.2615177529442
2023-08-03 19:00:00-04:00,2023-08-04 01:40:00-04:00,15484.75,15543.91326384328,39.44217589552066,49.30271986940083,59.163263843280994,TP,59.16326384328022,1183.2652768656044
2023-08-06 19:00:00-04:00,2023-08-06 22:40:00-04:00,15395.5,15443.890826271549,32.26055084769895,40.325688559623686,48.39082627154843,TP,48.390826271548576,967.8165254309715
2023-08-07 19:00:00-04:00,2023-08-07 21:00:00-04:00,15484.0,15457.918300000993,20.86535999920593,26.081699999007412,31.298039998808893,SL,-26.08169999900747,-521.6339999801494
2023-08-08 19:00:00-04:00,2023-08-08 21:20:00-04:00,15351.5,15386.915797314328,23.61053154288536,29.5131644286067,35.415797314328046,TP,35.4157973143283,708.315946286566
2023-08-09 19:00:00-04:00,2023-08-10 00:00:00-04:00,15207.5,15247.929471710926,26.952981140617634,33.691226425772044,40.42947171092645,TP,40.42947171092601,808.5894342185202
2023-08-10 19:00:00-04:00,2023-08-11 04:00:00-04:00,15232.0,15189.957832104643,33.63373431628546,42.042167895356826,50.4506014744282,SL,-42.042167895357125,-840.8433579071425
2023-08-13 19:00:00-04:00,2023-08-13 20:40:00-04:00,15143.0,15112.307699559322,24.55384035254263,30.692300440678288,36.83076052881394,SL,-30.692300440678082,-613.8460088135616
2023-08-14 19:00:00-04:00,2023-08-15 03:20:00-04:00,15301.5,15271.406701032674,24.074639173860895,30.09329896732612,36.11195876079134,SL,-30.09329896732561,-601.8659793465122
2023-08-15 19:00:00-04:00,2023-08-15 20:40:00-04:00,15118.75,15089.00081177165,23.799350582680052,29.749188228350064,35.69902587402008,SL,-29.74918822835025,-594.983764567005
2023-08-16 19:00:00-04:00,2023-08-16 20:20:00-04:00,14941.5,14907.242144407457,27.406284474034184,34.25785559254273,41.10942671105128,SL,-34.25785559254291,-685.1571118508582
2023-08-17 19:00:00-04:00,2023-08-18 06:20:00-04:00,14749.75,14712.907201950136,29.47423843989147,36.842798049864335,44.211357659837205,SL,-36.84279804986363,-736.8559609972726
2023-08-20 19:00:00-04:00,2023-08-21 02:00:00-04:00,14761.25,14726.653801818366,27.67695854530797,34.59619818163496,41.51543781796195,SL,-34.59619818163446,-691.9239636326893
2023-08-21 19:00:00-04:00,2023-08-22 02:20:00-04:00,14968.0,15000.703460267941,21.802306845294453,27.252883556618066,32.70346026794168,TP,32.70346026794141,654.0692053588282
2023-08-22 19:00:00-04:00,2023-08-22 21:00:00-04:00,14968.75,15005.948705127237,24.79913675149088,30.9989209393636,37.19870512723632,TP,37.19870512723719,743.9741025447438
2023-08-23 19:00:00-04:00,2023-08-23 22:00:00-04:00,15329.5,15380.363752122834,33.90916808188917,42.38646010236146,50.86375212283376,TP,50.86375212283383,1017.2750424566766
2023-08-24 19:00:00-04:00,2023-08-27 14:20:00-04:00,14846.0,14972.25,34.299646422310914,42.87455802788864,51.44946963346637,TP,126.25,2525.0
2023-08-27 19:00:00-04:00,2023-08-27 20:20:00-04:00,15013.25,14978.44537936105,27.843696511159596,34.804620638949494,41.765544766739396,SL,-34.80462063894993,-696.0924127789986
2023-08-28 19:00:00-04:00,2023-08-29 02:00:00-04:00,15097.25,15134.275532053009,24.683688035339216,30.85461004417402,37.025532053008824,TP,37.02553205300865,740.5106410601729
2023-08-29 19:00:00-04:00,2023-08-29 22:00:00-04:00,15434.5,15466.487839461019,21.32522630734547,26.65653288418184,31.987839461018204,TP,31.987839461018666,639.7567892203733
2023-08-30 19:00:00-04:00,2023-08-31 05:00:00-04:00,15507.5,15481.294240900117,20.96460727990599,26.20575909988249,31.446910919858986,SL,-26.205759099882926,-524.1151819976585
2023-08-31 19:00:00-04:00,2023-09-01 02:40:00-04:00,15531.0,15503.672946996752,21.86164240259764,27.32705300324705,32.79246360389646,SL,-27.327053003247784,-546.5410600649557
2023-09-03 19:00:00-04:00,2023-09-03 22:40:00-04:00,15508.75,15538.787578580921,20.025052387280816,25.03131548410102,30.037578580921224,TP,30.037578580921036,600.7515716184207
2023-09-05 19:00:00-04:00,2023-09-05 21:40:00-04:00,15520.25,15495.008284646308,20.19337228295294,25.241715353691173,30.29005842442941,SL,-25.24171535369169,-504.83430707383377
2023-09-06 19:00:00-04:00,2023-09-07 00:20:00-04:00,15390.25,15365.201489600755,20.038808319395585,25.04851039924448,30.058212479093378,SL,-25.04851039924506,-500.9702079849012
2023-09-07 19:00:00-04:00,2023-09-08 01:40:00-04:00,15278.75,15313.578874096387,23.21924939759108,29.024061746988853,34.82887409638662,TP,34.82887409638715,696.5774819277431
2023-09-10 19:00:00-04:00,2023-09-11 00:00:00-04:00,15316.25,15343.50874272622,18.172495150813948,22.715618938517434,27.258742726220923,TP,27.25874272622059,545.1748545244118
2023-09-11 19:00:00-04:00,2023-09-12 03:20:00-04:00,15659.5,15636.9910458819,18.007163294480584,22.508954118100732,27.010744941720876,SL,-22.50895411810052,-450.1790823620104
2023-09-12 19:00:00-04:00,2023-09-12 22:00:00-04:00,15502.0,15477.737215440295,19.41022764776442,24.262784559705523,29.11534147164663,SL,-24.262784559705324,-485.2556911941065
2023-09-13 19:00:00-04:00,2023-09-13 23:00:00-04:00,15577.0,15614.577727965136,25.051818643423367,31.314773304279207,37.577727965135054,TP,37.57772796513564,751.5545593027127
2023-09-14 19:00:00-04:00,2023-09-14 23:20:00-04:00,15683.0,15717.192114365163,22.79474291010835,28.49342863763544,34.192114365162524,TP,34.192114365163434,683.8422873032687
2023-09-17 19:00:00-04:00,2023-09-18 07:20:00-04:00,15401.5,15377.505960035398,19.195231971682205,23.994039964602756,28.792847957523307,SL,-23.994039964602052,-479.88079929204105
2023-09-18 19:00:00-04:00,2023-09-19 00:20:00-04:00,15425.25,15402.357178579177,18.31425713665811,22.89282142082264,27.471385704987163,SL,-22.892821420822656,-457.8564284164531
2023-09-19 19:00:00-04:00,2023-09-19 21:00:00-04:00,15379.25,15354.682136334166,19.654290932667305,24.567863665834132,29.481436399000955,SL,-24.56786366583401,-491.3572733166802
2023-09-20 19:00:00-04:00,2023-09-20 22:20:00-04:00,15123.5,15085.445215414718,30.44382766822508,38.05478458528135,45.66574150233762,SL,-38.054784585281595,-761.0956917056319
2023-09-21 19:00:00-04:00,2023-09-21 23:20:00-04:00,14860.5,14896.7433737817,24.162249187799787,30.202811484749734,36.24337378169968,TP,36.24337378169912,724.8674756339824
2023-09-24 19:00:00-04:00,2023-09-25 03:00:00-04:00,14897.5,14933.778322921526,24.185548614349898,30.231935767937372,36.27832292152485,TP,36.278322921525614,725.5664584305123
2023-09-25 19:00:00-04:00,2023-09-25 20:00:00-04:00,14938.75,14907.399622111765,25.08030231058847,31.350377888235585,37.620453465882704,SL,-31.350377888235016,-627.0075577647003
2023-09-26 19:00:00-04:00,2023-09-27 02:40:00-04:00,14733.5,14768.287091104703,23.191394069801905,28.98924258725238,34.78709110470286,TP,34.787091104702995,695.7418220940599
2023-09-27 19:00:00-04:00,2023-09-28 00:00:00-04:00,14765.75,14725.139298270475,32.488561383620215,40.61070172952527,48.73284207543033,SL,-40.61070172952532,-812.2140345905063
2023-09-28 19:00:00-04:00,2023-09-28 20:40:00-04:00,14876.25,14836.099997487472,32.120002010021864,40.15000251252733,48.180003015032796,SL,-40.15000251252786,-803.0000502505573
2023-10-01 19:00:00-04:00,2023-10-02 03:20:00-04:00,14955.75,15010.090942859875,36.22729523991652,45.28411904989565,54.34094285987479,TP,54.34094285987521,1086.8188571975043
2023-10-02 19:00:00-04:00,2023-10-03 01:00:00-04:00,14985.75,14947.413986471067,30.66881082314578,38.33601352893223,46.00321623471867,SL,-38.33601352893311,-766.7202705786622
2023-10-03 19:00:00-04:00,2023-10-03 21:20:00-04:00,14698.5,14662.067936610883,29.145650711293147,36.432063389116436,43.71847606693972,SL,-36.43206338911659,-728.6412677823319
2023-10-04 19:00:00-04:00,2023-10-05 05:00:00-04:00,14905.25,14868.194252530739,29.644597975409138,37.05574746926142,44.466896963113705,SL,-37.055747469261405,-741.1149493852281
2023-10-05 19:00:00-04:00,2023-10-06 03:20:00-04:00,14853.5,14888.829101072253,23.55273404816854,29.44091756021067,35.32910107225281,TP,35.32910107225325,706.582021445065
2023-10-08 19:00:00-04:00,2023-10-09 08:00:00-04:00,15013.75,15008.0,39.547192411879415,49.43399051484927,59.32078861781912,Force,-5.75,-115.0
2023-10-09 19:00:00-04:00,2023-10-09 21:00:00-04:00,15197.0,15232.231415766755,23.487610511170303,29.35951313896288,35.231415766755454,TP,35.23141576675516,704.6283153351033
2023-10-10 19:00:00-04:00,2023-10-11 06:40:00-04:00,15288.5,15320.525379364057,21.350252909370806,26.687816136713508,32.02537936405621,TP,32.02537936405679,640.5075872811358
2023-10-11 19:00:00-04:00,2023-10-12 02:00:00-04:00,15405.75,15440.181990183142,22.95466012209488,28.6933251526186,34.43199018314232,TP,34.43199018314226,688.6398036628452
2023-10-12 19:00:00-04:00,2023-10-13 04:40:00-04:00,15325.5,15292.26716539199,26.58626768640871,33.23283460801089,39.87940152961306,SL,-33.23283460801031,-664.6566921602061
2023-10-15 19:00:00-04:00,2023-10-16 03:40:00-04:00,15146.5,15110.2599925518,28.992005958559318,36.24000744819915,43.48800893783898,SL,-36.24000744819932,-724.8001489639864
2023-10-16 19:00:00-04:00,2023-10-17 04:40:00-04:00,15276.25,15246.051059529758,24.159152376193433,30.19894047024179,36.23872856429015,SL,-30.198940470241723,-603.9788094048345
2023-10-17 19:00:00-04:00,2023-10-17 20:00:00-04:00,15223.25,15190.00619951948,26.595040384416528,33.24380048052066,39.89256057662479,SL,-33.243800480520804,-664.8760096104161
2023-10-18 19:00:00-04:00,2023-10-18 23:20:00-04:00,15033.75,14991.10367491969,34.11706006424829,42.64632508031036,51.17559009637244,SL,-42.64632508030991,-852.9265016061981
2023-10-19 19:00:00-04:00,2023-10-20 08:00:00-04:00,14832.0,14827.25,41.54144829198166,51.92681036497707,62.31217243797249,Force,-4.75,-95.0
2023-10-23 19:00:00-04:00,2023-10-24 02:00:00-04:00,14750.0,14794.240451214297,29.493634142864632,36.86704267858079,44.24045121429695,TP,44.24045121429663,884.8090242859325
2023-10-24 19:00:00-04:00,2023-10-25 01:40:00-04:00,14806.75,14761.681103479701,36.055117216239466,45.06889652029933,54.0826758243592,SL,-45.06889652029895,-901.377930405979
2023-10-25 19:00:00-04:00,2023-10-25 22:20:00-04:00,14356.75,14306.883358912091,39.8933128703269,49.866641087908626,59.83996930549036,SL,-49.86664108790865,-997.3328217581729
2023-10-26 19:00:00-04:00,2023-10-27 08:00:00-04:00,14313.5,14297.5,45.510334070826076,56.887917588532595,68.26550110623911,Force,-16.0,-320.0
2023-10-29 19:00:00-04:00,2023-10-30 03:20:00-04:00,14322.0,14370.523950905254,32.34930060350201,40.43662575437751,48.52395090525302,TP,48.523950905253514,970.4790181050703
2023-10-30 19:00:00-04:00,2023-10-30 20:00:00-04:00,14407.75,14375.771994844461,25.582404124431488,31.97800515553936,38.37360618664723,SL,-31.978005155538995,-639.5601031107799
2023-10-31 19:00:00-04:00,2023-11-01 06:00:00-04:00,14452.5,14419.29852442515,26.56118045987999,33.20147557484999,39.84177068981998,SL,-33.20147557484961,-664.0295114969922
2023-11-01 19:00:00-04:00,2023-11-02 04:20:00-04:00,14788.25,14835.262997097625,31.341998065083693,39.177497581354615,47.012997097625544,TP,47.012997097624975,940.2599419524995
2023-11-02 19:00:00-04:00,2023-11-03 08:00:00-04:00,14950.0,14957.75,25.034442936341048,31.29305367042631,37.55166440451157,Force,7.75,155.0
2023-11-05 19:00:00-05:00,2023-11-07 00:00:00-05:00,15167.5,15205.5,18.330390914474673,22.912988643093342,27.495586371712008,TP,38.0,760.0
2023-11-07 19:00:00-05:00,2023-11-07 22:40:00-05:00,15374.25,15349.949293591842,19.440565126525676,24.300706408157097,29.160847689788515,SL,-24.300706408157566,-486.0141281631513
2023-11-08 19:00:00-05:00,2023-11-09 01:40:00-05:00,15355.25,15382.579394982806,18.219596655204015,22.77449581900502,27.329394982806022,TP,27.329394982805752,546.587899656115
2023-11-09 19:00:00-05:00,2023-11-11 17:20:00-05:00,15216.75,15583.0,26.503987258415535,33.129984073019415,39.7559808876233,TP,366.25,7325.0
2023-11-12 19:00:00-05:00,2023-11-12 22:00:00-05:00,15553.75,15513.943090547828,31.845527561737818,39.80690945217227,47.76829134260673,SL,-39.80690945217248,-796.1381890434495
2023-11-13 19:00:00-05:00,2023-11-14 03:00:00-05:00,15560.0,15585.347647112321,16.898431408214183,21.123039260267728,25.347647112321276,TP,25.347647112321283,506.95294224642566
2023-11-14 19:00:00-05:00,2023-11-15 00:20:00-05:00,15898.75,15933.344977754072,23.063318502714303,28.82914812839288,34.59497775407145,TP,34.594977754071806,691.8995550814361
2023-11-15 19:00:00-05:00,2023-11-15 20:40:00-05:00,15875.0,15844.506730635945,24.39461549124425,30.493269364055312,36.59192323686637,SL,-30.493269364054868,-609.8653872810974
2023-11-16 19:00:00-05:00,2023-11-17 04:00:00-05:00,15888.75,15918.508126709368,19.838751139579422,24.798438924474276,29.758126709369133,TP,29.758126709368298,595.162534187366
2023-11-19 19:00:00-05:00,2023-11-20 03:40:00-05:00,15860.0,15888.160942349368,18.773961566245656,23.46745195780707,28.160942349368483,TP,28.16094234936827,563.2188469873654
2023-11-20 19:00:00-05:00,2023-11-21 02:40:00-05:00,16103.0,16081.541987850855,17.166409719316746,21.458012149145933,25.74961457897512,SL,-21.45801214914536,-429.1602429829072
2023-11-21 19:00:00-05:00,2023-11-22 05:00:00-05:00,15956.75,15990.467950419528,22.478633613018268,28.098292016272836,33.7179504195274,TP,33.71795041952828,674.3590083905656
2023-11-22 19:00:00-05:00,2023-11-23 02:00:00-05:00,16044.75,16075.499522674543,20.499681783028368,25.62460222878546,30.749522674542554,TP,30.749522674543186,614.9904534908637
2023-11-23 19:00:00-05:00,2023-11-24 01:00:00-05:00,16065.25,16054.860371158062,8.311703073550143,10.389628841937679,12.467554610325216,SL,-10.389628841938247,-207.79257683876494
2023-11-26 19:00:00-05:00,2023-11-26 21:20:00-05:00,15971.25,15950.646147548414,16.483081961268496,20.60385245158562,24.724622941902744,SL,-20.603852451586135,-412.0770490317227
2023-11-27 19:00:00-05:00,2023-11-28 02:00:00-05:00,15998.25,15977.621418185336,16.502865451731868,20.628581814664834,24.754298177597803,SL,-20.628581814664358,-412.57163629328716
2023-11-28 19:00:00-05:00,2023-11-28 20:00:00-05:00,16052.5,16080.113777529014,18.40918501934264,23.0114812741783,27.61377752901396,TP,27.613777529013532,552.2755505802706
2023-11-29 19:00:00-05:00,2023-11-30 07:40:00-05:00,16045.5,16075.68656125651,20.124374171007407,25.155467713759258,30.186561256511112,TP,30.186561256510686,603.7312251302137
2023-11-30 19:00:00-05:00,2023-12-01 04:20:00-05:00,15960.25,15996.388950646662,24.092633764441153,30.115792205551443,36.138950646661726,TP,36.138950646662124,722.7790129332425
2023-12-04 19:00:00-05:00,2023-12-05 01:00:00-05:00,15846.75,15821.037750071402,20.56979994287835,25.712249928597938,30.85469991431753,SL,-25.712249928597885,-514.2449985719577
2023-12-05 19:00:00-05:00,2023-12-06 00:00:00-05:00,15955.75,15996.101324424575,26.900882949716518,33.626103687145644,40.35132442457478,TP,40.35132442457507,807.0264884915014
2023-12-06 19:00:00-05:00,2023-12-07 00:00:00-05:00,16022.0,15995.061202310295,21.551038151764313,26.938797689705392,32.32655722764647,SL,-26.938797689705098,-538.775953794102
2023-12-07 19:00:00-05:00,2023-12-08 02:40:00-05:00,16019.25,15993.31575283483,20.747397732136687,25.93424716517086,31.12109659820503,SL,-25.934247165170746,-518.6849433034149
2023-12-10 19:00:00-05:00,2023-12-10 19:40:00-05:00,16102.25,16074.582856883078,22.13371449353777,27.66714311692221,33.20057174030666,SL,-27.66714311692158,-553.3428623384316
2023-12-11 19:00:00-05:00,2023-12-11 19:20:00-05:00,16457.5,16482.84685293732,16.897901958212575,21.122377447765718,25.346852937318864,TP,25.346852937320364,506.9370587464073
2023-12-12 19:00:00-05:00,2023-12-13 08:00:00-05:00,16607.0,16606.75,16.203822226917577,20.254777783646972,24.305733340376364,Force,-0.25,-5.0
2023-12-13 19:00:00-05:00,2023-12-14 08:00:00-05:00,16845.25,16825.5,28.28431925535019,35.35539906918774,42.42647888302528,Force,-19.75,-395.0
2023-12-14 19:00:00-05:00,2023-12-15 02:40:00-05:00,16765.5,16801.845520649535,24.230347099690622,30.287933874613277,36.345520649535935,TP,36.34552064953459,726.9104129906918
2023-12-17 19:00:00-05:00,2023-12-18 00:20:00-05:00,16826.75,16855.632600215664,19.255066810442752,24.06883351305344,28.882600215664127,TP,28.882600215663842,577.6520043132768
2023-12-18 19:00:00-05:00,2023-12-19 03:20:00-05:00,16922.25,16946.11784930367,15.91189953578046,19.889874419725576,23.86784930367069,TP,23.86784930367139,477.35698607342783
2023-12-19 19:00:00-05:00,2023-12-20 03:00:00-05:00,17033.25,17014.90914474638,14.672684202896486,18.340855253620607,22.00902630434473,SL,-18.340855253620248,-366.81710507240496
2023-12-20 19:00:00-05:00,2023-12-21 02:00:00-05:00,16809.0,16850.30597793773,27.53731862515308,34.42164828144135,41.30597793772962,TP,41.30597793772904,826.1195587545808
2023-12-21 19:00:00-05:00,2023-12-21 22:40:00-05:00,16933.5,16901.55601458119,25.555188335047312,31.94398541880914,38.332782502570964,SL,-31.94398541880946,-638.8797083761892
2023-12-27 19:00:00-05:00,2023-12-27 20:20:00-05:00,17125.0,17149.959635856245,16.639757237497587,20.799696546871985,24.95963585624638,TP,24.95963585624486,499.1927171248972
2023-12-28 19:00:00-05:00,2023-12-30 17:00:00-05:00,17101.25,17003.75,14.387531872176135,17.98441484022017,21.581297808264203,SL,-97.5,-1950.0
2024-01-01 19:00:00-05:00,2024-01-01 21:20:00-05:00,17026.5,17010.644903713095,12.684077029522998,15.855096286903747,19.026115544284497,SL,-15.855096286904882,-317.10192573809763
2024-01-02 19:00:00-05:00,2024-01-02 23:40:00-05:00,16726.5,16694.873840359403,25.300927712476096,31.62615964059512,37.95139156871414,SL,-31.626159640596597,-632.523192811932
2024-01-03 19:00:00-05:00,2024-01-04 02:20:00-05:00,16540.0,16577.832065779818,25.22137718654484,31.52672148318105,37.832065779817256,TP,37.83206577981764,756.6413155963528
2024-01-04 19:00:00-05:00,2024-01-05 00:20:00-05:00,16460.75,16433.195173309003,22.043861352797993,27.55482669099749,33.06579202919699,SL,-27.554826690997288,-551.0965338199458
2024-01-08 19:00:00-05:00,2024-01-09 03:00:00-05:00,16786.5,16763.75163882552,18.198688939582624,22.74836117447828,27.298033409373936,SL,-22.748361174479214,-454.9672234895843
2024-01-09 19:00:00-05:00,2024-01-10 01:40:00-05:00,16843.75,16814.67619311581,23.25904550735056,29.0738068841882,34.88856826102584,SL,-29.073806884189253,-581.476137683785
2024-01-10 19:00:00-05:00,2024-01-10 21:00:00-05:00,16964.0,16996.520615832884,21.6804105552567,27.100513194070874,32.52061583288505,TP,32.52061583288378,650.4123166576755
2024-01-11 19:00:00-05:00,2024-01-12 02:40:00-05:00,16954.5,16916.54584022049,30.36332782360822,37.95415977951028,45.54499173541233,SL,-37.95415977951052,-759.0831955902104
2024-01-16 19:00:00-05:00,2024-01-16 21:40:00-05:00,16964.25,16931.69295966782,26.0456322657438,32.55704033217975,39.0684483986157,SL,-32.557040332179895,-651.1408066435979
2024-01-17 19:00:00-05:00,2024-01-18 01:40:00-05:00,16855.5,16895.3094169723,26.53961131486616,33.1745141435827,39.80941697229924,TP,39.80941697230082,796.1883394460165
2024-01-18 19:00:00-05:00,2024-01-19 02:20:00-05:00,17143.0,17185.353103267196,28.235402178131892,35.294252722664865,42.35310326719784,TP,42.353103267196275,847.0620653439255
2024-01-22 19:00:00-05:00,2024-01-23 03:20:00-05:00,17467.0,17439.69718774774,21.842249801806876,27.302812252258594,32.763374702710315,SL,-27.302812252259173,-546.0562450451835
2024-01-23 19:00:00-05:00,2024-01-24 00:20:00-05:00,17576.0,17607.081460446247,20.720973630830454,25.901217038538068,31.08146044624568,TP,31.081460446246638,621.6292089249328
2024-01-24 19:00:00-05:00,2024-01-25 03:40:00-05:00,17606.0,17654.223597027692,32.149064685127236,40.18633085640904,48.22359702769086,TP,48.22359702769245,964.471940553849
2024-01-25 19:00:00-05:00,2024-01-25 23:40:00-05:00,17534.75,17494.800644162526,31.95948466998081,39.94935583747601,47.939227004971215,SL,-39.949355837474286,-798.9871167494857
2024-01-28 19:00:00-05:00,2024-01-28 20:20:00-05:00,17486.0,17527.088554180165,27.3923694534446,34.24046181680575,41.0885541801669,TP,41.088554180165374,821.7710836033075
2024-01-29 19:00:00-05:00,2024-01-30 02:00:00-05:00,17723.0,17696.681767572794,21.054585941764103,26.31823242720513,31.581878912646154,SL,-26.318232427205658,-526.3646485441132
2024-01-30 19:00:00-05:00,2024-01-31 04:00:00-05:00,17456.75,17419.49570055074,29.803439559407988,37.25429944925998,44.70515933911198,SL,-37.25429944926145,-745.085988985229
2024-01-31 19:00:00-05:00,2024-02-01 03:20:00-05:00,17288.0,17344.950068236136,37.966712157422705,47.45839019677838,56.95006823613406,TP,56.95006823613585,1139.001364722717
2024-02-01 19:00:00-05:00,2024-02-02 08:00:00-05:00,17581.75,17618.5,41.495583996656784,51.86947999582098,62.24337599498517,Force,36.75,735.0
2024-02-04 19:00:00-05:00,2024-02-04 19:40:00-05:00,17713.75,17671.276124329954,33.97910053603686,42.47387567004608,50.96865080405529,SL,-42.473875670046255,-849.4775134009251
2024-02-05 19:00:00-05:00,2024-02-05 23:40:00-05:00,17703.0,17739.76486110843,24.509907405620456,30.63738425702557,36.764861108430686,TP,36.76486110842961,735.2972221685923
2024-02-06 19:00:00-05:00,2024-02-06 20:00:00-05:00,17653.5,17692.99253227069,26.328354847127382,32.91044355890923,39.49253227069107,TP,39.4925322706913,789.850645413826
2024-02-07 19:00:00-05:00,2024-02-08 06:20:00-05:00,17838.25,17810.57091045228,22.143271638176945,27.67908954772118,33.21490745726542,SL,-27.67908954772065,-553.581790954413
2024-02-08 19:00:00-05:00,2024-02-09 03:00:00-05:00,17871.75,17899.22250679359,18.31500452905984,22.893755661324803,27.472506793589762,TP,27.472506793590583,549.4501358718117
2024-02-11 19:00:00-05:00,2024-02-12 04:00:00-05:00,18030.25,18056.796929920885,17.6979532805896,22.122441600737,26.546929920884402,TP,26.546929920885304,530.9385984177061
2024-02-12 19:00:00-05:00,2024-02-13 03:00:00-05:00,17924.75,17961.79368208829,24.695788058859776,30.86973507357472,37.043682088289664,TP,37.04368208828964,740.8736417657929
2024-02-13 19:00:00-05:00,2024-02-14 02:20:00-05:00,17684.75,17735.539192319844,33.85946154656226,42.324326933202826,50.78919231984339,TP,50.789192319844005,1015.7838463968801
2024-02-14 19:00:00-05:00,2024-02-15 02:00:00-05:00,17870.0,17909.024936597976,26.016624398650254,32.52078049831282,39.02493659797538,TP,39.02493659797619,780.4987319595239
2024-02-15 19:00:00-05:00,2024-02-15 20:40:00-05:00,17947.5,17918.932287142165,22.854170286267,28.567712857833747,34.2812554294005,SL,-28.56771285783543,-571.3542571567086
2024-02-19 19:00:00-05:00,2024-02-19 19:20:00-05:00,17744.25,17725.16570072999,15.26743941600854,19.084299270010675,22.901159124012807,SL,-19.08429927000907,-381.6859854001814
2024-02-20 19:00:00-05:00,2024-02-21 03:20:00-05:00,17572.25,17531.46538726482,32.62769018814371,40.784612735179635,48.94153528221557,SL,-40.78461273518042,-815.6922547036083
2024-02-21 19:00:00-05:00,2024-02-22 01:20:00-05:00,17742.0,17818.34788361895,50.89858907930082,63.623236349126024,76.34788361895123,TP,76.34788361894971,1526.9576723789942
2024-02-22 19:00:00-05:00,2024-02-23 04:20:00-05:00,18033.0,18000.296628814373,26.162696948501317,32.703371185626644,39.244045422751974,SL,-32.703371185627475,-654.0674237125495
2024-02-25 19:00:00-05:00,2024-02-25 19:40:00-05:00,17962.75,17936.199200969393,21.240639224486472,26.55079903060809,31.860958836729708,SL,-26.550799030606868,-531.0159806121374
2024-02-26 19:00:00-05:00,2024-02-27 03:00:00-05:00,17953.5,17987.620567477607,22.747044985071643,28.433806231339553,34.120567477607466,TP,34.12056747760653,682.4113495521306
2024-02-27 19:00:00-05:00,2024-02-28 01:20:00-05:00,18009.5,17984.436890710567,20.050487431545047,25.06310928943131,30.07573114731757,SL,-25.06310928943276,-501.2621857886552
2024-02-28 19:00:00-05:00,2024-02-28 23:20:00-05:00,17881.5,17918.35961015644,24.573073437626206,30.716341797032758,36.85961015643931,TP,36.859610156439885,737.1922031287977
2024-02-29 19:00:00-05:00,2024-02-29 20:40:00-05:00,18071.0,18115.373874296158,29.58258286410406,36.97822858013008,44.37387429615609,TP,44.37387429615774,887.4774859231547
2024-03-03 19:00:00-05:00,2024-03-04 03:00:00-05:00,18332.25,18366.63047296886,22.920315312572747,28.65039414071593,34.380472968859124,TP,34.380472968859976,687.6094593771995
2024-03-04 19:00:00-05:00,2024-03-04 20:20:00-05:00,18232.25,18202.796738493522,23.56260920518273,29.453261506478412,35.3439138077741,SL,-29.453261506478157,-589.0652301295631
2024-03-05 19:00:00-05:00,2024-03-06 02:40:00-05:00,17956.5,18001.077469961314,29.718313307542868,37.14789163442858,44.5774699613143,TP,44.57746996131391,891.5493992262782
2024-03-06 19:00:00-05:00,2024-03-06 20:00:00-05:00,18017.25,17975.100474707488,33.71962023401013,42.149525292512664,50.57943035101519,SL,-42.14952529251241,-842.9905058502482
2024-03-07 19:00:00-05:00,2024-03-08 03:00:00-05:00,18268.0,18320.40782584979,34.93855056652796,43.67318820815995,52.407825849791934,TP,52.40782584979024,1048.1565169958049
2024-03-11 19:00:00-04:00,2024-03-12 02:00:00-04:00,18288.0,18341.258207481016,35.50547165401182,44.381839567514774,53.258207481017735,TP,53.25820748101614,1065.1641496203229
2024-03-12 19:00:00-04:00,2024-03-12 23:00:00-04:00,18480.5,18444.757816977788,28.5937464177689,35.74218302221113,42.890619626653354,SL,-35.742183022211975,-714.8436604442395
2024-03-13 19:00:00-04:00,2024-03-14 04:00:00-04:00,18365.0,18403.92825533871,25.952170225805908,32.44021278225738,38.928255338708865,TP,38.92825533870928,778.5651067741856
2024-03-14 19:00:00-04:00,2024-03-15 05:40:00-04:00,18232.5,18285.45285769689,35.30190513126082,44.12738141407602,52.95285769689123,TP,52.95285769689144,1059.0571539378288
2024-03-17 19:00:00-04:00,2024-03-17 21:40:00-04:00,18069.5,18108.3964210327,25.93094735513261,32.41368419391576,38.89642103269891,TP,38.896421032699436,777.9284206539887
2024-03-18 19:00:00-04:00,2024-03-18 21:20:00-04:00,18193.25,18154.64694636619,30.882442907048567,38.60305363381071,46.32366436057285,SL,-38.603053633811214,-772.0610726762243
2024-03-19 19:00:00-04:00,2024-03-19 21:00:00-04:00,18279.0,18245.630917485676,26.69526601145972,33.369082514324646,40.042899017189576,SL,-33.36908251432396,-667.3816502864793
2024-03-20 19:00:00-04:00,2024-03-21 03:00:00-04:00,18576.75,18629.772294315142,35.3481962100936,44.185245262616995,53.0222943151404,TP,53.02229431514206,1060.4458863028412
2024-03-21 19:00:00-04:00,2024-03-21 22:20:00-04:00,18582.0,18551.281067017215,24.575146386227598,30.718932982784498,36.862719579341395,SL,-30.71893298278519,-614.3786596557038
2024-03-24 19:00:00-04:00,2024-03-25 02:00:00-04:00,18576.0,18549.36945824988,21.304433400096435,26.630541750120543,31.956650100144653,SL,-26.630541750120756,-532.6108350024151
2024-03-25 19:00:00-04:00,2024-03-26 02:40:00-04:00,18529.0,18556.595275003685,18.396850002456468,22.996062503070583,27.5952750036847,TP,27.595275003684947,551.9055000736989
2024-03-26 19:00:00-04:00,2024-03-27 00:20:00-04:00,18481.25,18512.007433625695,20.504955750462088,25.63119468807761,30.75743362569313,TP,30.75743362569483,615.1486725138966
2024-03-27 19:00:00-04:00,2024-03-28 08:00:00-04:00,18486.0,18494.5,23.857512371496338,29.821890464370423,35.786268557244505,Force,8.5,170.0
2024-03-31 19:00:00-04:00,2024-04-01 07:20:00-04:00,18578.25,18545.882473121153,25.894021503078296,32.36752687884787,38.841032254617446,SL,-32.36752687884655,-647.350537576931
2024-04-01 19:00:00-04:00,2024-04-02 03:20:00-04:00,18478.0,18450.71662528792,21.826699769663108,27.283374712078885,32.74004965449466,SL,-27.283374712078512,-545.6674942415702
2024-04-02 19:00:00-04:00,2024-04-02 20:00:00-04:00,18329.75,18303.37879439609,21.09696448312911,26.37120560391139,31.645446724693663,SL,-26.37120560391122,-527.4241120782244
2024-04-03 19:00:00-04:00,2024-04-03 19:20:00-04:00,18399.5,18438.396858869542,25.9312392463625,32.41404905795313,38.89685886954375,TP,38.896858869542484,777.9371773908497
2024-04-04 19:00:00-04:00,2024-04-05 04:00:00-04:00,18087.0,18146.04996644291,39.36664429527558,49.208305369094475,59.049966442913366,TP,59.04996644291168,1180.9993288582336
2024-04-07 19:00:00-04:00,2024-04-07 23:20:00-04:00,18320.75,18280.078986076416,32.5368111388677,40.671013923584624,48.80521670830154,SL,-40.671013923583814,-813.4202784716763
2024-04-08 19:00:00-04:00,2024-04-09 03:40:00-04:00,18310.25,18281.232998033476,23.213601573219595,29.017001966524493,34.820402359829394,SL,-29.01700196652382,-580.3400393304764
2024-04-09 19:00:00-04:00,2024-04-10 08:00:00-04:00,18374.75,18385.5,31.363784275988888,39.20473034498611,47.04567641398333,Force,10.75,215.0
2024-04-10 19:00:00-04:00,2024-04-11 02:20:00-04:00,18148.0,18213.63807031192,43.75871354128126,54.69839192660157,65.6380703119219,TP,65.63807031192118,1312.7614062384237
2024-04-11 19:00:00-04:00,2024-04-12 04:00:00-04:00,18496.5,18462.719234079224,27.02461273661938,33.78076592077422,40.53691910492907,SL,-33.78076592077559,-675.6153184155119
2024-04-12 19:00:00-04:00,2024-04-14 18:20:00-04:00,18172.5,18222.528972500942,33.352648333961795,41.69081041745224,50.02897250094269,TP,50.02897250094247,1000.5794500188495
2024-04-14 19:00:00-04:00,2024-04-14 20:20:00-04:00,18233.25,18192.972488542113,32.222009166310315,40.2775114578879,48.33301374946547,SL,-40.27751145788716,-805.5502291577432
2024-04-15 19:00:00-04:00,2024-04-15 22:20:00-04:00,17856.0,17806.846498129427,39.32280149645823,49.15350187057279,58.98420224468735,SL,-49.153501870572654,-983.0700374114531
2024-04-16 19:00:00-04:00,2024-04-17 01:40:00-04:00,17907.0,17862.00485487386,35.99611610091113,44.995145126138915,53.99417415136669,SL,-44.995145126140415,-899.9029025228083
2024-04-17 19:00:00-04:00,2024-04-18 00:20:00-04:00,17680.75,17734.832190485562,36.054793657040285,45.068492071300355,54.08219048556043,TP,54.08219048556202,1081.6438097112405
2024-04-18 19:00:00-04:00,2024-04-18 20:00:00-04:00,17512.5,17466.51655933312,36.786752533504156,45.9834406668802,55.180128800256234,SL,-45.983440666881506,-919.6688133376301
2024-04-21 19:00:00-04:00,2024-04-22 08:00:00-04:00,17253.75,17260.75,43.03353581837095,53.79191977296369,64.55030372755643,Force,7.0,140.0
2024-04-22 19:00:00-04:00,2024-04-23 04:00:00-04:00,17318.5,17371.776576143,35.51771742866439,44.397146785830486,53.27657614299659,TP,53.27657614299824,1065.5315228599648
2024-04-23 19:00:00-04:00,2024-04-23 21:40:00-04:00,17683.5,17727.39820261402,29.265468409344592,36.58183551168074,43.89820261401689,TP,43.89820261401837,877.9640522803675
2024-04-24 19:00:00-04:00,2024-04-25 01:40:00-04:00,17471.5,17418.477470705693,42.41802343544572,53.02252929430715,63.62703515316858,SL,-53.02252929430688,-1060.4505858861376
2024-04-25 19:00:00-04:00,2024-04-26 08:00:00-04:00,17764.5,17740.0,50.74781241850132,63.43476552312665,76.12171862775197,Force,-24.5,-490.0
2024-04-28 19:00:00-04:00,2024-04-28 20:00:00-04:00,17858.25,17892.06161075072,22.541073833813105,28.17634229226638,33.81161075071966,TP,33.81161075071941,676.2322150143882
2024-04-29 19:00:00-04:00,2024-04-30 01:20:00-04:00,17908.5,17877.33257302041,24.93394158367331,31.16742697959164,37.40091237550996,SL,-31.167426979591255,-623.3485395918251
2024-04-30 19:00:00-04:00,2024-05-01 05:00:00-04:00,17501.75,17449.71431338422,41.62854929262683,52.03568661578353,62.44282393894024,SL,-52.03568661578174,-1040.7137323156348
2024-05-01 19:00:00-04:00,2024-05-02 03:40:00-04:00,17501.5,17579.76576835764,52.17717890509277,65.22147363136595,78.26576835763915,TP,78.2657683576399,1565.315367152798
2024-05-02 19:00:00-04:00,2024-05-03 08:00:00-04:00,17747.0,17764.5,44.77472375258204,55.96840469072755,67.16208562887306,Force,17.5,350.0
2024-05-05 19:00:00-04:00,2024-05-06 00:40:00-04:00,18019.75,17992.353934529907,21.91685237607513,27.396065470093912,32.8752785641127,SL,-27.396065470093163,-547.9213094018633
2024-05-06 19:00:00-04:00,2024-05-07 04:00:00-04:00,18186.25,18164.16575960279,17.667392317768382,22.08424039721048,26.501088476652573,SL,-22.084240397209214,-441.6848079441843
2024-05-07 19:00:00-04:00,2024-05-08 01:20:00-04:00,18205.5,18181.056227259767,19.555018192186445,24.443772740233058,29.332527288279667,SL,-24.443772740232816,-488.87545480465633
2024-05-08 19:00:00-04:00,2024-05-09 03:00:00-04:00,18164.0,18139.05791669935,19.953666640520954,24.94208330065119,29.930499960781432,SL,-24.942083300651575,-498.8416660130315
2024-05-09 19:00:00-04:00,2024-05-10 03:00:00-04:00,18235.0,18265.128170657157,20.085447104772328,25.10680888096541,30.128170657158492,TP,30.12817065715717,602.5634131431434
2024-05-12 19:00:00-04:00,2024-05-12 23:40:00-04:00,18251.5,18276.891006902657,16.927337935104585,21.159172418880733,25.391006902656876,TP,25.391006902656954,507.8201380531391
2024-05-13 19:00:00-04:00,2024-05-13 23:20:00-04:00,18283.0,18264.004023114325,15.196781508540068,18.995976885675084,22.7951722628101,SL,-18.99597688567519,-379.9195377135038
2024-05-14 19:00:00-04:00,2024-05-15 03:20:00-04:00,18421.5,18397.27449087889,19.380407296885334,24.22550912110667,29.070610945328,SL,-24.22550912110819,-484.5101824221638
2024-05-15 19:00:00-04:00,2024-05-16 08:00:00-04:00,18714.5,18710.0,21.236791521781342,26.545989402226677,31.855187282672013,Force,-4.5,-90.0
2024-05-16 19:00:00-04:00,2024-05-17 04:00:00-04:00,18650.25,18625.600636039984,19.719491168013626,24.649363960017034,29.57923675202044,SL,-24.649363960015762,-492.98727920031524
2024-05-19 19:00:00-04:00,2024-05-20 07:00:00-04:00,18657.0,18681.185951027794,16.123967351861566,20.154959189826958,24.18595102779235,TP,24.185951027793635,483.7190205558727
2024-05-20 19:00:00-04:00,2024-05-21 08:00:00-04:00,18749.25,18741.75,18.029107335506755,22.536384169383442,27.043661003260134,Force,-7.5,-150.0
2024-05-21 19:00:00-04:00,2024-05-22 03:00:00-04:00,18812.0,18794.162562593778,14.269949924976453,17.837437406220566,21.40492488746468,SL,-17.837437406222307,-356.74874812444614
2024-05-22 19:00:00-04:00,2024-05-22 22:40:00-04:00,18866.5,18924.895255753407,38.93017050227231,48.66271312784039,58.39525575340846,TP,58.39525575340667,1167.9051150681335
2024-05-23 19:00:00-04:00,2024-05-24 07:00:00-04:00,18706.75,18754.150146429827,31.60009761988528,39.5001220248566,47.40014642982792,TP,47.400146429827146,948.0029285965429
2024-05-26 19:00:00-04:00,2024-05-26 20:00:00-04:00,18857.75,18835.277671263462,17.977862989229735,22.47232873653717,26.966794483844602,SL,-22.472328736537747,-449.44657473075495
2024-05-27 19:00:00-04:00,2024-05-27 20:00:00-04:00,18917.75,18899.724869862857,14.420104109715222,18.02513013714403,21.63015616457283,SL,-18.025130137142696,-360.5026027428539
2024-05-28 19:00:00-04:00,2024-05-28 20:40:00-04:00,18940.5,18910.976682275985,23.61865417921353,29.523317724016913,35.42798126882029,SL,-29.523317724015214,-590.4663544803043
2024-05-29 19:00:00-04:00,2024-05-29 22:40:00-04:00,18727.25,18690.894512440453,29.084390047637783,36.35548755954723,43.626585071456674,SL,-36.35548755954733,-727.1097511909466
2024-05-30 19:00:00-04:00,2024-05-30 20:00:00-04:00,18567.75,18529.270753727596,30.783397017922855,38.47924627240357,46.175095526884284,SL,-38.47924627240354,-769.5849254480709
2024-06-02 19:00:00-04:00,2024-06-02 20:00:00-04:00,18577.25,18629.354552931818,34.73636862121309,43.420460776516364,52.10455293181963,TP,52.104552931818034,1042.0910586363607
2024-06-03 19:00:00-04:00,2024-06-04 02:20:00-04:00,18662.75,18623.825560480294,31.13955161576352,38.9244395197044,46.70932742364528,SL,-38.92443951970563,-778.4887903941126
2024-06-04 19:00:00-04:00,2024-06-05 05:40:00-04:00,18731.5,18780.431315442347,32.62087696156574,40.77609620195717,48.93131544234861,TP,48.93131544234711,978.6263088469423
2024-06-05 19:00:00-04:00,2024-06-05 20:20:00-04:00,19098.5,19068.67112764764,23.863097881887942,29.828872352359927,35.794646822831915,SL,-29.828872352358303,-596.5774470471661
2024-06-06 19:00:00-04:00,2024-06-07 08:00:00-04:00,19077.5,19091.0,20.43975562337209,25.549694529215113,30.659633435058133,Force,13.5,270.0
2024-06-09 19:00:00-04:00,2024-06-10 05:20:00-04:00,19030.25,18989.219881896865,32.8240944825091,41.03011810313638,49.23614172376365,SL,-41.030118103135464,-820.6023620627093
2024-06-10 19:00:00-04:00,2024-06-11 06:00:00-04:00,19080.0,19049.854080640423,24.11673548766172,30.14591935957715,36.175103231492585,SL,-30.14591935957651,-602.9183871915302
2024-06-11 19:00:00-04:00,2024-06-12 08:00:00-04:00,19266.25,19269.0,24.498332769671375,30.62291596208922,36.74749915450706,Force,2.75,55.0
2024-06-12 19:00:00-04:00,2024-06-13 03:00:00-04:00,19598.75,19659.22760778495,40.318405189966896,50.398006487458616,60.477607784950344,TP,60.477607784949214,1209.5521556989843
2024-06-13 19:00:00-04:00,2024-06-14 02:00:00-04:00,19610.75,19648.93921045195,25.459473634633078,31.824342043291345,38.18921045194962,TP,38.1892104519502,763.784209039004
2024-06-16 19:00:00-04:00,2024-06-17 00:00:00-04:00,19710.25,19743.43671434113,22.124476227419535,27.65559528427442,33.1867143411293,TP,33.18671434112912,663.7342868225824
2024-06-17 19:00:00-04:00,2024-06-17 21:20:00-04:00,20197.5,20164.68908838554,26.248729291567944,32.81091161445993,39.37309393735192,SL,-32.810911614458746,-656.2182322891749
2024-06-18 19:00:00-04:00,2024-06-19 08:00:00-04:00,20225.0,20234.0,19.293848766070187,24.117310957587733,28.940773149105283,Force,9.0,180.0
2024-06-19 19:00:00-04:00,2024-06-19 20:20:00-04:00,20232.5,20245.790871902984,8.860581268655233,11.07572658581904,13.29087190298285,TP,13.290871902983781,265.8174380596756
2024-06-20 19:00:00-04:00,2024-06-21 03:20:00-04:00,20073.25,20029.418945195244,35.06484384380486,43.83105480475607,52.59726576570729,SL,-43.831054804755695,-876.6210960951139
2024-06-23 19:00:00-04:00,2024-06-23 21:00:00-04:00,20022.0,19993.145875508704,23.08329959303684,28.85412449129605,34.62494938955526,SL,-28.854124491295806,-577.0824898259161
2024-06-24 19:00:00-04:00,2024-06-25 04:00:00-04:00,19764.75,19726.17301482661,30.861588138711657,38.57698517338957,46.29238220806749,SL,-38.5769851733894,-771.5397034677881
2024-06-25 19:00:00-04:00,2024-06-26 01:40:00-04:00,19974.0,20011.21423190715,24.80948793809996,31.01185992262495,37.21423190714994,TP,37.21423190714995,744.284638142999
2024-06-26 19:00:00-04:00,2024-06-27 02:00:00-04:00,19914.0,19962.622311551684,32.41487436778852,40.51859295973565,48.622311551682785,TP,48.622311551684106,972.4462310336821
2024-06-27 19:00:00-04:00,2024-06-27 21:40:00-04:00,20086.75,20126.794584577958,26.696389718639434,33.37048714829929,40.04458457795915,TP,40.04458457795772,800.8916915591544
2024-06-30 19:00:00-04:00,2024-06-30 22:00:00-04:00,19945.75,19996.131013517523,33.5873423450146,41.98417793126825,50.38101351752189,TP,50.38101351752266,1007.6202703504532
2024-07-01 19:00:00-04:00,2024-07-01 20:20:00-04:00,20024.0,19987.45663816637,29.234689466902633,36.54336183362829,43.85203420035395,SL,-36.543361833628296,-730.8672366725659
2024-07-02 19:00:00-04:00,2024-07-03 04:40:00-04:00,20245.5,20281.477783360697,23.985188907130517,29.981486133913148,35.977783360695774,TP,35.977783360696776,719.5556672139355
2024-07-03 19:00:00-04:00,2024-07-04 08:00:00-04:00,20403.25,20404.25,28.19639691633859,35.24549614542324,42.294595374507885,Force,1.0,20.0
2024-07-04 19:00:00-04:00,2024-07-04 20:40:00-04:00,20387.75,20402.598426337117,9.898950891410621,12.373688614263276,14.848426337115932,TP,14.848426337117417,296.96852674234833
2024-07-07 19:00:00-04:00,2024-07-07 21:00:00-04:00,20605.5,20579.92262679113,20.461898567097897,25.577373208872373,30.692847850646846,SL,-25.577373208870995,-511.5474641774199
2024-07-08 19:00:00-04:00,2024-07-08 20:00:00-04:00,20712.75,20747.94898584838,23.465990565587177,29.33248820698397,35.198985848380765,TP,35.19898584837938,703.9797169675876
2024-07-09 19:00:00-04:00,2024-07-10 04:00:00-04:00,20699.25,20727.84843247437,19.065621649580173,23.832027061975218,28.59843247437026,TP,28.598432474369474,571.9686494873895
2024-07-10 19:00:00-04:00,2024-07-10 21:00:00-04:00,20884.0,20859.987998346944,19.20960132244516,24.01200165305645,28.81440198366774,SL,-24.01200165305636,-480.2400330611272
2024-07-11 19:00:00-04:00,2024-07-11 19:40:00-04:00,20458.0,20409.038465426194,39.16922765904498,48.96153457380622,58.75384148856747,SL,-48.96153457380569,-979.2306914761139
2024-07-14 19:00:00-04:00,2024-07-15 00:20:00-04:00,20536.25,20583.480424610105,31.486949740069345,39.35868717508668,47.230424610104016,TP,47.23042461010482,944.6084922020964
2024-07-15 19:00:00-04:00,2024-07-16 03:00:00-04:00,20638.75,20592.874910719856,36.70007142411467,45.875089280143335,55.050107136172,SL,-45.875089280143584,-917.5017856028717
2024-07-16 19:00:00-04:00,2024-07-16 23:40:00-04:00,20567.25,20526.93280423239,32.25375661408891,40.31719576761113,48.380634921133364,SL,-40.31719576760952,-806.3439153521904
2024-07-17 19:00:00-04:00,2024-07-18 02:00:00-04:00,20057.5,20116.694697834064,39.46313188937687,49.32891486172109,59.1946978340653,TP,59.194697834063845,1183.893956681277
2024-07-18 19:00:00-04:00,2024-07-21 13:40:00-04:00,19959.25,19701.5,50.82994741500334,63.537434268754176,76.244921122505,SL,-257.75,-5155.0
2024-07-21 19:00:00-04:00,2024-07-21 20:20:00-04:00,19829.5,19777.88338954747,41.293288362022984,51.61661045252873,61.93993254303447,SL,-51.61661045252913,-1032.3322090505826
2024-07-22 19:00:00-04:00,2024-07-22 20:40:00-04:00,19975.25,19934.139239817025,32.88860814637886,41.11076018297357,49.332912219568286,SL,-41.110760182975355,-822.2152036595071
2024-07-23 19:00:00-04:00,2024-07-24 00:20:00-04:00,19813.25,19756.26151492516,45.590788059870995,56.98848507483874,68.3861820898065,SL,-56.988485074838536,-1139.7697014967707
2024-07-24 19:00:00-04:00,2024-07-24 22:20:00-04:00,19286.25,19232.92231342779,42.66214925776844,53.32768657221055,63.99322388665266,SL,-53.32768657221095,-1066.553731444219
2024-07-25 19:00:00-04:00,2024-07-26 00:40:00-04:00,19004.75,19098.486313485875,62.49087565724983,78.11359457156229,93.73631348587475,TP,93.73631348587514,1874.7262697175029
2024-07-28 19:00:00-04:00,2024-07-28 20:40:00-04:00,19243.25,19300.733396459094,38.32226430606186,47.90283038257733,57.48339645909279,TP,57.483396459094365,1149.6679291818873
2024-07-29 19:00:00-04:00,2024-07-29 21:20:00-04:00,19168.75,19117.374731634998,41.100214692001884,51.375268365002356,61.65032203800283,SL,-51.37526836500183,-1027.5053673000366
2024-07-30 19:00:00-04:00,2024-07-30 22:20:00-04:00,19016.5,19115.00831687987,65.67221125324608,82.0902640665576,98.50831687986911,TP,98.50831687987011,1970.1663375974022
2024-07-31 19:00:00-04:00,2024-08-01 02:40:00-04:00,19666.5,19591.210602122264,60.23151830218911,75.28939787773639,90.34727745328367,SL,-75.28939787773561,-1505.7879575547122
2024-08-01 19:00:00-04:00,2024-08-01 22:20:00-04:00,18886.0,18787.809057902694,78.55275367784512,98.19094209730639,117.82913051676768,SL,-98.1909420973061,-1963.8188419461221
2024-08-04 19:00:00-04:00,2024-08-04 19:20:00-04:00,18328.0,18242.628638830745,68.29708893540422,85.37136116925527,102.44563340310633,SL,-85.37136116925467,-1707.4272233850934
2024-08-05 19:00:00-04:00,2024-08-05 21:00:00-04:00,18211.75,18364.97708541371,102.15139027580572,127.68923784475716,153.22708541370858,TP,153.22708541370957,3064.5417082741915
2024-08-06 19:00:00-04:00,2024-08-06 21:20:00-04:00,18079.0,18202.96692850201,82.64461900134106,103.30577375167633,123.96692850201158,TP,123.96692850200998,2479.3385700401996
2024-08-07 19:00:00-04:00,2024-08-07 19:20:00-04:00,17875.25,17780.449791942054,75.84016644635808,94.8002080579476,113.76024966953713,SL,-94.80020805794629,-1896.0041611589259
2024-08-08 19:00:00-04:00,2024-08-08 20:20:00-04:00,18591.75,18516.693373281727,60.04530137461706,75.05662671827133,90.0679520619256,SL,-75.05662671827304,-1501.1325343654607
2024-08-11 19:00:00-04:00,2024-08-12 03:40:00-04:00,18605.0,18682.55475825549,51.70317217032703,64.62896521290878,77.55475825549054,TP,77.55475825549001,1551.0951651098003
2024-08-12 19:00:00-04:00,2024-08-13 01:00:00-04:00,18647.25,18701.481571585085,36.15438105672273,45.19297632090341,54.23157158508409,TP,54.231571585085476,1084.6314317017095
2024-08-13 19:00:00-04:00,2024-08-14 08:00:00-04:00,19113.25,19101.25,32.16136228414962,40.20170285518702,48.24204342622443,Force,-12.0,-240.0
2024-08-14 19:00:00-04:00,2024-08-14 22:20:00-04:00,19141.75,19199.434473089223,38.456315392815554,48.07039424101944,57.68447308922333,TP,57.68447308922259,1153.6894617844519
2024-08-15 19:00:00-04:00,2024-08-15 20:20:00-04:00,19623.0,19582.999410433244,32.00047165340446,40.00058956675558,48.00070748010669,SL,-40.00058956675639,-800.0117913351278
2024-08-18 19:00:00-04:00,2024-08-18 19:40:00-04:00,19662.75,19626.883733230632,28.69301341549457,35.86626676936821,43.03952012324186,SL,-35.86626676936794,-717.3253353873588
2024-08-19 19:00:00-04:00,2024-08-19 22:20:00-04:00,19866.0,19908.34341550302,28.228943668678195,35.28617958584774,42.34341550301729,TP,42.34341550301906,846.8683100603812
2024-08-20 19:00:00-04:00,2024-08-21 00:40:00-04:00,19800.25,19842.695230090714,28.296820060475945,35.37102507559493,42.44523009071392,TP,42.445230090714176,848.9046018142835
2024-08-21 19:00:00-04:00,2024-08-21 22:20:00-04:00,19927.75,19887.06131121663,32.5509510266986,40.68868878337325,48.8264265400479,SL,-40.68868878337162,-813.7737756674323
2024-08-22 19:00:00-04:00,2024-08-23 00:00:00-04:00,19623.25,19688.381327747666,43.42088516510944,54.2761064563868,65.13132774766416,TP,65.13132774766564,1302.6265549533127
2024-08-26 19:00:00-04:00,2024-08-27 01:00:00-04:00,19561.25,19615.91234004634,36.44156003089264,45.5519500386158,54.662340046338954,TP,54.66234004633952,1093.2468009267905
2024-08-27 19:00:00-04:00,2024-08-28 02:00:00-04:00,19590.0,19637.67612089797,31.78408059864599,39.730100748307486,47.676120897968985,TP,47.67612089796967,953.5224179593934
2024-08-28 19:00:00-04:00,2024-08-29 00:00:00-04:00,19193.0,19292.422052266364,66.28136817757644,82.85171022197055,99.42205226636466,TP,99.42205226636361,1988.4410453272721
2024-08-29 19:00:00-04:00,2024-08-30 03:40:00-04:00,19438.5,19515.693335428696,51.46222361912955,64.32777952391194,77.19333542869433,TP,77.19333542869572,1543.8667085739144
2024-09-03 19:00:00-04:00,2024-09-03 20:20:00-04:00,18972.5,18914.534305638284,46.37255548937113,57.965694361713915,69.55883323405669,SL,-57.96569436171558,-1159.3138872343116
2024-09-04 19:00:00-04:00,2024-09-05 01:00:00-04:00,18943.0,18888.069111241675,43.94471100665836,54.93088875832295,65.91706650998754,SL,-54.93088875832473,-1098.6177751664945
2024-09-05 19:00:00-04:00,2024-09-05 20:40:00-04:00,18898.25,18834.674469566377,50.86042434689816,63.575530433622696,76.29063652034723,SL,-63.5755304336235,-1271.51060867247
2024-09-08 19:00:00-04:00,2024-09-08 20:00:00-04:00,18397.5,18469.768405053117,48.17893670207831,60.22367087759789,72.26840505311746,TP,72.26840505311702,1445.3681010623404
2024-09-09 19:00:00-04:00,2024-09-09 20:00:00-04:00,18718.0,18669.981240705547,38.41500743556379,48.01875929445473,57.622511153345684,SL,-48.01875929445305,-960.375185889061
2024-09-10 19:00:00-04:00,2024-09-10 20:20:00-04:00,18849.5,18807.25359071365,33.79712742907956,42.24640928634945,50.69569114361934,SL,-42.24640928634835,-844.9281857269671
2024-09-11 19:00:00-04:00,2024-09-12 00:00:00-04:00,19248.5,19323.930981512574,50.28732100838235,62.85915126047794,75.43098151257352,TP,75.43098151257436,1508.6196302514873
2024-09-12 19:00:00-04:00,2024-09-13 08:00:00-04:00,19683.25,19700.0,38.0595790284245,47.57447378553063,57.08936854263675,Force,16.75,335.0
2024-09-15 19:00:00-04:00,2024-09-16 02:00:00-04:00,19768.0,19729.637571538,30.689942769597703,38.362428461997126,46.03491415439655,SL,-38.362428461998206,-767.2485692399641
2024-09-16 19:00:00-04:00,2024-09-16 21:20:00-04:00,19679.25,19641.551297270253,30.158962183797442,37.6987027297468,45.23844327569616,SL,-37.69870272974731,-753.9740545949462
2024-09-17 19:00:00-04:00,2024-09-18 08:00:00-04:00,19691.0,19684.75,34.19123973536377,42.73904966920472,51.286859603045656,Force,-6.25,-125.0
2024-09-18 19:00:00-04:00,2024-09-18 20:00:00-04:00,19660.25,19753.64353858811,62.26235905873826,77.82794882342283,93.39353858810739,TP,93.39353858810864,1867.8707717621728
2024-09-19 19:00:00-04:00,2024-09-20 06:00:00-04:00,20050.25,20004.34281438501,36.72574849199077,45.907185614988464,55.08862273798616,SL,-45.90718561498943,-918.1437122997886
2024-09-22 19:00:00-04:00,2024-09-22 20:20:00-04:00,20031.5,20079.865084183457,32.24338945563842,40.304236819548024,48.36508418345763,TP,48.36508418345693,967.3016836691386
2024-09-23 19:00:00-04:00,2024-09-23 21:00:00-04:00,20051.0,20087.44456773513,24.29637849008485,30.370473112606064,36.44456773512728,TP,36.44456773512866,728.8913547025732
2024-09-24 19:00:00-04:00,2024-09-24 20:00:00-04:00,20190.0,20156.84738223661,26.52209421071294,33.15261776339118,39.78314131606941,SL,-33.15261776338957,-663.0523552677914
2024-09-25 19:00:00-04:00,2024-09-25 19:40:00-04:00,20245.75,20283.386642124777,25.09109474985214,31.363868437315176,37.636642124778206,TP,37.6366421247767,752.732842495534
2024-09-26 19:00:00-04:00,2024-09-26 20:00:00-04:00,20362.0,20322.74238576432,31.40609138854481,39.25761423568101,47.10913708281721,SL,-39.2576142356811,-785.1522847136221
2024-09-27 19:00:00-04:00,2024-09-29 19:00:00-04:00,20193.0,20244.85863813518,34.57242542345555,43.215531779319434,51.85863813518333,TP,51.858638135181536,1037.1727627036307
2024-09-30 19:00:00-04:00,2024-09-30 21:20:00-04:00,20233.75,20291.14386636918,38.26257757945423,47.828221974317785,57.393866369181346,TP,57.393866369180614,1147.8773273836123
2024-10-01 19:00:00-04:00,2024-10-02 08:00:00-04:00,19926.0,19947.0,52.94865472706875,66.18581840883594,79.42298209060313,Force,21.0,420.0
2024-10-02 19:00:00-04:00,2024-10-02 20:00:00-04:00,20041.25,20000.612458019245,32.51003358460388,40.637541980754854,48.76505037690582,SL,-40.637541980755486,-812.7508396151097
2024-10-03 19:00:00-04:00,2024-10-03 21:40:00-04:00,19981.25,20040.266196015553,39.34413067703481,49.18016334629351,59.01619601555222,TP,59.01619601555285,1180.323920311057
2024-10-06 19:00:00-04:00,2024-10-06 20:00:00-04:00,20255.0,20211.224775225368,35.02017981970628,43.775224774632846,52.53026972955942,SL,-43.77522477463208,-875.5044954926416
2024-10-07 19:00:00-04:00,2024-10-08 05:00:00-04:00,19989.75,20060.075795521017,46.88386368067747,58.60482960084684,70.3257955210162,TP,70.32579552101743,1406.5159104203485
2024-10-08 19:00:00-04:00,2024-10-08 22:00:00-04:00,20279.75,20244.711941008296,28.030447193361912,35.03805899170239,42.04567079004287,SL,-35.03805899170402,-700.7611798340804
2024-10-09 19:00:00-04:00,2024-10-10 03:20:00-04:00,20458.5,20421.563237563845,29.549409948922833,36.93676243615354,44.32411492338425,SL,-36.93676243615482,-738.7352487230964
2024-10-10 19:00:00-04:00,2024-10-11 01:20:00-04:00,20457.25,20420.158205113727,29.673435909017993,37.09179488627249,44.51015386352699,SL,-37.09179488627342,-741.8358977254684
2024-10-13 19:00:00-04:00,2024-10-13 21:00:00-04:00,20430.75,20403.386813986832,21.890548810535936,27.36318601316992,32.835823215803906,SL,-27.36318601316816,-547.2637202633632
2024-10-14 19:00:00-04:00,2024-10-14 20:40:00-04:00,20624.5,20595.48498698858,23.212010409134454,29.015013011418066,34.81801561370168,SL,-29.015013011419796,-580.3002602283959
2024-10-15 19:00:00-04:00,2024-10-16 08:00:00-04:00,20359.0,20359.0,36.903032681123065,46.128790851403835,55.3545490216846,Force,0.0,0.0
2024-10-16 19:00:00-04:00,2024-10-16 20:00:00-04:00,20321.5,20288.916489169642,26.066808664287727,32.58351083035966,39.100212996431594,SL,-32.583510830358136,-651.6702166071627
2024-10-17 19:00:00-04:00,2024-10-17 20:20:00-04:00,20401.75,20358.772898028114,34.381681577508225,42.97710197188528,51.57252236626233,SL,-42.97710197188644,-859.5420394377288
2024-10-20 19:00:00-04:00,2024-10-20 22:00:00-04:00,20519.75,20493.279965509337,21.17602759252928,26.4700344906616,31.76404138879392,SL,-26.470034490663238,-529.4006898132648
2024-10-21 19:00:00-04:00,2024-10-21 20:00:00-04:00,20517.25,20481.92331238022,28.26135009582602,35.326687619782525,42.39202514373903,SL,-35.326687619781296,-706.5337523956259
2024-10-22 19:00:00-04:00,2024-10-23 06:00:00-04:00,20502.25,20466.78980566832,28.368155465345307,35.460194331681635,42.55223319801796,SL,-35.46019433168112,-709.2038866336225
2024-10-23 19:00:00-04:00,2024-10-23 21:00:00-04:00,20285.0,20338.232731067335,35.48848737822379,44.360609222779736,53.23273106733568,TP,53.23273106733541,1064.6546213467082
2024-10-24 19:00:00-04:00,2024-10-25 03:40:00-04:00,20376.0,20420.614120451588,29.7427469677255,37.17843370965687,44.61412045158825,TP,44.61412045158795,892.282409031759
2024-10-27 19:00:00-04:00,2024-10-28 04:20:00-04:00,20611.75,20662.313931282446,33.70928752163001,42.136609402037514,50.56393128244501,TP,50.56393128244599,1011.2786256489198
2024-10-28 19:00:00-04:00,2024-10-28 23:40:00-04:00,20504.75,20471.150508293562,26.87959336514993,33.59949170643741,40.319390047724895,SL,-33.59949170643813,-671.9898341287626
2024-10-29 19:00:00-04:00,2024-10-30 01:40:00-04:00,20743.5,20704.067101048553,31.546319161157346,39.43289895144668,47.31947874173602,SL,-39.43289895144699,-788.6579790289397
2024-10-30 19:00:00-04:00,2024-10-31 01:00:00-04:00,20444.75,20391.07707399263,42.938340805894825,53.67292600736853,64.40751120884224,SL,-53.672926007369824,-1073.4585201473965
2024-10-31 19:00:00-04:00,2024-11-01 08:00:00-04:00,20076.0,20114.5,47.27508587317313,59.09385734146642,70.9126288097597,Force,38.5,770.0
2024-11-04 19:00:00-05:00,2024-11-05 02:00:00-05:00,20080.75,20134.171918046446,35.61461203096484,44.518265038706055,53.42191804644726,TP,53.42191804644608,1068.4383609289216
2024-11-05 19:00:00-05:00,2024-11-05 19:20:00-05:00,20344.75,20396.697201725106,34.63146781673764,43.28933477092205,51.94720172510646,TP,51.947201725106424,1038.9440345021285
2024-11-06 19:00:00-05:00,2024-11-07 01:00:00-05:00,20902.75,20956.14640052148,35.59760034765279,44.49700043456598,53.39640052147918,TP,53.396400521480246,1067.928010429605
2024-11-07 19:00:00-05:00,2024-11-08 05:20:00-05:00,21235.75,21199.349165014177,29.120667988659186,36.400834985823984,43.681001982988775,SL,-36.40083498582317,-728.0166997164633
2024-11-10 19:00:00-05:00,2024-11-10 20:00:00-05:00,21295.75,21264.410084820673,25.071932143460526,31.339915179325658,37.60789821519079,SL,-31.339915179327363,-626.7983035865473
2024-11-11 19:00:00-05:00,2024-11-12 02:20:00-05:00,21214.5,21184.08551187298,24.331590501613505,30.41448812701688,36.49738575242026,SL,-30.414488127018558,-608.2897625403712
2024-11-12 19:00:00-05:00,2024-11-13 01:00:00-05:00,21140.5,21104.201819836468,29.038544130826747,36.29818016353343,43.55781619624012,SL,-36.29818016353238,-725.9636032706476
2024-11-13 19:00:00-05:00,2024-11-14 01:40:00-05:00,21145.5,21101.08601135512,35.53119091590271,44.41398864487839,53.29678637385407,SL,-44.41398864487928,-888.2797728975856
2024-11-14 19:00:00-05:00,2024-11-14 20:00:00-05:00,20953.25,20907.260466786727,36.79162657061745,45.98953321327181,55.18743985592618,SL,-45.98953321327281,-919.7906642654561
2024-11-17 19:00:00-05:00,2024-11-17 22:00:00-05:00,20585.25,20633.57679762844,32.21786508562584,40.2723313570323,48.326797628438754,TP,48.326797628440545,966.5359525688109
2024-11-18 19:00:00-05:00,2024-11-18 20:00:00-05:00,20646.5,20610.007118653073,29.194305077541745,36.492881346927184,43.79145761631262,SL,-36.49288134692688,-729.8576269385376
2024-11-19 19:00:00-05:00,2024-11-20 05:20:00-05:00,20806.5,20765.538453068217,32.769237545425455,40.96154693178182,49.15385631813818,SL,-40.96154693178323,-819.2309386356646
2024-11-20 19:00:00-05:00,2024-11-20 20:00:00-05:00,20708.75,20639.733336136087,55.21333109112975,69.01666386391219,82.81999663669463,SL,-69.01666386391298,-1380.3332772782596
2024-11-21 19:00:00-05:00,2024-11-22 04:20:00-05:00,20781.25,20721.99010794829,47.40791364136717,59.25989205170897,71.11187046205076,SL,-59.25989205170845,-1185.197841034169
2024-11-24 19:00:00-05:00,2024-11-25 08:00:00-05:00,20950.0,20948.75,27.330911336309327,34.16363917038666,40.99636700446399,Force,-1.25,-25.0
2024-11-25 19:00:00-05:00,2024-11-25 21:00:00-05:00,20801.0,20863.655018520803,41.77001234720161,52.21251543400201,62.655018520802415,TP,62.655018520803424,1253.1003704160685
2024-11-26 19:00:00-05:00,2024-11-27 03:00:00-05:00,20981.0,20947.849064024376,26.520748780497865,33.15093597562233,39.781123170746795,SL,-33.150935975623725,-663.0187195124745
2024-11-27 19:00:00-05:00,2024-11-28 08:00:00-05:00,20844.25,20869.75,26.55424051068749,33.19280063835936,39.83136076603123,Force,25.5,510.0
2024-11-28 19:00:00-05:00,2024-11-28 19:20:00-05:00,20873.0,20855.419709162372,14.064232670101914,17.58029083762739,21.09634900515287,SL,-17.580290837628127,-351.60581675256253
2024-12-01 19:00:00-05:00,2024-12-02 08:00:00-05:00,20973.0,21015.617922618538,28.411948412357592,35.51493551544699,42.61792261853639,TP,42.617922618537705,852.3584523707541
2024-12-02 19:00:00-05:00,2024-12-03 06:00:00-05:00,21215.75,21188.707887838213,21.63368972942961,27.04211216178701,32.450534594144415,SL,-27.042112161787372,-540.8422432357474
2024-12-03 19:00:00-05:00,2024-12-04 00:20:00-05:00,21324.0,21356.99179364517,21.994529096780283,27.493161370975354,32.991793645170425,TP,32.99179364517113,659.8358729034226
2024-12-04 19:00:00-05:00,2024-12-05 07:40:00-05:00,21506.0,21534.881726531126,19.25448435408504,24.0681054426063,28.881726531127562,TP,28.881726531126333,577.6345306225267
2024-12-05 19:00:00-05:00,2024-12-06 03:00:00-05:00,21453.25,21486.906025784858,22.437350523239168,28.046688154048958,33.656025784858755,TP,33.656025784857775,673.1205156971555
2024-12-08 19:00:00-05:00,2024-12-08 20:00:00-05:00,21656.5,21632.05579799999,19.55536160000855,24.444202000010687,29.333042400012822,SL,-24.444202000009682,-488.88404000019364
2024-12-09 19:00:00-05:00,2024-12-10 06:20:00-05:00,21466.75,21504.94545704766,25.463638031773595,31.829547539716994,38.19545704766039,TP,38.19545704765915,763.9091409531829
2024-12-10 19:00:00-05:00,2024-12-11 04:00:00-05:00,21418.0,21456.052142701785,25.368095134524285,31.710118918155356,38.05214270178643,TP,38.05214270178476,761.0428540356952
2024-12-11 19:00:00-05:00,2024-12-12 06:00:00-05:00,21752.25,21724.802690998033,21.957847201574857,27.44730900196857,32.93677080236229,SL,-27.44730900196737,-548.9461800393474
2024-12-12 19:00:00-05:00,2024-12-12 21:00:00-05:00,21757.75,21714.70718653201,34.4342507743914,43.04281346798925,51.6513761615871,SL,-43.04281346798962,-860.8562693597923
2024-12-15 19:00:00-05:00,2024-12-16 00:00:00-05:00,21799.0,21836.988564941475,25.325709960984035,31.657137451230042,37.988564941476056,TP,37.98856494147549,759.7712988295098
2024-12-16 19:00:00-05:00,2024-12-16 21:00:00-05:00,22387.25,22422.14891707611,23.265944717406665,29.082430896758332,34.898917076109996,TP,34.89891707610877,697.9783415221755
2024-12-17 19:00:00-05:00,2024-12-18 00:40:00-05:00,22289.0,22340.52331986577,34.34887991051278,42.93609988814097,51.52331986576917,TP,51.523319865769736,1030.4663973153947
2024-12-18 19:00:00-05:00,2024-12-19 07:00:00-05:00,21496.25,21623.12316663268,84.58211108845136,105.7276388605642,126.87316663267703,TP,126.87316663267848,2537.4633326535695
2024-12-19 19:00:00-05:00,2024-12-19 21:20:00-05:00,21307.5,21227.669704860597,63.86423611152169,79.83029513940211,95.79635416728254,SL,-79.83029513940346,-1596.6059027880692
2024-12-22 19:00:00-05:00,2024-12-23 00:00:00-05:00,21628.25,21713.84981455893,57.066543039285946,71.33317879910743,85.59981455892893,TP,85.59981455892921,1711.9962911785842
2024-12-23 19:00:00-05:00,2024-12-24 02:00:00-05:00,21714.75,21774.13054956797,39.58703304531296,49.483791306641194,59.38054956796944,TP,59.380549567969865,1187.6109913593973
2024-12-25 19:00:00-05:00,2024-12-25 22:20:00-05:00,22045.75,22087.080811796015,27.553874530675607,34.44234316334451,41.33081179601341,TP,41.33081179601504,826.6162359203008
2024-12-26 19:00:00-05:00,2024-12-27 01:00:00-05:00,21980.25,21941.8891799318,30.688656054559083,38.360820068198855,46.03298408183862,SL,-38.360820068199246,-767.2164013639849
2024-12-29 19:00:00-05:00,2024-12-30 02:00:00-05:00,21696.25,21643.765050493068,41.987959605545036,52.484949506931294,62.98193940831756,SL,-52.484949506932026,-1049.6989901386405
2024-12-30 19:00:00-05:00,2024-12-31 04:00:00-05:00,21397.5,21462.953388725957,43.635592483970086,54.544490604962604,65.45338872595514,TP,65.45338872595676,1309.0677745191351
2025-01-01 19:00:00-05:00,2025-01-01 19:40:00-05:00,21145.5,21235.390907845907,59.927271897271545,74.90908987158943,89.89090784590732,TP,89.89090784590735,1797.818156918147
2025-01-02 19:00:00-05:00,2025-01-03 08:00:00-05:00,21205.25,21249.75,60.699378061266614,75.87422257658326,91.04906709189993,Force,44.5,890.0
2025-01-05 19:00:00-05:00,2025-01-06 01:20:00-05:00,21503.75,21553.01747863399,32.844985755992575,41.05623219499072,49.26747863398886,TP,49.2674786339885,985.3495726797701
2025-01-06 19:00:00-05:00,2025-01-06 22:00:00-05:00,21765.75,21721.217371512314,35.62610279014927,44.53262848768659,53.4391541852239,SL,-44.53262848768645,-890.652569753729
2025-01-07 19:00:00-05:00,2025-01-08 06:20:00-05:00,21404.25,21347.50252478125,45.39798017500006,56.74747521875007,68.0969702625001,SL,-56.74747521875179,-1134.9495043750358
2025-01-08 19:00:00-05:00,2025-01-09 03:00:00-05:00,21306.0,21238.01690725372,54.38647419702186,67.98309274627732,81.57971129553279,SL,-67.983092746279,-1359.66185492558
2025-01-09 19:00:00-05:00,2025-01-09 20:00:00-05:00,21184.25,21231.75044058801,31.66696039200756,39.58370049000945,47.500440588011344,TP,47.50044058800995,950.008811760199
2025-01-12 19:00:00-05:00,2025-01-12 20:00:00-05:00,21031.75,20964.8500317997,53.519974560242076,66.8999682003026,80.27996184036311,SL,-66.89996820030137,-1337.9993640060275
2025-01-13 19:00:00-05:00,2025-01-14 03:40:00-05:00,21041.5,21113.41278033484,47.941853556558215,59.92731694569777,71.91278033483732,TP,71.91278033483832,1438.2556066967663
2025-01-14 19:00:00-05:00,2025-01-15 08:00:00-05:00,20944.5,20982.5,52.13849205559482,65.17311506949352,78.20773808339223,Force,38.0,760.0
2025-01-15 19:00:00-05:00,2025-01-15 23:40:00-05:00,21425.75,21383.00370266235,34.19703787011905,42.74629733764881,51.29555680517857,SL,-42.746297337649594,-854.9259467529919
2025-01-16 19:00:00-05:00,2025-01-16 23:00:00-05:00,21231.5,21292.88322188423,40.92214792281984,51.1526849035248,61.383221884229755,TP,61.38322188422899,1227.6644376845798
2025-01-19 19:00:00-05:00,2025-01-20 01:40:00-05:00,21549.5,21600.0487875892,33.69919172613203,42.123989657665035,50.54878758919804,TP,50.54878758919949,1010.9757517839898
2025-01-20 19:00:00-05:00,2025-01-20 19:40:00-05:00,21723.75,21674.557305975726,39.35415521941988,49.19269402427485,59.03123282912982,SL,-49.192694024273806,-983.8538804854761
2025-01-21 19:00:00-05:00,2025-01-21 23:20:00-05:00,21809.25,21861.22649334628,34.65099556418649,43.313744455233106,51.97649334627973,TP,51.97649334627931,1039.5298669255862
2025-01-22 19:00:00-05:00,2025-01-22 21:00:00-05:00,21966.5,21936.80774251993,23.753805984056648,29.692257480070808,35.630708976084975,SL,-29.69225748007011,-593.8451496014022
2025-01-23 19:00:00-05:00,2025-01-23 21:00:00-05:00,22008.75,22046.79024540067,25.36016360044545,31.70020450055681,38.04024540066818,TP,38.04024540066894,760.8049080133787
2025-01-26 19:00:00-05:00,2025-01-26 19:40:00-05:00,21650.5,21599.236754711754,41.01059623059728,51.2632452882466,61.515894345895916,SL,-51.26324528824625,-1025.264905764925
2025-01-27 19:00:00-05:00,2025-01-27 21:00:00-05:00,21305.75,21223.373289363863,65.90136850891102,82.37671063613877,98.85205276336653,SL,-82.37671063613743,-1647.5342127227486
2025-01-28 19:00:00-05:00,2025-01-29 01:00:00-05:00,21553.75,21612.472623741367,39.148415827577416,48.93551978447177,58.72262374136612,TP,58.72262374136699,1174.4524748273398
2025-01-29 19:00:00-05:00,2025-01-29 21:20:00-05:00,21571.5,21674.133648219846,68.42243214656506,85.52804018320631,102.63364821984759,TP,102.63364821984578,2052.6729643969156
2025-01-30 19:00:00-05:00,2025-01-30 21:00:00-05:00,21698.25,21787.68409372057,59.622729147047785,74.52841143380974,89.43409372057168,TP,89.43409372057067,1788.6818744114134
2025-02-02 19:00:00-05:00,2025-02-02 21:40:00-05:00,21109.5,20996.93655499587,90.05075600330169,112.5634450041271,135.07613400495254,SL,-112.56344500412888,-2251.2689000825776
2025-02-03 19:00:00-05:00,2025-02-03 21:40:00-05:00,21540.75,21468.563799148003,57.74896068159774,72.18620085199717,86.6234410223966,SL,-72.18620085199655,-1443.724017039931
2025-02-04 19:00:00-05:00,2025-02-05 00:40:00-05:00,21585.0,21532.64443396097,41.88445283122334,52.35556603902918,62.82667924683501,SL,-52.355566039030236,-1047.1113207806047
2025-02-05 19:00:00-05:00,2025-02-06 06:20:00-05:00,21784.5,21743.503192909586,32.79744567233278,40.99680709041597,49.19616850849917,SL,-40.99680709041422,-819.9361418082844
2025-02-06 19:00:00-05:00,2025-02-07 08:00:00-05:00,21850.75,21865.75,38.14626549483764,47.682831868547055,57.21939824225646,Force,15.0,300.0
2025-02-10 19:00:00-05:00,2025-02-10 21:20:00-05:00,21786.0,21755.63375074556,24.2929994035526,30.36624925444075,36.4394991053289,SL,-30.366249254439026,-607.3249850887805
2025-02-11 19:00:00-05:00,2025-02-12 00:00:00-05:00,21810.0,21774.828810995514,28.136951203588943,35.17118900448618,42.20542680538341,SL,-35.17118900448622,-703.4237800897245
2025-02-12 19:00:00-05:00,2025-02-13 03:00:00-05:00,21875.0,21828.714281190838,37.02857504732958,46.28571880916198,55.54286257099437,SL,-46.28571880916206,-925.7143761832413
2025-02-13 19:00:00-05:00,2025-02-14 00:00:00-05:00,22095.0,22147.612815522392,35.075210348260704,43.84401293532588,52.61281552239106,TP,52.61281552239234,1052.2563104478468
2025-02-16 19:00:00-05:00,2025-02-16 21:00:00-05:00,22217.5,22256.67463022469,26.116420149792912,32.64552518724114,39.174630224689366,TP,39.17463022469019,783.4926044938038
2025-02-17 19:00:00-05:00,2025-02-17 21:20:00-05:00,22225.75,22251.213355864747,16.975570576497805,21.219463220622256,25.46335586474671,TP,25.463355864747427,509.26711729494855
2025-02-18 19:00:00-05:00,2025-02-19 05:20:00-05:00,22263.0,22227.011211155634,28.79103107549195,35.98878884436494,43.18654661323792,SL,-35.988788844366354,-719.7757768873271
2025-02-19 19:00:00-05:00,2025-02-19 20:40:00-05:00,22209.0,22172.391049139525,29.287160688380215,36.60895086047527,43.930741032570324,SL,-36.60895086047458,-732.1790172094916
2025-02-20 19:00:00-05:00,2025-02-21 00:00:00-05:00,22163.0,22120.474060402983,34.02075167761393,42.52593959701741,51.031127516420895,SL,-42.525939597016986,-850.5187919403397
2025-02-23 19:00:00-05:00,2025-02-24 03:00:00-05:00,21764.25,21722.4644972403,33.428402207759966,41.78550275969996,50.142603311639945,SL,-41.78550275969974,-835.7100551939948
2025-02-24 19:00:00-05:00,2025-02-25 02:20:00-05:00,21415.25,21359.392906147514,44.68567508198768,55.8570938524846,67.02851262298152,SL,-55.85709385248629,-1117.1418770497257
2025-02-25 19:00:00-05:00,2025-02-26 02:20:00-05:00,21224.25,21300.56890062172,50.87926708114689,63.59908385143362,76.31890062172033,TP,76.3189006217217,1526.378012434434
2025-02-26 19:00:00-05:00,2025-02-27 02:00:00-05:00,21193.5,21296.350723333395,68.56714888893077,85.70893611116347,102.85072333339616,TP,102.85072333339485,2057.014466667897
2025-02-27 19:00:00-05:00,2025-02-27 20:20:00-05:00,20670.25,20588.730988363022,65.21520930958236,81.51901163697795,97.82281396437355,SL,-81.51901163697767,-1630.3802327395533
2025-03-02 19:00:00-05:00,2025-03-03 00:20:00-05:00,20874.25,20989.08203487399,76.55468991599358,95.69336239499196,114.83203487399037,TP,114.83203487399078,2296.6406974798156
2025-03-03 19:00:00-05:00,2025-03-04 07:00:00-05:00,20526.0,20429.574823413725,77.14014126902033,96.42517658627541,115.7102119035305,SL,-96.42517658627548,-1928.5035317255097
2025-03-04 19:00:00-05:00,2025-03-04 21:20:00-05:00,20550.5,20441.158402047975,87.4732783616193,109.34159795202412,131.20991754242894,SL,-109.34159795202504,-2186.831959040501
2025-03-05 19:00:00-05:00,2025-03-06 03:00:00-05:00,20628.0,20535.33132362989,74.13494109608756,92.66867637010945,111.20241164413133,SL,-92.66867637011092,-1853.3735274022183
2025-03-06 19:00:00-05:00,2025-03-07 07:40:00-05:00,20196.75,20104.563246561538,73.7494027507707,92.18675343846337,110.62410412615606,SL,-92.18675343846189,-1843.7350687692378
2025-03-09 19:00:00-04:00,2025-03-10 07:40:00-04:00,20041.5,19939.197936525525,81.8416507795794,102.30206347447424,122.7624761693691,SL,-102.30206347447529,-2046.0412694895058
2025-03-10 19:00:00-04:00,2025-03-10 20:40:00-04:00,19306.0,19207.32342507672,78.94125993862302,98.67657492327878,118.41188990793452,SL,-98.67657492327999,-1973.5314984655997
2025-03-11 19:00:00-04:00,2025-03-12 05:20:00-04:00,19443.0,19564.868952408804,81.24596827253689,101.5574603406711,121.86895240880533,TP,121.86895240880403,2437.3790481760807
2025-03-12 19:00:00-04:00,2025-03-12 23:00:00-04:00,19647.75,19570.89957992043,61.48033606365485,76.85042007956856,92.22050409548228,SL,-76.85042007956872,-1537.0084015913744
2025-03-13 19:00:00-04:00,2025-03-14 05:20:00-04:00,19361.25,19461.242596247983,66.66173083198863,83.32716353998579,99.99259624798296,TP,99.99259624798287,1999.8519249596575
2025-03-16 19:00:00-04:00,2025-03-17 00:00:00-04:00,19578.25,19647.30252657562,46.03501771708015,57.54377214635019,69.05252657562022,TP,69.05252657561869,1381.0505315123737
2025-03-17 19:00:00-04:00,2025-03-17 21:20:00-04:00,20027.0,19970.228497634722,45.41720189222321,56.77150236527901,68.12580283833482,SL,-56.77150236527814,-1135.4300473055628
2025-03-18 19:00:00-04:00,2025-03-18 20:20:00-04:00,19697.5,19768.198023472763,47.132015648510105,58.91501956063763,70.69802347276516,TP,70.69802347276345,1413.960469455269
2025-03-19 19:00:00-04:00,2025-03-19 23:00:00-04:00,20009.25,20091.99866685371,55.16577790247365,68.95722237809207,82.74866685371047,TP,82.74866685370944,1654.9733370741887
2025-03-20 19:00:00-04:00,2025-03-20 21:20:00-04:00,19856.5,19929.108892803444,48.40592853563013,60.50741066953766,72.6088928034452,TP,72.60889280344418,1452.1778560688836
2025-03-23 19:00:00-04:00,2025-03-23 20:00:00-04:00,20062.75,20129.296055988987,44.36403732599023,55.45504665748779,66.54605598898534,TP,66.54605598898706,1330.9211197797413
2025-03-24 19:00:00-04:00,2025-03-25 04:00:00-04:00,20351.0,20318.220124027474,26.223900778022404,32.779875972528004,39.33585116703361,SL,-32.7798759725265,-655.59751945053
2025-03-25 19:00:00-04:00,2025-03-25 22:20:00-04:00,20514.25,20483.262641278514,24.789886977188527,30.98735872148566,37.18483046578279,SL,-30.98735872148609,-619.7471744297218
2025-03-26 19:00:00-04:00,2025-03-26 20:20:00-04:00,20022.5,20085.33595358833,41.89063572555152,52.3632946569394,62.83595358832728,TP,62.835953588328266,1256.7190717665653
2025-03-27 19:00:00-04:00,2025-03-28 03:20:00-04:00,19969.5,19909.819015477457,47.744787618033854,59.68098452254232,71.61718142705078,SL,-59.68098452254344,-1193.6196904508688
2025-03-30 19:00:00-04:00,2025-03-30 19:20:00-04:00,19288.75,19237.715587177856,40.827530257714244,51.034412822142805,61.241295386571366,SL,-51.03441282214408,-1020.6882564428815
2025-03-31 19:00:00-04:00,2025-03-31 20:40:00-04:00,19381.5,19306.66118392983,59.87105285613432,74.8388160701679,89.80657928420148,SL,-74.83881607016883,-1496.7763214033766
2025-04-01 19:00:00-04:00,2025-04-01 20:20:00-04:00,19650.75,19578.017588848037,58.18592892157059,72.73241115196325,87.27889338235589,SL,-72.73241115196288,-1454.6482230392576
2025-04-02 19:00:00-04:00,2025-04-02 23:00:00-04:00,18904.5,19130.356009439198,150.5706729594657,188.21334119933212,225.85600943919854,TP,225.8560094391978,4517.120188783956
2025-04-03 19:00:00-04:00,2025-04-03 23:20:00-04:00,18637.25,18554.131315539384,66.49494756849211,83.11868446061513,99.74242135273816,SL,-83.11868446061635,-1662.373689212327
2025-04-06 19:00:00-04:00,2025-04-06 21:20:00-04:00,16580.25,16873.240203296504,195.3268021976699,244.15850274708737,292.9902032965049,TP,292.99020329650375,5859.804065930075
2025-04-07 19:00:00-04:00,2025-04-08 08:00:00-04:00,17767.5,18045.170726774013,185.1138178493424,231.39227231167803,277.6707267740136,TP,277.670726774013,5553.41453548026
2025-04-08 19:00:00-04:00,2025-04-08 21:40:00-04:00,16932.75,17151.80659857652,146.0377323843459,182.54716548043237,219.05659857651887,TP,219.05659857652063,4381.131971530413
2025-04-09 19:00:00-04:00,2025-04-09 22:40:00-04:00,19342.25,19110.693449502607,185.24524039791564,231.55655049739454,277.86786059687347,SL,-231.5565504973929,-4631.131009947858
2025-04-10 19:00:00-04:00,2025-04-10 20:00:00-04:00,18453.75,18261.389695496146,153.88824360308334,192.36030450385417,230.83236540462502,SL,-192.36030450385442,-3847.2060900770884
2025-04-13 19:00:00-04:00,2025-04-14 08:00:00-04:00,19037.0,19124.0,103.96616219330843,129.95770274163556,155.94924328996265,Force,87.0,1740.0
2025-04-14 19:00:00-04:00,2025-04-15 03:00:00-04:00,18865.5,18978.813613441074,75.542408960715,94.42801120089374,113.31361344107249,TP,113.31361344107427,2266.2722688214853
2025-04-15 19:00:00-04:00,2025-04-15 20:20:00-04:00,18734.0,18652.703981509436,65.03681479245131,81.29601849056414,97.55522218867696,SL,-81.29601849056417,-1625.9203698112833
2025-04-16 19:00:00-04:00,2025-04-16 23:20:00-04:00,18410.75,18520.65394165589,73.26929443725999,91.58661804657498,109.90394165588998,TP,109.90394165589169,2198.0788331178337
2025-04-20 19:00:00-04:00,2025-04-20 22:20:00-04:00,18304.25,18224.797330820402,63.56213534367859,79.45266917959825,95.34320301551789,SL,-79.45266917959816,-1589.0533835919632
2025-04-21 19:00:00-04:00,2025-04-21 19:40:00-04:00,17909.5,17986.786800089318,51.52453339287893,64.40566674109866,77.28680008931839,TP,77.2868000893177,1545.7360017863539
2025-04-22 19:00:00-04:00,2025-04-22 21:20:00-04:00,18760.0,18649.77435939044,88.18051248764792,110.22564060955989,132.2707687314719,SL,-110.22564060955847,-2204.5128121911694
2025-04-23 19:00:00-04:00,2025-04-24 00:00:00-04:00,18827.25,18730.06854689392,77.7451624848653,97.18145310608163,116.61774372729795,SL,-97.18145310608088,-1943.6290621216176
2025-04-24 19:00:00-04:00,2025-04-25 00:00:00-04:00,19401.0,19479.143551957546,52.09570130503023,65.11962663128779,78.14355195754536,TP,78.14355195754615,1562.871039150923
2025-04-27 19:00:00-04:00,2025-04-28 05:20:00-04:00,19448.75,19527.852640487,52.7350936579987,65.91886707249839,79.10264048699806,TP,79.10264048699901,1582.0528097399801
2025-04-28 19:00:00-04:00,2025-04-28 21:00:00-04:00,19497.75,19565.451567472344,45.13437831489579,56.41797289361974,67.70156747234368,TP,67.70156747234432,1354.0313494468865
2025-04-29 19:00:00-04:00,2025-04-29 23:00:00-04:00,19556.5,19495.126345822686,49.09892334185151,61.373654177314386,73.64838501277727,SL,-61.373654177314165,-1227.4730835462833
2025-04-30 19:00:00-04:00,2025-05-01 05:20:00-04:00,19886.5,20002.347634219685,77.2317561464556,96.5396951830695,115.84763421968339,TP,115.84763421968455,2316.952684393691
2025-05-01 19:00:00-04:00,2025-05-01 20:40:00-04:00,19809.0,19894.54071931037,57.027146206913116,71.2839327586414,85.54071931036967,TP,85.54071931037106,1710.8143862074212
2025-05-04 19:00:00-04:00,2025-05-04 19:40:00-04:00,20104.5,20058.056095574473,37.15512354042079,46.443904425525986,55.73268531063118,SL,-46.44390442552685,-928.878088510537
2025-05-05 19:00:00-04:00,2025-05-05 20:20:00-04:00,20030.25,19990.499806121203,31.800155103038264,39.75019387879783,47.7002326545574,SL,-39.75019387879729,-795.0038775759458
2025-05-06 19:00:00-04:00,2025-05-07 02:20:00-04:00,20046.75,19955.54325804629,72.96539356296651,91.20674195370813,109.44809034444977,SL,-91.20674195370884,-1824.1348390741769
2025-05-07 19:00:00-04:00,2025-05-07 21:00:00-04:00,19959.5,20055.06164786178,63.70776524118732,79.63470655148414,95.56164786178098,TP,95.56164786178124,1911.2329572356248
2025-05-08 19:00:00-04:00,2025-05-08 20:00:00-04:00,20167.75,20116.59492077478,40.9240633801765,51.155079225220625,61.386095070264744,SL,-51.155079225220106,-1023.1015845044021
2025-05-11 19:00:00-04:00,2025-05-11 21:00:00-04:00,20458.5,20542.622607795103,56.081738530069494,70.10217316258687,84.12260779510424,TP,84.12260779510325,1682.452155902065
2025-05-12 19:00:00-04:00,2025-05-12 20:00:00-04:00,20948.25,20895.61528032911,42.10777573671114,52.63471967088893,63.16166360506671,SL,-52.634719670888444,-1052.6943934177689
2025-05-13 19:00:00-04:00,2025-05-14 01:00:00-04:00,21268.0,21317.06692430518,32.71128287012224,40.8891035876528,49.06692430518336,TP,49.0669243051816,981.338486103632
2025-05-14 19:00:00-04:00,2025-05-15 01:20:00-04:00,21372.25,21330.215074579388,33.627940336488884,42.0349254206111,50.44191050473333,SL,-42.034925420612126,-840.6985084122425
2025-05-15 19:00:00-04:00,2025-05-16 03:40:00-04:00,21387.25,21445.93868798482,39.12579198988143,48.90723998735179,58.68868798482214,TP,58.68868798482072,1173.7737596964143
2025-05-18 19:00:00-04:00,2025-05-18 20:20:00-04:00,21361.5,21313.438234585385,38.44941233169368,48.0617654146171,57.67411849754052,SL,-48.061765414615365,-961.2353082923073
2025-05-19 19:00:00-04:00,2025-05-19 21:00:00-04:00,21522.75,21476.806757663326,36.75459386933836,45.943242336672945,55.13189080400754,SL,-45.9432423366743,-918.864846733486
2025-05-20 19:00:00-04:00,2025-05-20 23:40:00-04:00,21418.25,21369.655952309367,38.875238152507045,48.59404769063381,58.31285722876056,SL,-48.59404769063258,-971.8809538126516
2025-05-21 19:00:00-04:00,2025-05-22 07:00:00-04:00,21158.5,21241.683029961623,55.45535330774988,69.31919163468736,83.18302996162483,TP,83.1830299616231,1663.6605992324621
2025-05-22 19:00:00-04:00,2025-05-23 02:00:00-04:00,21165.25,21107.32804832668,46.33756133865646,57.92195167332057,69.50634200798468,SL,-57.92195167332102,-1158.4390334664204
2025-05-25 19:00:00-04:00,2025-05-26 02:40:00-04:00,21171.5,21257.114326319286,57.07621754619002,71.34527193273753,85.61432631928503,TP,85.61432631928619,1712.2865263857238
2025-05-26 19:00:00-04:00,2025-05-26 20:20:00-04:00,21239.25,21207.834197393346,25.132642085322342,31.415802606652928,37.69896312798351,SL,-31.415802606654324,-628.3160521330865
2025-05-27 19:00:00-04:00,2025-05-27 23:40:00-04:00,21482.5,21450.205612751575,25.83550979873927,32.29438724842409,38.75326469810891,SL,-32.294387248424755,-645.8877449684951
2025-05-28 19:00:00-04:00,2025-05-29 04:00:00-04:00,21748.0,21836.04097976609,58.693986510728045,73.36748313841005,88.04097976609206,TP,88.04097976609046,1760.8195953218092
2025-05-29 19:00:00-04:00,2025-05-29 21:00:00-04:00,21356.25,21295.955349780765,48.235720175387925,60.29465021923491,72.35358026308188,SL,-60.294650219235336,-1205.8930043847067
2025-06-01 19:00:00-04:00,2025-06-01 23:00:00-04:00,21299.0,21241.671687449725,45.86265004021971,57.32831255027464,68.79397506032957,SL,-57.32831255027486,-1146.5662510054972
2025-06-02 19:00:00-04:00,2025-06-02 19:20:00-04:00,21509.75,21466.231331027237,34.81493517821161,43.518668972764516,52.22240276731742,SL,-43.51866897276341,-870.3733794552682
2025-06-03 19:00:00-04:00,2025-06-03 21:40:00-04:00,21715.0,21675.901193922295,31.279044862163545,39.09880607770443,46.91856729324532,SL,-39.098806077705376,-781.9761215541075
2025-06-04 19:00:00-04:00,2025-06-05 03:20:00-04:00,21742.25,21783.194677993968,27.29645199597972,34.12056499497465,40.94467799396958,TP,40.94467799396807,818.8935598793614
2025-06-05 19:00:00-04:00,2025-06-06 01:00:00-04:00,21544.25,21643.30269212217,66.03512808144778,82.54391010180973,99.05269212217166,TP,99.05269212217172,1981.0538424434344
2025-06-08 19:00:00-04:00,2025-06-09 07:20:00-04:00,21754.25,21800.48152495725,30.821016638166757,38.52627079770845,46.23152495725014,TP,46.23152495724935,924.630499144987
2025-06-09 19:00:00-04:00,2025-06-09 20:40:00-04:00,21834.0,21870.005651215455,24.003767476970165,30.004709346212707,36.005651215455245,TP,36.005651215455146,720.1130243091029
2025-06-10 19:00:00-04:00,2025-06-10 20:00:00-04:00,21977.5,21930.32080729996,37.7433541600325,47.17919270004063,56.61503124004875,SL,-47.17919270004131,-943.5838540008262
2025-06-11 19:00:00-04:00,2025-06-11 21:20:00-04:00,21828.0,21770.93616325951,45.651069392391356,57.063836740489194,68.47660408858704,SL,-57.06383674048993,-1141.2767348097987
2025-06-12 19:00:00-04:00,2025-06-12 19:40:00-04:00,21881.5,21842.887018140147,30.89038548788241,38.61298185985301,46.33557823182361,SL,-38.61298185985288,-772.2596371970576
2025-06-15 19:00:00-04:00,2025-06-15 22:00:00-04:00,21635.75,21717.298436602352,54.36562440156815,67.95703050196019,81.54843660235223,TP,81.54843660235201,1630.9687320470402
2025-06-16 19:00:00-04:00,2025-06-16 19:20:00-04:00,22102.75,22058.79191179057,35.166470567545836,43.9580882094323,52.74970585131875,SL,-43.95808820943057,-879.1617641886114
2025-06-17 19:00:00-04:00,2025-06-17 20:00:00-04:00,21894.5,21958.13273988234,42.42182658822696,53.027283235283704,63.632739882340445,TP,63.63273988234141,1272.6547976468282
2025-06-18 19:00:00-04:00,2025-06-18 20:00:00-04:00,21935.0,21874.199560749363,48.64035140050938,60.80043925063673,72.96052710076407,SL,-60.80043925063728,-1216.0087850127456
2025-06-19 19:00:00-04:00,2025-06-20 07:40:00-04:00,21884.5,21955.049260035725,47.03284002381595,58.791050029769934,70.54926003572393,TP,70.54926003572473,1410.9852007144946
2025-06-22 19:00:00-04:00,2025-06-23 02:40:00-04:00,21743.25,21831.903591187012,59.10239412467553,73.87799265584441,88.65359118701329,TP,88.65359118701235,1773.071823740247
2025-06-23 19:00:00-04:00,2025-06-24 02:00:00-04:00,22246.75,22326.507656479927,53.17177098661922,66.46471373327402,79.75765647992884,TP,79.75765647992739,1595.1531295985478
2025-06-24 19:00:00-04:00,2025-06-24 20:00:00-04:00,22390.25,22425.858113945786,23.73874263052427,29.67342828815534,35.60811394578641,TP,35.60811394578559,712.1622789157118
2025-06-25 19:00:00-04:00,2025-06-25 23:20:00-04:00,22457.25,22496.81132704731,26.374218031541123,32.967772539426406,39.561327047311686,TP,39.56132704731135,791.226540946227
2025-06-26 19:00:00-04:00,2025-06-27 01:40:00-04:00,22677.75,22716.30112631099,25.700750873992867,32.12593859249108,38.551126310989304,TP,38.551126310991094,771.0225262198219
2025-06-30 19:00:00-04:00,2025-06-30 21:40:00-04:00,22868.0,22912.838036062007,29.892024041337468,37.36503005167184,44.8380360620062,TP,44.83803606200672,896.7607212401344
2025-07-01 19:00:00-04:00,2025-07-02 00:20:00-04:00,22714.25,22762.903512181358,32.43567478757119,40.54459348446399,48.65351218135678,TP,48.653512181357655,973.0702436271531
2025-07-02 19:00:00-04:00,2025-07-02 23:40:00-04:00,22846.75,22881.786842276855,23.35789485123686,29.197368564046077,35.03684227685529,TP,35.03684227685517,700.7368455371034
2025-07-03 19:00:00-04:00,2025-07-03 22:00:00-04:00,23039.25,23002.02176711592,29.782586307266104,37.22823288408263,44.67387946089916,SL,-37.22823288408108,-744.5646576816216
2025-07-06 19:00:00-04:00,2025-07-06 21:00:00-04:00,22993.5,22958.355666771215,28.115466583027892,35.144333228784866,42.17319987454184,SL,-35.1443332287854,-702.886664575708
2025-07-07 19:00:00-04:00,2025-07-07 21:00:00-04:00,22863.0,22916.23800290594,35.49200193729296,44.365002421616204,53.23800290593944,TP,53.23800290593863,1064.7600581187726
2025-07-08 19:00:00-04:00,2025-07-08 20:00:00-04:00,22922.5,22891.285848224674,24.971321420259716,31.214151775324645,37.45698213038958,SL,-31.214151775326172,-624.2830355065234
2025-07-09 19:00:00-04:00,2025-07-09 20:20:00-04:00,23043.5,23011.8740267741,25.300778580717857,31.625973225897322,37.951167871076784,SL,-31.625973225898633,-632.5194645179727
2025-07-10 19:00:00-04:00,2025-07-10 20:00:00-04:00,23035.0,23005.54154825566,23.566761395472227,29.458451744340284,35.35014209320834,SL,-29.458451744339982,-589.1690348867996
2025-07-13 19:00:00-04:00,2025-07-14 03:20:00-04:00,22857.5,22811.897726828545,36.48181853716488,45.6022731714561,54.72272780574731,SL,-45.602273171454726,-912.0454634290945
2025-07-14 19:00:00-04:00,2025-07-14 21:40:00-04:00,23004.5,23035.813926374867,20.875950916577978,26.094938645722472,31.313926374866966,TP,31.31392637486715,626.278527497343
2025-07-15 19:00:00-04:00,2025-07-16 03:00:00-04:00,22999.0,22956.091133562673,34.32709314986186,42.908866437327326,51.490639724792786,SL,-42.90886643732665,-858.177328746533
2025-07-16 19:00:00-04:00,2025-07-17 01:40:00-04:00,23037.25,23083.12510341918,30.583402279453953,38.22925284931744,45.87510341918093,TP,45.87510341918096,917.5020683836192
2025-07-17 19:00:00-04:00,2025-07-18 01:20:00-04:00,23275.0,23308.346684003158,22.2311226687724,27.7889033359655,33.3466840031586,TP,33.34668400315786,666.9336800631572
2025-07-20 19:00:00-04:00,2025-07-20 19:40:00-04:00,23214.75,23244.609537304637,19.90635820309088,24.882947753863597,29.85953730463632,TP,29.859537304637342,597.1907460927468
2025-07-21 19:00:00-04:00,2025-07-21 23:20:00-04:00,23347.0,23324.301859920153,18.15851206387744,22.698140079846798,27.237768095816158,SL,-22.69814007984678,-453.9628015969356
2025-07-22 19:00:00-04:00,2025-07-23 04:20:00-04:00,23232.0,23279.289036075363,31.5260240502424,39.407530062803,47.2890360753636,TP,47.289036075362674,945.7807215072535
2025-07-23 19:00:00-04:00,2025-07-24 02:40:00-04:00,23394.0,23355.482319235198,30.81414461184286,38.51768076480357,46.22121691776429,SL,-38.51768076480221,-770.3536152960442
2025-07-24 19:00:00-04:00,2025-07-24 21:40:00-04:00,23394.0,23426.966472611217,21.97764840747719,27.472060509346488,32.966472611215785,TP,32.966472611216886,659.3294522243377
2025-07-27 19:00:00-04:00,2025-07-27 22:20:00-04:00,23528.25,23565.751865184666,25.001243456444897,31.25155432055612,37.501865184667345,TP,37.5018651846658,750.0373036933161
2025-07-28 19:00:00-04:00,2025-07-29 00:00:00-04:00,23522.0,23550.93934140205,19.292894268033596,24.116117835041994,28.939341402050395,TP,28.93934140204874,578.7868280409748
2025-07-29 19:00:00-04:00,2025-07-30 02:20:00-04:00,23472.25,23510.394631984298,25.429754656197705,31.78719332024713,38.14463198429656,TP,38.14463198429803,762.8926396859606
2025-07-30 19:00:00-04:00,2025-07-31 00:40:00-04:00,23734.5,23806.168005426112,47.77867028407597,59.72333785509497,71.66800542611395,TP,71.66800542611236,1433.3601085222472
2025-07-31 19:00:00-04:00,2025-08-01 03:00:00-04:00,23294.5,23215.798542017543,62.96116638596666,78.70145798245832,94.44174957895,SL,-78.70145798245721,-1574.0291596491443
2025-08-03 19:00:00-04:00,2025-08-03 21:40:00-04:00,22911.25,22972.051419890166,40.53427992677781,50.66784990847226,60.80141989016672,TP,60.80141989016556,1216.0283978033112
2025-08-04 19:00:00-04:00,2025-08-05 02:20:00-04:00,23338.25,23380.962152894845,28.474768596562253,35.593460745702814,42.71215289484338,TP,42.71215289484462,854.2430578968924
2025-08-05 19:00:00-04:00,2025-08-05 22:20:00-04:00,23094.75,23154.47947915962,39.81965277308144,49.774565966351794,59.72947915962216,TP,59.729479159621405,1194.589583192428
2025-08-06 19:00:00-04:00,2025-08-06 21:40:00-04:00,23458.25,23506.38143409937,32.08762273291396,40.109528416142446,48.131434099370935,TP,48.13143409937038,962.6286819874076
2025-08-07 19:00:00-04:00,2025-08-08 01:40:00-04:00,23555.25,23503.70377688444,41.23697849244997,51.54622311556246,61.85546773867496,SL,-51.54622311556159,-1030.9244623112318
2025-08-10 19:00:00-04:00,2025-08-10 21:40:00-04:00,23722.5,23760.297814530328,25.198543020217915,31.498178775272393,37.797814530326875,TP,37.79781453032774,755.9562906065548
2025-08-11 19:00:00-04:00,2025-08-12 01:00:00-04:00,23643.75,23611.722906300416,25.621674959667722,32.027093699584654,38.43251243950158,SL,-32.02709369958393,-640.5418739916786
2025-08-12 19:00:00-04:00,2025-08-13 03:00:00-04:00,23936.75,23973.504913926765,24.503275951175613,30.629094938969516,36.75491392676342,TP,36.75491392676486,735.0982785352971
2025-08-13 19:00:00-04:00,2025-08-14 01:40:00-04:00,23942.25,23909.009408097965,26.592473521626864,33.24059190203358,39.8887102824403,SL,-33.240591902034794,-664.8118380406959
2025-08-14 19:00:00-04:00,2025-08-15 02:40:00-04:00,23904.25,23951.49278948302,31.495192988681996,39.3689912358525,47.242789483022996,TP,47.242789483021625,944.8557896604325
2025-08-17 19:00:00-04:00,2025-08-18 02:20:00-04:00,23846.5,23814.320594039684,25.74352476825265,32.17940596031581,38.615287152378976,SL,-32.17940596031622,-643.5881192063243
2025-08-18 19:00:00-04:00,2025-08-18 20:20:00-04:00,23817.25,23785.674734408734,25.260212473012352,31.575265591265442,37.890318709518525,SL,-31.575265591265634,-631.5053118253127
2025-08-19 19:00:00-04:00,2025-08-19 20:00:00-04:00,23450.0,23410.991050450622,31.20715963950091,39.00894954937614,46.810739459251366,SL,-39.008949549377576,-780.1789909875515
2025-08-20 19:00:00-04:00,2025-08-20 20:20:00-04:00,23324.75,23272.180239820707,42.055808143433154,52.56976017929144,63.08371221514973,SL,-52.56976017929264,-1051.3952035858529
2025-08-21 19:00:00-04:00,2025-08-21 20:00:00-04:00,23245.75,23201.863886258772,35.10889099298219,43.88611374122774,52.66333648947328,SL,-43.886113741227746,-877.7222748245549
2025-08-24 19:00:00-04:00,2025-08-24 22:00:00-04:00,23572.25,23532.337163625878,31.930269099298894,39.912836374123614,47.89540364894834,SL,-39.91283637412198,-798.2567274824396
2025-08-25 19:00:00-04:00,2025-08-25 20:00:00-04:00,23512.0,23486.571699171735,20.342640662610982,25.42830082826373,30.513960993916474,SL,-25.428300828265492,-508.56601656530984
2025-08-26 19:00:00-04:00,2025-08-27 03:20:00-04:00,23612.0,23583.5227450866,22.78180393071875,28.477254913398436,34.17270589607812,SL,-28.47725491339952,-569.5450982679904
2025-08-27 19:00:00-04:00,2025-08-27 23:00:00-04:00,23509.75,23571.52842296655,41.1856153110312,51.482019138789,61.7784229665468,TP,61.77842296654853,1235.5684593309707
2025-08-28 19:00:00-04:00,2025-08-29 03:00:00-04:00,23743.5,23712.968986574728,24.424810740217342,30.531013425271677,36.637216110326015,SL,-30.53101342527225,-610.620268505445
2025-08-31 19:00:00-04:00,2025-08-31 22:00:00-04:00,23535.0,23494.220704778785,32.62343617697088,40.779295221213594,48.93515426545632,SL,-40.77929522121485,-815.585904424297
2025-09-01 19:00:00-04:00,2025-09-01 19:20:00-04:00,23453.0,23430.413375342807,18.069299725755215,22.58662465719402,27.103949588632823,SL,-22.58662465719317,-451.7324931438634
2025-09-02 19:00:00-04:00,2025-09-03 04:00:00-04:00,23340.25,23404.077949279366,42.55196618624385,53.189957732804814,63.82794927936578,TP,63.827949279366294,1276.5589855873259
2025-09-03 19:00:00-04:00,2025-09-03 20:20:00-04:00,23451.0,23498.852907876215,31.90193858414372,39.87742323017965,47.85290787621558,TP,47.852907876214886,957.0581575242977
2025-09-04 19:00:00-04:00,2025-09-05 00:20:00-04:00,23709.5,23750.666659049242,27.44443936616226,34.305549207702825,41.16665904924339,TP,41.1666590492423,823.333180984846
2025-09-07 19:00:00-04:00,2025-09-08 08:00:00-04:00,23748.75,23748.75,34.486239179169985,43.10779897396248,51.72935876875498,Force,0.0,0.0
2025-09-08 19:00:00-04:00,2025-09-08 21:20:00-04:00,23824.25,23795.479360927413,23.016511258068274,28.770639072585343,34.52476688710241,SL,-28.770639072587073,-575.4127814517415
2025-09-09 19:00:00-04:00,2025-09-10 02:20:00-04:00,23890.0,23929.417511661333,26.278341107556166,32.84792638444521,39.417511661334245,TP,39.417511661333265,788.3502332266653
2025-09-10 19:00:00-04:00,2025-09-10 20:20:00-04:00,23911.0,23873.193968474247,30.244825220603364,37.80603152575421,45.36723783090505,SL,-37.8060315257535,-756.1206305150699
2025-09-11 19:00:00-04:00,2025-09-12 04:00:00-04:00,24017.25,23991.06447235946,20.948422112432787,26.185527640540982,31.42263316864918,SL,-26.185527640540386,-523.7105528108077
2025-09-14 19:00:00-04:00,2025-09-14 20:00:00-04:00,24120.5,24098.384694657503,17.69224427399618,22.115305342495226,26.53836641099427,SL,-22.115305342496868,-442.30610684993735
2025-09-15 19:00:00-04:00,2025-09-15 22:20:00-04:00,24538.75,24566.729226134612,18.65281742307432,23.316021778842902,27.97922613461148,TP,27.979226134611963,559.5845226922393
2025-09-16 19:00:00-04:00,2025-09-16 22:00:00-04:00,24546.0,24524.904921459984,16.87606283201233,21.095078540015415,25.314094248018495,SL,-21.095078540016402,-421.90157080032805
2025-09-17 19:00:00-04:00,2025-09-18 00:20:00-04:00,24575.0,24648.200980463822,48.80065364254813,61.00081705318516,73.20098046382219,TP,73.2009804638219,1464.0196092764381
2025-09-18 19:00:00-04:00,2025-09-18 20:40:00-04:00,24738.25,24700.41620261321,30.267037909431156,37.833797386788945,45.400556864146736,SL,-37.83379738678923,-756.6759477357846
2025-09-21 19:00:00-04:00,2025-09-22 02:40:00-04:00,24849.75,24821.221833334446,22.822533332444408,28.52816666555551,34.23379999866661,SL,-28.528166665553726,-570.5633333110745
2025-09-22 19:00:00-04:00,2025-09-23 04:20:00-04:00,24988.75,25019.150503053148,20.267002035432437,25.333752544290547,30.400503053148654,TP,30.400503053147986,608.0100610629597
2025-09-23 19:00:00-04:00,2025-09-23 20:00:00-04:00,24851.5,24818.732732982233,26.21381361421369,32.76726701776711,39.32072042132054,SL,-32.76726701776715,-655.3453403553431
2025-09-24 19:00:00-04:00,2025-09-24 21:20:00-04:00,24743.5,24779.64010802096,24.093405347307893,30.116756684134867,36.14010802096184,TP,36.140108020961634,722.8021604192327
2025-09-25 19:00:00-04:00,2025-09-25 23:00:00-04:00,24635.25,24586.677143445588,38.858285243530624,48.57285655441328,58.28742786529594,SL,-48.57285655441228,-971.4571310882457
2025-09-28 19:00:00-04:00,2025-09-28 20:40:00-04:00,24758.0,24802.341027721275,29.56068514751645,36.95085643439556,44.34102772127467,TP,44.34102772127517,886.8205544255034
2025-09-29 19:00:00-04:00,2025-09-30 03:00:00-04:00,24829.75,24798.374284848516,25.100572121188264,31.37571515148533,37.6508581817824,SL,-31.375715151483746,-627.5143030296749
2025-09-30 19:00:00-04:00,2025-09-30 20:20:00-04:00,24838.0,24791.04460604646,37.56431516283275,46.955393953540934,56.34647274424913,SL,-46.9553939535399,-939.1078790707979
2025-10-01 19:00:00-04:00,2025-10-01 20:40:00-04:00,25025.25,25062.40735668247,24.77157112164646,30.964463902058075,37.15735668246969,TP,37.15735668246998,743.1471336493996
2025-10-02 19:00:00-04:00,2025-10-02 20:40:00-04:00,25114.0,25151.820657537173,25.213771691448695,31.51721461431087,37.82065753717304,TP,37.82065753717325,756.4131507434649
2025-10-05 19:00:00-04:00,2025-10-06 00:20:00-04:00,25059.25,25099.598664490422,26.899109660281812,33.623887075352265,40.34866449042272,TP,40.34866449042238,806.9732898084476
2025-10-06 19:00:00-04:00,2025-10-07 00:00:00-04:00,25143.75,25179.344174618112,23.729449745407734,29.661812181759668,35.5941746181116,TP,35.59417461811245,711.883492362249
2025-10-07 19:00:00-04:00,2025-10-08 04:20:00-04:00,25050.25,25098.67581917599,32.28387945065949,40.354849313324365,48.42581917598923,TP,48.42581917599091,968.5163835198182
2025-10-08 19:00:00-04:00,2025-10-08 21:00:00-04:00,25386.5,25356.25705753278,24.194353973774387,30.242942467217983,36.29153096066158,SL,-30.24294246721911,-604.8588493443822
2025-10-09 19:00:00-04:00,2025-10-09 22:20:00-04:00,25315.0,25355.011988848197,26.674659232130633,33.34332404016329,40.01198884819595,TP,40.01198884819678,800.2397769639356
2025-10-12 19:00:00-04:00,2025-10-12 21:00:00-04:00,24688.0,24842.46843925436,102.97895950290658,128.72369937863323,154.46843925435985,TP,154.46843925436042,3089.3687850872084
2025-10-13 19:00:00-04:00,2025-10-13 20:00:00-04:00,24914.25,24974.25543478927,40.00362319284614,50.004528991057676,60.005434789269216,TP,60.0054347892692,1200.108695785384
2025-10-14 19:00:00-04:00,2025-10-15 01:00:00-04:00,24799.0,24888.584987753817,59.72332516921151,74.65415646151439,89.58498775381727,TP,89.58498775381668,1791.6997550763335
2025-10-15 19:00:00-04:00,2025-10-15 20:20:00-04:00,24947.5,24879.117925721548,54.70565942276212,68.38207427845265,82.05848913414317,SL,-68.38207427845191,-1367.6414855690382
2025-10-16 19:00:00-04:00,2025-10-17 01:20:00-04:00,24744.0,24651.493875451302,74.00489963895782,92.50612454869727,111.00734945843674,SL,-92.5061245486977,-1850.122490973954
2025-10-19 19:00:00-04:00,2025-10-19 20:20:00-04:00,25037.75,24969.631174426897,54.49506045848211,68.11882557310264,81.74259068772317,SL,-68.1188255731031,-1362.376511462062
2025-10-20 19:00:00-04:00,2025-10-20 22:20:00-04:00,25328.25,25365.948143091828,25.132095394550966,31.415119243188705,37.69814309182645,TP,37.69814309182766,753.9628618365532
2025-10-21 19:00:00-04:00,2025-10-21 21:00:00-04:00,25253.0,25215.63617854428,29.8910571645768,37.363821455721,44.8365857468652,SL,-37.363821455721336,-747.2764291144267
2025-10-22 19:00:00-04:00,2025-10-22 20:00:00-04:00,25050.75,24983.027096425234,54.178322859813576,67.72290357476697,81.26748428972036,SL,-67.72290357476595,-1354.458071495319
2025-10-23 19:00:00-04:00,2025-10-24 01:20:00-04:00,25296.0,25344.40519410561,32.27012940374035,40.33766175467544,48.40519410561052,TP,48.40519410560955,968.1038821121911
2025-10-26 19:00:00-04:00,2025-10-27 01:20:00-04:00,25721.75,25780.98653848304,39.49102565535988,49.36378206919984,59.236538483039816,TP,59.23653848304093,1184.7307696608186
2025-10-27 19:00:00-04:00,2025-10-27 20:00:00-04:00,26004.75,25979.817430258652,19.94605579307915,24.93256974134894,29.919083689618724,SL,-24.932569741347834,-498.6513948269567
2025-10-28 19:00:00-04:00,2025-10-28 21:40:00-04:00,26180.75,26217.4159591589,24.443972772602084,30.554965965752604,36.66595915890313,TP,36.66595915890139,733.3191831780277
2025-10-29 19:00:00-04:00,2025-10-29 20:00:00-04:00,26194.5,26289.09983174313,63.06655449542064,78.8331931192758,94.59983174313096,TP,94.59983174312947,1891.9966348625894
2025-10-30 19:00:00-04:00,2025-10-31 08:00:00-04:00,26138.25,26236.653915749055,65.60261049937024,82.00326312421281,98.40391574905536,TP,98.40391574905516,1968.0783149811032
2025-11-02 19:00:00-05:00,2025-11-02 22:00:00-05:00,26106.25,26066.500569396398,31.799544482882023,39.749430603602526,47.69931672432303,SL,-39.74943060360238,-794.9886120720475
2025-11-03 19:00:00-05:00,2025-11-03 21:40:00-05:00,26007.5,25961.029098918094,37.176720865525745,46.47090108190718,55.76508129828862,SL,-46.47090108190605,-929.418021638121
2025-11-04 19:00:00-05:00,2025-11-04 19:40:00-05:00,25488.25,25419.19509154652,55.24392676278271,69.05490845347839,82.86589014417407,SL,-69.05490845347958,-1381.0981690695917
2025-11-05 19:00:00-05:00,2025-11-05 19:20:00-05:00,25719.5,25662.644068625465,45.4847450996295,56.85593137453687,68.22711764944425,SL,-56.85593137453543,-1137.1186274907086
2025-11-06 19:00:00-05:00,2025-11-06 20:20:00-05:00,25305.75,25228.609282557984,61.712573953612484,77.1407174420156,92.56886093041872,SL,-77.14071744201647,-1542.8143488403293
2025-11-09 19:00:00-05:00,2025-11-09 20:40:00-05:00,25314.75,25415.05526907485,66.87017938323254,83.58772422904067,100.30526907484881,TP,100.30526907484818,2006.1053814969637
2025-11-10 19:00:00-05:00,2025-11-10 23:40:00-05:00,25742.5,25696.844735571067,36.52421154314525,45.65526442893156,54.78631731471788,SL,-45.65526442893315,-913.105288578663
2025-11-11 19:00:00-05:00,2025-11-11 20:40:00-05:00,25669.0,25726.36248183905,38.241654559365664,47.80206819920708,57.3624818390485,TP,57.362481839048996,1147.24963678098
2025-11-12 19:00:00-05:00,2025-11-12 20:00:00-05:00,25580.25,25656.69795299812,50.965301998748906,63.706627498436134,76.44795299812336,TP,76.44795299812176,1528.9590599624353
2025-11-13 19:00:00-05:00,2025-11-13 23:20:00-05:00,25127.5,25044.77572301528,66.17942158777787,82.72427698472234,99.2691323816668,SL,-82.72427698472166,-1654.485539694433
2025-11-16 19:00:00-05:00,2025-11-16 19:20:00-05:00,25133.0,25226.325313348316,62.21687556554354,77.77109445692942,93.3253133483153,TP,93.32531334831583,1866.5062669663166
2025-11-17 19:00:00-05:00,2025-11-17 22:20:00-05:00,24877.0,24793.20171363535,67.03862909172081,83.798286364651,100.55794363758122,SL,-83.79828636465027,-1675.9657272930053
2025-11-18 19:00:00-05:00,2025-11-18 21:20:00-05:00,24511.75,24632.388322053266,80.4255480355103,100.53193504438788,120.63832205326545,TP,120.63832205326617,2412.7664410653233
2025-11-19 19:00:00-05:00,2025-11-20 08:00:00-05:00,25127.5,25162.75,91.91395839289909,114.89244799112386,137.87093758934864,Force,35.25,705.0
2025-11-20 19:00:00-05:00,2025-11-21 04:40:00-05:00,24180.5,24052.976284153123,102.01897267750071,127.52371584687589,153.02845901625108,SL,-127.52371584687717,-2550.4743169375433
2025-11-23 19:00:00-05:00,2025-11-24 08:00:00-05:00,24426.5,24540.0,93.44457269572531,116.80571586965664,140.16685904358798,Force,113.5,2270.0
2025-11-24 19:00:00-05:00,2025-11-25 03:40:00-05:00,24930.0,24878.593099251662,41.12552059866933,51.40690074833667,61.688280898003995,SL,-51.40690074833765,-1028.138014966753
2025-11-25 19:00:00-05:00,2025-11-25 21:00:00-05:00,25103.25,25170.347456570427,44.73163771361725,55.91454714202157,67.09745657042588,TP,67.09745657042731,1341.9491314085462
2025-11-26 19:00:00-05:00,2025-11-27 08:00:00-05:00,25325.75,25293.75,33.14920909597538,41.436511369969224,49.72381364396307,Force,-32.0,-640.0
2025-11-27 19:00:00-05:00,2025-11-27 20:20:00-05:00,25344.75,25366.81135284005,14.70756856003398,18.384460700042474,22.061352840050972,TP,22.06135284004995,441.227056800999
2025-11-30 19:00:00-05:00,2025-11-30 19:20:00-05:00,25412.5,25360.144858297062,41.884113362350554,52.35514170293819,62.826170043525835,SL,-52.355141702937544,-1047.102834058751
2025-12-01 19:00:00-05:00,2025-12-01 22:20:00-05:00,25405.5,25355.317181242397,40.146255006081255,50.18281875760157,60.219382509121886,SL,-50.182818757602945,-1003.6563751520589
2025-12-02 19:00:00-05:00,2025-12-02 22:20:00-05:00,25615.25,25673.841774697714,39.061183131810054,48.82647891476257,58.59177469771508,TP,58.591774697713845,1171.835493954277
2025-12-03 19:00:00-05:00,2025-12-03 22:20:00-05:00,25656.75,25618.325508861355,30.73959291091651,38.424491138645635,46.109389366374764,SL,-38.42449113864495,-768.4898227728991
2025-12-04 19:00:00-05:00,2025-12-04 20:20:00-05:00,25621.5,25673.062989977912,34.37532665194088,42.969158314926105,51.56298997791132,TP,51.562989977912366,1031.2597995582473
2025-12-07 19:00:00-05:00,2025-12-07 21:00:00-05:00,25720.0,25775.17840613214,36.78560408809447,45.982005110118095,55.17840613214171,TP,55.17840613214139,1103.5681226428278
2025-12-08 19:00:00-05:00,2025-12-09 00:00:00-05:00,25716.25,25674.814414151173,33.14846867906287,41.435585848828595,49.72270301859431,SL,-41.43558584882703,-828.7117169765406
2025-12-09 19:00:00-05:00,2025-12-09 20:00:00-05:00,25674.75,25645.076597876254,23.738721698997647,29.67340212374706,35.60808254849647,SL,-29.6734021237462,-593.468042474924
2025-12-10 19:00:00-05:00,2025-12-10 20:40:00-05:00,25720.5,25657.91083205023,50.071334359816106,62.58916794977013,75.10700153972417,SL,-62.589167949769035,-1251.7833589953807
2025-12-11 19:00:00-05:00,2025-12-12 04:20:00-05:00,25660.5,25583.29023283636,61.76781373091132,77.20976716363916,92.65172059636699,SL,-77.20976716364021,-1544.1953432728042
2025-12-14 19:00:00-05:00,2025-12-15 03:40:00-05:00,25203.5,25285.54058636836,54.69372424557392,68.36715530696739,82.04058636836088,TP,82.04058636835907,1640.8117273671814
2025-12-15 19:00:00-05:00,2025-12-15 20:20:00-05:00,25012.0,24952.74663532279,47.40269174176831,59.253364677210385,71.10403761265246,SL,-59.2533646772099,-1185.067293544198
2025-12-16 19:00:00-05:00,2025-12-17 01:00:00-05:00,25066.75,25159.386547511775,61.757698341184124,77.19712292648015,92.63654751177619,TP,92.63654751177455,1852.730950235491
2025-12-17 19:00:00-05:00,2025-12-18 03:40:00-05:00,24742.25,24825.16089799921,55.27393199947205,69.09241499934006,82.91089799920807,TP,82.91089799920883,1658.2179599841766
2025-12-18 19:00:00-05:00,2025-12-18 22:40:00-05:00,24996.0,25076.94328355843,53.96218903895314,67.45273629869143,80.94328355842971,TP,80.94328355843027,1618.8656711686053
2025-12-21 19:00:00-05:00,2025-12-22 08:00:00-05:00,25651.75,25741.44811685007,59.798744566713246,74.74843070839155,89.69811685006987,TP,89.69811685007153,1793.9623370014306
2025-12-22 19:00:00-05:00,2025-12-22 23:40:00-05:00,25713.25,25686.906381141693,21.07489508664632,26.3436188583079,31.612342629969476,SL,-26.34361885830731,-526.8723771661462
2025-12-23 19:00:00-05:00,2025-12-23 21:20:00-05:00,25816.75,25793.150508094215,18.879593524628426,23.599491905785534,28.31939028694264,SL,-23.599491905784816,-471.98983811569633
2025-12-25 19:00:00-05:00,2025-12-25 23:00:00-05:00,25905.5,25878.222125578217,21.822299537427618,27.277874421784524,32.733449306141424,SL,-27.277874421783054,-545.5574884356611
2025-12-28 19:00:00-05:00,2025-12-28 19:40:00-05:00,25856.5,25887.13537928861,20.423586192407104,25.52948274050888,30.635379288610658,TP,30.635379288611148,612.707585772223
2025-12-29 19:00:00-05:00,2025-12-30 00:00:00-05:00,25714.0,25754.135617696975,26.757078464649105,33.44634808081138,40.135617696973654,TP,40.135617696974805,802.7123539394961
2025-12-30 19:00:00-05:00,2025-12-30 19:40:00-05:00,25645.5,25615.33290497867,24.133676017064314,30.167095021330393,36.20051402559647,SL,-30.16709502133017,-603.3419004266034
2026-01-01 19:00:00-05:00,2026-01-01 20:20:00-05:00,25494.25,25540.285434194906,30.690289463269632,38.36286182908704,46.03543419490445,TP,46.035434194905974,920.7086838981195
2026-01-04 19:00:00-05:00,2026-01-05 03:20:00-05:00,25475.0,25552.62861970351,51.752413135674246,64.69051641959281,77.62861970351136,TP,77.6286197035115,1552.57239407023
2026-01-05 19:00:00-05:00,2026-01-05 21:00:00-05:00,25559.75,25604.343611463784,29.729074309190562,37.1613428864882,44.59361146378584,TP,44.59361146378433,891.8722292756865
2026-01-06 19:00:00-05:00,2026-01-06 23:00:00-05:00,25829.0,25796.862621895318,25.709902483746156,32.137378104682696,38.56485372561923,SL,-32.137378104682284,-642.7475620936457
2026-01-07 19:00:00-05:00,2026-01-07 21:40:00-05:00,25824.75,25790.106776738787,27.714578608970857,34.64322326121357,41.57186791345629,SL,-34.64322326121328,-692.8644652242656
2026-01-08 19:00:00-05:00,2026-01-08 20:20:00-05:00,25686.75,25640.569481139086,36.94441508873136,46.180518860914205,55.41662263309704,SL,-46.18051886091416,-923.6103772182832
2026-01-11 19:00:00-05:00,2026-01-11 19:20:00-05:00,25868.25,25821.590454891182,37.3276360870529,46.659545108816125,55.991454130579356,SL,-46.65954510881784,-933.1909021763568
2026-01-12 19:00:00-05:00,2026-01-12 20:40:00-05:00,25892.5,25856.900666389593,28.479466888327305,35.59933361040913,42.719200332490956,SL,-35.599333610407484,-711.9866722081497
2026-01-13 19:00:00-05:00,2026-01-14 00:20:00-05:00,25914.75,25865.550154636454,39.35987629083639,49.199845363545485,59.03981443625459,SL,-49.199845363546046,-983.9969072709209
2026-01-14 19:00:00-05:00,2026-01-15 01:00:00-05:00,25593.75,25676.016244161954,54.84416277463689,68.55520346829611,82.26624416195534,TP,82.26624416195409,1645.3248832390818
2026-01-15 19:00:00-05:00,2026-01-15 21:20:00-05:00,25741.75,25795.34973880655,35.73315920436874,44.666449005460926,53.599738806553106,TP,53.59973880655161,1071.9947761310323
2026-01-18 19:00:00-05:00,2026-01-19 02:20:00-05:00,25415.5,25348.38493569112,53.692051447103296,67.11506430887911,80.53807717065494,SL,-67.11506430888039,-1342.3012861776078
2026-01-19 19:00:00-05:00,2026-01-19 19:20:00-05:00,25342.25,25395.942982512264,35.795321674842015,44.744152093552515,53.69298251226302,TP,53.69298251226428,1073.8596502452856
2026-01-20 19:00:00-05:00,2026-01-20 22:00:00-05:00,25147.0,25221.445727942646,49.6304852950975,62.03810661887188,74.44572794264624,TP,74.44572794264604,1488.914558852921
2026-01-21 19:00:00-05:00,2026-01-22 01:20:00-05:00,25574.0,25485.122991439293,71.10160684856513,88.8770085607064,106.65241027284769,SL,-88.8770085607066,-1777.540171214132
2026-01-22 19:00:00-05:00,2026-01-22 22:00:00-05:00,25627.75,25690.310929593008,41.70728639533781,52.13410799417226,62.56092959300672,TP,62.56092959300804,1251.2185918601608
2026-01-25 19:00:00-05:00,2026-01-26 00:20:00-05:00,25577.75,25671.2709671517,62.34731143446623,77.93413929308278,93.52096715169934,TP,93.52096715170046,1870.4193430340092
2026-01-26 19:00:00-05:00,2026-01-26 21:00:00-05:00,25890.75,25936.290049546416,30.36003303094391,37.950041288679884,45.540049546415865,TP,45.54004954641641,910.8009909283282
2026-01-27 19:00:00-05:00,2026-01-27 19:20:00-05:00,26156.5,26195.85450825196,26.23633883464035,32.79542354330044,39.354508251960524,TP,39.35450825195949,787.0901650391897
2026-01-28 19:00:00-05:00,2026-01-28 23:40:00-05:00,26135.25,26231.580006059197,64.22000403946463,80.27500504933079,96.33000605919693,TP,96.33000605919733,1926.6001211839466
2026-01-29 19:00:00-05:00,2026-01-29 20:20:00-05:00,25955.0,25864.35097508561,72.51921993151156,90.64902491438944,108.77882989726734,SL,-90.64902491438988,-1812.9804982877977
2026-02-01 19:00:00-05:00,2026-02-01 20:20:00-05:00,25591.75,25476.9247710306,91.8601831755203,114.82522896940038,137.79027476328045,SL,-114.82522896939918,-2296.5045793879835
2026-02-02 19:00:00-05:00,2026-02-03 02:40:00-05:00,25953.75,26022.955642927438,46.137095284958924,57.671369106198654,69.20564292743839,TP,69.20564292743802,1384.1128585487604
2026-02-03 19:00:00-05:00,2026-02-04 08:00:00-05:00,25425.0,25393.75,66.33601342366144,82.9200167795768,99.50402013549217,Force,-31.25,-625.0
2026-02-04 19:00:00-05:00,2026-02-04 21:00:00-05:00,25079.75,24966.148522075197,90.88118233984196,113.60147792480245,136.32177350976292,SL,-113.60147792480348,-2272.0295584960695
2026-02-05 19:00:00-05:00,2026-02-05 20:40:00-05:00,24311.5,24461.892515789794,100.2616771931958,125.32709649149474,150.3925157897937,TP,150.39251578979383,3007.8503157958767
2026-02-08 19:00:00-05:00,2026-02-08 20:20:00-05:00,25307.5,25227.792814228676,63.76574861706012,79.70718577132514,95.64862292559017,SL,-79.70718577132357,-1594.1437154264713
2026-02-09 19:00:00-05:00,2026-02-09 22:00:00-05:00,25333.0,25279.606358596793,42.71491312256515,53.39364140320644,64.07236968384773,SL,-53.39364140320686,-1067.8728280641371
2026-02-10 19:00:00-05:00,2026-02-10 21:20:00-05:00,25273.5,25329.484224577984,37.32281638532239,46.65352048165299,55.98422457798358,TP,55.984224577983696,1119.684491559674
2026-02-11 19:00:00-05:00,2026-02-11 20:20:00-05:00,25233.25,25309.986820087433,51.15788005828962,63.94735007286202,76.73682008743444,TP,76.73682008743344,1534.7364017486689
2026-02-12 19:00:00-05:00,2026-02-12 19:40:00-05:00,24833.0,24749.839594884994,66.52832409200404,83.16040511500505,99.79248613800607,SL,-83.16040511500614,-1663.2081023001228
2026-02-15 19:00:00-05:00,2026-02-16 08:00:00-05:00,24841.5,24859.75,63.111298042179754,78.8891225527247,94.66694706326963,Force,18.25,365.0
2026-02-16 19:00:00-05:00,2026-02-16 20:40:00-05:00,24797.75,24744.698044551722,42.44156435862375,53.051955448279685,63.662346537935626,SL,-53.05195544827802,-1061.0391089655604
2026-02-17 19:00:00-05:00,2026-02-17 23:40:00-05:00,24737.75,24837.421824575016,66.4478830500118,83.05985381251475,99.6718245750177,TP,99.67182457501622,1993.4364915003243
2026-02-18 19:00:00-05:00,2026-02-19 02:00:00-05:00,24951.25,25022.72322653289,47.64881768859253,59.561022110740666,71.47322653288879,TP,71.47322653288938,1429.4645306577877
2026-02-19 19:00:00-05:00,2026-02-20 00:20:00-05:00,24875.25,24944.054384384242,45.869589589494424,57.33698698686803,68.80438438424164,TP,68.80438438424244,1376.0876876848488
2026-02-22 19:00:00-05:00,2026-02-22 19:40:00-05:00,24938.75,24861.337845506205,61.92972359503705,77.41215449379632,92.89458539255558,SL,-77.41215449379524,-1548.2430898759048
2026-02-23 19:00:00-05:00,2026-02-23 22:20:00-05:00,24812.0,24880.124958334356,45.416638889571175,56.77079861196397,68.12495833435676,TP,68.12495833435605,1362.499166687121
2026-02-24 19:00:00-05:00,2026-02-24 20:00:00-05:00,25034.0,25090.407743890028,37.60516259335243,47.00645324169054,56.40774389002865,TP,56.40774389002763,1128.1548778005526
2026-02-25 19:00:00-05:00,2026-02-25 20:20:00-05:00,25329.5,25277.719862470596,41.42411002352357,51.780137529404456,62.13616503528535,SL,-51.78013752940387,-1035.6027505880775
2026-02-26 19:00:00-05:00,2026-02-27 04:00:00-05:00,25018.0,25094.486680366517,50.991120244345026,63.73890030543129,76.48668036651753,TP,76.48668036651725,1529.733607330345
2026-03-01 19:00:00-05:00,2026-03-01 20:00:00-05:00,24720.5,24833.03912645774,75.02608430516081,93.782605381451,112.53912645774122,TP,112.53912645774108,2250.7825291548215
2026-03-02 19:00:00-05:00,2026-03-02 21:00:00-05:00,24942.75,24870.57702231866,57.73838214507145,72.1729776813393,86.60757321760717,SL,-72.17297768134085,-1443.459553626817
2026-03-03 19:00:00-05:00,2026-03-03 20:20:00-05:00,24774.5,24683.860094223164,72.5119246214676,90.6399057768345,108.7678869322014,SL,-90.6399057768358,-1812.798115536716
2026-03-04 19:00:00-05:00,2026-03-04 20:00:00-05:00,25241.0,25177.154240333082,51.07660773353424,63.8457596669178,76.61491160030135,SL,-63.84575966691773,-1276.9151933383546
2026-03-05 19:00:00-05:00,2026-03-06 04:00:00-05:00,25083.75,25003.798123936842,63.9615008505266,79.95187606315825,95.9422512757899,SL,-79.95187606315812,-1599.0375212631625
2026-03-08 19:00:00-04:00,2026-03-08 19:40:00-04:00,24292.25,24176.214417404448,92.82846607644026,116.03558259555032,139.2426991146604,SL,-116.03558259555211,-2320.7116519110423
2026-03-09 19:00:00-04:00,2026-03-10 03:20:00-04:00,24920.25,25040.279962154826,80.0199747698829,100.02496846235361,120.02996215482435,TP,120.02996215482563,2400.5992430965125
2026-03-10 19:00:00-04:00,2026-03-10 20:00:00-04:00,24985.0,25074.434041253808,59.6226941692039,74.52836771150488,89.43404125380586,TP,89.43404125380766,1788.6808250761533
2026-03-11 19:00:00-04:00,2026-03-11 19:20:00-04:00,24835.75,24761.167141305257,59.666286955793204,74.5828586947415,89.49943043368981,SL,-74.58285869474275,-1491.657173894855
2026-03-12 19:00:00-04:00,2026-03-12 20:00:00-04:00,24580.75,24511.486572123136,55.41074230148984,69.2634278768623,83.11611345223476,SL,-69.26342787686372,-1385.2685575372743
2026-03-15 19:00:00-04:00,2026-03-16 00:00:00-04:00,24441.75,24544.245407302977,68.3302715353186,85.41283941914826,102.4954073029779,TP,102.49540730297667,2049.9081460595335
2026-03-16 19:00:00-04:00,2026-03-16 23:00:00-04:00,24631.75,24580.481113801947,41.015108958443655,51.26888619805457,61.522663437665486,SL,-51.268886198053224,-1025.3777239610645
2026-03-17 19:00:00-04:00,2026-03-17 20:40:00-04:00,24793.5,24841.409807293836,31.93987152922512,39.9248394115314,47.90980729383768,TP,47.90980729383591,958.1961458767182
2026-03-18 19:00:00-04:00,2026-03-18 22:20:00-04:00,24398.75,24478.641472896703,53.26098193113414,66.57622741391768,79.8914728967012,TP,79.89147289670291,1597.8294579340582
2026-03-19 19:00:00-04:00,2026-03-20 02:20:00-04:00,24425.25,24351.599299399266,58.92056048058875,73.65070060073593,88.38084072088313,SL,-73.65070060073413,-1473.0140120146825
2026-03-22 19:00:00-04:00,2026-03-22 19:40:00-04:00,24067.25,23976.352910316204,72.71767174703703,90.89708968379628,109.07650762055555,SL,-90.89708968379637,-1817.9417936759273
2026-03-23 19:00:00-04:00,2026-03-23 20:00:00-04:00,24475.0,24383.70626945758,73.03498443393478,91.29373054241847,109.55247665090218,SL,-91.29373054242023,-1825.8746108484047
2026-03-24 19:00:00-04:00,2026-03-24 23:00:00-04:00,24424.75,24321.201933116878,82.8384535064979,103.54806688312237,124.25768025974685,SL,-103.54806688312237,-2070.9613376624475
2026-03-25 19:00:00-04:00,2026-03-25 20:00:00-04:00,24300.25,24379.81370984114,53.0424732274259,66.30309153428237,79.56370984113886,TP,79.56370984113892,1591.2741968227783
2026-03-26 19:00:00-04:00,2026-03-27 01:00:00-04:00,23866.0,23963.714297860322,65.14286524021473,81.42858155026842,97.71429786032209,TP,97.7142978603224,1954.285957206448
2026-03-29 19:00:00-04:00,2026-03-29 20:00:00-04:00,23180.5,23102.246436499165,62.602850800668534,78.25356350083567,93.9042762010028,SL,-78.2535635008353,-1565.071270016706
2026-03-30 19:00:00-04:00,2026-03-30 20:00:00-04:00,23049.25,22979.212718623567,56.02982510114641,70.03728137643301,84.04473765171961,SL,-70.03728137643338,-1400.7456275286677
2026-03-31 19:00:00-04:00,2026-04-01 01:20:00-04:00,23966.0,24064.554562258487,65.70304150565761,82.12880188207201,98.55456225848641,TP,98.55456225848684,1971.0912451697368
2026-04-01 19:00:00-04:00,2026-04-01 21:00:00-04:00,24198.75,24138.933563771774,47.85314898258111,59.81643622822639,71.77972347387167,SL,-59.81643622822594,-1196.3287245645188
2026-04-02 19:00:00-04:00,2026-04-05 18:00:00-04:00,24197.75,24091.75,51.72130441244219,64.65163051555274,77.58195661866328,SL,-106.0,-2120.0
2026-04-05 19:00:00-04:00,2026-04-05 20:00:00-04:00,24083.5,24168.52039791462,56.680265276413785,70.85033159551723,85.02039791462067,TP,85.02039791462084,1700.4079582924169
2026-04-06 19:00:00-04:00,2026-04-06 21:00:00-04:00,24321.5,24263.957386606864,46.034090714509034,57.54261339313629,69.05113607176355,SL,-57.54261339313598,-1150.8522678627196
2026-04-07 19:00:00-04:00,2026-04-08 00:00:00-04:00,24973.0,25152.78565329914,119.85710219942565,149.82137774928208,179.7856532991385,TP,179.78565329913908,3595.7130659827817
2026-04-08 19:00:00-04:00,2026-04-08 21:20:00-04:00,25045.5,24989.175862686316,45.05930985094681,56.324137313683515,67.58896477642021,SL,-56.32413731368433,-1126.4827462736866
2026-04-09 19:00:00-04:00,2026-04-09 21:00:00-04:00,25213.0,25274.94459255613,41.296395037419856,51.620493796774824,61.944592556129784,TP,61.944592556130374,1238.8918511226075
2026-04-12 19:00:00-04:00,2026-04-12 20:40:00-04:00,24941.25,25029.17856741214,58.61904494142467,73.27380617678084,87.928567412137,TP,87.92856741213836,1758.5713482427673
2026-04-13 19:00:00-04:00,2026-04-13 20:00:00-04:00,25610.25,25563.610946034292,37.311243172565284,46.63905396570661,55.966864758847926,SL,-46.63905396570772,-932.7810793141543
2026-04-15 19:00:00-04:00,2026-04-15 21:40:00-04:00,26395.25,26450.255300394565,36.67020026304361,45.83775032880452,55.00530039456542,TP,55.00530039456498,1100.1060078912997
2026-04-16 19:00:00-04:00,2026-04-17 05:40:00-04:00,26477.75,26536.95915911313,39.472772742085205,49.340965927606504,59.20915911312781,TP,59.20915911312841,1184.1831822625682
2026-04-19 19:00:00-04:00,2026-04-20 08:00:00-04:00,26661.5,26721.75,57.41458552551153,71.76823190688941,86.12187828826728,Force,60.25,1205.0
2026-04-20 19:00:00-04:00,2026-04-21 06:00:00-04:00,26803.75,26857.365692008083,35.74379467205589,44.67974334006986,53.61569200808384,TP,53.61569200808299,1072.3138401616598
2026-04-21 19:00:00-04:00,2026-04-22 01:00:00-04:00,26751.25,26840.161987031242,59.274658020827424,74.09332252603429,88.91198703124114,TP,88.91198703124246,1778.2397406248492
2026-04-22 19:00:00-04:00,2026-04-22 20:00:00-04:00,27091.75,27048.731349719303,34.414920224559026,43.01865028069878,51.62238033683854,SL,-43.01865028069733,-860.3730056139466
2026-04-23 19:00:00-04:00,2026-04-23 20:20:00-04:00,27037.0,27131.848895416497,63.2325969443306,79.04074618041325,94.8488954164959,TP,94.84889541649682,1896.9779083299363
2026-04-26 19:00:00-04:00,2026-04-26 20:40:00-04:00,27391.0,27455.551258341813,43.034172227874954,53.792715284843695,64.55125834181243,TP,64.55125834181308,1291.0251668362616
2026-04-27 19:00:00-04:00,2026-04-27 21:40:00-04:00,27489.25,27448.980407400086,32.21567407993076,40.269592599913445,48.32351111989614,SL,-40.269592599914176,-805.3918519982835
2026-04-28 19:00:00-04:00,2026-04-28 20:00:00-04:00,27223.5,27281.18033564647,38.4535570976472,48.066946372059,57.680335646470795,TP,57.68033564646976,1153.6067129293951
2026-04-29 19:00:00-04:00,2026-04-29 20:20:00-04:00,27464.25,27601.665422594473,91.61028172964942,114.51285216206176,137.41542259447414,TP,137.41542259447306,2748.308451889461
2026-04-30 19:00:00-04:00,2026-05-01 08:00:00-04:00,27598.5,27599.0,54.98660151987409,68.73325189984261,82.47990227981114,Force,0.5,10.0
2026-05-03 19:00:00-04:00,2026-05-03 21:20:00-04:00,27825.25,27901.824517871468,51.049678580977506,63.812098226221885,76.57451787146626,TP,76.57451787146783,1531.4903574293567
2026-05-04 19:00:00-04:00,2026-05-04 21:20:00-04:00,27756.75,27822.385993681386,43.757329120924354,54.69666140115544,65.63599368138654,TP,65.63599368138603,1312.7198736277205
2026-05-05 19:00:00-04:00,2026-05-05 20:00:00-04:00,28369.75,28309.481182189393,48.21505424848572,60.26881781060715,72.32258137272858,SL,-60.26881781060729,-1205.3763562121458
