direction,signal_time,session_date,exit_time,exit_reason,entry,exit,entry_raw,sl_raw,tp_raw,atr,body_ratio,bar_total_delta,bot_wick_delta,top_wick_delta,zone_low,zone_high,pts,pnl_gross,pnl_net,dev_poc,dev_vah,dev_val,noise_upper_14,noise_lower_14,noise_upper_90,noise_lower_90,prev_week_iso_poc,prev_week_iso_vah,prev_week_iso_val,entry_hour,dev_loc,noise_loc,week_loc,bot_wick_sign,top_wick_sign
short,2020-12-01 10:35:00-05:00,2020-12-01,2020-12-01 11:05:00-05:00,sl,12353.625,12416.69642857143,12353.75,12416.57142857143,12263.107142857141,27.821428571428573,0.8601398601398601,-1057,-35,65,12368.75,12388.0,-63.07142857142935,-1261.428571428587,-1265.928571428587,12372.5,12402.5,12355.0,,,,,,,,10:00,below_val,no_bands,unknown,neg,pos
short,2020-12-01 15:00:00-05:00,2020-12-01,2020-12-01 16:55:00-05:00,eod,12453.625,12458.625,12453.75,12482.285714285714,12412.178571428572,13.035714285714286,0.859375,-592,-20,19,12460.0,12465.25,-5.0,-100.0,-104.5,12372.5,12450.0,12350.0,,,,,,,,15:00,above_vah,no_bands,unknown,neg,pos
short,2020-12-01 15:15:00-05:00,2020-12-01,2020-12-01 15:50:00-05:00,sl,12421.375,12464.80357142857,12421.5,12464.67857142857,12361.642857142859,16.678571428571427,0.8378378378378378,-375,-49,122,12422.0,12430.0,-43.42857142857065,-868.571428571413,-873.071428571413,12372.5,12450.0,12350.0,,,,,,,,15:00,in_va,no_bands,unknown,neg,pos
short,2020-12-09 13:55:00-05:00,2020-12-09,2020-12-09 16:55:00-05:00,eod,12339.125,12351.875,12339.25,12422.857142857143,12223.035714285714,32.607142857142854,0.861904761904762,-573,-82,38,12363.5,12376.0,-12.75,-255.0,-259.5,12597.5,12667.5,12507.5,,,,,,,,13:00,below_val,no_bands,unknown,neg,pos
short,2020-12-02 10:50:00-05:00,2020-12-02,2020-12-02 11:10:00-05:00,sl,12403.875,12439.357142857143,12404.0,12439.232142857143,12347.035714285714,21.732142857142858,0.8833333333333333,-250,-20,2,12407.5,12417.0,-35.48214285714312,-709.6428571428623,-714.1428571428623,12400.0,12450.0,12367.5,,,,,,,,10:00,in_va,no_bands,unknown,neg,pos
short,2020-12-03 11:05:00-05:00,2020-12-03,2020-12-03 11:55:00-05:00,sl,12463.375,12507.75,12463.5,12507.625,12401.75,17.625,0.7589285714285714,-750,-71,-62,12475.0,12491.5,-44.375,-887.5,-892.0,12487.5,12505.0,12467.5,,,,,,,,11:00,below_val,no_bands,unknown,neg,neg
short,2020-12-03 10:55:00-05:00,2020-12-03,2020-12-03 16:55:00-05:00,eod,12480.125,12488.375,12480.25,12525.392857142857,12417.214285714286,17.892857142857142,0.8362068965517241,-965,-136,-5,12490.25,12498.75,-8.25,-165.0,-169.5,12487.5,12505.0,12465.0,,,,,,,,10:00,in_va,no_bands,unknown,neg,neg
short,2020-12-03 15:50:00-05:00,2020-12-03,2020-12-03 16:55:00-05:00,eod,12451.375,12488.375,12451.5,12512.517857142857,12372.964285714286,17.517857142857142,0.7941176470588235,-557,-29,53,12455.25,12475.25,-37.0,-740.0,-744.5,12487.5,12505.0,12470.0,,,,,,,,15:00,below_val,no_bands,unknown,neg,pos
short,2020-12-09 13:25:00-05:00,2020-12-09,2020-12-09 13:55:00-05:00,tp,12431.375,12339.767857142859,12431.5,12495.42857142857,12339.642857142859,27.928571428571427,0.7307692307692307,-796,-38,19,12448.5,12458.5,91.6071428571413,1832.142857142826,1827.642857142826,12597.5,12650.0,12570.0,,,,,,,,13:00,below_val,no_bands,unknown,neg,pos
short,2020-12-04 15:35:00-05:00,2020-12-04,2020-12-04 15:55:00-05:00,sl,12500.625,12519.785714285714,12500.75,12519.660714285714,12473.428571428572,8.410714285714286,0.9302325581395349,-381,-4,6,12502.5,12509.25,-19.160714285713766,-383.2142857142753,-387.7142857142753,12505.0,12522.5,12490.0,,,,,,,,15:00,in_va,no_bands,unknown,neg,pos
short,2020-12-07 12:00:00-05:00,2020-12-07,2020-12-07 16:55:00-05:00,eod,12580.875,12571.875,12581.0,12605.232142857143,12544.035714285714,12.732142857142858,0.7857142857142857,-235,-151,1,12588.75,12597.25,9.0,180.0,175.5,12590.0,12612.5,12550.0,,,,,,,,12:00,in_va,no_bands,unknown,neg,pos
short,2020-12-08 10:20:00-05:00,2020-12-08,2020-12-08 10:45:00-05:00,sl,12505.625,12547.142857142857,12505.75,12547.017857142857,12443.464285714286,21.017857142857142,0.8125,-811,-162,-11,12524.0,12529.75,-41.51785714285688,-830.3571428571377,-834.8571428571377,12562.5,12580.0,12545.0,,,,,,,,10:00,below_val,no_bands,unknown,neg,neg
short,2020-12-09 12:15:00-05:00,2020-12-09,2020-12-09 12:45:00-05:00,tp,12541.125,12484.410714285714,12541.25,12581.607142857143,12484.285714285714,16.607142857142858,0.900990099009901,-785,-36,-6,12544.0,12553.5,56.714285714286234,1134.2857142857247,1129.7857142857247,12597.5,12632.5,12582.5,,,,,,,,12:00,below_val,no_bands,unknown,neg,neg
short,2020-12-09 10:10:00-05:00,2020-12-09,2020-12-09 12:35:00-05:00,tp,12578.125,12517.553571428572,12578.25,12622.785714285714,12517.428571428572,16.285714285714285,0.74,-1014,-307,2,12578.5,12583.75,60.57142857142753,1211.4285714285506,1206.9285714285506,12630.0,12650.0,12612.5,,,,,,,,10:00,below_val,no_bands,unknown,neg,pos
short,2020-12-14 13:05:00-05:00,2020-12-14,2020-12-14 13:50:00-05:00,sl,12472.625,12516.357142857143,12472.75,12516.232142857143,12414.285714285714,14.982142857142858,0.7593984962406015,-632,-152,25,12486.0,12493.5,-43.73214285714312,-874.6428571428623,-879.1428571428623,12525.0,12542.5,12490.0,,,,,12487.5,12517.5,12422.5,13:00,below_val,no_bands,in_week_va,neg,pos
short,2020-12-15 10:35:00-05:00,2020-12-15,2020-12-15 15:20:00-05:00,sl,12534.875,12591.232142857143,12535.0,12591.107142857143,12454.285714285714,24.607142857142858,0.8222222222222222,-643,-74,91,12542.0,12564.5,-56.35714285714312,-1127.1428571428623,-1131.6428571428623,12557.5,12577.5,12545.0,,,,,12487.5,12517.5,12422.5,10:00,below_val,no_bands,above_week_vah,neg,pos
short,2020-12-18 10:00:00-05:00,2020-12-18,2020-12-18 15:25:00-05:00,tp,12690.375,12621.196428571428,12690.5,12742.839285714286,12621.071428571428,17.089285714285715,0.8081395348837209,-1372,-18,2,12706.0,12714.75,69.17857142857247,1383.5714285714494,1379.0714285714494,12750.0,12762.5,12720.0,12819.062769875518,12708.51223106795,,,12487.5,12517.5,12422.5,10:00,below_val,outside_both,above_week_vah,neg,pos
short,2020-12-18 09:40:00-05:00,2020-12-18,2020-12-18 10:00:00-05:00,tp,12743.375,12698.589285714286,12743.5,12777.017857142857,12698.464285714286,11.517857142857142,0.7282608695652174,-462,-72,298,12749.25,12757.0,44.785714285713766,895.7142857142753,891.2142857142753,12750.0,12770.0,12720.0,12807.616432063807,12719.939304230324,,,12487.5,12517.5,12422.5,09:00,in_va,inside_14_only,above_week_vah,neg,pos
short,2020-12-18 13:35:00-05:00,2020-12-18,2020-12-18 15:20:00-05:00,tp,12676.875,12632.875,12677.0,12710.375,12632.75,10.875,0.717391304347826,-309,-24,163,12681.75,12692.25,44.0,880.0,875.5,12710.0,12747.5,12685.0,12861.423582562104,12666.222713341853,,,12487.5,12517.5,12422.5,13:00,below_val,inside_14_only,above_week_vah,neg,pos
short,2020-12-21 15:30:00-05:00,2020-12-21,2020-12-21 15:55:00-05:00,sl,12642.625,12682.339285714286,12642.75,12682.214285714286,12589.071428571428,14.214285714285714,0.8611111111111112,-458,-101,6,12657.0,12665.0,-39.714285714286234,-794.2857142857247,-798.7857142857247,12582.5,12652.5,12472.5,12868.90631436823,12462.670957820616,,,12590.0,12667.5,12387.5,15:00,in_va,inside_14_only,in_week_va,neg,pos
short,2020-12-22 11:30:00-05:00,2020-12-22,2020-12-22 13:35:00-05:00,sl,12640.375,12707.982142857143,12640.5,12707.857142857143,12548.535714285714,24.607142857142858,0.96045197740113,-1015,-216,1,12678.5,12686.0,-67.60714285714312,-1352.1428571428623,-1356.6428571428623,12692.5,12732.5,12682.5,12794.743723654792,12613.685821926949,,,12590.0,12667.5,12387.5,11:00,below_val,inside_14_only,in_week_va,neg,pos
short,2020-12-22 14:35:00-05:00,2020-12-22,2020-12-22 16:55:00-05:00,eod,12687.625,12707.375,12687.75,12724.375,12638.25,12.875,0.96875,-378,-1,17,12701.25,12706.75,-19.75,-395.0,-399.5,12695.0,12735.0,12670.0,12817.317713943898,12591.165519017699,,,12590.0,12667.5,12387.5,14:00,in_va,inside_14_only,above_week_vah,neg,pos
short,2020-12-24 10:55:00-05:00,2020-12-24,2020-12-24 16:55:00-05:00,eod,12679.875,,12680.0,12717.67857142857,12628.392857142859,13.928571428571429,0.96875,-656,-3,30,12691.0,12696.5,,,,12665.0,12707.5,12645.0,12730.574825291822,12584.94755266202,,,12590.0,12667.5,12387.5,10:00,in_va,inside_14_only,above_week_vah,neg,pos
short,2021-01-04 11:50:00-05:00,2021-01-04,2021-01-04 12:10:00-05:00,tp,12662.375,12550.910714285714,12662.5,12736.357142857143,12550.785714285714,37.857142857142854,0.7402597402597403,-1340,-116,143,12664.0,12677.25,111.46428571428623,2229.2857142857247,2224.7857142857247,12875.0,12955.0,12815.0,12985.029545836342,12831.421635009794,,,12685.0,12737.5,12645.0,11:00,below_val,outside_both,in_week_va,neg,pos
short,2020-12-28 10:05:00-05:00,2020-12-28,2020-12-28 10:50:00-05:00,sl,12764.375,12804.57142857143,12764.5,12804.44642857143,12709.857142857141,14.696428571428571,0.7111111111111111,-614,-28,-5,12782.75,12799.5,-40.19642857142935,-803.928571428587,-808.428571428587,12797.5,12812.5,12775.0,12868.16469675366,12651.544044251497,,,12720.0,12762.5,12560.0,10:00,below_val,inside_14_only,above_week_vah,neg,neg
short,2020-12-31 11:55:00-05:00,2020-12-31,2020-12-31 12:25:00-05:00,sl,12801.875,12827.339285714286,12802.0,12827.214285714286,12766.071428571428,10.714285714285714,0.7125,-646,-267,2,12805.0,12814.0,-25.464285714286234,-509.2857142857247,-513.7857142857247,12845.0,12855.0,12837.5,12895.729744170769,12787.021311580975,,,12720.0,12762.5,12560.0,11:00,below_val,inside_14_only,above_week_vah,neg,pos
short,2020-12-29 10:10:00-05:00,2020-12-29,2020-12-29 10:40:00-05:00,sl,12814.875,12875.589285714286,12815.0,12875.464285714286,12733.821428571428,20.714285714285715,0.8295454545454546,-1101,1,-25,12828.25,12835.0,-60.714285714286234,-1214.2857142857247,-1218.7857142857247,12887.5,12917.5,12865.0,12949.773787932761,12784.697878757617,,,12720.0,12762.5,12560.0,10:00,below_val,inside_14_only,above_week_vah,pos,neg
short,2020-12-29 09:55:00-05:00,2020-12-29,2020-12-29 16:55:00-05:00,eod,12859.625,12857.875,12859.75,12906.035714285714,12799.178571428572,14.285714285714286,0.7068965517241379,-810,-221,-2,12878.0,12905.0,1.75,35.0,30.5,12890.0,12912.5,12880.0,12934.162462452561,12800.249564717979,,,12720.0,12762.5,12560.0,09:00,below_val,inside_14_only,above_week_vah,neg,neg
short,2021-01-04 10:45:00-05:00,2021-01-04,2021-01-04 11:00:00-05:00,tp,12818.875,12716.125,12819.0,12894.75,12716.0,27.25,0.8894009216589862,-1420,-200,0,12856.5,12861.5,102.75,2055.0,2050.5,12875.0,12907.5,12845.0,12984.677394867711,12831.772417754182,,,12685.0,12737.5,12645.0,10:00,below_val,outside_both,above_week_vah,neg,zero
short,2021-01-04 14:45:00-05:00,2021-01-04,2021-01-04 14:55:00-05:00,sl,12617.375,12657.25,12617.5,12657.125,12559.25,18.625,0.8505747126436781,-405,-7,96,12632.0,12636.75,-39.875,-797.5,-802.0,12875.0,12960.0,12660.0,12989.823173785495,12826.646631907795,,,12685.0,12737.5,12645.0,14:00,below_val,outside_both,below_week_val,neg,pos
short,2021-01-05 10:55:00-05:00,2021-01-05,2021-01-05 14:05:00-05:00,sl,12714.125,12785.32142857143,12714.25,12785.19642857143,12615.107142857141,28.196428571428573,0.9213483146067416,-1000,-88,27,12718.75,12731.25,-71.19642857142935,-1423.928571428587,-1428.428571428587,12742.5,12760.0,12680.0,12745.411419796288,12594.006393959542,,,12685.0,12737.5,12645.0,10:00,in_va,inside_14_only,in_week_va,neg,pos
short,2021-01-05 11:55:00-05:00,2021-01-05,2021-01-05 14:00:00-05:00,sl,12729.375,12762.589285714286,12729.5,12762.464285714286,12676.071428571428,20.464285714285715,0.7704918032786885,-343,-114,11,12730.25,12734.25,-33.214285714286234,-664.2857142857247,-668.7857142857247,12735.0,12760.0,12690.0,12769.614615336115,12569.874253847678,,,12685.0,12737.5,12645.0,11:00,in_va,inside_14_only,in_week_va,neg,pos
short,2021-01-05 14:50:00-05:00,2021-01-05,2021-01-05 16:00:00-05:00,sl,12774.125,12805.964285714286,12774.25,12805.839285714286,12730.321428571428,12.339285714285714,0.776595744680851,-553,-164,25,12778.25,12784.75,-31.839285714286234,-636.7857142857247,-641.2857142857247,12727.5,12760.0,12690.0,12787.894481714682,12551.648053264049,,,12685.0,12737.5,12645.0,14:00,above_vah,inside_14_only,above_week_vah,neg,pos
short,2021-01-12 12:00:00-05:00,2021-01-12,2021-01-12 13:30:00-05:00,sl,12838.375,12892.875,12838.5,12892.75,12765.5,18.75,0.76875,-1579,-119,187,12858.75,12876.0,-54.5,-1090.0,-1094.5,12902.5,12927.5,12875.0,13018.41789584981,12789.860476826052,,,12852.5,12872.5,12815.0,12:00,below_val,inside_14_only,in_week_va,neg,pos
short,2021-01-08 13:15:00-05:00,2021-01-08,2021-01-08 13:40:00-05:00,tp,13002.875,12939.160714285714,13003.0,13050.982142857143,12939.035714285714,15.982142857142858,0.9393939393939394,-726,-32,20,13015.5,13025.5,63.714285714286234,1274.2857142857247,1269.7857142857247,13025.0,13052.5,12992.5,13135.868937436964,12809.718149007156,,,12685.0,12737.5,12645.0,13:00,in_va,inside_14_only,above_week_vah,neg,pos
short,2021-01-08 15:20:00-05:00,2021-01-08,2021-01-08 15:45:00-05:00,sl,13040.625,13080.285714285714,13040.75,13080.160714285714,12981.928571428572,19.410714285714285,0.788235294117647,-265,-13,33,13045.5,13056.5,-39.660714285713766,-793.2142857142753,-797.7142857142753,13005.0,13057.5,12990.0,13137.715535555712,12807.884777347781,,,12685.0,12737.5,12645.0,15:00,in_va,inside_14_only,above_week_vah,neg,pos
short,2021-01-11 10:45:00-05:00,2021-01-11,2021-01-11 16:55:00-05:00,eod,12955.875,12905.875,12956.0,13015.017857142857,12868.214285714286,28.767857142857142,0.944,-846,-21,7,12958.75,12968.25,50.0,1000.0,995.5,12965.0,13012.5,12897.5,13195.134273751159,12893.236669005128,,,12852.5,12872.5,12815.0,10:00,in_va,inside_14_only,above_week_vah,neg,pos
short,2021-01-14 15:15:00-05:00,2021-01-14,2021-01-14 16:55:00-05:00,eod,12894.625,12899.875,12894.75,12945.464285714286,12830.071428571428,13.964285714285714,0.8823529411764706,-668,-83,59,12902.75,12915.75,-5.25,-105.0,-109.5,12980.0,13005.0,12952.5,13099.395942105251,12859.465640649836,,,12852.5,12872.5,12815.0,15:00,below_val,inside_14_only,above_week_vah,neg,pos
short,2021-01-13 12:00:00-05:00,2021-01-13,2021-01-13 13:15:00-05:00,sl,12955.375,12987.42857142857,12955.5,12987.30357142857,12907.642857142859,16.053571428571427,0.8088235294117647,-1017,-39,6,12965.0,12967.5,-32.05357142857065,-641.071428571413,-645.571428571413,12920.0,12947.5,12857.5,13001.994274613788,12768.575702630578,,,12852.5,12872.5,12815.0,12:00,above_vah,inside_14_only,above_week_vah,neg,pos
short,2021-01-14 11:35:00-05:00,2021-01-14,2021-01-14 12:45:00-05:00,tp,12976.875,12936.303571428572,12977.0,13004.035714285714,12936.178571428572,13.785714285714286,0.7183098591549296,-438,-55,5,12987.25,12996.0,40.57142857142753,811.4285714285506,806.9285714285506,12995.0,13017.5,12977.5,13086.92660829321,12871.922731502777,,,12852.5,12872.5,12815.0,11:00,below_val,inside_14_only,above_week_vah,neg,pos
short,2021-01-14 15:45:00-05:00,2021-01-14,2021-01-14 16:55:00-05:00,eod,12919.125,12899.875,12919.25,12956.80357142857,12864.892857142859,16.803571428571427,0.896551724137931,-764,-10,36,12922.75,12932.75,19.25,385.0,380.5,12980.0,13005.0,12947.5,13098.630225345973,12860.230605593568,,,12852.5,12872.5,12815.0,15:00,below_val,inside_14_only,above_week_vah,neg,pos
short,2021-01-15 10:00:00-05:00,2021-01-15,2021-01-15 10:20:00-05:00,tp,12857.625,12758.982142857141,12857.75,12933.19642857143,12758.857142857141,23.446428571428573,0.7972350230414746,-1090,-191,77,12888.25,12911.25,98.6428571428587,1972.857142857174,1968.357142857174,12915.0,12920.0,12880.0,12948.094179921089,12841.692359992801,,,12852.5,12872.5,12815.0,10:00,below_val,inside_14_only,in_week_va,neg,pos
short,2021-01-29 12:45:00-05:00,2021-01-29,2021-01-29 13:25:00-05:00,sl,12833.125,12933.232142857143,12833.25,12933.107142857143,12696.035714285714,37.357142857142854,0.7790262172284644,-1120,-229,47,12857.75,12884.25,-100.10714285714312,-2002.1428571428623,-2006.6428571428623,13005.0,13105.0,12980.0,13239.774142805432,13022.75194181378,,,12970.0,13000.0,12875.0,12:00,below_val,outside_both,below_week_val,neg,pos
short,2021-01-19 11:10:00-05:00,2021-01-19,2021-01-19 12:00:00-05:00,sl,12862.375,12910.92857142857,12862.5,12910.80357142857,12793.392857142859,20.803571428571427,0.8,-549,-54,7,12866.0,12873.5,-48.55357142857065,-971.071428571413,-975.571428571413,12877.5,12915.0,12872.5,13006.64186714297,12704.56271968596,,,12727.5,12875.0,12525.0,11:00,below_val,inside_14_only,in_week_va,neg,pos
short,2021-01-27 16:05:00-05:00,2021-01-27,2021-01-27 16:55:00-05:00,eod,12969.625,13061.875,12969.75,13212.0,12670.5,57.0,0.7203389830508474,-1023,-66,121,12995.75,13003.0,-92.25,-1845.0,-1849.5,13290.0,13392.5,13175.0,13638.146547534561,13304.634990631519,,,12970.0,13000.0,12875.0,16:00,below_val,outside_both,in_week_va,neg,pos
short,2021-01-27 14:45:00-05:00,2021-01-27,2021-01-27 15:35:00-05:00,tp,13149.375,13022.946428571428,13149.5,13240.964285714286,13022.821428571428,35.214285714285715,0.7175572519083969,-350,8,155,13160.75,13163.75,126.42857142857247,2528.5714285714494,2524.0714285714494,13290.0,13365.0,13207.5,13622.887124167424,13319.71116242397,,,12970.0,13000.0,12875.0,14:00,below_val,outside_both,above_week_vah,pos,pos
short,2021-01-20 11:05:00-05:00,2021-01-20,2021-01-20 11:20:00-05:00,sl,13208.875,13243.625,13209.0,13243.5,13158.0,16.5,0.8045977011494253,-829,-143,8,13221.0,13230.0,-34.75,-695.0,-699.5,13230.0,13247.5,13122.5,13215.846252137393,12954.52944031791,,,12727.5,12875.0,12525.0,11:00,in_va,inside_14_only,above_week_vah,neg,pos
short,2021-01-21 12:05:00-05:00,2021-01-21,2021-01-21 13:30:00-05:00,sl,13350.125,13377.589285714286,13350.25,13377.464285714286,13309.071428571428,13.964285714285714,0.7058823529411765,-358,-110,51,13357.5,13368.75,-27.464285714286234,-549.2857142857247,-553.7857142857247,13370.0,13390.0,13330.0,13422.328411879274,13208.477079604085,,,12727.5,12875.0,12525.0,12:00,in_va,inside_14_only,above_week_vah,neg,pos
short,2021-01-25 13:50:00-05:00,2021-01-25,2021-01-25 15:50:00-05:00,sl,13417.875,13461.892857142857,13418.0,13461.767857142857,13352.464285714286,21.767857142857142,0.8252427184466019,-540,-134,6,13424.5,13432.75,-44.01785714285688,-880.3571428571377,-884.8571428571377,13520.0,13552.5,13372.5,,,,,12970.0,13000.0,12875.0,13:00,in_va,no_bands,above_week_vah,neg,pos
short,2021-01-25 15:10:00-05:00,2021-01-25,2021-01-25 15:45:00-05:00,sl,13393.125,13442.535714285714,13393.25,13442.410714285714,13326.678571428572,17.410714285714285,0.8561643835616438,-558,-115,7,13404.5,13415.75,-49.410714285713766,-988.2142857142753,-992.7142857142753,13432.5,13500.0,13300.0,,,,,12970.0,13000.0,12875.0,15:00,in_va,no_bands,above_week_vah,neg,pos
short,2021-01-26 11:40:00-05:00,2021-01-26,2021-01-26 13:40:00-05:00,sl,13470.625,13511.535714285714,13470.75,13511.410714285714,13408.428571428572,21.660714285714285,0.8607594936708861,-509,-16,34,13481.75,13491.0,-40.910714285713766,-818.2142857142753,-822.7142857142753,13495.0,13515.0,13460.0,13554.16176986727,13403.46914309485,,,12970.0,13000.0,12875.0,11:00,in_va,inside_14_only,above_week_vah,neg,pos
short,2021-01-26 15:30:00-05:00,2021-01-26,2021-01-26 16:00:00-05:00,sl,13491.375,13518.5,13491.5,13518.375,13452.5,12.125,0.8,-411,-4,-13,13493.0,13503.75,-27.125,-542.5,-547.0,13490.0,13507.5,13462.5,13584.208516375877,13373.486973737692,,,12970.0,13000.0,12875.0,15:00,in_va,inside_14_only,above_week_vah,neg,neg
short,2021-01-28 15:25:00-05:00,2021-01-28,2021-01-28 15:55:00-05:00,tp,13258.125,13177.732142857141,13258.25,13312.57142857143,13177.607142857141,26.321428571428573,0.8053097345132744,-201,-4,101,13262.0,13277.75,80.3928571428587,1607.857142857174,1603.357142857174,13275.0,13392.5,13107.5,13276.673628044024,12941.18938172182,,,12970.0,13000.0,12875.0,15:00,in_va,inside_14_only,above_week_vah,neg,pos
short,2021-01-29 11:10:00-05:00,2021-01-29,2021-01-29 12:35:00-05:00,tp,13017.625,12889.910714285714,13017.75,13105.857142857143,12889.785714285714,39.857142857142854,0.8957345971563981,-574,-110,4,13024.0,13075.0,127.71428571428623,2554.2857142857247,2549.7857142857247,13070.0,13137.5,13022.5,13257.569431225478,13005.012467688208,,,12970.0,13000.0,12875.0,11:00,below_val,inside_14_only,above_week_vah,neg,pos
short,2021-01-29 14:30:00-05:00,2021-01-29,2021-01-29 15:00:00-05:00,sl,12891.625,12968.125,12891.75,12968.0,12780.0,35.5,0.7908163265306123,-480,-85,29,12917.5,12944.0,-76.5,-1530.0,-1534.5,13005.0,13145.0,12970.0,13254.473483780295,13008.098704803426,,,12970.0,13000.0,12875.0,14:00,below_val,outside_both,in_week_va,neg,pos
short,2021-02-01 10:50:00-05:00,2021-02-01,2021-02-01 11:30:00-05:00,sl,13069.875,13167.392857142857,13070.0,13167.267857142857,12929.214285714286,43.517857142857146,0.851063829787234,-953,-84,-4,13075.5,13085.0,-97.51785714285688,-1950.3571428571377,-1954.8571428571377,13045.0,13097.5,12995.0,13108.19345824713,12814.59277444204,,,13370.0,13422.5,13127.5,10:00,in_va,inside_14_only,below_week_val,neg,neg
short,2021-02-01 13:35:00-05:00,2021-02-01,2021-02-01 16:55:00-05:00,eod,13239.875,13235.375,13240.0,13278.19642857143,13185.107142857141,16.696428571428573,0.8415841584158416,-363,-134,1,13245.25,13254.0,4.5,90.0,85.5,13045.0,13160.0,12932.5,13165.639073449809,12757.943822944813,,,13370.0,13422.5,13127.5,13:00,above_vah,outside_both,in_week_va,neg,pos
short,2021-02-02 13:15:00-05:00,2021-02-02,2021-02-02 13:35:00-05:00,sl,13433.875,13466.732142857143,13434.0,13466.607142857143,13390.285714285714,11.107142857142858,0.8351648351648352,-481,-34,-12,13450.0,13453.75,-32.85714285714312,-657.1428571428623,-661.6428571428623,13397.5,13432.5,13335.0,13486.827794990677,13101.85145210355,,,13370.0,13422.5,13127.5,13:00,above_vah,inside_14_only,above_week_vah,neg,neg
short,2021-02-03 10:25:00-05:00,2021-02-03,2021-02-03 12:00:00-05:00,sl,13397.125,13475.42857142857,13397.25,13475.30357142857,13281.142857142859,38.05357142857143,0.7942857142857143,-371,-117,48,13426.25,13435.5,-78.30357142857065,-1566.071428571413,-1570.571428571413,13530.0,13547.5,13482.5,13571.649712703913,13457.949686134025,,,13370.0,13422.5,13127.5,10:00,below_val,outside_both,in_week_va,neg,pos
short,2021-02-04 10:00:00-05:00,2021-02-04,2021-02-04 12:00:00-05:00,sl,13392.875,13465.30357142857,13393.0,13465.17857142857,13293.892857142859,26.928571428571427,0.9408602150537635,-730,-32,20,13412.25,13435.0,-72.42857142857065,-1448.571428571413,-1453.071428571413,13437.5,13452.5,13420.0,13490.860619929907,13374.242094060553,,,13370.0,13422.5,13127.5,10:00,below_val,inside_14_only,in_week_va,neg,pos
short,2021-02-05 10:15:00-05:00,2021-02-05,2021-02-05 10:50:00-05:00,sl,13528.125,13568.910714285714,13528.25,13568.785714285714,13468.678571428572,19.035714285714285,0.7647058823529411,-333,-170,45,13528.5,13538.75,-40.785714285713766,-815.7142857142753,-820.2142857142753,13552.5,13587.5,13540.0,13641.11817640627,13512.232442520799,,,13370.0,13422.5,13127.5,10:00,below_val,inside_14_only,above_week_vah,neg,pos
short,2021-02-18 10:05:00-05:00,2021-02-18,2021-02-18 13:15:00-05:00,sl,13510.125,13573.785714285714,13510.25,13573.660714285714,13420.428571428572,26.410714285714285,0.7696629213483146,-623,-43,5,13519.5,13528.0,-63.660714285713766,-1273.2142857142753,-1277.7142857142753,13560.0,13625.0,13527.5,13731.918835420285,13511.950795726687,,,13440.0,13610.0,13382.5,10:00,below_val,outside_both,in_week_va,neg,pos
short,2021-02-10 10:40:00-05:00,2021-02-10,2021-02-10 14:25:00-05:00,sl,13529.625,13653.25,13529.75,13653.125,13365.75,40.625,0.7258485639686684,-1026,-20,56,13538.25,13548.75,-123.625,-2472.5,-2477.0,13742.5,13762.5,13687.5,13802.070516335923,13638.12454811633,,,13487.5,13557.5,13130.0,10:00,below_val,outside_both,in_week_va,neg,pos
short,2021-02-08 10:20:00-05:00,2021-02-08,2021-02-08 16:55:00-05:00,eod,13646.375,13685.625,13646.5,13690.160714285714,13582.678571428572,20.160714285714285,0.8846153846153846,-912,-39,8,13659.5,13674.25,-39.25,-785.0,-789.5,13647.5,13672.5,13642.5,13728.628256256501,13541.408159957171,,,13487.5,13557.5,13130.0,10:00,in_va,inside_14_only,above_week_vah,neg,pos
short,2021-02-08 11:30:00-05:00,2021-02-08,2021-02-08 15:40:00-05:00,sl,13612.375,13656.19642857143,13612.5,13656.07142857143,13554.107142857141,14.821428571428571,0.7463768115942029,-833,-23,5,13637.75,13647.0,-43.82142857142935,-876.428571428587,-880.928571428587,13645.0,13670.0,13642.5,13759.53390563429,13510.644417064224,,,13487.5,13557.5,13130.0,11:00,below_val,inside_14_only,above_week_vah,neg,pos
short,2021-02-10 10:20:00-05:00,2021-02-10,2021-02-10 16:55:00-05:00,eod,13578.625,13664.375,13578.75,13701.42857142857,13429.642857142859,26.428571428571427,0.897196261682243,-1013,-174,6,13637.25,13646.25,-85.75,-1715.0,-1719.5,13742.5,13747.5,13720.0,13806.728481835333,13633.48183518723,,,13487.5,13557.5,13130.0,10:00,below_val,outside_both,above_week_vah,neg,pos
short,2021-02-09 15:20:00-05:00,2021-02-09,2021-02-09 15:55:00-05:00,tp,13693.125,13667.517857142859,13693.25,13712.30357142857,13667.392857142859,6.803571428571429,0.8245614035087719,-348,-56,7,13699.0,13705.0,25.607142857141298,512.142857142826,507.64285714282596,13682.5,13707.5,13665.0,13818.886421488163,13512.751003907633,,,13487.5,13557.5,13130.0,15:00,in_va,inside_14_only,above_week_vah,neg,pos
short,2021-02-10 10:10:00-05:00,2021-02-10,2021-02-10 10:20:00-05:00,tp,13703.125,13639.267857142859,13703.25,13750.17857142857,13639.142857142859,17.178571428571427,0.8688524590163934,-809,-112,8,13714.25,13728.5,63.8571428571413,1277.142857142826,1272.642857142826,13742.5,13747.5,13722.5,13787.224526087022,13652.92192497166,,,13487.5,13557.5,13130.0,10:00,below_val,inside_14_only,above_week_vah,neg,pos
short,2021-02-17 11:15:00-05:00,2021-02-17,2021-02-17 12:30:00-05:00,sl,13557.625,13624.125,13557.75,13624.0,13459.5,32.0,0.9078014184397163,-1362,-43,36,13585.5,13594.0,-66.5,-1330.0,-1334.5,13635.0,13687.5,13587.5,13811.773449773149,13582.45630252223,,,13440.0,13610.0,13382.5,11:00,below_val,outside_both,in_week_va,neg,pos
short,2021-02-11 09:50:00-05:00,2021-02-11,2021-02-11 10:50:00-05:00,sl,13689.375,13739.339285714286,13689.5,13739.214285714286,13624.821428571428,14.964285714285714,0.7633136094674556,-959,-532,27,13702.5,13717.75,-49.964285714286234,-999.2857142857247,-1003.7857142857247,13710.0,13737.5,13687.5,13778.80820545788,13602.929639947668,,,13487.5,13557.5,13130.0,09:00,in_va,inside_14_only,above_week_vah,neg,pos
short,2021-02-11 12:15:00-05:00,2021-02-11,2021-02-11 16:55:00-05:00,eod,13677.875,13710.375,13678.0,13740.767857142857,13598.464285714286,16.767857142857142,0.9581151832460733,-862,-59,5,13687.0,13693.25,-32.5,-650.0,-654.5,13715.0,13735.0,13700.0,13822.721371273743,13559.186143547195,,,13487.5,13557.5,13130.0,12:00,below_val,inside_14_only,above_week_vah,neg,pos
short,2021-02-11 10:30:00-05:00,2021-02-11,2021-02-11 10:45:00-05:00,sl,13686.875,13733.964285714286,13687.0,13733.839285714286,13616.071428571428,24.089285714285715,0.7129629629629629,-758,-196,95,13691.5,13706.25,-47.089285714286234,-941.7857142857247,-946.2857142857247,13710.0,13727.5,13687.5,13784.570891078472,13597.189219893275,,,13487.5,13557.5,13130.0,10:00,below_val,inside_14_only,above_week_vah,neg,pos
short,2021-02-16 10:10:00-05:00,2021-02-16,2021-02-16 10:35:00-05:00,sl,13825.875,13874.642857142857,13826.0,13874.517857142857,13756.214285714286,21.267857142857142,0.7606837606837606,-684,-47,-56,13841.0,13856.0,-48.76785714285688,-975.3571428571377,-979.8571428571377,13852.5,13872.5,13835.0,13911.241772031624,13796.112188112707,,,13440.0,13610.0,13382.5,10:00,below_val,inside_14_only,above_week_vah,neg,neg
short,2021-02-16 11:45:00-05:00,2021-02-16,2021-02-16 16:55:00-05:00,eod,13763.125,13755.375,13763.25,13814.125,13690.0,22.375,0.9741379310344828,-643,-18,3,13765.75,13783.75,7.75,155.0,150.5,13852.5,13875.0,13822.5,13945.054044148645,13762.389492192364,,,13440.0,13610.0,13382.5,11:00,below_val,inside_14_only,above_week_vah,neg,pos
short,2021-02-18 12:00:00-05:00,2021-02-18,2021-02-18 12:25:00-05:00,sl,13507.125,13555.5,13507.25,13555.375,13437.25,21.875,0.9351851851851852,-586,-26,22,13514.5,13528.5,-48.375,-967.5,-972.0,13527.5,13575.0,13482.5,13760.812765312374,13483.383785858194,,,13440.0,13610.0,13382.5,12:00,in_va,inside_14_only,in_week_va,neg,pos
short,2021-02-19 09:45:00-05:00,2021-02-19,2021-02-19 11:00:00-05:00,sl,13648.125,13687.517857142857,13648.25,13687.392857142857,13592.964285714286,16.142857142857142,0.7327586206896551,-203,-305,28,13655.0,13686.25,-39.39285714285688,-787.8571428571377,-792.3571428571377,13667.5,13705.0,13610.0,13718.794981128263,13617.298222649715,,,13440.0,13610.0,13382.5,09:00,in_va,inside_14_only,above_week_vah,neg,pos
short,2021-02-19 14:20:00-05:00,2021-02-19,2021-02-19 16:55:00-05:00,eod,13569.375,13573.125,13569.5,13613.732142857143,13506.035714285714,19.232142857142858,0.8347826086956521,-570,-144,0,13575.5,13589.25,-3.75,-75.0,-79.5,13665.0,13715.0,13610.0,13751.322396248628,13584.903805137903,,,13440.0,13610.0,13382.5,14:00,below_val,outside_both,in_week_va,neg,zero
short,2021-02-22 10:15:00-05:00,2021-02-22,2021-02-22 15:25:00-05:00,tp,13373.875,13261.482142857141,13374.0,13454.07142857143,13261.357142857141,32.57142857142857,0.8181818181818182,-744,-78,1,13401.0,13427.75,112.3928571428587,2247.857142857174,2243.357142857174,13407.5,13437.5,13375.0,13606.251123561797,13358.444127429682,,,13667.5,13735.0,13645.0,10:00,below_val,inside_14_only,below_week_val,neg,pos
short,2021-02-23 09:35:00-05:00,2021-02-23,2021-02-23 10:20:00-05:00,sl,12878.625,12992.285714285714,12878.75,12992.160714285714,12737.178571428572,28.160714285714285,0.7936962750716332,-665,-24,248,12946.5,12994.5,-113.66071428571377,-2273.2142857142753,-2277.7142857142753,12985.0,13212.5,12942.5,13237.353157472104,12984.419580688596,,,13667.5,13735.0,13645.0,09:00,below_val,outside_both,below_week_val,neg,pos
short,2021-02-23 11:40:00-05:00,2021-02-23,2021-02-23 14:05:00-05:00,sl,12987.125,13073.75,12987.25,13073.625,12857.5,43.375,0.8219895287958116,-465,-100,50,13005.0,13029.5,-86.625,-1732.5,-1737.0,13010.0,13127.5,12880.0,13269.073014255682,12953.228748065123,,,13667.5,13735.0,13645.0,11:00,in_va,inside_14_only,below_week_val,neg,pos
short,2021-02-25 12:50:00-05:00,2021-02-25,2021-02-25 14:05:00-05:00,sl,12876.875,12975.267857142857,12877.0,12975.142857142857,12733.464285714286,45.392857142857146,0.8457943925233645,-918,-20,-2,12886.0,12904.5,-98.39285714285688,-1967.8571428571377,-1972.3571428571377,13142.5,13310.0,13077.5,13389.94806725008,13105.06489309202,,,13667.5,13735.0,13645.0,12:00,below_val,outside_both,below_week_val,neg,neg
short,2021-02-24 09:40:00-05:00,2021-02-24,2021-02-24 11:10:00-05:00,sl,13028.625,13128.589285714286,13028.75,13128.464285714286,12880.571428571428,48.464285714285715,0.7374517374517374,-344,-114,9,13035.25,13064.0,-99.96428571428623,-1999.2857142857247,-2003.7857142857247,13090.0,13207.5,13037.5,13193.769498915331,13037.711363371132,,,13667.5,13735.0,13645.0,09:00,below_val,outside_both,below_week_val,neg,pos
short,2021-02-24 10:00:00-05:00,2021-02-24,2021-02-24 10:55:00-05:00,sl,12974.875,13106.19642857143,12975.0,13106.07142857143,12786.357142857141,57.57142857142857,0.7475409836065574,-390,-139,285,13015.25,13029.0,-131.32142857142935,-2626.428571428587,-2630.928571428587,13090.0,13182.5,13010.0,13200.500043309914,13031.02366017686,,,13667.5,13735.0,13645.0,10:00,below_val,outside_both,below_week_val,neg,pos
short,2021-02-25 12:25:00-05:00,2021-02-25,2021-02-25 13:00:00-05:00,tp,12944.875,12816.053571428572,12945.0,13030.410714285714,12815.928571428572,43.660714285714285,0.841025641025641,-686,-315,8,12958.0,12975.5,128.82142857142753,2576.4285714285506,2571.9285714285506,13142.5,13285.0,13077.5,13388.69260005552,13106.307748093603,,,13667.5,13735.0,13645.0,12:00,below_val,outside_both,below_week_val,neg,pos
short,2021-02-25 11:40:00-05:00,2021-02-25,2021-02-25 12:30:00-05:00,tp,13042.125,12937.446428571428,13042.25,13107.964285714286,12937.321428571428,39.214285714285715,0.7142857142857143,-518,-193,29,13053.75,13080.25,104.67857142857247,2093.5714285714494,2089.0714285714494,13142.5,13262.5,13105.0,13373.793565707627,13121.057109477395,,,13667.5,13735.0,13645.0,11:00,below_val,outside_both,below_week_val,neg,pos
short,2021-02-26 09:50:00-05:00,2021-02-26,2021-02-26 10:25:00-05:00,tp,12893.625,12755.375,12893.75,12990.75,12755.25,41.5,0.7644787644787645,-703,-206,50,12929.25,12985.0,138.25,2765.0,2760.5,12947.5,13002.5,12787.5,13021.734871846491,12719.892567896939,,,13667.5,13735.0,13645.0,09:00,in_va,inside_14_only,below_week_val,neg,pos
short,2021-02-26 12:55:00-05:00,2021-02-26,2021-02-26 16:00:00-05:00,tp,12996.625,12883.803571428572,12996.75,13072.660714285714,12883.678571428572,37.160714285714285,0.7157360406091371,-487,-50,11,13008.25,13023.75,112.82142857142753,2256.4285714285506,2251.9285714285506,12850.0,12967.5,12755.0,13053.154692029419,12688.872386043722,,,13667.5,13735.0,13645.0,12:00,above_vah,inside_14_only,below_week_val,neg,pos
short,2021-02-26 15:25:00-05:00,2021-02-26,2021-02-26 15:45:00-05:00,sl,12962.375,13031.589285714286,12962.5,13031.464285714286,12856.571428571428,36.964285714285715,0.8881118881118881,-238,-63,3,12975.5,12991.25,-69.21428571428623,-1384.2857142857247,-1388.7857142857247,12945.0,13057.5,12837.5,13098.010758154927,12644.58685798111,,,13667.5,13735.0,13645.0,15:00,in_va,inside_14_only,below_week_val,neg,pos
short,2021-03-02 10:25:00-05:00,2021-03-02,2021-03-02 16:55:00-05:00,eod,13157.125,13054.875,13157.25,13245.625,13030.75,38.125,0.8439024390243902,-1255,-33,-48,13179.25,13190.5,102.25,2045.0,2040.5,13222.5,13260.0,13190.0,13354.972209502395,13256.57856723313,,,13657.5,13720.0,13505.0,10:00,below_val,outside_both,below_week_val,neg,neg
short,2021-03-02 10:10:00-05:00,2021-03-02,2021-03-02 15:40:00-05:00,tp,13201.375,13093.446428571428,13201.5,13279.089285714286,13093.321428571428,30.589285714285715,0.72,-1144,-349,105,13212.0,13227.5,107.92857142857247,2158.5714285714494,2154.0714285714494,13222.5,13267.5,13195.0,13359.706642009174,13251.850002094263,,,13657.5,13720.0,13505.0,10:00,in_va,outside_both,below_week_val,neg,pos
short,2021-03-02 15:50:00-05:00,2021-03-02,2021-03-02 16:55:00-05:00,eod,13072.125,13054.875,13072.25,13134.69642857143,12984.357142857141,25.446428571428573,0.7039106145251397,-453,-215,-40,13098.25,13126.5,17.25,345.0,340.5,13150.0,13237.5,13135.0,13464.161505852691,13147.524588848119,,,13657.5,13720.0,13505.0,15:00,below_val,outside_both,below_week_val,neg,neg
short,2021-03-02 15:15:00-05:00,2021-03-02,2021-03-02 16:55:00-05:00,eod,13118.125,13054.875,13118.25,13188.875,13024.75,22.875,0.826530612244898,-681,-24,38,13121.5,13139.0,63.25,1265.0,1260.5,13150.0,13232.5,13135.0,13460.439219668551,13151.242262014226,,,13657.5,13720.0,13505.0,15:00,below_val,outside_both,below_week_val,neg,pos
short,2021-03-02 14:05:00-05:00,2021-03-02,2021-03-02 15:40:00-05:00,tp,13165.375,13100.303571428572,13165.5,13210.910714285714,13100.178571428572,19.910714285714285,0.883495145631068,-364,-11,4,13176.25,13185.75,65.07142857142753,1301.4285714285506,1296.9285714285506,13187.5,13252.5,13150.0,13417.30049733672,13194.327522657724,,,13657.5,13720.0,13505.0,14:00,in_va,outside_both,below_week_val,neg,pos
short,2021-03-03 10:10:00-05:00,2021-03-03,2021-03-03 11:30:00-05:00,sl,12842.125,12963.517857142857,12842.25,12963.392857142857,12677.464285714286,43.642857142857146,0.9333333333333333,-1147,-19,25,12882.0,12907.75,-121.39285714285688,-2427.8571428571377,-2432.3571428571377,13000.0,13132.5,12925.0,13100.185761537537,12967.460415293468,,,13657.5,13720.0,13505.0,10:00,below_val,outside_both,below_week_val,neg,pos
short,2021-03-03 11:55:00-05:00,2021-03-03,2021-03-03 13:45:00-05:00,tp,12891.875,12788.553571428572,12892.0,12963.535714285714,12788.428571428572,32.035714285714285,0.8292682926829268,-370,-37,92,12893.5,12923.5,103.32142857142753,2066.4285714285506,2061.9285714285506,12935.0,13022.5,12825.0,13135.150940753054,12932.607726744342,,,13657.5,13720.0,13505.0,11:00,in_va,outside_both,below_week_val,neg,pos
short,2021-03-03 15:50:00-05:00,2021-03-03,2021-03-03 16:55:00-05:00,eod,12688.125,12677.625,12688.25,12779.285714285714,12561.178571428572,36.035714285714285,0.869198312236287,-1022,-80,-5,12691.0,12715.0,10.5,210.0,205.5,12852.5,13050.0,12745.0,13213.669355500488,12854.341922994392,,,13657.5,13720.0,13505.0,15:00,below_val,outside_both,below_week_val,neg,neg
short,2021-03-04 09:45:00-05:00,2021-03-04,2021-03-04 11:00:00-05:00,sl,12614.625,12762.75,12614.75,12762.625,12430.0,36.875,0.9094922737306843,-1040,-26,-1,12633.25,12643.75,-148.125,-2962.5,-2967.0,12652.5,12690.0,12585.0,12734.993532435627,12606.816557432629,,,13657.5,13720.0,13505.0,09:00,in_va,inside_14_only,below_week_val,neg,neg
short,2021-03-04 13:45:00-05:00,2021-03-04,2021-03-04 14:45:00-05:00,sl,12383.125,12499.80357142857,12383.25,12499.67857142857,12206.142857142859,60.67857142857143,0.7276119402985075,-1127,-177,42,12411.0,12450.75,-116.67857142857065,-2333.571428571413,-2338.071428571413,12600.0,12737.5,12540.0,12795.710483460629,12546.163065260007,,,13657.5,13720.0,13505.0,13:00,below_val,outside_both,below_week_val,neg,pos
short,2021-03-08 13:55:00-05:00,2021-03-08,2021-03-08 14:30:00-05:00,sl,12423.625,12485.625,12423.75,12485.5,12330.75,31.25,0.7785234899328859,-490,-194,17,12448.75,12458.0,-62.0,-1240.0,-1244.5,12565.0,12670.0,12520.0,12787.761678242226,12500.172733055908,,,12985.0,13222.5,12800.0,13:00,below_val,outside_both,below_week_val,neg,pos
short,2021-03-08 12:55:00-05:00,2021-03-08,2021-03-08 14:00:00-05:00,tp,12523.375,12416.410714285714,12523.5,12593.232142857143,12416.285714285714,37.482142857142854,0.8857142857142857,-500,-87,39,12539.0,12561.25,106.96428571428623,2139.2857142857247,2134.7857142857247,12632.5,12675.0,12527.5,12765.411435864686,12522.492503852262,,,12985.0,13222.5,12800.0,12:00,below_val,inside_14_only,below_week_val,neg,pos
short,2021-03-08 15:15:00-05:00,2021-03-08,2021-03-08 16:55:00-05:00,eod,12337.125,12333.625,12337.25,12411.857142857143,12229.535714285714,33.107142857142854,0.75,-959,-263,135,12349.5,12360.75,3.5,70.0,65.5,12565.0,12685.0,12500.0,12812.980846918741,12474.987947359808,,,12985.0,13222.5,12800.0,15:00,below_val,outside_both,below_week_val,neg,pos
short,2021-03-09 10:45:00-05:00,2021-03-09,2021-03-09 12:05:00-05:00,sl,12701.875,12778.55357142857,12702.0,12778.42857142857,12588.892857142859,36.67857142857143,0.84375,-1160,-4,-52,12721.25,12735.0,-76.67857142857065,-1533.571428571413,-1538.071428571413,12560.0,12747.5,12525.0,12693.829105427518,12250.770543704795,,,12985.0,13222.5,12800.0,10:00,in_va,outside_both,below_week_val,neg,neg
short,2021-03-09 14:15:00-05:00,2021-03-09,2021-03-09 15:10:00-05:00,sl,12819.125,12858.875,12819.25,12858.75,12764.0,15.75,0.7767857142857143,-406,-1,17,12837.0,12854.25,-39.75,-795.0,-799.5,12735.0,12797.5,12552.5,12740.97160054645,12204.65900149972,,,12985.0,13222.5,12800.0,14:00,above_vah,outside_both,in_week_va,neg,pos
short,2021-03-10 09:30:00-05:00,2021-03-10,2021-03-10 10:25:00-05:00,tp,12920.875,12791.732142857141,12921.0,13009.94642857143,12791.607142857141,40.44642857142857,0.8060344827586207,-1026,-186,43,12950.25,12957.25,129.1428571428587,2582.857142857174,2578.357142857174,12750.0,12840.0,12707.5,12972.388003572547,12783.42628523177,,,12985.0,13222.5,12800.0,09:00,above_vah,inside_14_only,in_week_va,neg,pos
short,2021-03-10 10:20:00-05:00,2021-03-10,2021-03-10 16:55:00-05:00,eod,12846.875,12788.375,12847.0,12943.089285714286,12705.571428571428,45.339285714285715,0.7171314741035857,-981,-366,5,12870.5,12893.75,58.5,1170.0,1165.5,12935.0,12992.5,12785.0,13050.69609428007,12706.203647228429,,,12985.0,13222.5,12800.0,10:00,in_va,inside_14_only,in_week_va,neg,pos
short,2021-03-10 12:35:00-05:00,2021-03-10,2021-03-10 12:50:00-05:00,sl,12750.125,12826.25,12750.25,12826.125,12640.75,33.625,0.725,-551,-171,56,12754.0,12784.5,-76.125,-1522.5,-1527.0,12805.0,12882.5,12725.0,13096.171541432786,12661.358549336433,,,12985.0,13222.5,12800.0,12:00,in_va,inside_14_only,below_week_val,neg,pos
short,2021-03-10 12:25:00-05:00,2021-03-10,2021-03-10 16:55:00-05:00,eod,12783.875,12788.375,12784.0,12848.57142857143,12686.107142857141,33.32142857142857,0.7894736842105263,-647,-277,6,12810.0,12825.25,-4.5,-90.0,-94.5,12827.5,12885.0,12725.0,13086.23286484884,12671.159462845368,,,12985.0,13222.5,12800.0,12:00,in_va,inside_14_only,below_week_val,neg,pos
short,2021-03-16 12:10:00-04:00,2021-03-16,2021-03-16 14:05:00-04:00,tp,13219.125,13155.982142857141,13219.25,13264.19642857143,13155.857142857141,18.446428571428573,0.9357798165137615,-839,-44,0,13223.25,13242.25,63.1428571428587,1262.857142857174,1258.357142857174,13265.0,13287.5,13155.0,13300.61215718989,12932.571768090973,,,12455.0,12985.0,12215.0,12:00,in_va,inside_14_only,above_week_vah,neg,zero
short,2021-03-17 11:30:00-04:00,2021-03-17,2021-03-17 14:00:00-04:00,sl,12981.875,13036.035714285714,12982.0,13035.910714285714,12898.928571428572,29.160714285714285,0.8407079646017699,-400,-47,14,12991.25,13003.0,-54.160714285713766,-1083.2142857142753,-1087.7142857142753,13005.0,13060.0,12975.0,13285.406935939423,12876.312507116943,,,12455.0,12985.0,12215.0,11:00,in_va,inside_14_only,in_week_va,neg,pos
short,2021-03-18 12:55:00-04:00,2021-03-18,2021-03-18 13:25:00-04:00,sl,12900.375,12960.785714285714,12900.5,12960.660714285714,12816.678571428572,23.660714285714285,0.7804878048780488,-1002,-311,87,12927.25,12943.25,-60.410714285713766,-1208.2142857142753,-1212.7142857142753,12965.0,13000.0,12930.0,13282.384320543373,12868.741284093188,,,12455.0,12985.0,12215.0,12:00,below_val,inside_14_only,in_week_va,neg,pos
short,2021-03-25 10:45:00-04:00,2021-03-25,2021-03-25 12:25:00-04:00,sl,12675.125,12768.267857142857,12675.25,12768.142857142857,12541.714285714286,40.642857142857146,0.7616822429906542,-808,-36,115,12681.75,12710.75,-93.14285714285688,-1862.8571428571377,-1867.3571428571377,12732.5,12805.0,12705.0,12877.862636170436,12636.139568967059,12869.696090677215,12644.256014911889,12785.0,12975.0,12607.5,10:00,below_val,inside_both,in_week_va,neg,pos
short,2021-03-19 14:15:00-04:00,2021-03-19,2021-03-19 16:55:00-04:00,eod,12840.625,12825.625,12840.75,12888.0,12772.75,20.75,0.7751937984496124,-310,-247,-6,12841.5,12852.25,15.0,300.0,295.5,12855.0,12880.0,12782.5,12939.847470168337,12627.057766655722,,,12455.0,12985.0,12215.0,14:00,in_va,inside_14_only,in_week_va,neg,neg
short,2021-03-24 10:15:00-04:00,2021-03-24,2021-03-24 10:50:00-04:00,sl,12916.625,12996.875,12916.75,12996.75,12808.5,28.25,0.7792207792207793,-861,-329,100,12946.0,12961.75,-80.25,-1605.0,-1609.5,13042.5,13120.0,12997.5,13124.771798266362,12976.395589437467,13134.111320280821,12967.085006132842,12785.0,12975.0,12607.5,10:00,below_val,outside_both,in_week_va,neg,pos
short,2021-03-24 09:45:00-04:00,2021-03-24,2021-03-24 11:25:00-04:00,sl,12970.625,13041.25,12970.75,13041.125,12881.75,18.625,0.7607655502392344,-1216,-15,204,12992.0,12999.75,-70.625,-1412.5,-1417.0,13042.5,13102.5,13012.5,13100.95152568897,13000.142054387952,13118.047698072136,12983.098854862617,12785.0,12975.0,12607.5,09:00,below_val,outside_both,in_week_va,neg,pos
short,2021-03-22 13:00:00-04:00,2021-03-22,2021-03-22 15:30:00-04:00,tp,13136.375,13094.803571428572,13136.5,13165.535714285714,13094.678571428572,12.785714285714286,0.8208955223880597,-545,-37,-2,13141.5,13146.75,41.57142857142753,831.4285714285506,826.9285714285506,13015.0,13062.5,12872.5,13032.16265573448,12722.413212064852,,,12785.0,12975.0,12607.5,13:00,above_vah,outside_both,above_week_vah,neg,neg
short,2021-03-22 13:25:00-04:00,2021-03-22,2021-03-22 14:30:00-04:00,sl,13119.375,13146.839285714286,13119.5,13146.714285714286,13078.571428571428,13.714285714285714,0.7361111111111112,-511,-138,10,13121.5,13126.75,-27.464285714286234,-549.2857142857247,-553.7857142857247,13015.0,13072.5,12872.5,13047.098614719751,12707.595959771186,,,12785.0,12975.0,12607.5,13:00,above_vah,outside_both,above_week_vah,neg,pos
short,2021-03-23 12:10:00-04:00,2021-03-23,2021-03-23 13:10:00-04:00,sl,13084.875,13130.67857142857,13085.0,13130.55357142857,13014.142857142859,25.303571428571427,0.76,-294,-124,24,13098.75,13116.5,-45.80357142857065,-916.071428571413,-920.571428571413,13082.5,13127.5,13055.0,13243.226396237202,12932.783071822905,,,12785.0,12975.0,12607.5,12:00,in_va,inside_14_only,above_week_vah,neg,pos
short,2021-03-23 14:50:00-04:00,2021-03-23,2021-03-23 15:20:00-04:00,tp,13071.875,13003.053571428572,13072.0,13120.035714285714,13002.928571428572,21.035714285714285,0.9224137931034483,-380,-4,1,13074.0,13103.75,68.82142857142753,1376.4285714285506,1371.9285714285506,13092.5,13127.5,13067.5,13255.263935068797,12920.792807422227,,,12785.0,12975.0,12607.5,14:00,in_va,inside_14_only,above_week_vah,neg,pos
short,2021-03-23 14:55:00-04:00,2021-03-23,2021-03-23 16:55:00-04:00,eod,13043.125,13030.375,13043.25,13097.57142857143,12966.857142857141,22.071428571428573,0.8712121212121212,-938,-61,3,13069.25,13087.75,12.75,255.0,250.5,13082.5,13125.0,13067.5,13257.186936010783,12918.877358586735,,,12785.0,12975.0,12607.5,14:00,below_val,inside_14_only,above_week_vah,neg,pos
short,2021-03-24 15:30:00-04:00,2021-03-24,2021-03-24 16:55:00-04:00,eod,12840.375,12796.125,12840.5,12891.982142857143,12764.285714285714,24.732142857142858,0.7391304347826086,-472,-86,58,12857.75,12868.0,44.25,885.0,880.5,12960.0,13015.0,12862.5,13231.946481073144,12869.552989690466,13207.454623699101,12893.968958517667,12785.0,12975.0,12607.5,15:00,below_val,outside_both,in_week_va,neg,pos
short,2021-03-25 14:25:00-04:00,2021-03-25,2021-03-25 14:35:00-04:00,sl,12660.625,12718.464285714286,12660.75,12718.339285714286,12576.071428571428,27.089285714285715,0.7172413793103448,-272,-64,48,12666.25,12686.5,-57.839285714286234,-1156.7857142857247,-1161.2857142857247,12735.0,12812.5,12685.0,12915.551121829272,12598.682291976886,12906.16351419005,12608.012309181622,12785.0,12975.0,12607.5,14:00,below_val,inside_both,in_week_va,neg,pos
short,2021-03-26 12:55:00-04:00,2021-03-26,2021-03-26 13:20:00-04:00,sl,12827.875,12869.089285714286,12828.0,12868.964285714286,12766.071428571428,20.964285714285715,0.7319587628865979,-462,-215,28,12834.0,12851.0,-41.214285714286234,-824.2857142857247,-828.7857142857247,12815.0,12850.0,12782.5,12886.183923448078,12670.022232732079,12893.516163178172,12662.706042307209,12785.0,12975.0,12607.5,12:00,in_va,inside_both,in_week_va,neg,pos
short,2021-03-26 14:45:00-04:00,2021-03-26,2021-03-26 14:50:00-04:00,sl,12703.875,12777.857142857143,12704.0,12777.732142857143,12600.535714285714,29.732142857142858,0.7868852459016393,-526,-47,4,12712.75,12737.0,-73.98214285714312,-1479.6428571428623,-1484.1428571428623,12815.0,12855.0,12780.0,12921.61644862188,12634.667264680294,12912.702260599637,12643.56194072125,12785.0,12975.0,12607.5,14:00,below_val,inside_both,in_week_va,neg,pos
short,2021-03-30 10:15:00-04:00,2021-03-30,2021-03-30 10:40:00-04:00,sl,12794.875,12871.19642857143,12795.0,12871.07142857143,12690.607142857141,28.321428571428573,0.8960396039603961,-617,-26,37,12815.5,12830.5,-76.32142857142935,-1526.428571428587,-1530.928571428587,12835.0,12880.0,12812.5,13027.671882692928,12810.522071708938,13029.102712649928,12809.10125758923,12955.0,13260.0,12895.0,10:00,below_val,outside_both,below_week_val,neg,pos
short,2021-03-30 12:15:00-04:00,2021-03-30,2021-03-30 13:25:00-04:00,sl,12839.125,12878.0,12839.25,12877.875,12778.5,22.125,0.75,-466,-133,32,12842.0,12865.75,-38.875,-777.5,-782.0,12860.0,12882.5,12815.0,13037.953928257415,12800.31200066168,13064.729767445795,12773.723592863957,12955.0,13260.0,12895.0,12:00,in_va,inside_both,below_week_val,neg,pos
short,2021-03-30 15:50:00-04:00,2021-03-30,2021-03-30 16:55:00-04:00,eod,12856.375,12890.375,12856.5,12904.464285714286,12790.571428571428,17.964285714285715,0.8623188405797102,-581,-81,-2,12865.0,12874.5,-34.0,-680.0,-684.5,12860.0,12880.0,12817.5,13094.57607119422,12744.08621381732,13097.603934851764,12741.079545263769,12955.0,13260.0,12895.0,15:00,in_va,inside_both,below_week_val,neg,neg
short,2021-04-05 10:50:00-04:00,2021-04-05,2021-04-05 11:35:00-04:00,sl,13520.125,13551.535714285714,13520.25,13551.410714285714,13472.178571428572,16.910714285714285,0.9166666666666666,-530,-25,5,13524.0,13534.0,-31.410714285713766,-628.2142857142753,-632.7142857142753,13475.0,13537.5,13380.0,13495.524269935224,13251.248951002743,13497.066912229946,13249.716856247369,12790.0,13017.5,12640.0,10:00,in_va,outside_both,above_week_vah,neg,pos
short,2021-04-06 13:05:00-04:00,2021-04-06,2021-04-06 14:40:00-04:00,sl,13581.625,13613.482142857143,13581.75,13613.357142857143,13536.285714285714,13.857142857142858,0.9452054794520548,-671,-24,-1,13593.25,13601.5,-31.857142857143117,-637.1428571428623,-641.6428571428623,13585.0,13622.5,13557.5,13703.361957363679,13465.135734199399,13713.914810885357,13454.6082919459,12790.0,13017.5,12640.0,13:00,in_va,inside_both,above_week_vah,neg,neg
short,2021-04-07 11:20:00-04:00,2021-04-07,2021-04-07 12:30:00-04:00,tp,13610.625,13562.267857142859,13610.75,13644.67857142857,13562.142857142859,14.678571428571429,0.782051282051282,-440,-8,19,13620.5,13624.75,48.3571428571413,967.142857142826,962.642857142826,13607.5,13615.0,13555.0,13660.089607710748,13475.834343143217,13672.05372071705,13463.89731470614,12790.0,13017.5,12640.0,11:00,in_va,inside_both,above_week_vah,neg,pos
short,2021-04-20 11:15:00-04:00,2021-04-20,2021-04-20 16:55:00-04:00,eod,13753.625,13735.125,13753.75,13836.107142857143,13642.785714285714,28.607142857142858,0.9144144144144144,-1477,-75,29,13756.0,13765.5,18.5,370.0,365.5,13912.5,13925.0,13855.0,13951.275052657145,13816.807393078649,13983.62420745905,13784.504803923504,13730.0,13837.5,13585.0,11:00,below_val,outside_both,in_week_va,neg,pos
short,2021-04-13 10:15:00-04:00,2021-04-13,2021-04-13 14:50:00-04:00,sl,13915.875,13962.19642857143,13916.0,13962.07142857143,13850.107142857141,19.821428571428573,0.7155963302752294,-748,-61,100,13924.75,13930.0,-46.32142857142935,-926.428571428587,-930.928571428587,13930.0,13950.0,13817.5,13931.191175202404,13770.76286665854,13945.342983418761,13756.664343156406,12862.5,13110.0,12777.5,10:00,in_va,inside_both,above_week_vah,neg,pos
short,2021-04-14 10:25:00-04:00,2021-04-14,2021-04-14 11:25:00-04:00,tp,13921.625,13855.553571428572,13921.75,13965.285714285714,13855.428571428572,22.785714285714285,0.7238095238095238,-636,-198,31,13938.5,13958.0,66.07142857142753,1321.4285714285506,1316.9285714285506,13957.5,13977.5,13942.5,14047.701387726569,13910.331253769162,14057.532417830194,13900.505145332674,12862.5,13110.0,12777.5,10:00,below_val,inside_both,above_week_vah,neg,pos
short,2021-04-14 11:15:00-04:00,2021-04-14,2021-04-14 14:05:00-04:00,tp,13877.875,13805.339285714286,13878.0,13925.392857142857,13805.214285714286,25.392857142857142,0.9010989010989011,-714,-52,32,13889.0,13900.0,72.53571428571377,1450.7142857142753,1446.2142857142753,13957.5,13982.5,13927.5,14044.85541510798,13913.175801620484,14071.329050191822,13886.715419920914,12862.5,13110.0,12777.5,11:00,below_val,outside_both,above_week_vah,neg,pos
short,2021-04-14 13:55:00-04:00,2021-04-14,2021-04-14 16:55:00-04:00,eod,13831.125,13827.375,13831.25,13893.142857142857,13753.214285714286,16.142857142857142,0.7533632286995515,-1355,-112,14,13863.25,13871.75,3.75,75.0,70.5,13897.5,13960.0,13862.5,14047.452587837339,13910.579929102754,14106.208965504647,13851.852966392975,12862.5,13110.0,12777.5,13:00,below_val,outside_both,above_week_vah,neg,pos
short,2021-04-16 09:50:00-04:00,2021-04-16,2021-04-16 10:10:00-04:00,sl,13964.625,14016.660714285714,13964.75,14016.535714285714,13894.428571428572,18.535714285714285,0.8759124087591241,-1323,-39,-65,13971.0,13989.25,-52.035714285713766,-1040.7142857142753,-1045.2142857142753,13985.0,14015.0,13967.5,14074.181324829347,13963.668997148177,14095.745621547565,13942.165758629195,12862.5,13110.0,12777.5,09:00,below_val,inside_both,above_week_vah,neg,neg
short,2021-04-16 13:10:00-04:00,2021-04-16,2021-04-16 15:40:00-04:00,sl,14012.875,14037.982142857143,14013.0,14037.857142857143,13976.785714285714,11.357142857142858,0.7868852459016393,-360,-85,19,14014.5,14024.5,-25.107142857143117,-502.14285714286234,-506.64285714286234,13990.0,14022.5,13975.0,14112.269251681779,13925.688914305529,14155.251965232883,13882.827904101496,12862.5,13110.0,12777.5,13:00,in_va,inside_both,above_week_vah,neg,pos
short,2021-04-19 11:30:00-04:00,2021-04-19,2021-04-19 16:55:00-04:00,eod,13887.625,13894.125,13887.75,13954.285714285714,13793.178571428572,28.035714285714285,0.8265895953757225,-1030,-184,10,13906.75,13935.75,-6.5,-130.0,-134.5,13922.5,13995.0,13892.5,14079.983977839236,13909.00254887832,14118.32334483084,13870.825161884875,13730.0,13837.5,13585.0,11:00,below_val,inside_90_only,above_week_vah,neg,pos
short,2021-04-22 13:15:00-04:00,2021-04-22,2021-04-22 16:55:00-04:00,eod,13789.375,13761.625,13789.5,13878.625,13678.5,21.875,0.9228070175438596,-931,1,-6,13832.75,13837.5,27.75,555.0,550.5,13910.0,13927.5,13880.0,13976.305990302362,13815.99682844488,14019.65222354542,13772.680997746545,13730.0,13837.5,13585.0,13:00,below_val,inside_90_only,in_week_va,pos,neg
short,2021-04-22 09:40:00-04:00,2021-04-22,2021-04-22 10:25:00-04:00,sl,13873.875,13912.339285714286,13874.0,13912.214285714286,13822.571428571428,13.214285714285714,0.7117117117117117,-616,-284,133,13878.75,13890.75,-38.464285714286234,-769.2857142857247,-773.7857142857247,13892.5,13910.0,13885.0,13933.170034982924,13859.102528706097,13949.553894410017,13842.730160727777,13730.0,13837.5,13585.0,09:00,below_val,inside_both,above_week_vah,neg,pos
short,2021-04-22 15:05:00-04:00,2021-04-22,2021-04-22 16:55:00-04:00,eod,13743.625,13761.625,13743.75,13804.535714285714,13655.428571428572,27.535714285714285,0.8376623376623377,-639,-100,19,13753.0,13759.75,-18.0,-360.0,-364.5,13910.0,13940.0,13830.0,13994.44391624799,13797.87162422992,14037.439360658356,13754.906336325057,13730.0,13837.5,13585.0,15:00,below_val,outside_both,in_week_va,neg,pos
short,2021-05-03 11:10:00-04:00,2021-05-03,2021-05-03 16:55:00-04:00,eod,13796.375,13785.125,13796.5,13871.42857142857,13695.142857142859,26.428571428571427,0.8976744186046511,-1417,-46,8,13820.25,13828.25,11.25,225.0,220.5,13887.5,13917.5,13857.5,13974.426210296442,13806.03625495417,14000.794343687445,13779.762394982941,13872.5,13945.0,13777.5,11:00,below_val,inside_90_only,in_week_va,neg,pos
short,2021-04-23 12:25:00-04:00,2021-04-23,2021-04-23 12:45:00-04:00,sl,13922.875,13942.464285714286,13923.0,13942.339285714286,13892.071428571428,11.589285714285714,0.7,-249,-13,3,13924.25,13928.0,-19.589285714286234,-391.7857142857247,-396.2857142857247,13775.0,13865.0,13747.5,13836.203500847321,13701.861504960592,13876.42788445867,13661.680918086744,13730.0,13837.5,13585.0,12:00,above_vah,outside_both,above_week_vah,neg,pos
short,2021-04-23 14:15:00-04:00,2021-04-23,2021-04-23 14:50:00-04:00,sl,13940.875,13959.589285714286,13941.0,13959.464285714286,13915.571428571428,6.964285714285714,0.7818181818181819,-487,-126,17,13950.0,13951.0,-18.714285714286234,-374.2857142857247,-378.7857142857247,13952.5,13965.0,13810.0,13867.408669145529,13670.690313182145,13894.240780152091,13643.887417263963,13730.0,13837.5,13585.0,14:00,in_va,outside_both,above_week_vah,neg,pos
short,2021-04-26 15:25:00-04:00,2021-04-26,2021-04-26 16:05:00-04:00,sl,13994.875,14029.92857142857,13995.0,14029.80357142857,13952.142857142859,8.053571428571429,0.7936507936507936,-594,0,6,14006.75,14010.25,-35.05357142857065,-701.071428571413,-705.571428571413,13972.5,13987.5,13917.5,14043.50548594356,13793.731365140395,14076.205919177813,13761.101338695322,13985.0,14035.0,13867.5,15:00,above_vah,inside_both,in_week_va,zero,pos
short,2021-04-27 14:00:00-04:00,2021-04-27,2021-04-27 15:35:00-04:00,sl,13939.875,13969.660714285714,13940.0,13969.535714285714,13900.178571428572,10.285714285714286,0.9,-666,-18,11,13955.75,13960.75,-29.785714285713766,-595.7142857142753,-600.2142857142753,13960.0,13982.5,13922.5,14128.982679244502,13917.791416563525,14150.87528535583,13895.903883605126,13985.0,14035.0,13867.5,14:00,in_va,inside_both,in_week_va,neg,pos
short,2021-04-28 15:50:00-04:00,2021-04-28,2021-04-28 16:05:00-04:00,sl,13890.625,13939.214285714286,13890.75,13939.089285714286,13822.071428571428,20.339285714285715,0.7555555555555555,-804,-150,53,13906.75,13918.25,-48.589285714286234,-971.7857142857247,-976.2857142857247,13915.0,13950.0,13902.5,14070.269826270844,13820.072466165442,14090.810452688745,13799.547667978355,13985.0,14035.0,13867.5,15:00,below_val,inside_both,in_week_va,neg,pos
short,2021-04-29 11:30:00-04:00,2021-04-29,2021-04-29 12:05:00-04:00,tp,13904.625,13833.267857142859,13904.75,13952.30357142857,13833.142857142859,24.053571428571427,0.8640776699029126,-725,-135,22,13918.5,13932.0,71.3571428571413,1427.142857142826,1422.642857142826,14022.5,14065.0,13940.0,14116.366374265252,13895.271565567547,14130.916771670798,13880.79758559541,13985.0,14035.0,13867.5,11:00,below_val,inside_both,in_week_va,neg,pos
short,2021-04-30 13:45:00-04:00,2021-04-30,2021-04-30 16:55:00-04:00,eod,13856.875,13865.375,13857.0,13888.94642857143,13810.357142857141,14.696428571428571,0.7415730337078652,-480,-179,-12,13860.25,13872.0,-8.5,-170.0,-174.5,13887.5,13915.0,13870.0,14045.569149826097,13753.096275416114,14058.565033421872,13740.186594594228,13985.0,14035.0,13867.5,13:00,below_val,inside_both,below_week_val,neg,neg
short,2021-04-30 13:40:00-04:00,2021-04-30,2021-04-30 13:55:00-04:00,tp,13873.125,13826.089285714286,13873.25,13906.392857142857,13825.964285714286,14.142857142857142,0.9367088607594937,-308,0,6,13875.25,13893.25,47.035714285713766,940.7142857142753,936.2142857142753,13887.5,13915.0,13870.0,14042.649623208934,13755.99643657105,14054.770654137083,13743.955805446478,13985.0,14035.0,13867.5,13:00,in_va,inside_both,in_week_va,zero,pos
short,2021-04-30 15:50:00-04:00,2021-04-30,2021-04-30 16:40:00-04:00,sl,13830.375,13877.267857142857,13830.5,13877.142857142857,13765.714285714286,18.142857142857142,0.8359375,-565,-105,20,13834.75,13848.5,-46.89285714285688,-937.8571428571377,-942.3571428571377,13887.5,13912.5,13852.5,14061.76793868639,13737.00493446601,14084.788666320064,13714.136905228283,13985.0,14035.0,13867.5,15:00,below_val,inside_both,below_week_val,neg,pos
short,2021-05-03 10:35:00-04:00,2021-05-03,2021-05-03 11:10:00-04:00,tp,13898.875,13807.803571428572,13899.0,13963.535714285714,13807.678571428572,26.785714285714285,0.7044025157232704,-860,-89,81,13915.0,13925.25,91.07142857142753,1821.4285714285506,1816.9285714285506,13885.0,13910.0,13860.0,13977.007955471612,13803.463740236955,13992.107566736471,13788.418114287251,13872.5,13945.0,13777.5,10:00,in_va,inside_both,in_week_va,neg,pos
short,2021-05-03 12:25:00-04:00,2021-05-03,2021-05-03 16:55:00-04:00,eod,13794.125,13785.125,13794.25,13834.392857142857,13733.464285714286,20.642857142857142,0.7790697674418605,-499,-124,52,13796.25,13811.75,9.0,180.0,175.5,13887.5,13932.5,13837.5,14009.232906954807,13771.354001929205,14015.564740557977,13765.044806394431,13872.5,13945.0,13777.5,12:00,below_val,inside_both,in_week_va,neg,pos
short,2021-05-04 11:10:00-04:00,2021-05-04,2021-05-04 15:55:00-04:00,sl,13443.125,13521.32142857143,13443.25,13521.19642857143,13331.357142857141,33.94642857142857,0.8258706467661692,-1466,-286,31,13457.75,13489.25,-78.19642857142935,-1563.928571428587,-1568.428571428587,13535.0,13667.5,13460.0,13845.545979677609,13622.40421712449,13869.58213446335,13598.54678601416,13872.5,13945.0,13777.5,11:00,below_val,outside_both,below_week_val,neg,pos
short,2021-05-04 11:50:00-04:00,2021-05-04,2021-05-04 12:10:00-04:00,sl,13397.375,13443.767857142857,13397.5,13443.642857142857,13322.214285714286,29.142857142857142,0.7471264367816092,-254,-307,5,13401.0,13434.5,-46.39285714285688,-927.8571428571377,-932.3571428571377,13535.0,13640.0,13402.5,13875.079745346571,13593.090053267722,13878.733775408871,13589.46319317868,13872.5,13945.0,13777.5,11:00,below_val,outside_both,below_week_val,neg,pos
short,2021-05-06 09:30:00-04:00,2021-05-06,2021-05-06 09:35:00-04:00,sl,13430.875,13502.80357142857,13431.0,13502.67857142857,13344.142857142859,15.178571428571429,0.9385964912280702,-905,-45,65,13453.25,13465.0,-71.92857142857065,-1438.571428571413,-1443.071428571413,13480.0,13520.0,13462.5,13488.068221925403,13479.932042691153,13488.729326474544,13479.27098716901,13872.5,13945.0,13777.5,09:00,below_val,outside_both,below_week_val,neg,pos
short,2021-05-05 12:55:00-04:00,2021-05-05,2021-05-05 15:10:00-04:00,tp,13570.375,13513.696428571428,13570.5,13612.589285714286,13513.571428571428,14.839285714285714,0.7244094488188977,-344,-161,11,13575.5,13589.0,56.67857142857247,1133.5714285714494,1129.0714285714494,13612.5,13640.0,13570.0,13743.51401812724,13408.13712124059,13736.145351244033,13415.447802246386,13872.5,13945.0,13777.5,12:00,in_va,inside_both,below_week_val,neg,pos
short,2021-05-06 09:55:00-04:00,2021-05-06,2021-05-06 11:25:00-04:00,sl,13427.625,13490.17857142857,13427.75,13490.05357142857,13337.892857142859,27.553571428571427,0.9513888888888888,-746,-80,-3,13455.5,13472.5,-62.55357142857065,-1251.071428571413,-1255.571428571413,13480.0,13520.0,13462.5,13529.78180811362,13438.221549949943,13538.71085886672,13429.29316136828,13872.5,13945.0,13777.5,09:00,below_val,outside_both,below_week_val,neg,neg
short,2021-05-10 14:40:00-04:00,2021-05-10,2021-05-10 16:50:00-04:00,tp,13381.375,13318.196428571428,13381.5,13421.839285714286,13318.071428571428,23.089285714285715,0.7142857142857143,-716,-296,18,13388.75,13399.5,63.17857142857247,1263.5714285714494,1259.0714285714494,13507.5,13570.0,13427.5,13811.397501844369,13554.56046807075,13837.245528666803,13528.83588157181,13960.0,13977.5,13880.0,14:00,below_val,outside_both,below_week_val,neg,pos
short,2021-05-06 13:50:00-04:00,2021-05-06,2021-05-06 15:35:00-04:00,sl,13494.875,13536.107142857143,13495.0,13535.982142857143,13435.035714285714,18.982142857142858,0.9148936170212766,-535,-50,7,13505.25,13516.25,-41.23214285714312,-824.6428571428623,-829.1428571428623,13472.5,13555.0,13445.0,13592.61414174022,13375.393875920185,13601.10500379893,13366.903643537182,13872.5,13945.0,13777.5,13:00,in_va,inside_both,below_week_val,neg,pos
short,2021-05-06 14:25:00-04:00,2021-05-06,2021-05-06 15:35:00-04:00,sl,13475.875,13547.07142857143,13476.0,13546.94642857143,13381.857142857141,23.196428571428573,0.8,-1003,-178,26,13480.5,13511.25,-71.19642857142935,-1423.928571428587,-1428.428571428587,13472.5,13552.5,13447.5,13588.16209195011,13379.84559554976,13598.328523425896,13369.679918008596,13872.5,13945.0,13777.5,14:00,in_va,inside_both,below_week_val,neg,pos
short,2021-05-10 10:45:00-04:00,2021-05-10,2021-05-10 12:25:00-04:00,sl,13470.625,13539.714285714286,13470.75,13539.589285714286,13372.571428571428,29.339285714285715,0.98125,-1177,-9,4,13476.0,13489.75,-69.08928571428623,-1381.7857142857247,-1386.2857142857247,13545.0,13652.5,13495.0,13787.742621804171,13578.102381420513,13793.8366850052,13572.03742114243,13960.0,13977.5,13880.0,10:00,below_val,outside_both,below_week_val,neg,pos
short,2021-05-07 13:25:00-04:00,2021-05-07,2021-05-07 14:55:00-04:00,sl,13689.875,13722.392857142857,13690.0,13722.267857142857,13640.964285714286,16.767857142857142,0.8472222222222222,-230,-127,1,13698.75,13723.25,-32.51785714285688,-650.3571428571377,-654.8571428571377,13780.0,13797.5,13707.5,13822.371255487418,13498.734116493642,13825.483599402241,13495.646452107838,13872.5,13945.0,13777.5,13:00,below_val,inside_both,below_week_val,neg,pos
short,2021-05-07 12:10:00-04:00,2021-05-07,2021-05-07 13:15:00-04:00,tp,13759.125,13701.910714285714,13759.25,13798.482142857143,13701.785714285714,18.232142857142858,0.9090909090909091,-532,-5,19,13762.75,13777.25,57.214285714286234,1144.2857142857247,1139.7857142857247,13780.0,13797.5,13700.0,13830.136337995416,13491.030607701254,13817.391260201044,13503.674622590663,13872.5,13945.0,13777.5,12:00,in_va,inside_both,below_week_val,neg,pos
short,2021-05-07 12:35:00-04:00,2021-05-07,2021-05-07 14:00:00-04:00,tp,13725.625,13669.589285714286,13725.75,13763.767857142857,13669.464285714286,18.267857142857142,0.875,-423,-111,3,13738.25,13743.75,56.035714285713766,1120.7142857142753,1116.2142857142753,13780.0,13797.5,13705.0,13829.350406502848,13491.810307100066,13821.44881702527,13499.649240421335,13872.5,13945.0,13777.5,12:00,in_va,inside_both,below_week_val,neg,pos
short,2021-05-10 12:30:00-04:00,2021-05-10,2021-05-10 14:00:00-04:00,tp,13507.375,13461.160714285714,13507.5,13537.107142857143,13461.035714285714,16.857142857142858,0.8070175438596491,-200,-64,31,13510.5,13521.5,46.214285714286234,924.2857142857247,919.7857142857247,13507.5,13570.0,13465.0,13822.382224328085,13543.628204434517,13818.533222864055,13547.458824534699,13960.0,13977.5,13880.0,12:00,in_va,outside_both,below_week_val,neg,pos
short,2021-05-10 15:50:00-04:00,2021-05-10,2021-05-10 16:55:00-04:00,eod,13361.125,13311.625,13361.25,13412.625,13290.25,19.625,0.851063829787234,-677,-77,73,13368.5,13392.0,49.5,990.0,985.5,13507.5,13617.5,13397.5,13820.01636400262,13545.982766312874,13854.213721419745,13511.94872243961,13960.0,13977.5,13880.0,15:00,below_val,outside_both,below_week_val,neg,pos
short,2021-05-12 10:10:00-04:00,2021-05-12,2021-05-12 12:10:00-04:00,tp,13121.375,12997.803571428572,13121.5,13202.285714285714,12997.678571428572,43.035714285714285,0.7079207920792079,-456,-377,3,13126.0,13168.5,123.57142857142753,2471.4285714285506,2466.9285714285506,13155.0,13265.0,13115.0,13393.12938886703,13056.186043960537,13377.43902409828,13071.661064644462,13960.0,13977.5,13880.0,10:00,in_va,inside_both,below_week_val,neg,pos
short,2021-05-11 11:40:00-04:00,2021-05-11,2021-05-11 13:35:00-04:00,sl,13277.125,13359.589285714286,13277.25,13359.464285714286,13153.321428571428,41.714285714285715,0.7413793103448276,-471,-31,-43,13293.75,13310.25,-82.46428571428623,-1649.2857142857247,-1653.7857142857247,13180.0,13262.5,13147.5,13416.496934261406,13009.81679951896,13402.672902999675,13023.434947582127,13960.0,13977.5,13880.0,11:00,above_vah,inside_both,below_week_val,neg,neg
short,2021-05-12 10:25:00-04:00,2021-05-12,2021-05-12 12:15:00-04:00,tp,13105.625,12984.267857142859,13105.75,13185.67857142857,12984.142857142859,41.67857142857143,0.782051282051282,-290,-16,182,13118.5,13160.0,121.3571428571413,2427.142857142826,2422.642857142826,13155.0,13257.5,13100.0,13391.904999999053,13057.393628572901,13386.647303959297,13062.579164802562,13960.0,13977.5,13880.0,10:00,in_va,inside_both,below_week_val,neg,pos
short,2021-05-12 11:50:00-04:00,2021-05-12,2021-05-12 13:00:00-04:00,sl,13019.875,13076.17857142857,13020.0,13076.05357142857,12936.642857142859,27.303571428571427,0.9416666666666667,-585,-72,2,13036.0,13046.25,-56.30357142857065,-1126.071428571413,-1130.571428571413,13057.5,13197.5,13040.0,13428.844278793626,13020.961326850136,13413.146513210608,13036.443646775067,13960.0,13977.5,13880.0,11:00,below_val,outside_both,below_week_val,neg,pos
short,2021-05-13 10:40:00-04:00,2021-05-13,2021-05-13 10:55:00-04:00,sl,13158.125,13223.32142857143,13158.25,13223.19642857143,13057.107142857141,36.19642857142857,0.8220338983050848,-208,-44,62,13174.0,13184.75,-65.19642857142935,-1303.928571428587,-1308.428571428587,13182.5,13202.5,13045.0,13189.622944249186,12897.441629606985,13194.883474297392,12892.2435435459,13960.0,13977.5,13880.0,10:00,in_va,inside_both,below_week_val,neg,pos
short,2021-05-13 11:05:00-04:00,2021-05-13,2021-05-13 13:20:00-04:00,tp,13137.375,13044.589285714286,13137.5,13198.017857142857,13044.464285714286,32.517857142857146,0.803030303030303,-343,-106,91,13156.5,13182.5,92.78571428571377,1855.7142857142753,1851.2142857142753,13182.5,13202.5,13047.5,13199.842870583987,12887.34301670307,13201.586295735437,12885.620286503781,13960.0,13977.5,13880.0,11:00,in_va,inside_both,below_week_val,neg,pos
short,2021-05-13 11:20:00-04:00,2021-05-13,2021-05-13 13:25:00-04:00,tp,13115.875,13033.232142857141,13116.0,13168.19642857143,13033.107142857141,30.696428571428573,0.71875,-416,-123,72,13120.0,13127.5,82.6428571428587,1652.857142857174,1648.357142857174,13182.5,13202.5,13052.5,13219.807885094504,12867.614992590386,13209.761692680426,12877.541933844608,13960.0,13977.5,13880.0,11:00,in_va,inside_both,below_week_val,neg,pos
short,2021-05-18 15:50:00-04:00,2021-05-18,2021-05-18 16:55:00-04:00,eod,13224.125,13188.875,13224.25,13279.42857142857,13149.642857142859,19.428571428571427,0.8245614035087719,-625,46,3,13246.5,13259.25,35.25,705.0,700.5,13345.0,13387.5,13315.0,13484.327252995747,13173.017280488619,13484.649932152415,13172.695399264672,13780.0,13820.0,13492.5,15:00,below_val,inside_both,below_week_val,pos,pos
short,2021-05-18 14:30:00-04:00,2021-05-18,2021-05-18 15:55:00-04:00,tp,13273.625,13203.982142857141,13273.75,13327.19642857143,13203.857142857141,16.446428571428573,0.8523489932885906,-1071,-8,181,13300.0,13330.5,69.6428571428587,1392.857142857174,1388.357142857174,13345.0,13375.0,13315.0,13482.47882473363,13174.86113789029,13464.628154811699,13192.667666028226,13780.0,13820.0,13492.5,14:00,below_val,inside_both,below_week_val,neg,pos
short,2021-05-18 11:30:00-04:00,2021-05-18,2021-05-18 14:30:00-04:00,tp,13342.875,13275.410714285714,13343.0,13393.107142857143,13275.285714285714,17.607142857142858,0.8518518518518519,-813,-57,13,13368.75,13373.0,67.46428571428623,1349.2857142857247,1344.7857142857247,13375.0,13395.0,13330.0,13456.057736128872,13201.216891468897,13435.936026739711,13221.288843165305,13780.0,13820.0,13492.5,11:00,in_va,inside_both,below_week_val,neg,pos
short,2021-05-21 12:05:00-04:00,2021-05-21,2021-05-21 14:05:00-04:00,sl,13411.125,13457.660714285714,13411.25,13457.535714285714,13342.678571428572,22.285714285714285,0.7079646017699115,-688,-125,180,13415.25,13420.25,-46.535714285713766,-930.7142857142753,-935.2142857142753,13535.0,13545.0,13470.0,13682.183655270892,13359.920364008716,13654.897653451591,13387.079522085125,13780.0,13820.0,13492.5,12:00,below_val,inside_both,below_week_val,neg,pos
short,2021-05-21 10:15:00-04:00,2021-05-21,2021-05-21 12:10:00-04:00,tp,13481.875,13406.910714285714,13482.0,13532.357142857143,13406.785714285714,24.857142857142858,0.7619047619047619,-507,-260,9,13484.5,13501.0,74.96428571428623,1499.2857142857247,1494.7857142857247,13535.0,13542.5,13505.0,13633.704900557486,13408.17375676769,13620.273722740956,13421.5424974094,13780.0,13820.0,13492.5,10:00,below_val,inside_both,below_week_val,neg,pos
short,2021-05-21 11:25:00-04:00,2021-05-21,2021-05-21 16:55:00-04:00,eod,13439.625,13414.125,13439.75,13505.67857142857,13348.642857142859,25.178571428571427,0.768361581920904,-1059,-207,-25,13465.0,13473.0,25.5,510.0,505.5,13535.0,13545.0,13487.5,13671.826508829678,13370.229363446606,13648.30177857188,13393.644734888987,13780.0,13820.0,13492.5,11:00,below_val,inside_both,below_week_val,neg,neg
short,2021-05-21 12:50:00-04:00,2021-05-21,2021-05-21 13:30:00-04:00,sl,13403.125,13449.05357142857,13403.25,13448.92857142857,13339.892857142859,17.678571428571427,0.8305084745762712,-350,-91,142,13405.25,13411.25,-45.92857142857065,-918.571428571413,-923.071428571413,13535.0,13547.5,13460.0,13683.45780122708,13358.65214114244,13662.888054244117,13379.126266065603,13780.0,13820.0,13492.5,12:00,below_val,inside_both,below_week_val,neg,pos
short,2021-06-02 14:10:00-04:00,2021-06-02,2021-06-02 15:30:00-04:00,sl,13605.625,13645.80357142857,13605.75,13645.67857142857,13550.642857142859,15.178571428571429,0.7798165137614679,-397,-87,1,13606.75,13619.0,-40.17857142857065,-803.571428571413,-808.071428571413,13695.0,13702.5,13652.5,13769.766359229574,13544.880267243316,13786.245648375547,13528.42449065594,13345.0,13445.0,13105.0,14:00,below_val,inside_both,above_week_vah,neg,pos
short,2021-05-25 15:00:00-04:00,2021-05-25,2021-05-25 16:00:00-04:00,sl,13622.125,13659.660714285714,13622.25,13659.535714285714,13570.928571428572,14.035714285714286,0.8877551020408163,-516,-51,12,13625.0,13633.5,-37.535714285713766,-750.7142857142753,-755.2142857142753,13645.0,13677.5,13620.0,13849.32530558449,13501.983978938015,13830.831424172193,13520.408008448985,13180.0,13325.0,12992.5,15:00,in_va,inside_both,above_week_vah,neg,pos
short,2021-05-26 11:30:00-04:00,2021-05-26,2021-05-26 11:55:00-04:00,sl,13684.375,13715.57142857143,13684.5,13715.44642857143,13640.357142857141,13.196428571428571,0.7032967032967034,-673,-28,15,13692.0,13698.75,-31.19642857142935,-623.928571428587,-628.428571428587,13690.0,13715.0,13682.5,13797.987688036972,13556.155830552847,13781.386483116228,13572.735807474679,13180.0,13325.0,12992.5,11:00,in_va,inside_both,above_week_vah,neg,pos
short,2021-05-26 11:20:00-04:00,2021-05-26,2021-05-26 12:10:00-04:00,sl,13699.875,13724.214285714286,13700.0,13724.089285714286,13661.821428571428,14.089285714285714,0.7872340425531915,-444,-80,1,13700.25,13709.5,-24.339285714286234,-486.7857142857247,-491.2857142857247,13690.0,13715.0,13682.5,13787.603475620264,13566.526764653257,13779.090940107197,13575.028415167586,13180.0,13325.0,12992.5,11:00,in_va,inside_both,above_week_vah,neg,pos
short,2021-05-27 14:05:00-04:00,2021-05-27,2021-05-27 16:45:00-04:00,sl,13668.625,13689.07142857143,13668.75,13688.94642857143,13638.107142857141,10.446428571428571,0.8095238095238095,-241,-51,92,13674.25,13680.0,-20.44642857142935,-408.928571428587,-413.428571428587,13697.5,13710.0,13665.0,13837.94628395761,13550.226377367251,13825.579310784893,13562.577556481805,13180.0,13325.0,12992.5,14:00,in_va,inside_both,above_week_vah,neg,pos
short,2021-05-27 10:50:00-04:00,2021-05-27,2021-05-27 16:55:00-04:00,eod,13684.125,13692.875,13684.25,13732.660714285714,13615.678571428572,20.160714285714285,0.7364864864864865,-671,-309,25,13704.5,13715.75,-8.75,-175.0,-179.5,13665.0,13692.5,13645.0,13794.532702035398,13593.584515113394,13785.50730168157,13602.59838898486,13180.0,13325.0,12992.5,10:00,in_va,inside_both,above_week_vah,neg,pos
short,2021-05-27 13:25:00-04:00,2021-05-27,2021-05-27 14:05:00-04:00,tp,13697.625,13668.875,13697.75,13718.125,13668.75,8.625,0.8076923076923077,-250,-24,-8,13699.25,13707.75,28.75,575.0,570.5,13697.5,13710.0,13662.5,13832.179441742423,13555.985854656512,13812.808613022597,13575.331944582838,13180.0,13325.0,12992.5,13:00,in_va,inside_both,above_week_vah,neg,neg
short,2021-06-01 10:45:00-04:00,2021-06-01,2021-06-01 14:40:00-04:00,sl,13631.125,13685.660714285714,13631.25,13685.535714285714,13551.678571428572,25.285714285714285,0.848,-622,-124,20,13646.75,13655.0,-54.535714285713766,-1090.7142857142753,-1095.2142857142753,13745.0,13760.0,13680.0,13819.243313403533,13587.982211045892,13833.877455309119,13573.451557382039,13345.0,13445.0,13105.0,10:00,below_val,inside_both,above_week_vah,neg,pos
short,2021-05-28 10:25:00-04:00,2021-05-28,2021-05-28 10:40:00-04:00,sl,13697.625,13729.214285714286,13697.75,13729.089285714286,13649.321428571428,17.089285714285715,0.7142857142857143,-821,-330,-1,13706.25,13715.25,-31.589285714286234,-631.7857142857247,-636.2857142857247,13710.0,13732.5,13700.0,13774.821708420768,13621.484241399752,13778.55470391727,13617.754174330412,13180.0,13325.0,12992.5,10:00,below_val,inside_both,above_week_vah,neg,neg
short,2021-05-28 15:40:00-04:00,2021-05-28,2021-05-28 15:50:00-04:00,tp,13714.625,13687.625,13714.75,13733.375,13687.5,8.625,0.8666666666666667,-299,-75,8,13715.25,13719.5,27.0,540.0,535.5,13720.0,13735.0,13700.0,13848.525300688329,13547.838467471805,13845.186355930242,13551.174792924154,13180.0,13325.0,12992.5,15:00,in_va,inside_both,above_week_vah,neg,pos
short,2021-06-03 09:40:00-04:00,2021-06-03,2021-06-03 10:05:00-04:00,sl,13489.375,13538.32142857143,13489.5,13538.19642857143,13424.357142857141,16.446428571428573,0.9083969465648855,-614,-11,66,13518.25,13527.5,-48.94642857142935,-978.928571428587,-983.428571428587,13552.5,13625.0,13510.0,13704.668399315418,13528.077393659418,13721.02699493312,13511.864120069027,13345.0,13445.0,13105.0,09:00,below_val,outside_both,above_week_vah,neg,pos
short,2021-06-03 11:30:00-04:00,2021-06-03,2021-06-03 16:55:00-04:00,eod,13546.625,13530.375,13546.75,13600.75,13466.75,26.0,0.7166666666666667,-713,-222,35,13556.5,13564.5,16.25,325.0,320.5,13552.5,13575.0,13485.0,13767.02612161836,13466.273627871778,13771.443278042841,13461.895711376052,13345.0,13445.0,13105.0,11:00,in_va,inside_both,above_week_vah,neg,pos
short,2021-06-03 14:55:00-04:00,2021-06-03,2021-06-03 16:55:00-04:00,eod,13533.375,13530.375,13533.5,13560.464285714286,13494.821428571428,11.714285714285714,0.8507462686567164,-525,-28,3,13534.75,13546.75,3.0,60.0,55.5,13552.5,13580.0,13505.0,13792.75987015347,13440.768485788889,13802.761809041827,13430.855399395592,13345.0,13445.0,13105.0,14:00,in_va,inside_both,above_week_vah,neg,pos
short,2021-06-03 15:40:00-04:00,2021-06-03,2021-06-03 16:55:00-04:00,eod,13533.875,13530.375,13534.0,13566.67857142857,13488.642857142859,12.678571428571429,0.8072289156626506,-350,-33,31,13536.5,13548.5,3.5,70.0,65.5,13545.0,13580.0,13507.5,13792.394670876674,13441.130440808014,13818.67250079936,13415.086050699296,13345.0,13445.0,13105.0,15:00,in_va,inside_both,above_week_vah,neg,pos
short,2021-06-04 12:00:00-04:00,2021-06-04,2021-06-04 13:40:00-04:00,sl,13747.625,13769.089285714286,13747.75,13768.964285714286,13716.071428571428,10.464285714285714,0.7083333333333334,-247,-53,-14,13750.25,13756.75,-21.464285714286234,-429.2857142857247,-433.7857142857247,13732.5,13770.0,13575.0,13703.986971473512,13436.813760412972,13710.252742713414,13430.584704474788,13345.0,13445.0,13105.0,12:00,in_va,outside_both,above_week_vah,neg,neg
short,2021-06-07 10:15:00-04:00,2021-06-07,2021-06-07 12:05:00-04:00,sl,13714.875,13753.875,13715.0,13753.75,13655.5,20.75,0.8987341772151899,-867,-76,0,13726.25,13738.25,-39.0,-780.0,-784.5,13735.0,13757.5,13730.0,13828.594796638987,13673.023897703988,13834.100710187338,13667.527985270104,13702.5,13725.0,13647.5,10:00,below_val,inside_both,in_week_va,neg,zero
short,2021-06-08 11:10:00-04:00,2021-06-08,2021-06-08 16:55:00-04:00,eod,13792.375,13812.875,13792.5,13843.982142857143,13719.535714285714,21.482142857142858,0.9338842975206612,-462,-8,51,13794.0,13802.25,-20.5,-410.0,-414.5,13830.0,13860.0,13792.5,13959.30407917903,13742.520952141085,13963.80433532261,13738.038854285824,13702.5,13725.0,13647.5,11:00,in_va,inside_both,above_week_vah,neg,pos
short,2021-06-08 09:50:00-04:00,2021-06-08,2021-06-08 11:15:00-04:00,tp,13852.125,13772.267857142859,13852.25,13915.05357142857,13772.142857142859,17.303571428571427,0.7155555555555555,-247,181,421,13863.0,13879.75,79.8571428571413,1597.142857142826,1592.642857142826,13875.0,13915.0,13832.5,13930.653633232709,13771.05579509917,13934.446830440927,13767.277903234994,13702.5,13725.0,13647.5,09:00,in_va,inside_both,above_week_vah,pos,pos
short,2021-06-09 15:25:00-04:00,2021-06-09,2021-06-09 16:55:00-04:00,eod,13821.125,13811.625,13821.25,13843.142857142857,13790.464285714286,8.892857142857142,0.8679245283018868,-612,-11,0,13825.25,13842.75,9.5,190.0,185.5,13862.5,13872.5,13835.0,13955.5509552616,13728.554108767239,14015.689702060254,13668.66790915343,13702.5,13725.0,13647.5,15:00,below_val,inside_both,above_week_vah,neg,zero
short,2021-06-09 15:40:00-04:00,2021-06-09,2021-06-09 16:55:00-04:00,eod,13809.875,13811.625,13810.0,13833.42857142857,13777.142857142859,9.428571428571429,0.9310344827586207,-596,-22,46,13817.25,13829.75,-1.75,-35.0,-39.5,13862.5,13875.0,13835.0,13957.263274122417,13726.848980633378,14015.002504011742,13669.352221376384,13702.5,13725.0,13647.5,15:00,below_val,inside_both,above_week_vah,neg,pos
short,2021-06-14 12:20:00-04:00,2021-06-14,2021-06-14 13:45:00-04:00,sl,14041.125,14059.357142857143,14041.25,14059.232142857143,14014.035714285714,9.232142857142858,0.7297297297297297,-226,-19,78,14043.75,14047.5,-18.232142857143117,-364.64285714286234,-369.14285714286234,14010.0,14027.5,13992.5,14073.318440588735,13919.287282410607,14114.218708775497,13878.45271160269,13660.0,13715.0,13532.5,12:00,above_vah,inside_both,above_week_vah,neg,pos
short,2021-06-16 12:10:00-04:00,2021-06-16,2021-06-16 13:05:00-04:00,sl,13996.375,14023.107142857143,13996.5,14022.982142857143,13958.285714285714,11.732142857142858,0.7,-210,17,25,14000.75,14014.5,-26.732142857143117,-534.6428571428623,-539.1428571428623,14035.0,14070.0,14025.0,14117.807856801765,13970.25224698358,14159.017559081687,13929.079207487486,13660.0,13715.0,13532.5,12:00,below_val,inside_both,above_week_vah,pos,pos
short,2021-06-17 12:15:00-04:00,2021-06-17,2021-06-17 13:25:00-04:00,sl,14105.125,14162.94642857143,14105.25,14162.82142857143,14024.107142857141,23.571428571428573,0.8881578947368421,-1044,-245,1,14128.0,14141.25,-57.82142857142935,-1156.428571428587,-1160.928571428587,14107.5,14192.5,14000.0,14005.192675229759,13816.79703404611,14041.015154796023,13781.096023650576,13660.0,13715.0,13532.5,12:00,in_va,outside_both,above_week_vah,neg,pos
short,2021-06-18 11:10:00-04:00,2021-06-18,2021-06-18 13:05:00-04:00,sl,14029.125,14097.30357142857,14029.25,14097.17857142857,13931.642857142859,29.678571428571427,0.891566265060241,-1394,-211,30,14060.0,14074.75,-68.17857142857065,-1363.571428571413,-1368.071428571413,14085.0,14115.0,14065.0,14245.967458051991,14012.001989623963,14265.07129239784,13993.028191252888,13660.0,13715.0,13532.5,11:00,below_val,inside_both,above_week_vah,neg,pos
short,2021-06-18 14:40:00-04:00,2021-06-18,2021-06-18 15:40:00-04:00,sl,14048.875,14087.589285714286,14049.0,14087.464285714286,13993.321428571428,17.214285714285715,0.7395833333333334,-408,4,36,14063.75,14071.5,-38.714285714286234,-774.2857142857247,-778.7857142857247,14082.5,14120.0,14060.0,14274.93025149747,13983.236340113555,14306.910885974947,13951.473391410718,13660.0,13715.0,13532.5,14:00,below_val,inside_both,above_week_vah,pos,pos
short,2021-06-23 11:00:00-04:00,2021-06-23,2021-06-23 16:55:00-04:00,eod,14252.375,14274.375,14252.5,14299.32142857143,14187.857142857141,17.821428571428573,0.8205128205128205,-803,-9,38,14268.0,14279.25,-22.0,-440.0,-444.5,14295.0,14300.0,14267.5,14328.967657103713,14197.576840243564,14353.388770077963,14173.173698442612,13812.5,13890.0,13747.5,11:00,below_val,inside_both,above_week_vah,neg,pos
short,2021-06-24 13:15:00-04:00,2021-06-24,2021-06-24 16:55:00-04:00,eod,14352.375,14359.125,14352.5,14391.5,14300.5,13.0,0.7711864406779662,-932,-153,41,14362.0,14376.5,-6.75,-135.0,-139.5,14392.5,14412.5,14362.5,14429.467046325937,14194.70230767497,14459.51192731885,14164.814984596598,13812.5,13890.0,13747.5,13:00,below_val,inside_both,above_week_vah,neg,pos
short,2021-06-24 10:45:00-04:00,2021-06-24,2021-06-24 12:10:00-04:00,sl,14398.375,14420.82142857143,14398.5,14420.69642857143,14363.857142857141,12.446428571428571,0.7777777777777778,-548,-73,2,14402.75,14407.0,-22.44642857142935,-448.928571428587,-453.428571428587,14372.5,14410.0,14347.5,14412.475120962246,14211.605125935026,14431.059977376155,14193.117730090835,13812.5,13890.0,13747.5,10:00,in_va,inside_both,above_week_vah,neg,pos
short,2021-06-24 12:45:00-04:00,2021-06-24,2021-06-24 13:20:00-04:00,tp,14381.875,14342.982142857141,14382.0,14410.94642857143,14342.857142857141,10.196428571428571,0.9078947368421053,-679,-2,49,14386.5,14388.5,38.8928571428587,777.857142857174,773.357142857174,14392.5,14420.0,14360.0,14425.424924146646,14198.723232621329,14451.684493455557,14172.60137073013,13812.5,13890.0,13747.5,12:00,in_va,inside_both,above_week_vah,neg,pos
short,2021-06-24 15:00:00-04:00,2021-06-24,2021-06-24 16:55:00-04:00,eod,14355.625,14359.125,14355.75,14382.160714285714,14319.428571428572,9.910714285714286,0.7428571428571429,-360,-18,39,14364.25,14369.25,-3.5,-70.0,-74.5,14372.5,14402.5,14350.0,14442.524332751333,14181.713494771544,14474.515310722227,14149.890280213473,13812.5,13890.0,13747.5,15:00,in_va,inside_both,above_week_vah,neg,pos
short,2021-06-28 13:05:00-04:00,2021-06-28,2021-06-28 14:50:00-04:00,sl,14464.125,14485.107142857143,14464.25,14484.982142857143,14434.785714285714,8.732142857142858,0.8367346938775511,-432,-19,21,14467.5,14473.25,-20.982142857143117,-419.64285714286234,-424.14285714286234,14475.0,14490.0,14435.0,14465.37284062507,14259.939545713638,14497.861076674439,14227.593504945022,14080.0,14120.0,14000.0,13:00,in_va,inside_both,above_week_vah,neg,pos
short,2021-06-30 11:10:00-04:00,2021-06-30,2021-06-30 16:55:00-04:00,eod,14558.375,14555.625,14558.5,14586.910714285714,14514.928571428572,15.160714285714286,0.8166666666666667,-349,-233,25,14560.25,14567.25,2.75,55.0,50.5,14552.5,14565.0,14535.0,14646.252298170468,14495.35221264924,14659.771441463976,14481.855318892964,14080.0,14120.0,14000.0,11:00,in_va,inside_both,above_week_vah,neg,pos
short,2021-06-30 12:20:00-04:00,2021-06-30,2021-06-30 15:45:00-04:00,sl,14539.375,14566.839285714286,14539.5,14566.714285714286,14501.571428571428,10.714285714285714,0.9402985074626866,-474,-2,8,14542.75,14545.75,-27.464285714286234,-549.2857142857247,-553.7857142857247,14547.5,14562.5,14537.5,14649.350070034703,14492.259539036344,14678.667902422085,14462.989957354579,14080.0,14120.0,14000.0,12:00,in_va,inside_both,above_week_vah,neg,pos
short,2021-07-01 11:05:00-04:00,2021-07-01,2021-07-01 14:40:00-04:00,sl,14509.625,14548.32142857143,14509.75,14548.19642857143,14454.357142857141,16.946428571428573,0.7264957264957265,-912,-186,3,14515.25,14527.5,-38.69642857142935,-773.928571428587,-778.428571428587,14535.0,14557.5,14525.0,14615.214923835552,14468.14892241751,14632.425114535625,14450.971542874175,14080.0,14120.0,14000.0,11:00,below_val,inside_both,above_week_vah,neg,pos
short,2021-07-01 10:15:00-04:00,2021-07-01,2021-07-01 16:55:00-04:00,eod,14515.875,14540.125,14516.0,14566.32142857143,14446.357142857141,19.321428571428573,0.8253968253968254,-1016,-25,199,14528.75,14535.25,-24.25,-485.0,-489.5,14555.0,14562.5,14530.0,14599.36223627265,14483.971386897736,14619.15525068087,14464.216107788876,14080.0,14120.0,14000.0,10:00,below_val,inside_both,above_week_vah,neg,pos
short,2021-07-01 15:40:00-04:00,2021-07-01,2021-07-01 15:55:00-04:00,sl,14531.125,14551.67857142857,14531.25,14551.55357142857,14501.892857142859,9.053571428571429,0.88,-430,-103,9,14534.0,14545.75,-20.55357142857065,-411.071428571413,-415.571428571413,14542.5,14560.0,14512.5,14651.35564049111,14432.077107887415,14674.086088359792,14409.389995522726,14080.0,14120.0,14000.0,15:00,in_va,inside_both,above_week_vah,neg,pos
short,2021-07-06 10:30:00-04:00,2021-07-06,2021-07-06 12:15:00-04:00,tp,14727.125,14639.553571428572,14727.25,14793.410714285714,14639.428571428572,21.660714285714285,0.8548387096774194,-1637,-72,14,14741.25,14751.0,87.57142857142753,1751.4285714285506,1746.9285714285506,14760.0,14787.5,14730.0,14769.5520838538,14664.291041275066,14808.259208214493,14625.707990834937,14352.5,14422.5,14160.0,10:00,below_val,inside_both,above_week_vah,neg,pos
short,2021-07-06 10:55:00-04:00,2021-07-06,2021-07-06 12:05:00-04:00,tp,14730.875,14665.982142857141,14731.0,14774.94642857143,14665.857142857141,21.196428571428573,0.7368421052631579,-487,-21,118,14738.75,14748.5,64.8928571428587,1297.857142857174,1293.357142857174,14760.0,14782.5,14730.0,14773.503840837835,14660.351951467688,14818.71404619982,14615.28666535562,14352.5,14422.5,14160.0,10:00,in_va,inside_both,above_week_vah,neg,pos
short,2021-07-06 16:45:00-04:00,2021-07-06,2021-07-06 16:55:00-04:00,eod,14762.125,14763.875,14762.25,14775.267857142857,14742.714285714286,6.517857142857143,0.8928571428571429,-211,-11,1,14765.75,14773.75,-1.75,-35.0,-39.5,14745.0,14782.5,14715.0,14808.174726478916,14625.792201768167,14868.763764689385,14565.397378954423,14352.5,14422.5,14160.0,16:00,in_va,inside_both,above_week_vah,neg,pos
short,2021-07-07 10:00:00-04:00,2021-07-07,2021-07-07 10:45:00-04:00,tp,14802.375,14728.160714285714,14802.5,14857.857142857143,14728.035714285714,19.107142857142858,0.9054054054054054,-1174,-38,54,14817.5,14834.25,74.21428571428623,1484.2857142857247,1479.7857142857247,14837.5,14867.5,14820.0,14898.148606767301,14737.045835544372,14928.913337676466,14706.503494049193,14352.5,14422.5,14160.0,10:00,below_val,inside_both,above_week_vah,neg,pos
short,2021-07-07 13:00:00-04:00,2021-07-07,2021-07-07 14:00:00-04:00,sl,14779.375,14814.57142857143,14779.5,14814.44642857143,14731.107142857141,13.446428571428571,0.9310344827586207,-400,-6,20,14793.0,14798.0,-35.19642857142935,-703.928571428587,-708.428571428587,14832.5,14850.0,14767.5,14919.897090491613,14715.45456536972,14970.191268857821,14665.523949190576,14352.5,14422.5,14160.0,13:00,in_va,inside_both,above_week_vah,neg,pos
short,2021-07-08 10:55:00-04:00,2021-07-08,2021-07-08 11:35:00-04:00,sl,14580.625,14661.67857142857,14580.75,14661.55357142857,14456.892857142859,43.05357142857143,0.774390243902439,-529,-52,91,14586.0,14603.25,-81.05357142857065,-1621.071428571413,-1625.571428571413,14612.5,14642.5,14577.5,14855.326544233274,14549.581635249882,14888.60406306872,14516.790013914357,14352.5,14422.5,14160.0,10:00,in_va,inside_both,above_week_vah,neg,pos
short,2021-07-16 15:00:00-04:00,2021-07-16,2021-07-16 16:55:00-04:00,eod,14683.625,14668.625,14683.75,14723.785714285714,14627.428571428572,16.285714285714285,0.9479166666666666,-1052,-2,16,14690.25,14717.0,15.0,300.0,295.5,14760.0,14797.5,14712.5,14900.376894044086,14706.126709833787,14938.212972975967,14668.426490994161,14547.5,14567.5,14467.5,15:00,below_val,inside_90_only,above_week_vah,neg,pos
short,2021-07-13 13:15:00-04:00,2021-07-13,2021-07-13 14:00:00-04:00,tp,14904.875,14838.660714285714,14905.0,14959.607142857143,14838.535714285714,11.857142857142858,0.8404255319148937,-1802,-231,86,14942.0,14953.75,66.21428571428623,1324.2857142857247,1319.7857142857247,14982.5,14992.5,14872.5,14939.497245888206,14789.600928127353,14978.904113385644,14750.254988160998,14547.5,14567.5,14467.5,13:00,in_va,inside_both,above_week_vah,neg,pos
short,2021-07-13 13:00:00-04:00,2021-07-13,2021-07-13 13:15:00-04:00,tp,14959.625,14923.553571428572,14959.75,14987.910714285714,14923.428571428572,8.160714285714286,0.8928571428571429,-877,-55,21,14972.25,14981.25,36.07142857142753,721.4285714285506,716.9285714285506,14982.5,14992.5,14870.0,14939.00989817246,14790.087522347705,14975.067753753843,14754.085416341366,14547.5,14567.5,14467.5,13:00,in_va,inside_90_only,above_week_vah,neg,pos
short,2021-07-13 13:35:00-04:00,2021-07-13,2021-07-13 16:55:00-04:00,eod,14875.125,14865.125,14875.25,14913.535714285714,14820.428571428572,16.535714285714285,0.7735849056603774,-932,-169,13,14884.0,14905.25,10.0,200.0,195.5,14982.5,14992.5,14875.0,14943.94092895004,14785.164115508542,14983.668927565559,14745.497540929602,14547.5,14567.5,14467.5,13:00,in_va,inside_both,above_week_vah,neg,pos
short,2021-07-14 11:25:00-04:00,2021-07-14,2021-07-14 16:55:00-04:00,eod,14918.625,14896.875,14918.75,14975.839285714286,14841.821428571428,19.839285714285715,0.7128205128205128,-1226,-102,0,14935.0,14950.0,21.75,435.0,430.5,14950.0,14990.0,14942.5,15033.135430185075,14801.310163023507,15058.689445484131,14775.933689149468,14547.5,14567.5,14467.5,11:00,below_val,inside_both,above_week_vah,neg,zero
short,2021-07-15 10:15:00-04:00,2021-07-15,2021-07-15 12:05:00-04:00,tp,14841.125,14739.589285714286,14841.25,14912.892857142857,14739.464285714286,30.142857142857142,0.8333333333333334,-1054,-21,116,14865.0,14876.0,101.53571428571377,2030.7142857142753,2026.2142857142753,14892.5,14925.0,14852.5,14932.97683767865,14856.782281803204,14960.191011792253,14829.574958388777,14547.5,14567.5,14467.5,10:00,below_val,inside_90_only,above_week_vah,neg,pos
short,2021-07-15 16:05:00-04:00,2021-07-15,2021-07-15 16:55:00-04:00,eod,14765.875,14776.625,14766.0,14794.625,14720.5,16.875,0.7592592592592593,-222,-31,-18,14769.25,14780.5,-10.75,-215.0,-219.5,14790.0,14845.0,14727.5,14961.152358074361,14828.613854109019,15019.770246288432,14770.010721937764,14547.5,14567.5,14467.5,16:00,in_va,outside_both,above_week_vah,neg,neg
short,2021-07-16 10:05:00-04:00,2021-07-16,2021-07-16 11:05:00-04:00,tp,14790.625,14725.553571428572,14790.75,14836.035714285714,14725.428571428572,20.035714285714285,0.7264150943396226,-771,-125,34,14792.25,14796.25,65.07142857142753,1301.4285714285506,1296.9285714285506,14815.0,14862.5,14800.0,14868.919329147337,14737.471318319891,14890.854255998747,14715.61515441828,14547.5,14567.5,14467.5,10:00,below_val,inside_both,above_week_vah,neg,pos
short,2021-07-16 10:20:00-04:00,2021-07-16,2021-07-16 15:45:00-04:00,tp,14751.625,14664.125,14751.75,14814.75,14664.0,24.75,0.8232044198895028,-1408,-267,45,14772.5,14786.0,87.5,1750.0,1745.5,14807.5,14860.0,14790.0,14870.75209157319,14735.64513689501,14894.773682752128,14711.709801366385,14547.5,14567.5,14467.5,10:00,below_val,inside_both,above_week_vah,neg,pos
short,2021-07-16 12:35:00-04:00,2021-07-16,2021-07-16 13:15:00-04:00,sl,14749.375,14781.410714285714,14749.5,14781.285714285714,14700.928571428572,16.785714285714285,0.7384615384615385,-397,-61,-18,14754.25,14758.5,-32.035714285713766,-640.7142857142753,-645.2142857142753,14760.0,14810.0,14712.5,14909.060750866667,14697.474034614119,14926.020971473066,14680.574714005847,14547.5,14567.5,14467.5,12:00,in_va,inside_both,above_week_vah,neg,neg
short,2021-07-16 14:00:00-04:00,2021-07-16,2021-07-16 15:00:00-04:00,tp,14725.375,14684.375,14725.5,14754.375,14684.25,12.375,0.7625,-468,-143,-14,14735.5,14747.0,41.0,820.0,815.5,14760.0,14800.0,14712.5,14913.714278675843,14692.837216483513,14936.754064852175,14669.880160536208,14547.5,14567.5,14467.5,14:00,in_va,inside_both,above_week_vah,neg,neg
short,2021-07-21 12:35:00-04:00,2021-07-21,2021-07-21 13:40:00-04:00,sl,14753.625,14780.80357142857,14753.75,14780.67857142857,14716.142857142859,10.678571428571429,0.9242424242424242,-364,-14,36,14759.75,14768.75,-27.17857142857065,-543.571428571413,-548.071428571413,14737.5,14775.0,14717.5,14814.515100876588,14614.38239848659,14823.18705341611,14605.725020162381,14805.0,14827.5,14687.5,12:00,in_va,inside_both,in_week_va,neg,pos
short,2021-07-21 14:15:00-04:00,2021-07-21,2021-07-21 14:30:00-04:00,sl,14767.125,14784.375,14767.25,14784.25,14741.75,8.5,0.7027027027027027,-345,-40,63,14772.75,14780.5,-17.25,-345.0,-349.5,14752.5,14780.0,14722.5,14819.189397699232,14609.715957358267,14833.63638678685,14595.293248100208,14805.0,14827.5,14687.5,14:00,in_va,inside_both,in_week_va,neg,pos
short,2021-07-22 12:05:00-04:00,2021-07-22,2021-07-22 13:10:00-04:00,sl,14862.875,14897.410714285714,14863.0,14897.285714285714,14813.428571428572,15.285714285714286,0.825,-957,-58,-24,14872.0,14876.5,-34.535714285713766,-690.7142857142753,-695.2142857142753,14890.0,14907.5,14855.0,14927.019706840494,14750.989114370126,14937.966949503354,14740.04297825313,14805.0,14827.5,14687.5,12:00,in_va,inside_both,above_week_vah,neg,neg
short,2021-07-22 12:00:00-04:00,2021-07-22,2021-07-22 14:55:00-04:00,sl,14879.125,14923.964285714286,14879.25,14923.839285714286,14820.321428571428,14.339285714285714,0.8253968253968254,-650,-31,1,14880.75,14888.5,-44.839285714286234,-896.7857142857247,-901.2857142857247,14890.0,14907.5,14855.0,14926.397215435116,14751.611542854153,14937.68250702164,14740.327391983434,14805.0,14827.5,14687.5,12:00,in_va,inside_both,above_week_vah,neg,pos
short,2021-07-27 10:30:00-04:00,2021-07-27,2021-07-27 11:40:00-04:00,tp,14934.625,14822.339285714286,14934.75,15017.392857142857,14822.214285714286,29.892857142857142,0.9039301310043668,-1987,-291,4,14967.75,14983.0,112.28571428571377,2245.7142857142753,2241.2142857142753,15062.5,15127.5,15040.0,15180.811231297355,15049.010439911774,15189.84473224531,15039.988436526926,14877.5,14985.0,14802.5,10:00,below_val,outside_both,in_week_va,neg,pos
short,2021-07-27 10:10:00-04:00,2021-07-27,2021-07-27 11:15:00-04:00,tp,14972.375,14884.839285714286,14972.5,15037.142857142857,14884.714285714286,23.142857142857142,0.8256410256410256,-1499,-14,23,15010.25,15015.5,87.53571428571377,1750.7142857142753,1746.2142857142753,15062.5,15107.5,15052.5,15163.306074924478,15066.493316258195,15181.24691960992,15048.57530612994,14877.5,14985.0,14802.5,10:00,below_val,outside_both,in_week_va,neg,pos
short,2021-07-27 09:40:00-04:00,2021-07-27,2021-07-27 10:10:00-04:00,tp,15052.625,15003.839285714286,15052.75,15089.642857142857,15003.714285714286,12.142857142857142,0.8899082568807339,-704,-79,1,15062.0,15068.5,48.785714285713766,975.7142857142753,971.2142857142753,15077.5,15107.5,15067.5,15159.996596138448,15069.79858284107,15162.637346571333,15067.161193474389,14877.5,14985.0,14802.5,09:00,below_val,outside_both,above_week_vah,neg,pos
short,2021-07-27 16:05:00-04:00,2021-07-27,2021-07-27 16:30:00-04:00,sl,14863.625,14941.357142857143,14863.75,14941.232142857143,14762.785714285714,23.482142857142858,0.88,-984,-45,50,14864.75,14870.25,-77.73214285714312,-1554.6428571428623,-1559.1428571428623,14917.5,14975.0,14785.0,15220.700585026401,15009.171856129453,15244.201159053137,14985.701192912995,14877.5,14985.0,14802.5,16:00,in_va,outside_both,in_week_va,neg,pos
short,2021-07-29 16:40:00-04:00,2021-07-29,2021-07-29 16:55:00-04:00,eod,14917.125,14909.875,14917.25,14953.964285714286,14861.321428571428,19.214285714285715,0.8117647058823529,-276,-24,3,14921.75,14983.75,7.25,145.0,140.5,15065.0,15080.0,15030.0,15097.98021245259,14870.031122092107,15106.4160642635,14861.596114724896,14877.5,14985.0,14802.5,16:00,below_val,inside_both,in_week_va,neg,pos
short,2021-07-29 11:30:00-04:00,2021-07-29,2021-07-29 16:00:00-04:00,tp,15056.875,15008.982142857141,15057.0,15088.82142857143,15008.857142857141,16.321428571428573,0.7611940298507462,-280,-66,59,15063.0,15071.0,47.8928571428587,957.857142857174,953.357142857174,15060.0,15082.5,15005.0,15083.305314528081,14884.704551033361,15078.22890720253,14889.780450201552,14877.5,14985.0,14802.5,11:00,in_va,inside_both,above_week_vah,neg,pos
short,2021-07-29 14:35:00-04:00,2021-07-29,2021-07-29 16:00:00-04:00,tp,15045.875,15013.946428571428,15046.0,15068.464285714286,15013.821428571428,9.714285714285714,0.7384615384615385,-340,-122,8,15048.0,15056.25,31.928571428572468,638.5714285714494,634.0714285714494,15065.0,15080.0,15027.5,15094.93794417836,14873.0730858299,15097.22142451418,14870.789834074501,14877.5,14985.0,14802.5,14:00,in_va,inside_both,above_week_vah,neg,pos
short,2021-08-03 10:05:00-04:00,2021-08-03,2021-08-03 11:40:00-04:00,sl,14866.875,14947.94642857143,14867.0,14947.82142857143,14761.607142857141,24.571428571428573,0.8375,-1332,-28,73,14887.5,14895.25,-81.07142857142935,-1621.428571428587,-1625.928571428587,14967.5,14992.5,14955.0,15037.477213750946,14908.362955531114,15044.889066721278,14900.964085420816,14492.5,14862.5,14445.0,10:00,below_val,outside_both,above_week_vah,neg,pos
short,2021-07-30 13:15:00-04:00,2021-07-30,2021-07-30 16:55:00-04:00,eod,14960.125,14966.625,14960.25,14985.25,14923.75,11.5,0.7384615384615385,-390,-106,36,14961.75,14971.0,-6.5,-130.0,-134.5,14937.5,14977.5,14890.0,15024.391570138534,14753.92752475982,15012.25139118684,14766.033912573068,14877.5,14985.0,14802.5,13:00,in_va,inside_both,in_week_va,neg,pos
short,2021-08-02 09:40:00-04:00,2021-08-02,2021-08-02 10:15:00-04:00,sl,14955.125,15005.80357142857,14955.25,15005.67857142857,14889.142857142859,15.678571428571429,0.7898089171974523,-867,-180,15,14962.75,14968.25,-50.67857142857065,-1013.571428571413,-1018.071428571413,15027.5,15042.5,15007.5,15068.82794042072,14925.090144883017,15066.88958595359,14927.020663250134,14492.5,14862.5,14445.0,09:00,below_val,inside_both,above_week_vah,neg,pos
short,2021-08-03 14:45:00-04:00,2021-08-03,2021-08-03 15:30:00-04:00,sl,15008.125,15045.125,15008.25,15045.0,14957.75,13.75,0.8415841584158416,-333,-64,35,15017.0,15021.5,-37.0,-740.0,-744.5,14985.0,15035.0,14917.5,15083.110586875804,14862.809515413363,15097.368199670167,14848.576876750583,14492.5,14862.5,14445.0,14:00,in_va,inside_both,above_week_vah,neg,pos
short,2021-08-10 11:05:00-04:00,2021-08-10,2021-08-10 12:00:00-04:00,sl,15009.375,15062.69642857143,15009.5,15062.57142857143,14929.107142857141,27.321428571428573,0.7307692307692307,-517,-7,104,15012.0,15020.25,-53.32142857142935,-1066.428571428587,-1070.928571428587,15142.5,15157.5,15077.5,15216.210830638393,15055.123217513996,15222.999253012189,15048.342751460787,15062.5,15122.5,14940.0,11:00,below_val,outside_both,in_week_va,neg,pos
short,2021-08-04 14:55:00-04:00,2021-08-04,2021-08-04 16:55:00-04:00,eod,15076.375,15081.625,15076.5,15098.625,15042.75,11.625,0.7692307692307693,-360,-67,6,15078.25,15086.25,-5.25,-105.0,-109.5,15050.0,15062.5,15022.5,15135.311066772732,14943.994922383768,15156.342855556693,14922.976065055096,14492.5,14862.5,14445.0,14:00,above_vah,inside_both,above_week_vah,neg,pos
short,2021-08-06 10:45:00-04:00,2021-08-06,2021-08-06 16:55:00-04:00,eod,15088.375,15092.875,15088.5,15132.964285714286,15024.821428571428,19.214285714285715,0.8918918918918919,-1193,-101,6,15095.0,15104.5,-4.5,-90.0,-94.5,15110.0,15132.5,15097.5,15245.920795985021,15035.384750491095,15245.526981377738,15035.776942779732,14492.5,14862.5,14445.0,10:00,below_val,inside_both,above_week_vah,neg,pos
short,2021-08-10 14:00:00-04:00,2021-08-10,2021-08-10 16:55:00-04:00,eod,15035.625,15048.125,15035.75,15068.035714285714,14992.928571428572,10.535714285714286,0.8314606741573034,-517,-98,145,15044.0,15049.25,-12.5,-250.0,-254.5,15142.5,15157.5,15050.0,15246.056487111833,15025.312541423029,15255.054247180995,15016.325327112474,15062.5,15122.5,14940.0,14:00,below_val,inside_both,in_week_va,neg,pos
short,2021-08-11 13:35:00-04:00,2021-08-11,2021-08-11 15:50:00-04:00,sl,14998.125,15028.892857142857,14998.25,15028.767857142857,14954.464285714286,13.267857142857142,0.7733333333333333,-383,-48,53,15008.5,15023.5,-30.767857142856883,-615.3571428571377,-619.8571428571377,14995.0,15052.5,14967.5,15201.628833570901,14944.965231892775,15207.361023719553,14939.252119621025,15062.5,15122.5,14940.0,13:00,in_va,inside_both,in_week_va,neg,pos
short,2021-08-16 09:50:00-04:00,2021-08-16,2021-08-16 10:15:00-04:00,tp,15028.875,14951.053571428572,15029.0,15091.785714285714,14950.928571428572,15.285714285714286,0.9393939393939394,-1790,-89,10,15033.0,15045.25,77.82142857142753,1556.4285714285506,1551.9285714285506,15100.0,15112.5,15082.5,15163.677138501103,15038.189305031607,15166.858781350773,15035.016551509436,15027.5,15105.0,14950.0,09:00,below_val,outside_both,in_week_va,neg,pos
short,2021-08-17 12:45:00-04:00,2021-08-17,2021-08-17 13:25:00-04:00,sl,14909.625,14953.25,14909.75,14953.125,14843.75,22.625,0.7346938775510204,-422,-235,90,14917.25,14949.25,-43.625,-872.5,-877.0,14977.5,15052.5,14955.0,15189.755847098046,14963.667438935023,15230.988479611759,14922.753552242524,15027.5,15105.0,14950.0,12:00,below_val,outside_both,below_week_val,neg,pos
short,2021-08-16 15:35:00-04:00,2021-08-16,2021-08-16 15:55:00-04:00,sl,15101.625,15122.125,15101.75,15122.0,15072.5,9.0,0.9130434782608695,-512,-28,-8,15109.5,15113.75,-20.5,-410.0,-414.5,15092.5,15117.5,14992.5,15180.501785026765,15021.411665602607,15232.202878806489,14969.85502171127,15027.5,15105.0,14950.0,15:00,in_va,inside_both,in_week_va,neg,neg
short,2021-08-17 11:25:00-04:00,2021-08-17,2021-08-17 12:45:00-04:00,tp,14982.875,14909.767857142859,14983.0,15032.05357142857,14909.642857142859,24.303571428571427,0.7459016393442623,-495,-75,15,14990.5,15014.0,73.1071428571413,1462.142857142826,1457.642857142826,15002.5,15040.0,14962.5,15207.577615088881,14945.98344080576,15226.818102210394,14926.891690849308,15027.5,15105.0,14950.0,11:00,in_va,inside_both,in_week_va,neg,pos
short,2021-08-18 15:45:00-04:00,2021-08-18,2021-08-18 16:35:00-04:00,tp,14893.625,14811.803571428572,14893.75,14956.285714285714,14811.678571428572,19.535714285714285,0.8186528497409327,-1230,-157,107,14898.0,14909.5,81.82142857142753,1636.4285714285506,1631.9285714285506,14987.5,15012.5,14970.0,15041.46163253502,14906.578141178345,15085.32216955778,14862.74542190418,15027.5,15105.0,14950.0,15:00,below_val,inside_90_only,below_week_val,neg,pos
short,2021-08-18 14:10:00-04:00,2021-08-18,2021-08-18 15:55:00-04:00,tp,14952.875,14861.982142857141,14953.0,15026.82142857143,14861.857142857141,17.321428571428573,0.7518518518518519,-1268,-186,-145,14965.0,14987.75,90.8928571428587,1817.857142857174,1813.357142857174,14990.0,15010.0,14975.0,15036.854527416903,14911.182324323761,15081.560293709344,14866.504911851218,15027.5,15105.0,14950.0,14:00,below_val,inside_both,in_week_va,neg,neg
short,2021-08-19 14:25:00-04:00,2021-08-19,2021-08-19 15:00:00-04:00,sl,14879.125,14949.25,14879.25,14949.125,14787.75,21.625,0.82,-792,-80,144,14886.25,14896.75,-70.125,-1402.5,-1407.0,14840.0,14912.5,14712.5,14894.108329569799,14720.37994593407,14944.330836462641,14670.376577645717,15027.5,15105.0,14950.0,14:00,in_va,inside_both,below_week_val,neg,pos
short,2021-08-19 13:25:00-04:00,2021-08-19,2021-08-19 14:25:00-04:00,tp,14944.125,14893.446428571428,14944.25,14979.589285714286,14893.321428571428,15.589285714285714,0.8536585365853658,-345,-38,32,14952.25,14958.5,50.67857142857247,1013.5714285714494,1009.0714285714494,14840.0,14882.5,14715.0,14889.20868263948,14725.258213967609,14940.664749388035,14674.026668282568,15027.5,15105.0,14950.0,13:00,above_vah,outside_both,below_week_val,neg,pos
short,2021-08-20 11:35:00-04:00,2021-08-20,2021-08-20 15:20:00-04:00,sl,15040.125,15085.67857142857,15040.25,15085.55357142857,14978.392857142859,16.553571428571427,0.7348484848484849,-758,-18,27,15046.5,15051.25,-45.55357142857065,-911.071428571413,-915.571428571413,15057.5,15097.5,14950.0,15044.104288069915,14873.285991595498,15068.639701603572,14848.799326086864,15027.5,15105.0,14950.0,11:00,in_va,inside_both,in_week_va,neg,pos
short,2021-08-23 12:15:00-04:00,2021-08-23,2021-08-23 12:30:00-04:00,sl,15299.625,15316.57142857143,15299.75,15316.44642857143,15274.107142857141,8.946428571428571,0.8571428571428571,-717,-90,-1,15306.0,15307.0,-16.94642857142935,-338.928571428587,-343.428571428587,15127.5,15252.5,15105.0,15203.7936019137,15018.368849019153,15225.632087863629,14996.576560699315,15112.5,15137.5,15030.0,12:00,above_vah,outside_both,above_week_vah,neg,neg
short,2021-08-24 11:25:00-04:00,2021-08-24,2021-08-24 16:55:00-04:00,eod,15341.125,15363.625,15341.25,15373.142857142857,15297.464285714286,11.892857142857142,0.9506172839506173,-675,-9,6,15351.5,15359.75,-22.5,-450.0,-454.5,15332.5,15365.0,15325.0,15423.731295927892,15237.798209002873,15428.00385000043,15233.52704816206,15112.5,15137.5,15030.0,11:00,in_va,inside_both,above_week_vah,neg,pos
short,2021-08-26 10:20:00-04:00,2021-08-26,2021-08-26 11:00:00-04:00,tp,15321.625,15266.339285714286,15321.75,15362.392857142857,15266.214285714286,14.892857142857142,0.7711864406779662,-814,-177,91,15331.25,15335.0,55.285714285713766,1105.7142857142753,1101.2142857142753,15345.0,15360.0,15332.5,15435.827044921503,15266.566872155316,15434.015116821676,15268.374997708735,15112.5,15137.5,15030.0,10:00,below_val,inside_both,above_week_vah,neg,pos
short,2021-08-27 11:25:00-04:00,2021-08-27,2021-08-27 11:55:00-04:00,sl,15382.375,15417.232142857143,15382.5,15417.107142857143,15331.035714285714,16.857142857142858,0.8421052631578947,-498,-24,11,15387.25,15398.25,-34.85714285714312,-697.1428571428623,-701.6428571428623,15320.0,15385.0,15270.0,15390.489195328044,15197.841222712332,15388.389250591346,15199.93928036713,15112.5,15137.5,15030.0,11:00,in_va,inside_both,above_week_vah,neg,pos
short,2021-08-31 09:30:00-04:00,2021-08-31,2021-08-31 16:55:00-04:00,eod,15553.625,15599.625,15553.75,15622.660714285714,15471.428571428572,13.410714285714286,0.8143939393939394,-1323,-468,27,15567.5,15573.0,-46.0,-920.0,-924.5,15595.0,15630.0,15562.5,15612.15270343717,15601.847594669729,15610.75206338463,15603.248144980798,14982.5,15060.0,14890.0,09:00,below_val,outside_both,above_week_vah,neg,pos
short,2021-08-31 11:00:00-04:00,2021-08-31,2021-08-31 11:40:00-04:00,sl,15539.625,15581.160714285714,15539.75,15581.035714285714,15478.928571428572,19.535714285714285,0.8260869565217391,-499,-21,140,15542.0,15556.5,-41.535714285713766,-830.7142857142753,-835.2142857142753,15547.5,15592.5,15525.0,15691.61125377024,15522.394135385855,15687.183176181725,15526.821929259646,14982.5,15060.0,14890.0,11:00,in_va,inside_both,above_week_vah,neg,pos
short,2021-08-31 13:15:00-04:00,2021-08-31,2021-08-31 14:30:00-04:00,sl,15575.625,15592.535714285714,15575.75,15592.410714285714,15549.928571428572,9.160714285714286,0.7878787878787878,-418,-45,-87,15579.5,15582.0,-16.910714285713766,-338.2142857142753,-342.7142857142753,15552.5,15587.5,15530.0,15700.384336915537,15513.62161434744,15708.818764335665,15505.187727335922,14982.5,15060.0,14890.0,13:00,in_va,inside_both,above_week_vah,neg,neg
short,2021-09-01 14:30:00-04:00,2021-09-01,2021-09-01 15:55:00-04:00,tp,15642.375,15604.410714285714,15642.5,15673.732142857143,15604.285714285714,6.982142857142857,0.8529411764705882,-1047,-32,41,15650.0,15654.75,37.964285714286234,759.2857142857247,754.7857142857247,15680.0,15687.5,15652.5,15710.538458242061,15518.867900679985,15734.364444854828,15495.08802715892,14982.5,15060.0,14890.0,14:00,below_val,inside_both,above_week_vah,neg,pos
short,2021-09-02 12:15:00-04:00,2021-09-02,2021-09-02 14:00:00-04:00,tp,15608.875,15570.160714285714,15609.0,15637.357142857143,15570.035714285714,10.607142857142858,0.7011494252873564,-791,-211,107,15615.25,15621.75,38.714285714286234,774.2857142857247,769.7857142857247,15630.0,15657.5,15620.0,15752.97011086456,15525.594853886312,15761.759048705975,15516.838590761557,14982.5,15060.0,14890.0,12:00,below_val,inside_both,above_week_vah,neg,pos
short,2021-09-02 11:05:00-04:00,2021-09-02,2021-09-02 11:15:00-04:00,sl,15620.875,15651.464285714286,15621.0,15651.339285714286,15576.821428571428,13.839285714285714,0.8767123287671232,-734,-146,10,15622.5,15633.25,-30.589285714286234,-611.7857142857247,-616.2857142857247,15642.5,15662.5,15617.5,15741.771640070403,15536.751692020549,15746.576525559058,15531.96466969975,14982.5,15060.0,14890.0,11:00,in_va,inside_both,above_week_vah,neg,pos
short,2021-09-03 10:35:00-04:00,2021-09-03,2021-09-03 13:15:00-04:00,sl,15607.625,15666.017857142857,15607.75,15665.892857142857,15523.214285714286,26.392857142857142,0.875968992248062,-1071,-2,13,15619.0,15624.0,-58.39285714285688,-1167.8571428571377,-1172.3571428571377,15620.0,15630.0,15570.0,15663.08140203566,15493.349390294334,15669.98913273301,15486.46169548077,14982.5,15060.0,14890.0,10:00,in_va,inside_both,above_week_vah,neg,pos
short,2021-09-08 10:30:00-04:00,2021-09-08,2021-09-08 16:55:00-04:00,eod,15592.875,15609.875,15593.0,15653.82142857143,15511.357142857141,20.821428571428573,0.7845303867403315,-969,-23,66,15610.5,15618.25,-17.0,-340.0,-344.5,15620.0,15662.5,15617.5,15729.216231409548,15608.805673732648,15736.849794782724,15601.175032856932,15352.5,15380.0,15290.0,10:00,below_val,outside_both,above_week_vah,neg,pos
short,2021-09-03 12:30:00-04:00,2021-09-03,2021-09-03 13:10:00-04:00,sl,15640.125,15661.75,15640.25,15661.625,15610.0,8.875,0.8269230769230769,-490,-72,23,15642.5,15648.5,-21.625,-432.5,-437.0,15645.0,15652.5,15595.0,15679.929522163016,15476.550138166,15687.602506965812,15468.899408867735,14982.5,15060.0,14890.0,12:00,in_va,inside_both,above_week_vah,neg,pos
short,2021-09-07 11:05:00-04:00,2021-09-07,2021-09-07 12:20:00-04:00,sl,15655.625,15690.964285714286,15655.75,15690.839285714286,15603.821428571428,16.839285714285715,0.8024691358024691,-927,-109,30,15666.75,15673.0,-35.339285714286234,-706.7857142857247,-711.2857142857247,15637.5,15662.5,15620.0,15769.46963221349,15586.732403477805,15778.973182419775,15577.256998488274,15352.5,15380.0,15290.0,11:00,in_va,inside_both,above_week_vah,neg,pos
short,2021-09-08 10:50:00-04:00,2021-09-08,2021-09-08 12:25:00-04:00,sl,15545.125,15603.482142857143,15545.25,15603.357142857143,15463.785714285714,23.357142857142858,0.7192982456140351,-925,46,264,15557.0,15565.0,-58.35714285714312,-1167.1428571428623,-1171.6428571428623,15620.0,15670.0,15615.0,15733.901439150099,15604.122259716343,15743.60598094134,15594.421433293324,15352.5,15380.0,15290.0,10:00,below_val,outside_both,above_week_vah,pos,pos
short,2021-09-14 10:35:00-04:00,2021-09-14,2021-09-14 11:45:00-04:00,sl,15398.375,15472.410714285714,15398.5,15472.285714285714,15296.178571428572,28.535714285714285,0.8723404255319149,-1071,-2,111,15419.5,15439.0,-74.03571428571377,-1480.7142857142753,-1485.2142857142753,15432.5,15480.0,15405.0,15565.875097930586,15372.34909997822,15558.74079068191,15379.461533796144,15582.5,15657.5,15567.5,10:00,below_val,inside_both,below_week_val,neg,pos
short,2021-09-14 12:40:00-04:00,2021-09-14,2021-09-14 14:20:00-04:00,tp,15422.125,15379.375,15422.25,15451.5,15379.25,13.75,0.7922077922077922,-278,-275,12,15423.75,15428.25,42.75,855.0,850.5,15432.5,15467.5,15400.0,15563.828918957503,15374.389005468469,15575.530748415496,15362.72305323687,15582.5,15657.5,15567.5,12:00,in_va,inside_both,below_week_val,neg,pos
short,2021-09-14 11:50:00-04:00,2021-09-14,2021-09-14 12:00:00-04:00,sl,15458.125,15487.267857142857,15458.25,15487.142857142857,15412.464285714286,16.892857142857142,0.7222222222222222,-354,-58,60,15462.75,15468.0,-29.142857142856883,-582.8571428571377,-587.3571428571377,15432.5,15465.0,15395.0,15579.200447468833,15359.064605298092,15578.088947052422,15360.172697909577,15582.5,15657.5,15567.5,11:00,in_va,inside_both,below_week_val,neg,pos
short,2021-09-17 10:35:00-04:00,2021-09-17,2021-09-17 13:50:00-04:00,tp,15354.625,15278.017857142859,15354.75,15406.17857142857,15277.892857142859,25.428571428571427,0.78125,-1248,-333,7,15358.75,15367.5,76.6071428571413,1532.142857142826,1527.642857142826,15377.5,15475.0,15365.0,15551.582167159002,15430.217100222724,15564.03240876656,15417.778306282153,15582.5,15657.5,15567.5,10:00,below_val,outside_both,below_week_val,neg,pos
short,2021-09-17 10:10:00-04:00,2021-09-17,2021-09-17 11:30:00-04:00,tp,15373.625,15309.803571428572,15373.75,15415.910714285714,15309.678571428572,21.910714285714285,0.8404255319148937,-661,-86,3,15384.0,15395.75,63.82142857142753,1276.4285714285506,1271.9285714285506,15395.0,15485.0,15377.5,15549.626218824513,15432.171250114592,15551.129044409909,15430.66980633747,15582.5,15657.5,15567.5,10:00,below_val,outside_both,below_week_val,neg,pos
short,2021-09-17 13:45:00-04:00,2021-09-17,2021-09-17 15:40:00-04:00,sl,15282.625,15328.32142857143,15282.75,15328.19642857143,15221.107142857141,16.196428571428573,0.9256198347107438,-1038,-77,8,15304.5,15316.0,-45.69642857142935,-913.928571428587,-918.428571428587,15347.5,15402.5,15292.5,15562.208938626305,15419.600099789968,15589.590014063007,15392.244200525998,15582.5,15657.5,15567.5,13:00,below_val,outside_both,below_week_val,neg,pos
short,2021-09-17 16:35:00-04:00,2021-09-17,2021-09-17 16:55:00-04:00,eod,15281.125,15282.875,15281.25,15313.892857142857,15231.464285714286,17.142857142857142,0.921875,-277,-15,4,15288.0,15291.25,-1.75,-35.0,-39.5,15312.5,15377.5,15277.5,15575.232350411447,15406.588662686589,15594.924509218452,15386.914610297381,15582.5,15657.5,15567.5,16:00,in_va,outside_both,below_week_val,neg,pos
short,2021-09-20 10:00:00-04:00,2021-09-20,2021-09-20 11:50:00-04:00,tp,15072.875,14969.232142857141,15073.0,15144.07142857143,14969.107142857141,32.82142857142857,0.7219251336898396,-532,16,125,15080.5,15121.5,103.6428571428587,2072.857142857174,2068.357142857174,15110.0,15175.0,15050.0,15327.40596058936,15031.948159732692,15328.022767961555,15031.339696730733,15650.0,15697.5,15587.5,10:00,in_va,inside_both,below_week_val,pos,pos
short,2021-09-21 10:05:00-04:00,2021-09-21,2021-09-21 12:00:00-04:00,sl,15015.125,15113.589285714286,15015.25,15113.464285714286,14884.321428571428,32.714285714285715,0.8517110266159695,-1127,-36,49,15049.25,15072.0,-98.46428571428623,-1969.2857142857247,-1973.7857142857247,15065.0,15112.5,15030.0,15135.598461653599,14937.974304984396,15133.88101988674,14939.681355956696,15650.0,15697.5,15587.5,10:00,below_val,inside_both,below_week_val,neg,pos
short,2021-09-21 10:45:00-04:00,2021-09-21,2021-09-21 11:30:00-04:00,sl,14995.125,15091.714285714286,14995.25,15091.589285714286,14860.321428571428,38.589285714285715,0.8048780487804879,-1263,-127,87,15008.5,15038.25,-96.58928571428623,-1931.7857142857247,-1936.2857142857247,15042.5,15090.0,15007.5,15139.390390545188,14934.205317862858,15151.831682515063,14921.83929767884,15650.0,15697.5,15587.5,10:00,below_val,inside_both,below_week_val,neg,pos
short,2021-09-21 12:50:00-04:00,2021-09-21,2021-09-21 16:10:00-04:00,tp,15051.625,14979.946428571428,15051.75,15105.089285714286,14979.821428571428,18.589285714285715,0.7670454545454546,-872,85,11,15084.5,15094.25,71.67857142857247,1433.5714285714494,1429.0714285714494,15042.5,15115.0,15030.0,15150.759814066052,14922.90468115406,15165.663276145715,14908.091387379176,15650.0,15697.5,15587.5,12:00,in_va,inside_both,below_week_val,pos,pos
short,2021-09-23 11:00:00-04:00,2021-09-23,2021-09-23 16:55:00-04:00,eod,15307.375,15296.125,15307.5,15348.339285714286,15245.321428571428,21.339285714285715,0.8690476190476191,-590,-119,8,15320.75,15325.5,11.25,225.0,220.5,15320.0,15337.5,15220.0,15270.881313161351,15118.247166215257,15282.421948324301,15106.73118931326,15650.0,15697.5,15587.5,11:00,in_va,outside_both,below_week_val,neg,pos
short,2021-09-23 11:15:00-04:00,2021-09-23,2021-09-23 13:05:00-04:00,sl,15281.125,15321.982142857143,15281.25,15321.857142857143,15221.035714285714,19.607142857142858,0.872093023255814,-687,-36,13,15286.0,15290.75,-40.85714285714312,-817.1428571428623,-821.6428571428623,15320.0,15332.5,15222.5,15271.7034542754,15117.426781726372,15286.359435137581,15102.802115518502,15650.0,15697.5,15587.5,11:00,in_va,inside_90_only,below_week_val,neg,pos
short,2021-09-24 10:50:00-04:00,2021-09-24,2021-09-24 11:50:00-04:00,sl,15210.375,15252.82142857143,15210.5,15252.69642857143,15142.357142857141,25.946428571428573,0.7241379310344828,-470,-95,30,15211.5,15218.5,-42.44642857142935,-848.928571428587,-853.428571428587,15227.5,15245.0,15200.0,15366.224163953397,15136.43787963413,15363.828863103157,15138.81912594388,15650.0,15697.5,15587.5,10:00,in_va,inside_both,below_week_val,neg,pos
short,2021-09-24 13:30:00-04:00,2021-09-24,2021-09-24 15:20:00-04:00,sl,15273.875,15306.32142857143,15274.0,15306.19642857143,15230.607142857141,11.196428571428571,0.898876404494382,-495,-45,11,15276.5,15285.75,-32.44642857142935,-648.928571428587,-653.428571428587,15225.0,15255.0,15202.5,15381.408573232102,15121.342565591614,15386.339112778354,15116.440956218235,15650.0,15697.5,15587.5,13:00,above_vah,inside_both,below_week_val,neg,pos
short,2021-09-24 13:55:00-04:00,2021-09-24,2021-09-24 14:35:00-04:00,sl,15261.875,15280.80357142857,15262.0,15280.67857142857,15232.392857142859,10.928571428571429,0.8181818181818182,-302,-10,16,15267.0,15276.25,-18.92857142857065,-378.571428571413,-383.071428571413,15225.0,15255.0,15200.0,15390.16874293723,15112.63379659458,15389.520936179291,15113.277802315875,15650.0,15697.5,15587.5,13:00,above_vah,inside_both,below_week_val,neg,pos
short,2021-09-27 13:30:00-04:00,2021-09-27,2021-09-27 14:05:00-04:00,sl,15181.625,15208.767857142857,15181.75,15208.642857142857,15139.464285714286,15.392857142857142,0.7288135593220338,-356,-180,18,15188.0,15191.5,-27.142857142856883,-542.8571428571377,-547.3571428571377,15190.0,15210.0,15115.0,15408.77381202306,15096.260002022116,15409.368506723282,15095.670499593987,15420.0,15472.5,15340.0,13:00,in_va,inside_both,below_week_val,neg,pos
short,2021-09-28 10:05:00-04:00,2021-09-28,2021-09-28 11:15:00-04:00,tp,14881.125,14776.589285714286,14881.25,14953.142857142857,14776.464285714286,32.892857142857146,0.7660818713450293,-540,0,48,14907.0,14913.25,104.53571428571377,2090.7142857142753,2086.2142857142753,14970.0,15027.5,14920.0,15233.578838157715,14940.116768900703,15223.195101012117,14950.384153983901,15420.0,15472.5,15340.0,10:00,below_val,outside_both,below_week_val,zero,pos
short,2021-09-29 10:10:00-04:00,2021-09-29,2021-09-29 12:15:00-04:00,tp,14853.375,14753.410714285714,14853.5,14920.857142857143,14753.285714285714,32.857142857142854,0.9166666666666666,-739,-41,16,14862.5,14873.0,99.96428571428623,1999.2857142857247,1994.7857142857247,14835.0,14882.5,14810.0,14879.758950195748,14706.19924236198,14871.116854222066,14714.812322845812,15420.0,15472.5,15340.0,10:00,in_va,inside_both,below_week_val,neg,pos
short,2021-09-29 12:20:00-04:00,2021-09-29,2021-09-29 14:05:00-04:00,sl,14741.125,14800.964285714286,14741.25,14800.839285714286,14656.571428571428,25.089285714285715,0.88,-706,-127,52,14757.25,14762.5,-59.839285714286234,-1196.7857142857247,-1201.2857142857247,14835.0,14890.0,14810.0,14904.163727068688,14681.876403546397,14899.421900971542,14686.60230915303,15420.0,15472.5,15340.0,12:00,below_val,inside_both,below_week_val,neg,pos
short,2021-09-30 12:05:00-04:00,2021-09-30,2021-09-30 13:05:00-04:00,sl,14700.875,14760.839285714286,14701.0,14760.714285714286,14613.321428571428,27.964285714285715,0.816793893129771,-741,-113,77,14711.0,14731.0,-59.964285714286234,-1199.2857142857247,-1203.7857142857247,14827.5,14862.5,14795.0,14900.603456532464,14671.936408308005,14895.524434294566,14676.999226099459,15420.0,15472.5,15340.0,12:00,below_val,inside_both,below_week_val,neg,pos
short,2021-09-30 11:35:00-04:00,2021-09-30,2021-09-30 14:50:00-04:00,sl,14760.125,14823.589285714286,14760.25,14823.464285714286,14666.821428571428,30.214285714285715,0.8666666666666667,-585,-34,181,14771.5,14784.5,-63.464285714286234,-1269.2857142857247,-1273.7857142857247,14827.5,14852.5,14795.0,14892.924067987235,14679.591296027174,14890.978640888636,14681.530516307266,15420.0,15472.5,15340.0,11:00,below_val,inside_both,below_week_val,neg,pos
short,2021-09-30 13:20:00-04:00,2021-09-30,2021-09-30 14:00:00-04:00,sl,14734.875,14789.107142857143,14735.0,14788.982142857143,14654.285714285714,26.732142857142858,0.768595041322314,-364,-53,12,14742.75,14755.5,-54.23214285714312,-1084.6428571428623,-1089.1428571428623,14827.5,14875.0,14780.0,14907.455254256982,14665.10647100939,14898.67586111212,14673.857853801203,15420.0,15472.5,15340.0,13:00,below_val,inside_both,below_week_val,neg,pos
short,2021-09-30 14:55:00-04:00,2021-09-30,2021-09-30 15:15:00-04:00,sl,14776.875,14818.42857142857,14777.0,14818.30357142857,14711.392857142859,24.303571428571427,0.84,-359,-30,4,14780.5,14788.75,-41.55357142857065,-831.071428571413,-835.571428571413,14805.0,14877.5,14775.0,14926.625736354566,14645.997151678164,14901.433964327189,14671.108550219946,15420.0,15472.5,15340.0,14:00,in_va,inside_both,below_week_val,neg,pos
short,2021-10-01 10:15:00-04:00,2021-10-01,2021-10-01 11:10:00-04:00,sl,14566.375,14650.07142857143,14566.5,14649.94642857143,14449.857142857141,33.19642857142857,0.8755555555555555,-1219,-205,8,14593.75,14605.25,-83.69642857142935,-1673.928571428587,-1678.428571428587,14610.0,14677.5,14557.5,14772.230636090653,14630.094455261531,14764.777796273576,14637.538302019002,15420.0,15472.5,15340.0,10:00,in_va,outside_both,below_week_val,neg,pos
short,2021-10-04 10:15:00-04:00,2021-10-04,2021-10-04 10:50:00-04:00,tp,14521.125,14416.696428571428,14521.25,14594.714285714286,14416.571428571428,31.214285714285715,0.8162162162162162,-1007,-99,23,14544.5,14555.5,104.42857142857247,2088.5714285714494,2084.0714285714494,14700.0,14757.5,14592.5,14842.147852557628,14639.672744524827,14833.258375245641,14648.518307587288,15032.5,15245.0,14980.0,10:00,below_val,outside_both,below_week_val,neg,pos
short,2021-10-04 11:20:00-04:00,2021-10-04,2021-10-04 16:55:00-04:00,eod,14430.375,14489.125,14430.5,14503.17857142857,14323.642857142859,34.17857142857143,0.8197674418604651,-383,-34,71,14440.5,14456.75,-58.75,-1175.0,-1179.5,14450.0,14675.0,14405.0,14854.143741652315,14627.736115434804,14855.106330137489,14626.778282161826,15032.5,15245.0,14980.0,11:00,in_va,outside_both,below_week_val,neg,pos
short,2021-10-04 12:40:00-04:00,2021-10-04,2021-10-04 13:10:00-04:00,sl,14381.375,14427.857142857143,14381.5,14427.732142857143,14308.535714285714,26.732142857142858,0.7244897959183674,-294,-257,17,14390.0,14402.25,-46.48214285714312,-929.6428571428623,-934.1428571428623,14440.0,14642.5,14382.5,14868.901637028537,14613.051124446234,14861.023645847992,14620.8901981451,15032.5,15245.0,14980.0,12:00,below_val,outside_both,below_week_val,neg,pos
short,2021-10-04 13:00:00-04:00,2021-10-04,2021-10-04 13:10:00-04:00,sl,14367.875,14427.732142857143,14368.0,14427.607142857143,14283.035714285714,25.357142857142858,0.8188405797101449,-909,-10,-15,14376.25,14382.0,-59.85714285714312,-1197.1428571428623,-1201.6428571428623,14440.0,14620.0,14372.5,14873.175896465478,14608.797979962274,14864.174420802448,14617.754988101005,15032.5,15245.0,14980.0,13:00,below_val,outside_both,below_week_val,neg,neg
short,2021-10-04 13:25:00-04:00,2021-10-04,2021-10-04 14:05:00-04:00,sl,14395.375,14443.267857142857,14395.5,14443.142857142857,14320.464285714286,27.392857142857142,0.7551020408163265,-266,-53,151,14396.5,14411.75,-47.89285714285688,-957.8571428571377,-962.3571428571377,14440.0,14602.5,14367.5,14872.799925627372,14609.172093494642,14867.217804476564,14614.726638821532,15032.5,15245.0,14980.0,13:00,in_va,outside_both,below_week_val,neg,pos
short,2021-10-05 15:20:00-04:00,2021-10-05,2021-10-05 15:55:00-04:00,tp,14707.625,14656.410714285714,14707.75,14746.357142857143,14656.285714285714,12.857142857142858,0.9423076923076923,-621,-12,13,14712.5,14719.0,51.214285714286234,1024.2857142857247,1019.7857142857247,14735.0,14752.5,14537.5,14643.097701769677,14353.071165579318,14606.029766092372,14390.093108091793,15032.5,15245.0,14980.0,15:00,in_va,outside_both,below_week_val,neg,pos
short,2021-10-05 15:50:00-04:00,2021-10-05,2021-10-05 16:55:00-04:00,eod,14673.125,14661.625,14673.25,14722.089285714286,14607.821428571428,16.589285714285715,0.7452229299363057,-598,-256,42,14696.5,14699.25,11.5,230.0,225.5,14715.0,14752.5,14542.5,14634.500100468684,14361.658099145878,14606.45915177508,14389.664255182386,15032.5,15245.0,14980.0,15:00,in_va,outside_both,below_week_val,neg,pos
short,2021-10-06 11:15:00-04:00,2021-10-06,2021-10-06 13:35:00-04:00,sl,14621.375,14686.892857142857,14621.5,14686.767857142857,14512.964285714286,43.267857142857146,0.7391304347826086,-430,-114,8,14623.75,14647.0,-65.51785714285688,-1310.3571428571377,-1314.8571428571377,14637.5,14672.5,14522.5,14776.645603114699,14407.701937930577,14743.39398954802,14440.636604868605,15032.5,15245.0,14980.0,11:00,in_va,inside_both,below_week_val,neg,pos
short,2021-10-06 13:50:00-04:00,2021-10-06,2021-10-06 14:10:00-04:00,sl,14665.875,14720.535714285714,14666.0,14720.410714285714,14586.428571428572,25.160714285714285,0.9666666666666667,-665,-31,0,14683.25,14692.0,-54.660714285713766,-1093.2142857142753,-1097.7142857142753,14605.0,14672.5,14545.0,14797.941276990197,14386.609249453852,14761.54329849297,14422.660290905413,15032.5,15245.0,14980.0,13:00,in_va,inside_both,below_week_val,neg,zero
short,2021-10-08 13:15:00-04:00,2021-10-08,2021-10-08 14:15:00-04:00,sl,14792.875,14843.535714285714,14793.0,14843.410714285714,14726.928571428572,15.660714285714286,0.9577464788732394,-1232,13,1,14798.25,14806.0,-50.660714285713766,-1013.2142857142753,-1017.7142857142753,14880.0,14905.0,14830.0,15062.628840219963,14762.235039798736,15028.299929559389,14796.46739985929,15032.5,15245.0,14980.0,13:00,below_val,inside_14_only,below_week_val,pos,pos
short,2021-10-07 15:40:00-04:00,2021-10-07,2021-10-07 16:55:00-04:00,eod,14897.375,14891.375,14897.5,14944.5,14835.25,15.25,0.7734375,-868,-10,85,14901.25,14916.25,6.0,120.0,115.5,14980.0,15000.0,14917.5,15031.20956322095,14617.709012028497,14988.142680052273,14660.438039119634,15032.5,15245.0,14980.0,15:00,below_val,inside_both,below_week_val,neg,pos
short,2021-10-07 11:05:00-04:00,2021-10-07,2021-10-07 14:50:00-04:00,tp,14967.375,14915.196428571428,14967.5,15003.464285714286,14915.071428571428,16.464285714285715,0.7906976744186046,-493,-52,21,14976.5,14985.0,52.17857142857247,1043.5714285714494,1039.0714285714494,14980.0,14997.5,14892.5,15006.511098173778,14642.213719693937,14966.473473201755,14681.937252864282,15032.5,15245.0,14980.0,11:00,in_va,inside_14_only,below_week_val,neg,pos
short,2021-10-07 13:45:00-04:00,2021-10-07,2021-10-07 14:30:00-04:00,tp,14968.125,14933.303571428572,14968.25,14992.410714285714,14933.178571428572,10.910714285714286,0.8070175438596491,-294,-39,35,14968.5,14976.75,34.82142857142753,696.4285714285506,691.9285714285506,14980.0,15000.0,14907.5,15027.42479399742,14621.464090055679,14985.733923048443,14662.827899627287,15032.5,15245.0,14980.0,13:00,in_va,inside_both,below_week_val,neg,pos
short,2021-10-08 09:30:00-04:00,2021-10-08,2021-10-08 16:55:00-04:00,eod,14869.375,14805.625,14869.5,14981.732142857143,14718.535714285714,38.732142857142854,0.8614864864864865,-1781,-10,70,14928.75,14935.0,63.75,1275.0,1270.5,14900.0,14932.5,14852.5,14935.912334422308,14888.59515343504,14937.242263240016,14887.268965063002,15032.5,15245.0,14980.0,09:00,in_va,outside_both,below_week_val,neg,pos
short,2021-10-08 12:25:00-04:00,2021-10-08,2021-10-08 12:40:00-04:00,sl,14819.125,14850.214285714286,14819.25,14850.089285714286,14772.071428571428,16.339285714285715,0.7142857142857143,-490,-193,11,14822.5,14837.5,-31.089285714286234,-621.7857142857247,-626.2857142857247,14880.0,14920.0,14845.0,15063.586982058634,14761.279592749026,15022.641561616676,14802.109853553358,15032.5,15245.0,14980.0,12:00,below_val,inside_both,below_week_val,neg,pos
short,2021-10-08 12:55:00-04:00,2021-10-08,2021-10-08 14:25:00-04:00,sl,14832.625,14864.55357142857,14832.75,14864.42857142857,14786.142857142859,14.928571428571429,0.9420289855072463,-216,-21,21,14842.0,14847.25,-31.92857142857065,-638.571428571413,-643.071428571413,14880.0,14905.0,14830.0,15070.54116318424,14754.344970366978,15027.570512063612,14797.194765856913,15032.5,15245.0,14980.0,12:00,in_va,inside_both,below_week_val,neg,pos
short,2021-10-08 15:35:00-04:00,2021-10-08,2021-10-08 16:55:00-04:00,eod,14821.625,14805.625,14821.75,14857.57142857143,14772.607142857141,13.321428571428571,0.7256637168141593,-743,-254,-11,14828.5,14833.75,16.0,320.0,315.5,14852.5,14902.5,14825.0,15066.407015042532,14758.467491152154,15034.011790462553,14790.771603654563,15032.5,15245.0,14980.0,15:00,below_val,inside_both,below_week_val,neg,neg
short,2021-10-11 12:00:00-04:00,2021-10-11,2021-10-11 13:20:00-04:00,tp,14836.375,14779.303571428572,14836.5,14879.660714285714,14779.178571428572,14.160714285714286,0.824,-935,-42,6,14840.5,14853.75,57.07142857142753,1141.4285714285506,1136.9285714285506,14862.5,14897.5,14750.0,14934.986857554011,14619.263843036644,14896.993085930695,14657.110700106217,14805.0,14920.0,14645.0,12:00,in_va,inside_both,in_week_va,neg,pos
short,2021-10-11 10:40:00-04:00,2021-10-11,2021-10-11 13:05:00-04:00,tp,14858.875,14795.339285714286,14859.0,14902.892857142857,14795.214285714286,19.892857142857142,0.8558558558558559,-773,-84,1,14877.0,14890.0,63.535714285713766,1270.7142857142753,1266.2142857142753,14747.5,14802.5,14687.5,14921.85329010693,14632.34662552298,14879.244813322912,14674.79034358248,14805.0,14920.0,14645.0,10:00,above_vah,inside_both,in_week_va,neg,pos
short,2021-10-12 09:40:00-04:00,2021-10-12,2021-10-12 16:55:00-04:00,eod,14690.625,14597.375,14690.75,14775.785714285714,14581.428571428572,24.285714285714285,0.712,-446,-84,406,14704.0,14759.25,93.25,1865.0,1860.5,14735.0,14777.5,14652.5,14806.429090850464,14638.307788262537,14794.942371275336,14649.736527512567,14805.0,14920.0,14645.0,09:00,in_va,inside_both,in_week_va,neg,pos
short,2021-10-12 15:40:00-04:00,2021-10-12,2021-10-12 16:55:00-04:00,eod,14631.625,14597.375,14631.75,14682.125,14561.75,19.625,0.8529411764705882,-706,-55,-8,14657.75,14667.5,34.25,685.0,680.5,14670.0,14712.5,14642.5,14898.679780514836,14546.52274285305,14861.544655276597,14583.470424964475,14805.0,14920.0,14645.0,15:00,below_val,inside_both,below_week_val,neg,neg
short,2021-10-13 10:10:00-04:00,2021-10-13,2021-10-13 13:30:00-04:00,sl,14678.625,14764.05357142857,14678.75,14763.92857142857,14560.392857142859,33.17857142857143,0.7254901960784313,-694,-193,109,14693.0,14702.75,-85.42857142857065,-1708.571428571413,-1713.071428571413,14722.5,14777.5,14690.0,14836.648914322546,14508.26246531644,14806.094490417427,14538.507133758572,14805.0,14920.0,14645.0,10:00,below_val,inside_both,in_week_va,neg,pos
short,2021-10-14 13:00:00-04:00,2021-10-14,2021-10-14 16:10:00-04:00,sl,15024.625,15049.42857142857,15024.75,15049.30357142857,14991.392857142859,8.803571428571429,0.7638888888888888,-482,-80,14,15032.25,15036.25,-24.80357142857065,-496.071428571413,-500.571428571413,14975.0,15042.5,14912.5,15061.351280009629,14627.591330929661,15016.715049102711,14671.772815135202,14805.0,14920.0,14645.0,13:00,in_va,inside_14_only,above_week_vah,neg,pos
short,2021-10-15 10:25:00-04:00,2021-10-15,2021-10-15 10:55:00-04:00,sl,15051.375,15100.660714285714,15051.5,15100.535714285714,14977.178571428572,25.285714285714285,0.7094017094017094,-649,-233,-8,15055.0,15060.5,-49.285714285713766,-985.7142857142753,-990.2142857142753,15072.5,15087.5,15057.5,15198.561666624913,14955.361179176254,15159.565093448824,14994.296370951435,14805.0,14920.0,14645.0,10:00,below_val,inside_both,above_week_vah,neg,neg
short,2021-10-15 11:35:00-04:00,2021-10-15,2021-10-15 14:55:00-04:00,sl,15084.125,15119.05357142857,15084.25,15118.92857142857,15034.892857142859,14.678571428571429,0.8152173913043478,-414,-32,-4,15102.0,15106.75,-34.92857142857065,-698.571428571413,-703.071428571413,15072.5,15092.5,15057.5,15214.318110671122,14939.629536094079,15177.800089498289,14976.09007715737,14805.0,14920.0,14645.0,11:00,in_va,inside_both,above_week_vah,neg,neg
short,2021-10-19 14:25:00-04:00,2021-10-19,2021-10-19 15:10:00-04:00,sl,15376.375,15394.07142857143,15376.5,15393.94642857143,15352.357142857141,6.696428571428571,0.8888888888888888,-342,-34,15,15383.0,15387.0,-17.69642857142935,-353.928571428587,-358.428571428587,15342.5,15372.5,15305.0,15463.120726668978,15155.484473736238,15430.624175152168,15187.89464053898,14705.0,14807.5,14370.0,14:00,above_vah,inside_both,above_week_vah,neg,pos
short,2021-10-20 13:05:00-04:00,2021-10-20,2021-10-20 16:55:00-04:00,eod,15357.875,15357.875,15358.0,15394.07142857143,15309.607142857141,12.321428571428571,0.9072164948453608,-761,-7,9,15364.25,15372.25,0.0,0.0,-4.5,15402.5,15425.0,15390.0,15563.636307718061,15266.947673978753,15521.76078774113,15308.798752594454,14705.0,14807.5,14370.0,13:00,below_val,inside_both,above_week_vah,neg,pos
short,2021-10-20 09:50:00-04:00,2021-10-20,2021-10-20 13:15:00-04:00,tp,15400.875,15335.589285714286,15401.0,15452.767857142857,15335.464285714286,13.767857142857142,0.803680981595092,-952,-243,194,15409.0,15418.75,65.28571428571377,1305.7142857142753,1301.2142857142753,15417.5,15425.0,15390.0,15485.339484061124,15345.198798359574,15464.49880261214,15366.027315789488,14705.0,14807.5,14370.0,09:00,in_va,inside_both,above_week_vah,neg,pos
short,2021-10-21 11:15:00-04:00,2021-10-21,2021-10-21 15:00:00-04:00,sl,15420.125,15446.839285714286,15420.25,15446.714285714286,15381.821428571428,11.964285714285714,0.7808219178082192,-470,-112,2,15420.5,15427.25,-26.714285714286234,-534.2857142857247,-538.7857142857247,15432.5,15445.0,15347.5,15473.44822489127,15231.134644049416,15443.94202255102,15260.619712550026,14705.0,14807.5,14370.0,11:00,in_va,inside_both,above_week_vah,neg,pos
short,2021-10-21 16:20:00-04:00,2021-10-21,2021-10-21 16:55:00-04:00,eod,15394.375,15381.375,15394.5,15423.785714285714,15349.678571428572,15.535714285714286,0.75,-224,-3,4,15403.5,15408.5,13.0,260.0,255.5,15432.5,15445.0,15347.5,15500.56169198199,15204.040596999912,15465.215856704799,15239.361115795971,14705.0,14807.5,14370.0,16:00,in_va,inside_both,above_week_vah,neg,pos
short,2021-10-22 11:15:00-04:00,2021-10-22,2021-10-22 11:45:00-04:00,tp,15356.625,15277.946428571428,15356.75,15413.589285714286,15277.821428571428,22.089285714285715,0.7873563218390804,-1163,-120,-4,15385.5,15403.0,78.67857142857247,1573.5714285714494,1569.0714285714494,15425.0,15435.0,15395.0,15506.292225517998,15297.681890500975,15509.561070810265,15294.42178827036,14705.0,14807.5,14370.0,11:00,below_val,inside_both,above_week_vah,neg,neg
short,2021-10-26 11:30:00-04:00,2021-10-26,2021-10-26 16:55:00-04:00,eod,15604.875,15522.875,15605.0,15692.375,15495.25,22.375,0.9242424242424242,-1570,-18,38,15624.5,15634.25,82.0,1640.0,1635.5,15645.0,15700.0,15597.5,15672.820334040052,15468.939562293597,15686.704226552949,15455.103736341305,14715.0,14892.5,14597.5,11:00,in_va,inside_both,above_week_vah,neg,pos
short,2021-10-26 10:55:00-04:00,2021-10-26,2021-10-26 11:35:00-04:00,tp,15668.625,15601.303571428572,15668.75,15716.285714285714,15601.178571428572,20.035714285714285,0.8888888888888888,-1043,-68,-6,15673.75,15683.75,67.32142857142753,1346.4285714285506,1341.9285714285506,15597.5,15655.0,15562.5,15669.113877326768,15472.633187113659,15686.626850237413,15455.180844777113,14715.0,14892.5,14597.5,10:00,above_vah,inside_both,above_week_vah,neg,neg
short,2021-10-27 10:00:00-04:00,2021-10-27,2021-10-27 12:00:00-04:00,sl,15587.625,15670.517857142857,15587.75,15670.392857142857,15482.714285714286,22.392857142857142,0.7482758620689656,-1277,-7,160,15614.75,15630.0,-82.89285714285688,-1657.8571428571377,-1662.3571428571377,15570.0,15600.0,15530.0,15627.58090895646,15466.094283865332,15621.166749012302,15472.488670858456,14715.0,14892.5,14597.5,10:00,in_va,inside_both,above_week_vah,neg,pos
short,2021-10-27 15:10:00-04:00,2021-10-27,2021-10-27 16:55:00-04:00,eod,15630.875,15593.125,15631.0,15683.0,15566.0,13.0,0.9382716049382716,-952,-44,-10,15664.0,15669.75,37.75,755.0,750.5,15627.5,15715.0,15582.5,15658.739628648294,15435.031617256698,15674.316921995916,15419.50234408027,14715.0,14892.5,14597.5,15:00,in_va,inside_both,above_week_vah,neg,neg
short,2021-10-27 15:45:00-04:00,2021-10-27,2021-10-27 16:55:00-04:00,eod,15613.375,15593.125,15613.5,15661.69642857143,15547.107142857141,18.196428571428573,0.746268656716418,-782,-94,5,15625.75,15637.25,20.25,405.0,400.5,15630.0,15715.0,15587.5,15667.960141106356,15425.83952890139,15677.336358966206,15416.49221513783,14715.0,14892.5,14597.5,15:00,in_va,inside_both,above_week_vah,neg,pos
short,2021-10-28 12:45:00-04:00,2021-10-28,2021-10-28 12:55:00-04:00,tp,15732.875,15695.446428571428,15733.0,15757.214285714286,15695.321428571428,13.464285714285714,0.9130434782608695,-312,-24,2,15736.75,15744.25,37.42857142857247,748.5714285714494,744.0714285714494,15670.0,15732.5,15640.0,15748.529044123004,15515.606854489413,15772.774055435219,15491.482134141546,14715.0,14892.5,14597.5,12:00,above_vah,inside_both,above_week_vah,neg,pos
short,2021-10-28 15:40:00-04:00,2021-10-28,2021-10-28 15:55:00-04:00,sl,15720.125,15762.17857142857,15720.25,15762.05357142857,15663.892857142859,14.553571428571429,0.8173913043478261,-530,-56,10,15726.0,15731.0,-42.05357142857065,-841.071428571413,-845.571428571413,15737.5,15752.5,15670.0,15757.159847024175,15507.018873082146,15780.630742984227,15483.66442733417,14715.0,14892.5,14597.5,15:00,in_va,inside_both,above_week_vah,neg,pos
short,2021-11-01 10:00:00-04:00,2021-11-01,2021-11-01 10:25:00-04:00,sl,15777.875,15826.410714285714,15778.0,15826.285714285714,15709.428571428572,20.285714285714285,0.72,-851,-128,9,15797.75,15804.0,-48.535714285713766,-970.7142857142753,-975.2142857142753,15820.0,15877.5,15802.5,15898.022539974907,15823.990327854131,15916.166849305031,15805.852880970802,15420.0,15437.5,15320.0,10:00,below_val,outside_both,above_week_vah,neg,pos
short,2021-11-02 10:05:00-04:00,2021-11-02,2021-11-02 11:45:00-04:00,sl,15921.125,15973.42857142857,15921.25,15973.30357142857,15851.392857142859,17.803571428571427,0.863013698630137,-1302,-163,48,15945.25,15959.25,-52.30357142857065,-1046.071428571413,-1050.571428571413,15867.5,15932.5,15852.5,15929.850284322294,15823.7080125577,15948.10384631476,15805.47972653973,15420.0,15437.5,15320.0,10:00,in_va,inside_both,above_week_vah,neg,pos
short,2021-11-03 10:00:00-04:00,2021-11-03,2021-11-03 14:00:00-04:00,sl,15939.125,15992.19642857143,15939.25,15992.07142857143,15869.857142857141,16.571428571428573,0.782608695652174,-1134,-143,33,15943.25,15977.0,-53.07142857142935,-1061.428571428587,-1065.928571428587,15975.0,15985.0,15962.5,16022.174880764343,15917.129883239151,16033.111696774242,15906.207268664311,15420.0,15437.5,15320.0,10:00,below_val,inside_both,above_week_vah,neg,pos
short,2021-11-10 14:25:00-05:00,2021-11-10,2021-11-10 15:50:00-05:00,sl,15937.625,16000.410714285714,15937.75,16000.285714285714,15846.428571428572,28.785714285714285,0.7194244604316546,-402,-37,283,15939.5,15957.0,-62.785714285713766,-1255.7142857142753,-1260.2142857142753,16185.0,16205.0,16090.0,16295.12807778631,16004.200528208414,16306.318294706925,15993.076462225157,15672.5,15727.5,15512.5,14:00,below_val,outside_both,above_week_vah,neg,pos
short,2021-11-04 13:00:00-04:00,2021-11-04,2021-11-04 13:30:00-04:00,sl,16287.375,16322.089285714286,16287.5,16321.964285714286,16236.321428571428,16.714285714285715,0.8235294117647058,-343,-161,6,16291.0,16301.5,-34.714285714286234,-694.2857142857247,-698.7857142857247,16310.0,16332.5,16215.0,16256.348846331904,16053.883892224309,16286.751156289605,16023.573656384347,15420.0,15437.5,15320.0,13:00,in_va,outside_both,above_week_vah,neg,pos
short,2021-11-04 14:00:00-04:00,2021-11-04,2021-11-04 14:35:00-04:00,sl,16316.875,16366.232142857143,16317.0,16366.107142857143,16252.785714285714,15.107142857142858,0.9142857142857143,-891,-29,-5,16331.75,16336.0,-49.35714285714312,-987.1428571428623,-991.6428571428623,16310.0,16350.0,16232.5,16269.022450944578,16041.248669924194,16292.717412401831,16017.625469220453,15420.0,15437.5,15320.0,14:00,in_va,outside_both,above_week_vah,neg,neg
short,2021-11-05 11:00:00-04:00,2021-11-05,2021-11-05 13:10:00-04:00,tp,16413.125,16351.232142857143,16413.25,16454.071428571428,16351.107142857143,21.321428571428573,0.7,-502,-28,37,16418.25,16427.25,61.89285714285688,1237.8571428571377,1233.3571428571377,16425.0,16440.0,16387.5,16462.431388247045,16286.047859291451,16501.2629225964,16247.386109377778,15420.0,15437.5,15320.0,11:00,in_va,inside_both,above_week_vah,neg,pos
short,2021-11-05 15:00:00-04:00,2021-11-05,2021-11-05 16:55:00-04:00,eod,16338.125,16344.875,16338.25,16390.285714285714,16268.178571428572,18.035714285714285,0.7361963190184049,-395,-169,49,16358.75,16368.25,-6.75,-135.0,-139.5,16425.0,16440.0,16362.5,16488.148721293437,16260.442971013255,16518.99712554642,16229.72944628527,15420.0,15437.5,15320.0,15:00,below_val,inside_both,above_week_vah,neg,pos
short,2021-11-08 11:10:00-05:00,2021-11-08,2021-11-08 14:15:00-05:00,sl,16321.625,16368.142857142857,16321.75,16368.017857142857,16252.714285714286,22.767857142857142,0.7757009345794392,-365,-99,-11,16325.25,16340.25,-46.51785714285688,-930.3571428571377,-934.8571428571377,16342.5,16365.0,16325.0,16398.80629303865,16295.708709115213,16441.403778375858,16253.124250731122,15672.5,15727.5,15512.5,11:00,below_val,inside_both,above_week_vah,neg,neg
short,2021-11-08 15:40:00-05:00,2021-11-08,2021-11-08 16:55:00-05:00,eod,16324.375,16322.875,16324.5,16359.910714285714,16277.178571428572,11.910714285714286,0.8942307692307693,-505,-52,1,16327.0,16336.5,1.5,30.0,25.5,16350.0,16362.5,16327.5,16431.65836713552,16262.866681677806,16463.12113127878,16231.41353932208,15672.5,15727.5,15512.5,15:00,below_val,inside_both,above_week_vah,neg,pos
short,2021-11-09 13:35:00-05:00,2021-11-09,2021-11-09 14:20:00-05:00,sl,16183.625,16228.19642857143,16183.75,16228.07142857143,16116.857142857141,22.571428571428573,0.851063829787234,-307,-43,28,16185.0,16198.25,-44.57142857142935,-891.428571428587,-895.928571428587,16210.0,16285.0,16195.0,16454.584554608246,16243.669796569107,16486.065116215832,16212.290163465475,15672.5,15727.5,15512.5,13:00,below_val,outside_both,above_week_vah,neg,pos
short,2021-11-10 10:40:00-05:00,2021-11-10,2021-11-10 13:05:00-05:00,tp,16163.875,16075.089285714286,16164.0,16220.392857142857,16074.964285714286,32.642857142857146,0.7653061224489796,-459,-16,63,16164.75,16179.25,88.78571428571377,1775.7142857142753,1771.2142857142753,16185.0,16212.5,16112.5,16261.332239434418,16037.796582552393,16281.209950649534,16018.03637837389,15672.5,15727.5,15512.5,10:00,in_va,inside_both,above_week_vah,neg,pos
short,2021-11-10 11:25:00-05:00,2021-11-10,2021-11-10 13:05:00-05:00,tp,16148.625,16067.053571428572,16148.75,16206.535714285714,16066.928571428572,24.035714285714285,0.7350993377483444,-565,-29,94,16171.5,16182.25,81.57142857142753,1631.4285714285506,1626.9285714285506,16185.0,16212.5,16117.5,16268.352040439891,16030.818279081763,16288.719492050446,16010.571229606861,15672.5,15727.5,15512.5,11:00,in_va,inside_both,above_week_vah,neg,pos
short,2021-11-10 13:00:00-05:00,2021-11-10,2021-11-10 14:15:00-05:00,tp,16081.375,15993.589285714286,16081.5,16151.267857142857,15993.464285714286,18.267857142857142,0.8851674641148325,-1413,-12,25,16097.0,16106.25,87.78571428571377,1755.7142857142753,1751.2142857142753,16185.0,16200.0,16117.5,16287.762832412625,16011.522233953796,16304.752625451227,15994.632876031244,15672.5,15727.5,15512.5,13:00,below_val,inside_both,above_week_vah,neg,pos
short,2021-11-11 14:50:00-05:00,2021-11-11,2021-11-11 16:55:00-05:00,eod,16041.625,16036.375,16041.75,16070.839285714286,16001.071428571428,11.589285714285714,0.7222222222222222,-460,-12,-13,16047.75,16053.5,5.25,105.0,100.5,16062.5,16095.0,16045.0,16211.163633197277,15878.62071657326,16210.062836069243,15879.713549666241,15672.5,15727.5,15512.5,14:00,below_val,inside_both,above_week_vah,neg,neg
short,2021-11-15 11:40:00-05:00,2021-11-15,2021-11-15 16:10:00-05:00,sl,16104.875,16199.17857142857,16105.0,16199.05357142857,15990.142857142859,20.803571428571427,0.8857142857142857,-2082,-336,1,16124.0,16141.0,-94.30357142857065,-1886.071428571413,-1890.571428571413,16227.5,16247.5,16172.5,16309.102513917318,16132.069409182897,16338.695512243494,16102.55111764395,15952.5,16307.5,15770.0,11:00,below_val,inside_90_only,in_week_va,neg,pos
short,2021-11-15 10:00:00-05:00,2021-11-15,2021-11-15 11:40:00-05:00,tp,16201.375,16134.553571428572,16201.5,16249.785714285714,16134.428571428572,18.785714285714285,0.7928571428571428,-792,-298,23,16211.5,16242.25,66.82142857142753,1336.4285714285506,1331.9285714285506,16227.5,16242.5,16215.0,16305.291186987954,16135.871114512354,16297.930750393738,16143.212969867707,15952.5,16307.5,15770.0,10:00,below_val,inside_both,in_week_va,neg,pos
short,2021-11-26 11:10:00-05:00,2021-11-26,2021-11-26 16:55:00-05:00,eod,16066.875,,16067.0,16153.625,15944.5,35.875,0.8486238532110092,-722,-138,-27,16082.25,16100.75,,,,16200.0,16250.0,16127.5,16470.885135334036,16184.489077968736,16493.9626999274,16161.628509586075,16062.5,16260.0,16007.5,11:00,below_val,outside_both,in_week_va,neg,neg
short,2021-11-26 11:00:00-05:00,2021-11-26,2021-11-26 16:55:00-05:00,eod,16092.375,,16092.5,16160.410714285714,15985.428571428572,39.160714285714285,0.7337662337662337,-347,-269,3,16120.5,16125.75,,,,16200.0,16247.5,16132.5,16471.362301891568,16184.016398164318,16493.992079924337,16161.599405846539,16062.5,16260.0,16007.5,11:00,below_val,outside_both,in_week_va,neg,pos
short,2021-11-16 10:25:00-05:00,2021-11-16,2021-11-16 11:00:00-05:00,sl,16198.375,16249.267857142857,16198.5,16249.142857142857,16122.214285714286,25.642857142857142,0.7115384615384616,-807,-10,168,16205.75,16214.0,-50.89285714285688,-1017.8571428571377,-1022.3571428571377,16240.0,16250.0,16187.5,16264.4066425952,16089.25747620151,16274.086781993317,16079.600646238387,15952.5,16307.5,15770.0,10:00,in_va,inside_both,in_week_va,neg,pos
short,2021-11-16 10:20:00-05:00,2021-11-16,2021-11-16 11:10:00-05:00,sl,16216.875,16263.17857142857,16217.0,16263.05357142857,16146.142857142859,24.803571428571427,0.7368421052631579,-530,-198,136,16225.25,16239.25,-46.30357142857065,-926.071428571413,-930.571428571413,16240.0,16250.0,16185.0,16263.157323022693,16090.503787456455,16272.078602597156,16081.60399000924,15952.5,16307.5,15770.0,10:00,in_va,inside_both,in_week_va,neg,pos
short,2021-11-23 10:50:00-05:00,2021-11-23,2021-11-23 15:15:00-05:00,sl,16191.125,16276.517857142857,16191.25,16276.392857142857,16063.214285714286,42.892857142857146,0.7976878612716763,-711,-44,128,16216.75,16229.25,-85.39285714285688,-1707.8571428571377,-1712.3571428571377,16340.0,16375.0,16280.0,16454.05037056,16275.678287549756,16483.450748292853,16246.398928537938,16062.5,16260.0,16007.5,10:00,below_val,outside_both,in_week_va,neg,pos
short,2021-11-16 11:40:00-05:00,2021-11-16,2021-11-16 14:00:00-05:00,sl,16284.875,16315.57142857143,16285.0,16315.44642857143,16238.107142857141,16.446428571428573,0.8448275862068966,-689,-28,15,16293.0,16297.75,-30.69642857142935,-613.928571428587,-618.428571428587,16240.0,16255.0,16185.0,16267.148441270674,16086.522279680754,16293.333520000257,16060.400253699214,15952.5,16307.5,15770.0,11:00,above_vah,inside_90_only,in_week_va,neg,pos
short,2021-11-23 10:25:00-05:00,2021-11-23,2021-11-23 16:55:00-05:00,eod,16243.125,16298.125,16243.25,16347.0,16092.0,47.5,0.8247011952191236,-1135,-286,35,16270.0,16282.5,-55.0,-1100.0,-1104.5,16340.0,16365.0,16290.0,16466.534569885458,16263.24547606187,16476.371209744804,16253.449326076017,16062.5,16260.0,16007.5,10:00,below_val,outside_both,in_week_va,neg,pos
short,2021-11-17 12:15:00-05:00,2021-11-17,2021-11-17 16:55:00-05:00,eod,16336.625,16322.375,16336.75,16375.535714285714,16282.428571428572,15.535714285714286,0.9183673469387755,-416,-51,43,16347.75,16354.0,14.25,285.0,280.5,16310.0,16337.5,16277.5,16403.574462376226,16205.286099262994,16415.082307382192,16193.792538106452,15952.5,16307.5,15770.0,12:00,in_va,inside_both,above_week_vah,neg,pos
short,2021-11-17 14:30:00-05:00,2021-11-17,2021-11-17 16:55:00-05:00,eod,16318.125,16322.375,16318.25,16351.214285714286,16272.321428571428,12.964285714285714,0.7195121951219512,-354,-22,29,16318.5,16324.0,-4.25,-85.0,-89.5,16310.0,16342.5,16295.0,16422.45010071138,16186.433889882226,16427.419514557805,16181.470644207086,15952.5,16307.5,15770.0,14:00,in_va,inside_both,above_week_vah,neg,pos
short,2021-11-18 12:45:00-05:00,2021-11-18,2021-11-18 15:35:00-05:00,sl,16444.375,16486.839285714286,16444.5,16486.714285714286,16386.821428571428,15.464285714285714,0.8584070796460177,-614,13,48,16464.75,16469.75,-42.464285714286234,-849.2857142857247,-853.7857142857247,16390.0,16405.0,16327.5,16481.301630630394,16239.333178402432,16499.430483238364,16221.28807140887,15952.5,16307.5,15770.0,12:00,above_vah,inside_both,above_week_vah,pos,pos
short,2021-11-22 12:20:00-05:00,2021-11-22,2021-11-22 12:35:00-05:00,sl,16476.375,16541.714285714286,16476.5,16541.589285714286,16372.821428571428,38.589285714285715,0.7521367521367521,-411,-108,73,16477.25,16481.0,-65.33928571428623,-1306.7857142857247,-1311.2857142857247,16642.5,16742.5,16570.0,16733.327112577557,16493.709275162146,16736.451603220685,16490.59422080563,16062.5,16260.0,16007.5,12:00,below_val,outside_both,above_week_vah,neg,pos
short,2021-11-22 11:50:00-05:00,2021-11-22,2021-11-22 15:55:00-05:00,tp,16519.375,16405.339285714283,16519.5,16603.39285714286,16405.214285714283,30.392857142857142,0.7941176470588235,-783,72,114,16544.0,16563.5,114.0357142857174,2280.714285714348,2276.214285714348,16642.5,16710.0,16575.0,16715.8805959758,16511.103101469747,16736.90851777843,16490.138686177357,16062.5,16260.0,16007.5,11:00,below_val,inside_both,above_week_vah,pos,pos
short,2021-11-19 13:25:00-05:00,2021-11-19,2021-11-19 16:55:00-05:00,eod,16560.125,16588.375,16560.25,16603.89285714286,16500.714285714283,15.892857142857142,0.9152542372881356,-402,-81,6,16575.5,16585.25,-28.25,-565.0,-569.5,16580.0,16612.5,16552.5,16641.527554482076,16415.221312881164,16656.863245020802,16399.927781361195,15952.5,16307.5,15770.0,13:00,in_va,inside_both,above_week_vah,neg,pos
short,2021-11-22 10:55:00-05:00,2021-11-22,2021-11-22 11:20:00-05:00,tp,16698.875,16634.517857142855,16699.0,16745.553571428572,16634.392857142855,18.053571428571427,0.7133333333333334,-409,80,53,16715.0,16728.5,64.35714285714494,1287.1428571428987,1282.6428571428987,16742.5,16767.5,16650.0,16703.401223840767,16523.544784603382,16730.035253219125,16496.991192763042,16062.5,16260.0,16007.5,10:00,in_va,inside_both,above_week_vah,pos,pos
short,2021-11-22 11:40:00-05:00,2021-11-22,2021-11-22 11:55:00-05:00,tp,16579.625,16488.053571428572,16579.75,16646.785714285714,16487.928571428572,24.785714285714285,0.8554913294797688,-1050,-57,67,16603.25,16612.5,91.57142857142753,1831.4285714285506,1826.9285714285506,16642.5,16722.5,16602.5,16712.353632258593,16514.619413389813,16734.32078872097,16492.718600024004,16062.5,16260.0,16007.5,11:00,below_val,inside_both,above_week_vah,neg,pos
short,2021-11-22 15:25:00-05:00,2021-11-22,2021-11-22 15:45:00-05:00,tp,16548.875,16488.482142857145,16549.0,16589.946428571428,16488.357142857145,19.696428571428573,0.7319587628865979,-285,-119,36,16560.25,16570.75,60.392857142855064,1207.8571428571013,1203.3571428571013,16642.5,16712.5,16512.5,16742.092509155987,16484.970350992768,16751.6521364535,16475.439594763662,16062.5,16260.0,16007.5,15:00,in_va,inside_both,above_week_vah,neg,pos
short,2021-11-23 10:40:00-05:00,2021-11-23,2021-11-23 15:40:00-05:00,sl,16216.875,16293.464285714286,16217.0,16293.339285714286,16094.321428571428,46.339285714285715,0.7793103448275862,-777,-256,42,16232.5,16245.0,-76.58928571428623,-1531.7857142857247,-1536.2857142857247,16340.0,16372.5,16287.5,16460.54396599911,16269.211421243926,16480.81343862955,16249.025382427712,16062.5,16260.0,16007.5,10:00,below_val,outside_both,in_week_va,neg,pos
short,2021-11-26 09:40:00-05:00,2021-11-26,2021-11-26 11:00:00-05:00,tp,16205.875,16084.339285714286,16206.0,16301.142857142857,16084.214285714286,26.642857142857142,0.7689655172413793,-816,-93,2,16234.25,16261.5,121.53571428571377,2430.7142857142753,2426.2142857142753,16287.5,16302.5,16187.5,16445.8303614617,16209.308264113934,16441.871375651204,16213.230023946115,16062.5,16260.0,16007.5,09:00,in_va,outside_both,in_week_va,neg,pos
short,2021-11-26 10:00:00-05:00,2021-11-26,2021-11-26 12:50:00-05:00,tp,16166.875,16018.589285714286,16167.0,16277.017857142857,16018.464285714286,38.517857142857146,0.856655290102389,-633,7,-33,16168.25,16180.0,148.28571428571377,2965.7142857142753,2961.2142857142753,16205.0,16265.0,16160.0,16448.629003697813,16206.535937252562,16460.64519885157,16194.632729273204,16062.5,16260.0,16007.5,10:00,in_va,outside_both,in_week_va,pos,neg
short,2021-11-26 12:45:00-05:00,2021-11-26,2021-11-26 16:55:00-05:00,eod,16058.125,,16058.25,16136.69642857143,15949.357142857141,30.446428571428573,0.7352941176470589,-435,-75,-62,16064.75,16079.25,,,,16080.0,16222.5,16057.5,16492.14425700397,16163.42985385847,16508.12709634589,16147.597299680285,16062.5,16260.0,16007.5,12:00,in_va,outside_both,in_week_va,neg,neg
short,2021-11-30 10:50:00-05:00,2021-11-30,2021-11-30 16:55:00-05:00,eod,16205.875,16238.375,16206.0,16327.857142857143,16036.285714285714,47.857142857142854,0.7943037974683544,-218,-256,344,16210.25,16230.25,-32.5,-650.0,-654.5,16355.0,16395.0,16287.5,16477.98313753706,16290.996773167706,16500.558818633166,16268.501897570914,16310.0,16502.5,16172.5,10:00,below_val,outside_both,in_week_va,neg,pos
short,2021-11-29 10:25:00-05:00,2021-11-29,2021-11-29 11:35:00-05:00,sl,16262.875,16336.214285714286,16263.0,16336.089285714286,16153.571428571428,36.339285714285715,0.7350993377483444,-366,-30,74,16264.25,16289.0,-73.33928571428623,-1466.7857142857247,-1471.2857142857247,16215.0,16272.5,16185.0,16298.397319092164,15985.561407111863,16317.971539943994,15966.223731825212,16310.0,16502.5,16172.5,10:00,in_va,inside_both,in_week_va,neg,pos
short,2021-12-01 12:55:00-05:00,2021-12-01,2021-12-01 14:10:00-05:00,tp,16243.125,16135.946428571428,16243.25,16318.214285714286,16135.821428571428,32.464285714285715,0.7630331753554502,-300,-124,19,16270.5,16288.0,107.17857142857247,2143.5714285714494,2139.0714285714494,16365.0,16375.0,16297.5,16470.426402219684,16107.63400294732,16449.73512350281,16128.197694521112,16310.0,16502.5,16172.5,12:00,below_val,inside_both,in_week_va,neg,pos
short,2021-12-01 12:50:00-05:00,2021-12-01,2021-12-01 13:45:00-05:00,tp,16283.625,16176.482142857141,16283.75,16359.94642857143,16176.357142857141,31.196428571428573,0.9621621621621622,-751,-6,-1,16287.0,16294.75,107.1428571428587,2142.857142857174,2138.357142857174,16365.0,16375.0,16297.5,16461.860728549127,16116.14685872068,16448.47000630429,16129.455010718484,16310.0,16502.5,16172.5,12:00,below_val,inside_both,in_week_va,neg,neg
short,2021-12-01 11:55:00-05:00,2021-12-01,2021-12-01 12:55:00-05:00,tp,16336.875,16242.446428571428,16337.0,16403.339285714286,16242.321428571428,28.339285714285715,0.7142857142857143,-255,211,6,16347.5,16362.75,94.42857142857247,1888.5714285714494,1884.0714285714494,16365.0,16397.5,16310.0,16470.465833561695,16107.594814747954,16446.546808298765,16131.366349846534,16310.0,16502.5,16172.5,11:00,in_va,inside_both,in_week_va,pos,pos
short,2021-12-02 13:20:00-05:00,2021-12-02,2021-12-02 15:05:00-05:00,sl,15946.375,16033.785714285714,15946.5,16033.660714285714,15820.178571428572,39.160714285714285,0.7350427350427351,-480,-117,46,15959.0,16000.25,-87.41071428571377,-1748.2142857142753,-1752.7142857142753,15940.0,16002.5,15860.0,15990.412382366861,15691.634420985838,15968.0955923334,15713.900902814446,16310.0,16502.5,16172.5,13:00,in_va,inside_both,below_week_val,neg,pos
short,2021-12-08 13:55:00-05:00,2021-12-08,2021-12-08 15:50:00-05:00,sl,16355.875,16384.321428571428,16356.0,16384.196428571428,16314.607142857143,13.196428571428571,0.7341772151898734,-481,-45,9,16364.5,16370.5,-28.446428571427532,-568.9285714285506,-573.4285714285506,16297.5,16350.0,16270.0,16577.043824577566,16120.67194603303,16498.85086361749,16198.691720817791,16230.0,16407.5,16117.5,13:00,above_vah,inside_both,in_week_va,neg,pos
short,2021-12-08 15:40:00-05:00,2021-12-08,2021-12-08 15:50:00-05:00,sl,16347.125,16387.10714285714,16347.25,16386.98214285714,16292.285714285716,15.232142857142858,0.8446601941747572,-264,-43,99,16362.25,16368.75,-39.9821428571413,-799.642857142826,-804.142857142826,16297.5,16362.5,16280.0,16592.681795331897,16105.068611137367,16506.16955391565,16191.389240367238,16230.0,16407.5,16117.5,15:00,in_va,inside_both,in_week_va,neg,pos
short,2021-12-13 10:20:00-05:00,2021-12-13,2021-12-13 15:55:00-05:00,tp,16223.125,16083.839285714286,16223.25,16321.892857142857,16083.714285714286,40.892857142857146,0.8307086614173228,-783,-163,93,16261.75,16275.5,139.28571428571377,2785.7142857142753,2781.2142857142753,16390.0,16405.0,16292.5,16427.931451813307,16222.835590708475,16406.311483501824,16244.451917455479,16400.0,16437.5,15955.0,10:00,below_val,inside_14_only,in_week_va,neg,pos
short,2021-12-15 09:45:00-05:00,2021-12-15,2021-12-15 14:05:00-05:00,sl,15831.875,15924.910714285714,15832.0,15924.785714285714,15711.678571428572,27.535714285714285,0.7034220532319392,-384,-15,138,15833.5,15848.75,-93.03571428571377,-1860.7142857142753,-1865.2142857142753,15912.5,15940.0,15885.0,15984.279093102788,15849.5437330186,15976.011101434138,15857.80121254866,16400.0,16437.5,15955.0,09:00,below_val,outside_both,below_week_val,neg,pos
short,2021-12-15 12:05:00-05:00,2021-12-15,2021-12-15 13:30:00-05:00,sl,15761.875,15816.125,15762.0,15816.0,15683.25,24.75,0.7676056338028169,-443,-135,29,15768.0,15781.5,-54.25,-1085.0,-1089.5,15847.5,15925.0,15832.5,16108.513303594214,15725.467477117643,16045.30680198784,15788.593616342056,16400.0,16437.5,15955.0,12:00,below_val,inside_14_only,below_week_val,neg,pos
short,2021-12-16 09:55:00-05:00,2021-12-16,2021-12-16 11:10:00-05:00,tp,16169.625,16024.803571428572,16169.75,16274.660714285714,16024.678571428572,40.160714285714285,0.8819188191881919,-287,-29,54,16182.0,16206.0,144.82142857142753,2896.4285714285506,2891.9285714285506,16325.0,16367.5,16210.0,16420.468482098066,16187.003225824805,16386.381328769734,16221.013629803496,16400.0,16437.5,15955.0,09:00,below_val,outside_both,in_week_va,neg,pos
short,2021-12-16 11:00:00-05:00,2021-12-16,2021-12-16 14:15:00-05:00,tp,16046.625,15864.732142857141,16046.75,16179.69642857143,15864.607142857141,49.19642857142857,0.7855297157622739,-596,-134,69,16090.75,16135.0,181.8928571428587,3637.857142857174,3633.357142857174,16125.0,16327.5,16092.5,16452.183165888488,16155.359949621032,16421.619495377054,16185.854804123934,16400.0,16437.5,15955.0,11:00,below_val,outside_both,in_week_va,neg,pos
short,2021-12-17 11:30:00-05:00,2021-12-17,2021-12-17 16:55:00-05:00,eod,15847.875,15828.625,15848.0,15985.785714285714,15655.428571428572,54.785714285714285,0.8252148997134671,-1116,-67,132,15896.0,15924.0,19.25,385.0,380.5,15715.0,15822.5,15662.5,16022.742127274963,15572.258175380404,15982.805263557326,15611.773803956032,16400.0,16437.5,15955.0,11:00,above_vah,inside_both,below_week_val,neg,pos
short,2021-12-17 14:25:00-05:00,2021-12-17,2021-12-17 16:55:00-05:00,eod,15851.875,15828.625,15852.0,15926.25,15745.0,32.75,0.717391304347826,-222,86,4,15863.75,15876.75,23.25,465.0,460.5,15812.5,15860.0,15700.0,16086.986968140951,15508.690958697855,16015.63649590956,15579.288859908254,16400.0,16437.5,15955.0,14:00,in_va,inside_both,below_week_val,pos,pos
short,2021-12-20 12:55:00-05:00,2021-12-20,2021-12-20 13:35:00-05:00,sl,15519.625,15574.55357142857,15519.75,15574.42857142857,15434.142857142859,30.928571428571427,0.808695652173913,-219,-53,3,15522.5,15530.25,-54.92857142857065,-1098.571428571413,-1103.071428571413,15580.0,15622.5,15535.0,15988.127865031149,15420.898386994648,15953.342736635143,15455.133009994488,16292.5,16435.0,15882.5,12:00,below_val,inside_both,below_week_val,neg,pos
short,2021-12-22 13:35:00-05:00,2021-12-22,2021-12-22 14:55:00-05:00,sl,16055.125,16116.392857142857,16055.25,16116.267857142857,15974.214285714286,20.017857142857142,0.9005524861878453,-784,-62,-2,16072.0,16092.25,-61.26785714285688,-1225.3571428571377,-1229.8571428571377,15957.5,16087.5,15882.5,16140.441816351036,15795.930613306042,16108.538816111557,15827.810146646007,16292.5,16435.0,15882.5,13:00,in_va,inside_both,in_week_va,neg,neg
short,2021-12-22 12:20:00-05:00,2021-12-22,2021-12-22 15:45:00-05:00,sl,16090.125,16132.357142857143,16090.25,16132.232142857143,16029.285714285714,18.982142857142858,0.8631578947368421,-503,-45,41,16095.25,16108.25,-42.23214285714312,-844.6428571428623,-849.1428571428623,15957.5,16047.5,15890.0,16120.58796140584,15815.769864345164,16096.274140039764,15840.06580118632,16292.5,16435.0,15882.5,12:00,above_vah,inside_both,in_week_va,neg,pos
short,2021-12-22 13:20:00-05:00,2021-12-22,2021-12-22 15:05:00-05:00,sl,16083.125,16121.55357142857,16083.25,16121.42857142857,16025.892857142859,19.178571428571427,0.8481012658227848,-402,-15,2,16094.25,16114.75,-38.42857142857065,-768.571428571413,-773.071428571413,15957.5,16085.0,15882.5,16122.740404043114,15813.619004980768,16100.698208238084,15835.64498720118,16292.5,16435.0,15882.5,13:00,in_va,inside_both,in_week_va,neg,pos
short,2021-12-23 15:55:00-05:00,2021-12-23,2021-12-23 16:55:00-05:00,eod,16294.125,16303.125,16294.25,16356.017857142857,16215.464285714286,17.017857142857142,0.9518716577540107,-910,-116,1,16299.75,16304.5,-9.0,-180.0,-184.5,16317.5,16355.0,16220.0,16405.739549293918,15958.328799913439,16344.477655216537,16019.571767890515,16292.5,16435.0,15882.5,15:00,in_va,inside_both,in_week_va,neg,pos
short,2022-01-04 10:50:00-05:00,2022-01-04,2022-01-04 13:55:00-05:00,tp,16260.125,16146.125,16260.25,16337.375,16146.0,37.125,0.9325153374233128,-675,-43,18,16285.75,16294.0,114.0,2280.0,2275.5,16490.0,16562.5,16402.5,16593.275573344697,16412.29525498564,16613.099639974756,16392.487998842284,15580.0,16020.0,15492.5,10:00,below_val,outside_both,above_week_vah,neg,pos
short,2021-12-28 14:00:00-05:00,2021-12-28,2021-12-28 15:25:00-05:00,sl,16454.625,16511.535714285714,16454.75,16511.410714285714,16379.678571428572,18.410714285714285,0.901840490797546,-1281,-98,36,16462.0,16473.75,-56.910714285713766,-1138.2142857142753,-1142.7142857142753,16547.5,16585.0,16502.5,16790.155471657763,16380.188182809088,16746.116134834563,16424.147930469357,15870.0,16020.0,15670.0,14:00,below_val,inside_both,above_week_vah,neg,pos
short,2021-12-27 15:00:00-05:00,2021-12-27,2021-12-27 15:45:00-05:00,sl,16530.125,16550.35714285714,16530.25,16550.23214285714,16501.285714285717,8.982142857142858,0.7818181818181819,-264,-150,6,16532.75,16543.0,-20.232142857141298,-404.64285714282596,-409.14285714282596,16517.5,16557.5,16425.0,16545.48313446214,16104.546383560011,16492.17441103725,16157.713246068559,15870.0,16020.0,15670.0,15:00,in_va,inside_14_only,above_week_vah,neg,pos
short,2021-12-28 10:05:00-05:00,2021-12-28,2021-12-28 16:55:00-05:00,eod,16519.625,16512.625,16519.75,16611.73214285714,16396.535714285717,31.232142857142858,0.9435483870967742,-1034,-29,12,16521.0,16525.25,7.0,140.0,135.5,16547.5,16597.5,16537.5,16687.288630911848,16482.869119625942,16680.90155858511,16489.24464905089,15870.0,16020.0,15670.0,10:00,below_val,inside_both,above_week_vah,neg,pos
short,2021-12-30 10:55:00-05:00,2021-12-30,2021-12-30 15:40:00-05:00,tp,16528.625,16465.267857142855,16528.75,16571.928571428572,16465.142857142855,20.428571428571427,0.826530612244898,-696,-73,4,16541.5,16553.0,63.357142857144936,1267.1428571428987,1262.6428571428987,16550.0,16562.5,16485.0,16602.66938065727,16354.374730393542,16589.041146543328,16367.998003223336,15870.0,16020.0,15670.0,10:00,in_va,inside_both,above_week_vah,neg,pos
short,2021-12-30 14:00:00-05:00,2021-12-30,2021-12-30 15:40:00-05:00,tp,16511.875,16468.732142857145,16512.0,16545.321428571428,16468.607142857145,10.071428571428571,0.7317073170731707,-740,-93,1,16529.0,16534.5,43.142857142855064,862.8571428571013,858.3571428571013,16532.5,16562.5,16500.0,16656.842234649204,16300.221597733032,16626.801132684424,16330.251763398826,15870.0,16020.0,15670.0,14:00,in_va,inside_both,above_week_vah,neg,pos
short,2021-12-30 13:00:00-05:00,2021-12-30,2021-12-30 14:00:00-05:00,tp,16537.875,16508.553571428572,16538.0,16557.160714285714,16508.428571428572,10.410714285714286,0.7804878048780488,-209,-102,4,16540.25,16545.25,29.321428571427532,586.4285714285506,581.9285714285506,16532.5,16562.5,16497.5,16653.80908276112,16303.253645418752,16618.35750367554,16338.692318550718,15870.0,16020.0,15670.0,13:00,in_va,inside_both,above_week_vah,neg,pos
short,2022-01-03 09:45:00-05:00,2022-01-03,2022-01-03 14:40:00-05:00,sl,16348.375,16486.660714285714,16348.5,16486.535714285714,16177.178571428572,33.285714285714285,0.7836734693877551,-436,229,245,16426.0,16444.0,-138.28571428571377,-2765.7142857142753,-2770.2142857142753,16405.0,16435.0,16377.5,16423.654835047917,16290.972963524076,16434.519573891816,16280.142378012928,15580.0,16020.0,15492.5,09:00,below_val,inside_both,above_week_vah,pos,pos
short,2022-01-03 11:35:00-05:00,2022-01-03,2022-01-03 13:40:00-05:00,sl,16374.125,16441.803571428572,16374.25,16441.678571428572,16279.142857142857,27.678571428571427,0.8571428571428571,-969,-14,47,16387.0,16408.75,-67.67857142857247,-1353.5714285714494,-1358.0714285714494,16405.0,16445.0,16375.0,16481.163376973273,16233.645199838918,16497.993971097225,16216.867512728175,15580.0,16020.0,15492.5,11:00,below_val,inside_both,above_week_vah,neg,pos
short,2022-01-04 10:00:00-05:00,2022-01-04,2022-01-04 10:35:00-05:00,tp,16414.375,16317.696428571428,16414.5,16488.214285714286,16317.571428571428,23.214285714285715,0.7644628099173554,-902,-14,45,16449.0,16459.0,96.67857142857247,1933.5714285714494,1929.0714285714494,16490.0,16525.0,16475.0,16565.67229394359,16439.875127253894,16579.840932643405,16425.718503329703,15580.0,16020.0,15492.5,10:00,below_val,outside_both,above_week_vah,neg,pos
short,2022-01-05 09:30:00-05:00,2022-01-05,2022-01-05 10:00:00-05:00,sl,16115.375,16238.232142857143,16115.5,16238.107142857143,15971.285714285714,21.607142857142858,0.8248175182481752,-953,-24,280,16183.25,16203.25,-122.85714285714312,-2457.1428571428623,-2461.6428571428623,16210.0,16232.5,16200.0,16264.224855064745,16197.286304357745,16265.798766047428,16195.718297507276,15580.0,16020.0,15492.5,09:00,below_val,outside_both,above_week_vah,neg,pos
short,2022-01-05 11:40:00-05:00,2022-01-05,2022-01-05 13:05:00-05:00,tp,16127.875,16039.517857142859,16128.0,16188.67857142857,16039.392857142859,27.928571428571427,0.7142857142857143,-526,-85,75,16133.5,16150.0,88.3571428571413,1767.142857142826,1762.642857142826,16210.0,16220.0,16150.0,16384.915765388552,16077.048135706918,16382.762288136177,16079.193534729613,15580.0,16020.0,15492.5,11:00,below_val,inside_both,above_week_vah,neg,pos
short,2022-01-05 12:30:00-05:00,2022-01-05,2022-01-05 14:05:00-05:00,tp,16103.375,16026.589285714286,16103.5,16155.892857142857,16026.464285714286,24.642857142857142,0.7162162162162162,-1155,-349,31,16115.25,16133.0,76.78571428571377,1535.7142857142753,1531.2142857142753,16210.0,16220.0,16142.5,16390.097474905913,16071.885864072901,16393.685693536652,16068.311105744198,15580.0,16020.0,15492.5,12:00,below_val,inside_both,above_week_vah,neg,pos
short,2022-01-06 13:20:00-05:00,2022-01-06,2022-01-06 15:00:00-05:00,sl,15781.875,15856.32142857143,15782.0,15856.19642857143,15675.357142857141,32.44642857142857,0.7880434782608695,-545,-129,4,15784.75,15820.0,-74.44642857142935,-1488.928571428587,-1493.428571428587,15815.0,15845.0,15707.5,15886.874059614747,15559.404188936649,15886.195277425222,15560.080267501286,15580.0,16020.0,15492.5,13:00,in_va,inside_both,in_week_va,neg,pos
short,2022-01-06 14:00:00-05:00,2022-01-06,2022-01-06 15:00:00-05:00,sl,15792.625,15856.57142857143,15792.75,15856.44642857143,15701.107142857141,27.946428571428573,0.7843137254901961,-216,-58,85,15802.0,15822.0,-63.94642857142935,-1278.928571428587,-1283.428571428587,15815.0,15845.0,15710.0,15898.27448675608,15548.049170291633,15897.466470479967,15548.853968196749,15580.0,16020.0,15492.5,14:00,in_va,inside_both,in_week_va,neg,pos
short,2022-01-07 10:35:00-05:00,2022-01-07,2022-01-07 16:55:00-05:00,eod,15613.625,15570.375,15613.75,15717.517857142857,15457.964285714286,52.017857142857146,0.839622641509434,-778,-58,80,15642.0,15658.5,43.25,865.0,860.5,15680.0,15787.5,15667.5,15886.561106189947,15665.152802913253,15882.595947601889,15669.108798003244,15580.0,16020.0,15492.5,10:00,below_val,outside_both,in_week_va,neg,pos
short,2022-01-07 15:40:00-05:00,2022-01-07,2022-01-07 16:55:00-05:00,eod,15603.125,15570.375,15603.25,15651.92857142857,15528.892857142859,25.678571428571427,0.7722772277227723,-240,-46,151,15608.0,15621.5,32.75,655.0,650.5,15612.5,15732.5,15550.0,15946.501926146311,15605.350506442286,15944.64033117185,15607.207799262986,15580.0,16020.0,15492.5,15:00,in_va,outside_both,in_week_va,neg,pos
short,2022-01-18 15:40:00-05:00,2022-01-18,2022-01-18 16:55:00-05:00,eod,15189.875,15239.625,15190.0,15256.160714285714,15095.178571428572,28.660714285714285,0.7577639751552795,-604,-11,81,15203.75,15217.75,-49.75,-995.0,-999.5,15320.0,15367.5,15250.0,15769.888652430032,15139.234754320183,15718.19661210267,15190.221642692308,15815.0,16207.5,15510.0,15:00,below_val,inside_14_only,below_week_val,neg,pos
short,2022-01-10 14:50:00-05:00,2022-01-10,2022-01-10 15:35:00-05:00,sl,15434.625,15513.160714285714,15434.75,15513.035714285714,15322.928571428572,33.535714285714285,0.8717948717948718,-732,-45,13,15453.0,15460.5,-78.53571428571377,-1570.7142857142753,-1575.2142857142753,15217.5,15387.5,15160.0,15720.716842739608,15227.905506823232,15712.614002619499,15235.907518422713,16537.5,16562.5,16427.5,14:00,above_vah,inside_both,below_week_val,neg,pos
short,2022-01-13 12:15:00-05:00,2022-01-13,2022-01-13 15:45:00-05:00,tp,15663.625,15516.803571428572,15663.75,15773.910714285714,15516.678571428572,36.910714285714285,0.8333333333333334,-922,-322,11,15703.0,15725.5,146.82142857142753,2936.4285714285506,2931.9285714285506,15952.5,15965.0,15810.0,16078.540672586108,15767.652839978411,16083.692932985321,15762.51842619135,16537.5,16562.5,16427.5,12:00,below_val,outside_both,below_week_val,neg,pos
short,2022-01-13 10:50:00-05:00,2022-01-13,2022-01-13 12:30:00-05:00,tp,15741.125,15610.339285714286,15741.25,15833.892857142857,15610.214285714286,38.392857142857146,0.7706093189964157,-642,-383,4,15768.0,15779.75,130.78571428571377,2615.7142857142753,2611.2142857142753,15952.5,15965.0,15855.0,16054.663962222166,15791.446845207867,16056.483682632022,15789.633428020648,16537.5,16562.5,16427.5,10:00,below_val,outside_both,below_week_val,neg,pos
short,2022-01-12 10:35:00-05:00,2022-01-12,2022-01-12 16:55:00-05:00,eod,15885.625,15895.375,15885.75,15997.607142857143,15724.285714285714,49.607142857142854,0.7992125984251969,-392,-44,7,15935.25,15958.25,-9.75,-195.0,-199.5,15947.5,16000.0,15872.5,16033.397763251425,15730.530678091305,16029.87711596221,15734.026089151032,16537.5,16562.5,16427.5,10:00,in_va,inside_both,below_week_val,neg,pos
short,2022-01-13 10:00:00-05:00,2022-01-13,2022-01-13 10:35:00-05:00,tp,15906.125,15810.196428571428,15906.25,15974.589285714286,15810.071428571428,27.839285714285715,0.7325581395348837,-1290,-49,43,15932.5,15947.75,95.92857142857247,1918.5714285714494,1914.0714285714494,15952.5,15972.5,15895.0,15993.458601050352,15852.44020072439,16018.600761567019,15827.385128660659,16537.5,16562.5,16427.5,10:00,in_va,inside_both,below_week_val,neg,pos
short,2022-01-14 12:00:00-05:00,2022-01-14,2022-01-14 13:25:00-05:00,tp,15517.625,15405.589285714286,15517.75,15590.392857142857,15405.464285714286,39.642857142857146,0.7375886524822695,-764,-91,71,15535.25,15546.5,112.03571428571377,2240.7142857142753,2236.2142857142753,15497.5,15552.5,15447.5,15630.93636187863,15259.761592298395,15627.877523929272,15262.797984858249,16537.5,16562.5,16427.5,12:00,in_va,inside_both,below_week_val,neg,pos
short,2022-01-14 12:20:00-05:00,2022-01-14,2022-01-14 15:15:00-05:00,sl,15491.125,15553.625,15491.25,15553.5,15392.5,36.5,0.8130081300813008,-457,-36,4,15502.5,15509.0,-62.5,-1250.0,-1254.5,15497.5,15552.5,15450.0,15641.86506726781,15248.913080451106,15632.92318961827,15257.789343664688,16537.5,16562.5,16427.5,12:00,in_va,inside_both,below_week_val,neg,pos
short,2022-01-14 13:20:00-05:00,2022-01-14,2022-01-14 13:50:00-05:00,sl,15409.625,15482.55357142857,15409.75,15482.42857142857,15306.892857142859,30.178571428571427,0.9027027027027027,-769,-90,5,15429.0,15439.25,-72.92857142857065,-1458.571428571413,-1463.071428571413,15497.5,15550.0,15450.0,15644.882263467785,15245.918024078424,15636.470221695394,15254.268339287582,16537.5,16562.5,16427.5,13:00,below_val,inside_both,below_week_val,neg,pos
short,2022-01-14 14:25:00-05:00,2022-01-14,2022-01-14 15:15:00-05:00,sl,15476.375,15556.375,15476.5,15556.25,15364.25,32.5,0.7169811320754716,-631,-62,94,15485.0,15507.0,-80.0,-1600.0,-1604.5,15497.5,15550.0,15450.0,15662.532467374029,15228.397335271724,15646.81389771247,15244.000563936364,16537.5,16562.5,16427.5,14:00,in_va,inside_both,below_week_val,neg,pos
short,2022-01-19 10:35:00-05:00,2022-01-19,2022-01-19 12:45:00-05:00,sl,15213.125,15311.69642857143,15213.25,15311.57142857143,15063.107142857141,51.82142857142857,0.8894230769230769,-1062,-173,1,15251.25,15267.0,-98.57142857142935,-1971.428571428587,-1975.928571428587,15305.0,15367.5,15210.0,15352.63673274834,15153.76656860705,15353.423156594636,15152.981548468148,15815.0,16207.5,15510.0,10:00,in_va,inside_both,below_week_val,neg,pos
short,2022-01-20 14:10:00-05:00,2022-01-20,2022-01-20 15:15:00-05:00,tp,15152.875,15006.517857142859,15153.0,15266.05357142857,15006.392857142859,33.55357142857143,0.8504398826979472,-1028,-130,20,15175.0,15199.25,146.3571428571413,2927.142857142826,2922.642857142826,15287.5,15312.5,15177.5,15326.813108463219,14880.309767649844,15308.73376859169,14898.232077243463,15815.0,16207.5,15510.0,14:00,below_val,inside_both,below_week_val,neg,pos
short,2022-01-20 10:15:00-05:00,2022-01-20,2022-01-20 10:30:00-05:00,sl,15220.625,15310.839285714286,15220.75,15310.714285714286,15094.571428571428,36.214285714285715,0.748898678414097,-1507,-237,14,15223.5,15257.75,-90.21428571428623,-1804.2857142857247,-1808.7857142857247,15187.5,15217.5,15035.0,15253.800831221104,14952.687887988677,15245.793046366683,14960.626120265955,15815.0,16207.5,15510.0,10:00,above_vah,inside_both,below_week_val,neg,pos
short,2022-01-20 12:45:00-05:00,2022-01-20,2022-01-20 13:05:00-05:00,tp,15273.875,15201.875,15274.0,15319.125,15201.75,27.125,0.7840909090909091,-414,-192,3,15274.25,15288.75,72.0,1440.0,1435.5,15287.5,15332.5,15167.5,15321.609445065935,14885.468234003696,15298.656368643267,14908.221948724264,15815.0,16207.5,15510.0,12:00,in_va,inside_both,below_week_val,neg,pos
short,2022-01-20 15:20:00-05:00,2022-01-20,2022-01-20 15:50:00-05:00,tp,14978.625,14855.732142857141,14978.75,15065.19642857143,14855.607142857141,36.69642857142857,0.9463414634146341,-1055,-37,12,15001.25,15013.25,122.8928571428587,2457.857142857174,2453.357142857174,15287.5,15312.5,15137.5,15355.9433075725,14851.432582383672,15324.622648731025,14882.481201880943,15815.0,16207.5,15510.0,15:00,below_val,inside_both,below_week_val,neg,pos
short,2022-01-21 10:10:00-05:00,2022-01-21,2022-01-21 10:30:00-05:00,sl,14599.125,14713.785714285714,14599.25,14713.660714285714,14422.928571428572,61.910714285714285,0.7255639097744361,-549,-105,27,14602.25,14626.25,-114.66071428571377,-2293.2142857142753,-2297.7142857142753,14720.0,14770.0,14662.5,14821.948722376015,14649.654627704347,14819.249301913798,14652.350386880482,15815.0,16207.5,15510.0,10:00,below_val,outside_both,below_week_val,neg,pos
short,2022-01-21 09:40:00-05:00,2022-01-21,2022-01-21 10:50:00-05:00,sl,14671.125,14797.80357142857,14671.25,14797.67857142857,14504.892857142859,39.92857142857143,0.8659217877094972,-1145,-61,-112,14706.75,14749.0,-126.67857142857065,-2533.571428571413,-2538.071428571413,14720.0,14772.5,14682.5,14797.211421152819,14674.358377156732,14791.421600581765,14680.14034486093,15815.0,16207.5,15510.0,09:00,below_val,outside_both,below_week_val,neg,neg
short,2022-01-21 14:55:00-05:00,2022-01-21,2022-01-21 16:55:00-05:00,eod,14510.875,14411.125,14511.0,14610.25,14367.0,44.75,0.7795918367346939,-1458,-24,109,14540.5,14561.5,99.75,1995.0,1990.5,14720.0,14765.0,14620.0,14898.268128444584,14573.438735402213,14886.875131219927,14584.816280042596,15815.0,16207.5,15510.0,14:00,below_val,outside_both,below_week_val,neg,pos
short,2022-01-21 15:50:00-05:00,2022-01-21,2022-01-21 16:55:00-05:00,eod,14431.875,14411.125,14432.0,14564.392857142857,14248.464285714286,51.142857142857146,0.9101123595505618,-540,-71,2,14447.5,14476.75,20.75,415.0,410.5,14720.0,14777.5,14607.5,14950.585383715788,14521.192439228063,14902.00809502808,14569.703841421444,15815.0,16207.5,15510.0,15:00,below_val,outside_both,below_week_val,neg,pos
short,2022-01-24 09:40:00-05:00,2022-01-24,2022-01-24 11:40:00-05:00,tp,14136.875,13902.339285714286,14137.0,14317.642857142857,13902.214285714286,54.142857142857146,0.7264957264957265,-1445,-625,40,14152.0,14169.0,234.53571428571377,4690.714285714275,4686.214285714275,14550.0,14582.5,14235.0,14455.480267300542,14147.198773626955,14454.949576534002,14147.721362806604,15510.0,15772.5,15167.5,09:00,below_val,outside_both,below_week_val,neg,pos
short,2022-01-25 16:30:00-05:00,2022-01-25,2022-01-25 16:55:00-05:00,eod,13977.875,13922.375,13978.0,14083.142857142857,13813.714285714286,59.142857142857146,0.9153439153439153,-779,-30,4,13988.0,14056.25,55.5,1110.0,1105.5,14215.0,14272.5,14067.5,14775.81314186269,13952.751165547337,14681.420935784958,14045.306326915239,15510.0,15772.5,15167.5,16:00,below_val,inside_14_only,below_week_val,neg,pos
short,2022-01-25 16:05:00-05:00,2022-01-25,2022-01-25 16:55:00-05:00,eod,14051.625,13922.375,14051.75,14166.267857142857,13869.964285714286,67.26785714285714,0.7510548523206751,-643,-541,0,14095.75,14112.25,129.25,2585.0,2580.5,14215.0,14272.5,14070.0,14762.741115873523,13965.568786038551,14675.890713460603,14050.728921013842,15510.0,15772.5,15167.5,16:00,below_val,inside_both,below_week_val,neg,zero
short,2022-01-25 15:50:00-05:00,2022-01-25,2022-01-25 16:45:00-05:00,tp,14133.125,13947.053571428572,14133.25,14262.285714285714,13946.928571428572,57.285714285714285,0.7855153203342619,-1334,-85,-3,14166.25,14197.0,186.07142857142753,3721.4285714285506,3716.9285714285506,14215.0,14362.5,14122.5,14719.039281644225,14008.42010276522,14658.236046122991,14068.039996284015,15510.0,15772.5,15167.5,15:00,in_va,inside_both,below_week_val,neg,neg
short,2022-01-26 10:20:00-05:00,2022-01-26,2022-01-26 12:35:00-05:00,sl,14394.375,14507.267857142857,14394.5,14507.142857142857,14228.464285714286,53.392857142857146,0.7769230769230769,-745,-125,-43,14424.75,14454.75,-112.89285714285688,-2257.8571428571377,-2262.3571428571377,14445.0,14515.0,14297.5,14588.753239990181,13813.567592666821,14553.341010481114,13847.62578739128,15510.0,15772.5,15167.5,10:00,in_va,inside_both,below_week_val,neg,neg
short,2022-01-26 14:45:00-05:00,2022-01-26,2022-01-26 16:55:00-05:00,eod,14213.875,14150.875,14214.0,14454.785714285714,13872.678571428572,100.53571428571429,0.7864823348694316,-904,-338,89,14325.75,14359.75,63.0,1260.0,1255.5,14440.0,14512.5,14367.5,14619.4801597234,13784.01555852311,14609.432934218234,13793.678614688715,15510.0,15772.5,15167.5,14:00,below_val,inside_both,below_week_val,neg,pos
short,2022-01-26 14:30:00-05:00,2022-01-26,2022-01-26 15:00:00-05:00,tp,14401.875,14153.232142857141,14402.0,14582.07142857143,14153.107142857141,68.82142857142857,0.78125,-1051,-496,85,14411.0,14423.75,248.6428571428587,4972.857142857174,4968.357142857174,14440.0,14517.5,14360.0,14610.267195433644,13792.87625258615,14606.707758471655,13796.299589632177,15510.0,15772.5,15167.5,14:00,in_va,inside_both,below_week_val,neg,pos
short,2022-01-26 14:10:00-05:00,2022-01-26,2022-01-26 15:00:00-05:00,tp,14420.625,14133.982142857141,14420.75,14655.07142857143,14133.857142857141,52.57142857142857,0.7601476014760148,-1609,-125,9,14435.75,14447.5,286.6428571428587,5732.857142857174,5728.357142857174,14440.0,14512.5,14350.0,14589.244524773618,13813.095092825622,14602.115672397422,13800.716091046406,15510.0,15772.5,15167.5,14:00,in_va,inside_both,below_week_val,neg,pos
short,2022-01-26 13:00:00-05:00,2022-01-26,2022-01-26 14:00:00-05:00,sl,14477.125,14569.267857142857,14477.25,14569.142857142857,14355.714285714286,29.642857142857142,0.761437908496732,-1226,-447,23,14518.75,14539.5,-92.14285714285688,-1842.8571428571377,-1847.3571428571377,14440.0,14502.5,14352.5,14607.256362108657,13795.771962601782,14600.2636412812,13802.497307232636,15510.0,15772.5,15167.5,13:00,in_va,inside_both,below_week_val,neg,pos
short,2022-01-26 14:40:00-05:00,2022-01-26,2022-01-26 15:20:00-05:00,tp,14341.625,13980.875,14341.75,14612.25,13980.75,90.5,0.9667590027700831,-2519,-4,42,14399.25,14422.25,360.75,7215.0,7210.5,14440.0,14517.5,14367.5,14621.297437482664,13782.267766851943,14608.668176495667,13794.414130859072,15510.0,15772.5,15167.5,14:00,below_val,inside_both,below_week_val,neg,pos
short,2022-01-28 14:20:00-05:00,2022-01-28,2022-01-28 14:40:00-05:00,sl,14074.125,14162.30357142857,14074.25,14162.17857142857,13943.392857142859,42.92857142857143,0.9267015706806283,-719,-32,3,14083.5,14109.75,-88.17857142857065,-1763.571428571413,-1768.071428571413,14225.0,14307.5,13987.5,14267.472749592094,13952.455691208143,14279.740899205577,13940.258849144135,15510.0,15772.5,15167.5,14:00,in_va,inside_both,below_week_val,neg,pos
short,2022-01-28 12:50:00-05:00,2022-01-28,2022-01-28 15:25:00-05:00,sl,14190.625,14281.410714285714,14190.75,14281.285714285714,14055.678571428572,44.535714285714285,0.8725490196078431,-699,-39,5,14200.5,14238.0,-90.78571428571377,-1815.7142857142753,-1820.2142857142753,14225.0,14310.0,13972.5,14296.934013258893,13923.16566856649,14272.781250183374,13947.178045813485,15510.0,15772.5,15167.5,12:00,in_va,inside_both,below_week_val,neg,pos
short,2022-01-28 14:05:00-05:00,2022-01-28,2022-01-28 15:20:00-05:00,sl,14163.125,14253.69642857143,14163.25,14253.57142857143,14028.857142857141,44.07142857142857,0.771551724137931,-972,-283,20,14174.5,14215.25,-90.57142857142935,-1811.428571428587,-1815.928571428587,14225.0,14310.0,13985.0,14262.853759052658,13957.047834267983,14271.979887272617,13947.974750872228,15510.0,15772.5,15167.5,14:00,in_va,inside_both,below_week_val,neg,pos
short,2022-02-03 15:50:00-05:00,2022-02-03,2022-02-03 16:00:00-05:00,sl,14475.125,14556.607142857143,14475.25,14556.482142857143,14360.785714285714,33.232142857142854,0.7089552238805971,-1122,114,3,14511.75,14542.0,-81.48214285714312,-1629.6428571428623,-1634.1428571428623,14785.0,14807.5,14657.5,15101.408868570583,14468.392847899226,15037.257595200535,14531.856782343792,15295.0,15475.0,14782.5,15:00,below_val,inside_14_only,below_week_val,pos,pos
short,2022-01-31 15:10:00-05:00,2022-01-31,2022-01-31 15:30:00-05:00,sl,14738.625,14807.69642857143,14738.75,14807.57142857143,14644.357142857141,25.571428571428573,0.7263681592039801,-631,-53,43,14754.5,14762.75,-69.07142857142935,-1381.428571428587,-1385.928571428587,14767.5,14825.0,14505.0,14688.837386473057,14230.465613779936,14645.453926732642,14273.675398945097,15295.0,15475.0,14782.5,15:00,in_va,outside_both,below_week_val,neg,pos
short,2022-01-31 15:05:00-05:00,2022-01-31,2022-01-31 15:35:00-05:00,sl,14774.625,14839.80357142857,14774.75,14839.67857142857,14686.392857142859,23.428571428571427,0.8715083798882681,-777,-16,27,14798.5,14810.75,-65.17857142857065,-1303.571428571413,-1308.071428571413,14767.5,14825.0,14502.5,14672.792704048738,14246.44606542548,14636.184371346455,14282.907846039228,15295.0,15475.0,14782.5,15:00,in_va,outside_both,below_week_val,neg,pos
short,2022-02-01 10:00:00-05:00,2022-02-01,2022-02-01 11:05:00-05:00,sl,14758.625,14893.80357142857,14758.75,14893.67857142857,14579.142857142859,44.67857142857143,0.8512820512820513,-767,-251,29,14786.5,14802.5,-135.17857142857065,-2703.571428571413,-2708.071428571413,14867.5,14917.5,14802.5,15055.388884023454,14757.177601200436,15014.521310245034,14797.837336675375,15295.0,15475.0,14782.5,10:00,below_val,inside_14_only,below_week_val,neg,pos
short,2022-02-01 12:30:00-05:00,2022-02-01,2022-02-01 15:05:00-05:00,sl,14847.625,14929.75,14847.75,14929.625,14730.25,35.625,0.7850467289719626,-692,-86,9,14858.0,14890.25,-82.125,-1642.5,-1647.0,14867.5,14957.5,14835.0,15117.077800481293,14695.802413172121,15077.582032480854,14735.097319397395,15295.0,15475.0,14782.5,12:00,in_va,inside_both,in_week_va,neg,pos
short,2022-02-02 16:05:00-05:00,2022-02-02,2022-02-02 16:55:00-05:00,eod,14887.625,14863.375,14887.75,15144.017857142857,14582.964285714286,48.517857142857146,0.9680851063829787,-1439,-56,12,14905.5,14920.5,24.25,485.0,480.5,15105.0,15152.5,15017.5,15464.496585112302,14820.493109957546,15363.404158881594,14921.248944681907,15295.0,15475.0,14782.5,16:00,below_val,inside_14_only,in_week_va,neg,pos
short,2022-02-03 11:55:00-05:00,2022-02-03,2022-02-03 15:35:00-05:00,tp,14666.125,14535.696428571428,14666.25,14757.839285714286,14535.571428571428,39.089285714285715,0.7375565610859729,-793,-34,131,14677.5,14711.0,130.42857142857247,2608.5714285714494,2604.0714285714494,14785.0,14805.0,14717.5,15012.973649357118,14555.880541594399,14986.762954317264,14581.810406184311,15295.0,15475.0,14782.5,11:00,below_val,inside_both,below_week_val,neg,pos
short,2022-02-03 10:45:00-05:00,2022-02-03,2022-02-03 14:40:00-05:00,tp,14735.375,14587.875,14735.5,14832.125,14587.75,51.125,0.7169811320754716,-248,-125,43,14763.5,14792.0,147.5,2950.0,2945.5,14785.0,14837.5,14732.5,14965.628847440747,14602.718074931881,14954.8561453129,14613.37535460408,15295.0,15475.0,14782.5,10:00,in_va,inside_both,below_week_val,neg,pos
short,2022-02-03 14:35:00-05:00,2022-02-03,2022-02-03 15:50:00-05:00,tp,14605.125,14503.446428571428,14605.25,14678.214285714286,14503.321428571428,28.964285714285715,0.7193877551020408,-358,-106,126,14635.25,14652.0,101.67857142857247,2033.5714285714494,2029.0714285714494,14785.0,14807.5,14687.5,14993.865197956391,14574.784258439387,15004.0416352717,14564.716854992343,15295.0,15475.0,14782.5,14:00,below_val,inside_both,below_week_val,neg,pos
short,2022-02-03 15:30:00-05:00,2022-02-03,2022-02-03 16:00:00-05:00,sl,14545.875,14629.285714285714,14546.0,14629.160714285714,14432.178571428572,30.660714285714285,0.9620853080568721,-605,-2,24,14569.0,14580.0,-83.41071428571377,-1668.2142857142753,-1672.7142857142753,14785.0,14807.5,14665.0,15044.277053898033,14524.912532554006,15023.3227749535,14545.642300108238,15295.0,15475.0,14782.5,15:00,below_val,inside_both,below_week_val,neg,pos
short,2022-02-04 11:10:00-05:00,2022-02-04,2022-02-04 11:30:00-05:00,sl,14457.875,14559.464285714286,14458.0,14559.339285714286,14303.321428571428,53.339285714285715,0.895,-327,-29,-13,14481.5,14511.75,-101.58928571428623,-2031.7857142857247,-2036.2857142857247,14517.5,14630.0,14450.0,14924.468117709448,14400.85185557356,14909.652389667375,14415.38285342038,15295.0,15475.0,14782.5,11:00,in_va,inside_both,below_week_val,neg,neg
short,2022-02-04 15:55:00-05:00,2022-02-04,2022-02-04 16:55:00-05:00,eod,14680.875,14645.125,14681.0,14753.732142857143,14573.785714285714,34.482142857142854,0.8162162162162162,-448,51,12,14688.25,14699.75,35.75,715.0,710.5,14610.0,14705.0,14397.5,15062.965979235722,14265.015660287547,14990.006778108887,14336.57272393431,15295.0,15475.0,14782.5,15:00,in_va,inside_both,below_week_val,pos,pos
short,2022-02-07 10:10:00-05:00,2022-02-07,2022-02-07 15:50:00-05:00,tp,14711.125,14552.553571428572,14711.25,14824.410714285714,14552.428571428572,45.660714285714285,0.7792642140468228,-869,-184,-22,14719.75,14748.5,158.57142857142753,3171.4285714285506,3166.9285714285506,14700.0,14777.5,14667.5,14829.882192116556,14523.388879771075,14790.378172333838,14562.724357306246,14220.0,14370.0,13967.5,10:00,in_va,inside_both,above_week_vah,neg,neg
short,2022-02-07 15:45:00-05:00,2022-02-07,2022-02-07 16:55:00-05:00,eod,14561.125,14601.875,14561.25,14620.42857142857,14468.642857142859,33.42857142857143,0.7459016393442623,-856,-125,73,14568.25,14590.5,-40.75,-815.0,-819.5,14650.0,14747.5,14630.0,14930.08006612916,14423.618495795648,14874.496334293623,14478.965081964941,14220.0,14370.0,13967.5,15:00,below_val,inside_both,above_week_vah,neg,pos
short,2022-02-07 15:35:00-05:00,2022-02-07,2022-02-07 16:55:00-05:00,eod,14594.125,14601.875,14594.25,14685.339285714286,14470.321428571428,32.839285714285715,0.78099173553719,-505,-64,120,14629.25,14642.75,-7.75,-155.0,-159.5,14650.0,14745.0,14632.5,14938.272567117936,14415.460947769567,14874.09982692987,14479.359897646616,14220.0,14370.0,13967.5,15:00,below_val,inside_both,above_week_vah,neg,pos
short,2022-02-08 10:00:00-05:00,2022-02-08,2022-02-08 10:15:00-05:00,sl,14478.875,14556.44642857143,14479.0,14556.32142857143,14368.357142857141,33.32142857142857,0.7899543378995434,-591,-221,6,14498.5,14508.0,-77.57142857142935,-1551.428571428587,-1555.928571428587,14535.0,14580.0,14520.0,14692.786471214129,14425.746589431945,14673.082136335968,14445.335546315544,14220.0,14370.0,13967.5,10:00,below_val,inside_both,above_week_vah,neg,pos
short,2022-02-08 14:20:00-05:00,2022-02-08,2022-02-08 15:10:00-05:00,sl,14657.125,14713.339285714286,14657.25,14713.214285714286,14575.571428571428,25.714285714285715,0.7628205128205128,-608,-254,3,14659.0,14669.0,-56.214285714286234,-1124.2857142857247,-1128.7857142857247,14685.0,14730.0,14537.5,14731.398768961437,14387.3603845473,14742.05597581045,14376.765580573669,14220.0,14370.0,13967.5,14:00,in_va,inside_both,above_week_vah,neg,pos
short,2022-02-09 13:35:00-05:00,2022-02-09,2022-02-09 14:00:00-05:00,sl,14961.125,14998.875,14961.25,14998.75,14906.25,17.5,0.9069767441860465,-481,-44,5,14969.5,14979.5,-37.75,-755.0,-759.5,14922.5,14957.5,14875.0,15058.932369233575,14607.442624597763,15055.718672772553,14610.61900133817,14220.0,14370.0,13967.5,13:00,above_vah,inside_both,above_week_vah,neg,pos
short,2022-02-10 11:30:00-05:00,2022-02-10,2022-02-10 11:55:00-05:00,sl,14858.375,14955.107142857143,14858.5,14954.982142857143,14716.535714285714,45.482142857142854,0.8732394366197183,-241,-184,17,14894.75,14909.25,-96.73214285714312,-1934.6428571428623,-1939.1428571428623,14910.0,15047.5,14852.5,15172.799491853728,14624.92837441719,15163.179064632415,14634.351465277581,14220.0,14370.0,13967.5,11:00,in_va,inside_both,above_week_vah,neg,pos
short,2022-02-10 11:10:00-05:00,2022-02-10,2022-02-10 13:25:00-05:00,tp,14903.875,14778.232142857141,14904.0,14984.69642857143,14778.107142857141,45.19642857142857,0.8333333333333334,-648,-100,15,14908.75,14926.5,125.6428571428587,2512.857142857174,2508.357142857174,14992.5,15047.5,14845.0,15170.692077402622,14626.992561110404,15161.386772353277,14636.106993655496,14220.0,14370.0,13967.5,11:00,in_va,inside_both,above_week_vah,neg,pos
short,2022-02-10 10:50:00-05:00,2022-02-10,2022-02-10 13:35:00-05:00,tp,14930.375,14752.017857142859,14930.5,15060.17857142857,14751.892857142859,48.92857142857143,0.899135446685879,-1068,-112,13,14981.0,15004.5,178.3571428571413,3567.142857142826,3562.642857142826,14992.5,15047.5,14837.5,15152.178651776238,14645.12623519798,15150.304907155702,14646.961545148599,14220.0,14370.0,13967.5,10:00,in_va,inside_both,above_week_vah,neg,pos
short,2022-02-10 12:45:00-05:00,2022-02-10,2022-02-10 15:35:00-05:00,tp,14851.125,14660.482142857141,14851.25,15003.44642857143,14660.357142857141,38.69642857142857,0.706953642384106,-831,-297,11,14852.25,14859.0,190.6428571428587,3812.857142857174,3808.357142857174,14930.0,15027.5,14860.0,15229.67547748114,14569.219041763632,15190.377911418052,14607.710527337615,14220.0,14370.0,13967.5,12:00,below_val,inside_both,above_week_vah,neg,pos
short,2022-02-10 13:25:00-05:00,2022-02-10,2022-02-10 15:45:00-05:00,tp,14778.875,14640.982142857141,14779.0,14870.32142857143,14640.857142857141,46.82142857142857,0.8791208791208791,-385,-15,121,14803.5,14878.25,137.8928571428587,2757.857142857174,2753.357142857174,14935.0,15027.5,14852.5,15203.0904835961,14595.25871829138,15185.55411164062,14612.435380252089,14220.0,14370.0,13967.5,13:00,below_val,inside_both,above_week_vah,neg,pos
short,2022-02-11 13:25:00-05:00,2022-02-11,2022-02-11 13:35:00-05:00,tp,14481.875,14381.839285714286,14482.0,14552.017857142857,14381.714285714286,30.267857142857142,0.9202453987730062,-972,-34,18,14497.25,14510.5,100.03571428571377,2000.7142857142753,1996.2142857142753,14675.0,14702.5,14565.0,14831.995014608665,14564.30185621947,14831.361894803076,14564.93474992238,14220.0,14370.0,13967.5,13:00,below_val,outside_both,above_week_vah,neg,pos
short,2022-02-14 13:50:00-05:00,2022-02-14,2022-02-14 15:30:00-05:00,sl,14169.875,14289.25,14170.0,14289.125,14016.5,34.375,0.888283378746594,-896,-198,80,14182.0,14208.5,-119.375,-2387.5,-2392.0,14250.0,14335.0,14195.0,14426.907180330081,14039.165709329613,14393.73838317535,14072.22283290773,14765.0,14917.5,14500.0,13:00,below_val,inside_both,below_week_val,neg,pos
short,2022-02-14 13:20:00-05:00,2022-02-14,2022-02-14 13:50:00-05:00,tp,14296.375,14182.267857142859,14296.5,14381.42857142857,14182.142857142859,29.428571428571427,0.8306451612903226,-520,-83,43,14322.0,14352.5,114.1071428571413,2282.142857142826,2277.642857142826,14235.0,14335.0,14185.0,14395.20507687381,14070.761077312098,14383.38313786022,14082.543213911205,14765.0,14917.5,14500.0,13:00,in_va,inside_both,below_week_val,neg,pos
short,2022-02-15 12:45:00-05:00,2022-02-15,2022-02-15 13:10:00-05:00,sl,14432.625,14498.017857142857,14432.75,14497.892857142857,14343.214285714286,24.392857142857142,0.782608695652174,-644,-70,-12,14446.5,14472.0,-65.39285714285688,-1307.8571428571377,-1312.3571428571377,14502.5,14542.5,14465.0,14618.024943434406,14117.352918978178,14608.55977883198,14126.67992151028,14765.0,14917.5,14500.0,12:00,below_val,inside_both,below_week_val,neg,neg
short,2022-02-16 12:30:00-05:00,2022-02-16,2022-02-16 14:00:00-05:00,sl,14392.375,14461.357142857143,14392.5,14461.232142857143,14303.035714285714,20.732142857142858,0.8378378378378378,-1077,-114,9,14409.0,14431.75,-68.98214285714312,-1379.6428571428623,-1384.1428571428623,14445.0,14557.5,14385.0,14715.940497060075,14379.689883315985,14716.808246512906,14378.826210248875,14765.0,14917.5,14500.0,12:00,in_va,inside_both,below_week_val,neg,pos
short,2022-02-18 10:30:00-05:00,2022-02-18,2022-02-18 13:00:00-05:00,tp,14065.375,13933.732142857141,14065.5,14147.32142857143,13933.607142857141,50.07142857142857,0.7062146892655368,-521,-309,6,14087.75,14103.75,131.6428571428587,2632.857142857174,2628.357142857174,14160.0,14217.5,14102.5,14683.321956890723,14115.596020169553,14671.832027911823,14126.780049720093,14765.0,14917.5,14500.0,10:00,below_val,outside_both,below_week_val,neg,pos
short,2022-02-18 11:00:00-05:00,2022-02-18,2022-02-18 14:30:00-05:00,sl,13987.125,14093.464285714286,13987.25,14093.339285714286,13838.071428571428,43.089285714285715,0.9054545454545454,-1216,25,3,14033.25,14065.25,-106.33928571428623,-2126.7857142857247,-2131.2857142857247,14160.0,14247.5,14087.5,14673.249435225076,14125.400378417888,14695.093310910886,14104.138058031302,14765.0,14917.5,14500.0,11:00,below_val,outside_both,below_week_val,pos,pos
short,2022-02-18 15:15:00-05:00,2022-02-18,2022-02-18 16:55:00-05:00,eod,14025.375,13993.625,14025.5,14128.32142857143,13880.857142857141,41.82142857142857,0.7781954887218046,-419,-33,185,14064.75,14105.0,31.75,635.0,630.5,13995.0,14182.5,13980.0,14763.307867919237,14037.739595276695,14759.986470229906,14040.972566513923,14765.0,14917.5,14500.0,15:00,in_va,outside_both,below_week_val,neg,pos
short,2022-02-23 13:10:00-05:00,2022-02-23,2022-02-23 15:00:00-05:00,tp,13687.125,13567.303571428572,13687.25,13776.160714285714,13567.178571428572,31.160714285714285,0.8945147679324894,-705,-12,40,13727.0,13754.75,119.82142857142753,2396.4285714285506,2391.9285714285506,14005.0,14052.5,13807.5,14134.888031403774,13781.611420160165,14124.800088209424,13791.64512322552,14690.0,14907.5,14492.5,13:00,below_val,outside_both,below_week_val,neg,pos
short,2022-02-23 09:40:00-05:00,2022-02-23,2022-02-23 10:25:00-05:00,tp,13952.875,13820.767857142859,13953.0,14058.17857142857,13820.642857142859,27.178571428571427,0.7094972067039106,-1373,-101,257,13962.0,14009.25,132.1071428571413,2642.142857142826,2637.642857142826,14005.0,14030.0,13965.0,14040.869756204456,13875.124184644701,14045.710689974625,13870.309279259813,14690.0,14907.5,14492.5,09:00,below_val,inside_both,below_week_val,neg,pos
short,2022-02-23 09:50:00-05:00,2022-02-23,2022-02-23 10:50:00-05:00,tp,13896.375,13767.017857142859,13896.5,13993.67857142857,13766.892857142859,32.42857142857143,0.9259259259259259,-2456,-27,43,13941.5,13953.0,129.3571428571413,2587.142857142826,2582.642857142826,14005.0,14030.0,13962.5,14061.05377902779,13855.04868582676,14054.552274776599,13861.515233256481,14690.0,14907.5,14492.5,09:00,below_val,inside_both,below_week_val,neg,pos
short,2022-02-23 10:40:00-05:00,2022-02-23,2022-02-23 14:20:00-05:00,tp,13780.625,13634.767857142859,13780.75,13874.55357142857,13634.642857142859,52.30357142857143,0.7386934673366834,-417,-86,171,13785.25,13804.0,145.8571428571413,2917.142857142826,2912.642857142826,14005.0,14032.5,13902.5,14090.61889690763,13825.64253155097,14083.320715151209,13832.901472967484,14690.0,14907.5,14492.5,10:00,below_val,outside_both,below_week_val,neg,pos
short,2022-02-24 11:40:00-05:00,2022-02-24,2022-02-24 13:35:00-05:00,sl,13452.625,13588.482142857143,13452.75,13588.357142857143,13248.785714285714,68.35714285714286,0.8529411764705882,-527,-211,32,13458.0,13509.25,-135.85714285714312,-2717.1428571428623,-2721.6428571428623,13177.5,13355.0,13050.0,13603.671543341912,12961.142199090542,13600.916988075393,12963.812254098191,14690.0,14907.5,14492.5,11:00,above_vah,inside_both,below_week_val,neg,pos
short,2022-02-25 12:50:00-05:00,2022-02-25,2022-02-25 14:30:00-05:00,sl,14074.375,14152.44642857143,14074.5,14152.32142857143,13966.107142857141,30.571428571428573,0.96875,-601,-31,9,14084.0,14127.75,-78.07142857142935,-1561.428571428587,-1565.928571428587,13890.0,14055.0,13825.0,14174.44709091501,13732.378286020206,14138.904758334758,13767.707919527335,14690.0,14907.5,14492.5,12:00,above_vah,inside_both,below_week_val,neg,pos
short,2022-02-28 14:05:00-05:00,2022-02-28,2022-02-28 15:20:00-05:00,sl,14011.125,14109.32142857143,14011.25,14109.19642857143,13869.857142857141,43.44642857142857,0.7974683544303798,-330,-175,244,14033.25,14048.5,-98.19642857142935,-1963.928571428587,-1968.428571428587,14082.5,14215.0,13940.0,14441.47590686556,13790.880605860251,14348.800574681443,13882.603889293452,14252.5,14467.5,13912.5,14:00,in_va,inside_both,in_week_va,neg,pos
short,2022-02-28 12:05:00-05:00,2022-02-28,2022-02-28 14:05:00-05:00,tp,14183.375,14043.053571428572,14183.5,14288.785714285714,14042.928571428572,35.285714285714285,0.9169435215946844,-914,-83,11,14224.5,14239.0,140.32142857142753,2806.4285714285506,2801.9285714285506,14082.5,14157.5,13822.5,14388.336095137678,13843.474515132893,14337.077366876558,13894.206665209029,14252.5,14467.5,13912.5,12:00,above_vah,inside_both,in_week_va,neg,pos
short,2022-02-28 14:00:00-05:00,2022-02-28,2022-02-28 15:50:00-05:00,sl,14058.375,14182.107142857143,14058.5,14181.982142857143,13892.785714285714,42.232142857142854,0.9257142857142857,-554,-53,1,14067.0,14088.0,-123.73214285714312,-2474.6428571428623,-2479.1428571428623,14082.5,14217.5,13940.0,14440.05347924636,13792.28842095629,14350.658830920767,13880.76472282149,14252.5,14467.5,13912.5,14:00,in_va,inside_both,in_week_va,neg,pos
short,2022-03-01 10:40:00-05:00,2022-03-01,2022-03-01 14:15:00-05:00,tp,14155.875,13969.446428571428,14156.0,14284.339285714286,13969.321428571428,58.339285714285715,0.9518900343642611,-837,-50,19,14158.5,14177.0,186.42857142857247,3728.5714285714494,3724.0714285714494,14190.0,14255.0,14162.5,14349.051161840041,14044.34518082131,14317.80953789862,14075.49231961507,14252.5,14467.5,13912.5,10:00,below_val,inside_both,in_week_va,neg,pos
short,2022-03-01 11:30:00-05:00,2022-03-01,2022-03-01 15:45:00-05:00,tp,14084.875,13928.589285714286,14085.0,14194.892857142857,13928.464285714286,46.642857142857146,0.8647686832740213,-893,-99,-3,14132.25,14169.75,156.28571428571377,3125.7142857142753,3121.2142857142753,14170.0,14247.5,14157.5,14411.165109428623,13982.419086640126,14346.841949190093,14046.547712071348,14252.5,14467.5,13912.5,11:00,below_val,inside_both,in_week_va,neg,neg
short,2022-03-01 15:25:00-05:00,2022-03-01,2022-03-01 16:55:00-05:00,eod,13980.625,14028.625,13980.75,14055.607142857143,13866.785714285714,39.107142857142854,0.8910256410256411,-215,-56,1,13987.5,14001.0,-48.0,-960.0,-964.5,14170.0,14262.5,14072.5,14559.01146686664,13835.01986616721,14423.78037615908,13969.841972706783,14252.5,14467.5,13912.5,15:00,below_val,inside_both,in_week_va,neg,pos
short,2022-03-02 10:05:00-05:00,2022-03-02,2022-03-02 11:05:00-05:00,sl,13990.375,14149.42857142857,13990.5,14149.30357142857,13787.142857142859,44.55357142857143,0.7922077922077922,-1640,-22,140,14011.0,14026.25,-159.05357142857065,-3181.071428571413,-3185.571428571413,14047.5,14105.0,14015.0,14166.315567925549,13929.456249047873,14152.89097902736,13942.844096162273,14252.5,14467.5,13912.5,10:00,below_val,inside_both,in_week_va,neg,pos
short,2022-03-02 13:45:00-05:00,2022-03-02,2022-03-02 14:20:00-05:00,sl,14215.875,14278.142857142857,14216.0,14278.017857142857,14129.214285714286,24.767857142857142,0.7150837988826816,-524,-176,13,14228.0,14253.25,-62.26785714285688,-1245.3571428571377,-1249.8571428571377,14047.5,14127.5,13975.0,14291.070208301471,13805.043049892856,14221.590718623569,13874.332381018643,14252.5,14467.5,13912.5,13:00,above_vah,inside_both,in_week_va,neg,pos
short,2022-03-03 10:35:00-05:00,2022-03-03,2022-03-03 12:35:00-05:00,sl,14104.625,14203.017857142857,14104.75,14202.892857142857,13959.964285714286,46.642857142857146,0.783410138248848,-770,-80,98,14127.0,14147.5,-98.39285714285688,-1967.8571428571377,-1972.3571428571377,14202.5,14302.5,14175.0,14485.897287761076,14062.55368756488,14448.538880753802,14099.51248373084,14252.5,14467.5,13912.5,10:00,below_val,inside_both,in_week_va,neg,pos
short,2022-03-03 12:25:00-05:00,2022-03-03,2022-03-03 12:30:00-05:00,sl,14054.375,14128.017857142857,14054.5,14127.892857142857,13946.214285714286,34.892857142857146,0.7752808988764045,-729,-161,-10,14072.25,14102.0,-73.64285714285688,-1472.8571428571377,-1477.3571428571377,14110.0,14237.5,14035.0,14502.024554266814,14046.598929232077,14494.029136559766,14054.508822532369,14252.5,14467.5,13912.5,12:00,in_va,inside_14_only,in_week_va,neg,neg
short,2022-03-03 15:30:00-05:00,2022-03-03,2022-03-03 16:55:00-05:00,eod,13991.625,14058.625,13991.75,14076.232142857143,13875.035714285714,32.232142857142854,0.8836206896551724,-640,-132,10,13998.0,14013.75,-67.0,-1340.0,-1344.5,14140.0,14222.5,14050.0,14643.4119409506,13906.723917862724,14552.28666224345,13996.874458827915,14252.5,14467.5,13912.5,15:00,below_val,inside_14_only,in_week_va,neg,pos
short,2022-03-04 10:10:00-05:00,2022-03-04,2022-03-04 13:00:00-05:00,sl,13818.625,13918.232142857143,13818.75,13918.107142857143,13670.285714285714,49.107142857142854,0.7412280701754386,-347,-251,38,13834.0,13861.75,-99.60714285714312,-1992.1428571428623,-1996.6428571428623,13925.0,13985.0,13885.0,14170.75937356351,13823.230786291519,14150.418655717793,13843.392093174978,14252.5,14467.5,13912.5,10:00,below_val,outside_both,below_week_val,neg,pos
short,2022-03-04 10:55:00-05:00,2022-03-04,2022-03-04 12:10:00-05:00,sl,13781.625,13854.05357142857,13781.75,13853.92857142857,13661.392857142859,48.17857142857143,0.7931034482758621,-317,-281,13,13783.25,13801.75,-72.42857142857065,-1448.571428571413,-1453.071428571413,13925.0,13990.0,13850.0,14229.526203072679,13764.982297064676,14175.09161684406,13818.936754638578,14252.5,14467.5,13912.5,10:00,below_val,inside_14_only,below_week_val,neg,pos
short,2022-03-04 14:55:00-05:00,2022-03-04,2022-03-04 15:50:00-05:00,sl,13748.375,13824.892857142857,13748.5,13824.767857142857,13636.714285714286,35.517857142857146,0.7684210526315789,-1095,-386,-12,13764.0,13781.0,-76.51785714285688,-1530.3571428571377,-1534.8571428571377,13855.0,13920.0,13772.5,14348.927136731958,13646.634513867662,14245.939662253115,13748.713609299282,14252.5,14467.5,13912.5,14:00,below_val,inside_14_only,below_week_val,neg,neg
short,2022-03-07 10:10:00-05:00,2022-03-07,2022-03-07 14:40:00-05:00,tp,13617.375,13438.839285714286,13617.5,13743.892857142857,13438.714285714286,52.392857142857146,0.7261538461538461,-660,-73,-42,13618.5,13625.0,178.53571428571377,3570.7142857142753,3566.2142857142753,13607.5,13742.5,13542.5,13945.993672276334,13684.778892018505,13923.067431603724,13707.650434916632,13850.0,14162.5,13652.5,10:00,in_va,outside_both,below_week_val,neg,neg
short,2022-03-07 09:40:00-05:00,2022-03-07,2022-03-07 10:20:00-05:00,tp,13757.875,13598.160714285714,13758.0,13878.732142857143,13598.035714285714,39.232142857142854,0.819371727748691,-420,-120,53,13777.25,13787.25,159.71428571428623,3194.2857142857247,3189.7857142857247,13607.5,13727.5,13540.0,13914.355538121732,13716.341543430352,13889.683092031337,13740.955125622757,13850.0,14162.5,13652.5,09:00,above_vah,inside_both,in_week_va,neg,pos
short,2022-03-07 09:55:00-05:00,2022-03-07,2022-03-07 13:15:00-05:00,tp,13673.875,13487.232142857141,13674.0,13813.57142857143,13487.107142857141,47.32142857142857,0.7493261455525606,-417,-3,283,13714.75,13742.0,186.6428571428587,3732.857142857174,3728.357142857174,13607.5,13747.5,13540.0,13941.681493196314,13689.080783035939,13910.773125675913,13719.915408901945,13850.0,14162.5,13652.5,09:00,in_va,outside_both,in_week_va,neg,pos
short,2022-03-07 14:40:00-05:00,2022-03-07,2022-03-07 15:55:00-05:00,tp,13433.875,13321.839285714286,13434.0,13511.267857142857,13321.714285714286,35.017857142857146,0.7411167512690355,-646,-322,99,13461.25,13475.5,112.03571428571377,2240.7142857142753,2236.2142857142753,13607.5,13640.0,13470.0,14122.471518430115,13508.72208940029,14008.68099358952,13622.241131072107,13850.0,14162.5,13652.5,14:00,below_val,outside_both,below_week_val,neg,pos
short,2022-03-08 10:00:00-05:00,2022-03-08,2022-03-08 10:55:00-05:00,sl,13183.125,13314.285714285714,13183.25,13314.160714285714,12990.928571428572,61.410714285714285,0.8630573248407644,-322,-86,1,13221.75,13246.5,-131.16071428571377,-2623.2142857142753,-2627.7142857142753,13345.0,13365.0,13262.5,13402.789134370989,13153.855280690701,13366.357012761997,13190.242158630814,13850.0,14162.5,13652.5,10:00,below_val,inside_14_only,below_week_val,neg,pos
short,2022-03-08 11:20:00-05:00,2022-03-08,2022-03-08 12:05:00-05:00,sl,13207.875,13339.285714285714,13208.0,13339.160714285714,13006.428571428572,70.41071428571429,0.7851851851851852,-587,-99,31,13232.25,13260.0,-131.41071428571377,-2628.2142857142753,-2632.7142857142753,13302.5,13367.5,13227.5,13495.46984974618,13061.289661977813,13419.982903709926,13136.682863641236,13850.0,14162.5,13652.5,11:00,below_val,inside_both,below_week_val,neg,pos
short,2022-03-14 12:50:00-04:00,2022-03-14,2022-03-14 16:55:00-04:00,eod,13082.625,13078.875,13082.75,13162.785714285714,12972.428571428572,30.285714285714285,0.7990430622009569,-569,-36,-1,13118.25,13152.0,3.75,75.0,70.5,13350.0,13382.5,13255.0,13483.001413329535,13067.263081886062,13454.62220221878,13095.52176188145,14040.0,14262.5,13980.0,12:00,below_val,inside_14_only,below_week_val,neg,neg
short,2022-03-08 13:20:00-05:00,2022-03-08,2022-03-08 13:55:00-05:00,tp,13563.625,13353.553571428572,13563.75,13707.035714285714,13353.428571428572,67.03571428571429,0.9707792207792207,-672,-6,39,13608.25,13621.25,210.07142857142753,4201.428571428551,4196.928571428551,13300.0,13362.5,13167.5,13506.83830316071,13049.935326614035,13432.678150777945,13124.003382318644,13850.0,14162.5,13652.5,13:00,above_vah,outside_both,below_week_val,neg,pos
short,2022-03-09 11:10:00-05:00,2022-03-09,2022-03-09 12:00:00-05:00,sl,13600.875,13678.375,13601.0,13678.25,13484.0,39.75,0.8048780487804879,-685,-236,6,13621.0,13635.5,-77.5,-1550.0,-1554.5,13565.0,13650.0,13522.5,13797.7989094832,13011.46348825908,13729.444982827888,13077.784985972014,13850.0,14162.5,13652.5,11:00,in_va,inside_both,below_week_val,neg,pos
short,2022-03-09 13:00:00-05:00,2022-03-09,2022-03-09 15:05:00-05:00,sl,13678.625,13754.32142857143,13678.75,13754.19642857143,13573.357142857141,29.946428571428573,0.927461139896373,-405,-36,1,13718.0,13729.5,-75.69642857142935,-1513.928571428587,-1518.428571428587,13605.0,13667.5,13522.5,13809.72158812455,12999.895317373568,13753.780566490843,13054.172994163784,13850.0,14162.5,13652.5,13:00,above_vah,inside_both,in_week_va,neg,pos
short,2022-03-14 11:20:00-04:00,2022-03-14,2022-03-14 12:05:00-04:00,tp,13265.375,13143.517857142859,13265.5,13345.42857142857,13143.392857142859,42.17857142857143,0.8514285714285714,-314,-203,2,13294.5,13313.0,121.8571428571413,2437.142857142826,2432.642857142826,13350.0,13382.5,13290.0,13437.448225561231,13112.622797872895,13438.606774353822,13111.469169625054,14040.0,14262.5,13980.0,11:00,below_val,inside_both,below_week_val,neg,pos
short,2022-03-14 15:30:00-04:00,2022-03-14,2022-03-14 16:55:00-04:00,eod,13036.375,13078.875,13036.5,13109.07142857143,12929.857142857141,34.07142857142857,0.735,-237,-19,29,13069.75,13081.0,-42.5,-850.0,-854.5,13350.0,13412.5,13155.0,13502.533930333695,13047.813522651637,13502.650064942674,13047.697881285188,14040.0,14262.5,13980.0,15:00,below_val,outside_both,below_week_val,neg,pos
short,2022-03-21 13:15:00-04:00,2022-03-21,2022-03-21 14:20:00-04:00,sl,14190.375,14283.714285714286,14190.5,14283.589285714286,14051.821428571428,45.589285714285715,0.93717277486911,-509,-1,7,14210.5,14241.75,-93.33928571428623,-1866.7857142857247,-1871.2857142857247,14410.0,14440.0,14312.5,14650.06991647533,14157.628786849884,14604.563542041044,14202.934192726632,13605.0,13682.5,13300.0,13:00,below_val,inside_14_only,above_week_vah,neg,pos
short,2022-03-21 12:30:00-04:00,2022-03-21,2022-03-21 16:55:00-04:00,eod,14326.125,14394.875,14326.25,14450.892857142857,14159.214285714286,42.392857142857146,0.8277634961439588,-1346,-271,-1,14394.5,14405.25,-68.75,-1375.0,-1379.5,14410.0,14442.5,14330.0,14646.083361336043,14161.597736274678,14599.578831504916,14207.896889421874,13605.0,13682.5,13300.0,12:00,below_val,inside_both,above_week_vah,neg,neg
short,2022-03-21 14:55:00-04:00,2022-03-21,2022-03-21 15:30:00-04:00,sl,14252.625,14337.857142857143,14252.75,14337.732142857143,14132.535714285714,35.232142857142854,0.8703703703703703,-557,-56,16,14292.0,14312.5,-85.23214285714312,-1704.6428571428623,-1709.1428571428623,14410.0,14437.5,14290.0,14669.891874791756,14137.894367706154,14641.281634785979,14166.378257091032,13605.0,13682.5,13300.0,14:00,below_val,inside_both,above_week_vah,neg,pos
short,2022-03-22 11:40:00-04:00,2022-03-22,2022-03-22 16:55:00-04:00,eod,14638.625,14654.625,14638.75,14693.535714285714,14558.928571428572,25.035714285714285,0.8583333333333333,-498,-3,53,14643.0,14655.5,-16.0,-320.0,-324.5,14610.0,14685.0,14420.0,14572.749457648033,14212.306187469767,14548.121066778267,14236.926879160392,13605.0,13682.5,13300.0,11:00,in_va,outside_both,above_week_vah,neg,pos
short,2022-03-24 10:15:00-04:00,2022-03-24,2022-03-24 11:00:00-04:00,sl,14458.375,14558.535714285714,14458.5,14558.410714285714,14316.678571428572,41.910714285714285,0.7692307692307693,-541,48,26,14468.5,14488.5,-100.16071428571377,-2003.2142857142753,-2007.7142857142753,14517.5,14540.0,14490.0,14651.745700842066,14336.283070449817,14626.863559127927,14361.062419944123,13605.0,13682.5,13300.0,10:00,below_val,inside_both,above_week_vah,pos,pos
short,2022-04-06 10:00:00-04:00,2022-04-06,2022-04-06 13:40:00-04:00,sl,14468.125,14539.035714285714,14468.25,14538.910714285714,14370.678571428572,26.910714285714285,0.7727272727272727,-390,-306,17,14486.75,14501.0,-70.91071428571377,-1418.2142857142753,-1422.7142857142753,14602.5,14685.0,14500.0,14941.30740040981,14524.08344955191,14950.584838513305,14514.967694755542,14650.0,14692.5,14375.0,10:00,below_val,outside_both,in_week_va,neg,pos
short,2022-03-25 11:20:00-04:00,2022-03-25,2022-03-25 13:15:00-04:00,sl,14605.125,14677.107142857143,14605.25,14676.982142857143,14495.285714285714,38.232142857142854,0.9637681159420289,-654,-29,4,14637.75,14649.0,-71.98214285714312,-1439.6428571428623,-1444.1428571428623,14747.5,14782.5,14707.5,14904.305826079823,14621.69417392018,14913.154027216928,14612.84597278307,13605.0,13682.5,13300.0,11:00,below_val,outside_both,above_week_vah,neg,pos
short,2022-03-25 11:05:00-04:00,2022-03-25,2022-03-25 16:55:00-04:00,eod,14657.375,14752.625,14657.5,14763.607142857143,14511.285714285714,40.107142857142854,0.8892988929889298,-1215,-76,147,14684.75,14689.75,-95.25,-1905.0,-1909.5,14747.5,14790.0,14722.5,14892.300090343007,14633.699909656993,14901.8749057884,14624.1250942116,13605.0,13682.5,13300.0,11:00,below_val,inside_both,above_week_vah,neg,pos
short,2022-03-28 11:00:00-04:00,2022-03-28,2022-03-28 14:55:00-04:00,sl,14820.375,14926.482142857143,14820.5,14926.357142857143,14673.785714285714,40.857142857142854,0.7128712871287128,-620,-229,169,14851.25,14874.25,-106.10714285714312,-2122.1428571428623,-2126.6428571428623,14845.0,14880.0,14755.0,14877.282431729005,14628.473873615498,14884.27247804812,14621.484182644172,13315.0,13947.5,12952.5,11:00,in_va,inside_both,above_week_vah,neg,pos
short,2022-03-28 11:30:00-04:00,2022-03-28,2022-03-28 14:25:00-04:00,sl,14779.875,14868.857142857143,14780.0,14868.732142857143,14654.035714285714,37.232142857142854,0.875,-717,-125,59,14800.5,14820.5,-88.98214285714312,-1779.6428571428623,-1784.1428571428623,14845.0,14882.5,14770.0,14919.608141474098,14586.150315551042,14899.965355834634,14605.792102624813,13315.0,13947.5,12952.5,11:00,in_va,inside_both,above_week_vah,neg,pos
short,2022-04-01 09:50:00-04:00,2022-04-01,2022-04-01 10:50:00-04:00,sl,14817.125,14897.714285714286,14817.25,14897.589285714286,14711.571428571428,25.339285714285715,0.7421875,-1027,-326,79,14830.0,14841.5,-80.58928571428623,-1611.7857142857247,-1616.2857142857247,14940.0,14950.0,14890.0,15160.678165963584,14844.330244009736,15179.104639333493,14826.154763482984,13315.0,13947.5,12952.5,09:00,below_val,outside_both,above_week_vah,neg,pos
short,2022-03-30 15:20:00-04:00,2022-03-30,2022-03-30 15:45:00-04:00,sl,15015.625,15063.107142857143,15015.75,15062.982142857143,14945.035714285714,23.482142857142858,0.8532110091743119,-320,-73,14,15034.75,15080.0,-47.48214285714312,-949.6428571428623,-954.1428571428623,15175.0,15212.5,15130.0,15401.000794135864,14989.678380303401,15457.414398503857,14933.481548246395,13315.0,13947.5,12952.5,15:00,below_val,inside_both,above_week_vah,neg,pos
short,2022-03-29 12:30:00-04:00,2022-03-29,2022-03-29 13:40:00-04:00,sl,15087.375,15151.839285714286,15087.5,15151.714285714286,14998.821428571428,24.464285714285715,0.834319526627219,-528,-59,61,15122.5,15137.0,-64.46428571428623,-1289.2857142857247,-1293.7857142857247,15150.0,15170.0,15057.5,15314.223464828958,14816.359114284125,15314.009697283374,14816.570528626215,13315.0,13947.5,12952.5,12:00,in_va,inside_both,above_week_vah,neg,pos
short,2022-03-30 14:40:00-04:00,2022-03-30,2022-03-30 15:15:00-04:00,tp,15103.375,15038.660714285714,15103.5,15147.732142857143,15038.535714285714,20.732142857142858,0.744,-285,-178,2,15104.0,15123.75,64.71428571428623,1294.2857142857247,1289.7857142857247,15175.0,15200.0,15130.0,15366.400155225305,15024.146064396724,15422.16360938084,14968.596884314993,13315.0,13947.5,12952.5,14:00,below_val,inside_both,above_week_vah,neg,pos
short,2022-04-01 11:10:00-04:00,2022-04-01,2022-04-01 12:00:00-04:00,tp,14854.875,14749.767857142859,14855.0,14925.67857142857,14749.642857142859,34.67857142857143,0.7388535031847133,-657,-57,176,14870.75,14888.0,105.1071428571413,2102.142857142826,2097.642857142826,14885.0,14902.5,14817.5,15221.262611418573,14784.571038518492,15248.039111782862,14758.159269365719,13315.0,13947.5,12952.5,11:00,in_va,inside_both,above_week_vah,neg,pos
short,2022-04-05 10:05:00-04:00,2022-04-05,2022-04-05 15:30:00-04:00,tp,14969.625,14800.589285714286,14969.75,15105.517857142857,14800.464285714286,33.517857142857146,0.9454976303317536,-1552,-128,6,15025.0,15035.5,169.03571428571377,3380.7142857142753,3376.2142857142753,15115.0,15155.0,15082.5,15250.295353511408,15014.779568018193,15256.86466664424,15008.23376392177,14650.0,14692.5,14375.0,10:00,below_val,outside_both,above_week_vah,neg,pos
short,2022-04-04 14:05:00-04:00,2022-04-04,2022-04-04 14:35:00-04:00,sl,15071.375,15124.982142857143,15071.5,15124.857142857143,15003.535714285714,14.607142857142858,0.8181818181818182,-507,-49,87,15075.25,15082.0,-53.60714285714312,-1072.1428571428623,-1076.6428571428623,15102.5,15130.0,14977.5,15023.446808093157,14724.4232738288,15070.857531230262,14677.149417215913,14650.0,14692.5,14375.0,14:00,in_va,outside_both,above_week_vah,neg,pos
short,2022-04-05 09:50:00-04:00,2022-04-05,2022-04-05 10:10:00-04:00,tp,15056.375,14965.410714285714,15056.5,15124.482142857143,14965.285714285714,23.232142857142858,0.7704081632653061,-715,-137,47,15079.75,15109.25,90.96428571428623,1819.2857142857247,1814.7857142857247,15115.0,15145.0,15087.5,15217.38572778733,15047.571422892604,15234.48872428009,15030.529631423738,14650.0,14692.5,14375.0,09:00,below_val,inside_both,above_week_vah,neg,pos
short,2022-04-05 10:15:00-04:00,2022-04-05,2022-04-05 15:05:00-04:00,tp,14946.625,14844.875,14946.75,15012.875,14844.75,35.875,0.7125748502994012,-745,-115,1,14964.25,14969.5,101.75,2035.0,2030.5,15115.0,15170.0,15067.5,15256.303474887489,15008.792947389804,15268.194079006365,14996.944895154136,14650.0,14692.5,14375.0,10:00,below_val,outside_both,above_week_vah,neg,pos
short,2022-04-05 11:35:00-04:00,2022-04-05,2022-04-05 15:50:00-04:00,tp,14901.125,14786.232142857141,14901.25,14983.32142857143,14786.107142857141,33.07142857142857,0.8280542986425339,-1124,-194,18,14913.0,14921.75,114.8928571428587,2297.857142857174,2293.357142857174,14962.5,15102.5,14912.5,15287.422318759915,14977.785465849916,15316.272830328693,14949.038199127775,14650.0,14692.5,14375.0,11:00,below_val,outside_both,above_week_vah,neg,pos
short,2022-04-05 12:15:00-04:00,2022-04-05,2022-04-05 13:10:00-04:00,sl,14871.125,14929.535714285714,14871.25,14929.410714285714,14787.178571428572,25.910714285714285,0.8582089552238806,-688,-71,52,14884.0,14891.5,-58.410714285713766,-1168.2142857142753,-1172.7142857142753,14962.5,15095.0,14885.0,15280.99678293106,14984.188007165843,15320.050379669052,14945.274168178636,14650.0,14692.5,14375.0,12:00,below_val,outside_both,above_week_vah,neg,pos
short,2022-04-05 13:40:00-04:00,2022-04-05,2022-04-05 15:15:00-04:00,tp,14871.875,14812.660714285714,14872.0,14912.482142857143,14812.535714285714,18.982142857142858,0.9318181818181818,-321,-17,-2,14882.5,14892.0,59.214285714286234,1184.2857142857247,1179.7857142857247,14962.5,15072.5,14850.0,15297.509234955747,14967.73464683431,15334.707763423112,14930.669237544314,14650.0,14692.5,14375.0,13:00,in_va,outside_both,above_week_vah,neg,neg
short,2022-04-05 15:30:00-04:00,2022-04-05,2022-04-05 16:05:00-04:00,sl,14804.875,14848.285714285714,14805.0,14848.160714285714,14736.428571428572,25.410714285714285,0.7666666666666667,-412,-177,-2,14807.25,14814.5,-43.410714285713766,-868.2142857142753,-872.7142857142753,14962.5,14997.5,14817.5,15329.469350381276,14935.88890432753,15388.72891627664,14876.841405548486,14650.0,14692.5,14375.0,15:00,below_val,outside_both,above_week_vah,neg,neg
short,2022-04-06 11:05:00-04:00,2022-04-06,2022-04-06 13:40:00-04:00,sl,14454.375,14527.910714285714,14454.5,14527.785714285714,14347.928571428572,33.285714285714285,0.8370786516853933,-986,-261,32,14456.25,14468.0,-73.53571428571377,-1470.7142857142753,-1475.2142857142753,14467.5,14607.5,14455.0,14971.316022494007,14494.597805169818,15000.80110673275,14465.626574634794,14650.0,14692.5,14375.0,11:00,below_val,outside_both,in_week_va,neg,pos
short,2022-04-06 14:05:00-04:00,2022-04-06,2022-04-06 15:00:00-04:00,sl,14474.375,14631.392857142857,14474.5,14631.267857142857,14276.714285714286,41.017857142857146,0.948559670781893,-634,-79,-1,14475.75,14499.5,-157.01785714285688,-3140.3571428571377,-3144.8571428571377,14465.0,14585.0,14425.0,15015.904675412025,14450.786224627118,15040.139832344448,14426.973427863284,14650.0,14692.5,14375.0,14:00,in_va,inside_both,in_week_va,neg,neg
short,2022-04-07 11:05:00-04:00,2022-04-07,2022-04-07 12:45:00-04:00,tp,14456.625,14333.339285714286,14456.75,14534.017857142857,14333.214285714286,46.267857142857146,0.7006802721088435,-432,-87,60,14457.5,14471.0,123.28571428571377,2465.7142857142753,2461.2142857142753,14540.0,14577.5,14485.0,14609.07960801203,14354.39466342356,14629.37655826448,14334.137968229043,14650.0,14692.5,14375.0,11:00,below_val,inside_both,in_week_va,neg,pos
short,2022-04-07 11:50:00-04:00,2022-04-07,2022-04-07 13:10:00-04:00,sl,14358.125,14432.214285714286,14358.25,14432.089285714286,14249.071428571428,35.339285714285715,0.8121212121212121,-622,-108,56,14388.0,14391.0,-74.08928571428623,-1481.7857142857247,-1486.2857142857247,14540.0,14577.5,14467.5,14633.912498192994,14329.611024456222,14644.400666410178,14319.14365748326,14650.0,14692.5,14375.0,11:00,below_val,inside_both,below_week_val,neg,pos
short,2022-04-08 11:15:00-04:00,2022-04-08,2022-04-08 15:50:00-04:00,tp,14439.375,14329.339285714286,14439.5,14508.642857142857,14329.214285714286,41.142857142857146,0.7819548872180451,-639,-230,24,14449.0,14468.5,110.03571428571377,2200.7142857142753,2196.2142857142753,14385.0,14480.0,14317.5,14651.451720609886,14350.585677176032,14675.11085377909,14327.034795854619,14650.0,14692.5,14375.0,11:00,in_va,inside_both,in_week_va,neg,pos
short,2022-04-08 13:30:00-04:00,2022-04-08,2022-04-08 15:50:00-04:00,tp,14399.375,14334.875,14399.5,14441.0,14334.75,23.25,0.8717948717948718,-358,-36,19,14411.75,14418.75,64.5,1290.0,1285.5,14445.0,14492.5,14365.0,14662.203755025314,14339.882838459564,14693.177520264562,14309.0507930076,14650.0,14692.5,14375.0,13:00,in_va,inside_both,in_week_va,neg,pos
short,2022-04-08 13:10:00-04:00,2022-04-08,2022-04-08 14:25:00-04:00,tp,14435.375,14347.517857142859,14435.5,14495.55357142857,14347.392857142859,28.053571428571427,0.8832116788321168,-434,-110,32,14448.5,14472.5,87.8571428571413,1757.142857142826,1752.642857142826,14445.0,14492.5,14362.5,14661.806964617243,14340.277813361776,14695.640502209488,14306.599080382844,14650.0,14692.5,14375.0,13:00,in_va,inside_both,in_week_va,neg,pos
short,2022-04-08 13:45:00-04:00,2022-04-08,2022-04-08 15:50:00-04:00,tp,14382.625,14316.875,14382.75,14426.5,14316.75,22.25,0.8404255319148937,-427,-70,9,14386.5,14400.75,65.75,1315.0,1310.5,14405.0,14492.5,14365.0,14664.031913741248,14338.063044443958,14698.896272206444,14303.358207090498,14650.0,14692.5,14375.0,13:00,in_va,inside_both,in_week_va,neg,pos
short,2022-04-11 15:30:00-04:00,2022-04-11,2022-04-11 16:55:00-04:00,eod,14018.875,14003.625,14019.0,14073.017857142857,13941.464285714286,23.517857142857142,0.8064516129032258,-210,3,164,14039.0,14055.75,15.25,305.0,300.5,14060.0,14165.0,14045.0,14489.033316653258,13998.630134083774,14540.493851441897,13947.781070264413,15152.5,15267.5,14850.0,15:00,below_val,inside_both,below_week_val,pos,pos
short,2022-04-12 10:15:00-04:00,2022-04-12,2022-04-12 12:45:00-04:00,tp,14203.875,14064.660714285714,14204.0,14299.607142857143,14064.535714285714,43.857142857142854,0.7327935222672065,-854,-254,133,14219.5,14259.0,139.21428571428623,2784.2857142857247,2779.7857142857247,14257.5,14285.0,14025.0,14286.001558827245,13917.69632868249,14301.475658482324,13902.435285332964,15152.5,15267.5,14850.0,10:00,in_va,inside_both,below_week_val,neg,pos
short,2022-04-12 10:35:00-04:00,2022-04-12,2022-04-12 14:10:00-04:00,tp,14139.125,13986.017857142859,14139.25,14243.67857142857,13985.892857142859,48.92857142857143,0.82,-814,-194,155,14173.0,14204.0,153.1071428571413,3062.142857142826,3057.642857142826,14257.5,14285.0,14045.0,14280.277128033691,13923.341942219888,14311.736589069575,13892.315633140657,15152.5,15267.5,14850.0,10:00,in_va,inside_both,below_week_val,neg,pos
short,2022-04-12 15:00:00-04:00,2022-04-12,2022-04-12 16:55:00-04:00,eod,13912.625,13953.625,13912.75,13991.107142857143,13804.285714285714,30.107142857142858,0.726027397260274,-522,-59,28,13926.0,13936.75,-41.0,-820.0,-824.5,14105.0,14267.5,14050.0,14324.50736569036,13879.7206919188,14390.690557889933,13814.448747981429,15152.5,15267.5,14850.0,15:00,below_val,inside_both,below_week_val,neg,pos
short,2022-04-14 12:25:00-04:00,2022-04-14,2022-04-14 14:00:00-04:00,sl,13986.375,14039.660714285714,13986.5,14039.535714285714,13908.178571428572,25.285714285714285,0.7426470588235294,-802,-199,-7,14003.0,14014.5,-53.285714285713766,-1065.7142857142753,-1070.2142857142753,14060.0,14202.5,13997.5,14351.021245020267,14085.081654659336,14375.612473318146,14060.51030853918,15152.5,15267.5,14850.0,12:00,below_val,outside_both,below_week_val,neg,neg
short,2022-04-14 10:05:00-04:00,2022-04-14,2022-04-14 15:50:00-04:00,tp,14046.375,13897.660714285714,14046.5,14160.232142857143,13897.535714285714,35.232142857142854,0.8419618528610354,-2026,-411,23,14055.5,14066.25,148.71428571428623,2974.2857142857247,2969.7857142857247,14222.5,14270.0,14177.5,14307.333151171428,14128.734426382905,14315.033186371065,14121.040616714847,15152.5,15267.5,14850.0,10:00,below_val,outside_both,below_week_val,neg,pos
short,2022-04-14 12:40:00-04:00,2022-04-14,2022-04-14 13:40:00-04:00,sl,13965.375,14008.892857142857,13965.5,14008.767857142857,13899.964285714286,22.267857142857142,0.8539325842696629,-376,-34,-2,13979.0,13986.25,-43.51785714285688,-870.3571428571377,-874.8571428571377,14060.0,14197.5,13977.5,14355.933850572064,14080.173020983017,14388.605445356287,14047.527841408568,15152.5,15267.5,14850.0,12:00,below_val,outside_both,below_week_val,neg,neg
short,2022-04-14 14:50:00-04:00,2022-04-14,2022-04-14 16:55:00-04:00,eod,13953.625,13892.375,13953.75,14008.589285714286,13876.321428571428,22.589285714285715,0.7814569536423841,-738,-267,41,13971.5,13976.75,61.25,1225.0,1220.5,13982.5,14147.5,13960.0,14371.541480578737,14064.578009852876,14415.810856183756,14020.344426343432,15152.5,15267.5,14850.0,14:00,below_val,outside_both,below_week_val,neg,pos
short,2022-04-14 15:05:00-04:00,2022-04-14,2022-04-14 16:55:00-04:00,eod,13929.375,13892.375,13929.5,13975.642857142857,13860.964285714286,22.392857142857142,0.7307692307692307,-347,-12,-63,13934.25,13941.25,37.0,740.0,735.5,13982.5,14142.5,13935.0,14388.78542063061,14047.348011645498,14431.079310609082,14005.088316568843,15152.5,15267.5,14850.0,15:00,below_val,outside_both,below_week_val,neg,neg
short,2022-04-18 10:50:00-04:00,2022-04-18,2022-04-18 12:10:00-04:00,tp,13943.125,13820.160714285714,13943.25,14022.482142857143,13820.035714285714,43.982142857142854,0.8258064516129032,-461,-110,38,13956.5,13980.25,122.96428571428623,2459.2857142857247,2454.7857142857247,13857.5,13932.5,13767.5,13992.39912746776,13750.403650221502,14012.918773791307,13729.946040295628,14470.0,14820.0,14310.0,10:00,above_vah,inside_both,below_week_val,neg,pos
short,2022-04-18 11:45:00-04:00,2022-04-18,2022-04-18 13:30:00-04:00,sl,13841.125,13897.30357142857,13841.25,13897.17857142857,13758.142857142859,27.178571428571427,0.8145161290322581,-590,-131,78,13850.5,13874.75,-56.17857142857065,-1123.571428571413,-1128.071428571413,13860.0,13955.0,13812.5,14015.364981164583,13727.507228463728,14033.991112811907,13708.937408611051,14470.0,14820.0,14310.0,11:00,in_va,inside_both,below_week_val,neg,pos
short,2022-04-21 14:40:00-04:00,2022-04-21,2022-04-21 16:55:00-04:00,eod,13777.625,13715.625,13777.75,13851.035714285714,13667.178571428572,37.285714285714285,0.8441558441558441,-782,-64,26,13786.0,13791.75,62.0,1240.0,1235.5,14170.0,14282.5,13960.0,14359.187052994885,13884.66312678511,14362.247135255899,13881.625176006315,14470.0,14820.0,14310.0,14:00,below_val,outside_both,below_week_val,neg,pos
short,2022-04-19 12:35:00-04:00,2022-04-19,2022-04-19 15:05:00-04:00,sl,14135.125,14179.107142857143,14135.25,14178.982142857143,14072.785714285714,18.732142857142858,0.9019607843137255,-382,-37,3,14144.0,14150.25,-43.98214285714312,-879.6428571428623,-884.1428571428623,14160.0,14195.0,13925.0,14110.782998409084,13730.651307237718,14119.669119320108,13721.822136403425,14470.0,14820.0,14310.0,12:00,in_va,outside_both,below_week_val,neg,pos
short,2022-04-19 16:00:00-04:00,2022-04-19,2022-04-19 16:55:00-04:00,eod,14086.875,14095.875,14087.0,14250.035714285714,13890.928571428572,33.035714285714285,0.9312267657992565,-1907,-52,0,14102.25,14122.5,-9.0,-180.0,-184.5,14160.0,14240.0,13975.0,14155.960396373124,13685.763445766182,14215.522111253686,13626.583454729644,14470.0,14820.0,14310.0,16:00,in_va,inside_both,below_week_val,neg,zero
short,2022-04-20 09:40:00-04:00,2022-04-20,2022-04-20 12:10:00-04:00,tp,14127.375,14007.053571428572,14127.5,14222.285714285714,14006.928571428572,25.785714285714285,0.9106529209621993,-345,-119,2,14180.75,14192.75,120.32142857142753,2406.4285714285506,2401.9285714285506,14085.0,14237.5,14042.5,14303.721151143469,14044.099556802403,14310.730376876496,14037.16693261363,14470.0,14820.0,14310.0,09:00,in_va,inside_both,below_week_val,neg,pos
short,2022-04-20 14:10:00-04:00,2022-04-20,2022-04-20 14:50:00-04:00,tp,14048.875,13971.196428571428,14049.0,14099.464285714286,13971.071428571428,27.464285714285715,0.7920792079207921,-216,-65,45,14057.0,14072.0,77.67857142857247,1553.5714285714494,1549.0714285714494,14072.5,14135.0,14032.5,14421.574667488638,13927.534023137707,14422.328048739037,13926.78887534552,14470.0,14820.0,14310.0,14:00,in_va,inside_both,below_week_val,neg,pos
short,2022-04-20 14:50:00-04:00,2022-04-20,2022-04-20 15:10:00-04:00,sl,13967.875,14040.285714285714,13968.0,14040.160714285714,13871.678571428572,24.160714285714285,0.8606965174129353,-855,-7,41,13994.25,14000.75,-72.41071428571377,-1448.2142857142753,-1452.7142857142753,14072.5,14137.5,14030.0,14438.158114224652,13911.131811487763,14447.899919588728,13901.496471140385,14470.0,14820.0,14310.0,14:00,below_val,inside_both,below_week_val,neg,pos
short,2022-04-20 15:30:00-04:00,2022-04-20,2022-04-20 15:45:00-04:00,sl,14009.125,14062.982142857143,14009.25,14062.857142857143,13927.535714285714,28.107142857142858,0.7522935779816514,-360,-41,116,14016.5,14028.75,-53.85714285714312,-1077.1428571428623,-1081.6428571428623,14072.5,14137.5,14017.5,14477.135054571187,13872.580837422602,14472.845491463804,13876.823521292428,14470.0,14820.0,14310.0,15:00,below_val,inside_both,below_week_val,neg,pos
short,2022-04-21 15:45:00-04:00,2022-04-21,2022-04-21 16:55:00-04:00,eod,13682.625,13715.625,13682.75,13773.25,13558.25,34.0,0.8240343347639485,-845,-49,-28,13706.75,13726.0,-33.0,-660.0,-664.5,14170.0,14282.5,13907.5,14387.50252897767,13856.5524372753,14409.858516872659,13834.35813495161,14470.0,14820.0,14310.0,15:00,below_val,outside_both,below_week_val,neg,neg
short,2022-04-22 09:35:00-04:00,2022-04-22,2022-04-22 11:50:00-04:00,tp,13672.625,13526.482142857141,13672.75,13789.57142857143,13526.357142857141,29.571428571428573,0.8310626702997275,-891,-55,171,13706.25,13725.25,146.1428571428587,2922.857142857174,2918.357142857174,13720.0,13742.5,13675.0,13774.652090891597,13666.3837198919,13764.886743478299,13676.141952557167,14470.0,14820.0,14310.0,09:00,below_val,inside_14_only,below_week_val,neg,pos
short,2022-04-22 10:15:00-04:00,2022-04-22,2022-04-22 12:10:00-04:00,tp,13639.375,13487.946428571428,13639.5,13735.589285714286,13487.821428571428,55.589285714285715,0.7595628415300546,-426,-187,48,13654.0,13668.0,151.42857142857247,3028.5714285714494,3024.0714285714494,13710.0,13740.0,13670.0,13836.693019077511,13604.387992921378,13829.66617158014,13611.409720862086,14470.0,14820.0,14310.0,10:00,below_val,inside_both,below_week_val,neg,pos
short,2022-04-22 12:50:00-04:00,2022-04-22,2022-04-22 14:50:00-04:00,tp,13489.875,13406.375,13490.0,13548.25,13406.25,25.5,0.9185185185185185,-350,-25,5,13508.0,13519.25,83.5,1670.0,1665.5,13710.0,13747.5,13610.0,13890.53556087963,13550.58467922884,13885.705999812573,13555.410721618206,14470.0,14820.0,14310.0,12:00,below_val,outside_both,below_week_val,neg,pos
short,2022-04-22 13:50:00-04:00,2022-04-22,2022-04-22 14:20:00-04:00,sl,13438.625,13484.392857142857,13438.75,13484.267857142857,13370.214285714286,23.017857142857142,0.9468085106382979,-497,-23,4,13446.5,13458.5,-45.76785714285688,-915.3571428571377,-919.8571428571377,13710.0,13747.5,13592.5,13885.625278685015,13555.491383934697,13893.97714324985,13547.145604295412,14470.0,14820.0,14310.0,13:00,below_val,outside_both,below_week_val,neg,pos
short,2022-04-25 11:45:00-04:00,2022-04-25,2022-04-25 12:05:00-04:00,sl,13244.875,13334.464285714286,13245.0,13334.339285714286,13106.071428571428,49.589285714285715,0.9333333333333333,-471,-31,-1,13265.5,13318.75,-89.58928571428623,-1791.7857142857247,-1796.2857142857247,13290.0,13337.5,13245.0,13471.016175573612,13134.040406951177,13458.919316702384,13146.113418235354,14052.5,14205.0,13980.0,11:00,in_va,inside_both,below_week_val,neg,neg
short,2022-04-25 10:50:00-04:00,2022-04-25,2022-04-25 14:50:00-04:00,sl,13350.625,13491.05357142857,13350.75,13490.92857142857,13145.642857142859,64.92857142857143,0.9030303030303031,-758,-22,0,13377.75,13397.5,-140.42857142857065,-2808.571428571413,-2813.071428571413,13290.0,13330.0,13240.0,13449.037682938015,13155.975571478051,13437.045077959878,13167.944534393879,14052.5,14205.0,13980.0,10:00,above_vah,inside_both,below_week_val,neg,zero
short,2022-04-26 09:30:00-04:00,2022-04-26,2022-04-26 09:40:00-04:00,tp,13405.625,13321.267857142859,13405.75,13470.55357142857,13321.142857142859,19.803571428571427,0.7676767676767676,-353,-89,157,13439.75,13451.75,84.3571428571413,1687.142857142826,1682.642857142826,13520.0,13530.0,13452.5,,,13533.962318244243,13437.824814023063,14052.5,14205.0,13980.0,09:00,below_val,outside_both,below_week_val,neg,pos
short,2022-04-26 13:00:00-04:00,2022-04-26,2022-04-26 15:55:00-04:00,tp,13150.875,13009.875,13151.0,13255.875,13009.75,36.375,0.8874172185430463,-1202,-156,13,13157.0,13169.5,141.0,2820.0,2815.5,13187.5,13327.5,13097.5,13705.576168425996,13267.279744657231,13683.856344914318,13288.864300935698,14052.5,14205.0,13980.0,13:00,in_va,outside_both,below_week_val,neg,pos
short,2022-04-26 15:15:00-04:00,2022-04-26,2022-04-26 16:00:00-04:00,tp,13069.375,12948.982142857141,13069.5,13151.07142857143,12948.857142857141,39.07142857142857,0.795,-558,-53,58,13098.75,13108.25,120.3928571428587,2407.857142857174,2403.357142857174,13125.0,13245.0,13100.0,13770.075370588425,13203.182232159363,13743.621728095946,13229.471126028247,14052.5,14205.0,13980.0,15:00,below_val,outside_both,below_week_val,neg,pos
short,2022-04-26 14:40:00-04:00,2022-04-26,2022-04-26 15:50:00-04:00,tp,13141.625,13035.803571428572,13141.75,13215.035714285714,13035.678571428572,32.785714285714285,0.8757396449704142,-674,-37,35,13155.5,13169.0,105.82142857142753,2116.4285714285506,2111.9285714285506,13125.0,13260.0,13100.0,13749.448560570423,13223.680582039575,13714.59010624936,13258.321944050129,14052.5,14205.0,13980.0,14:00,in_va,outside_both,below_week_val,neg,pos
short,2022-04-27 14:50:00-04:00,2022-04-27,2022-04-27 16:45:00-04:00,sl,13085.625,13169.964285714286,13085.75,13169.839285714286,12962.321428571428,39.339285714285715,0.7327188940092166,-356,19,19,13094.25,13188.25,-84.33928571428623,-1686.7857142857247,-1691.2857142857247,13115.0,13162.5,13012.5,13246.888800739214,12596.929985153389,13214.243107821298,12629.051206488888,14052.5,14205.0,13980.0,14:00,in_va,inside_both,below_week_val,pos,pos
short,2022-04-29 14:45:00-04:00,2022-04-29,2022-04-29 15:45:00-04:00,tp,12974.125,12891.339285714286,12974.25,13030.642857142857,12891.214285714286,26.642857142857142,0.8333333333333334,-415,-95,42,12982.0,12996.25,82.78571428571377,1655.7142857142753,1651.2142857142753,13285.0,13397.5,13177.5,13546.359999374075,13049.507176759615,13499.010729364494,13096.783508684195,14052.5,14205.0,13980.0,14:00,below_val,outside_both,below_week_val,neg,pos
short,2022-04-28 11:35:00-04:00,2022-04-28,2022-04-28 12:20:00-04:00,sl,13139.375,13229.642857142857,13139.5,13229.517857142857,13006.464285714286,43.017857142857146,0.8221153846153846,-351,-129,-2,13162.75,13175.5,-90.26785714285688,-1805.3571428571377,-1809.8571428571377,13197.5,13250.0,13090.0,13388.87202804915,13010.870125742395,13373.808385942299,13025.86317748527,14052.5,14205.0,13980.0,11:00,in_va,inside_both,below_week_val,neg,neg
short,2022-04-29 12:00:00-04:00,2022-04-29,2022-04-29 14:45:00-04:00,tp,13122.875,12980.553571428572,13123.0,13223.410714285714,12980.428571428572,42.160714285714285,0.8181818181818182,-553,-46,27,13167.0,13185.75,142.32142857142753,2846.4285714285506,2841.9285714285506,13285.0,13395.0,13237.5,13480.26890332628,13115.496464311094,13461.184804745439,13134.55116523482,14052.5,14205.0,13980.0,12:00,below_val,inside_14_only,below_week_val,neg,pos
short,2022-05-05 15:10:00-04:00,2022-05-05,2022-05-05 15:40:00-04:00,sl,12723.125,12816.589285714286,12723.25,12816.464285714286,12584.571428571428,45.464285714285715,0.8113207547169812,-649,-239,103,12755.25,12780.5,-93.46428571428623,-1869.2857142857247,-1873.7857142857247,12900.0,13085.0,12747.5,13748.863816603558,13091.52446509675,13715.191580865387,13124.812466961024,14090.0,14255.0,13785.0,15:00,below_val,outside_both,below_week_val,neg,pos
short,2022-05-03 10:40:00-04:00,2022-05-03,2022-05-03 11:05:00-04:00,sl,12996.875,13110.67857142857,12997.0,13110.55357142857,12818.642857142859,64.80357142857143,0.9064039408866995,-457,-44,101,13010.5,13064.75,-113.80357142857065,-2276.071428571413,-2280.571428571413,13035.0,13097.5,13015.0,13220.891153316443,12903.60489828492,13188.061255447485,12936.380175922974,14090.0,14255.0,13785.0,10:00,below_val,inside_both,below_week_val,neg,pos
short,2022-05-03 11:35:00-04:00,2022-05-03,2022-05-03 13:45:00-04:00,sl,13080.125,13183.232142857143,13080.25,13183.107142857143,12923.285714285714,54.107142857142854,0.8785046728971962,-673,-169,0,13099.0,13111.5,-103.10714285714312,-2062.1428571428623,-2066.6428571428623,13032.5,13110.0,13015.0,13218.253631299105,12906.238032166108,13213.099218208028,12911.38386968274,14090.0,14255.0,13785.0,11:00,in_va,inside_both,below_week_val,neg,zero
short,2022-05-03 12:05:00-04:00,2022-05-03,2022-05-03 13:40:00-04:00,sl,13041.125,13175.285714285714,13041.25,13175.160714285714,12856.178571428572,51.160714285714285,0.8367346938775511,-903,-41,7,13072.5,13098.0,-134.16071428571377,-2683.2142857142753,-2687.7142857142753,13100.0,13117.5,13022.5,13226.588640463671,12897.916890243136,13222.478447748392,12902.020244689345,14090.0,14255.0,13785.0,12:00,in_va,inside_both,below_week_val,neg,pos
short,2022-05-03 14:00:00-04:00,2022-05-03,2022-05-03 14:40:00-04:00,tp,13107.625,13008.553571428572,13107.75,13173.410714285714,13008.428571428572,33.660714285714285,0.7843137254901961,-575,-252,40,13118.75,13132.25,99.07142857142753,1981.4285714285506,1976.9285714285506,13080.0,13112.5,13015.0,13277.00294577643,12847.586460945106,13241.478028799871,12883.05227389472,14090.0,14255.0,13785.0,14:00,in_va,inside_both,below_week_val,neg,pos
short,2022-05-04 09:50:00-04:00,2022-05-04,2022-05-04 10:15:00-04:00,tp,13043.125,12941.482142857141,13043.25,13119.69642857143,12941.357142857141,25.446428571428573,0.9032258064516129,-854,-97,23,13055.25,13082.75,101.6428571428587,2032.857142857174,2028.357142857174,13110.0,13132.5,13085.0,13214.49543379541,13013.356106478317,13195.145783307245,13032.684742370076,14090.0,14255.0,13785.0,09:00,below_val,inside_both,below_week_val,neg,pos
short,2022-05-04 14:30:00-04:00,2022-05-04,2022-05-04 14:45:00-04:00,sl,12963.375,13222.982142857143,12963.5,13222.857142857143,12628.535714285714,75.60714285714286,0.8474358974358974,-1380,-66,-21,13036.5,13143.75,-259.6071428571431,-5192.142857142862,-5196.642857142862,13107.5,13155.0,12970.0,13324.48052050403,12903.490468552991,13295.256867355987,12932.682383490735,14090.0,14255.0,13785.0,14:00,below_val,inside_both,below_week_val,neg,neg
short,2022-05-05 11:50:00-04:00,2022-05-05,2022-05-05 16:55:00-04:00,eod,12842.375,12897.125,12842.5,12978.94642857143,12653.857142857141,52.19642857142857,0.8929577464788733,-1738,-92,9,12875.25,12905.25,-54.75,-1095.0,-1099.5,12960.0,13290.0,12875.0,13648.094117676468,13191.144281013652,13644.055268803582,13195.13704258302,14090.0,14255.0,13785.0,11:00,below_val,outside_both,below_week_val,neg,pos
short,2022-05-06 11:35:00-04:00,2022-05-06,2022-05-06 13:00:00-04:00,sl,12731.875,12871.5,12732.0,12871.375,12516.5,76.125,0.8978102189781022,-207,59,7,12755.0,12802.0,-139.625,-2792.5,-2797.0,12800.0,12890.0,12700.0,13044.371190908201,12613.452848135577,13043.626385058007,12614.189698879476,14090.0,14255.0,13785.0,11:00,in_va,inside_both,below_week_val,pos,pos
short,2022-05-06 13:15:00-04:00,2022-05-06,2022-05-06 16:55:00-04:00,eod,12753.625,12663.625,12753.75,12882.839285714286,12563.071428571428,61.589285714285715,0.7736486486486487,-443,-71,57,12810.0,12862.25,90.0,1800.0,1795.5,12800.0,12872.5,12717.5,13078.24388345105,12579.941942318148,13061.102534570724,12596.900208248311,14090.0,14255.0,13785.0,13:00,in_va,inside_both,below_week_val,neg,pos
short,2022-05-10 09:40:00-04:00,2022-05-10,2022-05-10 10:00:00-04:00,sl,12398.125,12494.67857142857,12398.25,12494.55357142857,12267.392857142859,34.55357142857143,0.8283582089552238,-666,-154,63,12407.75,12416.5,-96.55357142857065,-1931.071428571413,-1935.571428571413,12385.0,12490.0,12285.0,12567.706409027616,12135.951740456405,12553.77244462723,12149.561231312957,13120.0,13332.5,13000.0,09:00,in_va,inside_both,below_week_val,neg,pos
short,2022-05-10 15:20:00-04:00,2022-05-10,2022-05-10 16:55:00-04:00,eod,12410.625,12334.375,12410.75,12526.267857142857,12238.214285714286,57.017857142857146,0.7862318840579711,-460,-63,11,12417.5,12459.0,76.25,1525.0,1520.5,12490.0,12520.0,12277.5,12747.959425946901,11959.896189061345,12713.202715284433,11993.843536877994,13120.0,13332.5,13000.0,15:00,in_va,inside_both,below_week_val,neg,pos
short,2022-05-11 11:15:00-04:00,2022-05-11,2022-05-11 11:35:00-04:00,sl,12229.625,12379.67857142857,12229.75,12379.55357142857,12009.642857142859,70.30357142857143,0.7967032967032966,-234,-185,41,12261.0,12320.75,-150.05357142857065,-3001.071428571413,-3005.571428571413,12340.0,12457.5,12235.0,12490.670400653906,12090.20510844134,12472.21030388235,12108.53237722672,13120.0,13332.5,13000.0,11:00,below_val,inside_both,below_week_val,neg,pos
short,2022-05-11 13:35:00-04:00,2022-05-11,2022-05-11 14:45:00-04:00,sl,12058.125,12159.339285714286,12058.25,12159.214285714286,11914.071428571428,43.214285714285715,0.8135593220338984,-651,-50,105,12077.0,12090.75,-101.21428571428623,-2024.2857142857247,-2028.7857142857247,12272.5,12407.5,12182.5,12504.35752676027,12076.6164668348,12490.418972918109,12090.454727051205,13120.0,13332.5,13000.0,13:00,below_val,outside_both,below_week_val,neg,pos
short,2022-05-11 15:35:00-04:00,2022-05-11,2022-05-11 16:55:00-04:00,eod,11982.125,12011.625,11982.25,12071.535714285714,11842.928571428572,50.035714285714285,0.7034883720930233,-383,-102,110,11986.0,12019.0,-29.5,-590.0,-594.5,12272.5,12457.5,12132.5,12593.461699922862,11988.15343483346,12563.296483190246,12018.101600429198,13120.0,13332.5,13000.0,15:00,below_val,outside_both,below_week_val,neg,pos
short,2022-05-12 13:35:00-04:00,2022-05-12,2022-05-12 15:25:00-04:00,sl,11782.375,11895.94642857143,11782.5,11895.82142857143,11612.357142857141,56.82142857142857,0.7103174603174603,-526,28,70,11810.0,11859.75,-113.57142857142935,-2271.428571428587,-2275.928571428587,11850.0,11972.5,11782.5,12173.566318860683,11632.648679147029,12164.067681007387,11641.973539731187,13120.0,13332.5,13000.0,13:00,in_va,inside_both,below_week_val,pos,pos
short,2022-05-12 14:05:00-04:00,2022-05-12,2022-05-12 15:15:00-04:00,sl,11709.625,11805.642857142857,11709.75,11805.517857142857,11566.464285714286,47.517857142857146,0.9313725490196079,-751,-50,-1,11718.25,11733.5,-96.01785714285688,-1920.3571428571377,-1924.8571428571377,11850.0,11965.0,11765.0,12191.229200371186,11615.308939476592,12173.964194286027,11632.258082839591,13120.0,13332.5,13000.0,14:00,below_val,inside_both,below_week_val,neg,neg
short,2022-05-20 12:05:00-04:00,2022-05-20,2022-05-20 13:25:00-04:00,tp,11657.625,11499.303571428572,11657.75,11774.535714285714,11499.178571428572,41.785714285714285,0.826797385620915,-1355,-20,223,11689.0,11717.75,158.32142857142753,3166.4285714285506,3161.9285714285506,11980.0,12080.0,11895.0,12209.870691300877,11716.332533446643,12174.55228704921,11751.275756745114,13070.0,13145.0,12790.0,12:00,below_val,outside_both,below_week_val,neg,pos
short,2022-05-18 13:05:00-04:00,2022-05-18,2022-05-18 14:45:00-04:00,tp,12045.625,11927.732142857141,12045.75,12131.94642857143,11927.607142857141,31.946428571428573,0.9148936170212766,-571,-39,2,12064.75,12123.75,117.8928571428587,2357.857142857174,2353.357142857174,12330.0,12447.5,12120.0,12735.426751840583,12209.215623942557,12734.22995162173,12210.39286416976,13070.0,13145.0,12790.0,13:00,below_val,outside_both,below_week_val,neg,pos
short,2022-05-13 14:00:00-04:00,2022-05-13,2022-05-13 14:50:00-04:00,sl,12240.875,12336.589285714286,12241.0,12336.464285714286,12114.571428571428,30.964285714285715,0.8143322475570033,-962,-267,39,12258.0,12288.0,-95.71428571428623,-1914.2857142857247,-1918.7857142857247,12327.5,12430.0,12167.5,12301.364141503373,11703.77563390391,12293.13410478524,11711.83263169531,13120.0,13332.5,13000.0,14:00,in_va,inside_both,below_week_val,neg,pos
short,2022-05-13 10:40:00-04:00,2022-05-13,2022-05-13 12:05:00-04:00,sl,12295.875,12390.5,12296.0,12390.375,12149.5,52.125,0.8793103448275862,-731,-21,53,12309.75,12332.75,-94.625,-1892.5,-1897.0,12140.0,12245.0,12047.5,12281.181240287771,11723.534183724216,12248.283185030257,11755.740547757468,13120.0,13332.5,13000.0,10:00,above_vah,outside_both,below_week_val,neg,pos
short,2022-05-13 15:30:00-04:00,2022-05-13,2022-05-13 16:55:00-04:00,eod,12365.375,12364.125,12365.5,12469.910714285714,12223.178571428572,37.910714285714285,0.795774647887324,-621,35,352,12386.0,12409.25,1.25,25.0,20.5,12327.5,12430.0,12190.0,12365.737310705836,11640.755929393106,12339.754098749136,11666.192836726388,13120.0,13332.5,13000.0,15:00,in_va,inside_14_only,below_week_val,pos,pos
short,2022-05-16 10:30:00-04:00,2022-05-16,2022-05-16 16:55:00-04:00,eod,12288.875,12236.875,12289.0,12439.285714285714,12072.678571428572,66.03571428571429,0.8110236220472441,-689,34,1,12307.75,12335.25,52.0,1040.0,1035.5,12312.5,12352.5,12255.0,12514.06543949044,12162.071768174817,12479.926222243237,12196.066023524134,13070.0,13145.0,12790.0,10:00,in_va,inside_both,below_week_val,pos,pos
short,2022-05-18 11:20:00-04:00,2022-05-18,2022-05-18 12:20:00-04:00,tp,12169.875,12063.517857142859,12170.0,12241.55357142857,12063.392857142859,35.05357142857143,0.8888888888888888,-555,-130,6,12190.25,12215.0,106.3571428571413,2127.142857142826,2122.642857142826,12330.0,12425.0,12227.5,12754.281104123915,12190.669419140622,12720.719161577095,12223.682839632098,13070.0,13145.0,12790.0,11:00,below_val,outside_both,below_week_val,neg,pos
short,2022-05-18 11:15:00-04:00,2022-05-18,2022-05-18 12:05:00-04:00,tp,12205.875,12104.089285714286,12206.0,12272.767857142857,12103.964285714286,35.267857142857146,0.8012820512820513,-695,-174,3,12213.75,12238.5,101.78571428571377,2035.7142857142753,2031.2142857142753,12330.0,12417.5,12235.0,12770.454354248624,12174.760497708674,12719.467796580853,12224.913752853276,13070.0,13145.0,12790.0,11:00,below_val,inside_14_only,below_week_val,neg,pos
short,2022-05-16 15:10:00-04:00,2022-05-16,2022-05-16 16:55:00-04:00,eod,12300.125,12236.875,12300.25,12366.482142857143,12202.785714285714,31.232142857142858,0.7611111111111111,-270,-95,13,12331.75,12345.75,63.25,1265.0,1260.5,12325.0,12352.5,12242.5,12584.693923670515,12091.743186568297,12575.563371246224,12100.834968853293,13070.0,13145.0,12790.0,15:00,in_va,inside_both,below_week_val,neg,pos
short,2022-05-16 15:40:00-04:00,2022-05-16,2022-05-16 16:55:00-04:00,eod,12233.875,12236.875,12234.0,12299.392857142857,12137.214285714286,31.392857142857142,0.7074829931972789,-301,-131,30,12239.75,12256.25,-3.0,-60.0,-64.5,12320.0,12352.5,12245.0,12613.277852623487,12063.280630655607,12593.23268130883,12083.240686191068,13070.0,13145.0,12790.0,15:00,below_val,inside_both,below_week_val,neg,pos
short,2022-05-17 10:25:00-04:00,2022-05-17,2022-05-17 14:05:00-04:00,sl,12406.375,12511.339285714286,12406.5,12511.214285714286,12257.571428571428,44.214285714285715,0.788235294117647,-858,-166,85,12410.25,12434.5,-104.96428571428623,-2099.2857142857247,-2103.7857142857247,12490.0,12525.0,12442.5,12643.196620575674,12087.155478417246,12607.873637426741,12121.760859630785,13070.0,13145.0,12790.0,10:00,below_val,inside_both,below_week_val,neg,pos
short,2022-05-17 10:35:00-04:00,2022-05-17,2022-05-17 11:30:00-04:00,sl,12366.625,12460.125,12366.75,12460.0,12225.75,47.75,0.8697916666666666,-550,-70,25,12401.25,12406.75,-93.5,-1870.0,-1874.5,12490.0,12520.0,12432.5,12648.222832539106,12082.231376160049,12612.78441578312,12116.949845896153,13070.0,13145.0,12790.0,10:00,below_val,inside_both,below_week_val,neg,pos
short,2022-05-18 14:30:00-04:00,2022-05-18,2022-05-18 16:55:00-04:00,eod,11959.125,11892.625,11959.25,12036.42857142857,11851.642857142859,30.428571428571427,0.7009345794392523,-613,-105,138,11961.0,11983.75,66.5,1330.0,1325.5,12330.0,12447.5,12070.0,12731.425762677334,12213.151222647664,12749.505251302906,12195.367217462795,13070.0,13145.0,12790.0,14:00,below_val,outside_both,below_week_val,neg,pos
short,2022-05-19 13:45:00-04:00,2022-05-19,2022-05-19 13:55:00-04:00,sl,11860.375,11971.339285714286,11860.5,11971.214285714286,11705.071428571428,44.714285714285715,0.7986111111111112,-560,-50,-1,11869.0,11910.25,-110.96428571428623,-2219.2857142857247,-2223.7857142857247,11900.0,11987.5,11827.5,12060.831605859497,11700.508100555524,12050.133830760295,11711.184286703507,13070.0,13145.0,12790.0,13:00,in_va,inside_both,below_week_val,neg,neg
short,2022-05-19 12:40:00-04:00,2022-05-19,2022-05-19 14:35:00-04:00,sl,11916.875,12000.05357142857,11917.0,11999.92857142857,11794.142857142859,39.92857142857143,0.7833333333333333,-774,-59,22,11923.75,11957.25,-83.17857142857065,-1663.571428571413,-1668.071428571413,11950.0,11987.5,11812.5,12071.43495437631,11689.926150429665,12046.822414205966,11714.489020558878,13070.0,13145.0,12790.0,12:00,in_va,inside_both,below_week_val,neg,pos
short,2022-05-20 10:05:00-04:00,2022-05-20,2022-05-20 11:10:00-04:00,tp,11905.625,11742.410714285714,11905.75,12026.107142857143,11742.285714285714,43.107142857142854,0.8433048433048433,-600,-90,18,11945.25,11999.0,163.21428571428623,3264.2857142857247,3259.7857142857247,11980.0,12045.0,11970.0,12134.881124042247,11790.525500238176,12116.206965023897,11809.001287078365,13070.0,13145.0,12790.0,10:00,below_val,inside_both,below_week_val,neg,pos
short,2022-05-20 10:50:00-04:00,2022-05-20,2022-05-20 12:05:00-04:00,tp,11833.875,11671.339285714286,11834.0,11947.517857142857,11671.214285714286,49.267857142857146,0.8740458015267175,-717,-42,36,11890.25,11905.5,162.53571428571377,3250.7142857142753,3246.2142857142753,11980.0,12072.5,11960.0,12175.271417832955,11750.564265156247,12149.345848896357,11776.214431512468,13070.0,13145.0,12790.0,10:00,below_val,inside_both,below_week_val,neg,pos
short,2022-05-24 09:55:00-04:00,2022-05-24,2022-05-24 12:10:00-04:00,sl,11678.875,11757.107142857143,11679.0,11756.982142857143,11570.035714285714,30.982142857142858,0.812807881773399,-828,-55,104,11705.0,11714.75,-78.23214285714312,-1564.6428571428623,-1569.1428571428623,11837.5,11852.5,11752.5,12152.655559730929,11721.764563573282,12136.196983347381,11737.89618001623,12282.5,12517.5,12112.5,09:00,below_val,outside_both,below_week_val,neg,pos
short,2022-05-24 13:00:00-04:00,2022-05-24,2022-05-24 13:40:00-04:00,sl,11644.375,11736.125,11644.5,11736.0,11517.5,35.5,0.948051948051948,-810,-26,11,11665.0,11678.25,-91.75,-1835.0,-1839.5,11647.5,11780.0,11585.0,12244.236149339173,11632.00327980538,12212.889728236965,11662.726984595878,12282.5,12517.5,12112.5,13:00,in_va,inside_14_only,below_week_val,neg,pos
short,2022-05-31 09:30:00-04:00,2022-05-31,2022-05-31 11:55:00-04:00,sl,12580.875,12714.982142857143,12581.0,12714.857142857143,12420.285714285714,26.857142857142858,0.8865740740740741,-277,-21,-95,12589.5,12607.75,-134.10714285714312,-2682.1428571428623,-2686.6428571428623,12670.0,12732.5,12617.5,12814.353870708512,12672.441418383753,12814.7839210665,12672.015841422344,11942.5,12350.0,11700.0,09:00,below_val,outside_both,above_week_vah,neg,neg
short,2022-05-31 14:40:00-04:00,2022-05-31,2022-05-31 16:55:00-04:00,eod,12680.375,12653.375,12680.5,12756.92857142857,12575.142857142859,28.928571428571427,0.9072164948453608,-704,-15,31,12716.5,12723.75,27.0,540.0,535.5,12732.5,12762.5,12607.5,13078.104483578905,12411.434347212422,13018.11544589462,12470.799377147181,11942.5,12350.0,11700.0,14:00,in_va,inside_both,above_week_vah,neg,pos
short,2022-06-01 11:40:00-04:00,2022-06-01,2022-06-01 14:10:00-04:00,sl,12507.125,12579.107142857143,12507.25,12578.982142857143,12396.285714285714,39.232142857142854,0.8962962962962963,-422,-15,14,12518.25,12543.0,-71.98214285714312,-1439.6428571428623,-1444.1428571428623,12620.0,12762.5,12580.0,12909.71226406916,12478.148273818424,12893.514452836016,12494.244002014584,11942.5,12350.0,11700.0,11:00,below_val,inside_both,above_week_vah,neg,pos
short,2022-06-02 10:20:00-04:00,2022-06-02,2022-06-02 11:00:00-04:00,sl,12510.125,12633.089285714286,12510.25,12632.964285714286,12333.321428571428,54.214285714285715,0.7869415807560137,-920,-65,8,12517.5,12543.5,-122.96428571428623,-2459.2857142857247,-2463.7857142857247,12557.5,12597.5,12480.0,12682.40504169628,12369.076965546017,12664.425719119045,12386.991810157362,11942.5,12350.0,11700.0,10:00,in_va,inside_both,above_week_vah,neg,pos
short,2022-06-02 14:55:00-04:00,2022-06-02,2022-06-02 15:50:00-04:00,sl,12819.625,12873.160714285714,12819.75,12873.035714285714,12746.178571428572,20.285714285714285,0.7862068965517242,-524,-139,114,12841.5,12860.0,-53.535714285713766,-1070.7142857142753,-1075.2142857142753,12555.0,12702.5,12477.5,12796.753718380854,12255.138369388284,12762.987376996278,12288.78361694418,11942.5,12350.0,11700.0,14:00,above_vah,outside_both,above_week_vah,neg,pos
short,2022-06-03 15:10:00-04:00,2022-06-03,2022-06-03 16:55:00-04:00,eod,12520.125,12549.625,12520.25,12579.767857142857,12434.964285714286,25.767857142857142,0.7153284671532847,-634,-91,23,12535.25,12545.5,-29.5,-590.0,-594.5,12570.0,12685.0,12512.5,13179.04957443365,12426.897680176826,13131.401245920422,12473.83756920007,11942.5,12350.0,11700.0,15:00,in_va,inside_both,above_week_vah,neg,pos
short,2022-06-06 11:15:00-04:00,2022-06-06,2022-06-06 16:55:00-04:00,eod,12637.875,12606.875,12638.0,12727.94642857143,12513.857142857141,34.19642857142857,0.9565217391304348,-248,-40,21,12673.5,12713.75,31.0,620.0,615.5,12735.0,12792.5,12700.0,12920.185114273174,12373.507468385103,12898.735382066428,12394.633977377653,11860.0,12052.5,11595.0,11:00,below_val,inside_both,above_week_vah,neg,pos
short,2022-06-06 11:05:00-04:00,2022-06-06,2022-06-06 12:00:00-04:00,tp,12729.625,12615.339285714286,12729.75,12811.642857142857,12615.214285714286,32.642857142857146,0.7735849056603774,-957,-91,60,12751.5,12769.0,114.28571428571377,2285.7142857142753,2281.2142857142753,12735.0,12792.5,12700.0,12898.202613056825,12395.158718160606,12889.022740552202,12404.200260364962,11860.0,12052.5,11595.0,11:00,in_va,inside_both,above_week_vah,neg,pos
short,2022-06-06 12:00:00-04:00,2022-06-06,2022-06-06 16:55:00-04:00,eod,12593.125,12606.875,12593.25,12705.035714285714,12444.678571428572,36.785714285714285,0.8430232558139535,-980,-141,6,12627.75,12644.25,-13.75,-275.0,-279.5,12735.0,12802.5,12682.5,12937.903211083702,12356.056363262183,12907.100086621936,12386.395319463016,11860.0,12052.5,11595.0,12:00,below_val,inside_both,above_week_vah,neg,pos
short,2022-06-07 16:00:00-04:00,2022-06-07,2022-06-07 16:55:00-04:00,eod,12688.875,12681.625,12689.0,12732.517857142857,12624.214285714286,21.267857142857142,0.9560439560439561,-270,-20,11,12700.25,12707.25,7.25,145.0,140.5,12650.0,12737.5,12530.0,12817.501271859739,12231.790523202477,12858.167609886688,12191.66288693851,11860.0,12052.5,11595.0,16:00,in_va,inside_both,above_week_vah,neg,pos
short,2022-06-08 15:45:00-04:00,2022-06-08,2022-06-08 16:55:00-04:00,eod,12605.375,12619.375,12605.5,12660.267857142857,12528.214285714286,22.517857142857142,0.8723404255319149,-208,-97,3,12629.5,12636.25,-14.0,-280.0,-284.5,12630.0,12717.5,12600.0,12900.313691714595,12455.070031118727,12923.311491414837,12432.086285982035,11860.0,12052.5,11595.0,15:00,in_va,inside_both,above_week_vah,neg,pos
short,2022-06-14 15:05:00-04:00,2022-06-14,2022-06-14 15:30:00-04:00,sl,11273.375,11330.32142857143,11273.5,11330.19642857143,11191.607142857141,25.196428571428573,0.9140625,-481,-18,11,11285.25,11326.25,-56.94642857142935,-1138.928571428587,-1143.428571428587,11340.0,11397.5,11297.5,11570.60391419649,11204.64142404204,11614.438680128591,11161.01595284412,12542.5,12717.5,12510.0,15:00,below_val,inside_both,below_week_val,neg,pos
short,2022-06-16 14:45:00-04:00,2022-06-16,2022-06-16 15:05:00-04:00,sl,11076.375,11155.107142857143,11076.5,11154.982142857143,10970.285714285714,27.732142857142858,0.7830188679245284,-552,-17,50,11092.5,11103.25,-78.73214285714312,-1574.6428571428623,-1579.1428571428623,11210.0,11312.5,11097.5,11777.85420283988,11182.258933831517,11803.943544292275,11156.836593625965,12542.5,12717.5,12510.0,14:00,below_val,outside_both,below_week_val,neg,pos
short,2022-06-16 15:30:00-04:00,2022-06-16,2022-06-16 16:50:00-04:00,sl,11111.125,11205.30357142857,11111.25,11205.17857142857,10981.392857142859,35.92857142857143,0.8893617021276595,-658,-21,-61,11142.0,11150.0,-94.17857142857065,-1883.571428571413,-1888.071428571413,11157.5,11307.5,11095.0,11792.733165761827,11167.760367127647,11828.13965725799,11133.259079544636,12542.5,12717.5,12510.0,15:00,in_va,outside_both,below_week_val,neg,neg
short,2022-06-20 12:35:00-04:00,2022-06-20,2022-06-20 12:45:00-04:00,sl,11404.625,11427.94642857143,11404.75,11427.82142857143,11372.357142857141,9.321428571428571,0.7580645161290323,-228,-32,-43,11414.0,11420.5,-23.32142857142935,-466.428571428587,-470.928571428587,11375.0,11397.5,11347.5,11496.810368906852,11011.54126263771,11515.631621714734,10993.092203716327,12597.5,12777.5,12562.5,12:00,above_vah,inside_both,below_week_val,neg,neg
short,2022-06-21 11:35:00-04:00,2022-06-21,2022-06-21 15:55:00-04:00,tp,11632.125,11563.089285714286,11632.25,11680.392857142857,11562.964285714286,21.142857142857142,0.7876106194690266,-465,-40,9,11644.75,11651.75,69.03571428571377,1380.7142857142753,1376.2142857142753,11657.5,11680.0,11502.5,11586.77388857114,11315.280207051033,11616.571169530089,11285.638650836332,12597.5,12777.5,12562.5,11:00,in_va,outside_both,below_week_val,neg,pos
short,2022-06-22 15:25:00-04:00,2022-06-22,2022-06-22 16:55:00-04:00,eod,11600.875,11544.875,11601.0,11664.482142857143,11512.285714285714,25.232142857142858,0.8206521739130435,-296,36,3,11632.75,11657.0,56.0,1120.0,1115.5,11670.0,11727.5,11512.5,11735.973207543222,11316.273974820611,11784.754398230056,11267.965580287524,12597.5,12777.5,12562.5,15:00,in_va,inside_both,below_week_val,pos,pos
short,2022-06-29 09:30:00-04:00,2022-06-29,2022-06-29 09:50:00-04:00,sl,11591.125,11718.107142857143,11591.25,11717.982142857143,11436.785714285714,27.732142857142858,0.7004504504504504,-472,-85,54,11607.5,11614.75,-126.98214285714312,-2539.6428571428623,-2544.1428571428623,11680.0,11697.5,11647.5,11686.213086490417,11663.292538311143,11685.393216318958,11664.111601281973,11327.5,11587.5,11272.5,09:00,below_val,outside_both,above_week_vah,neg,pos
short,2022-06-28 11:40:00-04:00,2022-06-28,2022-06-28 14:20:00-04:00,tp,11817.125,11716.803571428572,11817.25,11885.035714285714,11716.678571428572,32.785714285714285,0.732484076433121,-668,-218,91,11838.75,11849.25,100.32142857142753,2006.4285714285506,2001.9285714285506,11965.0,12112.5,11935.0,12202.237532673944,11948.52553431147,12220.654018562518,11930.110954733542,11327.5,11587.5,11272.5,11:00,below_val,outside_both,above_week_vah,neg,pos
short,2022-06-28 11:20:00-04:00,2022-06-28,2022-06-28 11:55:00-04:00,tp,11894.875,11786.625,11895.0,11970.125,11786.5,33.375,0.7894736842105263,-847,-19,56,11895.25,11916.0,108.25,2165.0,2160.5,11965.0,12100.0,11935.0,12202.240381261348,11948.522686018925,12217.793506241374,11932.971170959916,11327.5,11587.5,11272.5,11:00,below_val,outside_both,above_week_vah,neg,pos
short,2022-06-24 11:15:00-04:00,2022-06-24,2022-06-24 12:00:00-04:00,sl,11970.875,12029.80357142857,11971.0,12029.67857142857,11883.142857142859,29.178571428571427,0.9512195121951219,-1139,-29,4,11989.0,12006.75,-58.92857142857065,-1178.571428571413,-1183.071428571413,11847.5,12020.0,11797.5,11975.657080720297,11563.562347824056,11990.023632873177,11549.391601247167,12597.5,12777.5,12562.5,11:00,in_va,inside_both,below_week_val,neg,pos
short,2022-06-28 11:15:00-04:00,2022-06-28,2022-06-28 11:40:00-04:00,tp,11929.125,11834.696428571428,11929.25,11991.714285714286,11834.571428571428,32.214285714285715,0.8384615384615385,-636,-215,0,11945.0,11968.5,94.42857142857247,1888.5714285714494,1884.0714285714494,11965.0,12100.0,11937.5,12205.667552423603,11945.095869606914,12218.131293503164,11932.63341866286,11327.5,11587.5,11272.5,11:00,below_val,outside_both,above_week_vah,neg,zero
short,2022-06-29 10:15:00-04:00,2022-06-29,2022-06-29 10:45:00-04:00,sl,11636.125,11746.82142857143,11636.25,11746.69642857143,11472.607142857141,53.19642857142857,0.7301587301587301,-549,-154,118,11666.5,11688.5,-110.69642857142935,-2213.928571428587,-2218.428571428587,11680.0,11720.0,11637.5,11792.358054565237,11557.252074934997,11780.00196637513,11569.595997976852,11327.5,11587.5,11272.5,10:00,below_val,inside_both,above_week_vah,neg,pos
short,2022-06-29 12:20:00-04:00,2022-06-29,2022-06-29 13:55:00-04:00,sl,11618.125,11692.625,11618.25,11692.5,11512.25,31.75,0.7528089887640449,-1033,-22,-32,11630.5,11636.0,-74.5,-1490.0,-1494.5,11682.5,11715.0,11645.0,11815.724960329668,11533.908174985068,11829.904688176784,11519.742407744969,11327.5,11587.5,11272.5,12:00,below_val,inside_both,above_week_vah,neg,neg
short,2022-07-05 15:15:00-04:00,2022-07-05,2022-07-05 15:25:00-04:00,sl,11737.875,11799.17857142857,11738.0,11799.05357142857,11649.892857142859,27.053571428571427,0.7810650887573964,-580,-413,17,11743.5,11752.25,-61.30357142857065,-1226.071428571413,-1230.571428571413,11495.0,11615.0,11395.0,,,11750.667653808545,11257.560039359325,11662.5,11745.0,11437.5,15:00,above_vah,inside_90_only,in_week_va,neg,pos
short,2022-07-12 15:20:00-04:00,2022-07-12,2022-07-12 16:55:00-04:00,eod,11748.375,11780.875,11748.5,11806.55357142857,11667.892857142859,22.553571428571427,0.8145695364238411,-633,-122,-1,11754.0,11767.0,-32.5,-650.0,-654.5,11882.5,11927.5,11820.0,12140.252542815317,11704.455822349086,12145.60937861524,11699.118272682992,11680.0,12020.0,11385.0,15:00,below_val,inside_both,in_week_va,neg,neg
short,2022-07-06 15:50:00-04:00,2022-07-06,2022-07-06 16:55:00-04:00,eod,11855.375,11902.625,11855.5,11947.55357142857,11732.892857142859,30.553571428571427,0.7644927536231884,-662,-96,47,11865.25,11892.25,-47.25,-945.0,-949.5,11810.0,11852.5,11775.0,,,12040.261256233853,11596.99299581361,11662.5,11745.0,11437.5,15:00,above_vah,inside_90_only,above_week_vah,neg,pos
short,2022-07-11 09:35:00-04:00,2022-07-11,2022-07-11 16:55:00-04:00,eod,11917.875,11900.625,11918.0,12033.55357142857,11780.392857142859,22.053571428571427,0.9638242894056848,-3443,-233,2,11983.0,11995.5,17.25,345.0,340.5,12050.0,12072.5,12030.0,12172.45956042815,11998.09161220822,12159.875087826764,12010.604179470994,11680.0,12020.0,11385.0,09:00,below_val,outside_both,in_week_va,neg,pos
short,2022-07-07 13:10:00-04:00,2022-07-07,2022-07-07 13:50:00-04:00,sl,12088.375,12119.625,12088.5,12119.5,12043.75,13.75,0.7613636363636364,-560,-146,52,12088.75,12100.75,-31.25,-625.0,-629.5,12040.0,12112.5,11952.5,12069.837162774224,11751.618829162438,12080.149068622257,11741.320982546289,11662.5,11745.0,11437.5,13:00,in_va,outside_both,above_week_vah,neg,pos
short,2022-07-07 14:40:00-04:00,2022-07-07,2022-07-07 15:05:00-04:00,sl,12119.625,12145.142857142857,12119.75,12145.017857142857,12083.464285714286,11.017857142857142,0.7638888888888888,-226,-10,26,12129.5,12135.0,-25.517857142856883,-510.35714285713766,-514.8571428571377,12097.5,12135.0,11982.5,12103.573057585829,11717.928929802594,12103.402339827357,11718.099414804814,11662.5,11745.0,11437.5,14:00,in_va,outside_both,above_week_vah,neg,pos
short,2022-07-12 14:55:00-04:00,2022-07-12,2022-07-12 15:05:00-04:00,tp,11828.875,11766.660714285714,11829.0,11874.607142857143,11766.535714285714,16.857142857142858,0.925,-406,-79,6,11830.5,11848.0,62.214285714286234,1244.2857142857247,1239.7857142857247,11882.5,11927.5,11825.0,12130.282772266013,11714.389698886283,12133.010541961807,11711.671749937916,11680.0,12020.0,11385.0,14:00,in_va,inside_both,in_week_va,neg,pos
short,2022-07-13 14:00:00-04:00,2022-07-13,2022-07-13 16:55:00-04:00,eod,11741.125,11732.875,11741.25,11856.05357142857,11593.892857142859,32.55357142857143,0.9730538922155688,-1027,-34,9,11769.0,11783.5,8.25,165.0,160.5,11800.0,11852.5,11642.5,11937.516448694501,11390.877330224845,11948.209285350313,11380.398926661997,11680.0,12020.0,11385.0,14:00,in_va,inside_both,in_week_va,neg,pos
short,2022-07-13 13:15:00-04:00,2022-07-13,2022-07-13 16:55:00-04:00,eod,11805.375,11732.875,11805.5,11878.44642857143,11703.357142857141,29.196428571428573,0.8066037735849056,-1064,-329,31,11820.0,11826.75,72.5,1450.0,1445.5,11800.0,11852.5,11635.0,11927.84751882957,11400.352360322731,11942.250725020685,11386.237994609739,11680.0,12020.0,11385.0,13:00,in_va,inside_both,in_week_va,neg,pos
short,2022-07-14 12:25:00-04:00,2022-07-14,2022-07-14 13:25:00-04:00,sl,11653.625,11710.142857142857,11653.75,11710.017857142857,11567.464285714286,30.017857142857142,0.7372881355932204,-347,-48,72,11668.5,11689.0,-56.51785714285688,-1130.3571428571377,-1134.8571428571377,11650.0,11717.5,11585.0,11875.152795775575,11515.763563226452,11883.33916187592,11507.629876220146,11680.0,12020.0,11385.0,12:00,in_va,inside_both,in_week_va,neg,pos
short,2022-07-15 11:50:00-04:00,2022-07-15,2022-07-15 15:55:00-04:00,sl,11965.375,12001.94642857143,11965.5,12001.82142857143,11906.357142857141,22.821428571428573,0.8153846153846154,-245,-49,2,11967.5,11983.5,-36.57142857142935,-731.428571428587,-735.928571428587,11930.0,11997.5,11865.0,12044.43780787913,11687.741362232447,12062.026407610958,11670.324610440131,11680.0,12020.0,11385.0,11:00,in_va,inside_both,in_week_va,neg,pos
short,2022-07-18 13:30:00-04:00,2022-07-18,2022-07-18 13:55:00-04:00,tp,12072.875,11989.517857142859,12073.0,12141.05357142857,11989.392857142859,15.553571428571429,0.9299065420560748,-496,-6,39,12089.75,12124.0,83.3571428571413,1667.142857142826,1662.642857142826,12130.0,12165.0,12112.5,12242.401996774262,11902.121238449467,12291.730912585394,11853.219527303381,11810.0,11970.0,11492.5,13:00,below_val,inside_both,above_week_vah,neg,pos
short,2022-07-19 14:25:00-04:00,2022-07-19,2022-07-19 15:45:00-04:00,sl,12235.875,12280.589285714286,12236.0,12280.464285714286,12175.571428571428,15.964285714285714,0.8503937007874016,-506,-108,2,12238.0,12244.0,-44.714285714286234,-894.2857142857247,-898.7857142857247,12162.5,12280.0,12032.5,12182.339751426609,11778.626995376055,12224.136639686967,11737.270868937385,11810.0,11970.0,11492.5,14:00,in_va,outside_both,above_week_vah,neg,pos
short,2022-07-19 15:30:00-04:00,2022-07-19,2022-07-19 15:45:00-04:00,sl,12244.375,12285.67857142857,12244.5,12285.55357142857,12184.392857142859,19.053571428571427,0.7303370786516854,-562,-4,-82,12253.25,12261.5,-41.30357142857065,-826.071428571413,-830.571428571413,12162.5,12280.0,12040.0,12231.320076275544,11730.163184031016,12253.85041177212,11707.870438272099,11810.0,11970.0,11492.5,15:00,in_va,inside_90_only,above_week_vah,neg,neg
short,2022-07-25 11:10:00-04:00,2022-07-25,2022-07-25 12:45:00-04:00,sl,12315.125,12393.910714285714,12315.25,12393.785714285714,12202.678571428572,34.035714285714285,0.7463414634146341,-547,-113,117,12317.5,12331.5,-78.78571428571377,-1575.7142857142753,-1580.2142857142753,12402.5,12430.0,12332.5,12545.689948303489,12307.604647179207,12575.170164247653,12278.135697710686,11797.5,11995.0,11737.5,11:00,below_val,inside_both,above_week_vah,neg,pos
short,2022-07-20 12:25:00-04:00,2022-07-20,2022-07-20 12:45:00-04:00,tp,12483.625,12420.660714285714,12483.75,12526.857142857143,12420.535714285714,20.107142857142858,0.8947368421052632,-443,-37,-2,12489.5,12495.5,62.964285714286234,1259.2857142857247,1254.7857142857247,12320.0,12430.0,12237.5,12431.2420142764,12163.173337400282,12478.47472476753,12116.116982808713,11810.0,11970.0,11492.5,12:00,above_vah,outside_both,above_week_vah,neg,neg
short,2022-07-20 13:45:00-04:00,2022-07-20,2022-07-20 15:00:00-04:00,sl,12403.125,12466.785714285714,12403.25,12466.660714285714,12303.178571428572,36.660714285714285,0.7543859649122807,-326,-3,-62,12406.0,12427.0,-63.660714285713766,-1273.2142857142753,-1277.7142857142753,12320.0,12437.5,12240.0,12448.063842738948,12146.414317712837,12490.160705101649,12104.474635193372,11810.0,11970.0,11492.5,13:00,in_va,inside_both,above_week_vah,neg,neg
short,2022-07-20 14:50:00-04:00,2022-07-20,2022-07-20 15:05:00-04:00,sl,12431.625,12488.92857142857,12431.75,12488.80357142857,12350.892857142859,23.803571428571427,0.8936170212765957,-428,-21,36,12434.5,12445.75,-57.30357142857065,-1146.071428571413,-1150.571428571413,12450.0,12517.5,12327.5,12482.00920029086,12112.595704190746,12515.649760623255,12079.080749846604,11810.0,11970.0,11492.5,14:00,in_va,inside_both,above_week_vah,neg,pos
short,2022-07-22 13:00:00-04:00,2022-07-22,2022-07-22 16:55:00-04:00,eod,12407.125,12429.125,12407.25,12454.57142857143,12334.607142857141,25.321428571428573,0.7850467289719626,-232,-130,-3,12414.25,12429.0,-22.0,-440.0,-444.5,12570.0,12642.5,12525.0,12729.952020785753,12455.420473234577,12780.84849279382,12404.685417193237,11810.0,11970.0,11492.5,13:00,below_val,inside_90_only,above_week_vah,neg,neg
short,2022-07-21 13:50:00-04:00,2022-07-21,2022-07-21 14:05:00-04:00,sl,12553.125,12599.035714285714,12553.25,12598.910714285714,12485.678571428572,21.910714285714285,0.8613861386138614,-383,-31,6,12554.75,12584.0,-45.910714285713766,-918.2142857142753,-922.7142857142753,12490.0,12527.5,12412.5,12611.515707848188,12300.301987291989,12659.819193537376,12252.212289485307,11810.0,11970.0,11492.5,13:00,above_vah,inside_both,above_week_vah,neg,pos
short,2022-07-21 16:10:00-04:00,2022-07-21,2022-07-21 16:55:00-04:00,eod,12570.375,12572.625,12570.5,12653.232142857143,12464.785714285714,22.982142857142858,0.9045801526717557,-1520,-104,1,12579.5,12594.25,-2.25,-45.0,-49.5,12610.0,12645.0,12467.5,12670.391466713736,12241.68680845787,12707.751114897539,12204.492511489667,11810.0,11970.0,11492.5,16:00,in_va,inside_both,above_week_vah,neg,pos
short,2022-07-22 11:00:00-04:00,2022-07-22,2022-07-22 13:00:00-04:00,tp,12531.625,12402.767857142859,12531.75,12624.42857142857,12402.642857142859,36.42857142857143,0.9030837004405287,-985,-2,19,12551.5,12574.25,128.8571428571413,2577.142857142826,2572.642857142826,12570.0,12612.5,12552.5,12731.62265542455,12453.755136941516,12751.585815913577,12433.855288755327,11810.0,11970.0,11492.5,11:00,below_val,inside_both,above_week_vah,neg,pos
short,2022-07-22 13:10:00-04:00,2022-07-22,2022-07-22 16:55:00-04:00,eod,12402.625,12429.125,12402.75,12447.982142857143,12333.035714285714,24.482142857142858,0.8850574712643678,-252,-57,25,12406.5,12418.25,-26.5,-530.0,-534.5,12570.0,12655.0,12522.5,12724.595426830952,12460.760078982585,12787.375154576532,12398.179454436991,11810.0,11970.0,11492.5,13:00,below_val,inside_90_only,above_week_vah,neg,pos
short,2022-07-22 14:00:00-04:00,2022-07-22,2022-07-22 15:20:00-04:00,sl,12360.875,12420.910714285714,12361.0,12420.785714285714,12279.428571428572,21.785714285714285,0.8709677419354839,-383,-61,23,12372.25,12384.75,-60.035714285713766,-1200.7142857142753,-1205.2142857142753,12570.0,12700.0,12462.5,12743.627109844518,12441.788754131205,12796.68955979708,12388.894589451038,11810.0,11970.0,11492.5,14:00,below_val,outside_both,above_week_vah,neg,pos
short,2022-07-25 10:15:00-04:00,2022-07-25,2022-07-25 12:40:00-04:00,sl,12325.125,12390.75,12325.25,12390.625,12225.5,34.375,0.7692307692307693,-304,-169,0,12343.75,12366.75,-65.625,-1312.5,-1317.0,12402.5,12432.5,12367.5,12520.949878316833,12332.335262235263,12533.571857339426,12319.718106963604,11797.5,11995.0,11737.5,10:00,below_val,inside_90_only,above_week_vah,neg,zero
short,2022-07-25 09:35:00-04:00,2022-07-25,2022-07-25 10:25:00-04:00,tp,12369.375,12288.196428571428,12369.5,12433.089285714286,12288.071428571428,17.839285714285715,0.7692307692307693,-923,-430,12,12379.5,12394.75,81.17857142857247,1623.5714285714494,1619.0714285714494,12425.0,12460.0,12400.0,,,12470.602881247167,12382.663018156318,11797.5,11995.0,11737.5,09:00,below_val,outside_both,above_week_vah,neg,pos
short,2022-07-25 13:35:00-04:00,2022-07-25,2022-07-25 15:00:00-04:00,tp,12338.625,12278.517857142859,12338.75,12381.30357142857,12278.392857142859,17.803571428571427,0.8727272727272727,-255,1,-1,12339.0,12347.75,60.1071428571413,1202.142857142826,1197.642857142826,12375.0,12427.5,12340.0,12570.476762379543,12282.827305897978,12602.547894274838,12250.768430650563,11797.5,11995.0,11737.5,13:00,below_val,inside_both,above_week_vah,pos,neg
short,2022-07-26 09:30:00-04:00,2022-07-26,2022-07-26 11:35:00-04:00,tp,12231.375,12131.910714285714,12231.5,12311.232142857143,12131.785714285714,19.982142857142858,0.7440944881889764,-469,-183,28,12266.5,12275.75,99.46428571428623,1989.2857142857247,1984.7857142857247,12302.5,12317.5,12282.5,,,12332.967084667287,12273.30453531872,11797.5,11995.0,11737.5,09:00,below_val,outside_both,above_week_vah,neg,pos
short,2022-07-26 11:25:00-04:00,2022-07-26,2022-07-26 15:00:00-04:00,tp,12147.125,12083.267857142859,12147.25,12189.67857142857,12083.142857142859,21.678571428571427,0.7319587628865979,-517,-86,27,12158.0,12171.0,63.8571428571413,1277.142857142826,1272.642857142826,12235.0,12275.0,12157.5,12444.287912083535,12162.423934253035,12473.583631521364,12133.2440668795,11797.5,11995.0,11737.5,11:00,below_val,inside_90_only,above_week_vah,neg,pos
short,2022-07-26 14:25:00-04:00,2022-07-26,2022-07-26 16:00:00-04:00,sl,12094.875,12134.375,12095.0,12134.25,12035.5,20.25,0.735632183908046,-353,-10,8,12106.0,12120.75,-39.5,-790.0,-794.5,12125.0,12237.5,12107.5,12489.017087572189,12117.87164355895,12517.461598223732,12089.539618804329,11797.5,11995.0,11737.5,14:00,below_val,inside_90_only,above_week_vah,neg,pos
short,2022-07-26 14:15:00-04:00,2022-07-26,2022-07-26 16:00:00-04:00,sl,12111.125,12149.017857142857,12111.25,12148.892857142857,12053.464285714286,20.142857142857142,0.7586206896551724,-403,-47,13,12114.25,12127.75,-37.89285714285688,-757.8571428571377,-762.3571428571377,12125.0,12237.5,12110.0,12481.395897223532,12125.462695353199,12512.74747702395,12094.23509766718,11797.5,11995.0,11737.5,14:00,in_va,inside_90_only,above_week_vah,neg,pos
short,2022-07-27 14:05:00-04:00,2022-07-27,2022-07-27 14:35:00-04:00,sl,12408.375,12490.017857142857,12408.5,12489.892857142857,12305.964285714286,21.142857142857142,0.915057915057915,-658,-5,6,12423.5,12432.75,-81.64285714285688,-1632.8571428571377,-1637.3571428571377,12435.0,12485.0,12320.0,12455.59195036317,12050.75016150163,12488.647594779583,12017.996640371242,11797.5,11995.0,11737.5,14:00,in_va,inside_both,above_week_vah,neg,pos
short,2022-07-27 16:00:00-04:00,2022-07-27,2022-07-27 16:55:00-04:00,eod,12588.625,12580.375,12588.75,12649.535714285714,12494.178571428572,33.785714285714285,0.9385964912280702,-201,-108,3,12593.5,12613.25,8.25,165.0,160.5,12435.0,12527.5,12277.5,12484.134130995797,12022.468851820253,12532.76282267897,11974.284618576346,11797.5,11995.0,11737.5,16:00,above_vah,outside_both,above_week_vah,neg,pos
short,2022-07-29 10:55:00-04:00,2022-07-29,2022-07-29 14:05:00-04:00,sl,12862.875,12940.517857142857,12863.0,12940.392857142857,12753.964285714286,31.642857142857142,0.8177083333333334,-697,-36,41,12870.0,12886.75,-77.64285714285688,-1552.8571428571377,-1557.3571428571377,12887.5,12930.0,12845.0,12917.044719626774,12468.189460744767,12941.508858678199,12444.150955292791,11797.5,11995.0,11737.5,10:00,in_va,inside_both,above_week_vah,neg,pos
short,2022-08-01 13:15:00-04:00,2022-08-01,2022-08-01 16:55:00-04:00,eod,12955.875,12980.375,12956.0,13028.57142857143,12856.357142857141,27.071428571428573,0.8118279569892473,-460,-70,168,12967.75,12990.5,-24.5,-490.0,-494.5,13050.0,13095.0,12952.5,13094.391310725081,12780.332377712773,13160.881988454585,12714.251598589904,12422.5,12662.5,12212.5,13:00,in_va,inside_both,above_week_vah,neg,pos
short,2022-08-02 13:30:00-04:00,2022-08-02,2022-08-02 16:55:00-04:00,eod,12937.375,12920.375,12937.5,13013.035714285714,12838.678571428572,23.285714285714285,0.985781990521327,-295,-22,-1,12970.0,12985.5,17.0,340.0,335.5,12900.0,12982.5,12850.0,13103.64036227492,12738.743229196836,13162.478053638273,12680.44608171323,12422.5,12662.5,12212.5,13:00,in_va,inside_both,above_week_vah,neg,neg
short,2022-08-02 13:25:00-04:00,2022-08-02,2022-08-02 16:05:00-04:00,tp,12989.125,12900.053571428572,12989.25,13057.035714285714,12899.928571428572,21.535714285714285,0.7857142857142857,-315,-75,120,12997.25,13004.75,89.07142857142753,1781.4285714285506,1776.9285714285506,12900.0,12977.5,12850.0,13103.315298330293,12739.065306767905,13164.43811574957,12678.504026759483,12422.5,12662.5,12212.5,13:00,above_vah,inside_both,above_week_vah,neg,pos
short,2022-08-03 10:30:00-04:00,2022-08-03,2022-08-03 11:10:00-04:00,sl,13092.375,13176.285714285714,13092.5,13176.160714285714,12969.178571428572,39.660714285714285,0.7170731707317073,-632,-286,49,13103.5,13116.25,-83.91071428571377,-1678.2142857142753,-1682.7142857142753,13115.0,13170.0,12985.0,13074.91185963701,12839.29709435679,13118.329304017572,12796.124412957783,12422.5,12662.5,12212.5,10:00,in_va,inside_90_only,above_week_vah,neg,pos
short,2022-08-04 11:35:00-04:00,2022-08-04,2022-08-04 11:50:00-04:00,sl,13204.625,13268.714285714286,13204.75,13268.589285714286,13109.321428571428,31.589285714285715,0.8320610687022901,-263,-6,167,13208.5,13223.0,-64.08928571428623,-1281.7857142857247,-1286.2857142857247,13255.0,13307.5,13227.5,13399.279968407249,13124.224626921587,13430.367596171754,13093.200812483126,12422.5,12662.5,12212.5,11:00,below_val,inside_both,above_week_vah,neg,pos
short,2022-08-04 15:40:00-04:00,2022-08-04,2022-08-04 16:00:00-04:00,sl,13296.375,13336.42857142857,13296.5,13336.30357142857,13238.892857142859,17.803571428571427,0.7096774193548387,-212,-25,89,13305.5,13318.0,-40.05357142857065,-801.071428571413,-805.571428571413,13282.5,13322.5,13250.0,13463.246241495646,13060.389656892767,13509.415283783323,13014.315385430673,12422.5,12662.5,12212.5,15:00,in_va,inside_both,above_week_vah,neg,pos
short,2022-08-05 11:25:00-04:00,2022-08-05,2022-08-05 12:15:00-04:00,sl,13090.875,13160.5,13091.0,13160.375,12990.75,30.875,0.7692307692307693,-865,-9,-13,13107.0,13123.75,-69.625,-1392.5,-1397.0,13170.0,13262.5,13120.0,13445.751677581036,13002.351444745842,13487.07558965973,12961.677869593808,12422.5,12662.5,12212.5,11:00,below_val,inside_both,above_week_vah,neg,neg
short,2022-08-05 11:20:00-04:00,2022-08-05,2022-08-05 12:50:00-04:00,sl,13120.875,13193.107142857143,13121.0,13192.982142857143,13019.535714285714,29.482142857142858,0.8497109826589595,-640,-34,32,13146.0,13180.5,-72.23214285714312,-1444.6428571428623,-1449.1428571428623,13170.0,13265.0,13122.5,13435.04906083469,13012.885628579334,13482.367882314971,12966.311489182293,12422.5,12662.5,12212.5,11:00,below_val,inside_both,above_week_vah,neg,pos
short,2022-08-08 14:50:00-04:00,2022-08-08,2022-08-08 15:20:00-04:00,sl,13121.375,13169.714285714286,13121.5,13169.589285714286,13049.321428571428,24.089285714285715,0.9,-459,-40,18,13130.75,13142.0,-48.339285714286234,-966.7857142857247,-971.2857142857247,13192.5,13320.0,13140.0,,,13479.625959127943,13001.899373216393,12435.0,12577.5,12072.5,14:00,below_val,inside_90_only,above_week_vah,neg,pos
short,2022-08-08 14:00:00-04:00,2022-08-08,2022-08-08 16:55:00-04:00,eod,13160.375,13213.125,13160.5,13236.910714285714,13059.178571428572,24.910714285714285,0.9714285714285714,-874,-44,6,13167.0,13178.0,-52.75,-1055.0,-1059.5,13192.5,13327.5,13167.5,,,13457.832473207007,13023.614404723947,12435.0,12577.5,12072.5,14:00,below_val,inside_90_only,above_week_vah,neg,pos
short,2022-08-08 12:05:00-04:00,2022-08-08,2022-08-08 16:55:00-04:00,eod,13213.625,13213.125,13213.75,13282.535714285714,13114.178571428572,30.785714285714285,0.7582417582417582,-683,-172,70,13244.5,13250.5,0.5,10.0,5.5,13287.5,13370.0,13237.5,,,13431.358719957901,13049.992855055989,12435.0,12577.5,12072.5,12:00,below_val,inside_90_only,above_week_vah,neg,pos
short,2022-08-09 10:05:00-04:00,2022-08-09,2022-08-09 10:30:00-04:00,sl,12976.625,13036.535714285714,12976.75,13036.410714285714,12886.428571428572,30.660714285714285,0.9230769230769231,-660,-11,86,12982.0,13001.75,-59.910714285713766,-1198.2142857142753,-1202.7142857142753,13052.5,13135.0,13002.5,,,13318.314695643176,12996.826011784216,12435.0,12577.5,12072.5,10:00,below_val,outside_both,above_week_vah,neg,pos
short,2022-08-09 11:00:00-04:00,2022-08-09,2022-08-09 11:15:00-04:00,sl,12985.125,13061.017857142857,12985.25,13060.892857142857,12877.214285714286,32.392857142857146,0.9540229885057471,-619,-23,20,13008.0,13034.25,-75.89285714285688,-1517.8571428571377,-1522.3571428571377,13025.0,13097.5,12982.5,13302.107944912725,13012.895692629394,13357.413679502577,12958.05771069529,12435.0,12577.5,12072.5,11:00,in_va,inside_90_only,above_week_vah,neg,pos
short,2022-08-22 10:55:00-04:00,2022-08-22,2022-08-22 16:55:00-04:00,eod,12951.375,12933.625,12951.5,13004.07142857143,12872.357142857141,26.571428571428573,0.7735849056603774,-726,-22,72,12967.0,12983.75,17.75,355.0,350.5,13070.0,13090.0,12987.5,13306.470958975602,13018.27914583796,13386.658334312126,12939.156900921002,13390.0,13575.0,13237.5,10:00,below_val,inside_90_only,below_week_val,neg,pos
short,2022-08-09 13:35:00-04:00,2022-08-09,2022-08-09 13:55:00-04:00,sl,12988.125,13017.19642857143,12988.25,13017.07142857143,12942.357142857141,17.071428571428573,0.7647058823529411,-273,-47,-13,12993.75,13003.5,-29.07142857142935,-581.428571428587,-585.928571428587,13002.5,13062.5,12972.5,13330.159190915081,12985.081692274562,13396.33463348405,12919.465933782418,12435.0,12577.5,12072.5,13:00,in_va,inside_both,above_week_vah,neg,neg
short,2022-08-11 14:50:00-04:00,2022-08-11,2022-08-11 16:55:00-04:00,eod,13295.625,13346.875,13295.75,13355.339285714286,13215.321428571428,20.839285714285715,0.9386503067484663,-506,-64,2,13327.0,13337.25,-51.25,-1025.0,-1029.5,13415.0,13497.5,13375.0,13620.422457236522,13251.13059043835,13699.498941937198,13172.690141068118,12435.0,12577.5,12072.5,14:00,below_val,inside_both,above_week_vah,neg,pos
short,2022-08-10 14:10:00-04:00,2022-08-10,2022-08-10 15:35:00-04:00,sl,13358.875,13388.089285714286,13359.0,13387.964285714286,13314.321428571428,15.714285714285714,0.7666666666666667,-237,-52,46,13362.75,13371.0,-29.214285714286234,-584.2857142857247,-588.7857142857247,13340.0,13380.0,13300.0,13462.178958277585,12937.408896502757,13535.12340578343,12866.025445137675,12435.0,12577.5,12072.5,14:00,in_va,inside_both,above_week_vah,neg,pos
short,2022-08-11 14:00:00-04:00,2022-08-11,2022-08-11 14:50:00-04:00,tp,13363.875,13294.339285714286,13364.0,13412.892857142857,13294.214285714286,20.892857142857142,0.7841726618705036,-474,-224,4,13368.0,13377.5,69.53571428571377,1390.7142857142753,1386.2142857142753,13415.0,13490.0,13375.0,13586.986244569687,13284.29786585218,13679.731486314055,13192.298601255172,12435.0,12577.5,12072.5,14:00,below_val,inside_both,above_week_vah,neg,pos
short,2022-08-15 10:10:00-04:00,2022-08-15,2022-08-15 11:40:00-04:00,sl,13566.875,13638.089285714286,13567.0,13637.964285714286,13468.071428571428,27.964285714285715,0.7541899441340782,-583,-77,96,13585.75,13597.75,-71.21428571428623,-1424.2857142857247,-1428.7857142857247,13542.5,13585.0,13510.0,13670.54863325091,13444.751417448375,13689.7772842624,13425.58648435261,13270.0,13337.5,12985.0,10:00,in_va,inside_both,above_week_vah,neg,pos
short,2022-08-17 10:10:00-04:00,2022-08-17,2022-08-17 14:00:00-04:00,sl,13483.625,13557.410714285714,13483.75,13557.285714285714,13379.678571428572,30.535714285714285,0.7150259067357513,-992,-188,5,13484.5,13511.5,-73.78571428571377,-1475.7142857142753,-1480.2142857142753,13522.5,13560.0,13497.5,13751.110599531237,13430.577158011227,13772.91411429793,13409.007021517642,13270.0,13337.5,12985.0,10:00,below_val,inside_both,above_week_vah,neg,pos
short,2022-08-18 12:40:00-04:00,2022-08-18,2022-08-18 13:05:00-04:00,sl,13486.375,13535.30357142857,13486.5,13535.17857142857,13417.642857142859,20.178571428571427,0.860655737704918,-379,-48,55,13503.75,13516.25,-48.92857142857065,-978.571428571413,-983.071428571413,13510.0,13530.0,13450.0,13580.50426944343,13439.506019102117,13682.968196510968,13337.057259516936,13270.0,13337.5,12985.0,12:00,in_va,inside_both,above_week_vah,neg,pos
short,2022-08-19 15:00:00-04:00,2022-08-19,2022-08-19 15:15:00-04:00,sl,13238.375,13269.0,13238.5,13268.875,13193.25,14.875,0.7183098591549296,-212,-51,34,13249.75,13260.25,-30.625,-612.5,-617.0,13267.5,13327.5,13237.5,13636.802654277859,13303.205408813217,13748.711471431492,13192.461964127728,13270.0,13337.5,12985.0,15:00,in_va,inside_90_only,in_week_va,neg,pos
short,2022-08-22 13:00:00-04:00,2022-08-22,2022-08-22 14:40:00-04:00,tp,12959.125,12904.267857142859,12959.25,12997.30357142857,12904.142857142859,17.053571428571427,0.797752808988764,-257,-101,59,12963.25,12971.5,54.8571428571413,1097.142857142826,1092.642857142826,12975.0,13065.0,12950.0,13323.93663627124,13001.045465463381,13419.008103277458,12907.23683454721,13390.0,13575.0,13237.5,13:00,in_va,inside_90_only,below_week_val,neg,pos
short,2022-08-24 13:25:00-04:00,2022-08-24,2022-08-24 14:05:00-04:00,sl,12912.875,12949.482142857143,12913.0,12949.357142857143,12859.035714285714,17.607142857142858,0.7209302325581395,-256,-157,91,12924.5,12931.75,-36.60714285714312,-732.1428571428623,-736.6428571428623,12890.0,12952.5,12870.0,12971.979316328396,12808.281676907473,13057.31749692489,12722.955081278478,13390.0,13575.0,13237.5,13:00,in_va,inside_both,below_week_val,neg,pos
short,2022-08-26 11:15:00-04:00,2022-08-26,2022-08-26 15:40:00-04:00,tp,12800.375,12649.875,12800.5,12894.875,12649.75,56.375,0.85,-927,-205,42,12809.5,12818.5,150.5,3010.0,3005.5,13140.0,13192.5,12997.5,13214.681916196641,13076.074614489138,13282.660155778682,13008.10283868311,13390.0,13575.0,13237.5,11:00,below_val,outside_both,below_week_val,neg,pos
short,2022-08-26 12:15:00-04:00,2022-08-26,2022-08-26 15:05:00-04:00,tp,12777.625,12693.803571428572,12777.75,12831.160714285714,12693.678571428572,30.660714285714285,0.7142857142857143,-669,-347,4,12780.25,12790.5,83.82142857142753,1676.4285714285506,1671.9285714285506,13140.0,13220.0,12905.0,13229.77591211402,13060.982053798818,13296.902119887838,12993.86222878475,13390.0,13575.0,13237.5,12:00,below_val,outside_both,below_week_val,neg,pos
short,2022-08-29 10:35:00-04:00,2022-08-29,2022-08-29 12:50:00-04:00,sl,12504.125,12582.464285714286,12504.25,12582.339285714286,12381.071428571428,45.089285714285715,0.8759124087591241,-504,-67,15,12522.25,12532.0,-78.33928571428623,-1566.7857142857247,-1571.2857142857247,12480.0,12552.5,12415.0,12651.993296368282,12410.917654181,12668.96507320845,12394.020878026768,13655.0,13685.0,13465.0,10:00,in_va,inside_both,below_week_val,neg,pos
short,2022-08-29 15:45:00-04:00,2022-08-29,2022-08-29 16:55:00-04:00,eod,12542.375,12505.375,12542.5,12587.05357142857,12475.142857142859,22.803571428571427,0.7350427350427351,-276,-234,2,12548.75,12562.25,37.0,740.0,735.5,12565.0,12600.0,12492.5,12736.755701452874,12326.52982617119,12754.618604674077,12308.74586164963,13655.0,13685.0,13465.0,15:00,in_va,inside_both,below_week_val,neg,pos
short,2022-08-30 12:40:00-04:00,2022-08-30,2022-08-30 15:05:00-04:00,sl,12304.625,12357.339285714286,12304.75,12357.214285714286,12223.821428571428,28.464285714285715,0.9134615384615384,-428,68,-1,12305.5,12323.5,-52.714285714286234,-1054.2857142857247,-1058.7857142857247,12322.5,12510.0,12270.0,12682.484006524752,12386.817656497502,12717.066980637697,12352.395024505946,13655.0,13685.0,13465.0,12:00,in_va,outside_both,below_week_val,pos,neg
short,2022-08-30 11:45:00-04:00,2022-08-30,2022-08-30 12:15:00-04:00,sl,12321.375,12382.19642857143,12321.5,12382.07142857143,12222.107142857141,38.82142857142857,0.85,-375,-132,14,12324.25,12343.75,-60.82142857142935,-1216.428571428587,-1220.928571428587,12322.5,12527.5,12270.0,12680.209157153193,12389.081958650855,12696.362594789038,12373.003415570056,13655.0,13685.0,13465.0,11:00,in_va,outside_both,below_week_val,neg,pos
short,2022-08-30 12:30:00-04:00,2022-08-30,2022-08-30 15:10:00-04:00,sl,12314.875,12379.535714285714,12315.0,12379.410714285714,12218.928571428572,31.660714285714285,0.9166666666666666,-328,-2,-1,12331.5,12360.0,-64.66071428571377,-1293.2142857142753,-1297.7142857142753,12322.5,12512.5,12270.0,12684.221789762758,12385.087930399117,12714.685767857365,12354.765196919783,13655.0,13685.0,13465.0,12:00,in_va,outside_both,below_week_val,neg,neg
short,2022-08-31 09:55:00-04:00,2022-08-31,2022-08-31 11:00:00-04:00,tp,12455.625,12336.196428571428,12455.75,12541.089285714286,12336.071428571428,34.339285714285715,0.7767857142857143,-448,-78,-7,12462.5,12489.25,119.42857142857247,2388.5714285714494,2384.0714285714494,12442.5,12477.5,12397.5,12529.625342434883,12308.614735204763,12551.434570001065,12287.009577230707,13655.0,13685.0,13465.0,09:00,in_va,inside_both,below_week_val,neg,neg
short,2022-08-31 13:20:00-04:00,2022-08-31,2022-08-31 15:15:00-04:00,sl,12313.375,12355.17857142857,12313.5,12355.05357142857,12250.642857142859,21.303571428571427,0.7558139534883721,-357,-41,46,12313.75,12333.25,-41.80357142857065,-836.071428571413,-840.571428571413,12377.5,12460.0,12355.0,12614.187356334201,12224.843970588961,12640.789081254947,12198.491158800876,13655.0,13685.0,13465.0,13:00,below_val,inside_both,below_week_val,neg,pos
short,2022-08-31 13:15:00-04:00,2022-08-31,2022-08-31 15:45:00-04:00,sl,12329.375,12378.0,12329.5,12377.875,12259.5,21.625,0.896551724137931,-600,-167,8,12332.25,12345.0,-48.625,-972.5,-977.0,12377.5,12457.5,12355.0,12613.547597550398,12225.477743130763,12640.162901110518,12199.111479759036,13655.0,13685.0,13465.0,13:00,below_val,inside_both,below_week_val,neg,pos
short,2022-09-01 10:10:00-04:00,2022-09-01,2022-09-01 14:25:00-04:00,sl,12115.375,12179.375,12115.5,12179.25,12016.0,35.75,0.7286821705426356,-588,-215,54,12118.0,12132.5,-64.0,-1280.0,-1284.5,12160.0,12192.5,12140.0,12367.702325213417,12110.72123212555,12396.873624174465,12081.865814322246,13655.0,13685.0,13465.0,10:00,below_val,inside_both,below_week_val,neg,pos
short,2022-09-01 12:50:00-04:00,2022-09-01,2022-09-01 13:05:00-04:00,sl,12026.625,12074.964285714286,12026.75,12074.839285714286,11956.321428571428,22.339285714285715,0.8672566371681416,-667,-154,41,12030.0,12043.25,-48.339285714286234,-966.7857142857247,-971.2857142857247,12160.0,12220.0,12080.0,12418.580767183526,12060.393726922948,12451.346949513163,12027.98235291442,13655.0,13685.0,13465.0,12:00,below_val,outside_both,below_week_val,neg,pos
short,2022-09-02 15:30:00-04:00,2022-09-02,2022-09-02 16:55:00-04:00,eod,12076.875,12130.375,12077.0,12143.982142857143,11978.035714285714,31.982142857142858,0.9448275862068966,-768,-79,7,12083.25,12098.0,-53.5,-1070.0,-1074.5,12137.5,12362.5,12085.0,12552.105108673939,12146.231270513535,12595.22532323681,12103.502117772818,13655.0,13685.0,13465.0,15:00,below_val,outside_both,below_week_val,neg,pos
short,2022-09-02 12:15:00-04:00,2022-09-02,2022-09-02 12:30:00-04:00,tp,12360.375,12281.553571428572,12360.5,12414.660714285714,12281.428571428572,24.910714285714285,0.9508196721311475,-489,-46,8,12368.5,12397.75,78.82142857142753,1576.4285714285506,1571.9285714285506,12395.0,12447.5,12312.5,12518.152227030827,12179.876229853913,12548.27777076272,12150.023897889272,13655.0,13685.0,13465.0,12:00,in_va,inside_both,below_week_val,neg,pos
short,2022-09-06 12:15:00-04:00,2022-09-06,2022-09-06 16:55:00-04:00,eod,12050.125,12020.375,12050.25,12121.785714285714,11938.178571428572,40.535714285714285,0.7887323943661971,-528,-118,18,12058.0,12066.5,29.75,595.0,590.5,12092.5,12187.5,12020.0,12252.220920260617,12012.103297944064,12272.383057583422,11991.954036079753,12932.5,13072.5,12877.5,12:00,in_va,inside_both,below_week_val,neg,pos
short,2022-09-06 13:05:00-04:00,2022-09-06,2022-09-06 16:55:00-04:00,eod,11990.375,12020.375,11990.5,12070.82142857143,11878.357142857141,31.821428571428573,0.9695431472081218,-675,-35,8,12025.25,12042.5,-30.0,-600.0,-604.5,12092.5,12177.5,12015.0,12262.278159157786,12002.05248155855,12290.44062879368,11973.907996360665,12932.5,13072.5,12877.5,13:00,below_val,inside_90_only,below_week_val,neg,pos
short,2022-09-13 10:35:00-04:00,2022-09-13,2022-09-13 14:45:00-04:00,tp,12337.625,12229.446428571428,12337.75,12405.339285714286,12229.321428571428,40.839285714285715,0.8828828828828829,-375,-55,74,12354.0,12369.5,108.17857142857247,2163.5714285714494,2159.0714285714494,12377.5,12552.5,12357.5,12963.67373632511,12349.714985196048,12958.23882355663,12354.981199828106,12322.5,12587.5,12257.5,10:00,below_val,outside_both,in_week_va,neg,pos
short,2022-09-14 13:45:00-04:00,2022-09-14,2022-09-14 15:55:00-04:00,sl,12150.375,12224.0,12150.5,12223.875,12055.0,22.125,0.8032128514056225,-987,-99,5,12187.5,12201.25,-73.625,-1472.5,-1477.0,12195.0,12222.5,12135.0,12333.03271342164,11965.04821365891,12316.036168401452,11981.984009350117,12322.5,12587.5,12257.5,13:00,in_va,inside_both,below_week_val,neg,pos
short,2022-09-14 15:10:00-04:00,2022-09-14,2022-09-14 15:50:00-04:00,sl,12127.375,12193.089285714286,12127.5,12192.964285714286,12037.571428571428,24.464285714285715,0.8469945355191257,-453,-85,-10,12128.75,12140.0,-65.71428571428623,-1314.2857142857247,-1318.7857142857247,12142.5,12207.5,12127.5,12339.544415118236,11958.559786192936,12344.281748016483,11953.839385547355,12322.5,12587.5,12257.5,15:00,in_va,inside_both,below_week_val,neg,neg
short,2022-09-15 10:20:00-04:00,2022-09-15,2022-09-15 10:50:00-04:00,tp,12160.375,12042.982142857141,12160.5,12242.82142857143,12042.857142857141,35.32142857142857,0.7617021276595745,-957,-139,-12,12181.25,12204.5,117.3928571428587,2347.857142857174,2343.357142857174,12205.0,12232.5,12157.5,12334.146519449403,12047.919186606485,12337.22323352596,12044.872297819444,12322.5,12587.5,12257.5,10:00,in_va,inside_both,below_week_val,neg,neg
short,2022-09-15 15:10:00-04:00,2022-09-15,2022-09-15 16:00:00-04:00,sl,11975.125,12032.0,11975.25,12031.875,11893.5,25.125,0.7973856209150327,-447,-76,-3,11988.0,11998.75,-56.875,-1137.5,-1142.0,12120.0,12252.5,12050.0,12418.54793837363,11964.335944702441,12423.66748230542,11959.266029002642,12322.5,12587.5,12257.5,15:00,below_val,inside_both,below_week_val,neg,neg
short,2022-09-21 15:35:00-04:00,2022-09-21,2022-09-21 16:55:00-04:00,eod,11780.375,11668.125,11780.5,11958.535714285714,11504.178571428572,98.28571428571429,0.8847262247838616,-1600,-87,8,11782.0,11794.0,112.25,2245.0,2240.5,11970.0,12017.5,11895.0,12126.258871790145,11785.42593446015,12139.457753668512,11772.241947871678,12092.5,12202.5,11970.0,15:00,below_val,inside_90_only,below_week_val,neg,pos
short,2022-09-16 10:55:00-04:00,2022-09-16,2022-09-16 14:45:00-04:00,sl,11816.375,11888.17857142857,11816.5,11888.05357142857,11704.392857142859,40.55357142857143,0.9172932330827067,-896,-112,2,11827.25,11834.25,-71.80357142857065,-1436.071428571413,-1440.571428571413,11850.0,11900.0,11822.5,12063.90272687558,11776.405854132709,12079.05833804101,11761.385052337455,12322.5,12587.5,12257.5,10:00,below_val,inside_both,below_week_val,neg,pos
short,2022-09-20 13:25:00-04:00,2022-09-20,2022-09-20 15:00:00-04:00,sl,11882.375,11932.142857142857,11882.5,11932.017857142857,11814.214285714286,18.767857142857142,0.8828125,-1206,-54,39,11898.5,11919.75,-49.76785714285688,-995.3571428571377,-999.8571428571377,11925.0,11975.0,11902.5,12143.571882993136,11819.72637195148,12177.913558425316,11785.751762287584,12092.5,12202.5,11970.0,13:00,below_val,inside_both,below_week_val,neg,pos
short,2022-09-21 14:00:00-04:00,2022-09-21,2022-09-21 14:40:00-04:00,sl,11790.125,12077.25,11790.25,12077.125,11470.5,32.875,0.9396299902629016,-2307,-56,15,11938.75,11956.75,-287.125,-5742.5,-5747.0,11970.0,11987.5,11930.0,12070.147205878344,11841.474276861833,12100.775918204532,11810.880129853631,12092.5,12202.5,11970.0,14:00,below_val,outside_both,below_week_val,neg,pos
short,2022-09-21 12:55:00-04:00,2022-09-21,2022-09-21 13:40:00-04:00,sl,11981.375,12004.607142857143,11981.5,12004.482142857143,11945.785714285714,12.732142857142858,0.9069767441860465,-209,-46,6,11989.0,11994.0,-23.232142857143117,-464.64285714286234,-469.14285714286234,11970.0,11985.0,11932.5,12046.430016932341,11865.164700328147,12083.326571430414,11828.309784574963,12092.5,12202.5,11970.0,12:00,in_va,inside_both,in_week_va,neg,pos
short,2022-09-21 15:25:00-04:00,2022-09-21,2022-09-21 16:55:00-04:00,eod,11852.125,11668.125,11852.25,12040.32142857143,11569.357142857141,94.82142857142857,0.9814323607427056,-1618,-73,-2,11913.25,11945.0,184.0,3680.0,3675.5,11970.0,12017.5,11905.0,12109.976594264934,11801.68983700132,12129.968124005643,11781.720868234614,12092.5,12202.5,11970.0,15:00,below_val,inside_both,below_week_val,neg,neg
short,2022-09-21 15:55:00-04:00,2022-09-21,2022-09-21 16:55:00-04:00,eod,11703.875,11668.125,11704.0,11825.839285714286,11512.821428571428,69.33928571428571,0.9672897196261683,-297,-43,0,11723.0,11741.75,35.75,715.0,710.5,11970.0,12040.0,11887.5,12121.35111460938,11790.328153106166,12137.610476761438,11774.087140077541,12092.5,12202.5,11970.0,15:00,below_val,outside_both,below_week_val,neg,zero
short,2022-09-22 10:50:00-04:00,2022-09-22,2022-09-22 15:00:00-04:00,sl,11556.125,11619.035714285714,11556.25,11618.910714285714,11456.428571428572,37.160714285714285,0.9181818181818182,-663,-114,2,11571.75,11600.5,-62.910714285713766,-1258.2142857142753,-1262.7142857142753,11592.5,11675.0,11570.0,11752.453906456969,11557.734283598555,11767.316826733819,11542.90448261612,12092.5,12202.5,11970.0,10:00,below_val,inside_90_only,below_week_val,neg,pos
short,2022-09-23 11:40:00-04:00,2022-09-23,2022-09-23 14:10:00-04:00,tp,11358.375,11271.696428571428,11358.5,11414.464285714286,11271.571428571428,30.964285714285715,0.7142857142857143,-264,-38,129,11363.75,11372.5,86.67857142857247,1733.5714285714494,1729.0714285714494,11385.0,11440.0,11347.5,11655.482606651221,11372.829018732575,11670.194343452271,11358.2514701676,12092.5,12202.5,11970.0,11:00,in_va,inside_90_only,below_week_val,neg,pos
short,2022-09-23 13:25:00-04:00,2022-09-23,2022-09-23 14:55:00-04:00,tp,11318.875,11242.267857142859,11319.0,11372.42857142857,11242.142857142859,23.428571428571427,0.8484848484848485,-594,-53,12,11344.25,11355.5,76.6071428571413,1532.142857142826,1527.642857142826,11385.0,11437.5,11332.5,11648.814871587841,11379.43593625831,11690.641781194649,11337.990536958294,12092.5,12202.5,11970.0,13:00,below_val,outside_both,below_week_val,neg,pos
short,2022-09-26 12:20:00-04:00,2022-09-26,2022-09-26 16:55:00-04:00,eod,11346.875,11315.625,11347.0,11421.285714285714,11242.678571428572,30.035714285714285,0.9558011049723757,-774,-39,14,11376.25,11387.25,31.25,625.0,620.5,11380.0,11495.0,11345.0,11465.593039827918,11274.65224902296,11497.9445190443,11242.403040025387,12120.0,12347.5,11845.0,12:00,in_va,inside_both,below_week_val,neg,pos
short,2022-09-27 13:00:00-04:00,2022-09-27,2022-09-27 14:40:00-04:00,sl,11261.125,11335.017857142857,11261.25,11334.892857142857,11153.714285714286,33.892857142857146,0.8186528497409327,-1000,-77,3,11261.5,11271.0,-73.89285714285688,-1477.8571428571377,-1482.3571428571377,11472.5,11512.5,11377.5,11553.31694016949,11233.802158886896,11583.591153376936,11203.93703883556,12120.0,12347.5,11845.0,13:00,below_val,inside_both,below_week_val,neg,pos
short,2022-09-28 15:55:00-04:00,2022-09-28,2022-09-28 16:55:00-04:00,eod,11553.875,11539.375,11554.0,11616.5,11468.75,22.75,0.8857142857142857,-1261,-363,26,11587.0,11592.5,14.5,290.0,285.5,11475.0,11527.5,11260.0,11483.71975613594,11201.548208658669,11516.231895370795,11169.103360109859,12120.0,12347.5,11845.0,15:00,above_vah,outside_both,below_week_val,neg,pos
short,2022-09-29 09:35:00-04:00,2022-09-29,2022-09-29 10:00:00-04:00,tp,11333.375,11233.767857142859,11333.5,11403.42857142857,11233.642857142859,29.928571428571427,0.8138297872340425,-547,-208,14,11356.75,11372.75,99.6071428571413,1992.142857142826,1987.642857142826,11410.0,11450.0,11365.0,11580.77237269641,11346.025477574882,11577.601589200272,11349.154425441558,12120.0,12347.5,11845.0,09:00,below_val,outside_both,below_week_val,neg,pos
short,2022-09-29 12:55:00-04:00,2022-09-29,2022-09-29 14:15:00-04:00,tp,11181.875,11105.660714285714,11182.0,11234.607142857143,11105.535714285714,23.857142857142858,0.7391304347826086,-673,-113,-15,11185.75,11192.0,76.21428571428623,1524.2857142857247,1519.7857142857247,11205.0,11382.5,11157.5,11628.569548026655,11298.858942879348,11654.63788449951,11273.134554603123,12120.0,12347.5,11845.0,12:00,in_va,outside_both,below_week_val,neg,neg
short,2022-09-29 12:15:00-04:00,2022-09-29,2022-09-29 13:55:00-04:00,tp,11206.375,11122.553571428572,11206.5,11263.410714285714,11122.428571428572,27.160714285714285,0.7580645161290323,-340,-37,129,11207.25,11221.25,83.82142857142753,1676.4285714285506,1671.9285714285506,11205.0,11387.5,11157.5,11636.992566985678,11290.547058061318,11649.812485476883,11277.896286836212,12120.0,12347.5,11845.0,12:00,in_va,outside_both,below_week_val,neg,pos
short,2022-09-29 12:10:00-04:00,2022-09-29,2022-09-29 13:50:00-04:00,tp,11229.625,11149.625,11229.75,11281.125,11149.5,28.875,0.8282828282828283,-217,-84,1,11242.0,11256.25,80.0,1600.0,1595.5,11205.0,11390.0,11157.5,11628.276537777807,11299.148087122136,11649.259866753875,11278.441614253406,12120.0,12347.5,11845.0,12:00,in_va,outside_both,below_week_val,neg,pos
short,2022-09-30 13:35:00-04:00,2022-09-30,2022-09-30 15:15:00-04:00,tp,11178.125,11101.910714285714,11178.25,11231.607142857143,11101.785714285714,23.107142857142858,0.875,-818,-124,4,11201.5,11208.25,76.21428571428623,1524.2857142857247,1519.7857142857247,11230.0,11285.0,11190.0,11331.60657954957,11089.306124075909,11359.731099847379,11061.300520879233,12120.0,12347.5,11845.0,13:00,below_val,inside_both,below_week_val,neg,pos
short,2022-10-04 13:05:00-04:00,2022-10-04,2022-10-04 13:50:00-04:00,sl,11572.875,11614.107142857143,11573.0,11613.982142857143,11512.035714285714,19.982142857142858,0.7884615384615384,-496,-232,7,11576.25,11585.5,-41.23214285714312,-824.6428571428623,-829.1428571428623,11650.0,11675.0,11517.5,11627.5520462933,11199.205522445349,11638.498283615343,11188.456281275183,11920.0,12092.5,11592.5,13:00,in_va,inside_both,below_week_val,neg,pos
short,2022-10-04 14:25:00-04:00,2022-10-04,2022-10-04 14:50:00-04:00,sl,11585.125,11638.017857142857,11585.25,11637.892857142857,11511.464285714286,21.142857142857142,0.8837209302325582,-351,-18,153,11596.75,11607.25,-52.89285714285688,-1057.8571428571377,-1062.3571428571377,11650.0,11672.5,11532.5,11654.598757152926,11172.645563133628,11661.234192252632,11166.129543970392,11920.0,12092.5,11592.5,14:00,in_va,inside_both,below_week_val,neg,pos
short,2022-10-05 13:55:00-04:00,2022-10-05,2022-10-05 14:35:00-04:00,sl,11566.375,11619.42857142857,11566.5,11619.30357142857,11491.142857142859,22.553571428571427,0.84251968503937,-397,-42,38,11576.0,11593.75,-53.05357142857065,-1061.071428571413,-1065.571428571413,11522.5,11622.5,11450.0,11773.878947241648,11359.130066935655,11780.309771318025,11352.787185044645,11920.0,12092.5,11592.5,13:00,in_va,inside_both,below_week_val,neg,pos
short,2022-10-06 16:15:00-04:00,2022-10-06,2022-10-06 16:55:00-04:00,eod,11511.375,11505.875,11511.5,11570.857142857143,11428.285714285714,23.857142857142858,0.782051282051282,-539,-76,60,11530.5,11549.25,5.5,110.0,105.5,11572.5,11632.5,11540.0,11786.132921040276,11432.87705355028,11791.201793401595,11427.824528171552,11920.0,12092.5,11592.5,16:00,below_val,inside_both,below_week_val,neg,pos
short,2022-10-10 12:20:00-04:00,2022-10-10,2022-10-10 13:45:00-04:00,sl,10927.375,10982.660714285714,10927.5,10982.535714285714,10847.678571428572,24.785714285714285,0.8421052631578947,-883,-94,24,10954.5,10961.0,-55.285714285713766,-1105.7142857142753,-1110.2142857142753,11040.0,11077.5,10972.5,11230.027015495829,10974.352064215376,11217.220684810341,10987.144848413149,11230.0,11447.5,11185.0,12:00,below_val,outside_both,below_week_val,neg,pos
short,2022-10-11 14:45:00-04:00,2022-10-11,2022-10-11 15:15:00-04:00,tp,10876.875,10772.053571428572,10877.0,10954.160714285714,10771.928571428572,27.910714285714285,0.7265625,-1089,-56,16,10884.75,10900.75,104.82142857142753,2096.4285714285506,2091.9285714285506,10935.0,10995.0,10875.0,11145.198384277275,10769.315836056956,11139.322573491694,10775.15236252974,11230.0,11447.5,11185.0,14:00,in_va,inside_both,below_week_val,neg,pos
short,2022-10-11 13:25:00-04:00,2022-10-11,2022-10-11 14:45:00-04:00,tp,10959.125,10871.375,10959.25,11021.75,10871.25,25.5,0.7202072538860104,-625,-179,36,10970.5,10994.5,87.75,1755.0,1750.5,10935.0,10975.0,10845.0,11128.346261641125,10786.055289296302,11115.55893897005,10798.757118883617,11230.0,11447.5,11185.0,13:00,in_va,inside_both,below_week_val,neg,pos
short,2022-10-12 15:45:00-04:00,2022-10-12,2022-10-12 16:55:00-04:00,eod,10857.125,10853.125,10857.25,10900.55357142857,10793.142857142859,20.803571428571427,0.8586956521739131,-205,-18,37,10870.5,10878.0,4.0,80.0,75.5,10877.5,10907.5,10845.0,11034.067650671286,10712.144059706001,11041.075864759268,10705.145507233874,11230.0,11447.5,11185.0,15:00,in_va,inside_both,below_week_val,neg,pos
short,2022-10-13 16:10:00-04:00,2022-10-13,2022-10-13 16:55:00-04:00,eod,11061.625,11065.625,11061.75,11114.05357142857,10977.642857142859,31.803571428571427,0.872093023255814,-855,-4,1,11074.5,11094.75,-4.0,-80.0,-84.5,10522.5,10992.5,10485.0,10998.195287241278,10382.219569921685,11000.143942615245,10380.330166024121,11230.0,11447.5,11185.0,16:00,above_vah,outside_both,below_week_val,neg,pos
short,2022-10-14 14:15:00-04:00,2022-10-14,2022-10-14 16:55:00-04:00,eod,10772.625,10746.375,10772.75,10828.82142857143,10691.857142857141,24.821428571428573,0.8188976377952756,-549,-15,27,10783.25,10794.75,26.25,525.0,520.5,10832.5,11082.5,10792.5,11384.007022385764,10864.841949137202,11326.995432852495,10921.263346027565,11230.0,11447.5,11185.0,14:00,below_val,outside_both,below_week_val,neg,pos
short,2022-10-18 14:40:00-04:00,2022-10-18,2022-10-18 15:40:00-04:00,sl,11113.625,11206.464285714286,11113.75,11206.339285714286,10992.071428571428,29.089285714285715,0.8644688644688645,-252,19,61,11129.5,11156.0,-92.83928571428623,-1856.7857142857247,-1861.2857142857247,11225.0,11337.5,11150.0,11643.934982589879,10519.672683241419,11568.626830892023,10590.640388348014,11640.0,11717.5,11312.5,14:00,below_val,inside_both,below_week_val,pos,pos
short,2022-10-18 14:35:00-04:00,2022-10-18,2022-10-18 16:00:00-04:00,sl,11172.625,11260.714285714286,11172.75,11260.589285714286,11057.821428571428,27.089285714285715,0.7482758620689656,-795,-214,-21,11209.75,11217.5,-88.08928571428623,-1761.7857142857247,-1766.2857142857247,11225.0,11337.5,11150.0,11641.345804970193,10522.112631502527,11559.817679939675,10598.9418167184,11640.0,11717.5,11312.5,14:00,in_va,inside_both,below_week_val,neg,neg
short,2022-10-19 13:00:00-04:00,2022-10-19,2022-10-19 15:55:00-04:00,sl,11064.375,11156.94642857143,11064.5,11156.82142857143,10943.607142857141,28.571428571428573,0.846441947565543,-1918,-74,133,11081.5,11110.5,-92.57142857142935,-1851.428571428587,-1855.928571428587,11185.0,11227.5,11117.5,11531.36139844696,10924.694451492345,11456.756815854818,10998.027374422276,11640.0,11717.5,11312.5,13:00,below_val,inside_both,below_week_val,neg,pos
short,2022-10-19 12:45:00-04:00,2022-10-19,2022-10-19 16:00:00-04:00,sl,11113.375,11162.75,11113.5,11162.625,11037.5,26.875,0.7619047619047619,-220,-241,59,11120.75,11136.75,-49.375,-987.5,-992.0,11185.0,11227.5,11120.0,11524.848457891678,10931.096376832491,11454.92237886228,10999.830542832575,11640.0,11717.5,11312.5,12:00,below_val,inside_both,below_week_val,neg,pos
short,2022-10-20 13:45:00-04:00,2022-10-20,2022-10-20 16:55:00-04:00,eod,11088.375,11059.875,11088.5,11156.44642857143,10992.357142857141,28.196428571428573,0.8245614035087719,-802,-74,72,11091.0,11107.0,28.5,570.0,565.5,11140.0,11230.0,11027.5,11372.453138037608,10891.076346821863,11297.000741512757,10966.263161195913,11640.0,11717.5,11312.5,13:00,in_va,inside_both,below_week_val,neg,pos
short,2022-10-21 10:20:00-04:00,2022-10-21,2022-10-21 12:50:00-04:00,sl,11133.125,11254.17857142857,11133.25,11254.05357142857,10955.892857142859,56.55357142857143,0.7472118959107806,-663,-66,-32,11168.0,11193.25,-121.05357142857065,-2421.071428571413,-2425.571428571413,11017.5,11092.5,10972.5,11179.52390130189,10924.149374081442,11145.070323033377,10958.553108795419,11640.0,11717.5,11312.5,10:00,above_vah,inside_both,below_week_val,neg,neg
short,2022-10-24 10:00:00-04:00,2022-10-24,2022-10-24 11:50:00-04:00,sl,11274.625,11409.32142857143,11274.75,11409.19642857143,11095.107142857141,45.19642857142857,0.9509536784741145,-769,-32,25,11333.0,11362.0,-134.69642857142935,-2693.928571428587,-2698.428571428587,11370.0,11422.5,11325.0,11465.672748243605,11271.969802806008,11448.750617042537,11288.86441955575,10880.0,11045.0,10810.0,10:00,below_val,inside_14_only,above_week_vah,neg,pos
short,2022-10-25 10:35:00-04:00,2022-10-25,2022-10-25 11:25:00-04:00,sl,11610.125,11677.25,11610.25,11677.125,11507.25,36.125,0.8923076923076924,-888,-199,32,11633.25,11649.5,-67.125,-1342.5,-1347.0,11637.5,11665.0,11487.5,11642.360498792732,11333.260693329516,11613.503264930087,11361.976344254601,10880.0,11045.0,10810.0,10:00,in_va,inside_both,above_week_vah,neg,pos
short,2022-10-25 16:00:00-04:00,2022-10-25,2022-10-25 16:55:00-04:00,eod,11579.875,11585.875,11580.0,11760.125,11373.75,26.125,0.8333333333333334,-1313,-187,362,11606.0,11610.75,-6.0,-120.0,-124.5,11635.0,11725.0,11605.0,11776.353878726335,11199.92472832471,11695.649702084716,11280.232944131794,10880.0,11045.0,10810.0,16:00,below_val,inside_both,above_week_vah,neg,pos
short,2022-10-25 12:45:00-04:00,2022-10-25,2022-10-25 14:30:00-04:00,sl,11660.125,11695.55357142857,11660.25,11695.42857142857,11609.892857142859,15.178571428571429,0.7956989247311828,-466,-88,37,11669.0,11676.25,-35.42857142857065,-708.571428571413,-713.071428571413,11637.5,11705.0,11515.0,11723.05597449897,11252.961135768202,11649.450254100582,11326.205722657916,10880.0,11045.0,10810.0,12:00,in_va,inside_14_only,above_week_vah,neg,pos
short,2022-10-25 14:55:00-04:00,2022-10-25,2022-10-25 15:25:00-04:00,sl,11670.875,11704.375,11671.0,11704.25,11622.25,15.5,0.7222222222222222,-290,-6,127,11673.5,11684.5,-33.5,-670.0,-674.5,11635.0,11705.0,11555.0,11768.175534192811,11208.062947250593,11686.910858221394,11288.928912396195,10880.0,11045.0,10810.0,14:00,in_va,inside_both,above_week_vah,neg,pos
short,2022-10-26 10:55:00-04:00,2022-10-26,2022-10-26 11:05:00-04:00,sl,11604.875,11671.0,11605.0,11670.875,11496.75,42.375,0.9108910891089109,-549,-101,2,11623.0,11631.5,-66.125,-1322.5,-1327.0,11487.5,11550.0,11470.0,11723.883883383634,11337.692521426277,11690.521236391996,11370.734809832773,10880.0,11045.0,10810.0,10:00,above_vah,inside_both,above_week_vah,neg,pos
short,2022-10-26 15:00:00-04:00,2022-10-26,2022-10-26 16:05:00-04:00,sl,11449.625,11501.67857142857,11449.75,11501.55357142857,11375.892857142859,22.053571428571427,0.8939393939393939,-730,16,1,11458.75,11473.75,-52.05357142857065,-1041.071428571413,-1045.571428571413,11487.5,11562.5,11450.0,11848.746674549702,11214.02870188632,11760.77612076353,11301.154534863852,10880.0,11045.0,10810.0,15:00,below_val,inside_both,above_week_vah,pos,pos
short,2022-11-02 15:15:00-04:00,2022-11-02,2022-11-02 16:55:00-04:00,eod,11108.625,10941.875,11108.75,11262.732142857143,10861.535714285714,93.23214285714286,0.968,-841,-32,1,11110.5,11119.75,166.75,3335.0,3330.5,11230.0,11365.0,11202.5,11622.997134050802,11027.748538744741,11509.137649141485,11141.512554536084,11125.0,11277.5,11050.0,15:00,below_val,inside_14_only,in_week_va,neg,pos
short,2022-11-02 11:10:00-04:00,2022-11-02,2022-11-02 14:00:00-04:00,sl,11238.625,11283.07142857143,11238.75,11282.94642857143,11174.107142857141,20.446428571428573,0.8301886792452831,-673,9,42,11257.25,11307.25,-44.44642857142935,-888.928571428587,-893.428571428587,11270.0,11337.5,11260.0,11513.7048609509,11136.949172251134,11445.566427006404,11205.030473351631,11125.0,11277.5,11050.0,11:00,below_val,inside_both,in_week_va,pos,pos
short,2022-11-01 09:45:00-04:00,2022-11-01,2022-11-01 10:05:00-04:00,tp,11530.125,11435.910714285714,11530.25,11604.232142857143,11435.785714285714,20.482142857142858,0.7619047619047619,-450,-7,-10,11576.25,11595.0,94.21428571428623,1884.2857142857247,1879.7857142857247,11585.0,11612.5,11565.0,,,11671.413977365974,11549.455492576422,11125.0,11277.5,11050.0,09:00,below_val,outside_both,above_week_vah,neg,neg
short,2022-11-01 10:00:00-04:00,2022-11-01,2022-11-01 16:10:00-04:00,tp,11442.875,11301.553571428572,11443.0,11556.160714285714,11301.428571428572,28.410714285714285,0.7977207977207977,-783,-118,-34,11499.75,11511.5,141.32142857142753,2826.4285714285506,2821.9285714285506,11585.0,11615.0,11542.5,11710.190211793972,11510.78015540802,11694.35717116558,11526.571997853194,11125.0,11277.5,11050.0,10:00,below_val,outside_both,above_week_vah,neg,neg
short,2022-11-03 11:05:00-04:00,2022-11-03,2022-11-03 16:55:00-04:00,eod,10824.875,10728.625,10825.0,10909.839285714286,10696.321428571428,43.839285714285715,0.7120418848167539,-602,-183,41,10847.25,10859.25,96.25,1925.0,1920.5,10830.0,10875.0,10747.5,11090.789976878521,10681.742410298926,11047.4950141386,10724.592226393363,11125.0,11277.5,11050.0,11:00,in_va,inside_both,below_week_val,neg,pos
short,2022-11-03 13:55:00-04:00,2022-11-03,2022-11-03 16:55:00-04:00,eod,10777.625,10728.625,10777.75,10821.214285714286,10714.821428571428,19.464285714285715,0.8877551020408163,-246,-7,23,10786.75,10798.5,49.0,980.0,975.5,10800.0,10860.0,10765.0,11125.900914768594,10646.992473209699,11089.766462972368,10682.755400722595,11125.0,11277.5,11050.0,13:00,in_va,inside_both,below_week_val,neg,pos
short,2022-11-03 15:45:00-04:00,2022-11-03,2022-11-03 16:55:00-04:00,eod,10758.625,10728.625,10758.75,10795.125,10704.0,18.375,0.8095238095238095,-564,-105,6,10764.0,10778.0,30.0,600.0,595.5,10800.0,10850.0,10765.0,11176.519212836636,10596.894618263885,11122.32436403797,10650.53225085035,11125.0,11277.5,11050.0,15:00,below_val,inside_both,below_week_val,neg,pos
short,2022-11-04 10:50:00-04:00,2022-11-04,2022-11-04 11:50:00-04:00,tp,10881.125,10714.196428571428,10881.25,10998.464285714286,10714.071428571428,49.964285714285715,0.7230769230769231,-1483,-186,-14,10905.75,10922.75,166.92857142857247,3338.5714285714494,3334.0714285714494,10815.0,10880.0,10707.5,11065.416134092404,10597.815752053753,11037.238544152779,10625.468181669548,11125.0,11277.5,11050.0,10:00,above_vah,inside_both,below_week_val,neg,neg
short,2022-11-07 11:40:00-05:00,2022-11-07,2022-11-07 14:10:00-05:00,sl,10878.125,10958.75,10878.25,10958.625,10766.0,31.875,0.9138755980861244,-829,-97,14,10888.75,10923.0,-80.625,-1612.5,-1617.0,10920.0,10942.5,10875.0,11094.782054478339,10716.18077616294,11069.417490104099,10741.38882282764,11490.0,11600.0,11302.5,11:00,in_va,inside_both,below_week_val,neg,pos
short,2022-11-07 11:55:00-05:00,2022-11-07,2022-11-07 13:00:00-05:00,sl,10867.125,10920.982142857143,10867.25,10920.857142857143,10784.285714285714,29.357142857142858,0.7676767676767676,-632,-29,-12,10872.0,10878.0,-53.85714285714312,-1077.1428571428623,-1081.6428571428623,10920.0,10942.5,10875.0,11100.788135200251,10710.211757303556,11068.777974359129,10742.02439229787,11490.0,11600.0,11302.5,11:00,below_val,inside_both,below_week_val,neg,neg
short,2022-11-08 13:55:00-05:00,2022-11-08,2022-11-08 15:30:00-05:00,sl,11042.875,11127.589285714286,11043.0,11127.464285714286,10928.071428571428,30.464285714285715,0.7211895910780669,-396,-140,47,11046.5,11062.25,-84.71428571428623,-1694.2857142857247,-1698.7857142857247,11195.0,11227.5,11060.0,11246.999952341057,10844.462106704788,11225.347431864051,10865.992451175853,11490.0,11600.0,11302.5,13:00,below_val,inside_both,below_week_val,neg,pos
short,2022-11-08 13:25:00-05:00,2022-11-08,2022-11-08 14:05:00-05:00,tp,11101.125,11015.767857142859,11101.25,11163.67857142857,11015.642857142859,23.178571428571427,0.7384615384615385,-401,-180,203,11104.5,11113.5,85.3571428571413,1707.142857142826,1702.642857142826,11195.0,11227.5,11057.5,11235.400240038949,10855.996366741392,11221.513351924628,10869.804897025428,11490.0,11600.0,11302.5,13:00,in_va,inside_both,below_week_val,neg,pos
short,2022-11-08 13:20:00-05:00,2022-11-08,2022-11-08 13:55:00-05:00,tp,11136.625,11047.160714285714,11136.75,11205.732142857143,11047.035714285714,20.732142857142858,0.7804878048780488,-1061,-143,1,11182.0,11195.25,89.46428571428623,1789.2857142857247,1784.7857142857247,11195.0,11230.0,11055.0,11236.123793992929,10855.27689549604,11217.717729197684,10873.579102660291,11490.0,11600.0,11302.5,13:00,in_va,inside_both,below_week_val,neg,pos
short,2022-11-08 14:20:00-05:00,2022-11-08,2022-11-08 15:00:00-05:00,sl,10971.625,11066.517857142857,10971.75,11066.392857142857,10839.214285714286,37.892857142857146,0.8104838709677419,-1116,-64,14,11008.25,11018.75,-94.89285714285688,-1897.8571428571377,-1902.3571428571377,11045.0,11132.5,11007.5,11242.247036290892,10849.188204061944,11232.706405044431,10858.675001565533,11490.0,11600.0,11302.5,14:00,below_val,inside_both,below_week_val,neg,pos
short,2022-11-09 10:50:00-05:00,2022-11-09,2022-11-09 11:40:00-05:00,sl,10954.375,11014.339285714286,10954.5,11014.214285714286,10858.821428571428,35.964285714285715,0.8484848484848485,-373,-81,80,10961.5,10991.75,-59.964285714286234,-1199.2857142857247,-1203.7857142857247,10985.0,11062.5,10955.0,11213.881006506605,10893.914550788735,11193.778514630432,10913.889235141314,11490.0,11600.0,11302.5,10:00,below_val,inside_both,below_week_val,neg,pos
short,2022-11-09 10:25:00-05:00,2022-11-09,2022-11-09 13:35:00-05:00,tp,10993.125,10877.232142857141,10993.25,11073.82142857143,10877.107142857141,35.57142857142857,0.8282828282828283,-680,-150,76,11009.5,11032.75,115.8928571428587,2317.857142857174,2313.357142857174,10982.5,11080.0,10970.0,11180.811096899646,10926.774208687675,11181.41872212125,10926.170446622706,11490.0,11600.0,11302.5,10:00,in_va,inside_both,below_week_val,neg,pos
short,2022-11-09 14:30:00-05:00,2022-11-09,2022-11-09 16:55:00-05:00,eod,10866.375,10842.875,10866.5,10922.035714285714,10788.678571428572,22.285714285714285,0.9090909090909091,-564,-82,2,10880.5,10897.75,23.5,470.0,465.5,10985.0,11057.5,10930.0,11247.149112993853,10860.857956104654,11236.937665912574,10871.004480898098,11490.0,11600.0,11302.5,14:00,below_val,inside_14_only,below_week_val,neg,pos
short,2022-11-29 11:15:00-05:00,2022-11-29,2022-11-29 12:35:00-05:00,sl,11474.125,11548.30357142857,11474.25,11548.17857142857,11369.892857142859,30.428571428571427,0.9719101123595506,-910,-32,2,11483.5,11497.25,-74.17857142857065,-1483.571428571413,-1488.071428571413,11600.0,11652.5,11560.0,11696.67090748205,11548.33856760979,11744.232152958033,11500.783459992683,11765.0,11857.5,11625.0,11:00,below_val,outside_both,below_week_val,neg,pos
short,2022-11-16 10:50:00-05:00,2022-11-16,2022-11-16 11:25:00-05:00,sl,11710.125,11774.464285714286,11710.25,11774.339285714286,11613.071428571428,33.089285714285715,0.7841726618705036,-839,-43,29,11722.0,11740.0,-64.33928571428623,-1286.7857142857247,-1291.2857142857247,11800.0,11937.5,11782.5,11989.915059160496,11728.153463764578,12006.249946746584,11711.915398910523,10800.0,11290.0,10662.5,10:00,below_val,outside_both,above_week_vah,neg,pos
short,2022-11-14 09:40:00-05:00,2022-11-14,2022-11-14 10:05:00-05:00,sl,11723.125,11796.339285714286,11723.25,11796.214285714286,11630.321428571428,19.964285714285715,0.7860262008733624,-855,-315,11,11724.75,11743.75,-73.21428571428623,-1464.2857142857247,-1468.7857142857247,11767.5,11800.0,11760.0,11873.665990211359,11723.074256087602,11879.031225841834,11717.7434703807,10800.0,11290.0,10662.5,09:00,below_val,inside_both,above_week_vah,neg,pos
short,2022-11-14 11:10:00-05:00,2022-11-14,2022-11-14 11:45:00-05:00,sl,11750.125,11820.625,11750.25,11820.5,11649.75,30.25,0.8296703296703297,-714,-245,27,11761.0,11792.75,-70.5,-1410.0,-1414.5,11790.0,11805.0,11762.5,11965.080746459076,11632.246469655056,11954.379653516611,11642.878851387159,10800.0,11290.0,10662.5,11:00,below_val,inside_both,above_week_vah,neg,pos
short,2022-11-15 13:15:00-05:00,2022-11-15,2022-11-15 13:35:00-05:00,tp,11920.875,11818.232142857141,11921.0,11999.94642857143,11818.107142857141,23.946428571428573,0.9478260869565217,-1287,-37,1,11961.25,11983.75,102.6428571428587,2052.857142857174,2048.357142857174,12027.5,12060.0,11972.5,12191.012929425957,11602.306381620101,12174.80321113548,11618.175286243286,10800.0,11290.0,10662.5,13:00,below_val,inside_both,above_week_vah,neg,pos
short,2022-11-15 15:30:00-05:00,2022-11-15,2022-11-15 16:55:00-05:00,eod,11893.875,11894.125,11894.0,11965.19642857143,11788.357142857141,34.44642857142857,0.90625,-537,-42,6,11923.5,11936.0,-0.25,-5.0,-9.5,12027.5,12080.0,11885.0,12231.716571563133,11562.45854445746,12209.886191153371,11583.829935273916,10800.0,11290.0,10662.5,15:00,in_va,inside_both,above_week_vah,neg,pos
short,2022-11-16 10:15:00-05:00,2022-11-16,2022-11-16 11:55:00-05:00,sl,11731.875,11792.69642857143,11732.0,11792.57142857143,11640.357142857141,31.071428571428573,0.7,-1399,-319,10,11749.5,11759.0,-60.82142857142935,-1216.428571428587,-1220.928571428587,11800.0,11920.0,11800.0,11966.967747021608,11750.96475896166,11987.082287466326,11730.969444605844,10800.0,11290.0,10662.5,10:00,below_val,inside_90_only,above_week_vah,neg,pos
short,2022-11-16 14:30:00-05:00,2022-11-16,2022-11-16 16:20:00-05:00,sl,11738.625,11782.607142857143,11738.75,11782.482142857143,11675.785714285714,19.232142857142858,0.75,-483,-117,4,11747.25,11756.25,-43.98214285714312,-879.6428571428623,-884.1428571428623,11800.0,11835.0,11722.5,12047.99230938763,11670.420458210472,12053.954790732532,11664.493318629051,10800.0,11290.0,10662.5,14:00,in_va,inside_both,above_week_vah,neg,pos
short,2022-11-17 13:45:00-05:00,2022-11-17,2022-11-17 14:20:00-05:00,tp,11738.125,11677.410714285714,11738.25,11778.732142857143,11677.285714285714,20.482142857142858,0.8068181818181818,-440,-63,1,11740.75,11750.75,60.714285714286234,1214.2857142857247,1209.7857142857247,11657.5,11705.0,11560.0,11915.51982177762,11409.430970445752,11929.176218091447,11396.030671442064,10800.0,11290.0,10662.5,13:00,above_vah,inside_both,above_week_vah,neg,pos
short,2022-11-18 12:15:00-05:00,2022-11-18,2022-11-18 15:00:00-05:00,sl,11616.875,11684.892857142857,11617.0,11684.767857142857,11524.714285714286,24.517857142857142,0.9553072625698324,-1356,-26,11,11645.0,11653.5,-68.01785714285688,-1360.3571428571377,-1364.8571428571377,11705.0,11762.5,11657.5,11959.67263774797,11625.517189558275,11974.083897338818,11611.217017584386,10800.0,11290.0,10662.5,12:00,below_val,inside_90_only,above_week_vah,neg,pos
short,2022-11-29 11:05:00-05:00,2022-11-29,2022-11-29 16:55:00-05:00,eod,11509.375,11519.375,11509.5,11578.75,11410.25,30.0,0.86875,-750,-47,176,11527.25,11537.75,-10.0,-200.0,-204.5,11600.0,11642.5,11572.5,11703.990110810231,11541.020308837133,11732.336901922446,11512.677175926081,11765.0,11857.5,11625.0,11:00,below_val,outside_both,below_week_val,neg,pos
short,2022-11-28 13:55:00-05:00,2022-11-28,2022-11-28 15:25:00-05:00,tp,11629.375,11577.125,11629.5,11667.25,11577.0,14.75,0.8155339805825242,-453,-168,-5,11645.25,11651.75,52.25,1045.0,1040.5,11700.0,11720.0,11667.5,,,11950.174210280791,11540.736990017085,11765.0,11857.5,11625.0,13:00,below_val,inside_90_only,in_week_va,neg,neg
short,2022-11-23 11:50:00-05:00,2022-11-23,2022-11-23 14:00:00-05:00,sl,11790.375,11851.160714285714,11790.5,11851.035714285714,11710.928571428572,19.035714285714285,0.7071823204419889,-432,16,-137,11801.75,11832.5,-60.785714285713766,-1215.7142857142753,-1220.2142857142753,11755.0,11850.0,11722.5,11835.489424771122,11653.587195068456,11884.845637453596,11604.275088876178,11022.5,11435.0,10805.0,11:00,in_va,inside_both,above_week_vah,pos,neg
short,2022-11-23 11:45:00-05:00,2022-11-23,2022-11-23 12:55:00-05:00,tp,11822.375,11749.875,11822.5,11877.75,11749.75,17.5,0.9607843137254902,-633,-25,1,11838.0,11858.75,72.5,1450.0,1445.5,11755.0,11852.5,11722.5,11833.602309937096,11655.472623508665,11885.681291648807,11603.44018145167,11022.5,11435.0,10805.0,11:00,in_va,inside_both,above_week_vah,neg,pos
short,2022-11-23 12:50:00-05:00,2022-11-23,2022-11-23 13:35:00-05:00,sl,11771.125,11817.892857142857,11771.25,11817.767857142857,11703.964285714286,20.767857142857142,0.7028985507246377,-364,-69,-1,11785.0,11789.5,-46.76785714285688,-935.3571428571377,-939.8571428571377,11755.0,11842.5,11725.0,11852.592359181417,11636.499544456652,11890.007286242171,11599.11805272296,11022.5,11435.0,10805.0,12:00,in_va,inside_both,above_week_vah,neg,neg
short,2022-11-28 10:20:00-05:00,2022-11-28,2022-11-28 14:05:00-05:00,tp,11705.125,11618.303571428572,11705.25,11767.785714285714,11618.178571428572,24.535714285714285,0.8109756097560976,-1064,-118,64,11732.25,11757.5,86.82142857142753,1736.4285714285506,1731.9285714285506,11752.5,11770.0,11692.5,11859.536925509488,11630.73025734511,11879.331297277855,11611.076533222242,11765.0,11857.5,11625.0,10:00,in_va,inside_both,in_week_va,neg,pos
short,2022-11-29 10:10:00-05:00,2022-11-29,2022-11-29 10:30:00-05:00,sl,11568.875,11626.767857142857,11569.0,11626.642857142857,11488.214285714286,23.142857142857142,0.7041420118343196,-833,-173,110,11571.75,11584.0,-57.89285714285688,-1157.8571428571377,-1162.3571428571377,11672.5,11697.5,11605.0,11686.245036408669,11558.763093206937,11709.691010208535,11535.320145149502,11765.0,11857.5,11625.0,10:00,below_val,inside_both,below_week_val,neg,pos
short,2022-11-29 13:25:00-05:00,2022-11-29,2022-11-29 13:55:00-05:00,sl,11480.125,11517.5,11480.25,11517.375,11424.5,18.625,0.8974358974358975,-411,-44,10,11490.0,11503.25,-37.375,-747.5,-752.0,11600.0,11702.5,11537.5,,,11777.55891022199,11467.461003602917,11765.0,11857.5,11625.0,13:00,below_val,inside_90_only,below_week_val,neg,pos
short,2022-11-29 14:20:00-05:00,2022-11-29,2022-11-29 16:55:00-05:00,eod,11516.875,11519.375,11517.0,11551.125,11466.25,16.625,0.7125,-393,-91,-7,11529.5,11535.75,-2.5,-50.0,-54.5,11515.0,11610.0,11465.0,,,11788.53041439792,11456.490915318087,11765.0,11857.5,11625.0,14:00,in_va,inside_90_only,below_week_val,neg,neg
short,2022-12-01 10:10:00-05:00,2022-12-01,2022-12-01 16:55:00-05:00,eod,12004.625,12036.625,12004.75,12107.357142857143,11868.535714285714,33.607142857142854,0.7151515151515152,-1896,-216,-222,12058.5,12067.25,-32.0,-640.0,-644.5,12065.0,12097.5,12025.0,12141.417836383604,11992.191509119903,12165.806355277902,11967.84438830769,11765.0,11857.5,11625.0,10:00,below_val,inside_both,above_week_vah,neg,neg
short,2022-12-01 12:00:00-05:00,2022-12-01,2022-12-01 13:05:00-05:00,sl,11993.375,12067.232142857143,11993.5,12067.107142857143,11888.785714285714,31.107142857142858,0.8,-384,-161,34,12009.75,12023.5,-73.85714285714312,-1477.1428571428623,-1481.6428571428623,12065.0,12095.0,12010.0,12161.981883587292,11971.662368181655,12217.316534843316,11916.421644254498,11765.0,11857.5,11625.0,12:00,below_val,inside_both,above_week_vah,neg,pos
short,2022-12-06 09:40:00-05:00,2022-12-06,2022-12-06 10:05:00-05:00,tp,11722.625,11640.625,11722.75,11786.625,11640.5,18.375,0.8907103825136612,-1932,-6,46,11740.5,11795.25,82.0,1640.0,1635.5,11822.5,11835.0,11795.0,11850.891144948808,11761.654749290983,11855.714114896551,11756.837699101503,11605.0,11790.0,11532.5,09:00,below_val,outside_both,in_week_va,neg,pos
short,2022-12-05 11:30:00-05:00,2022-12-05,2022-12-05 13:55:00-05:00,tp,11862.875,11788.732142857141,11863.0,11914.94642857143,11788.607142857141,22.446428571428573,0.9256198347107438,-534,-33,34,11878.75,11895.0,74.1428571428587,1482.857142857174,1478.357142857174,11925.0,11960.0,11877.5,12047.129837761573,11853.200033729385,12107.87332287436,11792.750656817325,11605.0,11790.0,11532.5,11:00,below_val,inside_both,above_week_vah,neg,pos
short,2022-12-06 12:15:00-05:00,2022-12-06,2022-12-06 16:55:00-05:00,eod,11576.875,11566.375,11577.0,11639.482142857143,11492.035714285714,22.482142857142858,0.874251497005988,-647,-92,16,11589.25,11611.5,10.5,210.0,205.5,11630.0,11772.5,11590.0,11881.252749540565,11731.330410815668,11949.470024834607,11663.196866041093,11605.0,11790.0,11532.5,12:00,below_val,outside_both,in_week_va,neg,pos
short,2022-12-07 13:55:00-05:00,2022-12-07,2022-12-07 16:55:00-05:00,eod,11506.875,11498.875,11507.0,11542.607142857143,11452.285714285714,19.107142857142858,0.7093023255813954,-302,-157,0,11507.75,11513.5,8.0,160.0,155.5,11485.0,11540.0,11467.5,,,11728.447144030539,11348.098678982427,11605.0,11790.0,11532.5,13:00,in_va,inside_90_only,below_week_val,neg,zero
short,2022-12-09 12:50:00-05:00,2022-12-09,2022-12-09 13:10:00-05:00,tp,11682.125,11635.053571428572,11682.25,11711.785714285714,11634.928571428572,17.785714285714285,0.7222222222222222,-278,-43,18,11688.5,11697.25,47.07142857142753,941.4285714285506,936.9285714285506,11695.0,11715.0,11612.5,11711.83893713434,11527.636997689953,11776.059671696146,11463.610791981035,11605.0,11790.0,11532.5,12:00,in_va,inside_both,in_week_va,neg,pos
short,2022-12-09 14:00:00-05:00,2022-12-09,2022-12-09 15:50:00-05:00,tp,11644.125,11586.982142857141,11644.25,11683.19642857143,11586.857142857141,18.446428571428573,0.7727272727272727,-320,-136,14,11653.75,11663.75,57.1428571428587,1142.857142857174,1138.357142857174,11695.0,11712.5,11615.0,,,11800.888444515826,11438.857227156535,11605.0,11790.0,11532.5,14:00,in_va,inside_90_only,in_week_va,neg,pos
short,2022-12-09 15:35:00-05:00,2022-12-09,2022-12-09 16:25:00-05:00,tp,11615.125,11560.089285714286,11615.25,11655.142857142857,11559.964285714286,15.392857142857142,0.8198198198198198,-353,-60,18,11628.75,11644.25,55.035714285713766,1100.7142857142753,1096.2142857142753,11657.5,11687.5,11590.0,,,11830.039422409332,11409.794549503269,11605.0,11790.0,11532.5,15:00,in_va,inside_90_only,in_week_va,neg,pos
short,2022-12-12 10:45:00-05:00,2022-12-12,2022-12-12 11:05:00-05:00,sl,11656.375,11705.857142857143,11656.5,11705.732142857143,11582.285714285714,24.982142857142858,0.7863247863247863,-480,-134,11,11670.75,11679.0,-49.48214285714312,-989.6428571428623,-994.1428571428623,11702.5,11715.0,11675.0,11761.95225332649,11485.121768312407,11800.833103293202,11446.707259115612,12050.0,12102.5,11622.5,10:00,below_val,inside_both,in_week_va,neg,pos
short,2022-12-13 11:45:00-05:00,2022-12-13,2022-12-13 12:30:00-05:00,tp,12015.625,11849.232142857141,12015.75,12139.57142857143,11849.107142857141,42.82142857142857,0.804177545691906,-724,-31,7,12065.5,12097.0,166.3928571428587,3327.857142857174,3323.357142857174,12272.5,12325.0,12105.0,12375.632288888475,11730.728634326979,12431.22111676902,11677.284014805093,12050.0,12102.5,11622.5,11:00,below_val,inside_both,in_week_va,neg,pos
short,2022-12-14 14:30:00-05:00,2022-12-14,2022-12-14 15:10:00-05:00,sl,11734.625,11945.44642857143,11734.75,11945.32142857143,11465.607142857141,58.57142857142857,0.9210950080515298,-992,-73,108,11815.75,11853.25,-210.82142857142935,-4216.428571428587,-4220.928571428587,12030.0,12047.5,11945.0,12133.522408627803,11749.036430721613,12125.417832650883,11757.12727443927,12050.0,12102.5,11622.5,14:00,below_val,outside_both,in_week_va,neg,pos
short,2022-12-16 12:50:00-05:00,2022-12-16,2022-12-16 14:15:00-05:00,sl,11296.625,11331.785714285714,11296.75,11331.660714285714,11240.678571428572,21.160714285714285,0.7096774193548387,-273,-124,202,11305.25,11323.0,-35.160714285713766,-703.2142857142753,-707.7142857142753,11340.0,11402.5,11300.0,11589.903557167505,11290.363308456255,11592.564003646325,11287.707973305927,12050.0,12102.5,11622.5,12:00,below_val,inside_both,below_week_val,neg,pos
short,2022-12-19 09:30:00-05:00,2022-12-19,2022-12-19 11:30:00-05:00,tp,11295.875,11204.125,11296.0,11373.5,11204.0,14.5,0.8083623693379791,-482,-152,134,11314.75,11319.25,91.75,1835.0,1830.5,11392.5,11402.5,11360.0,11362.424899930093,11311.600328764429,11359.525103812523,11314.491441328364,11630.0,11675.0,11470.0,09:00,below_val,outside_both,below_week_val,neg,pos
short,2022-12-19 09:45:00-05:00,2022-12-19,2022-12-19 11:40:00-05:00,tp,11270.625,11185.660714285714,11270.75,11334.607142857143,11185.535714285714,21.357142857142858,0.8756476683937824,-1110,-181,1,11285.25,11295.75,84.96428571428623,1699.2857142857247,1694.7857142857247,11352.5,11407.5,11335.0,11396.855408677726,11277.27292353075,11405.487883629981,11268.666298864595,11630.0,11675.0,11470.0,09:00,below_val,inside_90_only,below_week_val,neg,pos
short,2022-12-19 11:30:00-05:00,2022-12-19,2022-12-19 13:20:00-05:00,sl,11206.375,11250.714285714286,11206.5,11250.589285714286,11142.071428571428,20.339285714285715,0.7931034482758621,-329,-139,27,11212.75,11220.0,-44.339285714286234,-886.7857142857247,-891.2857142857247,11257.5,11315.0,11215.0,11452.382954107848,11221.911657521503,11475.277372944307,11199.085796923591,11630.0,11675.0,11470.0,11:00,below_val,inside_90_only,below_week_val,neg,pos
short,2022-12-19 14:00:00-05:00,2022-12-19,2022-12-19 16:55:00-05:00,eod,11165.625,11185.125,11165.75,11211.982142857143,11101.285714285714,18.232142857142858,0.8974358974358975,-678,-63,-5,11180.5,11197.25,-19.5,-390.0,-394.5,11220.0,11292.5,11192.5,11507.66510642406,11166.795049786828,11514.754942544914,11159.72644445936,11630.0,11675.0,11470.0,14:00,below_val,inside_90_only,below_week_val,neg,neg
short,2022-12-21 15:05:00-05:00,2022-12-21,2022-12-21 16:55:00-05:00,eod,11326.625,11355.625,11326.75,11364.67857142857,11270.892857142859,17.928571428571427,0.7653061224489796,-417,-107,23,11329.5,11342.75,-29.0,-580.0,-584.5,11335.0,11390.0,11252.5,11364.096613531143,11046.72356628,11389.819194371654,11021.05716580326,11630.0,11675.0,11470.0,15:00,in_va,inside_both,below_week_val,neg,pos
short,2022-12-28 10:25:00-05:00,2022-12-28,2022-12-28 12:00:00-05:00,tp,10900.875,10782.946428571428,10901.0,10982.214285714286,10782.821428571428,36.964285714285715,0.8317307692307693,-1080,-303,5,10927.25,10950.5,117.92857142857247,2358.5714285714494,2354.0714285714494,10940.0,10972.5,10917.5,10983.627394090707,10828.699734014182,11001.461308938837,10810.885022657572,11705.0,12327.5,11482.5,10:00,below_val,inside_both,below_week_val,neg,pos
short,2022-12-28 11:45:00-05:00,2022-12-28,2022-12-28 12:45:00-05:00,sl,10792.375,10839.214285714286,10792.5,10839.089285714286,10723.321428571428,22.589285714285715,0.9215686274509803,-398,-59,9,10800.75,10810.25,-46.839285714286234,-936.7857142857247,-941.2857142857247,10940.0,10977.5,10885.0,11018.19572329419,10794.1686278558,11037.896962861923,10774.488602507727,11705.0,12327.5,11482.5,11:00,below_val,inside_90_only,below_week_val,neg,pos
short,2022-12-28 12:10:00-05:00,2022-12-28,2022-12-28 12:30:00-05:00,sl,10775.125,10818.214285714286,10775.25,10818.089285714286,10712.821428571428,19.589285714285715,0.8061224489795918,-557,-69,29,10780.75,10783.0,-43.089285714286234,-861.7857142857247,-866.2857142857247,10940.0,10987.5,10880.0,11030.076611399438,10782.30053304557,11038.571726215894,10773.814565736364,11705.0,12327.5,11482.5,12:00,below_val,inside_90_only,below_week_val,neg,pos
short,2022-12-28 13:30:00-05:00,2022-12-28,2022-12-28 15:10:00-05:00,tp,10828.625,10769.732142857141,10828.75,10867.57142857143,10769.607142857141,20.321428571428573,0.9333333333333333,-523,-3,-21,10833.25,10842.75,58.8928571428587,1177.857142857174,1173.357142857174,10827.5,10927.5,10775.0,11042.329388558459,10770.060949630284,11056.592256712798,10755.813439677997,11705.0,12327.5,11482.5,13:00,in_va,inside_both,below_week_val,neg,neg
short,2022-12-28 15:10:00-05:00,2022-12-28,2022-12-28 16:55:00-05:00,eod,10764.375,10783.375,10764.5,10805.44642857143,10705.357142857141,18.196428571428573,0.8210526315789474,-299,-37,59,10780.25,10782.25,-19.0,-380.0,-384.5,10827.5,10917.5,10775.0,11042.538690474366,10769.85187308988,11081.580225859107,10730.852377481606,11705.0,12327.5,11482.5,15:00,below_val,inside_90_only,below_week_val,neg,pos
short,2022-12-30 09:45:00-05:00,2022-12-30,2022-12-30 10:45:00-05:00,sl,10864.625,10952.660714285714,10864.75,10952.535714285714,10754.678571428572,22.285714285714285,0.7959866220735786,-1082,-44,91,10885.25,10911.25,-88.03571428571377,-1760.7142857142753,-1765.2142857142753,10920.0,10975.0,10895.0,11078.153980272691,10863.863358499955,11081.047998337915,10861.000432106603,11705.0,12327.5,11482.5,09:00,below_val,inside_both,below_week_val,neg,pos
short,2022-12-30 11:10:00-05:00,2022-12-30,2022-12-30 15:45:00-05:00,sl,10920.375,10971.964285714286,10920.5,10971.839285714286,10844.321428571428,24.839285714285715,0.8360655737704918,-311,-71,35,10921.75,10931.25,-51.589285714286234,-1031.7857142857247,-1036.2857142857247,10920.0,10955.0,10885.0,11141.26473390146,10801.4306306468,11138.968575933832,10803.702120008884,11705.0,12327.5,11482.5,11:00,in_va,inside_both,below_week_val,neg,pos
short,2022-12-30 13:15:00-05:00,2022-12-30,2022-12-30 15:10:00-05:00,sl,10918.125,10952.375,10918.25,10952.25,10869.0,15.25,0.7701149425287356,-619,-122,20,10929.25,10936.0,-34.25,-685.0,-689.5,10935.0,10952.5,10897.5,11170.564273848637,10772.445868168685,11169.488427417156,10773.510156322547,11705.0,12327.5,11482.5,13:00,in_va,inside_both,below_week_val,neg,pos
short,2023-01-05 09:30:00-05:00,2023-01-05,2023-01-05 16:55:00-05:00,eod,10871.125,10837.375,10871.25,10949.089285714286,10769.071428571428,24.339285714285715,0.7263157894736842,-701,-239,17,10876.0,10903.75,33.75,675.0,670.5,10962.5,11005.0,10925.0,10991.596542270865,10915.196856153441,10989.09957742992,10917.680010536746,11220.0,11285.0,11075.0,09:00,below_val,outside_both,below_week_val,neg,pos
short,2023-01-04 11:00:00-05:00,2023-01-04,2023-01-04 11:30:00-05:00,sl,10945.625,11010.69642857143,10945.75,11010.57142857143,10841.357142857141,39.57142857142857,0.7264150943396226,-686,-113,142,10947.5,10959.25,-65.07142857142935,-1301.428571428587,-1305.928571428587,10980.0,11040.0,10950.0,11143.710879120394,10831.713080304871,11136.663589835503,10838.701288223116,11220.0,11285.0,11075.0,11:00,below_val,inside_both,below_week_val,neg,pos
short,2023-01-04 14:25:00-05:00,2023-01-04,2023-01-04 15:00:00-05:00,sl,10912.875,11014.285714285714,10913.0,11014.160714285714,10774.678571428572,37.160714285714285,0.8466898954703833,-547,58,-4,10941.0,10945.5,-101.41071428571377,-2028.2142857142753,-2032.7142857142753,10975.0,11042.5,10952.5,11178.171830519006,10797.541034331041,11193.84785589605,10781.99642984015,11220.0,11285.0,11075.0,14:00,below_val,inside_both,below_week_val,pos,neg
short,2023-01-05 12:15:00-05:00,2023-01-05,2023-01-05 13:20:00-05:00,sl,10838.125,10885.32142857143,10838.25,10885.19642857143,10770.357142857141,20.946428571428573,0.7142857142857143,-310,7,98,10841.75,10853.25,-47.19642857142935,-943.928571428587,-948.428571428587,10862.5,10912.5,10820.0,11101.165309259808,10806.234102829645,11115.347226276215,10792.130624548528,11220.0,11285.0,11075.0,12:00,in_va,inside_both,below_week_val,pos,pos
short,2023-01-06 12:20:00-05:00,2023-01-06,2023-01-06 13:30:00-05:00,sl,11011.875,11056.964285714286,11012.0,11056.839285714286,10945.071428571428,22.089285714285715,0.7407407407407407,-381,-84,147,11016.75,11027.0,-45.089285714286234,-901.7857142857247,-906.2857142857247,10910.0,10957.5,10790.0,11004.453414101357,10724.356508863288,11024.449682265724,10704.458927634356,11220.0,11285.0,11075.0,12:00,above_vah,inside_90_only,below_week_val,neg,pos
short,2023-01-09 12:35:00-05:00,2023-01-09,2023-01-09 13:40:00-05:00,tp,11342.875,11291.875,11343.0,11378.625,11291.75,15.625,0.8181818181818182,-666,-105,-32,11350.0,11358.0,51.0,1020.0,1015.5,11365.0,11385.0,11210.0,11314.455910137809,10994.976096185774,11336.230281345577,10973.378645693192,10917.5,11042.5,10882.5,12:00,in_va,outside_both,above_week_vah,neg,neg
short,2023-01-09 15:10:00-05:00,2023-01-09,2023-01-09 16:55:00-05:00,eod,11206.125,11184.875,11206.25,11256.767857142857,11133.714285714286,22.017857142857142,0.8571428571428571,-443,-28,30,11217.0,11231.25,21.25,425.0,420.5,11355.0,11382.5,11245.0,11344.983327451242,10964.696719674635,11374.250644267253,10935.667205115842,10917.5,11042.5,10882.5,15:00,below_val,inside_both,above_week_vah,neg,pos
short,2023-01-10 10:40:00-05:00,2023-01-10,2023-01-10 11:10:00-05:00,sl,11130.875,11222.5,11131.0,11222.375,10993.5,46.125,0.7376237623762376,-664,10,209,11142.0,11193.25,-91.625,-1832.5,-1837.0,11165.0,11222.5,11142.5,11292.937770243996,11034.968487057264,11287.63224193709,11040.254092505911,10917.5,11042.5,10882.5,10:00,below_val,inside_both,above_week_vah,pos,pos
short,2023-01-10 10:30:00-05:00,2023-01-10,2023-01-10 14:00:00-05:00,sl,11153.125,11258.80357142857,11153.25,11258.67857142857,10997.892857142859,49.92857142857143,0.8532818532818532,-638,-97,6,11182.25,11210.0,-105.67857142857065,-2113.571428571413,-2118.071428571413,11165.0,11225.0,11142.5,11273.689224952852,11054.14475188597,11278.363031787296,11049.48849572428,10917.5,11042.5,10882.5,10:00,in_va,inside_both,above_week_vah,neg,pos
short,2023-01-19 11:40:00-05:00,2023-01-19,2023-01-19 12:05:00-05:00,sl,11311.375,11353.19642857143,11311.5,11353.07142857143,11247.857142857141,22.071428571428573,0.7857142857142857,-896,-54,61,11320.5,11346.0,-41.82142857142935,-836.428571428587,-840.928571428587,11380.0,11422.5,11340.0,11587.53494732307,11302.402105221121,11618.033854044605,11272.10175217294,10872.5,11002.5,10817.5,11:00,below_val,inside_both,above_week_vah,neg,pos
short,2023-01-12 09:40:00-05:00,2023-01-12,2023-01-12 12:15:00-05:00,sl,11356.875,11518.089285714286,11357.0,11517.964285714286,11137.321428571428,58.714285714285715,0.9029126213592233,-857,-3,100,11370.5,11381.0,-161.21428571428623,-3224.2857142857247,-3228.7857142857247,11467.5,11507.5,11435.0,11539.722641850076,11425.84375656154,11535.200624421865,11430.359674057621,10917.5,11042.5,10882.5,09:00,below_val,outside_both,above_week_vah,neg,pos
short,2023-01-12 15:05:00-05:00,2023-01-12,2023-01-12 16:55:00-05:00,eod,11507.875,11521.625,11508.0,11554.75,11440.25,21.0,0.8245614035087719,-578,-18,13,11523.0,11548.0,-13.75,-275.0,-279.5,11467.5,11540.0,11420.0,11626.409420870412,11339.273912842089,11665.571591164908,11300.164569982391,10917.5,11042.5,10882.5,15:00,in_va,inside_both,above_week_vah,neg,pos
short,2023-01-18 11:20:00-05:00,2023-01-18,2023-01-18 16:55:00-05:00,eod,11552.875,11482.125,11553.0,11613.625,11460.75,31.625,0.8646616541353384,-806,-238,1,11554.75,11564.25,70.75,1415.0,1410.5,11705.0,11722.5,11622.5,11789.507949096751,11529.321866666198,11818.117964738014,11500.887376345352,10872.5,11002.5,10817.5,11:00,below_val,inside_both,above_week_vah,neg,pos
short,2023-01-18 10:35:00-05:00,2023-01-18,2023-01-18 11:25:00-05:00,tp,11655.375,11543.053571428572,11655.5,11733.285714285714,11542.928571428572,34.785714285714285,0.7905759162303665,-948,-106,83,11672.25,11694.75,112.32142857142753,2246.4285714285506,2241.9285714285506,11705.0,11725.0,11645.0,11783.975125079078,11534.820746252637,11795.631527383825,11523.235857147154,10872.5,11002.5,10817.5,10:00,in_va,inside_both,above_week_vah,neg,pos
short,2023-01-20 13:15:00-05:00,2023-01-20,2023-01-20 13:35:00-05:00,sl,11511.125,11561.107142857143,11511.25,11560.982142857143,11445.785714285714,15.732142857142858,0.8642857142857143,-580,-81,170,11513.25,11518.25,-49.98214285714312,-999.6428571428623,-1004.1428571428623,11535.0,11552.5,11427.5,11533.308836082388,11288.760617425705,11577.286898066257,11244.91627999756,10872.5,11002.5,10817.5,13:00,in_va,inside_both,above_week_vah,neg,pos
short,2023-01-23 12:05:00-05:00,2023-01-23,2023-01-23 13:20:00-05:00,sl,11910.125,11964.589285714286,11910.25,11964.464285714286,11834.071428571428,21.964285714285715,0.9477611940298507,-754,-108,-2,11923.75,11941.0,-54.464285714286234,-1089.2857142857247,-1093.7857142857247,11930.0,11957.5,11717.5,11793.445026091682,11588.254232323647,11845.620946028457,11536.194221725189,11467.5,11572.5,11275.0,12:00,in_va,outside_both,above_week_vah,neg,neg
short,2023-01-26 10:50:00-05:00,2023-01-26,2023-01-26 13:45:00-05:00,sl,11935.625,12046.267857142857,11935.75,12046.142857142857,11782.214285714286,43.142857142857146,0.8936170212765957,-1191,-121,100,11947.0,11975.75,-110.64285714285688,-2212.8571428571377,-2217.3571428571377,12017.5,12040.0,11945.0,12090.856697937883,11801.270807516761,12128.322100502077,11764.255105131044,11467.5,11572.5,11275.0,10:00,below_val,inside_both,above_week_vah,neg,pos
short,2023-02-02 09:55:00-05:00,2023-02-02,2023-02-02 10:20:00-05:00,sl,12672.875,12737.839285714286,12673.0,12737.714285714286,12577.321428571428,30.964285714285715,0.8618421052631579,-341,-107,-3,12679.25,12708.25,-64.96428571428623,-1299.2857142857247,-1303.7857142857247,12700.0,12742.5,12580.0,12731.613426274856,12452.86236156299,12750.036951387981,12434.690591446577,11622.5,11720.0,11450.0,09:00,in_va,inside_both,above_week_vah,neg,neg
short,2023-02-02 11:15:00-05:00,2023-02-02,2023-02-02 13:00:00-05:00,sl,12783.125,12848.05357142857,12783.25,12847.92857142857,12687.642857142859,30.928571428571427,0.9,-631,-29,-4,12792.25,12817.0,-64.92857142857065,-1298.571428571413,-1303.071428571413,12685.0,12747.5,12550.0,12767.516783593144,12417.449618801264,12804.69901915596,12380.775473494492,11622.5,11720.0,11450.0,11:00,above_vah,inside_90_only,above_week_vah,neg,neg
short,2023-02-02 14:30:00-05:00,2023-02-02,2023-02-02 15:55:00-05:00,sl,12777.875,12851.0,12778.0,12850.875,12680.0,25.125,0.7232142857142857,-1027,-61,151,12794.5,12803.5,-73.125,-1462.5,-1467.0,12805.0,12935.0,12677.5,12798.381258851883,12387.006902452382,12859.497688675208,12326.725620435725,11622.5,11720.0,11450.0,14:00,in_va,inside_both,above_week_vah,neg,pos
short,2023-02-02 12:45:00-05:00,2023-02-02,2023-02-02 13:00:00-05:00,sl,12816.125,12851.17857142857,12816.25,12851.05357142857,12760.892857142859,20.553571428571427,0.8333333333333334,-381,-24,23,12817.0,12835.0,-35.05357142857065,-701.071428571413,-705.571428571413,12805.0,12842.5,12660.0,12786.444594895938,12398.780453498252,12831.442077395373,12354.397855554798,11622.5,11720.0,11450.0,12:00,in_va,inside_90_only,above_week_vah,neg,pos
short,2023-02-02 14:20:00-05:00,2023-02-02,2023-02-02 14:45:00-05:00,tp,12818.625,12743.660714285714,12818.75,12871.982142857143,12743.535714285714,21.982142857142858,0.8571428571428571,-609,-44,58,12830.5,12837.75,74.96428571428623,1499.2857142857247,1494.7857142857247,12805.0,12935.0,12675.0,12805.190935250537,12380.290279367295,12860.003078076577,12326.22713711266,11622.5,11720.0,11450.0,14:00,in_va,inside_90_only,above_week_vah,neg,pos
short,2023-02-02 16:05:00-05:00,2023-02-02,2023-02-02 16:55:00-05:00,eod,12734.125,12670.375,12734.25,12908.94642857143,12507.107142857141,52.44642857142857,0.8433962264150944,-437,-105,129,12809.0,12846.25,63.75,1275.0,1270.5,12790.0,12857.5,12677.5,12827.550317083094,12358.236435485005,12885.021981364676,12301.550113778396,11622.5,11720.0,11450.0,16:00,in_va,inside_both,above_week_vah,neg,pos
short,2023-02-03 10:50:00-05:00,2023-02-03,2023-02-03 13:10:00-05:00,tp,12814.875,12681.946428571428,12815.0,12895.714285714286,12681.821428571428,52.464285714285715,0.9098360655737705,-695,-94,1,12820.75,12839.25,132.92857142857247,2658.5714285714494,2654.0714285714494,12637.5,12747.5,12595.0,12754.419657004015,12490.718079984,12784.069763353227,12461.292626677114,11622.5,11720.0,11450.0,10:00,above_vah,outside_both,above_week_vah,neg,pos
short,2023-02-03 11:45:00-05:00,2023-02-03,2023-02-03 13:10:00-05:00,tp,12798.625,12675.839285714286,12798.75,12886.392857142857,12675.714285714286,35.392857142857146,0.8325581395348837,-891,-2,-83,12805.0,12817.25,122.78571428571377,2455.7142857142753,2451.2142857142753,12822.5,12875.0,12650.0,12778.913590344113,12466.409732374304,12818.318591495494,12427.303295190528,11622.5,11720.0,11450.0,11:00,in_va,inside_90_only,above_week_vah,neg,neg
short,2023-02-09 12:45:00-05:00,2023-02-09,2023-02-09 13:30:00-05:00,sl,12504.375,12551.267857142857,12504.5,12551.142857142857,12433.964285714286,23.892857142857142,0.7657657657657657,-575,-212,50,12518.0,12522.25,-46.89285714285688,-937.8571428571377,-942.3571428571377,12687.5,12717.5,12602.5,12837.409310447427,12445.567417574437,12858.211635610538,12425.032428246592,11925.0,12125.0,11792.5,12:00,below_val,inside_both,above_week_vah,neg,pos
short,2023-02-09 15:00:00-05:00,2023-02-09,2023-02-09 16:55:00-05:00,eod,12426.125,12449.875,12426.25,12492.80357142857,12335.892857142859,23.803571428571427,0.9655172413793104,-1083,-40,5,12459.5,12479.5,-23.75,-475.0,-479.5,12687.5,12717.5,12570.0,12834.633387259888,12448.307666685248,12882.998229177974,12400.564373334944,11925.0,12125.0,11792.5,15:00,below_val,inside_90_only,above_week_vah,neg,pos
short,2023-02-10 11:55:00-05:00,2023-02-10,2023-02-10 13:15:00-05:00,sl,12282.375,12337.339285714286,12282.5,12337.214285714286,12200.571428571428,27.214285714285715,0.7230769230769231,-390,-44,125,12284.5,12306.0,-54.964285714286234,-1099.2857142857247,-1103.7857142857247,12330.0,12390.0,12302.5,12562.82154420395,12223.218371602497,12579.50250241666,12206.690827692513,11925.0,12125.0,11792.5,11:00,below_val,inside_both,above_week_vah,neg,pos
short,2023-02-10 14:25:00-05:00,2023-02-10,2023-02-10 14:50:00-05:00,sl,12290.875,12321.785714285714,12291.0,12321.660714285714,12242.428571428572,17.910714285714285,0.8064516129032258,-314,-169,1,12297.25,12307.75,-30.910714285713766,-618.2142857142753,-622.7142857142753,12330.0,12392.5,12295.0,12575.127985250047,12211.025112547994,12609.309152108835,12177.158308917808,11925.0,12125.0,11792.5,14:00,below_val,inside_both,above_week_vah,neg,pos
short,2023-02-13 14:30:00-05:00,2023-02-13,2023-02-13 15:35:00-05:00,sl,12505.125,12542.0,12505.25,12541.875,12452.5,16.125,0.7326732673267327,-376,41,26,12516.25,12529.0,-36.875,-737.5,-742.0,12540.0,12567.5,12420.0,12529.885710768483,12214.732991267165,12562.253262681785,12182.52203128378,12122.5,12665.0,11870.0,14:00,in_va,inside_both,in_week_va,pos,pos
short,2023-02-14 10:25:00-05:00,2023-02-14,2023-02-14 10:45:00-05:00,tp,12591.875,12448.053571428572,12592.0,12689.910714285714,12447.928571428572,46.160714285714285,0.7757847533632287,-1102,-113,69,12623.75,12640.75,143.82142857142753,2876.4285714285506,2871.9285714285506,12540.0,12597.5,12465.0,12621.936934873609,12397.498499353254,12632.357899016084,12387.1365139636,12122.5,12665.0,11870.0,10:00,in_va,inside_both,in_week_va,neg,pos
short,2023-02-14 16:00:00-05:00,2023-02-14,2023-02-14 16:55:00-05:00,eod,12610.125,12618.125,12610.25,12654.142857142857,12545.214285714286,21.142857142857142,0.845360824742268,-531,-93,43,12612.0,12618.75,-8.0,-160.0,-164.5,12520.0,12592.5,12437.5,12710.307947057156,12309.627633990358,12729.661271891733,12290.383841723598,12122.5,12665.0,11870.0,16:00,above_vah,inside_both,in_week_va,neg,pos
short,2023-02-15 09:50:00-05:00,2023-02-15,2023-02-15 11:45:00-05:00,sl,12556.125,12664.214285714286,12556.25,12664.089285714286,12415.821428571428,32.589285714285715,0.8125,-1305,-125,189,12564.25,12580.25,-108.08928571428623,-2161.7857142857247,-2166.2857142857247,12570.0,12597.5,12550.0,12666.414801534773,12505.083641831798,12686.747831923578,12484.854951569612,12122.5,12665.0,11870.0,09:00,in_va,inside_both,in_week_va,neg,pos
short,2023-02-15 10:40:00-05:00,2023-02-15,2023-02-15 11:40:00-05:00,sl,12563.875,12644.910714285714,12564.0,12644.785714285714,12441.178571428572,42.035714285714285,0.7215909090909091,-912,-127,37,12566.75,12580.75,-81.03571428571377,-1620.7142857142753,-1625.2142857142753,12595.0,12602.5,12555.0,12713.550847344939,12458.189477378914,12716.941405253907,12454.816318314819,12122.5,12665.0,11870.0,10:00,in_va,inside_both,in_week_va,neg,pos
short,2023-02-16 12:15:00-05:00,2023-02-16,2023-02-16 12:30:00-05:00,sl,12608.625,12678.339285714286,12608.75,12678.214285714286,12515.571428571428,23.714285714285715,0.893048128342246,-1027,-26,8,12619.75,12646.5,-69.71428571428623,-1394.2857142857247,-1398.7857142857247,12640.0,12670.0,12542.5,12859.766714418865,12413.701640997695,12878.315556537042,12395.478012938229,12122.5,12665.0,11870.0,12:00,in_va,inside_both,in_week_va,neg,pos
short,2023-02-16 15:00:00-05:00,2023-02-16,2023-02-16 15:20:00-05:00,tp,12623.125,12555.625,12623.25,12674.25,12555.5,16.75,0.7891156462585034,-564,-46,76,12648.0,12663.75,67.5,1350.0,1345.5,12657.5,12692.5,12560.0,12879.175440744835,12394.633204950907,12908.034244326693,12366.280378431262,12122.5,12665.0,11870.0,15:00,in_va,inside_both,in_week_va,neg,pos
short,2023-02-17 11:20:00-05:00,2023-02-17,2023-02-17 12:10:00-05:00,sl,12295.375,12347.017857142857,12295.5,12346.892857142857,12214.214285714286,29.892857142857142,0.8585858585858586,-540,-229,4,12296.25,12303.0,-51.64285714285688,-1032.8571428571377,-1037.3571428571377,12385.0,12405.0,12332.5,12563.829346188473,12292.52141304706,12577.26829228318,12279.165205475389,12122.5,12665.0,11870.0,11:00,below_val,inside_both,in_week_va,neg,pos
short,2023-02-21 11:05:00-05:00,2023-02-21,2023-02-21 14:15:00-05:00,tp,12173.375,12109.232142857141,12173.5,12213.82142857143,12109.107142857141,24.071428571428573,0.9253731343283582,-813,-39,20,12181.0,12186.75,64.1428571428587,1282.857142857174,1278.357142857174,12260.0,12287.5,12205.0,12487.294544844664,12127.247230239585,12491.529228877638,12123.065632561953,12550.0,12727.5,12472.5,11:00,below_val,inside_both,below_week_val,neg,pos
short,2023-02-21 13:30:00-05:00,2023-02-21,2023-02-21 15:55:00-05:00,tp,12135.125,12095.946428571428,12135.25,12161.214285714286,12095.821428571428,13.464285714285714,0.9215686274509803,-449,-110,2,12143.25,12151.75,39.17857142857247,783.5714285714494,779.0714285714494,12150.0,12250.0,12142.5,12494.489322374435,12120.14264704629,12523.519564343285,12091.476330633343,12550.0,12727.5,12472.5,13:00,below_val,inside_both,below_week_val,neg,pos
short,2023-02-22 10:00:00-05:00,2023-02-22,2023-02-22 12:40:00-05:00,sl,12093.875,12145.535714285714,12094.0,12145.410714285714,12022.928571428572,19.660714285714285,0.8507462686567164,-899,-78,-21,12115.5,12137.25,-51.660714285713766,-1033.2142857142753,-1037.7142857142753,12122.5,12152.5,12107.5,12176.615171460167,12055.175520377896,12184.361074534034,12047.435209321678,12550.0,12727.5,12472.5,10:00,below_val,inside_both,below_week_val,neg,neg
short,2023-02-22 11:10:00-05:00,2023-02-22,2023-02-22 12:35:00-05:00,sl,12086.625,12135.69642857143,12086.75,12135.57142857143,12012.607142857141,25.321428571428573,0.7207207207207207,-442,-141,97,12095.5,12103.5,-49.07142857142935,-981.428571428587,-985.928571428587,12122.5,12155.0,12080.0,12219.098862172754,12012.722500014002,12221.034284828685,12010.788474602205,12550.0,12727.5,12472.5,11:00,in_va,inside_both,below_week_val,neg,pos
short,2023-02-22 13:50:00-05:00,2023-02-22,2023-02-22 14:05:00-05:00,sl,12140.875,12175.482142857143,12141.0,12175.357142857143,12091.535714285714,15.107142857142858,0.7653061224489796,-238,-51,-2,12144.75,12153.5,-34.60714285714312,-692.1428571428623,-696.6428571428623,12100.0,12145.0,12080.0,12240.150317817815,11991.686242094804,12260.432067860818,11971.419134102327,12550.0,12727.5,12472.5,13:00,in_va,inside_both,below_week_val,neg,neg
short,2023-02-23 11:40:00-05:00,2023-02-23,2023-02-23 13:40:00-05:00,sl,12047.125,12102.232142857143,12047.25,12102.107142857143,11966.785714285714,25.607142857142858,0.7197452229299363,-1328,-201,11,12053.5,12063.0,-55.10714285714312,-1102.1428571428623,-1106.6428571428623,12200.0,12247.5,12167.5,12365.870019995262,12053.925721422374,12362.47820070201,12057.293733618364,12550.0,12727.5,12472.5,11:00,below_val,outside_both,below_week_val,neg,pos
short,2023-02-23 10:45:00-05:00,2023-02-23,2023-02-23 14:30:00-05:00,sl,12116.375,12203.07142857143,12116.5,12202.94642857143,11997.357142857141,32.69642857142857,0.8166666666666667,-1450,-4,27,12164.75,12189.75,-86.69642857142935,-1733.928571428587,-1738.428571428587,12200.0,12230.0,12172.5,12343.796714092301,12075.84409532716,12343.247824723849,12076.38913205446,12550.0,12727.5,12472.5,10:00,below_val,inside_both,below_week_val,neg,pos
short,2023-03-01 11:05:00-05:00,2023-03-01,2023-03-01 11:45:00-05:00,sl,11941.125,12009.05357142857,11941.25,12008.92857142857,11843.892857142859,29.678571428571427,0.8742138364779874,-1177,-132,63,11945.25,11962.25,-67.92857142857065,-1358.571428571413,-1363.071428571413,12025.0,12077.5,11977.5,12128.450532119245,11964.867659319543,12148.472951542091,11944.86309925687,12540.0,12672.5,12422.5,11:00,below_val,outside_both,below_week_val,neg,pos
short,2023-02-28 16:05:00-05:00,2023-02-28,2023-02-28 16:55:00-05:00,eod,12041.375,12041.375,12041.5,12065.160714285714,12000.678571428572,17.160714285714285,0.8620689655172413,-253,-14,1,12046.0,12056.75,0.0,0.0,-4.5,12090.0,12122.5,12062.5,12225.063983848091,11926.611808252934,12251.777597370052,11899.98598491224,12540.0,12672.5,12422.5,16:00,below_val,inside_both,below_week_val,neg,pos
short,2023-02-28 14:25:00-05:00,2023-02-28,2023-02-28 15:20:00-05:00,tp,12141.875,12101.732142857141,12142.0,12168.94642857143,12101.607142857141,13.446428571428571,0.8,-226,-49,31,12145.25,12158.5,40.1428571428587,802.857142857174,798.357142857174,12090.0,12120.0,12060.0,12209.559282670487,11942.065555615334,12238.248891097277,11913.470231173082,12540.0,12672.5,12422.5,14:00,above_vah,inside_both,below_week_val,neg,pos
short,2023-02-28 14:55:00-05:00,2023-02-28,2023-02-28 15:30:00-05:00,tp,12124.125,12083.267857142859,12124.25,12151.30357142857,12083.142857142859,14.053571428571429,0.75,-464,-141,-1,12129.0,12138.0,40.8571428571413,817.142857142826,812.642857142826,12090.0,12125.0,12060.0,12213.627923199365,11938.010286047642,12237.502128335967,11914.214539813456,12540.0,12672.5,12422.5,14:00,in_va,inside_both,below_week_val,neg,neg
short,2023-03-01 13:20:00-05:00,2023-03-01,2023-03-01 16:55:00-05:00,eod,11977.875,11985.375,11978.0,12005.30357142857,11935.392857142859,15.303571428571429,0.7666666666666667,-438,-126,-9,11983.0,11989.25,-7.5,-150.0,-154.5,12012.5,12067.5,11970.0,12154.551491843964,11938.789980819272,12178.133991373013,11915.22851612842,12540.0,12672.5,12422.5,13:00,in_va,inside_both,below_week_val,neg,neg
short,2023-03-09 15:15:00-05:00,2023-03-09,2023-03-09 16:55:00-05:00,eod,12000.375,12009.375,12000.5,12068.285714285714,11906.678571428572,26.035714285714285,0.9,-347,-38,137,12008.75,12017.5,-9.0,-180.0,-184.5,12300.0,12347.5,12167.5,12343.353005200468,12141.210428425467,12394.004454081993,12090.592068170343,12095.0,12247.5,12055.0,15:00,below_val,outside_both,below_week_val,neg,pos
short,2023-03-09 14:00:00-05:00,2023-03-09,2023-03-09 15:15:00-05:00,tp,12085.125,12005.910714285714,12085.25,12141.232142857143,12005.785714285714,23.482142857142858,0.9097744360902256,-994,-15,-19,12111.5,12123.25,79.21428571428623,1584.2857142857247,1579.7857142857247,12300.0,12347.5,12217.5,12338.514508964887,12146.04576385918,12380.588786025031,12103.998972291856,12095.0,12247.5,12055.0,14:00,below_val,outside_both,in_week_va,neg,neg
short,2023-03-07 13:45:00-05:00,2023-03-07,2023-03-07 16:55:00-05:00,eod,12173.875,12175.625,12174.0,12213.214285714286,12115.571428571428,19.214285714285715,0.7070707070707071,-647,-100,140,12182.25,12188.25,-1.75,-35.0,-39.5,12230.0,12300.0,12195.0,12419.689157684654,12225.834074355676,12455.88067607385,12189.651365797114,12095.0,12247.5,12055.0,13:00,below_val,outside_both,in_week_va,neg,pos
short,2023-03-03 15:15:00-05:00,2023-03-03,2023-03-03 16:00:00-05:00,sl,12292.375,12319.714285714286,12292.5,12319.589285714286,12253.571428571428,11.839285714285714,0.75,-776,-226,-65,12295.0,12304.5,-27.339285714286234,-546.7857142857247,-551.2857142857247,12195.0,12242.5,12080.0,12223.854545731274,11963.501116750607,12282.239595175573,11905.511812521752,12540.0,12672.5,12422.5,15:00,above_vah,outside_both,below_week_val,neg,neg
short,2023-03-06 12:30:00-05:00,2023-03-06,2023-03-06 12:45:00-05:00,tp,12434.625,12394.875,12434.75,12461.125,12394.75,13.625,0.8928571428571429,-577,-65,4,12444.75,12450.25,39.75,795.0,790.5,12457.5,12485.0,12365.0,12445.149790884752,12240.347725845182,12478.72041423917,12206.875554048853,12095.0,12247.5,12055.0,12:00,in_va,inside_both,above_week_vah,neg,pos
short,2023-03-07 13:40:00-05:00,2023-03-07,2023-03-07 16:55:00-05:00,eod,12191.375,12175.625,12191.5,12236.19642857143,12127.607142857141,19.196428571428573,0.8738738738738738,-1055,-88,27,12214.0,12223.25,15.75,315.0,310.5,12230.0,12300.0,12195.0,12419.633321050518,12225.88989739792,12457.112005316567,12188.420336287665,12095.0,12247.5,12055.0,13:00,below_val,inside_90_only,in_week_va,neg,pos
short,2023-03-08 11:30:00-05:00,2023-03-08,2023-03-08 11:45:00-05:00,sl,12178.875,12227.0,12179.0,12226.875,12107.25,23.875,0.8055555555555556,-681,-82,13,12182.0,12191.0,-48.125,-962.5,-967.0,12175.0,12200.0,12150.0,12268.159692445484,12092.656647555856,12286.647910030088,12074.183223276394,12095.0,12247.5,12055.0,11:00,in_va,inside_both,in_week_va,neg,pos
short,2023-03-08 12:25:00-05:00,2023-03-08,2023-03-08 15:45:00-05:00,sl,12192.375,12232.25,12192.5,12232.125,12131.75,21.125,0.7471264367816092,-341,-81,53,12198.0,12208.75,-39.875,-797.5,-802.0,12177.5,12207.5,12150.0,12268.49272805742,12092.323878421606,12302.069319341528,12058.774153370445,12095.0,12247.5,12055.0,12:00,in_va,inside_both,in_week_va,neg,pos
short,2023-03-09 12:45:00-05:00,2023-03-09,2023-03-09 13:30:00-05:00,tp,12221.625,12156.303571428572,12221.75,12265.785714285714,12156.178571428572,21.535714285714285,0.7798165137614679,-880,-364,10,12230.0,12246.0,65.32142857142753,1306.4285714285506,1301.9285714285506,12300.0,12345.0,12250.0,12318.95543293267,12165.592062705871,12362.76882915386,12121.807288076576,12095.0,12247.5,12055.0,12:00,below_val,inside_both,in_week_va,neg,pos
short,2023-03-09 12:00:00-05:00,2023-03-09,2023-03-09 13:20:00-05:00,tp,12253.125,12175.875,12253.25,12309.875,12175.75,20.875,0.7206703910614525,-522,28,15,12260.5,12278.0,77.25,1545.0,1540.5,12300.0,12347.5,12245.0,12331.830588466813,12152.72531801131,12356.044458627744,12128.527265832316,12095.0,12247.5,12055.0,12:00,in_va,inside_both,above_week_vah,pos,pos
short,2023-03-09 11:25:00-05:00,2023-03-09,2023-03-09 13:10:00-05:00,tp,12283.125,12212.625,12283.25,12334.125,12212.5,19.875,0.8955223880597015,-989,-148,-1,12292.0,12297.0,70.5,1410.0,1405.5,12320.0,12347.5,12232.5,12322.188707266847,12162.36090054437,12348.855441742464,12135.711586411784,12095.0,12247.5,12055.0,11:00,in_va,inside_both,above_week_vah,neg,neg
short,2023-03-09 10:50:00-05:00,2023-03-09,2023-03-09 12:00:00-05:00,tp,12327.375,12264.839285714286,12327.5,12365.392857142857,12264.714285714286,24.892857142857142,0.7230769230769231,-395,-257,88,12328.5,12339.25,62.535714285713766,1250.7142857142753,1246.2142857142753,12320.0,12347.5,12220.0,12305.556357811409,12178.982384731205,12334.881138219638,12149.676761064284,12095.0,12247.5,12055.0,10:00,in_va,inside_90_only,above_week_vah,neg,pos
short,2023-03-09 13:10:00-05:00,2023-03-09,2023-03-09 13:30:00-05:00,tp,12212.375,12150.339285714286,12212.5,12255.017857142857,12150.214285714286,19.767857142857142,0.7692307692307693,-309,-63,-23,12223.75,12233.0,62.035714285713766,1240.7142857142753,1236.2142857142753,12300.0,12347.5,12242.5,12330.466363470863,12154.088651812002,12369.726871809808,12114.85379083994,12095.0,12247.5,12055.0,13:00,below_val,inside_both,in_week_va,neg,neg
short,2023-03-10 09:30:00-05:00,2023-03-10,2023-03-10 11:30:00-05:00,sl,11961.875,12073.875,11962.0,12073.75,11804.0,46.25,0.8421052631578947,-1346,-37,306,12001.75,12014.75,-112.0,-2240.0,-2244.5,12005.0,12040.0,11930.0,12020.38991169175,12006.86182834214,12023.680242054977,12003.57389358473,12095.0,12247.5,12055.0,09:00,in_va,outside_both,below_week_val,neg,pos
short,2023-03-10 12:55:00-05:00,2023-03-10,2023-03-10 13:40:00-05:00,tp,11899.625,11814.732142857141,11899.75,11954.82142857143,11814.607142857141,30.071428571428573,0.7235772357723578,-605,-167,17,11910.0,11927.5,84.8928571428587,1697.857142857174,1693.357142857174,11995.0,12022.5,11920.0,12090.557810503335,11936.745016992249,12138.097731799606,11889.23970830301,12095.0,12247.5,12055.0,12:00,below_val,inside_90_only,below_week_val,neg,pos
short,2023-03-10 12:05:00-05:00,2023-03-10,2023-03-10 13:45:00-05:00,tp,11931.875,11804.553571428572,11932.0,12023.660714285714,11804.428571428572,35.910714285714285,0.7947598253275109,-771,-11,109,11968.5,11993.75,127.32142857142753,2546.4285714285506,2541.9285714285506,11995.0,12025.0,11915.0,12098.030597481533,11929.2776707601,12125.343367829151,11901.984786145593,12095.0,12247.5,12055.0,12:00,in_va,inside_both,below_week_val,neg,pos
short,2023-03-14 13:40:00-04:00,2023-03-14,2023-03-14 15:55:00-04:00,sl,12247.625,12323.285714285714,12247.75,12323.160714285714,12144.928571428572,27.410714285714285,0.7511961722488039,-442,-49,96,12248.75,12272.5,-75.66071428571377,-1513.2142857142753,-1517.7142857142753,12320.0,12355.0,12220.0,12329.00422974656,11953.08418293869,12339.206693822403,11942.994334376288,12090.0,12180.0,11955.0,13:00,in_va,inside_both,above_week_vah,neg,pos
short,2023-03-14 10:55:00-04:00,2023-03-14,2023-03-14 11:30:00-04:00,sl,12290.875,12350.285714285714,12291.0,12350.160714285714,12204.928571428572,26.910714285714285,0.8,-992,-45,-40,12304.25,12319.25,-59.410714285713766,-1188.2142857142753,-1192.7142857142753,12265.0,12327.5,12140.0,12283.714085648951,11997.874411251885,12299.090119944478,11982.668098700444,12090.0,12180.0,11955.0,10:00,in_va,inside_90_only,above_week_vah,neg,neg
short,2023-03-14 12:20:00-04:00,2023-03-14,2023-03-14 13:15:00-04:00,tp,12315.125,12268.089285714286,12315.25,12346.392857142857,12267.964285714286,16.142857142857142,0.8484848484848485,-344,-42,2,12318.25,12327.75,47.035714285713766,940.7142857142753,936.2142857142753,12265.0,12357.5,12185.0,12316.046535846113,11965.89884890581,12328.512406305119,11953.570577598519,12090.0,12180.0,11955.0,12:00,in_va,inside_both,above_week_vah,neg,pos
short,2023-03-16 12:05:00-04:00,2023-03-16,2023-03-16 12:50:00-04:00,sl,12614.625,12668.0,12614.75,12667.875,12531.5,30.125,0.77,-591,-59,46,12622.0,12634.5,-53.375,-1067.5,-1072.0,12407.5,12512.5,12315.0,12490.30701946798,12252.583306210083,12509.894023587553,12233.078459360404,12090.0,12180.0,11955.0,12:00,above_vah,outside_both,above_week_vah,neg,pos
short,2023-03-17 10:40:00-04:00,2023-03-17,2023-03-17 16:55:00-04:00,eod,12620.625,12648.625,12620.75,12705.82142857143,12491.607142857141,44.07142857142857,0.8156424581005587,-931,-106,16,12623.0,12632.0,-28.0,-560.0,-564.5,12725.0,12760.0,12695.0,12775.523500171139,12645.984054818458,12802.84003301014,12618.670745422736,12090.0,12180.0,11955.0,10:00,below_val,inside_90_only,above_week_vah,neg,pos
short,2023-03-20 12:05:00-04:00,2023-03-20,2023-03-20 13:05:00-04:00,sl,12593.125,12650.285714285714,12593.25,12650.160714285714,12512.928571428572,23.410714285714285,0.795774647887324,-750,-24,35,12611.5,12616.75,-57.160714285713766,-1143.2142857142753,-1147.7142857142753,12650.0,12667.5,12572.5,12769.808761832957,12501.935802615535,12767.00706091636,12504.731855164864,12165.0,12412.5,12075.0,12:00,in_va,inside_both,above_week_vah,neg,pos
short,2023-03-28 10:30:00-04:00,2023-03-28,2023-03-28 16:00:00-04:00,sl,12650.875,12739.125,12651.0,12739.0,12532.75,30.25,0.9148936170212766,-1287,-156,-38,12683.0,12692.25,-88.25,-1765.0,-1769.5,12705.0,12770.0,12675.0,12873.01774287422,12717.656529847885,12895.0051405855,12695.73433463484,12640.0,12805.0,12227.5,10:00,below_val,outside_both,in_week_va,neg,neg
short,2023-03-21 10:50:00-04:00,2023-03-21,2023-03-21 12:55:00-04:00,sl,12722.125,12788.82142857143,12722.25,12788.69642857143,12627.607142857141,28.196428571428573,0.9316770186335404,-786,-134,3,12733.5,12750.5,-66.69642857142935,-1333.928571428587,-1338.428571428587,12775.0,12815.0,12735.0,12857.702701461547,12619.026515233509,12868.586759477925,12608.20571557276,12165.0,12412.5,12075.0,10:00,below_val,inside_both,above_week_vah,neg,pos
short,2023-03-22 12:10:00-04:00,2023-03-22,2023-03-22 13:55:00-04:00,sl,12896.125,12928.69642857143,12896.25,12928.57142857143,12848.857142857141,15.071428571428571,0.7654320987654321,-397,-64,77,12901.75,12913.5,-32.57142857142935,-651.428571428587,-655.928571428587,12867.5,12915.0,12830.0,13004.918588349754,12743.868884299993,12995.83140908783,12752.953417067616,12165.0,12412.5,12075.0,12:00,in_va,inside_both,above_week_vah,neg,pos
short,2023-03-22 15:30:00-04:00,2023-03-22,2023-03-22 16:05:00-04:00,tp,12895.875,12683.267857142859,12896.0,13034.67857142857,12683.142857142859,74.17857142857143,0.7142857142857143,-850,-204,57,12910.75,12947.25,212.6071428571413,4252.142857142826,4247.642857142826,12880.0,12957.5,12850.0,13052.809253275973,12695.992166757016,13043.212257666226,12705.58636739668,12165.0,12412.5,12075.0,15:00,in_va,inside_both,above_week_vah,neg,pos
short,2023-03-23 14:25:00-04:00,2023-03-23,2023-03-23 15:50:00-04:00,sl,12813.625,12890.839285714286,12813.75,12890.714285714286,12707.821428571428,28.964285714285715,0.9076923076923077,-785,-14,18,12847.25,12868.75,-77.21428571428623,-1544.2857142857247,-1548.7857142857247,12930.0,13017.5,12875.0,13012.457901623762,12543.455949651328,13008.556238910272,12547.31011346634,12165.0,12412.5,12075.0,14:00,below_val,inside_both,above_week_vah,neg,pos
short,2023-03-23 11:25:00-04:00,2023-03-23,2023-03-23 13:55:00-04:00,tp,12976.375,12895.803571428572,12976.5,13032.785714285714,12895.678571428572,24.535714285714285,0.8541666666666666,-979,-46,-2,12986.0,12990.0,80.57142857142753,1611.4285714285506,1606.9285714285506,12930.0,12962.5,12797.5,12964.130545501726,12591.194967838817,12967.8179383432,12587.552465371293,12165.0,12412.5,12075.0,11:00,above_vah,outside_both,above_week_vah,neg,neg
short,2023-03-23 12:10:00-04:00,2023-03-23,2023-03-23 13:25:00-04:00,tp,12974.375,12900.125,12974.5,13024.5,12900.0,24.5,0.8067226890756303,-588,-93,10,12977.0,12987.75,74.25,1485.0,1480.5,12997.5,13030.0,12852.5,12983.20042348542,12572.357246826357,12974.553102200558,12580.899295496445,12165.0,12412.5,12075.0,12:00,in_va,inside_both,above_week_vah,neg,pos
short,2023-03-24 11:05:00-04:00,2023-03-24,2023-03-24 12:00:00-04:00,sl,12762.375,12854.642857142857,12762.5,12854.517857142857,12631.964285714286,38.517857142857146,0.8214285714285714,-1013,-79,73,12772.25,12784.5,-92.26785714285688,-1845.3571428571377,-1849.8571428571377,12800.0,12832.5,12772.5,12964.082011960407,12735.49347858511,12976.027144745853,12723.59079985482,12165.0,12412.5,12075.0,11:00,below_val,inside_both,above_week_vah,neg,pos
short,2023-03-27 11:50:00-04:00,2023-03-27,2023-03-27 14:35:00-04:00,sl,12799.375,12847.982142857143,12799.5,12847.857142857143,12729.035714285714,22.107142857142858,0.7946428571428571,-389,-126,64,12805.5,12819.25,-48.60714285714312,-972.1428571428623,-976.6428571428623,12937.5,12957.5,12887.5,13046.26750993923,12795.765943566006,13045.434175409002,12796.599052395753,12640.0,12805.0,12227.5,11:00,below_val,inside_both,in_week_va,neg,pos
short,2023-03-27 10:55:00-04:00,2023-03-27,2023-03-27 12:00:00-04:00,tp,12862.375,12773.839285714286,12862.5,12924.892857142857,12773.714285714286,26.392857142857142,0.725,-953,-115,140,12866.75,12883.0,88.53571428571377,1770.7142857142753,1766.2142857142753,12937.5,12950.0,12900.0,13013.352114592779,12828.672424100692,13020.49002830683,12821.536443620515,12640.0,12805.0,12227.5,10:00,below_val,inside_both,above_week_vah,neg,pos
short,2023-03-27 12:30:00-04:00,2023-03-27,2023-03-27 14:25:00-04:00,sl,12794.625,12838.857142857143,12794.75,12838.732142857143,12730.535714285714,20.232142857142858,0.8217821782178217,-382,-63,106,12795.5,12810.0,-44.23214285714312,-884.6428571428623,-889.1428571428623,12937.5,12957.5,12870.0,13039.611293540847,12802.420357193507,13048.671957570516,12793.362147155762,12640.0,12805.0,12227.5,12:00,below_val,inside_90_only,in_week_va,neg,pos
short,2023-03-30 15:45:00-04:00,2023-03-30,2023-03-30 16:25:00-04:00,sl,13072.375,13095.82142857143,13072.5,13095.69642857143,13037.857142857141,11.446428571428571,0.92,-276,-29,6,13077.75,13084.25,-23.44642857142935,-468.928571428587,-473.428571428587,13062.5,13090.0,13040.0,13216.228644773664,12809.982975684352,13232.147128926483,12794.19181747301,12640.0,12805.0,12227.5,15:00,in_va,inside_both,above_week_vah,neg,pos
short,2023-04-03 10:45:00-04:00,2023-04-03,2023-04-03 15:45:00-04:00,sl,13207.875,13264.767857142857,13208.0,13264.642857142857,13126.464285714286,24.892857142857142,0.7266666666666667,-796,-232,27,13215.25,13228.0,-56.89285714285688,-1137.8571428571377,-1142.3571428571377,13225.0,13247.5,13210.0,13378.716469897345,13140.05295713395,13402.943656889947,13116.003723817974,12880.0,12957.5,12720.0,10:00,below_val,inside_both,above_week_vah,neg,pos
short,2023-04-03 10:35:00-04:00,2023-04-03,2023-04-03 11:10:00-04:00,tp,13236.625,13159.517857142859,13236.75,13288.67857142857,13159.392857142859,25.428571428571427,0.8771929824561403,-921,-86,25,13249.25,13260.25,77.1071428571413,1542.142857142826,1537.642857142826,13225.0,13247.5,13207.5,13366.256533326938,13152.421372904859,13399.578136498274,13119.344523769436,12880.0,12957.5,12720.0,10:00,in_va,inside_both,above_week_vah,neg,pos
short,2023-04-04 10:15:00-04:00,2023-04-04,2023-04-04 11:15:00-04:00,tp,13288.125,13210.910714285714,13288.25,13343.107142857143,13210.785714285714,22.607142857142858,0.7142857142857143,-777,-381,166,13290.75,13301.25,77.21428571428623,1544.2857142857247,1539.7857142857247,13250.0,13305.0,13232.5,13321.90921096596,13224.655123090173,13363.69531347421,13182.941365214503,12880.0,12957.5,12720.0,10:00,in_va,inside_both,above_week_vah,neg,pos
short,2023-04-04 11:05:00-04:00,2023-04-04,2023-04-04 16:55:00-04:00,eod,13234.875,13231.375,13235.0,13292.142857142857,13149.214285714286,28.642857142857142,0.7142857142857143,-855,-168,112,13252.0,13264.75,3.5,70.0,65.5,13270.0,13307.5,13247.5,13367.270623023978,13179.372245628389,13391.448988837323,13155.23574002421,12880.0,12957.5,12720.0,11:00,below_val,inside_both,above_week_vah,neg,pos
short,2023-04-04 15:25:00-04:00,2023-04-04,2023-04-04 15:55:00-04:00,sl,13185.375,13223.464285714286,13185.5,13223.339285714286,13130.571428571428,17.089285714285715,0.7764705882352941,-272,-31,164,13187.5,13194.5,-38.089285714286234,-761.7857142857247,-766.2857142857247,13237.5,13277.5,13195.0,13411.76847335336,13134.95143480352,13441.962159592831,13104.810023148328,12880.0,12957.5,12720.0,15:00,below_val,inside_both,above_week_vah,neg,pos
short,2023-04-06 09:30:00-04:00,2023-04-06,2023-04-06 10:05:00-04:00,sl,12968.375,13028.964285714286,12968.5,13028.839285714286,12892.821428571428,15.339285714285714,0.946236559139785,-380,-62,23,13002.25,13007.5,-60.589285714286234,-1211.7857142857247,-1216.2857142857247,13027.5,13062.5,13020.0,13077.424299864624,13007.598301626434,13078.556336538968,13006.47146076012,12880.0,12957.5,12720.0,09:00,below_val,outside_both,above_week_vah,neg,pos
short,2023-04-06 14:55:00-04:00,2023-04-06,2023-04-06 16:55:00-04:00,eod,13168.125,13163.625,13168.25,13195.107142857143,13129.785714285714,11.607142857142858,0.8695652173913043,-593,-183,1,13175.25,13183.75,4.5,90.0,85.5,13027.5,13110.0,12955.0,13155.673756667307,12929.707993219863,13217.723710451404,12867.942835551814,12880.0,12957.5,12720.0,14:00,above_vah,inside_90_only,above_week_vah,neg,pos
short,2023-04-10 11:50:00-04:00,2023-04-10,2023-04-10 12:05:00-04:00,tp,13066.375,13022.696428571428,13066.5,13095.214285714286,13022.571428571428,15.214285714285714,0.8070175438596491,-510,-83,18,13074.0,13078.0,43.67857142857247,873.5714285714494,869.0714285714494,12982.5,13070.0,12975.0,13249.347590072111,12958.683376153522,13287.02044139998,12921.353239449161,12910.0,13062.5,12635.0,11:00,in_va,inside_both,above_week_vah,neg,pos
short,2023-04-11 10:10:00-04:00,2023-04-11,2023-04-11 14:30:00-04:00,sl,13084.125,13129.839285714286,13084.25,13129.714285714286,13018.321428571428,20.464285714285715,0.801980198019802,-971,-29,156,13096.75,13106.75,-45.714285714286234,-914.2857142857247,-918.7857142857247,13155.0,13172.5,13110.0,13203.693298615679,13121.57602614246,13239.585489638874,13085.702236478024,12910.0,13062.5,12635.0,10:00,below_val,outside_both,above_week_vah,neg,pos
short,2023-04-11 13:10:00-04:00,2023-04-11,2023-04-11 13:40:00-04:00,sl,13079.625,13110.69642857143,13079.75,13110.57142857143,13035.357142857141,13.571428571428571,0.8181818181818182,-662,-66,24,13089.0,13096.25,-31.07142857142935,-621.428571428587,-625.928571428587,13085.0,13127.5,13057.5,13258.329211144812,13066.9681245817,13299.50630065206,13025.812145917089,12910.0,13062.5,12635.0,13:00,in_va,inside_both,above_week_vah,neg,pos
short,2023-04-12 15:10:00-04:00,2023-04-12,2023-04-12 16:55:00-04:00,eod,12971.625,12957.625,12971.75,13026.392857142857,12889.964285714286,27.142857142857142,0.9316239316239316,-672,-128,4,12975.75,12992.25,14.0,280.0,275.5,13075.0,13120.0,13012.5,13256.025718989826,12982.794410843228,13307.204731498245,12931.910055946535,12910.0,13062.5,12635.0,15:00,below_val,inside_90_only,in_week_va,neg,pos
short,2023-04-12 14:25:00-04:00,2023-04-12,2023-04-12 16:55:00-04:00,eod,13019.375,12957.625,13019.5,13092.55357142857,12923.642857142859,22.803571428571427,0.8528138528138528,-1844,23,18,13043.0,13066.5,61.75,1235.0,1230.5,13075.0,13122.5,13035.0,13254.054633791015,12984.754147732865,13301.8204723747,12937.263315782355,12910.0,13062.5,12635.0,14:00,below_val,inside_both,in_week_va,pos,pos
short,2023-04-13 16:40:00-04:00,2023-04-13,2023-04-13 16:55:00-04:00,eod,13188.125,13180.625,13188.25,13206.464285714286,13162.071428571428,7.964285714285714,0.9090909090909091,-293,-40,15,13193.25,13206.0,7.5,150.0,145.5,13205.0,13227.5,13067.5,13143.746829518086,12842.128664314205,13181.111537268747,12804.96543960701,12910.0,13062.5,12635.0,16:00,in_va,outside_both,above_week_vah,neg,pos
short,2023-04-14 10:05:00-04:00,2023-04-14,2023-04-14 16:55:00-04:00,eod,13177.625,13199.625,13177.75,13276.160714285714,13052.928571428572,26.410714285714285,0.8715596330275229,-1586,-165,44,13213.25,13234.5,-22.0,-440.0,-444.5,13195.0,13215.0,13130.0,13226.67602066479,13093.218492885713,13249.850218388921,13070.116821670907,12910.0,13062.5,12635.0,10:00,in_va,inside_both,above_week_vah,neg,pos
short,2023-04-14 11:35:00-04:00,2023-04-14,2023-04-14 14:30:00-04:00,sl,13113.375,13165.69642857143,13113.5,13165.57142857143,13036.357142857141,25.071428571428573,0.8264462809917356,-767,-44,87,13121.25,13131.5,-52.32142857142935,-1046.428571428587,-1050.928571428587,13137.5,13192.5,13120.0,13258.646701456524,13061.34786828173,13297.422318901665,13022.693603912698,12910.0,13062.5,12635.0,11:00,below_val,inside_both,above_week_vah,neg,pos
short,2023-04-14 15:10:00-04:00,2023-04-14,2023-04-14 15:40:00-04:00,sl,13134.625,13176.214285714286,13134.75,13176.089285714286,13076.321428571428,17.089285714285715,0.875,-678,-37,-6,13147.25,13153.0,-41.589285714286234,-831.7857142857247,-836.2857142857247,13137.5,13177.5,13087.5,13298.067527659072,13022.050414415655,13325.404866184472,12994.79863146206,12910.0,13062.5,12635.0,15:00,in_va,inside_both,above_week_vah,neg,neg
short,2023-04-19 16:10:00-04:00,2023-04-19,2023-04-19 16:55:00-04:00,eod,13161.375,13168.375,13161.5,13191.964285714286,13116.071428571428,14.964285714285714,0.7011494252873564,-451,-112,3,13162.5,13180.75,-7.0,-140.0,-144.5,13200.0,13210.0,13115.0,13304.614282508055,12968.543221340069,13338.945775482776,12934.476627842876,13230.0,13320.0,13105.0,16:00,in_va,inside_both,in_week_va,neg,pos
short,2023-04-20 11:00:00-04:00,2023-04-20,2023-04-20 12:30:00-04:00,sl,13116.625,13151.964285714286,13116.75,13151.839285714286,13062.571428571428,19.089285714285715,0.7536231884057971,-783,-59,-6,13118.0,13122.0,-35.339285714286234,-706.7857142857247,-711.2857142857247,13137.5,13155.0,13080.0,13243.620683873996,12976.797554300574,13260.24221139059,12960.323393619934,13230.0,13320.0,13105.0,11:00,in_va,inside_both,in_week_va,neg,neg
short,2023-04-20 12:00:00-04:00,2023-04-20,2023-04-20 12:30:00-04:00,sl,13123.125,13156.660714285714,13123.25,13156.535714285714,13072.928571428572,17.035714285714285,0.8260869565217391,-482,-44,57,13132.0,13137.75,-33.535714285713766,-670.7142857142753,-675.2142857142753,13137.5,13150.0,13087.5,13254.71854330974,12965.798088735628,13283.156746925879,12937.612018870914,13230.0,13320.0,13105.0,12:00,in_va,inside_both,in_week_va,neg,pos
short,2023-04-20 13:55:00-04:00,2023-04-20,2023-04-20 14:20:00-04:00,tp,13170.375,13123.375,13170.5,13205.375,13123.25,12.375,0.8333333333333334,-675,-197,32,13175.0,13180.0,47.0,940.0,935.5,13137.5,13165.0,13080.0,13271.465751621201,12949.19936154887,13293.729084629103,12927.133415751012,13230.0,13320.0,13105.0,13:00,above_vah,inside_both,in_week_va,neg,pos
short,2023-04-21 11:45:00-04:00,2023-04-21,2023-04-21 14:00:00-04:00,sl,13051.125,13107.17857142857,13051.25,13107.05357142857,12973.142857142859,22.303571428571427,0.855072463768116,-1387,-43,-91,13054.75,13073.5,-56.05357142857065,-1121.071428571413,-1125.571428571413,13060.0,13075.0,13020.0,13184.04090942276,12964.697183195502,13204.823749905057,12943.967526209968,13230.0,13320.0,13105.0,11:00,in_va,inside_both,below_week_val,neg,neg
short,2023-04-24 10:35:00-04:00,2023-04-24,2023-04-24 16:55:00-04:00,eod,13031.125,13049.625,13031.25,13094.714285714286,12942.071428571428,25.714285714285715,0.8563218390804598,-384,10,24,13054.0,13079.0,-18.5,-370.0,-374.5,13080.0,13107.5,13050.0,13144.36191317634,13009.145755940062,13159.884215231508,12993.625234305699,13125.0,13177.5,13050.0,10:00,below_val,inside_both,below_week_val,pos,pos
short,2023-04-24 10:30:00-04:00,2023-04-24,2023-04-24 11:30:00-04:00,tp,13068.625,12993.517857142859,13068.75,13121.05357142857,12993.392857142859,23.053571428571427,0.85,-868,-16,28,13083.5,13094.0,75.1071428571413,1502.142857142826,1497.642857142826,13087.5,13107.5,13050.0,13135.419838193044,13018.086805260007,13151.078435380905,13002.430004126116,13125.0,13177.5,13050.0,10:00,in_va,inside_both,in_week_va,neg,pos
short,2023-04-25 11:50:00-04:00,2023-04-25,2023-04-25 13:15:00-04:00,tp,12922.625,12875.125,12922.75,12955.125,12875.0,15.375,0.8024691358024691,-1020,-196,-3,12930.0,12935.25,47.5,950.0,945.5,12950.0,12995.0,12930.0,13126.005736872512,12912.35188985259,13161.933329462314,12876.592241103392,13125.0,13177.5,13050.0,11:00,below_val,inside_both,below_week_val,neg,neg
short,2023-04-26 10:15:00-04:00,2023-04-26,2023-04-26 11:05:00-04:00,sl,12906.125,12971.642857142857,12906.25,12971.517857142857,12811.964285714286,29.017857142857142,0.9407894736842105,-1004,-158,5,12934.0,12943.25,-65.51785714285688,-1310.3571428571377,-1314.8571428571377,12947.5,12975.0,12922.5,13006.679078281531,12862.458178988858,13019.48716054846,12849.6812509152,13125.0,13177.5,13050.0,10:00,below_val,inside_both,below_week_val,neg,pos
short,2023-04-26 12:30:00-04:00,2023-04-26,2023-04-26 13:50:00-04:00,tp,12967.625,12910.339285714286,12967.75,13009.517857142857,12910.214285714286,15.767857142857142,0.8990825688073395,-902,-36,48,12968.25,12981.75,57.285714285713766,1145.7142857142753,1141.2142857142753,12980.0,12990.0,12927.5,13028.072882430126,12841.116412818732,13061.34942927673,12807.920807361344,13125.0,13177.5,13050.0,12:00,in_va,inside_both,below_week_val,neg,pos
short,2023-04-27 10:55:00-04:00,2023-04-27,2023-04-27 11:20:00-04:00,sl,13086.875,13125.44642857143,13087.0,13125.32142857143,13027.857142857141,20.821428571428573,0.8023255813953488,-367,-215,3,13101.25,13111.75,-38.57142857142935,-771.428571428587,-775.928571428587,13025.0,13072.5,12975.0,13104.33488760394,12897.306400261421,13129.245339275509,12872.549242207679,13125.0,13177.5,13050.0,10:00,above_vah,inside_both,in_week_va,neg,pos
short,2023-04-28 11:00:00-04:00,2023-04-28,2023-04-28 11:30:00-04:00,sl,13187.875,13238.714285714286,13188.0,13238.589285714286,13109.571428571428,27.839285714285715,0.7889908256880734,-570,-297,-7,13190.0,13208.75,-50.839285714286234,-1016.7857142857247,-1021.2857142857247,13205.0,13242.5,13177.5,13331.02863275489,13150.186007037475,13349.784338235584,13131.48758384262,13125.0,13177.5,13050.0,11:00,in_va,inside_both,above_week_vah,neg,neg
short,2023-04-28 10:55:00-04:00,2023-04-28,2023-04-28 13:10:00-04:00,sl,13209.125,13289.232142857143,13209.25,13289.107142857143,13102.035714285714,27.357142857142858,0.7683823529411765,-1599,-628,1,13231.75,13261.0,-80.10714285714312,-1602.1428571428623,-1606.6428571428623,13205.0,13242.5,13177.5,13329.571148794645,13151.63903965821,13350.944364447072,13130.331100497226,13125.0,13177.5,13050.0,10:00,in_va,inside_both,above_week_vah,neg,pos
short,2023-05-02 10:30:00-04:00,2023-05-02,2023-05-02 16:55:00-04:00,eod,13181.625,13169.375,13181.75,13235.67857142857,13103.392857142859,24.428571428571427,0.936,-1289,-82,2,13193.25,13204.75,12.25,245.0,240.5,13292.5,13315.0,13270.0,13350.177046732673,13239.616617556867,13367.929728798403,13221.879618367238,13180.0,13197.5,13077.5,10:00,below_val,outside_both,in_week_va,neg,pos
short,2023-05-02 10:20:00-04:00,2023-05-02,2023-05-02 11:00:00-04:00,tp,13201.125,13121.589285714286,13201.25,13259.517857142857,13121.464285714286,21.517857142857142,0.8666666666666667,-2065,-78,67,13206.0,13213.25,79.53571428571377,1590.7142857142753,1586.2142857142753,13292.5,13312.5,13277.5,13342.563602781769,13247.223335724157,13364.552477120138,13225.253886551547,13180.0,13197.5,13077.5,10:00,below_val,outside_both,above_week_vah,neg,pos
short,2023-05-01 14:30:00-04:00,2023-05-01,2023-05-01 16:55:00-04:00,eod,13293.875,13289.125,13294.0,13340.82142857143,13233.357142857141,13.821428571428571,0.8904109589041096,-960,-221,1,13308.5,13312.25,4.75,95.0,90.5,13300.0,13332.5,13280.0,13425.467356821679,13201.21971962209,13453.98127233314,13172.759298126935,13180.0,13197.5,13077.5,14:00,in_va,inside_both,above_week_vah,neg,pos
short,2023-05-01 14:15:00-04:00,2023-05-01,2023-05-01 14:30:00-04:00,tp,13331.125,13296.625,13331.25,13353.375,13296.5,12.625,0.875,-403,-33,1,13337.0,13348.25,34.5,690.0,685.5,13300.0,13332.5,13280.0,13428.5143800481,13198.17841281543,13447.846778326297,13178.88228341193,13180.0,13197.5,13077.5,14:00,in_va,inside_both,above_week_vah,neg,pos
short,2023-05-02 14:10:00-04:00,2023-05-02,2023-05-02 15:10:00-04:00,sl,13176.625,13215.05357142857,13176.75,13214.92857142857,13123.892857142859,14.678571428571429,0.7297297297297297,-462,-63,0,13186.75,13195.75,-38.42857142857065,-768.571428571413,-773.071428571413,13130.0,13265.0,13110.0,13393.419674595625,13196.412190613217,13422.216830675625,13167.640474195185,13180.0,13197.5,13077.5,14:00,in_va,inside_90_only,in_week_va,neg,zero
short,2023-05-02 16:40:00-04:00,2023-05-02,2023-05-02 16:55:00-04:00,eod,13165.375,13169.375,13165.5,13187.714285714286,13130.571428571428,12.714285714285714,0.875,-301,-44,18,13167.75,13177.75,-4.0,-80.0,-84.5,13182.5,13217.5,13120.0,13387.800316316432,13202.026584701684,13445.122070660402,13144.75546890167,13180.0,13197.5,13077.5,16:00,in_va,inside_90_only,in_week_va,neg,pos
short,2023-05-03 10:25:00-04:00,2023-05-03,2023-05-03 14:00:00-04:00,sl,13195.125,13240.357142857143,13195.25,13240.232142857143,13130.535714285714,19.732142857142858,0.9252336448598131,-534,-64,5,13197.5,13205.25,-45.23214285714312,-904.6428571428623,-909.1428571428623,13210.0,13225.0,13192.5,13251.710020628452,13116.658785577602,13266.308919708503,13102.092791812169,13180.0,13197.5,13077.5,10:00,in_va,inside_both,in_week_va,neg,pos
short,2023-05-03 16:45:00-04:00,2023-05-03,2023-05-03 16:55:00-04:00,eod,13085.375,13089.125,13085.5,13132.982142857143,13020.785714285714,17.232142857142858,0.9516129032258065,-386,-39,-2,13092.5,13099.75,-3.75,-75.0,-79.5,13200.0,13245.0,13177.5,13295.844833675244,13072.6234505737,13341.674631883232,13026.896950835046,13180.0,13197.5,13077.5,16:00,below_val,inside_both,in_week_va,neg,neg
short,2023-05-05 11:15:00-04:00,2023-05-05,2023-05-05 13:10:00-04:00,sl,13246.625,13280.92857142857,13246.75,13280.80357142857,13197.392857142859,15.303571428571429,0.7604166666666666,-690,-196,30,13247.25,13258.5,-34.30357142857065,-686.071428571413,-690.571428571413,13262.5,13277.5,13132.5,13206.239571844586,12979.983307717686,13232.871807735626,12953.539068849223,13180.0,13197.5,13077.5,11:00,in_va,outside_both,above_week_vah,neg,pos
short,2023-05-08 09:50:00-04:00,2023-05-08,2023-05-08 10:45:00-04:00,sl,13261.625,13290.714285714286,13261.75,13290.589285714286,13220.821428571428,12.089285714285714,0.855072463768116,-475,-14,18,13268.0,13271.5,-29.089285714286234,-581.7857142857247,-586.2857142857247,13295.0,13322.5,13290.0,13337.593187526702,13273.926149484045,13363.37720233758,13248.160537298212,12950.0,13117.5,12837.5,09:00,below_val,inside_90_only,above_week_vah,neg,pos
short,2023-05-08 11:25:00-04:00,2023-05-08,2023-05-08 11:50:00-04:00,sl,13288.875,13315.69642857143,13289.0,13315.57142857143,13248.857142857141,13.571428571428571,0.7258064516129032,-510,-160,32,13295.0,13301.25,-26.82142857142935,-536.428571428587,-540.928571428587,13277.5,13302.5,13265.0,13384.98446957566,13226.568691647508,13413.436190912123,13198.137276937596,12950.0,13117.5,12837.5,11:00,in_va,inside_both,above_week_vah,neg,pos
short,2023-05-08 14:05:00-04:00,2023-05-08,2023-05-08 14:35:00-04:00,sl,13299.625,13346.44642857143,13299.75,13346.32142857143,13240.607142857141,12.571428571428571,0.7486033519553073,-1199,-39,11,13307.25,13314.25,-46.82142857142935,-936.428571428587,-940.928571428587,13315.0,13322.5,13275.0,13405.286719685377,13206.280931705403,13432.316725394876,13179.27021791238,12950.0,13117.5,12837.5,14:00,in_va,inside_both,above_week_vah,neg,pos
short,2023-05-09 11:05:00-04:00,2023-05-09,2023-05-09 16:55:00-04:00,eod,13285.125,13261.375,13285.25,13311.07142857143,13245.357142857141,14.071428571428571,0.7076923076923077,-444,-280,6,13288.0,13293.0,23.75,475.0,470.5,13285.0,13300.0,13277.5,13402.972511274065,13214.305160438425,13427.206884409545,13190.171640819417,12950.0,13117.5,12837.5,11:00,in_va,inside_both,above_week_vah,neg,pos
short,2023-05-09 14:50:00-04:00,2023-05-09,2023-05-09 16:55:00-04:00,eod,13264.125,13261.375,13264.25,13296.017857142857,13223.464285714286,9.017857142857142,0.8910891089108911,-831,-100,1,13282.0,13286.25,2.75,55.0,50.5,13285.0,13297.5,13275.0,13434.344877698963,13183.06335292901,13463.44993723613,13154.07941670644,12950.0,13117.5,12837.5,14:00,below_val,inside_both,above_week_vah,neg,pos
short,2023-05-10 10:40:00-04:00,2023-05-10,2023-05-10 15:20:00-04:00,sl,13336.625,13427.910714285714,13336.75,13427.785714285714,13212.678571428572,33.035714285714285,0.8204081632653061,-875,-115,246,13339.5,13346.0,-91.28571428571377,-1825.7142857142753,-1830.2142857142753,13402.5,13432.5,13347.5,13431.804172080097,13196.460043616717,13443.028388591738,13185.324208415652,12950.0,13117.5,12837.5,10:00,below_val,inside_both,above_week_vah,neg,pos
short,2023-05-10 13:15:00-04:00,2023-05-10,2023-05-10 14:10:00-04:00,sl,13309.875,13350.92857142857,13310.0,13350.80357142857,13250.642857142859,18.553571428571427,0.85,-417,-55,13,13314.75,13336.5,-41.05357142857065,-821.071428571413,-825.571428571413,13340.0,13400.0,13317.5,13446.129650616904,13182.247366233241,13477.080785253189,13151.539945876715,12950.0,13117.5,12837.5,13:00,below_val,inside_both,above_week_vah,neg,pos
short,2023-05-11 09:30:00-04:00,2023-05-11,2023-05-11 12:20:00-04:00,sl,13381.875,13450.42857142857,13382.0,13450.30357142857,13296.642857142859,17.053571428571427,0.8302752293577982,-559,-85,40,13385.25,13395.5,-68.55357142857065,-1371.071428571413,-1375.571428571413,13432.5,13447.5,13417.5,13431.324395570835,13404.681218111644,13431.987686592121,13404.018840969513,12950.0,13117.5,12837.5,09:00,below_val,outside_both,above_week_vah,neg,pos
short,2023-05-10 16:20:00-04:00,2023-05-10,2023-05-10 16:55:00-04:00,eod,13410.375,13408.875,13410.5,13429.089285714286,13379.071428571428,12.839285714285714,0.76,-245,-12,40,13414.25,13415.75,1.5,30.0,25.5,13385.0,13440.0,13340.0,13471.245744637661,13157.329040431214,13510.611509953798,13118.273247568563,12950.0,13117.5,12837.5,16:00,in_va,inside_both,above_week_vah,neg,pos
short,2023-05-11 10:30:00-04:00,2023-05-11,2023-05-11 11:25:00-04:00,sl,13376.875,13431.25,13377.0,13431.125,13296.75,26.125,0.722972972972973,-847,-296,15,13377.75,13381.75,-54.375,-1087.5,-1092.0,13390.0,13430.0,13380.0,13480.972559876727,13355.101458806006,13494.723228065544,13341.369736221202,12950.0,13117.5,12837.5,10:00,below_val,inside_both,above_week_vah,neg,pos
short,2023-05-11 13:45:00-04:00,2023-05-11,2023-05-11 14:35:00-04:00,sl,13399.875,13446.55357142857,13400.0,13446.42857142857,13338.142857142859,15.428571428571429,0.8848920863309353,-1248,-274,6,13403.25,13418.5,-46.67857142857065,-933.571428571413,-938.071428571413,13440.0,13452.5,13397.5,13517.961121332619,13318.16386001089,13544.829261223123,13291.332738913361,12950.0,13117.5,12837.5,13:00,in_va,inside_both,above_week_vah,neg,pos
short,2023-05-12 10:30:00-04:00,2023-05-12,2023-05-12 12:45:00-04:00,tp,13391.375,13333.339285714286,13391.5,13429.017857142857,13333.214285714286,20.767857142857142,0.9295774647887324,-977,-82,6,13393.5,13399.75,58.035714285713766,1160.7142857142753,1156.2142857142753,13475.0,13490.0,13450.0,13520.372183975145,13394.709477434379,13535.745289008142,13379.360342939375,12950.0,13117.5,12837.5,10:00,below_val,inside_90_only,above_week_vah,neg,pos
short,2023-05-12 10:00:00-04:00,2023-05-12,2023-05-12 12:40:00-04:00,tp,13413.125,13337.982142857141,13413.25,13471.69642857143,13337.857142857141,16.946428571428573,0.7062146892655368,-555,-96,58,13417.0,13422.0,75.1428571428587,1502.857142857174,1498.357142857174,13475.0,13482.5,13460.0,13495.612282832775,13419.430771662288,13519.227872843894,13395.852004296716,12950.0,13117.5,12837.5,10:00,below_val,inside_90_only,above_week_vah,neg,pos
short,2023-05-12 09:45:00-04:00,2023-05-12,2023-05-12 10:35:00-04:00,tp,13443.875,13389.839285714286,13444.0,13486.392857142857,13389.714285714286,11.892857142857142,0.7746478873239436,-1119,-44,94,13460.75,13466.25,54.035714285713766,1080.7142857142753,1076.2142857142753,13475.0,13480.0,13462.5,13487.894527114111,13427.136493458314,13507.924154488432,13407.138097311707,12950.0,13117.5,12837.5,09:00,below_val,inside_both,above_week_vah,neg,pos
short,2023-05-12 10:25:00-04:00,2023-05-12,2023-05-12 12:35:00-04:00,tp,13407.625,13350.160714285714,13407.75,13445.607142857143,13350.035714285714,19.857142857142858,0.810126582278481,-503,-102,101,13409.25,13421.0,57.464285714286234,1149.2857142857247,1144.7857142857247,13475.0,13490.0,13452.5,13519.855499052252,13395.225356715502,13534.972232598591,13380.132193959515,12950.0,13117.5,12837.5,10:00,below_val,inside_both,above_week_vah,neg,pos
short,2023-05-16 15:50:00-04:00,2023-05-16,2023-05-16 16:55:00-04:00,eod,13489.125,13503.375,13489.25,13525.785714285714,13440.928571428572,11.785714285714286,0.7166666666666667,-1391,-365,43,13501.5,13508.25,-14.25,-285.0,-289.5,13537.5,13552.5,13482.5,13551.380678058877,13348.552663010283,13603.96305534907,13296.08061342051,13302.5,13352.5,13142.5,15:00,in_va,inside_both,above_week_vah,neg,pos
short,2023-05-16 13:25:00-04:00,2023-05-16,2023-05-16 15:50:00-04:00,tp,13528.375,13492.517857142859,13528.5,13552.17857142857,13492.392857142859,12.428571428571429,0.7049180327868853,-418,-141,6,13529.25,13539.75,35.8571428571413,717.142857142826,712.642857142826,13465.0,13525.0,13450.0,13538.461005721838,13361.445227448963,13572.07867819465,13327.89809116505,13302.5,13352.5,13142.5,13:00,above_vah,inside_both,above_week_vah,neg,pos
short,2023-05-16 14:00:00-04:00,2023-05-16,2023-05-16 16:00:00-04:00,tp,13525.375,13477.803571428572,13525.5,13560.910714285714,13477.678571428572,12.410714285714286,0.8020833333333334,-930,-38,-2,13536.25,13540.75,47.57142857142753,951.4285714285506,946.9285714285506,13540.0,13552.5,13475.0,13544.437086865884,13355.481685245224,13584.612788509046,13315.390279767496,13302.5,13352.5,13142.5,14:00,in_va,inside_both,above_week_vah,neg,neg
short,2023-05-16 15:05:00-04:00,2023-05-16,2023-05-16 15:50:00-04:00,tp,13528.125,13493.910714285714,13528.25,13550.732142857143,13493.785714285714,11.982142857142858,0.9090909090909091,-421,-41,-8,13531.5,13535.75,34.214285714286234,684.2857142857247,679.7857142857247,13540.0,13552.5,13480.0,13547.645391380183,13352.280112356188,13593.24107815651,13306.780093891759,13302.5,13352.5,13142.5,15:00,in_va,inside_both,above_week_vah,neg,neg
short,2023-05-16 15:45:00-04:00,2023-05-16,2023-05-16 16:00:00-04:00,tp,13510.625,13477.625,13510.75,13533.5,13477.5,10.5,0.8275862068965517,-232,-66,5,13518.25,13525.75,33.0,660.0,655.5,13537.5,13552.5,13482.5,13548.843847035561,13351.084171285796,13604.350694232335,13295.693787876404,13302.5,13352.5,13142.5,15:00,in_va,inside_both,above_week_vah,neg,pos
short,2023-05-24 10:05:00-04:00,2023-05-24,2023-05-24 13:40:00-04:00,sl,13605.125,13636.107142857143,13605.25,13635.982142857143,13556.285714285714,18.232142857142858,0.7619047619047619,-530,-350,14,13614.75,13622.25,-30.982142857143117,-619.6428571428623,-624.1428571428623,13637.5,13697.5,13622.5,13774.949841971118,13601.07595390494,13787.6188069791,13588.489786560167,13285.0,13400.0,13257.5,10:00,below_val,inside_both,above_week_vah,neg,pos
short,2023-05-24 10:00:00-04:00,2023-05-24,2023-05-24 15:20:00-04:00,sl,13616.625,13667.964285714286,13616.75,13667.839285714286,13548.071428571428,17.589285714285715,0.7361111111111112,-1103,-211,262,13626.5,13634.75,-51.339285714286234,-1026.7857142857247,-1031.2857142857247,13637.5,13700.0,13627.5,13773.847845208602,13602.170748598715,13783.35595129543,13592.724782470841,13285.0,13400.0,13257.5,10:00,below_val,inside_both,above_week_vah,neg,pos
short,2023-05-18 13:50:00-04:00,2023-05-18,2023-05-18 14:45:00-04:00,sl,13780.125,13811.642857142857,13780.25,13811.517857142857,13730.464285714286,18.517857142857142,0.8,-303,-115,13,13782.0,13792.5,-31.517857142856883,-630.3571428571377,-634.8571428571377,13815.0,13855.0,13707.5,13742.291566019672,13552.29273612137,13772.972791994092,13521.640722336839,13302.5,13352.5,13142.5,13:00,in_va,outside_both,above_week_vah,neg,pos
short,2023-05-19 12:30:00-04:00,2023-05-19,2023-05-19 13:20:00-04:00,sl,13823.625,13872.910714285714,13823.75,13872.785714285714,13749.428571428572,25.285714285714285,0.9494949494949495,-805,-58,6,13832.0,13837.0,-49.285714285713766,-985.7142857142753,-990.2142857142753,13895.0,13915.0,13862.5,13978.228480173757,13832.340023902614,14017.015992634313,13793.59293688182,13302.5,13352.5,13142.5,12:00,below_val,inside_90_only,above_week_vah,neg,pos
short,2023-05-19 09:45:00-04:00,2023-05-19,2023-05-19 11:35:00-04:00,tp,13887.375,13829.732142857141,13887.5,13929.82142857143,13829.607142857141,15.571428571428571,0.9099099099099099,-1136,-64,42,13888.75,13902.25,57.6428571428587,1152.857142857174,1148.357142857174,13900.0,13922.5,13892.5,13942.071203583002,13868.459616359636,13954.339537220987,13856.204069125082,13302.5,13352.5,13142.5,09:00,below_val,inside_both,above_week_vah,neg,pos
short,2023-05-19 13:55:00-04:00,2023-05-19,2023-05-19 16:55:00-04:00,eod,13839.375,13841.125,13839.5,13868.464285714286,13795.821428571428,14.714285714285714,0.8225806451612904,-569,-67,38,13841.25,13850.25,-1.75,-35.0,-39.5,13895.0,13912.5,13855.0,13998.674632263197,13811.915181369712,14031.391587110089,13779.232325056173,13302.5,13352.5,13142.5,13:00,below_val,inside_both,above_week_vah,neg,pos
short,2023-05-23 12:25:00-04:00,2023-05-23,2023-05-23 12:35:00-04:00,tp,13835.125,13797.017857142859,13835.25,13860.80357142857,13796.892857142859,12.803571428571429,0.746268656716418,-601,-283,10,13839.5,13864.25,38.1071428571413,762.142857142826,757.642857142826,13857.5,13872.5,13842.5,13979.821245637153,13767.069336465995,14020.057332993074,13727.07757733267,13285.0,13400.0,13257.5,12:00,below_val,inside_both,above_week_vah,neg,pos
short,2023-05-23 12:30:00-04:00,2023-05-23,2023-05-23 12:40:00-04:00,tp,13825.375,13787.839285714286,13825.5,13850.892857142857,13787.714285714286,12.392857142857142,0.7017543859649122,-427,-52,50,13832.5,13843.5,37.535714285713766,750.7142857142753,746.2142857142753,13857.5,13872.5,13842.5,13981.299989017609,13765.5995725556,14020.644099704708,13726.494373682885,13285.0,13400.0,13257.5,12:00,below_val,inside_both,above_week_vah,neg,pos
short,2023-05-24 10:20:00-04:00,2023-05-24,2023-05-24 15:15:00-04:00,sl,13597.125,13648.589285714286,13597.25,13648.464285714286,13524.321428571428,21.714285714285715,0.75,-1269,-22,-51,13601.5,13605.0,-51.464285714286234,-1029.2857142857247,-1033.7857142857247,13637.5,13687.5,13607.5,13775.767682992946,13600.263457860025,13795.134544460892,13581.023167968546,13285.0,13400.0,13257.5,10:00,below_val,inside_90_only,above_week_vah,neg,neg
short,2023-05-24 10:50:00-04:00,2023-05-24,2023-05-24 11:20:00-04:00,sl,13573.875,13611.42857142857,13574.0,13611.30357142857,13514.892857142859,21.803571428571427,0.7012987012987013,-306,-246,62,13580.0,13597.25,-37.55357142857065,-751.071428571413,-755.571428571413,13637.5,13675.0,13590.0,13782.241928666966,13593.831524435862,13814.591479787268,13561.693392893796,13285.0,13400.0,13257.5,10:00,below_val,inside_90_only,above_week_vah,neg,pos
short,2023-05-25 09:30:00-04:00,2023-05-25,2023-05-25 11:15:00-04:00,sl,13895.875,13984.05357142857,13896.0,13983.92857142857,13789.892857142859,18.178571428571427,0.746031746031746,-1047,-122,-95,13923.25,13930.75,-88.17857142857065,-1763.571428571413,-1768.071428571413,13832.5,13920.0,13815.0,13957.298873877677,13839.721674560042,13959.233975373767,13837.80217340923,13285.0,13400.0,13257.5,09:00,in_va,inside_both,above_week_vah,neg,neg
short,2023-05-25 11:30:00-04:00,2023-05-25,2023-05-25 12:20:00-04:00,sl,13947.625,13988.982142857143,13947.75,13988.857142857143,13885.285714285714,21.357142857142858,0.7529411764705882,-752,-54,-26,13953.25,13963.0,-41.35714285714312,-827.1428571428623,-831.6428571428623,13887.5,13940.0,13855.0,14021.005211989312,13776.528922362702,14058.344117914074,13739.491034149944,13285.0,13400.0,13257.5,11:00,above_vah,inside_both,above_week_vah,neg,neg
short,2023-05-30 09:50:00-04:00,2023-05-30,2023-05-30 16:55:00-04:00,eod,14439.375,14402.875,14439.5,14543.464285714286,14308.821428571428,26.714285714285715,0.9053627760252366,-2074,-36,138,14469.0,14472.25,36.5,730.0,725.5,14520.0,14540.0,14487.5,14562.189457932973,14315.573984184182,14563.586077837877,14314.191104285577,13850.0,13955.0,13515.0,09:00,below_val,inside_both,above_week_vah,neg,pos
short,2023-05-30 11:15:00-04:00,2023-05-30,2023-05-30 13:50:00-04:00,tp,14440.875,14355.303571428572,14441.0,14498.535714285714,14355.178571428572,28.285714285714285,0.8208955223880597,-769,-251,22,14456.5,14467.25,85.57142857142753,1711.4285714285506,1706.9285714285506,14437.5,14515.0,14415.0,14597.943740568908,14280.171453708572,14611.336413338708,14266.910538625738,13850.0,13955.0,13515.0,11:00,in_va,inside_both,above_week_vah,neg,pos
short,2023-05-30 15:50:00-04:00,2023-05-30,2023-05-30 16:55:00-04:00,eod,14375.625,14402.875,14375.75,14422.25,14311.75,17.5,0.859375,-742,-159,-10,14398.75,14429.5,-27.25,-545.0,-549.5,14437.5,14482.5,14377.5,14636.25583510949,14242.236275191119,14654.36230607986,14224.307936455833,13850.0,13955.0,13515.0,15:00,below_val,inside_both,above_week_vah,neg,neg
short,2023-05-31 12:25:00-04:00,2023-05-31,2023-05-31 13:20:00-04:00,sl,14264.625,14301.589285714286,14264.75,14301.464285714286,14208.821428571428,19.214285714285715,0.8888888888888888,-523,-4,63,14280.5,14291.25,-36.964285714286234,-739.2857142857247,-743.7857142857247,14295.0,14362.5,14257.5,14501.021777154645,14232.224605257601,14507.317786758655,14225.960397545505,13850.0,13955.0,13515.0,12:00,in_va,inside_both,above_week_vah,neg,pos
short,2023-05-31 14:30:00-04:00,2023-05-31,2023-05-31 16:55:00-04:00,eod,14333.625,14288.875,14333.75,14369.92857142857,14278.892857142859,18.678571428571427,0.8157894736842105,-258,-28,0,14337.0,14349.25,44.75,895.0,890.5,14342.5,14405.0,14297.5,14523.46634586289,14209.8934067303,14534.372728383272,14199.042113642721,13850.0,13955.0,13515.0,14:00,in_va,inside_both,above_week_vah,neg,zero
short,2023-06-07 10:40:00-04:00,2023-06-07,2023-06-07 12:25:00-04:00,tp,14485.875,14384.196428571428,14486.0,14556.214285714286,14384.071428571428,31.714285714285715,0.91875,-555,-47,12,14502.75,14518.75,101.67857142857247,2033.5714285714494,2029.0714285714494,14660.0,14672.5,14580.0,14669.789636090061,14516.971971137402,14667.807991590525,14518.95331013143,13857.5,14047.5,13662.5,10:00,below_val,outside_both,above_week_vah,neg,pos
short,2023-06-02 14:10:00-04:00,2023-06-02,2023-06-02 14:30:00-04:00,sl,14556.375,14584.857142857143,14556.5,14584.732142857143,14513.535714285714,14.732142857142858,0.8421052631578947,-413,-21,30,14560.0,14575.25,-28.482142857143117,-569.6428571428623,-574.1428571428623,14585.0,14602.5,14517.5,14663.056804955133,14377.326260482814,14668.33026124473,14372.069665329307,13850.0,13955.0,13515.0,14:00,in_va,inside_both,above_week_vah,neg,pos
short,2023-06-05 14:30:00-04:00,2023-06-05,2023-06-05 16:55:00-04:00,eod,14552.625,14582.375,14552.75,14642.82142857143,14438.357142857141,24.321428571428573,0.8581081081081081,-1894,-232,33,14579.25,14588.25,-29.75,-595.0,-599.5,14620.0,14677.5,14592.5,14713.59176911053,14443.072135097664,14719.898479597781,14436.773638865476,13857.5,14047.5,13662.5,14:00,below_val,inside_both,above_week_vah,neg,pos
short,2023-06-05 13:25:00-04:00,2023-06-05,2023-06-05 14:30:00-04:00,tp,14652.625,14600.232142857141,14652.75,14692.19642857143,14600.107142857141,13.196428571428571,0.7391304347826086,-1166,-279,-21,14669.25,14675.0,52.3928571428587,1047.857142857174,1043.357142857174,14675.0,14692.5,14600.0,14704.109655243308,14452.541898865422,14702.466480738609,14454.18293319665,13857.5,14047.5,13662.5,13:00,in_va,inside_both,above_week_vah,neg,neg
short,2023-06-06 09:30:00-04:00,2023-06-06,2023-06-06 10:10:00-04:00,sl,14518.875,14572.92857142857,14519.0,14572.80357142857,14453.892857142859,11.303571428571429,0.9230769230769231,-1205,-185,1,14544.5,14552.5,-54.05357142857065,-1081.071428571413,-1085.571428571413,14577.5,14592.5,14570.0,14585.851641113552,14557.403607381959,14586.867525785303,14556.389203109275,13857.5,14047.5,13662.5,09:00,below_val,outside_both,above_week_vah,neg,pos
short,2023-06-06 11:20:00-04:00,2023-06-06,2023-06-06 11:55:00-04:00,sl,14566.875,14613.892857142857,14567.0,14613.767857142857,14503.214285714286,17.017857142857142,0.9508196721311475,-1245,-31,53,14580.5,14589.5,-47.01785714285688,-940.3571428571377,-944.8571428571377,14590.0,14600.0,14545.0,14665.19472041419,14478.17615087171,14678.449043515804,14464.941142647149,13857.5,14047.5,13662.5,11:00,in_va,inside_both,above_week_vah,neg,pos
short,2023-06-07 14:30:00-04:00,2023-06-07,2023-06-07 16:55:00-04:00,eod,14353.625,14316.125,14353.75,14408.17857142857,14277.892857142859,21.428571428571427,0.9323308270676691,-1052,-7,11,14369.75,14392.75,37.5,750.0,745.5,14660.0,14675.0,14445.0,14711.933201711481,14474.834902691127,14721.390464879567,14465.37909752723,13857.5,14047.5,13662.5,14:00,below_val,outside_both,above_week_vah,neg,pos
short,2023-06-08 12:45:00-04:00,2023-06-08,2023-06-08 16:30:00-04:00,sl,14473.625,14512.142857142857,14473.75,14512.017857142857,14416.964285714286,18.517857142857142,0.8351648351648352,-693,-157,19,14482.5,14487.25,-38.51785714285688,-770.3571428571377,-774.8571428571377,14360.0,14435.0,14262.5,14458.808930538356,14195.376436770322,14446.87622102499,14207.2908369233,13857.5,14047.5,13662.5,12:00,above_vah,outside_both,above_week_vah,neg,pos
short,2023-06-09 11:25:00-04:00,2023-06-09,2023-06-09 16:55:00-04:00,eod,14551.375,14566.375,14551.5,14632.875,14441.75,28.375,0.9330357142857143,-1212,-101,6,14556.75,14561.5,-15.0,-300.0,-304.5,14655.0,14682.5,14575.0,14655.855174027662,14427.406556845903,14659.871161851745,14423.401738524584,13857.5,14047.5,13662.5,11:00,below_val,inside_both,above_week_vah,neg,pos
short,2023-06-09 10:40:00-04:00,2023-06-09,2023-06-09 12:00:00-04:00,tp,14607.875,14518.339285714286,14608.0,14670.892857142857,14518.214285714286,26.892857142857142,0.7064676616915423,-1560,-362,2,14643.25,14648.75,89.53571428571377,1790.7142857142753,1786.2142857142753,14655.0,14687.5,14557.5,14638.089248813198,14445.123070418827,14635.50950092397,14447.69564336071,13857.5,14047.5,13662.5,10:00,in_va,inside_both,above_week_vah,neg,pos
short,2023-06-09 14:35:00-04:00,2023-06-09,2023-06-09 16:55:00-04:00,eod,14568.375,14566.375,14568.5,14605.57142857143,14514.357142857141,17.071428571428573,0.7849462365591398,-427,-79,58,14579.25,14587.0,2.0,40.0,35.5,14600.0,14625.0,14505.0,14700.98951736954,14382.397743808095,14690.857652103297,14392.501429731661,13857.5,14047.5,13662.5,14:00,in_va,inside_both,above_week_vah,neg,pos
short,2023-06-13 11:30:00-04:00,2023-06-13,2023-06-13 16:55:00-04:00,eod,15073.625,15107.625,15073.75,15122.57142857143,14999.107142857141,25.821428571428573,0.8387096774193549,-244,-4,183,15083.25,15096.25,-34.0,-680.0,-684.5,15097.5,15107.5,15020.0,15177.086266855658,14929.877901412863,15200.096572339793,14907.000960287862,14300.0,14492.5,14270.0,11:00,in_va,inside_both,above_week_vah,neg,pos
short,2023-06-14 14:00:00-04:00,2023-06-14,2023-06-14 14:45:00-04:00,sl,15054.875,15157.732142857143,15055.0,15157.607142857143,14930.785714285714,21.607142857142858,0.7876543209876543,-358,-541,1,15058.5,15064.5,-102.85714285714312,-2057.1428571428623,-2061.6428571428623,15170.0,15187.5,15107.5,15223.156078365626,14979.935788120581,15232.847352655128,14970.252211682575,14300.0,14492.5,14270.0,14:00,below_val,inside_both,above_week_vah,neg,pos
short,2023-06-16 10:40:00-04:00,2023-06-16,2023-06-16 15:55:00-04:00,tp,15369.625,15268.875,15369.75,15437.5,15268.75,33.25,0.9295774647887324,-614,-62,4,15372.75,15403.0,100.75,2015.0,2010.5,15357.5,15410.0,15342.5,15525.399890611558,15313.71316211326,15548.04464634925,15291.219532419773,14300.0,14492.5,14270.0,10:00,in_va,inside_both,above_week_vah,neg,pos
short,2023-06-16 13:45:00-04:00,2023-06-16,2023-06-16 15:00:00-04:00,tp,15358.375,15299.517857142859,15358.5,15400.05357142857,15299.392857142859,17.553571428571427,0.7166666666666667,-299,226,53,15367.0,15381.75,58.8571428571413,1177.142857142826,1172.642857142826,15375.0,15407.5,15350.0,15579.068262544357,15260.40296091293,15593.441111722635,15246.126032921238,14300.0,14492.5,14270.0,13:00,in_va,inside_both,above_week_vah,pos,pos
short,2023-06-20 10:15:00-04:00,2023-06-20,2023-06-20 12:30:00-04:00,sl,15181.625,15245.910714285714,15181.75,15245.785714285714,15086.178571428572,31.535714285714285,0.8671328671328671,-422,-212,8,15204.5,15212.25,-64.28571428571377,-1285.7142857142753,-1290.2142857142753,15235.0,15270.0,15210.0,15309.315876100092,15141.56171076027,15302.457159481168,15148.407937959691,14592.5,14682.5,14490.0,10:00,below_val,inside_both,above_week_vah,neg,pos
short,2023-06-20 09:50:00-04:00,2023-06-20,2023-06-20 10:20:00-04:00,tp,15254.125,15162.232142857141,15254.25,15323.32142857143,15162.107142857141,23.071428571428573,0.9351351351351351,-1239,-1,66,15260.0,15274.75,91.8928571428587,1837.857142857174,1833.357142857174,15240.0,15275.0,15207.5,15290.59017782723,15160.253310365086,15291.838437533777,15159.007323684233,14592.5,14682.5,14490.0,09:00,in_va,inside_both,above_week_vah,neg,pos
short,2023-06-21 09:45:00-04:00,2023-06-21,2023-06-21 10:00:00-04:00,tp,15156.625,15094.625,15156.75,15201.875,15094.5,17.125,0.8790322580645161,-810,-29,8,15178.0,15194.0,62.0,1240.0,1235.5,15200.0,15237.5,15180.0,15293.889765171516,15152.248627338433,15290.764521796751,15155.365157733324,14592.5,14682.5,14490.0,09:00,below_val,inside_both,above_week_vah,neg,pos
short,2023-06-21 10:40:00-04:00,2023-06-21,2023-06-21 14:30:00-04:00,sl,15071.625,15142.25,15071.75,15142.125,14969.75,31.625,0.7298850574712644,-1229,-324,131,15082.25,15102.75,-70.625,-1412.5,-1417.0,15200.0,15270.0,15122.5,15306.986680125063,15139.188225751272,15320.872789617215,15125.340829849716,14592.5,14682.5,14490.0,10:00,below_val,outside_both,above_week_vah,neg,pos
short,2023-06-21 14:45:00-04:00,2023-06-21,2023-06-21 15:35:00-04:00,tp,15112.375,15061.303571428572,15112.5,15146.785714285714,15061.178571428572,17.035714285714285,0.9444444444444444,-392,-41,3,15113.75,15129.25,51.07142857142753,1021.4285714285506,1016.9285714285506,15062.5,15137.5,15015.0,,,15379.928582421868,15066.449680841522,14592.5,14682.5,14490.0,14:00,in_va,inside_90_only,above_week_vah,neg,pos
short,2023-06-21 15:30:00-04:00,2023-06-21,2023-06-21 16:55:00-04:00,eod,15067.125,15038.125,15067.25,15120.035714285714,14994.928571428572,19.535714285714285,0.8111888111888111,-941,-89,69,15092.0,15102.5,29.0,580.0,575.5,15062.5,15142.5,15025.0,,,15388.444763501091,15057.957242333816,14592.5,14682.5,14490.0,15:00,in_va,inside_90_only,above_week_vah,neg,pos
short,2023-06-26 12:05:00-04:00,2023-06-26,2023-06-26 16:55:00-04:00,eod,14931.625,14872.875,14931.75,15016.285714285714,14816.178571428572,31.035714285714285,0.9414414414414415,-1554,-91,4,14964.0,14982.5,58.75,1175.0,1170.5,15025.0,15102.5,15002.5,15148.232928643358,14941.622760430748,15161.17272027998,14928.697367114084,15090.0,15350.0,14960.0,12:00,below_val,inside_90_only,below_week_val,neg,pos
short,2023-06-22 10:35:00-04:00,2023-06-22,2023-06-22 11:40:00-04:00,sl,15107.375,15164.875,15107.5,15164.75,15019.0,31.25,0.7589285714285714,-698,-63,78,15113.75,15132.0,-57.5,-1150.0,-1154.5,14995.0,15067.5,14970.0,15108.23623898825,14911.527648995714,15114.539626852642,14905.24794389594,14592.5,14682.5,14490.0,10:00,above_vah,inside_both,above_week_vah,neg,pos
short,2023-06-22 13:00:00-04:00,2023-06-22,2023-06-22 13:55:00-04:00,sl,15087.375,15148.67857142857,15087.5,15148.55357142857,15005.892857142859,20.553571428571427,0.9235294117647059,-1135,-18,-7,15100.5,15126.75,-61.30357142857065,-1226.071428571413,-1230.571428571413,15125.0,15180.0,15025.0,15143.98012567963,14875.918057396635,15150.30030363187,14869.621625291871,14592.5,14682.5,14490.0,13:00,in_va,inside_both,above_week_vah,neg,neg
short,2023-06-26 12:00:00-04:00,2023-06-26,2023-06-26 12:40:00-04:00,tp,14983.375,14894.517857142859,14983.5,15043.67857142857,14894.392857142859,28.928571428571427,0.8947368421052632,-425,-79,35,14985.25,14992.25,88.8571428571413,1777.142857142826,1772.642857142826,15025.0,15102.5,15005.0,15155.274713685725,14934.58881089895,15163.554256165535,14926.318481202861,15090.0,15350.0,14960.0,12:00,below_val,inside_both,in_week_va,neg,pos
short,2023-06-26 11:15:00-04:00,2023-06-26,2023-06-26 12:40:00-04:00,tp,14989.125,14884.267857142859,14989.25,15063.67857142857,14884.142857142859,30.678571428571427,0.776536312849162,-693,-15,-11,14999.5,15021.5,104.8571428571413,2097.142857142826,2092.642857142826,15085.0,15102.5,15022.5,15142.155962621813,14947.69296451179,15148.010692388229,14941.844749399925,15090.0,15350.0,14960.0,11:00,below_val,inside_both,in_week_va,neg,neg
short,2023-06-26 15:40:00-04:00,2023-06-26,2023-06-26 16:55:00-04:00,eod,14901.375,14872.875,14901.5,14943.80357142857,14842.642857142859,16.553571428571427,0.9038461538461539,-569,-3,50,14913.0,14921.0,28.5,570.0,565.5,14915.0,15060.0,14877.5,,,15191.428189480197,14898.475563674358,15090.0,15350.0,14960.0,15:00,in_va,inside_90_only,below_week_val,neg,pos
short,2023-06-28 12:25:00-04:00,2023-06-28,2023-06-28 16:55:00-04:00,eod,15144.875,15156.625,15145.0,15217.375,15046.75,25.875,0.7606837606837606,-664,39,84,15161.25,15178.75,-11.75,-235.0,-239.5,15062.5,15150.0,15025.0,15180.151977869144,14938.2064054489,15198.833756182701,14919.5976777978,15090.0,15350.0,14960.0,12:00,in_va,inside_both,in_week_va,pos,pos
short,2023-06-29 10:05:00-04:00,2023-06-29,2023-06-29 16:55:00-04:00,eod,15059.875,15108.375,15060.0,15166.910714285714,14918.678571428572,34.410714285714285,0.7911392405063291,-882,-1115,307,15078.5,15092.0,-48.5,-970.0,-974.5,15112.5,15152.5,15085.0,15222.473654695428,15053.438488189631,15214.894599381707,15060.998916524139,15090.0,15350.0,14960.0,10:00,below_val,inside_14_only,in_week_va,neg,pos
short,2023-06-28 14:35:00-04:00,2023-06-28,2023-06-28 16:00:00-04:00,sl,15115.875,15158.964285714286,15116.0,15158.839285714286,15053.321428571428,19.839285714285715,0.7757009345794392,-271,-105,90,15120.0,15128.25,-43.089285714286234,-861.7857142857247,-866.2857142857247,15062.5,15137.5,15035.0,15210.477849686193,14907.999115759772,15219.108856131936,14899.401858817317,15090.0,15350.0,14960.0,14:00,in_va,inside_both,in_week_va,neg,pos
short,2023-06-28 15:00:00-04:00,2023-06-28,2023-06-28 16:00:00-04:00,sl,15092.625,15147.625,15092.75,15147.5,15018.5,19.5,0.7756410256410257,-496,-134,-20,15106.75,15115.75,-55.0,-1100.0,-1104.5,15062.5,15137.5,15035.0,15220.834371013487,14897.68309115239,15220.506018792597,14898.010159429807,15090.0,15350.0,14960.0,15:00,in_va,inside_both,in_week_va,neg,neg
short,2023-06-30 11:40:00-04:00,2023-06-30,2023-06-30 12:20:00-04:00,sl,15295.125,15328.482142857143,15295.25,15328.357142857143,15243.285714285714,18.857142857142858,0.7121212121212122,-329,-216,8,15305.0,15321.75,-33.35714285714312,-667.1428571428623,-671.6428571428623,15320.0,15375.0,15250.0,15348.842975497033,15012.319768912075,15351.895074851676,15009.296435573839,15090.0,15350.0,14960.0,11:00,in_va,inside_both,in_week_va,neg,pos
short,2023-06-30 15:55:00-04:00,2023-06-30,2023-06-30 16:55:00-04:00,eod,15329.875,15316.625,15330.0,15382.732142857143,15261.535714285714,15.732142857142858,0.98,-1568,-12,15,15337.75,15344.75,13.25,265.0,260.5,15350.0,15365.0,15292.5,15396.662493752576,14964.95094930256,15385.492769141963,14976.015399331949,15090.0,15350.0,14960.0,15:00,in_va,inside_both,in_week_va,neg,pos
short,2023-07-05 11:20:00-04:00,2023-07-05,2023-07-05 16:55:00-04:00,eod,15361.375,15354.625,15361.5,15395.44642857143,15308.107142857141,19.446428571428573,0.9032258064516129,-276,-38,14,15364.75,15380.75,6.75,135.0,130.5,15377.5,15432.5,15332.5,15433.835284675552,15204.461636013844,15431.612427988204,15206.677104666975,15060.0,15190.0,15010.0,11:00,in_va,inside_both,above_week_vah,neg,pos
short,2023-07-05 14:15:00-04:00,2023-07-05,2023-07-05 14:45:00-04:00,sl,15342.875,15381.55357142857,15343.0,15381.42857142857,15290.392857142859,14.178571428571429,0.7642276422764228,-906,-234,0,15352.5,15361.25,-38.67857142857065,-773.571428571413,-778.071428571413,15370.0,15405.0,15327.5,,,15455.598568597645,15182.77068598859,15060.0,15190.0,15010.0,14:00,in_va,inside_90_only,above_week_vah,neg,zero
short,2023-07-06 10:55:00-04:00,2023-07-06,2023-07-06 11:45:00-04:00,sl,15123.375,15174.875,15123.5,15174.75,15046.75,25.5,0.7966101694915254,-327,-228,59,15125.25,15134.25,-51.5,-1030.0,-1034.5,15157.5,15225.0,15117.5,15438.625457293998,15112.742945127515,15437.591809644135,15113.76592273586,15060.0,15190.0,15010.0,10:00,in_va,inside_both,in_week_va,neg,pos
short,2023-07-07 10:30:00-04:00,2023-07-07,2023-07-07 11:00:00-04:00,sl,15184.625,15253.875,15184.75,15253.75,15084.75,31.0,0.7225433526011561,-678,-168,284,15188.75,15220.25,-69.25,-1385.0,-1389.5,15225.0,15247.5,15192.5,15296.937916003348,15145.820670365487,15292.06079474283,15150.69723093608,15060.0,15190.0,15010.0,10:00,below_val,inside_both,in_week_va,neg,pos
short,2023-07-10 14:00:00-04:00,2023-07-10,2023-07-10 14:15:00-04:00,sl,15136.625,15172.19642857143,15136.75,15172.07142857143,15084.857142857141,16.571428571428573,0.8181818181818182,-415,-29,17,15138.0,15148.0,-35.57142857142935,-711.428571428587,-715.928571428587,15150.0,15190.0,15122.5,,,15304.726377317054,15056.450909703226,15117.5,15205.0,14940.0,14:00,in_va,inside_90_only,in_week_va,neg,pos
short,2023-07-11 09:40:00-04:00,2023-07-11,2023-07-11 12:00:00-04:00,sl,15166.625,15248.107142857143,15166.75,15247.982142857143,15067.285714285714,18.232142857142858,0.7578616352201258,-350,524,36,15183.75,15201.25,-81.48214285714312,-1629.6428571428623,-1634.1428571428623,15220.0,15232.5,15195.0,15222.086782239492,15172.424728969863,15236.46826665872,15158.05128603454,15117.5,15205.0,14940.0,09:00,below_val,inside_90_only,in_week_va,pos,pos
short,2023-07-20 15:15:00-04:00,2023-07-20,2023-07-20 15:40:00-04:00,sl,15557.375,15604.392857142857,15557.5,15604.267857142857,15490.464285714286,20.267857142857142,0.7345132743362832,-479,-63,111,15559.25,15561.0,-47.01785714285688,-940.3571428571377,-944.8571428571377,15750.0,15857.5,15667.5,16011.966673110257,15761.764104246711,16066.285814219527,15707.805341390982,15350.0,15395.0,15222.5,15:00,below_val,outside_both,above_week_vah,neg,pos
short,2023-07-20 14:25:00-04:00,2023-07-20,2023-07-20 15:25:00-04:00,tp,15612.875,15548.982142857141,15613.0,15658.07142857143,15548.857142857141,19.071428571428573,0.9528301886792453,-370,-12,6,15631.0,15636.75,63.8928571428587,1277.857142857174,1273.357142857174,15750.0,15840.0,15667.5,16013.822860853561,15759.920231309634,16056.795221490425,15717.232969147464,15350.0,15395.0,15222.5,14:00,below_val,outside_both,above_week_vah,neg,pos
short,2023-07-20 14:15:00-04:00,2023-07-20,2023-07-20 15:10:00-04:00,tp,15642.625,15577.267857142859,15642.75,15689.55357142857,15577.142857142859,18.803571428571427,0.7815126050420168,-872,-145,77,15647.5,15653.0,65.3571428571413,1307.142857142826,1302.642857142826,15750.0,15835.0,15670.0,16006.886531457183,15766.81054189528,16053.399082916487,15720.606576170589,15350.0,15395.0,15222.5,14:00,below_val,outside_both,above_week_vah,neg,pos
short,2023-07-13 15:55:00-04:00,2023-07-13,2023-07-13 16:55:00-04:00,eod,15705.875,15699.875,15706.0,15739.42857142857,15657.392857142859,15.178571428571429,0.881578947368421,-607,-42,13,15713.5,15724.5,6.0,120.0,115.5,15605.0,15662.5,15530.0,15644.25542875423,15390.759755618965,15702.301392279558,15333.153527183662,15117.5,15205.0,14940.0,15:00,above_vah,outside_both,above_week_vah,neg,pos
short,2023-07-14 14:55:00-04:00,2023-07-14,2023-07-14 16:55:00-04:00,eod,15696.625,15693.875,15696.75,15744.982142857143,15630.785714285714,17.732142857142858,0.8515625,-402,-37,46,15702.0,15707.75,2.75,55.0,50.5,15790.0,15827.5,15730.0,15772.059119044567,15649.511280282417,15841.63829647834,15580.029467448863,15117.5,15205.0,14940.0,14:00,below_val,inside_both,above_week_vah,neg,pos
short,2023-07-14 10:45:00-04:00,2023-07-14,2023-07-14 11:35:00-04:00,sl,15763.625,15829.0,15763.75,15828.875,15668.75,29.875,0.7806451612903226,-797,-116,156,15770.0,15805.75,-65.375,-1307.5,-1312.0,15707.5,15800.0,15685.0,15788.715976345942,15632.877731509712,15800.06737971276,15621.542212562508,15117.5,15205.0,14940.0,10:00,in_va,inside_both,above_week_vah,neg,pos
short,2023-07-14 13:00:00-04:00,2023-07-14,2023-07-14 15:05:00-04:00,tp,15738.875,15672.517857142859,15739.0,15786.30357142857,15672.392857142859,19.303571428571427,0.8076923076923077,-571,-339,32,15753.25,15763.5,66.3571428571413,1327.142857142826,1322.642857142826,15790.0,15835.0,15755.0,15769.752709391396,15651.814462495106,15823.749293857292,15597.89343735678,15117.5,15205.0,14940.0,13:00,below_val,inside_both,above_week_vah,neg,pos
short,2023-07-14 12:00:00-04:00,2023-07-14,2023-07-14 13:00:00-04:00,tp,15797.125,15737.125,15797.25,15838.125,15737.0,19.375,0.8279569892473119,-402,-136,21,15803.75,15808.5,60.0,1200.0,1195.5,15797.5,15847.5,15755.0,15783.02155722975,15638.56418222413,15817.526740316014,15604.107283459134,15117.5,15205.0,14940.0,12:00,in_va,inside_90_only,above_week_vah,neg,pos
short,2023-07-14 14:20:00-04:00,2023-07-14,2023-07-14 15:00:00-04:00,tp,15733.125,15673.125,15733.25,15776.25,15673.0,17.25,0.7272727272727273,-496,-212,15,15738.5,15759.25,60.0,1200.0,1195.5,15790.0,15827.5,15742.5,15777.540670892278,15644.03739896379,15834.439385629592,15587.218304607426,15117.5,15205.0,14940.0,14:00,below_val,inside_both,above_week_vah,neg,pos
short,2023-07-20 10:30:00-04:00,2023-07-20,2023-07-20 14:25:00-04:00,tp,15717.625,15617.625,15717.75,15786.625,15617.5,31.375,0.8166666666666667,-1065,-19,4,15728.75,15752.5,100.0,2000.0,1995.5,15867.5,15892.5,15827.5,15993.100599983278,15780.505011136784,16012.166810408393,15761.565294751786,15350.0,15395.0,15222.5,10:00,below_val,outside_both,above_week_vah,neg,pos
short,2023-07-18 12:20:00-04:00,2023-07-18,2023-07-18 12:35:00-04:00,sl,15868.375,15917.339285714286,15868.5,15917.214285714286,15797.571428571428,22.214285714285715,0.7155963302752294,-650,-69,280,15876.25,15888.75,-48.964285714286234,-979.2857142857247,-983.7857142857247,15777.5,15822.5,15755.0,15880.012771472564,15761.524596222638,15923.642533013117,15717.925159451182,15350.0,15395.0,15222.5,12:00,above_vah,inside_both,above_week_vah,neg,pos
short,2023-07-18 12:50:00-04:00,2023-07-18,2023-07-18 13:15:00-04:00,sl,15901.375,15939.964285714286,15901.5,15939.839285714286,15841.571428571428,21.589285714285715,0.8405797101449275,-309,-22,158,15909.75,15919.5,-38.589285714286234,-771.7857142857247,-776.2857142857247,15777.5,15830.0,15755.0,15867.553331913652,15773.975375875689,15927.829921777278,15713.740681122305,15350.0,15395.0,15222.5,12:00,above_vah,inside_90_only,above_week_vah,neg,pos
short,2023-07-18 15:55:00-04:00,2023-07-18,2023-07-18 16:55:00-04:00,eod,15972.875,15948.375,15973.0,16011.982142857143,15918.035714285714,15.982142857142858,0.8737864077669902,-483,-282,13,15984.5,15994.5,24.5,490.0,485.5,15777.5,15910.0,15735.0,,,15953.347534489021,15688.240804370746,15350.0,15395.0,15222.5,15:00,above_vah,outside_both,above_week_vah,neg,pos
short,2023-07-19 12:35:00-04:00,2023-07-19,2023-07-19 16:55:00-04:00,eod,15959.875,15939.625,15960.0,16017.44642857143,15875.607142857141,26.946428571428573,0.8195488721804511,-343,-97,84,15977.5,15986.25,20.25,405.0,400.5,15990.0,16032.5,15977.5,16063.49618066059,15897.70822699285,16113.38704253068,15848.018327517766,15350.0,15395.0,15222.5,12:00,below_val,inside_both,above_week_vah,neg,pos
short,2023-07-19 12:20:00-04:00,2023-07-19,2023-07-19 16:55:00-04:00,eod,15983.875,15939.625,15984.0,16045.232142857143,15899.035714285714,23.732142857142858,0.7049180327868853,-748,-175,79,16013.5,16022.0,44.25,885.0,880.5,15990.0,16032.5,15980.0,16067.633654627403,15893.587418937319,16111.532386281375,15849.865513137223,15350.0,15395.0,15222.5,12:00,in_va,inside_both,above_week_vah,neg,pos
short,2023-07-20 10:00:00-04:00,2023-07-20,2023-07-20 10:30:00-04:00,tp,15822.125,15733.375,15822.25,15888.375,15733.25,22.875,0.8306878306878307,-905,-44,8,15856.0,15868.0,88.75,1775.0,1770.5,15867.5,15890.0,15845.0,15986.120589760098,15787.438712750465,15995.299780702435,15778.320420797569,15350.0,15395.0,15222.5,10:00,below_val,inside_both,above_week_vah,neg,pos
short,2023-07-20 12:25:00-04:00,2023-07-20,2023-07-20 14:15:00-04:00,tp,15712.625,15651.517857142859,15712.75,15752.67857142857,15651.392857142859,21.428571428571427,0.7721518987341772,-397,-43,215,15719.25,15726.0,61.1071428571413,1222.142857142826,1217.642857142826,15750.0,15852.5,15710.0,15988.069653875693,15785.50257962582,16038.088920870992,15735.815163534548,15350.0,15395.0,15222.5,12:00,in_va,outside_both,above_week_vah,neg,pos
short,2023-07-20 14:10:00-04:00,2023-07-20,2023-07-20 14:25:00-04:00,tp,15666.875,15619.125,15667.0,15697.125,15619.0,17.875,0.8,-729,-183,13,15667.25,15674.5,47.75,955.0,950.5,15750.0,15835.0,15670.0,16008.530497868784,15765.177482315641,16053.646756202754,15720.360546063217,15350.0,15395.0,15222.5,14:00,below_val,outside_both,above_week_vah,neg,pos
short,2023-07-21 12:25:00-04:00,2023-07-21,2023-07-21 13:25:00-04:00,sl,15574.625,15620.42857142857,15574.75,15620.30357142857,15503.892857142859,25.303571428571427,0.7727272727272727,-466,-38,137,15578.25,15603.0,-45.80357142857065,-916.071428571413,-920.571428571413,15595.0,15647.5,15567.5,15746.914798486057,15537.929227231327,15783.660469406213,15501.39904253332,15350.0,15395.0,15222.5,12:00,in_va,inside_both,above_week_vah,neg,pos
short,2023-07-21 15:05:00-04:00,2023-07-21,2023-07-21 16:55:00-04:00,eod,15536.625,15555.125,15536.75,15586.392857142857,15466.214285714286,20.892857142857142,0.75,-691,-50,107,15555.0,15563.5,-18.5,-370.0,-374.5,15595.0,15642.5,15572.5,15791.879466934863,15493.228243355195,15811.807981645296,15473.416594665725,15350.0,15395.0,15222.5,15:00,below_val,inside_both,above_week_vah,neg,pos
short,2023-07-24 09:50:00-04:00,2023-07-24,2023-07-24 10:25:00-04:00,sl,15487.875,15584.892857142857,15488.0,15584.767857142857,15367.464285714286,23.767857142857142,0.9158576051779935,-1835,-220,-12,15522.25,15530.25,-97.01785714285688,-1940.3571428571377,-1944.8571428571377,15575.0,15595.0,15542.5,15617.789982545255,15515.7692859716,15627.397476181312,15506.176285136546,15190.0,15602.5,15062.5,09:00,below_val,outside_both,in_week_va,neg,neg
short,2023-07-24 15:25:00-04:00,2023-07-24,2023-07-24 16:00:00-04:00,sl,15527.625,15565.714285714286,15527.75,15565.589285714286,15475.321428571428,14.589285714285714,0.8155339805825242,-476,-20,-16,15533.25,15546.5,-38.089285714286234,-761.7857142857247,-766.2857142857247,15557.5,15587.5,15542.5,15705.191645049892,15428.499467936512,15704.74763798402,15428.94280522249,15190.0,15602.5,15062.5,15:00,below_val,inside_both,in_week_va,neg,neg
short,2023-07-24 14:30:00-04:00,2023-07-24,2023-07-24 15:25:00-04:00,tp,15568.125,15531.160714285714,15568.25,15592.232142857143,15531.035714285714,13.232142857142858,0.711864406779661,-265,-67,2,15573.5,15584.5,36.964285714286234,739.2857142857247,734.7857142857247,15557.5,15590.0,15542.5,15687.292648275952,15446.37146426598,15694.082262575981,15439.592092026229,15190.0,15602.5,15062.5,14:00,in_va,inside_both,in_week_va,neg,pos
short,2023-07-25 10:25:00-04:00,2023-07-25,2023-07-25 11:40:00-04:00,sl,15629.125,15677.30357142857,15629.25,15677.17857142857,15558.642857142859,22.678571428571427,0.8981481481481481,-695,-222,29,15631.25,15640.0,-48.17857142857065,-963.571428571413,-968.071428571413,15642.5,15662.5,15605.0,15650.575604646217,15507.503394140938,15657.268320784695,15500.81926446232,15190.0,15602.5,15062.5,10:00,in_va,inside_both,above_week_vah,neg,pos
short,2023-07-26 10:55:00-04:00,2023-07-26,2023-07-26 11:50:00-04:00,sl,15537.375,15589.660714285714,15537.5,15589.535714285714,15463.178571428572,22.285714285714285,0.8085106382978723,-413,95,7,15566.0,15579.5,-52.285714285713766,-1045.7142857142753,-1050.2142857142753,15622.5,15645.0,15597.5,15778.842914898167,15567.513099269127,15806.931109024317,15539.617791578126,15190.0,15602.5,15062.5,10:00,below_val,outside_both,in_week_va,pos,pos
short,2023-07-26 10:45:00-04:00,2023-07-26,2023-07-26 11:00:00-04:00,tp,15582.125,15515.625,15582.25,15626.875,15515.5,22.125,0.8854166666666666,-492,-78,39,15589.25,15602.5,66.5,1330.0,1325.5,15622.5,15642.5,15597.5,15785.967973125966,15560.436970035325,15804.73118524068,15541.802608108717,15190.0,15602.5,15062.5,10:00,below_val,inside_both,in_week_va,neg,pos
short,2023-07-26 10:25:00-04:00,2023-07-26,2023-07-26 10:55:00-04:00,tp,15605.875,15538.946428571428,15606.0,15648.089285714286,15538.821428571428,25.089285714285715,0.75,-246,-71,75,15609.0,15623.5,66.92857142857247,1338.5714285714494,1334.0714285714494,15622.5,15645.0,15597.5,15789.191512390735,15557.235567366257,15796.025497370667,15550.448512530525,15190.0,15602.5,15062.5,10:00,in_va,inside_both,above_week_vah,neg,pos
short,2023-07-26 12:20:00-04:00,2023-07-26,2023-07-26 14:10:00-04:00,sl,15570.375,15599.589285714286,15570.5,15599.464285714286,15528.071428571428,13.464285714285714,0.9375,-459,-34,4,15578.0,15587.75,-29.214285714286234,-584.2857142857247,-588.7857142857247,15622.5,15645.0,15575.0,15792.804423198859,15553.647467034845,15820.581622906824,15526.061018110147,15190.0,15602.5,15062.5,12:00,below_val,inside_both,in_week_va,neg,pos
short,2023-07-26 15:05:00-04:00,2023-07-26,2023-07-26 16:05:00-04:00,sl,15544.875,15673.392857142857,15545.0,15673.267857142857,15373.464285714286,43.267857142857146,0.8046272493573264,-482,-89,110,15552.25,15559.0,-128.51785714285688,-2570.3571428571377,-2574.8571428571377,15622.5,15647.5,15562.5,15840.102384371634,15506.674309054457,15849.917554366973,15496.92654151092,15190.0,15602.5,15062.5,15:00,below_val,inside_both,in_week_va,neg,pos
short,2023-08-02 10:45:00-04:00,2023-08-02,2023-08-02 12:00:00-04:00,tp,15511.625,15430.839285714286,15511.75,15564.892857142857,15430.714285714286,27.892857142857142,0.7364341085271318,-817,-413,37,15519.75,15546.5,80.78571428571377,1615.7142857142753,1611.2142857142753,15607.5,15722.5,15587.5,15859.776805707545,15616.68054505975,15883.213088950464,15593.453295940071,15592.5,15872.5,15530.0,10:00,below_val,outside_both,below_week_val,neg,pos
short,2023-07-27 14:55:00-04:00,2023-07-27,2023-07-27 16:55:00-04:00,eod,15549.125,15584.375,15549.25,15622.625,15442.0,33.875,0.968944099378882,-731,-15,6,15575.0,15589.5,-35.25,-705.0,-709.5,15830.0,15895.0,15762.5,15943.012939396525,15518.171131336414,15956.396475078363,15504.964876420567,15190.0,15602.5,15062.5,14:00,below_val,inside_both,in_week_va,neg,pos
short,2023-07-27 10:05:00-04:00,2023-07-27,2023-07-27 10:25:00-04:00,tp,15843.625,15772.625,15843.75,15893.625,15772.5,21.375,0.7142857142857143,-1038,-198,5,15855.75,15870.75,71.0,1420.0,1415.5,15880.0,15902.5,15797.5,15889.298197961889,15571.174357463522,15894.05900571768,15566.476612239618,15190.0,15602.5,15062.5,10:00,in_va,inside_both,above_week_vah,neg,pos
short,2023-07-28 12:00:00-04:00,2023-07-28,2023-07-28 13:35:00-04:00,tp,15870.875,15810.375,15871.0,15913.875,15810.25,17.875,0.7983193277310925,-450,65,47,15872.5,15882.5,60.5,1210.0,1205.5,15815.0,15895.0,15727.5,15804.410793889638,15518.239390022425,15829.614094538236,15493.281912738004,15190.0,15602.5,15062.5,12:00,in_va,outside_both,above_week_vah,pos,pos
short,2023-07-28 12:55:00-04:00,2023-07-28,2023-07-28 13:40:00-04:00,tp,15855.125,15797.303571428572,15855.25,15895.785714285714,15797.178571428572,17.535714285714285,0.7235772357723578,-494,-160,11,15861.25,15867.75,57.82142857142753,1156.4285714285506,1151.9285714285506,15815.0,15895.0,15732.5,15813.750587874756,15508.99069281904,15835.622265824237,15487.332342858961,15190.0,15602.5,15062.5,12:00,in_va,outside_both,above_week_vah,neg,pos
short,2023-07-28 14:35:00-04:00,2023-07-28,2023-07-28 14:50:00-04:00,sl,15827.375,15875.839285714286,15827.5,15875.714285714286,15757.321428571428,21.964285714285715,0.7424242424242424,-781,-133,21,15830.5,15838.0,-48.464285714286234,-969.2857142857247,-973.7857142857247,15812.5,15895.0,15755.0,15860.076388577676,15463.116736274775,15855.116033533312,15468.028709911425,15190.0,15602.5,15062.5,14:00,in_va,inside_both,above_week_vah,neg,pos
short,2023-07-31 11:50:00-04:00,2023-07-31,2023-07-31 16:55:00-04:00,eod,15829.625,15869.125,15829.75,15878.80357142857,15761.892857142859,18.803571428571427,0.8984375,-958,-128,19,15835.0,15848.25,-39.5,-790.0,-794.5,15850.0,15882.5,15832.5,15934.432054184124,15771.633648764082,15948.847112156176,15757.231315307266,15592.5,15872.5,15530.0,11:00,below_val,inside_both,in_week_va,neg,pos
short,2023-08-01 10:10:00-04:00,2023-08-01,2023-08-01 10:50:00-04:00,sl,15755.375,15828.94642857143,15755.5,15828.82142857143,15659.857142857141,22.321428571428573,0.8461538461538461,-1727,-214,85,15772.25,15782.75,-73.57142857142935,-1471.428571428587,-1475.928571428587,15787.5,15810.0,15770.0,15916.609371003253,15749.108139829044,15927.722680557272,15738.045603161956,15592.5,15872.5,15530.0,10:00,below_val,inside_both,in_week_va,neg,pos
short,2023-08-01 11:40:00-04:00,2023-08-01,2023-08-01 14:15:00-04:00,sl,15804.375,15846.589285714286,15804.5,15846.464285714286,15741.321428571428,21.214285714285715,0.9404761904761905,-507,-1,23,15807.0,15812.25,-42.214285714286234,-844.2857142857247,-848.7857142857247,15807.5,15825.0,15775.0,15931.531927703407,15734.253759155154,15953.798735601255,15712.088680639914,15592.5,15872.5,15530.0,11:00,in_va,inside_both,in_week_va,neg,pos
short,2023-08-01 12:20:00-04:00,2023-08-01,2023-08-01 12:55:00-04:00,sl,15799.125,15827.67857142857,15799.25,15827.55357142857,15754.392857142859,16.553571428571427,0.7692307692307693,-325,-110,33,15806.25,15808.5,-28.55357142857065,-571.071428571413,-575.571428571413,15807.5,15825.0,15777.5,15939.66802399226,15726.154833890367,15961.43466821544,15704.487633974088,15592.5,15872.5,15530.0,12:00,in_va,inside_both,in_week_va,neg,pos
short,2023-08-01 13:35:00-04:00,2023-08-01,2023-08-01 13:55:00-04:00,sl,15799.875,15830.142857142857,15800.0,15830.017857142857,15755.964285714286,14.017857142857142,0.7349397590361446,-262,-66,18,15805.0,15811.75,-30.267857142856883,-605.3571428571377,-609.8571428571377,15807.5,15827.5,15780.0,15956.400704279164,15709.498599461478,15975.481218871746,15690.505257173892,15592.5,15872.5,15530.0,13:00,in_va,inside_both,in_week_va,neg,pos
short,2023-08-02 09:50:00-04:00,2023-08-02,2023-08-02 10:45:00-04:00,tp,15587.125,15510.053571428572,15587.25,15641.535714285714,15509.928571428572,23.035714285714285,0.8108108108108109,-941,-310,9,15596.0,15607.25,77.07142857142753,1541.4285714285506,1536.9285714285506,15607.5,15692.5,15590.0,15847.581548370448,15628.767029819779,15853.712210654456,15622.691048459455,15592.5,15872.5,15530.0,09:00,below_val,outside_both,in_week_va,neg,pos
short,2023-08-02 15:05:00-04:00,2023-08-02,2023-08-02 16:55:00-04:00,eod,15469.125,15451.125,15469.25,15523.75,15395.0,19.75,0.9060402684563759,-357,-68,12,15483.25,15491.5,18.0,360.0,355.5,15492.5,15612.5,15412.5,15946.91414887221,15530.320401843604,15932.040487780465,15545.061400999433,15592.5,15872.5,15530.0,15:00,in_va,outside_both,below_week_val,neg,pos
short,2023-08-03 10:05:00-04:00,2023-08-03,2023-08-03 11:15:00-04:00,sl,15407.625,15477.607142857143,15407.75,15477.482142857143,15311.035714285714,26.982142857142858,0.8089887640449438,-1544,-73,90,15428.75,15436.75,-69.98214285714312,-1399.6428571428623,-1404.1428571428623,15400.0,15435.0,15352.5,15502.66960826288,15306.64139255056,15506.260259951252,15303.07235309486,15592.5,15872.5,15530.0,10:00,in_va,inside_both,below_week_val,neg,pos
short,2023-08-04 14:35:00-04:00,2023-08-04,2023-08-04 16:55:00-04:00,eod,15386.375,15362.875,15386.5,15447.892857142857,15296.964285714286,28.142857142857142,0.903448275862069,-625,-27,-3,15416.25,15435.75,23.5,470.0,465.5,15527.5,15570.0,15462.5,15628.536266130017,15331.19746508012,15626.356587030234,15333.36811590249,15592.5,15872.5,15530.0,14:00,below_val,inside_both,below_week_val,neg,neg
short,2023-08-03 14:05:00-04:00,2023-08-03,2023-08-03 14:20:00-04:00,sl,15444.375,15477.017857142857,15444.5,15476.892857142857,15395.214285714286,16.892857142857142,0.8769230769230769,-226,-22,45,15445.0,15466.75,-32.64285714285688,-652.8571428571377,-657.3571428571377,15400.0,15480.0,15385.0,15551.979861404487,15257.627939198102,15559.238971551948,15250.412521837108,15592.5,15872.5,15530.0,14:00,in_va,inside_both,below_week_val,neg,pos
short,2023-08-03 13:55:00-04:00,2023-08-03,2023-08-03 16:00:00-04:00,sl,15452.125,15490.5,15452.25,15490.375,15397.75,16.375,0.7403846153846154,-905,-402,19,15466.0,15473.75,-38.375,-767.5,-772.0,15400.0,15482.5,15385.0,15544.528131456287,15265.034816975882,15557.035678001812,15252.602553701909,15592.5,15872.5,15530.0,13:00,in_va,inside_both,below_week_val,neg,pos
short,2023-08-07 11:15:00-04:00,2023-08-07,2023-08-07 11:55:00-04:00,sl,15342.625,15413.357142857143,15342.75,15413.232142857143,15245.535714285714,26.732142857142858,0.8191489361702128,-809,1,85,15362.75,15370.75,-70.73214285714312,-1414.6428571428623,-1419.1428571428623,15420.0,15440.0,15397.5,15503.671978415796,15292.899702827794,15511.147176469964,15285.458772455118,15557.5,15747.5,15522.5,11:00,below_val,inside_both,below_week_val,pos,pos
short,2023-08-07 10:50:00-04:00,2023-08-07,2023-08-07 14:00:00-04:00,sl,15401.125,15456.80357142857,15401.25,15456.67857142857,15312.892857142859,32.92857142857143,0.7589285714285714,-630,-340,39,15404.0,15425.5,-55.67857142857065,-1113.571428571413,-1118.071428571413,15420.0,15442.5,15405.0,15496.673874811544,15299.865725839176,15507.383527675154,15289.205167992259,15557.5,15747.5,15522.5,10:00,below_val,inside_both,below_week_val,neg,pos
short,2023-08-09 09:35:00-04:00,2023-08-09,2023-08-09 10:50:00-04:00,tp,15310.625,15234.375,15310.75,15371.25,15234.25,16.0,0.9153439153439153,-1158,-137,14,15317.75,15334.0,76.25,1525.0,1520.5,15372.5,15407.5,15365.0,15387.231567828314,15325.786499301363,15390.378970926415,15322.641349909425,15557.5,15747.5,15522.5,09:00,below_val,outside_both,below_week_val,neg,pos
short,2023-08-09 11:10:00-04:00,2023-08-09,2023-08-09 13:10:00-04:00,sl,15177.875,15243.42857142857,15178.0,15243.30357142857,15087.392857142859,25.303571428571427,0.9320987654320988,-1028,-12,30,15198.75,15206.25,-65.55357142857065,-1311.071428571413,-1315.571428571413,15275.0,15367.5,15197.5,15437.787300052201,15275.266967640844,15440.846073416287,15272.210384519374,15557.5,15747.5,15522.5,11:00,below_val,outside_both,below_week_val,neg,pos
short,2023-08-10 13:55:00-04:00,2023-08-10,2023-08-10 14:10:00-04:00,sl,15144.125,15209.80357142857,15144.25,15209.67857142857,15049.392857142859,29.428571428571427,0.807909604519774,-632,-110,0,15150.25,15163.75,-65.67857142857065,-1313.571428571413,-1318.071428571413,15315.0,15352.5,15215.0,15386.884005568616,15118.162046000109,15403.285968670802,15101.864064102825,15557.5,15747.5,15522.5,13:00,below_val,inside_both,below_week_val,neg,zero
short,2023-08-09 14:50:00-04:00,2023-08-09,2023-08-09 15:45:00-04:00,tp,15272.625,15218.696428571428,15272.75,15311.089285714286,15218.571428571428,15.839285714285714,0.8207547169811321,-554,-70,11,15284.0,15292.0,53.92857142857247,1078.5714285714494,1074.0714285714494,15287.5,15305.0,15162.5,15471.40454404423,15241.673795363693,15479.755702158827,15233.328617117551,15557.5,15747.5,15522.5,14:00,in_va,inside_both,below_week_val,neg,pos
short,2023-08-16 12:10:00-04:00,2023-08-16,2023-08-16 13:45:00-04:00,sl,15019.625,15060.017857142857,15019.75,15059.892857142857,14959.214285714286,20.392857142857142,0.7894736842105263,-245,-148,4,15035.0,15067.5,-40.39285714285688,-807.8571428571377,-812.3571428571377,15115.0,15132.5,15085.0,15213.22379885793,14976.732853684452,15199.788860912236,14990.140895079994,15467.5,15755.0,15340.0,12:00,below_val,inside_both,below_week_val,neg,pos
short,2023-08-15 15:25:00-04:00,2023-08-15,2023-08-15 16:55:00-04:00,eod,15088.875,15110.125,15089.0,15142.982142857143,15018.785714285714,16.232142857142858,0.910828025477707,-1058,-51,-3,15100.25,15132.5,-21.25,-425.0,-429.5,15170.0,15207.5,15130.0,15380.42400445076,15124.44075551305,15402.427935652502,15102.516746967178,15467.5,15755.0,15340.0,15:00,below_val,outside_both,below_week_val,neg,neg
short,2023-08-15 09:40:00-04:00,2023-08-15,2023-08-15 10:30:00-04:00,tp,15207.875,15111.553571428572,15208.0,15281.660714285714,15111.428571428572,22.910714285714285,0.8658008658008658,-1389,-80,2,15212.0,15233.0,96.32142857142753,1926.4285714285506,1921.9285714285506,15217.5,15245.0,15162.5,15313.561132278703,15191.06076843082,15313.226506611665,15191.394178670858,15467.5,15755.0,15340.0,09:00,in_va,inside_both,below_week_val,neg,pos
short,2023-08-15 12:40:00-04:00,2023-08-15,2023-08-15 15:25:00-04:00,tp,15165.375,15117.125,15165.5,15195.875,15117.0,18.125,0.7090909090909091,-309,-101,74,15166.0,15172.25,48.25,965.0,960.5,15170.0,15240.0,15142.5,15380.286388407743,15124.577871707219,15375.563358584894,15129.283746546093,15467.5,15755.0,15340.0,12:00,in_va,inside_both,below_week_val,neg,pos
short,2023-08-15 14:20:00-04:00,2023-08-15,2023-08-15 14:45:00-04:00,sl,15142.625,15176.017857142857,15142.75,15175.892857142857,15095.214285714286,14.392857142857142,0.7333333333333333,-414,-86,0,15143.0,15151.5,-33.39285714285688,-667.8571428571377,-672.3571428571377,15170.0,15210.0,15127.5,15363.743724936168,15141.060448933855,15385.418891105865,15119.464011280023,15467.5,15755.0,15340.0,14:00,in_va,inside_both,below_week_val,neg,zero
short,2023-08-16 10:45:00-04:00,2023-08-16,2023-08-16 13:05:00-04:00,tp,15096.125,15002.482142857141,15096.25,15161.57142857143,15002.357142857141,28.571428571428573,0.910828025477707,-717,-165,15,15096.75,15105.25,93.6428571428587,1872.857142857174,1868.357142857174,15115.0,15130.0,15087.5,15183.503900270647,15006.393253467484,15181.661146303804,15008.232318267716,15467.5,15755.0,15340.0,10:00,in_va,inside_both,below_week_val,neg,pos
short,2023-08-16 15:10:00-04:00,2023-08-16,2023-08-16 16:55:00-04:00,eod,14963.375,14937.125,14963.5,15034.42857142857,14864.642857142859,27.928571428571427,0.7150259067357513,-855,-437,106,14983.25,15017.0,26.25,525.0,520.5,15115.0,15135.0,15042.5,15204.855754542565,14985.08414529694,15230.711451819454,14959.28021074954,15467.5,15755.0,15340.0,15:00,below_val,inside_90_only,below_week_val,neg,pos
short,2023-08-16 15:05:00-04:00,2023-08-16,2023-08-16 16:20:00-04:00,tp,14997.875,14923.982142857141,14998.0,15044.32142857143,14923.857142857141,27.821428571428573,0.7244897959183674,-447,-217,1,15015.25,15021.75,73.8928571428587,1477.857142857174,1473.357142857174,15115.0,15135.0,15045.0,15200.941293373848,14988.990769771393,15226.151880970845,14963.830653403698,15467.5,15755.0,15340.0,15:00,below_val,inside_both,below_week_val,neg,pos
short,2023-08-17 09:50:00-04:00,2023-08-17,2023-08-17 14:30:00-04:00,tp,14915.375,14840.660714285714,14915.5,14972.357142857143,14840.535714285714,18.107142857142858,0.7650602409638554,-729,-65,210,14931.25,14944.25,74.71428571428623,1494.2857142857247,1489.7857142857247,14967.5,14992.5,14932.5,15045.192600264161,14886.251905220615,15041.12993706405,14890.299056643331,15467.5,15755.0,15340.0,09:00,below_val,inside_both,below_week_val,neg,pos
short,2023-08-17 14:40:00-04:00,2023-08-17,2023-08-17 15:10:00-04:00,tp,14830.125,14778.517857142859,14830.25,14864.55357142857,14778.392857142859,17.553571428571427,0.7894736842105263,-481,-144,23,14841.25,14849.5,51.6071428571413,1032.142857142826,1027.642857142826,14880.0,14947.5,14865.0,15082.610332035696,14848.97703922389,15103.019885517233,14828.645412076568,15467.5,15755.0,15340.0,14:00,below_val,inside_90_only,below_week_val,neg,pos
short,2023-08-21 10:25:00-04:00,2023-08-21,2023-08-21 12:45:00-04:00,sl,14830.375,14888.267857142857,14830.5,14888.142857142857,14746.964285714286,25.892857142857142,0.7902097902097902,-657,-222,70,14851.25,14863.25,-57.89285714285688,-1157.8571428571377,-1162.3571428571377,14870.0,14907.5,14800.0,14888.15080453153,14664.946368733832,14875.26308105001,14677.777741740436,15420.0,15442.5,15207.5,10:00,in_va,inside_both,below_week_val,neg,pos
short,2023-08-21 16:00:00-04:00,2023-08-21,2023-08-21 16:55:00-04:00,eod,14970.875,14972.125,14971.0,15002.785714285714,14923.678571428572,15.535714285714286,0.8205128205128205,-757,2,6,14978.5,14993.25,-1.25,-25.0,-29.5,14832.5,14945.0,14795.0,14936.01818345394,14617.288285854993,14933.901675028183,14619.39554002765,15420.0,15442.5,15207.5,16:00,above_vah,outside_both,below_week_val,pos,pos
short,2023-08-22 10:30:00-04:00,2023-08-22,2023-08-22 10:55:00-04:00,sl,14975.875,15041.964285714286,14976.0,15041.839285714286,14880.321428571428,29.839285714285715,0.8245614035087719,-726,-129,3,14997.75,15004.75,-66.08928571428623,-1321.7857142857247,-1326.2857142857247,15042.5,15077.5,15000.0,15160.976669385105,14903.073472217222,15160.450616630067,14903.595359494728,15420.0,15442.5,15207.5,10:00,below_val,inside_both,below_week_val,neg,pos
short,2023-08-22 12:10:00-04:00,2023-08-22,2023-08-22 12:50:00-04:00,sl,14944.375,14996.607142857143,14944.5,14996.482142857143,14869.035714285714,23.482142857142858,0.9090909090909091,-682,-24,29,14969.25,14976.25,-52.23214285714312,-1044.6428571428623,-1049.1428571428623,15042.5,15057.5,14980.0,15183.857233950022,14880.374084305751,15182.11847293732,14882.099077174731,15420.0,15442.5,15207.5,12:00,below_val,inside_both,below_week_val,neg,pos
short,2023-08-22 11:35:00-04:00,2023-08-22,2023-08-22 16:55:00-04:00,eod,15005.375,14963.375,15005.5,15060.42857142857,14924.642857142859,25.928571428571427,0.7142857142857143,-777,-29,274,15013.0,15020.75,42.0,840.0,835.5,15042.5,15062.5,14985.0,15177.630305445671,14886.551705719605,15172.696645280233,14891.446299364832,15420.0,15442.5,15207.5,11:00,in_va,inside_both,below_week_val,neg,pos
short,2023-08-22 14:40:00-04:00,2023-08-22,2023-08-22 15:10:00-04:00,sl,14963.125,15002.089285714286,14963.25,15001.964285714286,14904.821428571428,19.714285714285715,0.7171717171717171,-539,-172,-5,14973.5,14981.0,-38.964285714286234,-779.2857142857247,-783.7857142857247,15042.5,15057.5,14957.5,15192.20602588917,14872.091401145502,15202.58276956118,14861.79682431369,15420.0,15442.5,15207.5,14:00,in_va,inside_both,below_week_val,neg,neg
short,2023-08-24 11:30:00-04:00,2023-08-24,2023-08-24 15:30:00-04:00,tp,14996.375,14913.196428571428,14996.5,15049.089285714286,14913.071428571428,30.839285714285715,0.8854166666666666,-406,-107,1,15002.25,15006.25,83.17857142857247,1663.5714285714494,1659.0714285714494,15335.0,15417.5,15132.5,15461.572683681596,15229.568590109358,15441.543819443095,15249.570715717908,15420.0,15442.5,15207.5,11:00,below_val,outside_both,below_week_val,neg,pos
short,2023-08-24 10:25:00-04:00,2023-08-24,2023-08-24 11:45:00-04:00,tp,15073.625,14964.196428571428,15073.75,15146.214285714286,14964.071428571428,37.214285714285715,0.7046979865771812,-570,76,707,15082.25,15094.25,109.42857142857247,2188.5714285714494,2184.0714285714494,15335.0,15415.0,15220.0,15442.225095967395,15248.890348701043,15426.82407880649,15264.270805430067,15420.0,15442.5,15207.5,10:00,below_val,outside_both,below_week_val,pos,pos
short,2023-08-24 10:15:00-04:00,2023-08-24,2023-08-24 11:00:00-04:00,tp,15122.375,15030.160714285714,15122.5,15181.357142857143,15030.035714285714,33.607142857142854,0.8376068376068376,-390,-500,16,15124.25,15131.75,92.21428571428623,1844.2857142857247,1839.7857142857247,15335.0,15415.0,15232.5,15433.232597662629,15257.870841977383,15422.849856693574,15268.239721937378,15420.0,15442.5,15207.5,10:00,below_val,outside_both,below_week_val,neg,pos
short,2023-08-24 10:05:00-04:00,2023-08-24,2023-08-24 11:00:00-04:00,tp,15158.625,15029.946428571428,15158.75,15256.339285714286,15029.821428571428,31.339285714285715,0.9420289855072463,-1765,-158,23,15166.0,15177.5,128.67857142857247,2573.5714285714494,2569.0714285714494,15335.0,15415.0,15252.5,15429.223789245267,15261.87429861625,15417.706836083336,15273.3758765904,15420.0,15442.5,15207.5,10:00,below_val,outside_both,below_week_val,neg,pos
short,2023-08-23 11:40:00-04:00,2023-08-23,2023-08-23 13:15:00-04:00,sl,15171.875,15208.410714285714,15172.0,15208.285714285714,15117.928571428572,17.785714285714285,0.9733333333333334,-612,-10,4,15178.0,15189.75,-36.535714285713766,-730.7142857142753,-735.2142857142753,15012.5,15120.0,14960.0,15094.436973337244,14878.073453175526,15091.135845238408,14881.364518871103,15420.0,15442.5,15207.5,11:00,above_vah,outside_both,below_week_val,neg,pos
short,2023-08-23 14:05:00-04:00,2023-08-23,2023-08-23 14:35:00-04:00,tp,15223.125,15189.339285714286,15223.25,15245.892857142857,15189.214285714286,11.392857142857142,0.7547169811320755,-362,-115,47,15229.0,15236.25,33.785714285713766,675.7142857142753,671.2142857142753,15177.5,15242.5,15045.0,15116.035404012478,14856.540858212424,15115.197429815595,14857.37627812058,15420.0,15442.5,15207.5,14:00,in_va,outside_both,in_week_va,neg,pos
short,2023-08-23 15:50:00-04:00,2023-08-23,2023-08-23 16:20:00-04:00,sl,15192.625,15237.089285714286,15192.75,15236.964285714286,15134.571428571428,13.964285714285714,0.7580645161290323,-618,-57,355,15215.25,15221.75,-44.464285714286234,-889.2857142857247,-893.7857142857247,15177.5,15242.5,15057.5,15153.407146949874,14819.28303074171,15140.319072583263,14832.331210418317,15420.0,15442.5,15207.5,15:00,in_va,outside_both,below_week_val,neg,pos
short,2023-08-24 11:35:00-04:00,2023-08-24,2023-08-24 12:40:00-04:00,sl,14971.375,15030.857142857143,14971.5,15030.732142857143,14881.785714285714,30.482142857142858,0.7674418604651163,-639,-180,97,14994.0,15025.75,-59.48214285714312,-1189.6428571428623,-1194.1428571428623,15335.0,15417.5,15127.5,15455.590300415763,15235.5429868648,15441.002488432598,15250.111324048909,15420.0,15442.5,15207.5,11:00,below_val,outside_both,below_week_val,neg,pos
short,2023-08-24 16:15:00-04:00,2023-08-24,2023-08-24 16:55:00-04:00,eod,14826.375,14832.625,14826.5,14873.839285714286,14755.071428571428,24.089285714285715,0.8504672897196262,-410,-131,5,14837.25,14852.25,-6.25,-125.0,-129.5,15000.0,15215.0,14837.5,15512.116395061457,15179.09235482694,15489.796541506632,15201.382411270071,15420.0,15442.5,15207.5,16:00,below_val,outside_both,below_week_val,neg,pos
short,2023-08-28 10:40:00-04:00,2023-08-28,2023-08-28 13:05:00-04:00,sl,15033.125,15098.44642857143,15033.25,15098.32142857143,14931.857142857141,36.32142857142857,0.7132867132867133,-670,-63,43,15037.75,15061.0,-65.32142857142935,-1306.428571428587,-1310.928571428587,15070.0,15100.0,15022.5,15217.14047161633,14714.959526726332,15176.347978860726,14755.036006196278,15105.0,15247.5,14867.5,10:00,in_va,inside_both,in_week_va,neg,pos
short,2023-08-28 10:35:00-04:00,2023-08-28,2023-08-28 16:55:00-04:00,eod,15058.625,15098.125,15058.75,15132.642857142857,14947.214285714286,37.642857142857146,0.8280254777070064,-634,-2,60,15076.5,15090.75,-39.5,-790.0,-794.5,15070.0,15100.0,15020.0,15218.138094346987,14713.979414843405,15177.989161016661,14753.423631013105,15105.0,15247.5,14867.5,10:00,in_va,inside_both,in_week_va,neg,pos
short,2023-09-06 12:40:00-04:00,2023-09-06,2023-09-06 13:15:00-04:00,sl,15321.875,15359.125,15322.0,15359.0,15266.75,18.25,0.7011494252873564,-698,-209,70,15327.0,15344.75,-37.25,-745.0,-749.5,15490.0,15527.5,15392.5,15683.645833369597,15333.546892585013,15628.123330623484,15389.004990301355,14960.0,15142.5,14837.5,12:00,below_val,outside_both,above_week_vah,neg,pos
short,2023-09-06 11:05:00-04:00,2023-09-06,2023-09-06 16:55:00-04:00,eod,15354.125,15386.875,15354.25,15411.767857142857,15266.214285714286,30.517857142857142,0.7931034482758621,-862,-50,122,15356.0,15364.5,-32.75,-655.0,-659.5,15490.0,15527.5,15412.5,15663.679233874058,15353.49033121115,15611.885764284983,15405.223721376826,14960.0,15142.5,14837.5,11:00,below_val,inside_14_only,above_week_vah,neg,pos
short,2023-08-30 10:20:00-04:00,2023-08-30,2023-08-30 11:35:00-04:00,sl,15413.625,15492.517857142857,15413.75,15492.392857142857,15302.714285714286,32.392857142857146,0.9019607843137255,-1363,-151,7,15452.25,15464.75,-78.89285714285688,-1577.8571428571377,-1582.3571428571377,15417.5,15450.0,15382.5,15539.249496743376,15304.316429549192,15502.8746027506,15340.670101660695,15105.0,15247.5,14867.5,10:00,in_va,inside_both,above_week_vah,neg,pos
short,2023-09-01 11:45:00-04:00,2023-09-01,2023-09-01 12:50:00-04:00,sl,15465.375,15517.785714285714,15465.5,15517.660714285714,15390.178571428572,23.160714285714285,0.8636363636363636,-770,-193,17,15481.5,15487.0,-52.410714285713766,-1048.2142857142753,-1052.7142857142753,15545.0,15582.5,15500.0,15796.651040918563,15373.859150692044,15742.963744481991,15427.215044064196,15105.0,15247.5,14867.5,11:00,below_val,inside_both,above_week_vah,neg,pos
short,2023-08-31 11:30:00-04:00,2023-08-31,2023-08-31 16:55:00-04:00,eod,15543.375,15536.625,15543.5,15596.785714285714,15468.178571428572,22.035714285714285,0.7209302325581395,-639,-39,234,15548.75,15577.0,6.75,135.0,130.5,15505.0,15565.0,15485.0,15665.936588394341,15339.51797772499,15612.194996013346,15393.187686006075,15105.0,15247.5,14867.5,11:00,in_va,inside_both,above_week_vah,neg,pos
short,2023-08-31 13:45:00-04:00,2023-08-31,2023-08-31 14:15:00-04:00,sl,15552.625,15586.92857142857,15552.75,15586.80357142857,15502.642857142859,16.053571428571427,0.7608695652173914,-413,-177,9,15558.5,15569.25,-34.30357142857065,-686.071428571413,-690.571428571413,15562.5,15582.5,15510.0,15696.68101800139,15308.814671492808,15634.149924080888,15371.262124583116,15105.0,15247.5,14867.5,13:00,in_va,inside_both,above_week_vah,neg,pos
short,2023-09-01 09:35:00-04:00,2023-09-01,2023-09-01 16:55:00-04:00,eod,15555.125,15511.375,15555.25,15650.19642857143,15428.607142857141,31.696428571428573,0.9433962264150944,-1398,-194,3,15616.0,15634.0,43.75,875.0,870.5,15632.5,15662.5,15560.0,15666.167727517168,15503.537011541579,15662.991791154951,15506.69334335835,15105.0,15247.5,14867.5,09:00,below_val,inside_both,above_week_vah,neg,pos
short,2023-09-05 15:10:00-04:00,2023-09-05,2023-09-05 16:55:00-04:00,eod,15546.875,15517.625,15547.0,15578.482142857143,15501.535714285714,13.982142857142858,0.7701149425287356,-705,-363,22,15559.5,15564.0,29.25,585.0,580.5,15472.5,15537.5,15447.5,15718.476770846335,15274.91734244176,15654.170687485903,15339.101125571126,14960.0,15142.5,14837.5,15:00,above_vah,inside_both,above_week_vah,neg,pos
short,2023-09-06 10:00:00-04:00,2023-09-06,2023-09-06 16:55:00-04:00,eod,15411.375,15386.875,15411.5,15507.017857142857,15291.964285714286,24.017857142857142,0.976027397260274,-1212,-32,-1,15460.5,15476.75,24.5,490.0,485.5,15490.0,15502.5,15472.5,15594.68374431464,15422.405787336571,15578.853144713854,15438.218023747873,14960.0,15142.5,14837.5,10:00,below_val,outside_both,above_week_vah,neg,neg
short,2023-09-06 10:55:00-04:00,2023-09-06,2023-09-06 16:55:00-04:00,eod,15374.875,15386.875,15375.0,15441.375,15277.25,31.375,0.9236111111111112,-656,-45,72,15375.75,15399.5,-12.0,-240.0,-244.5,15490.0,15527.5,15417.5,15653.874856351318,15363.283335845512,15608.000155902075,15409.104822529132,14960.0,15142.5,14837.5,10:00,below_val,inside_14_only,above_week_vah,neg,pos
short,2023-09-07 10:30:00-04:00,2023-09-07,2023-09-07 10:40:00-04:00,sl,15189.875,15249.19642857143,15190.0,15249.07142857143,15098.107142857141,32.82142857142857,0.711864406779661,-621,-259,86,15204.0,15215.0,-59.32142857142935,-1186.428571428587,-1190.928571428587,15215.0,15265.0,15160.0,15510.189633596587,15078.554550149647,15468.647268461846,15119.594062797258,14960.0,15142.5,14837.5,10:00,in_va,inside_both,above_week_vah,neg,pos
short,2023-09-19 10:35:00-04:00,2023-09-19,2023-09-19 13:00:00-04:00,sl,15254.125,15314.910714285714,15254.25,15314.785714285714,15166.928571428572,26.785714285714285,0.7956204379562044,-307,-11,227,15258.0,15264.25,-60.785714285713766,-1215.7142857142753,-1220.2142857142753,15345.0,15372.5,15275.0,15484.245157797151,15296.273519199023,15509.097592691822,15271.534267789311,15352.5,15422.5,15177.5,10:00,below_val,outside_both,in_week_va,neg,pos
short,2023-09-11 09:35:00-04:00,2023-09-11,2023-09-11 13:40:00-04:00,sl,15586.875,15656.17857142857,15587.0,15656.05357142857,15504.392857142859,13.553571428571429,0.7415254237288136,-642,-93,183,15613.5,15618.25,-69.30357142857065,-1386.071428571413,-1390.571428571413,15625.0,15645.0,15575.0,15655.337442024631,15276.883103388727,15648.059383642792,15284.018801951399,15505.0,15637.5,15330.0,09:00,in_va,inside_both,in_week_va,neg,pos
short,2023-09-12 10:20:00-04:00,2023-09-12,2023-09-12 11:05:00-04:00,tp,15614.375,15538.875,15614.5,15668.25,15538.75,22.0,0.9692307692307692,-747,-19,3,15616.75,15627.0,75.5,1510.0,1505.5,15645.0,15652.5,15615.0,15776.555153612693,15494.417442633387,15746.109906510112,15524.727658167774,15505.0,15637.5,15330.0,10:00,below_val,inside_both,in_week_va,neg,pos
short,2023-09-15 13:15:00-04:00,2023-09-15,2023-09-15 16:55:00-04:00,eod,15400.375,15383.125,15400.5,15438.267857142857,15345.964285714286,16.767857142857142,0.7640449438202247,-650,-181,19,15406.0,15463.25,17.25,345.0,340.5,15430.0,15575.0,15412.5,15793.012755062486,15495.230135202097,15786.800457710524,15501.415982070188,15505.0,15637.5,15330.0,13:00,below_val,outside_both,in_week_va,neg,pos
short,2023-09-13 14:50:00-04:00,2023-09-13,2023-09-13 16:55:00-04:00,eod,15537.125,15573.125,15537.25,15584.285714285714,15475.178571428572,15.035714285714286,0.8978102189781022,-728,-60,5,15540.5,15550.75,-36.0,-720.0,-724.5,15580.0,15612.5,15502.5,15635.488405450886,15374.280383979802,15634.755025166543,15375.013657846908,15505.0,15637.5,15330.0,14:00,in_va,inside_both,in_week_va,neg,pos
short,2023-09-15 10:50:00-04:00,2023-09-15,2023-09-15 16:55:00-04:00,eod,15434.875,15383.125,15435.0,15504.589285714286,15336.571428571428,28.839285714285715,0.8901098901098901,-358,-131,8,15469.25,15488.75,51.75,1035.0,1030.5,15495.0,15627.5,15465.0,15769.357594883333,15518.7845773381,15764.106313803322,15524.013499712846,15505.0,15637.5,15330.0,10:00,below_val,outside_both,in_week_va,neg,pos
short,2023-09-15 14:50:00-04:00,2023-09-15,2023-09-15 15:25:00-04:00,sl,15362.125,15402.857142857143,15362.25,15402.732142857143,15306.785714285714,14.982142857142858,0.782258064516129,-605,-410,85,15362.75,15364.75,-40.73214285714312,-814.6428571428623,-819.1428571428623,15430.0,15550.0,15372.5,15799.7824829539,15488.489231201145,15807.153753912218,15481.149345360527,15505.0,15637.5,15330.0,14:00,below_val,outside_both,in_week_va,neg,pos
short,2023-09-18 14:50:00-04:00,2023-09-18,2023-09-18 16:55:00-04:00,eod,15386.625,15425.375,15386.75,15435.875,15324.5,13.125,0.8452380952380952,-1273,-56,7,15387.5,15395.25,-38.75,-775.0,-779.5,15410.0,15450.0,15395.0,15488.051952656655,15251.380725607245,15512.084868922353,15227.389600962826,15352.5,15422.5,15177.5,14:00,below_val,inside_both,in_week_va,neg,pos
short,2023-09-18 12:05:00-04:00,2023-09-18,2023-09-18 14:50:00-04:00,tp,15433.875,15390.410714285714,15434.0,15462.232142857143,15390.285714285714,15.482142857142858,0.8103448275862069,-388,-45,12,15442.25,15446.75,43.464285714286234,869.2857142857247,864.7857142857247,15410.0,15427.5,15377.5,15472.255496270347,15267.149713020772,15489.880678352465,15249.555179942141,15352.5,15422.5,15177.5,12:00,above_vah,inside_both,above_week_vah,neg,pos
short,2023-09-20 10:45:00-04:00,2023-09-20,2023-09-20 14:00:00-04:00,tp,15368.125,15299.660714285714,15368.25,15414.732142857143,15299.535714285714,22.232142857142858,0.7878787878787878,-462,-105,292,15373.75,15381.75,68.46428571428623,1369.2857142857247,1364.7857142857247,15372.5,15412.5,15365.0,15486.37975217568,15316.028067012436,15503.752230681835,15298.696430463306,15352.5,15422.5,15177.5,10:00,in_va,inside_both,in_week_va,neg,pos
short,2023-09-20 15:30:00-04:00,2023-09-20,2023-09-20 16:55:00-04:00,eod,15201.875,15133.875,15202.0,15300.732142857143,15061.035714285714,42.232142857142854,0.8148148148148148,-1607,-115,71,15223.25,15231.25,68.0,1360.0,1355.5,15372.5,15420.0,15332.5,15514.555801647039,15287.918258233289,15558.892542660991,15243.685751009029,15352.5,15422.5,15177.5,15:00,below_val,outside_both,in_week_va,neg,pos
short,2023-09-21 09:50:00-04:00,2023-09-21,2023-09-21 10:15:00-04:00,sl,14938.875,14988.089285714286,14939.0,14987.964285714286,14868.321428571428,21.714285714285715,0.7633587786259542,-300,87,10,14952.0,14961.25,-49.214285714286234,-984.2857142857247,-988.7857142857247,14995.0,15057.5,14947.5,15175.984124150242,14946.17262391913,15185.559824589202,14936.689145060349,15352.5,15422.5,15177.5,09:00,below_val,inside_90_only,below_week_val,pos,pos
short,2023-09-22 15:50:00-04:00,2023-09-22,2023-09-22 16:55:00-04:00,eod,14859.875,14876.375,14860.0,14915.035714285714,14778.678571428572,26.285714285714285,0.7862068965517242,-593,-256,2,14873.25,14889.0,-16.5,-330.0,-334.5,14920.0,14972.5,14875.0,15042.250971418398,14745.614385752611,15077.893563221747,14710.181175534583,15352.5,15422.5,15177.5,15:00,below_val,inside_both,below_week_val,neg,pos
short,2023-09-25 12:30:00-04:00,2023-09-25,2023-09-25 12:50:00-04:00,tp,14916.625,14867.553571428572,14916.75,14948.535714285714,14867.428571428572,17.535714285714285,0.8,-454,-36,91,14920.0,14928.5,49.07142857142753,981.4285714285506,976.9285714285506,14855.0,14895.0,14807.5,14952.299185643318,14748.715366603185,14977.032914791436,14724.067678660573,15555.0,15682.5,15517.5,12:00,above_vah,inside_both,below_week_val,neg,pos
short,2023-09-25 14:20:00-04:00,2023-09-25,2023-09-25 15:50:00-04:00,sl,14884.875,14921.089285714286,14885.0,14920.964285714286,14832.821428571428,16.214285714285715,0.7380952380952381,-246,-44,111,14890.5,14897.75,-36.214285714286234,-724.2857142857247,-728.7857142857247,14900.0,14915.0,14837.5,14963.824097575605,14737.23054637361,14990.029598666624,14711.116206340082,15555.0,15682.5,15517.5,14:00,in_va,inside_both,below_week_val,neg,pos
short,2023-09-26 09:45:00-04:00,2023-09-26,2023-09-26 10:15:00-04:00,tp,14799.375,14732.732142857141,14799.5,14849.57142857143,14732.607142857141,16.821428571428573,0.8260869565217391,-879,-61,157,14802.75,14828.25,66.6428571428587,1332.857142857174,1328.357142857174,14827.5,14867.5,14812.5,14986.80071367559,14789.500997910467,14991.739375249786,14784.603957054505,15555.0,15682.5,15517.5,09:00,below_val,inside_both,below_week_val,neg,pos
short,2023-09-26 13:35:00-04:00,2023-09-26,2023-09-26 16:55:00-04:00,eod,14715.875,14725.375,14716.0,14756.964285714286,14657.571428571428,17.464285714285715,0.7043478260869566,-590,-203,56,14724.5,14730.25,-9.5,-190.0,-194.5,14762.5,14822.5,14725.0,15038.138907384066,14738.595458366077,15058.37683225781,14718.528089209947,15555.0,15682.5,15517.5,13:00,below_val,outside_both,below_week_val,neg,pos
short,2023-09-26 13:25:00-04:00,2023-09-26,2023-09-26 15:15:00-04:00,tp,14739.625,14682.303571428572,14739.75,14780.160714285714,14682.178571428572,17.160714285714285,0.7525773195876289,-347,-46,47,14746.25,14750.25,57.32142857142753,1146.4285714285506,1141.9285714285506,14762.5,14825.0,14725.0,15035.50745468019,14741.204734423529,15057.579447600561,14719.318753884132,15555.0,15682.5,15517.5,13:00,in_va,inside_90_only,below_week_val,neg,pos
short,2023-09-27 10:40:00-04:00,2023-09-27,2023-09-27 12:00:00-04:00,tp,14732.125,14661.553571428572,14732.25,14775.285714285714,14661.428571428572,27.785714285714285,0.8571428571428571,-334,-118,7,14743.25,14761.75,70.57142857142753,1411.4285714285506,1406.9285714285506,14765.0,14777.5,14737.5,14806.656749954713,14671.944610016733,14830.544632859564,14648.102063612063,15555.0,15682.5,15517.5,10:00,below_val,inside_both,below_week_val,neg,pos
short,2023-09-27 11:40:00-04:00,2023-09-27,2023-09-27 13:40:00-04:00,tp,14688.625,14606.089285714286,14688.75,14744.642857142857,14605.964285714286,26.892857142857142,0.8403361344537815,-873,-51,140,14711.25,14716.75,82.53571428571377,1650.7142857142753,1646.2142857142753,14765.0,14777.5,14725.0,14832.737151969599,14645.913705655339,14848.326182444001,14630.354261397757,15555.0,15682.5,15517.5,11:00,below_val,inside_both,below_week_val,neg,pos
short,2023-09-27 12:00:00-04:00,2023-09-27,2023-09-27 14:35:00-04:00,sl,14656.375,14706.857142857143,14656.5,14706.732142857143,14583.535714285714,22.732142857142858,0.9464285714285714,-984,-23,10,14672.75,14683.25,-50.48214285714312,-1009.6428571428623,-1014.1428571428623,14765.0,14777.5,14720.0,14830.025707567836,14648.620004042275,14854.851260874053,14623.841566828622,15555.0,15682.5,15517.5,12:00,below_val,inside_both,below_week_val,neg,pos
short,2023-09-27 13:10:00-04:00,2023-09-27,2023-09-27 14:30:00-04:00,sl,14648.625,14699.80357142857,14648.75,14699.67857142857,14579.392857142859,18.428571428571427,0.8601398601398601,-995,-185,-10,14657.0,14662.5,-51.17857142857065,-1023.571428571413,-1028.071428571413,14765.0,14787.5,14710.0,14826.791947510463,14651.84762678878,14851.917837430537,14626.76942296619,15555.0,15682.5,15517.5,13:00,below_val,inside_90_only,below_week_val,neg,neg
short,2023-09-27 15:40:00-04:00,2023-09-27,2023-09-27 16:50:00-04:00,sl,14710.625,14773.67857142857,14710.75,14773.55357142857,14619.642857142859,28.303571428571427,0.7771428571428571,-533,-50,9,14719.5,14738.75,-63.05357142857065,-1261.071428571413,-1265.571428571413,14765.0,14795.0,14687.5,14860.186027275347,14618.516925210626,14887.786849732134,14590.968485993386,15555.0,15682.5,15517.5,15:00,in_va,inside_both,below_week_val,neg,pos
short,2023-09-27 15:35:00-04:00,2023-09-27,2023-09-27 16:55:00-04:00,eod,14744.875,14766.625,14745.0,14798.75,14663.75,27.5,0.7591240875912408,-538,-186,1,14756.0,14768.5,-21.75,-435.0,-439.5,14765.0,14795.0,14685.0,14856.563621209365,14622.132456359568,14885.556768679273,14593.194334604616,15555.0,15682.5,15517.5,15:00,in_va,inside_both,below_week_val,neg,pos
short,2023-09-28 12:45:00-04:00,2023-09-28,2023-09-28 13:40:00-04:00,tp,14902.625,14833.017857142859,14902.75,14952.80357142857,14832.892857142859,19.803571428571427,0.9180327868852459,-1610,-21,23,14919.75,14926.25,69.6071428571413,1392.142857142826,1387.642857142826,14767.5,14782.5,14685.0,14841.998840266699,14620.115450009873,14865.05289705603,14597.17263160108,15555.0,15682.5,15517.5,12:00,above_vah,outside_both,below_week_val,neg,pos
short,2023-09-28 13:30:00-04:00,2023-09-28,2023-09-28 15:25:00-04:00,sl,14852.625,14904.55357142857,14852.75,14904.42857142857,14776.142857142859,24.928571428571427,0.8070175438596491,-661,-68,133,14860.0,14875.5,-51.92857142857065,-1038.571428571413,-1043.071428571413,14767.5,14785.0,14670.0,14856.691015565162,14605.49416608648,14872.53097752,14589.730633704614,15555.0,15682.5,15517.5,13:00,above_vah,inside_both,below_week_val,neg,pos
short,2023-09-29 10:20:00-04:00,2023-09-29,2023-09-29 13:00:00-04:00,tp,14975.375,14872.196428571428,14975.5,15051.214285714286,14872.071428571428,27.714285714285715,0.8787878787878788,-1561,-56,151,14976.75,15001.25,103.17857142857247,2063.5714285714494,2059.0714285714494,14995.0,15060.0,14955.0,15057.594634958024,14820.872773592439,15074.30224109285,14804.304383587123,15555.0,15682.5,15517.5,10:00,in_va,inside_both,below_week_val,neg,pos
short,2023-10-03 10:05:00-04:00,2023-10-03,2023-10-03 11:30:00-04:00,tp,14825.375,14723.589285714286,14825.5,14895.142857142857,14723.464285714286,32.392857142857146,0.71875,-400,-74,314,14847.75,14873.5,101.78571428571377,2035.7142857142753,2031.2142857142753,14900.0,14965.0,14852.5,15050.601578640883,14822.583432344773,15055.947846657922,14817.277192247351,15372.5,15460.0,14985.0,10:00,below_val,inside_both,below_week_val,neg,pos
short,2023-10-03 10:00:00-04:00,2023-10-03,2023-10-03 13:50:00-04:00,tp,14854.375,14693.446428571428,14854.5,14985.214285714286,14693.321428571428,30.464285714285715,0.9414634146341463,-1351,-68,7,14890.0,14908.0,160.92857142857247,3218.5714285714494,3214.0714285714494,14900.0,14970.0,14852.5,15034.710731805319,14838.355303188522,15048.083838740497,14825.082321732983,15372.5,15460.0,14985.0,10:00,in_va,inside_both,below_week_val,neg,pos
short,2023-10-03 13:15:00-04:00,2023-10-03,2023-10-03 14:15:00-04:00,tp,14735.125,14672.839285714286,14735.25,14776.767857142857,14672.714285714286,21.017857142857142,0.717391304347826,-423,-91,15,14745.0,14760.75,62.285714285713766,1245.7142857142753,1241.2142857142753,14750.0,14902.5,14710.0,15091.069030120867,14782.418963784823,15097.70322448082,14775.834440148024,15372.5,15460.0,14985.0,13:00,in_va,outside_both,below_week_val,neg,pos
short,2023-10-03 15:05:00-04:00,2023-10-03,2023-10-03 15:55:00-04:00,sl,14681.125,14723.80357142857,14681.25,14723.67857142857,14620.142857142859,18.678571428571427,0.71875,-537,-219,10,14687.0,14707.25,-42.67857142857065,-853.571428571413,-858.071428571413,14750.0,14892.5,14670.0,15078.673892492483,14794.72129806495,15115.421207331881,14758.249113196583,15372.5,15460.0,14985.0,15:00,in_va,outside_both,below_week_val,neg,pos
short,2023-10-05 10:35:00-04:00,2023-10-05,2023-10-05 12:25:00-04:00,sl,14731.625,14821.089285714286,14731.75,14820.964285714286,14607.321428571428,35.214285714285715,0.8669527896995708,-1037,94,33,14763.5,14773.75,-89.46428571428623,-1789.2857142857247,-1793.7857142857247,14907.5,14937.5,14855.0,14954.50755179142,14857.0122885122,14988.294110721594,14823.240459787476,15372.5,15460.0,14985.0,10:00,below_val,outside_both,below_week_val,pos,pos
short,2023-10-20 15:50:00-04:00,2023-10-20,2023-10-20 16:55:00-04:00,eod,14655.375,14649.125,14655.5,14708.892857142857,14577.214285714286,24.892857142857142,0.8217054263565892,-1286,-89,12,14660.0,14685.75,6.25,125.0,120.5,14702.5,14820.0,14665.0,15036.14519074704,14676.995010584427,15006.98769551827,14706.12896401722,14870.0,14962.5,14740.0,15:00,below_val,outside_both,below_week_val,neg,pos
short,2023-10-20 10:55:00-04:00,2023-10-20,2023-10-20 11:55:00-04:00,sl,14682.625,14737.75,14682.75,14737.625,14595.75,32.125,0.9361702127659575,-303,-32,12,14702.25,14726.5,-55.125,-1102.5,-1107.0,14850.0,14872.5,14810.0,14955.568732785505,14757.50641101893,14946.704868212113,14766.363118897627,14870.0,14962.5,14740.0,10:00,below_val,outside_both,below_week_val,neg,pos
short,2023-10-19 14:40:00-04:00,2023-10-19,2023-10-19 16:55:00-04:00,eod,14898.875,14850.625,14899.0,14956.517857142857,14808.464285714286,33.017857142857146,0.8942307692307693,-223,-34,20,14899.5,14918.5,48.25,965.0,960.5,15045.0,15067.5,14982.5,15243.810952741864,14905.211005005242,15215.664769929734,14933.308217656722,14870.0,14962.5,14740.0,14:00,below_val,outside_both,in_week_va,neg,pos
short,2023-10-06 15:50:00-04:00,2023-10-06,2023-10-06 16:55:00-04:00,eod,15113.375,15139.625,15113.5,15157.17857142857,15052.392857142859,17.428571428571427,0.9629629629629629,-897,-30,3,15123.0,15132.5,-26.25,-525.0,-529.5,15042.5,15160.0,14790.0,14975.57202400028,14622.141860561,14998.491322422395,14599.414960401296,15372.5,15460.0,14985.0,15:00,in_va,outside_both,in_week_va,neg,pos
short,2023-10-09 10:35:00-04:00,2023-10-09,2023-10-09 12:15:00-04:00,sl,15002.875,15072.5,15003.0,15072.375,14895.25,38.375,0.7414965986394558,-284,53,77,15022.0,15044.5,-69.625,-1392.5,-1397.0,15010.0,15030.0,14982.5,15212.766676732703,14939.847931936347,15220.66068396564,14932.020144784561,14765.0,14880.0,14655.0,10:00,in_va,inside_both,above_week_vah,pos,pos
short,2023-10-18 15:40:00-04:00,2023-10-18,2023-10-18 16:00:00-04:00,sl,15013.375,15051.82142857143,15013.5,15051.69642857143,14955.357142857141,19.946428571428573,0.7662337662337663,-525,-35,-6,15021.75,15038.5,-38.44642857142935,-768.928571428587,-773.428571428587,15140.0,15172.5,15087.5,15416.623821166279,14957.902763187685,15389.05009365341,14985.274334620548,14870.0,14962.5,14740.0,15:00,below_val,inside_both,above_week_vah,neg,neg
short,2023-10-13 11:20:00-04:00,2023-10-13,2023-10-13 16:55:00-04:00,eod,15152.625,15107.625,15152.75,15219.660714285714,15056.178571428572,29.660714285714285,0.8113207547169812,-959,-84,51,15176.25,15188.0,45.0,900.0,895.5,15325.0,15350.0,15257.5,15450.907480612408,15215.471770248527,15442.441554125058,15223.927626299117,14765.0,14880.0,14655.0,11:00,below_val,outside_both,above_week_vah,neg,pos
short,2023-10-10 13:00:00-04:00,2023-10-10,2023-10-10 16:55:00-04:00,eod,15302.375,15282.125,15302.5,15378.5,15209.75,16.75,0.9831932773109243,-2038,-8,-3,15351.25,15361.5,20.25,405.0,400.5,15367.5,15382.5,15215.0,15340.805929446244,15054.744837476683,15310.700829519248,15084.839044469263,14765.0,14880.0,14655.0,13:00,in_va,inside_both,above_week_vah,neg,neg
short,2023-10-10 14:50:00-04:00,2023-10-10,2023-10-10 16:55:00-04:00,eod,15267.875,15282.125,15268.0,15317.67857142857,15196.892857142859,21.428571428571427,0.9304347826086956,-709,-13,21,15273.5,15298.5,-14.25,-285.0,-289.5,15290.0,15335.0,15200.0,15364.799784514958,15030.759664109419,15332.111073909318,15063.436546952265,14765.0,14880.0,14655.0,14:00,in_va,inside_both,above_week_vah,neg,pos
short,2023-10-11 13:35:00-04:00,2023-10-11,2023-10-11 14:00:00-04:00,sl,15257.125,15288.232142857143,15257.25,15288.107142857143,15208.285714285714,18.107142857142858,0.8461538461538461,-499,-11,86,15263.0,15267.25,-31.107142857143117,-622.1428571428623,-626.6428571428623,15325.0,15340.0,15287.5,15478.549392722543,15129.133239615283,15445.262164702692,15162.326526419696,14765.0,14880.0,14655.0,13:00,below_val,inside_both,above_week_vah,neg,pos
short,2023-10-11 11:15:00-04:00,2023-10-11,2023-10-11 16:00:00-04:00,sl,15329.625,15397.55357142857,15329.75,15397.42857142857,15235.892857142859,26.178571428571427,0.7804878048780488,-1529,-340,21,15350.25,15357.5,-67.92857142857065,-1358.571428571413,-1363.071428571413,15327.5,15342.5,15287.5,15433.457895030824,15174.09748279075,15421.836339679845,15185.686240486297,14765.0,14880.0,14655.0,11:00,in_va,inside_both,above_week_vah,neg,pos
short,2023-10-11 11:25:00-04:00,2023-10-11,2023-10-11 15:45:00-04:00,sl,15312.875,15366.107142857143,15313.0,15365.982142857143,15233.535714285714,26.482142857142858,0.8636363636363636,-299,-78,82,15320.0,15329.5,-53.23214285714312,-1064.6428571428623,-1069.1428571428623,15325.0,15345.0,15290.0,15441.425461116654,15166.152402291336,15425.36411212048,15182.168423913141,14765.0,14880.0,14655.0,11:00,in_va,inside_both,above_week_vah,neg,pos
short,2023-10-11 13:15:00-04:00,2023-10-11,2023-10-11 14:20:00-04:00,sl,15270.125,15325.267857142857,15270.25,15325.142857142857,15197.464285714286,17.892857142857142,0.8333333333333334,-1274,-192,42,15276.25,15285.0,-55.14285714285688,-1102.8571428571377,-1107.3571428571377,15325.0,15340.0,15290.0,15473.658412053053,15134.010417252915,15438.851681445129,15168.718918396471,14765.0,14880.0,14655.0,13:00,below_val,inside_both,above_week_vah,neg,pos
short,2023-10-12 13:00:00-04:00,2023-10-12,2023-10-12 13:35:00-04:00,tp,15389.625,15297.339285714286,15389.75,15460.642857142857,15297.214285714286,21.642857142857142,0.7863247863247863,-1499,-194,43,15400.0,15419.25,92.28571428571377,1845.7142857142753,1841.2142857142753,15422.5,15457.5,15402.5,15552.345392162397,15251.815399451436,15521.94940982039,15282.176864998928,14765.0,14880.0,14655.0,13:00,below_val,inside_both,above_week_vah,neg,pos
short,2023-10-13 11:50:00-04:00,2023-10-13,2023-10-13 12:25:00-04:00,sl,15122.875,15183.642857142857,15123.0,15183.517857142857,15035.214285714286,27.267857142857142,0.8223684210526315,-1311,-387,0,15145.5,15163.75,-60.76785714285688,-1215.3571428571377,-1219.8571428571377,15325.0,15357.5,15237.5,15478.372606716333,15188.039314616753,15452.688923924627,15213.692446008834,14765.0,14880.0,14655.0,11:00,below_val,outside_both,above_week_vah,neg,zero
short,2023-10-16 12:10:00-04:00,2023-10-16,2023-10-16 13:00:00-04:00,sl,15262.875,15302.589285714286,15263.0,15302.464285714286,15203.321428571428,20.214285714285715,0.8275862068965517,-481,-57,23,15265.0,15278.5,-39.714285714286234,-794.2857142857247,-798.7857142857247,15305.0,15320.0,15175.0,15320.898427132784,14963.255601745615,15289.0532025835,14994.957086318513,14870.0,14962.5,14740.0,12:00,in_va,inside_both,above_week_vah,neg,pos
short,2023-10-16 15:45:00-04:00,2023-10-16,2023-10-16 16:55:00-04:00,eod,15305.625,15304.875,15305.75,15331.517857142857,15264.714285714286,15.267857142857142,0.7450980392156863,-212,-99,2,15310.0,15314.0,0.75,15.0,10.5,15307.5,15327.5,15217.5,15359.669087286626,14924.659940947371,15324.397061095504,14959.772759587484,14870.0,14962.5,14740.0,15:00,in_va,inside_both,above_week_vah,neg,pos
short,2023-10-17 09:40:00-04:00,2023-10-17,2023-10-17 10:10:00-04:00,sl,15108.375,15149.267857142857,15108.5,15149.142857142857,15048.964285714286,18.892857142857142,0.7747747747747747,-317,-523,2,15110.75,15126.25,-40.89285714285688,-817.8571428571377,-822.3571428571377,15125.0,15257.5,15110.0,15343.428668978728,15100.241483504502,15341.591903938861,15102.058296425721,14870.0,14962.5,14740.0,09:00,below_val,inside_both,above_week_vah,neg,pos
short,2023-10-17 13:50:00-04:00,2023-10-17,2023-10-17 16:55:00-04:00,eod,15205.625,15242.625,15205.75,15264.232142857143,15126.535714285714,20.732142857142858,0.8304093567251462,-863,-117,88,15218.0,15226.0,-37.0,-740.0,-744.5,15267.5,15305.0,15165.0,15465.827304220815,14979.172420657194,15428.991470231473,15015.608120217636,14870.0,14962.5,14740.0,13:00,in_va,inside_both,above_week_vah,neg,pos
short,2023-10-17 14:50:00-04:00,2023-10-17,2023-10-17 16:55:00-04:00,eod,15188.625,15242.625,15188.75,15258.642857142857,15094.464285714286,24.392857142857142,0.8955223880597015,-1183,-102,12,15191.0,15215.5,-54.0,-1080.0,-1084.5,15207.5,15300.0,15177.5,15475.80233782569,14969.305742258173,15438.09963535942,15006.598893814758,14870.0,14962.5,14740.0,14:00,in_va,inside_both,above_week_vah,neg,pos
short,2023-10-18 10:30:00-04:00,2023-10-18,2023-10-18 15:05:00-04:00,tp,15131.625,15029.375,15131.75,15196.125,15029.25,38.125,0.8429752066115702,-1020,-59,26,15146.0,15159.5,102.25,2045.0,2040.5,15155.0,15190.0,15130.0,15316.888837297523,15056.906542565885,15316.23634512907,15057.554251004649,14870.0,14962.5,14740.0,10:00,in_va,inside_both,above_week_vah,neg,pos
short,2023-10-18 10:50:00-04:00,2023-10-18,2023-10-18 11:25:00-04:00,sl,15096.875,15158.267857142857,15097.0,15158.142857142857,15001.464285714286,34.392857142857146,0.8378378378378378,-865,-49,84,15104.5,15119.0,-61.39285714285688,-1227.8571428571377,-1232.3571428571377,15155.0,15187.5,15125.0,15342.848433772815,15031.13726821007,15327.622803297561,15046.251272363816,14870.0,14962.5,14740.0,10:00,below_val,inside_both,above_week_vah,neg,pos
short,2023-10-18 14:15:00-04:00,2023-10-18,2023-10-18 15:45:00-04:00,tp,15081.625,15005.232142857141,15081.75,15130.82142857143,15005.107142857141,27.571428571428573,0.8936170212765957,-568,-75,5,15089.5,15109.0,76.3928571428587,1527.857142857174,1523.357142857174,15140.0,15170.0,15102.5,15407.272400272666,14967.18562437752,15369.653772195104,15004.528452442772,14870.0,14962.5,14740.0,14:00,below_val,inside_both,above_week_vah,neg,pos
short,2023-10-18 14:35:00-04:00,2023-10-18,2023-10-18 15:45:00-04:00,tp,15076.875,15003.517857142859,15077.0,15123.92857142857,15003.392857142859,26.678571428571427,0.927710843373494,-367,-4,39,15084.5,15096.5,73.3571428571413,1467.142857142826,1462.642857142826,15140.0,15170.0,15100.0,15400.901887158201,14973.50943223756,15370.777229354564,15003.413231880824,14870.0,14962.5,14740.0,14:00,below_val,inside_both,above_week_vah,neg,pos
short,2023-10-19 10:25:00-04:00,2023-10-19,2023-10-19 12:00:00-04:00,sl,15004.125,15095.214285714286,15004.25,15095.089285714286,14878.321428571428,35.089285714285715,0.9513274336283186,-1134,-25,71,15027.25,15050.0,-91.08928571428623,-1821.7857142857247,-1826.2857142857247,15045.0,15092.5,15025.0,15164.030921160953,14984.852231228804,15162.500504316391,14986.379985376288,14870.0,14962.5,14740.0,10:00,below_val,inside_both,above_week_vah,neg,pos
short,2023-10-19 12:30:00-04:00,2023-10-19,2023-10-19 16:55:00-04:00,eod,14962.375,14850.625,14962.5,15092.30357142857,14786.392857142859,46.30357142857143,0.8232044198895028,-1098,-347,27,14966.25,14984.0,111.75,2235.0,2230.5,15045.0,15075.0,15000.0,15213.013904895563,14935.954470581057,15200.824438402007,14948.122729220728,14870.0,14962.5,14740.0,12:00,below_val,inside_both,in_week_va,neg,pos
short,2023-10-19 15:40:00-04:00,2023-10-19,2023-10-19 16:55:00-04:00,eod,14857.875,14850.625,14858.0,14923.375,14765.75,26.875,0.8875739644970414,-1444,-62,16,14884.5,14892.5,7.25,145.0,140.5,15045.0,15080.0,14975.0,15258.152248247716,14890.894661214854,15232.028610200421,14916.972848027766,14870.0,14962.5,14740.0,15:00,below_val,outside_both,in_week_va,neg,pos
short,2023-10-20 10:10:00-04:00,2023-10-20,2023-10-20 11:25:00-04:00,tp,14783.125,14669.303571428572,14783.25,14864.410714285714,14669.178571428572,32.910714285714285,0.8934010152284264,-1145,-39,62,14810.75,14820.75,113.82142857142753,2276.4285714285506,2271.9285714285506,14850.0,14857.5,14820.0,14912.124122273633,14800.91594430112,14926.509968200191,14786.541713523502,14870.0,14962.5,14740.0,10:00,below_val,outside_both,in_week_va,neg,pos
short,2023-10-20 14:10:00-04:00,2023-10-20,2023-10-20 16:55:00-04:00,eod,14735.125,14649.125,14735.25,14799.089285714286,14642.571428571428,28.839285714285715,0.8490566037735849,-693,-112,14,14743.75,14755.25,86.0,1720.0,1715.5,14850.0,14882.5,14740.0,15018.69054294403,14694.435565484253,14984.206453978011,14728.891811956235,14870.0,14962.5,14740.0,14:00,below_val,inside_both,below_week_val,neg,pos
short,2023-10-20 15:40:00-04:00,2023-10-20,2023-10-20 16:55:00-04:00,eod,14674.375,14649.125,14674.5,14723.875,14600.0,25.125,0.8125,-255,-234,6,14688.5,14705.5,25.25,505.0,500.5,14702.5,14822.5,14667.5,15040.616456268266,14672.527355168248,15005.423892896142,14707.69150402327,14870.0,14962.5,14740.0,15:00,in_va,inside_14_only,below_week_val,neg,pos
short,2023-10-25 09:30:00-04:00,2023-10-25,2023-10-25 12:40:00-04:00,tp,14672.125,14560.875,14672.25,14766.5,14560.75,17.25,0.860248447204969,-1607,-237,151,14688.75,14695.5,111.25,2225.0,2220.5,14750.0,14790.0,14737.5,14833.21333178256,14739.051492306686,14834.728016846066,14737.545922469446,15290.0,15460.0,15195.0,09:00,below_val,outside_both,below_week_val,neg,pos
short,2023-10-23 15:20:00-04:00,2023-10-23,2023-10-23 16:55:00-04:00,eod,14741.875,14749.125,14742.0,14796.714285714286,14661.071428571428,26.214285714285715,0.7051282051282052,-604,-139,9,14763.5,14772.5,-7.25,-145.0,-149.5,14795.0,14845.0,14632.5,14809.554471135332,14442.455173407488,14785.005284411745,14466.926434185096,15290.0,15460.0,15195.0,15:00,in_va,inside_both,below_week_val,neg,pos
short,2023-10-24 12:20:00-04:00,2023-10-24,2023-10-24 14:25:00-04:00,sl,14757.375,14800.982142857143,14757.5,14800.857142857143,14691.535714285714,22.607142857142858,0.7419354838709677,-794,-54,61,14763.0,14778.0,-43.60714285714312,-872.1428571428623,-876.6428571428623,14805.0,14827.5,14770.0,14911.676347169292,14615.837738270775,14890.436766275223,14637.035280510663,15290.0,15460.0,15195.0,12:00,below_val,inside_both,below_week_val,neg,pos
short,2023-10-24 09:45:00-04:00,2023-10-24,2023-10-24 10:25:00-04:00,sl,14773.375,14841.214285714286,14773.5,14841.089285714286,14684.821428571428,21.089285714285715,0.9158415841584159,-1031,-58,-3,14785.25,14812.5,-67.83928571428623,-1356.7857142857247,-1361.2857142857247,14805.0,14815.0,14772.5,14807.528170965708,14719.77977814875,14817.084986419293,14710.241878118304,15290.0,15460.0,15195.0,09:00,in_va,inside_both,below_week_val,neg,neg
short,2023-10-24 12:15:00-04:00,2023-10-24,2023-10-24 14:30:00-04:00,sl,14774.375,14821.035714285714,14774.5,14820.910714285714,14705.428571428572,22.660714285714285,0.9591836734693877,-564,-13,1,14775.75,14792.0,-46.660714285713766,-933.2142857142753,-937.7142857142753,14805.0,14827.5,14770.0,14916.911068692058,14610.613377623253,14890.555122382722,14636.917158660683,15290.0,15460.0,15195.0,12:00,in_va,inside_both,below_week_val,neg,pos
short,2023-10-25 10:50:00-04:00,2023-10-25,2023-10-25 13:00:00-04:00,tp,14626.125,14520.482142857141,14626.25,14699.44642857143,14520.357142857141,32.69642857142857,0.8959537572254336,-539,-157,21,14627.25,14639.75,105.6428571428587,2112.857142857174,2108.357142857174,14620.0,14747.5,14597.5,14912.586488982904,14660.155994987343,14915.205576881302,14657.552668503233,15290.0,15460.0,15195.0,10:00,in_va,outside_both,below_week_val,neg,pos
short,2023-10-25 11:20:00-04:00,2023-10-25,2023-10-25 13:25:00-04:00,tp,14620.125,14508.339285714286,14620.25,14697.767857142857,14508.214285714286,34.517857142857146,0.7925531914893617,-987,-146,73,14641.25,14658.5,111.78571428571377,2235.7142857142753,2231.2142857142753,14622.5,14737.5,14597.5,14938.381383674128,14634.516331444318,14931.891087641658,14640.967569511351,15290.0,15460.0,15195.0,11:00,in_va,outside_both,below_week_val,neg,pos
short,2023-10-25 12:35:00-04:00,2023-10-25,2023-10-25 13:25:00-04:00,tp,14569.375,14509.660714285714,14569.5,14607.232142857143,14509.535714285714,22.232142857142858,0.8805970149253731,-438,-34,-1,14574.75,14579.5,59.714285714286234,1194.2857142857247,1189.7857142857247,14622.5,14680.0,14565.0,14958.109870530028,14614.906568688813,14942.432193941651,14630.489898555985,15290.0,15460.0,15195.0,12:00,in_va,outside_both,below_week_val,neg,neg
short,2023-10-25 14:35:00-04:00,2023-10-25,2023-10-25 16:15:00-04:00,sl,14471.125,14505.55357142857,14471.25,14505.42857142857,14417.392857142859,19.678571428571427,0.7222222222222222,-254,-297,11,14472.25,14485.0,-34.42857142857065,-688.571428571413,-693.071428571413,14622.5,14770.0,14562.5,14987.99439448068,14585.201886874438,14957.20562977297,14615.805367813611,15290.0,15460.0,15195.0,14:00,below_val,outside_both,below_week_val,neg,pos
short,2023-10-26 09:35:00-04:00,2023-10-26,2023-10-26 11:40:00-04:00,tp,14370.875,14234.053571428572,14371.0,14477.160714285714,14233.928571428572,30.910714285714285,0.7161290322580646,-731,-77,436,14395.25,14404.5,136.82142857142753,2736.4285714285506,2731.9285714285506,14317.5,14400.0,14300.0,14503.120936899315,14385.992746884673,14494.482919164268,14394.603001641739,15290.0,15460.0,15195.0,09:00,in_va,outside_both,below_week_val,neg,pos
short,2023-10-26 13:20:00-04:00,2023-10-26,2023-10-26 13:45:00-04:00,sl,14147.625,14217.82142857143,14147.75,14217.69642857143,14050.107142857141,27.696428571428573,0.9120879120879121,-830,-34,-3,14184.5,14193.25,-70.19642857142935,-1403.928571428587,-1408.428571428587,14325.0,14400.0,14255.0,14584.38665534616,14304.988220116411,14581.84149432493,14307.525200875507,15290.0,15460.0,15195.0,13:00,below_val,outside_both,below_week_val,neg,neg
short,2023-10-26 15:30:00-04:00,2023-10-26,2023-10-26 16:55:00-04:00,eod,14247.625,14209.625,14247.75,14293.607142857143,14174.285714285714,27.607142857142858,0.8072289156626506,-422,-154,42,14255.75,14268.0,38.0,760.0,755.5,14325.0,14410.0,14250.0,14609.499228620793,14279.956359783131,14609.341048172868,14280.114031831972,15290.0,15460.0,15195.0,15:00,below_val,outside_both,below_week_val,neg,pos
short,2023-10-27 09:45:00-04:00,2023-10-27,2023-10-27 11:15:00-04:00,sl,14296.375,14382.732142857143,14296.5,14382.607142857143,14184.785714285714,25.607142857142858,0.7076923076923077,-616,-242,629,14302.0,14313.75,-86.35714285714312,-1727.1428571428623,-1731.6428571428623,14310.0,14337.5,14302.5,14345.59831746308,14171.164724121645,14346.485874122336,14170.283216024232,15290.0,15460.0,15195.0,09:00,below_val,inside_both,below_week_val,neg,pos
short,2023-10-27 12:45:00-04:00,2023-10-27,2023-10-27 13:15:00-04:00,tp,14315.125,14252.375,14315.25,14354.0,14252.25,24.25,0.8636363636363636,-388,-70,-1,14325.25,14334.75,62.75,1255.0,1250.5,14330.0,14347.5,14292.5,14438.951528916734,14078.447700416416,14420.356718524767,14096.915790041403,15290.0,15460.0,15195.0,12:00,in_va,inside_both,below_week_val,neg,neg
short,2023-10-27 15:35:00-04:00,2023-10-27,2023-10-27 15:55:00-04:00,sl,14214.625,14267.267857142857,14214.75,14267.142857142857,14134.214285714286,28.142857142857142,0.8888888888888888,-491,-19,28,14224.25,14238.0,-52.64285714285688,-1052.8571428571377,-1057.3571428571377,14330.0,14372.5,14277.5,14434.507772303506,14082.861173513196,14447.743840360597,14069.715307219967,15290.0,15460.0,15195.0,15:00,below_val,inside_both,below_week_val,neg,pos
short,2023-10-30 10:10:00-04:00,2023-10-30,2023-10-30 10:40:00-04:00,tp,14410.375,14317.553571428572,14410.5,14474.910714285714,14317.428571428572,28.660714285714285,0.73125,-245,-218,0,14413.0,14420.5,92.82142857142753,1856.4285714285506,1851.9285714285506,14365.0,14425.0,14317.5,14422.932788771519,14213.198343576241,14428.939862224654,14207.231308219494,15127.5,15300.0,14980.0,10:00,in_va,inside_both,below_week_val,neg,zero
short,2023-10-30 12:40:00-04:00,2023-10-30,2023-10-30 13:25:00-04:00,sl,14323.125,14377.392857142857,14323.25,14377.267857142857,14244.464285714286,24.767857142857142,0.7196969696969697,-964,-226,175,14330.25,14343.75,-54.26785714285688,-1085.3571428571377,-1089.8571428571377,14360.0,14390.0,14327.5,14499.300232520467,14137.33990094029,14479.741279924572,14156.768490018017,15127.5,15300.0,14980.0,12:00,below_val,inside_both,below_week_val,neg,pos
short,2023-10-31 12:10:00-04:00,2023-10-31,2023-10-31 12:40:00-04:00,sl,14376.125,14434.94642857143,14376.25,14434.82142857143,14291.357142857141,26.321428571428573,0.8260869565217391,-617,-170,143,14389.25,14394.5,-58.82142857142935,-1176.428571428587,-1180.928571428587,14397.5,14437.5,14367.5,14537.481348550613,14294.823880417294,14534.326969523714,14297.976782828608,15127.5,15300.0,14980.0,12:00,in_va,inside_both,below_week_val,neg,pos
short,2023-10-31 16:15:00-04:00,2023-10-31,2023-10-31 16:55:00-04:00,eod,14450.375,14452.125,14450.5,14484.642857142857,14401.964285714286,14.392857142857142,0.9629629629629629,-715,-86,1,14468.75,14480.5,-1.75,-35.0,-39.5,14397.5,14452.5,14345.0,14559.0759367996,14273.239400942583,14566.916323688574,14265.402684264885,15127.5,15300.0,14980.0,16:00,in_va,inside_both,below_week_val,neg,pos
short,2023-11-01 12:35:00-04:00,2023-11-01,2023-11-01 14:00:00-04:00,sl,14583.875,14621.625,14584.0,14621.5,14529.75,16.75,0.7346938775510204,-476,-137,53,14591.0,14597.75,-37.75,-755.0,-759.5,14632.5,14640.0,14530.0,14637.469696071854,14335.331275451152,14633.846270985714,14338.93766923534,15127.5,15300.0,14980.0,12:00,in_va,inside_both,below_week_val,neg,pos
short,2023-11-01 16:05:00-04:00,2023-11-01,2023-11-01 16:55:00-04:00,eod,14735.125,14761.375,14735.25,14775.214285714286,14666.821428571428,28.464285714285715,0.803921568627451,-286,-47,46,14736.0,14742.25,-26.25,-525.0,-529.5,14600.0,14670.0,14517.5,14656.769577252515,14316.122110125285,14666.787333499029,14306.151440661972,15127.5,15300.0,14980.0,16:00,above_vah,outside_both,below_week_val,neg,pos
short,2023-11-02 11:25:00-04:00,2023-11-02,2023-11-02 13:15:00-04:00,sl,14940.125,14980.285714285714,14940.25,14980.160714285714,14879.428571428572,20.910714285714285,0.7529411764705882,-386,-66,52,14942.5,14959.0,-40.160714285713766,-803.2142857142753,-807.7142857142753,14920.0,14965.0,14887.5,15020.27762315936,14662.537326841519,15025.999350189324,14656.876669147674,15127.5,15300.0,14980.0,11:00,in_va,inside_both,below_week_val,neg,pos
short,2023-11-03 15:15:00-04:00,2023-11-03,2023-11-03 16:55:00-04:00,eod,15202.625,15186.375,15202.75,15230.67857142857,15160.892857142859,13.928571428571429,0.84375,-344,-97,15,15203.5,15213.25,16.25,325.0,320.5,15185.0,15217.5,15065.0,15197.726127030539,14824.558634993644,15194.268481362124,14827.997787507034,15127.5,15300.0,14980.0,15:00,in_va,outside_both,in_week_va,neg,pos
short,2023-11-07 12:00:00-05:00,2023-11-07,2023-11-07 13:10:00-05:00,sl,15353.625,15391.67857142857,15353.75,15391.55357142857,15299.892857142859,16.053571428571427,0.9444444444444444,-524,-34,10,15354.75,15367.5,-38.05357142857065,-761.071428571413,-765.571428571413,15380.0,15402.5,15252.5,15381.519794442887,15081.099906495048,15397.921451459677,15064.794346121824,14325.0,14680.0,14145.0,12:00,in_va,inside_both,above_week_vah,neg,pos
short,2023-11-08 10:00:00-05:00,2023-11-08,2023-11-08 16:55:00-05:00,eod,15356.625,15359.625,15356.75,15414.410714285714,15280.178571428572,18.910714285714285,0.7058823529411765,-1465,-467,43,15382.25,15386.75,-3.0,-60.0,-64.5,15367.5,15402.5,15357.5,15450.704370924734,15313.846157368249,15446.095522422376,15318.451262126493,14325.0,14680.0,14145.0,10:00,below_val,inside_both,above_week_vah,neg,pos
short,2023-11-08 11:55:00-05:00,2023-11-08,2023-11-08 14:05:00-05:00,sl,15337.625,15378.392857142857,15337.75,15378.267857142857,15277.964285714286,19.267857142857142,0.7934782608695652,-467,-41,4,15345.75,15351.0,-40.76785714285688,-815.3571428571377,-819.8571428571377,15355.0,15375.0,15340.0,15484.340391242446,15280.237459418147,15510.451281780906,15254.14777862279,14325.0,14680.0,14145.0,11:00,below_val,inside_both,above_week_vah,neg,pos
short,2023-11-08 14:55:00-05:00,2023-11-08,2023-11-08 15:40:00-05:00,sl,15354.375,15383.55357142857,15354.5,15383.42857142857,15312.642857142859,12.928571428571429,0.7530864197530864,-710,-169,7,15362.5,15368.25,-29.17857142857065,-583.571428571413,-588.071428571413,15355.0,15382.5,15340.0,15519.677049248072,15244.929505199443,15528.9392613295,15235.67481676561,14325.0,14680.0,14145.0,14:00,in_va,inside_both,above_week_vah,neg,pos
short,2023-11-09 10:25:00-05:00,2023-11-09,2023-11-09 11:05:00-05:00,sl,15362.875,15405.0,15363.0,15404.875,15297.0,24.125,0.7840909090909091,-219,-95,10,15369.5,15378.5,-42.125,-842.5,-847.0,15372.5,15397.5,15365.0,15477.906606287848,15286.30783087551,15482.468879701968,15281.758884885434,14325.0,14680.0,14145.0,10:00,below_val,inside_both,above_week_vah,neg,pos
short,2023-11-09 12:10:00-05:00,2023-11-09,2023-11-09 13:00:00-05:00,tp,15410.625,15353.732142857141,15410.75,15451.07142857143,15353.607142857141,16.821428571428573,0.7699115044247787,-676,-194,18,15423.25,15428.75,56.8928571428587,1137.857142857174,1133.357142857174,15375.0,15410.0,15362.5,15506.777811834552,15257.520964596528,15526.752065631044,15237.605060075952,14325.0,14680.0,14145.0,12:00,above_vah,inside_both,above_week_vah,neg,pos
short,2023-11-09 13:50:00-05:00,2023-11-09,2023-11-09 14:55:00-05:00,tp,15341.875,15257.446428571428,15342.0,15394.214285714286,15257.321428571428,32.464285714285715,0.7640449438202247,-285,-69,91,15348.5,15358.0,84.42857142857247,1688.5714285714494,1684.0714285714494,15372.5,15412.5,15360.0,15532.735379184385,15231.639225123663,15537.010706935464,15227.376386563972,14325.0,14680.0,14145.0,13:00,below_val,inside_both,above_week_vah,neg,pos
short,2023-11-09 14:50:00-05:00,2023-11-09,2023-11-09 16:55:00-05:00,eod,15260.625,15255.625,15260.75,15317.07142857143,15174.857142857141,29.571428571428573,0.9298245614035088,-349,-83,2,15262.0,15271.0,5.0,100.0,95.5,15372.5,15417.5,15350.0,15531.90787306392,15232.464313913124,15544.038902764183,15220.368721671817,14325.0,14680.0,14145.0,14:00,below_val,inside_both,above_week_vah,neg,pos
short,2023-12-04 10:20:00-05:00,2023-12-04,2023-12-04 12:25:00-05:00,sl,15764.625,15843.67857142857,15764.75,15843.55357142857,15656.142857142859,29.803571428571427,0.7777777777777778,-956,-35,224,15773.75,15787.5,-79.05357142857065,-1581.071428571413,-1585.571428571413,15847.5,15940.0,15822.5,16066.179859876815,15826.946131389346,16099.848200847031,15793.63011581628,16062.5,16097.5,15975.0,10:00,below_val,outside_both,below_week_val,neg,pos
short,2023-11-15 11:50:00-05:00,2023-11-15,2023-11-15 16:55:00-05:00,eod,15895.875,15845.375,15896.0,15944.964285714286,15826.571428571428,20.464285714285715,0.8267716535433071,-1365,-199,17,15906.0,15924.0,50.5,1010.0,1005.5,15947.5,15965.0,15920.0,16003.696448704972,15846.740562486135,16080.068814690909,15770.675700895668,14417.5,14915.0,14307.5,11:00,below_val,inside_both,above_week_vah,neg,pos
short,2023-11-15 14:15:00-05:00,2023-11-15,2023-11-15 14:30:00-05:00,sl,15891.125,15923.05357142857,15891.25,15922.92857142857,15845.142857142859,14.428571428571429,0.7333333333333333,-702,-126,48,15904.25,15908.0,-31.92857142857065,-638.571428571413,-643.071428571413,15947.5,15967.5,15902.5,16025.703418429634,15824.822201250077,16093.918652707263,15756.881627631545,14417.5,14915.0,14307.5,14:00,below_val,inside_both,above_week_vah,neg,pos
short,2023-11-15 14:45:00-05:00,2023-11-15,2023-11-15 16:05:00-05:00,tp,15903.125,15863.589285714286,15903.25,15929.767857142857,15863.464285714286,13.267857142857142,0.7580645161290323,-478,-130,88,15909.5,15920.0,39.535714285713766,790.7142857142753,786.2142857142753,15920.0,15960.0,15895.0,16035.056072396832,15815.507204649746,16099.858766983336,15750.965430530567,14417.5,14915.0,14307.5,14:00,in_va,inside_both,above_week_vah,neg,pos
short,2023-11-16 10:15:00-05:00,2023-11-16,2023-11-16 12:40:00-05:00,sl,15846.375,15900.839285714286,15846.5,15900.714285714286,15771.571428571428,20.714285714285715,0.9485294117647058,-813,-7,86,15868.75,15884.75,-54.464285714286234,-1089.2857142857247,-1093.7857142857247,15857.5,15875.0,15835.0,15886.567787628932,15810.196039054515,15925.137759073172,15771.641275150352,14417.5,14915.0,14307.5,10:00,in_va,inside_both,above_week_vah,neg,pos
short,2023-12-04 10:15:00-05:00,2023-12-04,2023-12-04 12:30:00-05:00,sl,15804.875,15861.75,15805.0,15861.625,15721.0,27.375,0.8699186991869918,-396,-111,54,15825.0,15870.0,-56.875,-1137.5,-1142.0,15847.5,15922.5,15822.5,16067.493905655247,15825.645836561729,16098.34815001467,15795.114469231128,16062.5,16097.5,15975.0,10:00,below_val,inside_90_only,below_week_val,neg,pos
short,2023-11-21 10:20:00-05:00,2023-11-21,2023-11-21 16:20:00-05:00,sl,15944.875,16006.75,15945.0,16006.625,15863.25,20.125,0.9590643274853801,-1272,-21,3,15959.25,15972.25,-61.875,-1237.5,-1242.0,16007.5,16065.0,15972.5,16126.535139708729,15976.140949553692,16164.213742186581,15938.641495780867,15372.5,15417.5,15330.0,10:00,below_val,inside_90_only,above_week_vah,neg,pos
short,2023-11-30 10:35:00-05:00,2023-11-30,2023-11-30 16:55:00-05:00,eod,15912.875,15957.125,15913.0,16001.642857142857,15787.714285714286,36.642857142857146,0.868421052631579,-1422,-319,17,15916.75,15927.0,-44.25,-885.0,-889.5,16040.0,16097.5,15975.0,16085.479744167269,15988.045071086997,16124.481800980222,15949.064896515845,15865.0,15942.5,15820.0,10:00,below_val,outside_both,in_week_va,neg,pos
short,2023-11-30 10:00:00-05:00,2023-11-30,2023-11-30 16:55:00-05:00,eod,15921.625,15957.125,15921.75,16005.57142857143,15812.107142857141,25.821428571428573,0.8934426229508197,-1614,-198,70,15926.25,15946.75,-35.5,-710.0,-714.5,16040.0,16085.0,16015.0,16078.54382417771,15994.977099654134,16095.734983653574,15977.795585339047,15865.0,15942.5,15820.0,10:00,below_val,outside_both,in_week_va,neg,pos
short,2023-11-21 13:20:00-05:00,2023-11-21,2023-11-21 13:40:00-05:00,sl,15944.125,15971.875,15944.25,15971.75,15904.75,12.0,0.803030303030303,-753,-83,7,15950.5,15960.75,-27.75,-555.0,-559.5,15937.5,16010.0,15922.5,16170.992685293631,15931.894784200445,16220.093328739822,15883.027597308135,15372.5,15417.5,15330.0,13:00,in_va,inside_both,above_week_vah,neg,pos
short,2023-11-21 13:00:00-05:00,2023-11-21,2023-11-21 15:00:00-05:00,sl,15965.125,15998.410714285714,15965.25,15998.285714285714,15921.678571428572,10.535714285714286,0.8365384615384616,-862,-113,-10,15980.0,15985.25,-33.285714285713766,-665.7142857142753,-670.2142857142753,15937.5,16010.0,15922.5,16152.833071764504,15949.968055056712,16216.735028494371,15886.369929999042,15372.5,15417.5,15330.0,13:00,in_va,inside_both,above_week_vah,neg,neg
short,2023-11-22 14:35:00-05:00,2023-11-22,2023-11-22 16:55:00-05:00,eod,16019.125,16045.625,16019.25,16079.17857142857,15944.892857142859,14.428571428571429,0.8783068783068783,-1029,-58,72,16030.75,16039.5,-26.5,-530.0,-534.5,16057.5,16100.0,16025.0,16157.050949059028,15881.749104370068,16207.26558247861,15831.85085618571,15372.5,15417.5,15330.0,14:00,below_val,inside_both,above_week_vah,neg,pos
short,2023-11-22 12:40:00-05:00,2023-11-22,2023-11-22 13:10:00-05:00,sl,16065.875,16095.732142857143,16066.0,16095.607142857143,16021.785714285714,14.607142857142858,0.725,-314,-119,20,16066.5,16069.5,-29.857142857143117,-597.1428571428623,-601.6428571428623,16057.5,16097.5,16017.5,16136.102080880988,15902.565980892794,16192.78770887673,15846.237509656461,15372.5,15417.5,15330.0,12:00,in_va,inside_both,above_week_vah,neg,pos
short,2023-11-27 11:00:00-05:00,2023-11-27,2023-11-27 11:55:00-05:00,sl,16026.875,16061.05357142857,16027.0,16060.92857142857,15973.892857142859,19.178571428571427,0.7746478873239436,-635,-130,33,16032.25,16042.75,-34.17857142857065,-683.571428571413,-688.071428571413,15997.5,16025.0,15972.5,16054.70076626205,15955.082669150272,16107.790534264424,15902.033520076013,15865.0,15942.5,15820.0,11:00,above_vah,inside_both,above_week_vah,neg,pos
short,2023-11-27 13:40:00-05:00,2023-11-27,2023-11-27 14:40:00-05:00,tp,16055.125,16027.375,16055.25,16073.125,16027.25,10.125,0.7714285714285715,-392,-72,18,16060.0,16066.0,27.75,555.0,550.5,16015.0,16050.0,15982.5,,,16148.72037726986,15861.134992452304,15865.0,15942.5,15820.0,13:00,above_vah,inside_90_only,above_week_vah,neg,pos
short,2023-11-27 15:45:00-05:00,2023-11-27,2023-11-27 16:55:00-05:00,eod,16024.125,16004.875,16024.25,16049.25,15987.5,11.75,0.8,-405,-75,8,16034.5,16038.5,19.25,385.0,380.5,16037.5,16055.0,15990.0,,,16174.252966438718,15835.621938241744,15865.0,15942.5,15820.0,15:00,in_va,inside_90_only,above_week_vah,neg,pos
short,2023-11-29 10:05:00-05:00,2023-11-29,2023-11-29 11:25:00-05:00,tp,16124.125,16041.125,16124.25,16186.875,16041.0,20.625,0.7731958762886598,-1596,-203,82,16137.75,16141.75,83.0,1660.0,1655.5,16195.0,16205.0,16115.0,16190.63963068188,16008.36766124943,16210.566308726678,15988.559144465697,15865.0,15942.5,15820.0,10:00,in_va,inside_both,above_week_vah,neg,pos
short,2023-11-29 13:30:00-05:00,2023-11-29,2023-11-29 16:55:00-05:00,eod,16062.625,16041.375,16062.75,16100.07142857143,16012.857142857141,12.571428571428571,0.8016528925619835,-848,-258,14,16066.0,16070.5,21.25,425.0,420.5,16115.0,16135.0,16047.5,16213.802199979134,15985.342441408595,16282.612936150843,15916.939739297697,15865.0,15942.5,15820.0,13:00,in_va,inside_both,above_week_vah,neg,pos
short,2023-11-29 15:10:00-05:00,2023-11-29,2023-11-29 16:55:00-05:00,eod,16046.375,16041.375,16046.5,16074.57142857143,16004.857142857141,13.571428571428571,0.828125,-332,-39,4,16052.5,16059.0,5.0,100.0,95.5,16072.5,16125.0,16045.0,16219.276437336353,15979.900665196581,16297.435785081569,15902.204786930482,15865.0,15942.5,15820.0,15:00,in_va,inside_both,above_week_vah,neg,pos
short,2023-11-30 09:35:00-05:00,2023-11-30,2023-11-30 10:40:00-05:00,tp,15991.625,15898.839285714286,15991.75,16063.892857142857,15898.714285714286,20.892857142857142,0.8552631578947368,-2424,-945,112,16016.25,16028.75,92.78571428571377,1855.7142857142753,1851.2142857142753,16047.5,16067.5,16037.5,16068.900351777538,16004.615161550037,16072.00005454348,16001.517197883291,15865.0,15942.5,15820.0,09:00,below_val,outside_both,above_week_vah,neg,pos
short,2023-11-30 11:55:00-05:00,2023-11-30,2023-11-30 12:45:00-05:00,sl,15866.375,15905.035714285714,15866.5,15904.910714285714,15808.928571428572,19.160714285714285,0.9012345679012346,-394,-102,22,15881.5,15890.0,-38.660714285713766,-773.2142857142753,-777.7142857142753,16040.0,16097.5,15940.0,16096.649921082919,15976.881161238583,16161.141671364016,15912.425594281882,15865.0,15942.5,15820.0,11:00,below_val,outside_both,in_week_va,neg,pos
short,2023-11-30 13:05:00-05:00,2023-11-30,2023-11-30 14:40:00-05:00,sl,15873.125,15909.839285714286,15873.25,15909.714285714286,15821.821428571428,14.964285714285714,0.8863636363636364,-458,-22,59,15875.0,15886.25,-36.714285714286234,-734.2857142857247,-738.7857142857247,15892.5,16020.0,15860.0,16107.205445369826,15966.331559165876,16165.082093333856,15908.487383099715,15865.0,15942.5,15820.0,13:00,in_va,outside_both,in_week_va,neg,pos
short,2023-11-30 15:00:00-05:00,2023-11-30,2023-11-30 15:25:00-05:00,tp,15911.625,15873.946428571428,15911.75,15937.839285714286,15873.821428571428,11.839285714285714,0.8983050847457628,-524,-11,-8,15919.25,15922.75,37.67857142857247,753.5714285714494,749.0714285714494,15895.0,15985.0,15860.0,16115.901803852426,15957.640079805935,16183.90376763276,15889.676268767687,15865.0,15942.5,15820.0,15:00,in_va,inside_90_only,in_week_va,neg,neg
short,2023-12-01 13:25:00-05:00,2023-12-01,2023-12-01 16:55:00-05:00,eod,16008.875,16030.375,16009.0,16050.875,15949.25,17.875,0.8877551020408163,-598,-22,35,16011.75,16022.0,-21.5,-430.0,-434.5,15930.0,15982.5,15895.0,16045.270093547268,15845.111285453906,16089.05899467254,15801.387558634693,15865.0,15942.5,15820.0,13:00,above_vah,inside_both,above_week_vah,neg,pos
short,2023-12-04 14:00:00-05:00,2023-12-04,2023-12-04 14:30:00-05:00,sl,15799.125,15839.375,15799.25,15839.25,15746.25,13.0,0.8260869565217391,-646,-9,136,15817.0,15820.5,-40.25,-805.0,-809.5,15850.0,15882.5,15752.5,,,16165.85945564088,15728.309641764574,16062.5,16097.5,15975.0,14:00,in_va,inside_90_only,below_week_val,neg,pos
short,2023-12-04 13:55:00-05:00,2023-12-04,2023-12-04 15:30:00-05:00,sl,15822.875,15843.17857142857,15823.0,15843.05357142857,15791.142857142859,11.803571428571429,0.7027027027027027,-205,-112,36,15823.25,15826.5,-20.30357142857065,-406.071428571413,-410.571428571413,15850.0,15882.5,15752.5,,,16166.352555302237,15727.82170218919,16062.5,16097.5,15975.0,13:00,in_va,inside_90_only,below_week_val,neg,pos
short,2023-12-05 11:15:00-05:00,2023-12-05,2023-12-05 16:55:00-05:00,eod,15870.125,15899.875,15870.25,15948.0,15765.75,26.75,0.8834080717488789,-952,-259,15,15888.25,15900.25,-29.75,-595.0,-599.5,15910.0,15962.5,15810.0,15927.919451255084,15721.12474951084,15960.196077085395,15688.982970059922,16062.5,16097.5,15975.0,11:00,in_va,inside_both,below_week_val,neg,pos
short,2023-12-05 11:50:00-05:00,2023-12-05,2023-12-05 16:00:00-05:00,sl,15834.375,15923.642857142857,15834.5,15923.517857142857,15719.714285714286,25.767857142857142,0.9501915708812261,-1453,-122,23,15865.5,15891.25,-89.26785714285688,-1785.3571428571377,-1789.8571428571377,15910.0,15937.5,15802.5,15933.294160798388,15715.772494610907,15972.789579072005,15676.442081631983,16062.5,16097.5,15975.0,11:00,in_va,inside_both,below_week_val,neg,pos
short,2023-12-05 11:10:00-05:00,2023-12-05,2023-12-05 11:50:00-05:00,tp,15919.375,15838.196428571428,15919.5,15976.464285714286,15838.071428571428,24.464285714285715,0.8169014084507042,-625,-166,136,15945.5,15951.25,81.17857142857247,1623.5714285714494,1619.0714285714494,15910.0,15962.5,15807.5,15928.052762174131,15720.991995542661,15957.317715192996,15691.849306634625,16062.5,16097.5,15975.0,11:00,in_va,inside_both,below_week_val,neg,pos
short,2023-12-05 14:30:00-05:00,2023-12-05,2023-12-05 15:55:00-05:00,sl,15867.625,15912.214285714286,15867.75,15912.089285714286,15806.321428571428,17.089285714285715,0.8928571428571429,-579,-42,68,15885.5,15890.25,-44.589285714286234,-891.7857142857247,-896.2857142857247,15870.0,15925.0,15822.5,,,15995.890135177859,15653.438035810981,16062.5,16097.5,15975.0,14:00,in_va,inside_90_only,below_week_val,neg,pos
short,2023-12-07 11:10:00-05:00,2023-12-07,2023-12-07 12:15:00-05:00,sl,15969.625,16035.910714285714,15969.75,16035.785714285714,15878.928571428572,24.785714285714285,0.7371428571428571,-773,-125,224,15982.0,15996.75,-66.28571428571377,-1325.7142857142753,-1330.2142857142753,15990.0,16007.5,15910.0,16098.236054225405,15854.433459418082,16120.195476798752,15832.588851530745,16062.5,16097.5,15975.0,11:00,in_va,inside_both,below_week_val,neg,pos
short,2023-12-07 14:30:00-05:00,2023-12-07,2023-12-07 16:55:00-05:00,eod,16038.375,16018.125,16038.5,16072.75,15990.75,13.5,0.8863636363636364,-556,-70,40,16049.75,16055.75,20.25,405.0,400.5,15992.5,16032.5,15907.5,16106.26284749265,15846.448634182809,16158.008633106334,15794.973401044163,16062.5,16097.5,15975.0,14:00,above_vah,inside_both,in_week_va,neg,pos
short,2023-12-08 10:30:00-05:00,2023-12-08,2023-12-08 16:55:00-05:00,eod,16059.875,16094.125,16060.0,16137.910714285714,15947.178571428572,34.910714285714285,0.8085106382978723,-596,-6,-19,16086.0,16097.75,-34.25,-685.0,-689.5,15977.5,16037.5,15955.0,16083.505642761987,15890.747906360953,16096.054528832263,15878.247592580372,16062.5,16097.5,15975.0,10:00,above_vah,inside_both,in_week_va,neg,neg
short,2023-12-08 12:10:00-05:00,2023-12-08,2023-12-08 12:20:00-05:00,sl,16002.625,16052.375,16002.75,16052.25,15930.5,22.75,0.8034188034188035,-800,-132,25,16020.25,16027.5,-49.75,-995.0,-999.5,16030.0,16060.0,15955.0,16097.026527474021,15877.279356200805,16138.974742270322,15835.493508074338,16062.5,16097.5,15975.0,12:00,in_va,inside_both,in_week_va,neg,pos
short,2023-12-13 13:00:00-05:00,2023-12-13,2023-12-13 13:55:00-05:00,sl,16584.375,16603.678571428572,16584.5,16603.553571428572,16555.892857142855,9.553571428571429,0.8974358974358975,-295,-10,5,16590.25,16596.25,-19.303571428572468,-386.07142857144936,-390.57142857144936,16605.0,16630.0,16597.5,16705.618293016243,16500.705490555563,16735.590218113208,16470.75657289681,16017.5,16085.0,15950.0,13:00,below_val,inside_both,above_week_vah,neg,pos
short,2023-12-14 13:50:00-05:00,2023-12-14,2023-12-14 14:10:00-05:00,sl,16640.375,16694.946428571428,16640.5,16694.821428571428,16562.857142857145,23.321428571428573,0.7068965517241379,-356,-188,1,16670.75,16697.5,-54.57142857142753,-1091.4285714285506,-1095.9285714285506,16842.5,16862.5,16777.5,16913.54850429889,16669.772343074812,16952.06891419079,16631.38475823411,16017.5,16085.0,15950.0,13:00,below_val,inside_90_only,above_week_vah,neg,pos
short,2023-12-13 15:20:00-05:00,2023-12-13,2023-12-13 16:00:00-05:00,sl,16693.625,16784.035714285714,16693.75,16783.910714285714,16569.678571428572,33.910714285714285,0.8590308370044053,-1452,-5,-28,16740.0,16756.75,-90.41071428571377,-1808.2142857142753,-1812.7142857142753,16605.0,16662.5,16585.0,16728.243347107822,16478.097804201705,16761.678169413804,16444.688647568044,16017.5,16085.0,15950.0,15:00,above_vah,inside_both,above_week_vah,neg,neg
short,2023-12-13 15:10:00-05:00,2023-12-13,2023-12-13 16:55:00-05:00,eod,16753.875,16762.625,16754.0,16823.196428571428,16652.107142857145,32.69642857142857,0.8765432098765432,-1695,-88,2,16761.25,16772.25,-8.75,-175.0,-179.5,16605.0,16660.0,16590.0,16707.66683693492,16498.658519166765,16758.61100073612,16447.75346178589,16017.5,16085.0,15950.0,15:00,above_vah,inside_90_only,above_week_vah,neg,pos
short,2023-12-14 10:35:00-05:00,2023-12-14,2023-12-14 13:50:00-05:00,tp,16770.125,16664.339285714283,16770.25,16844.51785714286,16664.214285714283,31.767857142857142,0.7595628415300546,-658,-157,93,16786.0,16805.0,105.7857142857174,2115.714285714348,2111.214285714348,16842.5,16862.5,16815.0,16895.131658964765,16688.12568393348,16897.861325682312,16685.405429579987,16017.5,16085.0,15950.0,10:00,below_val,inside_both,above_week_vah,neg,pos
short,2023-12-14 12:50:00-05:00,2023-12-14,2023-12-14 13:00:00-05:00,tp,16774.375,16705.732142857145,16774.5,16826.571428571428,16705.607142857145,16.821428571428573,0.9452054794520548,-515,-38,15,16774.75,16781.0,68.64285714285506,1372.8571428571013,1368.3571428571013,16842.5,16860.0,16787.5,16898.590810473368,16684.67846017896,16937.37457653949,16646.028427261783,16017.5,16085.0,15950.0,12:00,below_val,inside_both,above_week_vah,neg,pos
short,2023-12-14 13:45:00-05:00,2023-12-14,2023-12-14 14:20:00-05:00,sl,16671.125,16715.803571428572,16671.25,16715.678571428572,16605.642857142855,21.178571428571427,0.7864077669902912,-241,-125,32,16681.25,16684.25,-44.67857142857247,-893.5714285714494,-898.0714285714494,16842.5,16860.0,16777.5,16911.051530986402,16672.260706390447,16949.991713959316,16633.454795919082,16017.5,16085.0,15950.0,13:00,below_val,inside_90_only,above_week_vah,neg,pos
short,2024-01-02 10:30:00-05:00,2024-01-02,2024-01-02 11:15:00-05:00,sl,16705.375,16757.589285714286,16705.5,16757.464285714286,16620.821428571428,32.714285714285715,0.7912087912087912,-699,-320,-1,16711.5,16725.0,-52.214285714286234,-1044.2857142857247,-1048.7857142857247,16862.5,16887.5,16740.0,17129.995234052658,16822.04384934633,17158.40158994162,16794.01564647324,16977.5,17030.0,16875.0,10:00,below_val,outside_both,below_week_val,neg,neg
short,2024-01-02 10:25:00-05:00,2024-01-02,2024-01-02 15:10:00-05:00,tp,16723.375,16623.410714285717,16723.5,16791.35714285714,16623.285714285717,32.357142857142854,0.7692307692307693,-686,-63,10,16729.75,16734.75,99.9642857142826,1999.285714285652,1994.785714285652,16862.5,16887.5,16742.5,17122.100210528224,16829.833772203583,17160.03061407722,16792.408308343132,16977.5,17030.0,16875.0,10:00,below_val,outside_both,below_week_val,neg,pos
short,2024-01-02 09:45:00-05:00,2024-01-02,2024-01-02 15:00:00-05:00,tp,16736.625,16648.517857142855,16736.75,16803.553571428572,16648.392857142855,21.553571428571427,0.8804347826086957,-1321,-49,130,16756.75,16772.75,88.10714285714494,1762.1428571428987,1757.6428571428987,16862.5,16917.5,16767.5,17116.470082251315,16835.388950705306,17133.746836419235,16818.342189315008,16977.5,17030.0,16875.0,09:00,below_val,outside_both,below_week_val,neg,pos
short,2023-12-15 12:55:00-05:00,2023-12-15,2023-12-15 13:25:00-05:00,sl,16802.625,16835.035714285714,16802.75,16834.910714285714,16753.928571428572,16.660714285714285,0.7088607594936709,-407,-118,68,16815.0,16822.5,-32.410714285713766,-648.2142857142753,-652.7142857142753,16862.5,16867.5,16797.5,16878.617650948414,16652.12388206527,16904.21429946535,16626.59508467917,16017.5,16085.0,15950.0,12:00,in_va,inside_both,above_week_vah,neg,pos
short,2023-12-15 13:40:00-05:00,2023-12-15,2023-12-15 15:25:00-05:00,sl,16777.875,16835.01785714286,16778.0,16834.89285714286,16701.714285714283,19.392857142857142,0.8869047619047619,-2211,-92,2,16802.75,16809.0,-57.1428571428587,-1142.857142857174,-1147.357142857174,16805.0,16857.5,16790.0,16885.335863679164,16645.423477850767,16919.037817692697,16611.81086036463,16017.5,16085.0,15950.0,13:00,below_val,inside_both,above_week_vah,neg,pos
short,2023-12-20 14:55:00-05:00,2023-12-20,2023-12-20 16:55:00-05:00,eod,16841.625,16794.875,16841.75,16928.803571428572,16726.642857142855,28.053571428571427,0.8319327731092437,-1413,-13,59,16843.75,16848.25,46.75,935.0,930.5,17035.0,17065.0,16992.5,17128.653829133407,16883.090355060176,17158.974094326055,16852.842213134314,15857.5,16007.5,15790.0,14:00,below_val,outside_both,above_week_vah,neg,pos
short,2023-12-18 10:35:00-05:00,2023-12-18,2023-12-18 12:05:00-05:00,sl,16878.375,16919.696428571428,16878.5,16919.571428571428,16815.857142857145,21.571428571428573,0.8705882352941177,-621,-137,-4,16880.75,16902.75,-41.32142857142753,-826.4285714285506,-830.9285714285506,16842.5,16875.0,16825.0,16925.001696745436,16736.6450876577,16917.902007130993,16743.731502097904,15857.5,16007.5,15790.0,10:00,above_vah,inside_both,above_week_vah,neg,neg
short,2023-12-18 11:00:00-05:00,2023-12-18,2023-12-18 11:15:00-05:00,sl,16859.875,16886.553571428572,16860.0,16886.428571428572,16816.892857142855,16.678571428571427,0.72,-600,-250,44,16866.0,16878.25,-26.678571428572468,-533.5714285714494,-538.0714285714494,16842.5,16882.5,16832.5,16946.87201534984,16714.815662712874,16936.319180096925,16725.34876601491,15857.5,16007.5,15790.0,11:00,in_va,inside_both,above_week_vah,neg,pos
short,2023-12-19 11:55:00-05:00,2023-12-19,2023-12-19 14:10:00-05:00,sl,16981.875,17008.26785714286,16982.0,17008.14285714286,16942.464285714283,13.392857142857142,0.875,-482,-98,0,16985.5,16994.25,-26.392857142858702,-527.857142857174,-532.357142857174,16992.5,17000.0,16957.5,17003.46507886007,16870.62706583489,17057.73728976182,16816.452499932042,15857.5,16007.5,15790.0,11:00,in_va,inside_both,above_week_vah,neg,zero
short,2023-12-19 13:05:00-05:00,2023-12-19,2023-12-19 13:45:00-05:00,sl,16971.875,17004.125,16972.0,17004.0,16928.75,11.25,0.8152173913043478,-945,-82,-20,16983.25,16990.0,-32.25,-645.0,-649.5,16977.5,17000.0,16960.0,17046.019429082975,16828.14927817341,17067.36233316999,16806.844773624784,15857.5,16007.5,15790.0,13:00,in_va,inside_both,above_week_vah,neg,neg
short,2023-12-20 10:45:00-05:00,2023-12-20,2023-12-20 14:30:00-05:00,tp,17049.875,17006.053571428572,17050.0,17079.785714285714,17005.928571428572,14.285714285714286,0.7375,-775,-265,27,17053.75,17056.5,43.82142857142753,876.4285714285506,871.9285714285506,16977.5,17035.0,16965.0,17105.139110687902,16906.54913869439,17104.512168309775,16907.174589755334,15857.5,16007.5,15790.0,10:00,above_vah,inside_both,above_week_vah,neg,pos
short,2023-12-21 10:50:00-05:00,2023-12-21,2023-12-21 15:25:00-05:00,sl,16867.125,16926.125,16867.25,16926.0,16776.25,32.25,0.819672131147541,-538,-371,18,16871.5,16878.5,-59.0,-1180.0,-1184.5,16875.0,16932.5,16862.5,17005.1239298569,16712.50048037559,17002.30145425422,16715.301690151366,15857.5,16007.5,15790.0,10:00,in_va,inside_both,above_week_vah,neg,pos
short,2023-12-21 12:00:00-05:00,2023-12-21,2023-12-21 14:40:00-05:00,sl,16844.875,16902.071428571428,16845.0,16901.946428571428,16765.607142857145,22.446428571428573,0.9645390070921985,-351,-23,2,16860.5,16874.0,-57.19642857142753,-1143.9285714285506,-1148.4285714285506,16885.0,16925.0,16862.5,16985.372422683024,16732.10317062709,17028.423635697654,16689.37632521484,15857.5,16007.5,15790.0,12:00,below_val,inside_both,above_week_vah,neg,pos
short,2023-12-21 13:15:00-05:00,2023-12-21,2023-12-21 13:30:00-05:00,sl,16816.875,16874.5,16817.0,16874.375,16738.5,21.125,0.9084967320261438,-1039,-208,30,16825.0,16846.25,-57.625,-1152.5,-1157.0,16875.0,16915.0,16837.5,17010.040814365177,16707.620641932397,17041.180957365217,16676.715123065223,15857.5,16007.5,15790.0,13:00,below_val,inside_both,above_week_vah,neg,pos
short,2023-12-22 10:55:00-05:00,2023-12-22,2023-12-22 14:15:00-05:00,tp,16995.875,16935.017857142855,16996.0,17038.678571428572,16934.892857142855,18.428571428571427,0.9207920792079208,-717,-56,4,17006.0,17024.25,60.857142857144936,1217.1428571428987,1212.6428571428987,17015.0,17040.0,16965.0,17075.254573847902,16873.717861115343,17083.31348543983,16865.682534731684,15857.5,16007.5,15790.0,10:00,in_va,inside_both,above_week_vah,neg,pos
short,2023-12-27 10:10:00-05:00,2023-12-27,2023-12-27 13:10:00-05:00,sl,17061.625,17118.10714285714,17061.75,17117.98214285714,16990.535714285717,14.982142857142858,0.8,-1785,-288,-27,17096.5,17105.0,-56.4821428571413,-1129.642857142826,-1134.142857142826,17102.5,17117.5,17092.5,17145.957048530796,16908.70287210475,17152.495254921403,16902.214108467284,16817.5,16885.0,16592.5,10:00,below_val,inside_both,above_week_vah,neg,neg
short,2023-12-27 13:55:00-05:00,2023-12-27,2023-12-27 14:00:00-05:00,tp,17104.375,17064.196428571428,17104.5,17132.339285714286,17064.071428571428,12.589285714285714,0.8064516129032258,-291,-10,-6,17110.25,17114.75,40.17857142857247,803.5714285714494,799.0714285714494,17107.5,17117.5,17077.5,17183.741202882906,16871.204446361473,17217.770069721326,16837.432910167303,16817.5,16885.0,16592.5,13:00,in_va,inside_both,above_week_vah,neg,neg
short,2023-12-28 15:50:00-05:00,2023-12-28,2023-12-28 16:55:00-05:00,eod,17083.875,17089.625,17084.0,17119.76785714286,17035.964285714283,12.267857142857142,0.90625,-801,-21,54,17092.75,17112.0,-5.75,-115.0,-119.5,17120.0,17135.0,17102.5,17249.329729527217,17029.279046750373,17292.02332854355,16986.631506082103,16817.5,16885.0,16592.5,15:00,below_val,inside_both,above_week_vah,neg,pos
short,2024-01-02 10:45:00-05:00,2024-01-02,2024-01-02 11:10:00-05:00,sl,16689.875,16753.14285714286,16690.0,16753.01785714286,16596.964285714283,30.017857142857142,0.7391304347826086,-522,-48,175,16695.75,16700.0,-63.2678571428587,-1265.357142857174,-1269.857142857174,16862.5,16887.5,16730.0,17128.691153567106,16823.33056956327,17166.23957514635,16786.282002626307,16977.5,17030.0,16875.0,10:00,below_val,outside_both,below_week_val,neg,pos
short,2024-01-02 12:45:00-05:00,2024-01-02,2024-01-02 13:55:00-05:00,tp,16751.375,16696.660714285717,16751.5,16791.35714285714,16696.535714285717,15.107142857142858,0.7307692307692307,-782,-105,-7,16758.25,16763.75,54.714285714282596,1094.285714285652,1089.785714285652,16780.0,16837.5,16685.0,17137.046934874346,16815.086022654188,17198.568883946682,16754.383070241434,16977.5,17030.0,16875.0,12:00,in_va,outside_both,below_week_val,neg,neg
short,2024-01-03 10:10:00-05:00,2024-01-03,2024-01-03 16:55:00-05:00,eod,16569.375,16542.875,16569.5,16642.035714285714,16467.178571428572,29.785714285714285,0.8901734104046243,-1330,-52,38,16581.5,16611.25,26.5,530.0,525.5,16610.0,16645.0,16597.5,16781.690125775043,16560.17401397989,16791.63524890534,16550.301405979324,16977.5,17030.0,16875.0,10:00,below_val,inside_both,below_week_val,neg,pos
short,2024-01-03 11:35:00-05:00,2024-01-03,2024-01-03 13:00:00-05:00,sl,16572.125,16617.85714285714,16572.25,16617.73214285714,16503.785714285717,22.982142857142858,0.7835051546391752,-505,-65,22,16583.5,16595.75,-45.7321428571413,-914.642857142826,-919.142857142826,16610.0,16645.0,16575.0,16784.649331323097,16557.236385557768,16831.88429782415,16510.345834070875,16977.5,17030.0,16875.0,11:00,below_val,inside_both,below_week_val,neg,pos
short,2024-01-04 12:40:00-05:00,2024-01-04,2024-01-04 15:55:00-05:00,tp,16500.875,16443.660714285717,16501.0,16539.60714285714,16443.535714285717,18.857142857142858,0.7938144329896907,-604,-185,9,16501.25,16525.25,57.214285714282596,1144.285714285652,1139.785714285652,16512.5,16582.5,16495.0,16595.3954039357,16400.88941954602,16649.052015619134,16347.523102205767,16977.5,17030.0,16875.0,12:00,in_va,inside_both,below_week_val,neg,pos
short,2024-01-05 11:40:00-05:00,2024-01-05,2024-01-05 12:25:00-05:00,tp,16506.375,16448.839285714283,16506.5,16544.64285714286,16448.714285714283,19.642857142857142,0.7951807228915663,-500,-139,10,16511.25,16524.25,57.535714285717404,1150.714285714348,1146.214285714348,16537.5,16577.5,16422.5,16509.286900063802,16390.7184374041,16548.732080537287,16351.276853591602,16977.5,17030.0,16875.0,11:00,in_va,inside_both,below_week_val,neg,pos
short,2024-01-05 11:15:00-05:00,2024-01-05,2024-01-05 12:25:00-05:00,tp,16536.625,16453.660714285717,16536.75,16597.60714285714,16453.535714285717,22.357142857142858,0.7469879518072289,-881,-120,168,16541.0,16562.0,82.9642857142826,1659.285714285652,1654.785714285652,16557.5,16577.5,16417.5,16510.75593713013,16389.249534286417,16537.574882379857,16362.433034421721,16977.5,17030.0,16875.0,11:00,in_va,inside_90_only,below_week_val,neg,pos
short,2024-01-09 15:45:00-05:00,2024-01-09,2024-01-09 15:50:00-05:00,sl,16794.625,16826.60714285714,16794.75,16826.48214285714,16745.785714285717,17.232142857142858,0.7096774193548387,-274,-77,99,16798.5,16805.25,-31.982142857141298,-639.642857142826,-644.142857142826,16825.0,16867.5,16727.5,16908.55922154856,16549.793565213862,16934.575449050306,16523.961748301233,17115.0,17127.5,17080.0,15:00,in_va,inside_both,below_week_val,neg,pos
short,2024-01-11 11:10:00-05:00,2024-01-11,2024-01-11 13:15:00-05:00,sl,16787.375,16885.839285714286,16787.5,16885.714285714286,16650.821428571428,38.464285714285715,0.7967479674796748,-1533,-61,165,16801.5,16822.75,-98.46428571428623,-1969.2857142857247,-1973.7857142857247,17002.5,17022.5,16887.5,17061.531893341114,16880.09283079365,17072.33593283718,16869.30628436986,17115.0,17127.5,17080.0,11:00,below_val,outside_both,below_week_val,neg,pos
short,2024-01-11 10:00:00-05:00,2024-01-11,2024-01-11 11:45:00-05:00,tp,16890.875,16757.625,16891.0,16993.0,16757.5,31.5,0.867741935483871,-1938,-32,90,16907.0,16917.25,133.25,2665.0,2660.5,17002.5,17022.5,16945.0,17033.809813176504,16907.77002549183,17033.987688676018,16907.592437994692,17115.0,17127.5,17080.0,10:00,below_val,outside_both,below_week_val,neg,pos
short,2024-01-10 15:20:00-05:00,2024-01-10,2024-01-10 16:55:00-05:00,eod,16928.375,16957.125,16928.5,16975.214285714286,16866.071428571428,15.714285714285714,0.7785714285714286,-561,-139,72,16948.75,16957.25,-28.75,-575.0,-579.5,16862.5,16902.5,16817.5,16962.17799367622,16707.398186189195,16979.464798527468,16690.122159927672,17115.0,17127.5,17080.0,15:00,above_vah,inside_both,below_week_val,neg,pos
short,2024-01-17 09:30:00-05:00,2024-01-17,2024-01-17 15:50:00-05:00,sl,16760.875,16866.089285714286,16761.0,16865.964285714286,16633.071428571428,22.964285714285715,0.7648809523809523,-1197,-47,238,16783.5,16802.75,-105.21428571428623,-2104.2857142857247,-2108.7857142857247,16850.0,16887.5,16812.5,16981.98031937295,16821.30549131054,16982.79789565833,16820.495270707666,16572.5,16647.5,16422.5,09:00,below_val,outside_both,above_week_vah,neg,pos
short,2024-01-12 10:50:00-05:00,2024-01-12,2024-01-12 11:20:00-05:00,sl,16930.375,17000.214285714286,16930.5,17000.089285714286,16826.821428571428,34.089285714285715,0.7636363636363637,-6803,-1102,-82,16945.5,16963.75,-69.83928571428623,-1396.7857142857247,-1401.2857142857247,16960.0,17010.0,16940.0,17099.864133150408,16866.654578081027,17090.901300359266,16875.59119374309,17115.0,17127.5,17080.0,10:00,below_val,inside_both,below_week_val,neg,neg
short,2024-01-12 11:35:00-05:00,2024-01-12,2024-01-12 16:55:00-05:00,eod,16944.375,16962.125,16944.5,17019.964285714286,16840.321428571428,28.714285714285715,0.87,-4637,-253,-152,16976.5,16988.0,-17.75,-355.0,-359.5,16960.0,17005.0,16940.0,17100.446358202236,16866.074056092246,17110.08449576717,16856.464110986384,17115.0,17127.5,17080.0,11:00,in_va,inside_both,below_week_val,neg,neg
short,2024-01-12 16:25:00-05:00,2024-01-12,2024-01-12 16:55:00-05:00,eod,16961.625,16962.125,16961.75,16978.803571428572,16933.392857142855,11.303571428571429,0.8,-255,-12,-31,16965.5,16976.5,-0.5,-10.0,-14.5,16962.5,16990.0,16940.0,17118.295178086693,16848.277445685053,17154.029719764465,16812.647430903355,17115.0,17127.5,17080.0,16:00,in_va,inside_both,below_week_val,neg,neg
short,2024-01-16 12:25:00-05:00,2024-01-16,2024-01-16 15:55:00-05:00,sl,16918.125,16967.75,16918.25,16967.625,16842.25,26.625,0.7610619469026548,-411,-120,1,16927.25,16932.0,-49.625,-992.5,-997.0,16995.0,17030.0,16905.0,17057.325822087416,16821.67848126416,17069.072714831644,16809.962926033004,16572.5,16647.5,16422.5,12:00,in_va,inside_both,above_week_vah,neg,pos
short,2024-01-18 13:00:00-05:00,2024-01-18,2024-01-18 14:00:00-05:00,sl,16977.125,17029.14285714286,16977.25,17029.01785714286,16899.214285714283,26.267857142857142,0.7480916030534351,-610,-144,-8,16986.25,16992.25,-52.0178571428587,-1040.357142857174,-1044.857142857174,17017.5,17065.0,16990.0,17096.02748497083,16762.019244367864,17111.199223076957,16746.969571048816,16572.5,16647.5,16422.5,13:00,below_val,inside_both,above_week_vah,neg,neg
short,2024-01-18 12:30:00-05:00,2024-01-18,2024-01-18 14:10:00-05:00,sl,16997.875,17051.321428571428,16998.0,17051.196428571428,16920.107142857145,24.696428571428573,0.8296296296296296,-677,-172,-1,16999.0,17016.75,-53.44642857142753,-1068.9285714285506,-1073.4285714285506,17015.0,17067.5,16987.5,17093.509022771887,16764.517444184872,17107.55890551737,16750.580600297155,16572.5,16647.5,16422.5,12:00,in_va,inside_both,above_week_vah,neg,neg
short,2024-01-18 11:00:00-05:00,2024-01-18,2024-01-18 11:25:00-05:00,sl,17028.375,17088.48214285714,17028.5,17088.35714285714,16938.785714285717,29.857142857142858,0.859375,-741,-27,88,17046.5,17075.25,-60.1071428571413,-1202.142857142826,-1206.642857142826,17032.5,17057.5,16985.0,17087.636505109127,16770.342714286864,17085.042297057116,16772.916050540847,16572.5,16647.5,16422.5,11:00,in_va,inside_both,above_week_vah,neg,pos
short,2024-01-18 12:00:00-05:00,2024-01-18,2024-01-18 14:30:00-05:00,sl,17023.875,17107.035714285714,17024.0,17106.910714285714,16917.178571428572,23.910714285714285,0.9125,-1460,-15,20,17068.0,17075.25,-83.16071428571377,-1663.2142857142753,-1667.7142857142753,17035.0,17075.0,16987.5,17096.50995578618,16761.540655289526,17104.387236310245,16753.7267517209,16572.5,16647.5,16422.5,12:00,in_va,inside_both,above_week_vah,neg,pos
short,2024-01-19 10:05:00-05:00,2024-01-19,2024-01-19 11:05:00-05:00,sl,17174.125,17245.803571428572,17174.25,17245.678571428572,17077.642857142855,25.178571428571427,0.8349514563106796,-1337,-337,30,17191.0,17209.75,-71.67857142857247,-1433.5714285714494,-1438.0714285714494,17192.5,17227.5,17167.5,17258.273041971923,17050.015656519125,17253.231462337175,17055.03568060201,16572.5,16647.5,16422.5,10:00,in_va,inside_both,above_week_vah,neg,pos
short,2024-01-22 10:00:00-05:00,2024-01-22,2024-01-22 16:55:00-05:00,eod,17504.375,17455.625,17504.5,17577.428571428572,17405.892857142855,25.678571428571427,0.7024390243902439,-1031,-89,281,17523.5,17540.0,48.75,975.0,970.5,17532.5,17557.5,17520.0,17586.730136331804,17404.988172959955,17580.17668282142,17411.516951126592,16952.5,17012.5,16795.0,10:00,below_val,inside_both,above_week_vah,neg,pos
short,2024-01-22 12:05:00-05:00,2024-01-22,2024-01-22 16:55:00-05:00,eod,17468.125,17455.625,17468.25,17517.625,17401.25,17.625,0.8456375838926175,-1162,-301,4,17489.5,17498.0,12.5,250.0,245.5,17532.5,17562.5,17487.5,17626.080444986826,17365.786027771876,17636.705208741096,17355.201268832996,16952.5,17012.5,16795.0,12:00,below_val,inside_both,above_week_vah,neg,pos
short,2024-01-22 13:15:00-05:00,2024-01-22,2024-01-22 16:55:00-05:00,eod,17453.125,17455.625,17453.25,17494.285714285714,17393.928571428572,18.285714285714285,0.8172043010752689,-417,-17,27,17461.5,17468.0,-2.5,-50.0,-54.5,17532.5,17562.5,17482.5,17631.03531406558,17360.849814978326,17651.07621130109,17340.884376587142,16952.5,17012.5,16795.0,13:00,below_val,inside_both,above_week_vah,neg,pos
short,2024-01-22 13:00:00-05:00,2024-01-22,2024-01-22 16:55:00-05:00,eod,17461.375,17455.625,17461.5,17502.714285714286,17401.071428571428,19.214285714285715,0.7767857142857143,-604,-113,1,17469.5,17483.5,5.75,115.0,110.5,17532.5,17562.5,17482.5,17634.00522051554,17357.891090947287,17646.139281150794,17345.802717996663,16952.5,17012.5,16795.0,13:00,below_val,inside_both,above_week_vah,neg,pos
short,2024-01-24 13:00:00-05:00,2024-01-24,2024-01-24 14:10:00-05:00,tp,17755.625,17688.732142857145,17755.75,17804.196428571428,17688.607142857145,18.696428571428573,0.7160493827160493,-1214,-389,17,17780.25,17784.25,66.89285714285506,1337.8571428571013,1333.3571428571013,17650.0,17740.0,17632.5,17785.97131667026,17460.266967961637,17810.223346149993,17436.207523693112,16952.5,17012.5,16795.0,13:00,above_vah,inside_both,above_week_vah,neg,pos
short,2024-01-24 15:10:00-05:00,2024-01-24,2024-01-24 16:55:00-05:00,eod,17645.375,17630.875,17645.5,17699.839285714286,17568.071428571428,23.089285714285715,0.7866666666666666,-1296,-86,-12,17648.25,17663.25,14.5,290.0,285.5,17650.0,17737.5,17635.0,17801.512980827923,17444.84872005979,17836.31967705786,17410.318423582314,16952.5,17012.5,16795.0,15:00,in_va,inside_both,above_week_vah,neg,neg
short,2024-01-25 12:30:00-05:00,2024-01-25,2024-01-25 14:00:00-05:00,tp,17650.875,17569.303571428572,17651.0,17709.535714285714,17569.178571428572,23.285714285714285,0.7666666666666667,-520,-71,57,17673.5,17687.75,81.57142857142753,1631.4285714285506,1626.9285714285506,17687.5,17730.0,17675.0,17817.538419518616,17535.703504687517,17830.174168255286,17523.13281700898,16952.5,17012.5,16795.0,12:00,below_val,inside_both,above_week_vah,neg,pos
short,2024-01-25 13:15:00-05:00,2024-01-25,2024-01-25 16:55:00-05:00,eod,17620.375,17579.625,17620.5,17682.589285714286,17533.821428571428,24.589285714285715,0.8505747126436781,-1136,-255,4,17640.5,17651.5,40.75,815.0,810.5,17687.5,17730.0,17662.5,17812.59924340124,17540.617249148152,17841.67406210034,17511.692135742265,16952.5,17012.5,16795.0,13:00,below_val,inside_both,above_week_vah,neg,pos
short,2024-01-25 13:55:00-05:00,2024-01-25,2024-01-25 16:00:00-05:00,sl,17576.625,17640.23214285714,17576.75,17640.10714285714,17486.535714285717,26.857142857142858,0.8081395348837209,-534,-9,12,17600.75,17607.5,-63.6071428571413,-1272.142857142826,-1276.642857142826,17687.5,17730.0,17650.0,17816.930560382287,17536.30823397698,17849.728398695373,17503.67927066367,16952.5,17012.5,16795.0,13:00,below_val,inside_both,above_week_vah,neg,pos
short,2024-01-25 15:10:00-05:00,2024-01-25,2024-01-25 15:55:00-05:00,sl,17597.125,17636.035714285714,17597.25,17635.910714285714,17537.428571428572,21.160714285714285,0.7317073170731707,-660,-112,55,17601.5,17611.0,-38.910714285713766,-778.2142857142753,-782.7142857142753,17687.5,17730.0,17630.0,17828.43159467631,17524.86641813343,17864.131609883036,17489.350221140652,16952.5,17012.5,16795.0,15:00,below_val,inside_both,above_week_vah,neg,pos
short,2024-01-25 16:05:00-05:00,2024-01-25,2024-01-25 16:55:00-05:00,eod,17599.875,17579.625,17600.0,17642.678571428572,17535.142857142855,22.178571428571427,0.8372093023255814,-388,-27,-14,17608.25,17618.0,20.25,405.0,400.5,17687.5,17730.0,17622.5,17836.99823634091,17516.34388582736,17865.3352247569,17488.15280364052,16952.5,17012.5,16795.0,16:00,below_val,inside_both,above_week_vah,neg,neg
short,2024-01-26 11:10:00-05:00,2024-01-26,2024-01-26 12:50:00-05:00,tp,17595.375,17519.732142857145,17595.5,17647.821428571428,17519.607142857145,23.571428571428573,0.8333333333333334,-957,-40,161,17596.75,17607.0,75.64285714285506,1512.8571428571013,1508.3571428571013,17545.0,17587.5,17507.5,17655.66746054503,17481.676776621374,17669.617312671657,17467.744183761723,16952.5,17012.5,16795.0,11:00,above_vah,inside_both,above_week_vah,neg,pos
short,2024-01-26 12:30:00-05:00,2024-01-26,2024-01-26 13:45:00-05:00,tp,17573.375,17508.232142857145,17573.5,17618.571428571428,17508.107142857145,20.321428571428573,0.7578125,-577,-275,18,17577.0,17588.0,65.14285714285506,1302.8571428571013,1298.3571428571013,17602.5,17627.5,17540.0,17674.603690128853,17462.763975632988,17686.59865844758,17450.78384792753,16952.5,17012.5,16795.0,12:00,in_va,inside_both,above_week_vah,neg,pos
short,2024-01-26 16:05:00-05:00,2024-01-26,2024-01-26 16:55:00-05:00,eod,17511.375,17504.875,17511.5,17535.035714285714,17473.178571428572,14.785714285714286,0.7333333333333333,-226,-168,1,17515.25,17525.75,6.5,130.0,125.5,17532.5,17587.5,17512.5,17700.925694179365,17436.474538128063,17721.062320943496,17416.362825134638,16952.5,17012.5,16795.0,16:00,below_val,inside_both,above_week_vah,neg,pos
short,2024-01-29 10:00:00-05:00,2024-01-29,2024-01-29 11:50:00-05:00,sl,17530.625,17576.196428571428,17530.75,17576.071428571428,17468.857142857145,16.571428571428573,0.8283582089552238,-1369,-263,-3,17551.5,17568.0,-45.57142857142753,-911.4285714285506,-915.9285714285506,17545.0,17577.5,17540.0,17598.820211799517,17454.05504316745,17598.77190648748,17454.103229422915,17012.5,17090.0,16722.5,10:00,below_val,inside_both,above_week_vah,neg,neg
short,2024-01-30 16:30:00-05:00,2024-01-30,2024-01-30 16:55:00-05:00,eod,17516.625,17470.375,17516.75,17566.160714285714,17441.678571428572,25.660714285714285,0.7128712871287128,-327,-15,10,17526.0,17531.25,46.25,925.0,920.5,17585.0,17655.0,17530.0,17810.139626182583,17551.850947990923,17841.63207645321,17520.42744208255,17012.5,17090.0,16722.5,16:00,below_val,outside_both,above_week_vah,neg,pos
short,2024-01-30 12:15:00-05:00,2024-01-30,2024-01-30 12:30:00-05:00,tp,17613.375,17568.517857142855,17613.5,17644.928571428572,17568.392857142855,13.678571428571429,0.7526881720430108,-1128,-426,2,17616.5,17643.5,44.857142857144936,897.1428571428987,892.6428571428987,17637.5,17680.0,17630.0,17776.235978669607,17585.680372465173,17804.17753722934,17557.79998453265,17012.5,17090.0,16722.5,12:00,below_val,inside_both,above_week_vah,neg,pos
short,2024-01-30 12:10:00-05:00,2024-01-30,2024-01-30 12:25:00-05:00,tp,17630.875,17593.946428571428,17631.0,17654.964285714286,17593.821428571428,13.214285714285714,0.7924528301886793,-417,-125,8,17637.0,17640.75,36.92857142857247,738.5714285714494,734.0714285714494,17637.5,17680.0,17630.0,17781.008467140313,17580.91833209143,17805.936083188233,17556.04528844344,17012.5,17090.0,16722.5,12:00,in_va,inside_both,above_week_vah,neg,pos
short,2024-01-31 10:10:00-05:00,2024-01-31,2024-01-31 14:35:00-05:00,sl,17336.625,17408.660714285714,17336.75,17408.535714285714,17237.428571428572,27.535714285714285,0.8563829787234043,-1080,-144,34,17358.75,17376.75,-72.03571428571377,-1440.7142857142753,-1445.2142857142753,17377.5,17425.0,17355.0,17512.674697059552,17357.745897807057,17531.819025616558,17338.678550923534,17012.5,17090.0,16722.5,10:00,below_val,outside_both,above_week_vah,neg,pos
short,2024-01-31 15:00:00-05:00,2024-01-31,2024-01-31 16:55:00-05:00,eod,17288.875,17265.375,17289.0,17439.535714285714,17084.178571428572,54.285714285714285,0.787746170678337,-1172,46,49,17311.5,17326.5,23.5,470.0,465.5,17355.0,17410.0,17320.0,17558.366745274718,17312.23758287488,17603.017295164846,17267.76657827631,17012.5,17090.0,16722.5,15:00,below_val,inside_90_only,above_week_vah,pos,pos
short,2024-01-31 14:15:00-05:00,2024-01-31,2024-01-31 14:35:00-05:00,sl,17326.375,17379.26785714286,17326.5,17379.14285714286,17248.464285714283,25.392857142857142,0.782258064516129,-246,-205,127,17331.5,17343.25,-52.8928571428587,-1057.857142857174,-1062.357142857174,17355.0,17400.0,17320.0,17560.69047419762,17309.92319794859,17595.008254305358,17275.74341380843,17012.5,17090.0,16722.5,14:00,in_va,inside_both,above_week_vah,neg,pos
short,2024-02-01 10:50:00-05:00,2024-02-01,2024-02-01 12:05:00-05:00,sl,17289.375,17367.125,17289.5,17367.0,17182.5,29.5,0.8798076923076923,-1113,26,11,17294.25,17306.75,-77.75,-1555.0,-1559.5,17315.0,17350.0,17305.0,17373.28916884871,17199.1207417539,17389.91954602865,17182.53048234407,17012.5,17090.0,16722.5,10:00,below_val,inside_both,above_week_vah,pos,pos
short,2024-02-01 10:55:00-05:00,2024-02-01,2024-02-01 11:40:00-05:00,sl,17273.125,17324.160714285714,17273.25,17324.035714285714,17193.678571428572,28.785714285714285,0.7640449438202247,-417,-16,128,17285.25,17316.25,-51.035714285713766,-1020.7142857142753,-1025.2142857142753,17315.0,17350.0,17305.0,17377.597158839475,17194.823144008016,17392.23280657044,17180.222802123983,17012.5,17090.0,16722.5,10:00,below_val,inside_both,above_week_vah,neg,pos
short,2024-02-01 13:35:00-05:00,2024-02-01,2024-02-01 14:45:00-05:00,sl,17348.625,17423.196428571428,17348.75,17423.071428571428,17247.107142857145,27.321428571428573,0.75,-1086,-202,-84,17359.75,17372.0,-74.57142857142753,-1491.4285714285506,-1495.9285714285506,17342.5,17362.5,17295.0,17375.218186769904,17197.196377238746,17422.31040725415,17150.217758199302,17012.5,17090.0,16722.5,13:00,in_va,inside_both,above_week_vah,neg,neg
short,2024-02-05 10:15:00-05:00,2024-02-05,2024-02-05 12:25:00-05:00,sl,17614.375,17688.303571428572,17614.5,17688.178571428572,17513.142857142855,27.678571428571427,0.7531380753138075,-813,-283,8,17631.25,17646.5,-73.92857142857247,-1478.5714285714494,-1483.0714285714494,17712.5,17730.0,17687.5,17762.49360937545,17647.336560690437,17783.40184338704,17626.470502377648,17532.5,17647.5,17440.0,10:00,below_val,outside_both,in_week_va,neg,pos
short,2024-02-02 12:40:00-05:00,2024-02-02,2024-02-02 16:55:00-05:00,eod,17682.625,17687.125,17682.75,17778.964285714286,17563.571428571428,22.964285714285715,0.8562874251497006,-2020,-29,18,17685.75,17696.5,-4.5,-90.0,-94.5,17597.5,17660.0,17530.0,17686.194018508988,17450.202128655812,17734.258884519862,17402.464457103826,17012.5,17090.0,16722.5,12:00,above_vah,inside_both,above_week_vah,neg,pos
short,2024-02-05 10:00:00-05:00,2024-02-05,2024-02-05 10:40:00-05:00,tp,17655.125,17561.839285714283,17655.25,17727.39285714286,17561.714285714283,21.392857142857142,0.9209302325581395,-2097,-70,15,17664.5,17685.5,93.2857142857174,1865.714285714348,1861.214285714348,17712.5,17727.5,17692.5,17767.614243966083,17642.226255348178,17773.028342352318,17636.823078179994,17532.5,17647.5,17440.0,10:00,below_val,inside_both,above_week_vah,neg,pos
short,2024-02-02 15:20:00-05:00,2024-02-02,2024-02-02 16:55:00-05:00,eod,17738.875,17687.125,17739.0,17782.839285714286,17676.571428571428,18.589285714285715,0.8135593220338984,-478,-86,42,17746.75,17757.25,51.75,1035.0,1030.5,17597.5,17690.0,17472.5,17730.256898846714,17406.43919985204,17765.572598939394,17371.363906158902,17012.5,17090.0,16722.5,15:00,above_vah,inside_90_only,above_week_vah,neg,pos
short,2024-02-02 15:55:00-05:00,2024-02-02,2024-02-02 16:55:00-05:00,eod,17729.625,17687.125,17729.75,17796.39285714286,17640.964285714283,22.142857142857142,0.7351351351351352,-1525,-194,0,17741.75,17751.0,42.5,850.0,845.5,17747.5,17772.5,17595.0,17734.801457672103,17401.92557743799,17767.66587479743,17369.284879966337,17012.5,17090.0,16722.5,15:00,in_va,inside_both,above_week_vah,neg,zero
short,2024-02-05 10:40:00-05:00,2024-02-05,2024-02-05 11:30:00-05:00,sl,17565.375,17635.214285714286,17565.5,17635.089285714286,17462.821428571428,33.089285714285715,0.7771739130434783,-1176,-420,-7,17600.75,17614.25,-69.83928571428623,-1396.7857142857247,-1401.2857142857247,17712.5,17732.5,17677.5,17780.26035710152,17629.605651715756,17800.203891904395,17609.70234663847,17532.5,17647.5,17440.0,10:00,below_val,outside_both,in_week_va,neg,neg
short,2024-02-06 09:55:00-05:00,2024-02-06,2024-02-06 12:00:00-05:00,tp,17653.875,17577.375,17654.0,17709.0,17577.25,21.75,0.8943661971830986,-1100,-104,28,17668.0,17685.5,76.5,1530.0,1525.5,17730.0,17755.0,17702.5,17779.813549103797,17663.770680738966,17790.52944662587,17653.078037940675,17532.5,17647.5,17440.0,09:00,below_val,inside_90_only,above_week_vah,neg,pos
short,2024-02-05 15:10:00-05:00,2024-02-05,2024-02-05 15:50:00-05:00,sl,17684.375,17721.339285714286,17684.5,17721.214285714286,17630.821428571428,16.964285714285715,0.7738095238095238,-263,-52,101,17688.25,17692.5,-36.964285714286234,-739.2857142857247,-743.7857142857247,17695.0,17740.0,17665.0,17839.20919575517,17570.77572355748,17863.454358400457,17546.579467801057,17532.5,17647.5,17440.0,15:00,in_va,inside_both,above_week_vah,neg,pos
short,2024-02-05 15:00:00-05:00,2024-02-05,2024-02-05 16:55:00-05:00,eod,17714.125,17702.625,17714.25,17753.464285714286,17658.571428571428,16.464285714285715,0.8762886597938144,-408,-100,30,17732.25,17738.0,11.5,230.0,225.5,17695.0,17740.0,17662.5,17828.72281886385,17581.240947525363,17857.350369292537,17552.671144056247,17532.5,17647.5,17440.0,15:00,in_va,inside_both,above_week_vah,neg,pos
short,2024-02-06 11:45:00-05:00,2024-02-06,2024-02-06 15:05:00-05:00,sl,17593.625,17651.053571428572,17593.75,17650.928571428572,17513.642857142855,22.928571428571427,0.8035714285714286,-996,-96,0,17608.75,17637.0,-57.42857142857247,-1148.5714285714494,-1153.0714285714494,17640.0,17720.0,17612.5,17809.11457034649,17634.53324606512,17834.846963977943,17608.856694672253,17532.5,17647.5,17440.0,11:00,below_val,outside_both,in_week_va,neg,zero
short,2024-02-06 14:05:00-05:00,2024-02-06,2024-02-06 15:05:00-05:00,sl,17582.625,17642.446428571428,17582.75,17642.321428571428,17504.357142857145,18.821428571428573,0.8651685393258427,-996,-129,8,17615.0,17625.25,-59.82142857142753,-1196.4285714285506,-1200.9285714285506,17640.0,17692.5,17565.0,17844.939303459745,17598.786256721938,17858.320541778365,17585.434057221606,17532.5,17647.5,17440.0,14:00,in_va,outside_both,in_week_va,neg,pos
short,2024-02-13 14:50:00-05:00,2024-02-13,2024-02-13 15:45:00-05:00,sl,17581.125,17633.875,17581.25,17633.75,17506.25,22.5,0.7062937062937062,-640,-144,54,17589.5,17595.75,-52.75,-1055.0,-1059.5,17655.0,17742.5,17595.0,18036.16293955168,17523.13068973385,18048.152781208155,17511.342467601582,17590.0,17772.5,17382.5,14:00,below_val,inside_both,in_week_va,neg,pos
short,2024-02-07 10:55:00-05:00,2024-02-07,2024-02-07 16:55:00-05:00,eod,17833.375,17856.375,17833.5,17879.178571428572,17758.392857142855,29.428571428571427,0.8513513513513513,-456,-141,-7,17836.5,17859.25,-23.0,-460.0,-464.5,17735.0,17785.0,17645.0,17849.87881182035,17574.40083560739,17859.899070884734,17564.450061840194,17532.5,17647.5,17440.0,10:00,above_vah,inside_both,above_week_vah,neg,neg
short,2024-02-07 15:30:00-05:00,2024-02-07,2024-02-07 16:55:00-05:00,eod,17843.875,17856.375,17844.0,17873.035714285714,17800.928571428572,14.035714285714286,0.7101449275362319,-240,-29,49,17848.25,17854.0,-12.5,-250.0,-254.5,17845.0,17875.0,17757.5,17899.146895925143,17525.474400101117,17906.078346434355,17518.591015604525,17532.5,17647.5,17440.0,15:00,in_va,inside_both,above_week_vah,neg,pos
short,2024-02-08 11:25:00-05:00,2024-02-08,2024-02-08 16:55:00-05:00,eod,17863.375,17860.375,17863.5,17906.76785714286,17800.964285714283,19.267857142857142,0.7941176470588235,-612,-82,68,17872.25,17881.25,3.0,60.0,55.5,17842.5,17857.5,17815.0,17920.062948470048,17772.01031245784,17945.118817052287,17746.983209451013,17532.5,17647.5,17440.0,11:00,above_vah,inside_both,above_week_vah,neg,pos
short,2024-02-08 13:50:00-05:00,2024-02-08,2024-02-08 16:55:00-05:00,eod,17862.625,17860.375,17862.75,17892.803571428572,17818.392857142855,14.303571428571429,0.9076923076923077,-321,-18,8,17875.0,17876.25,2.25,45.0,40.5,17880.0,17890.0,17840.0,17952.47500600279,17739.63546582769,17969.66161531345,17722.468587731084,17532.5,17647.5,17440.0,13:00,in_va,inside_both,above_week_vah,neg,pos
short,2024-02-12 14:15:00-05:00,2024-02-12,2024-02-12 16:55:00-05:00,eod,17943.875,17929.625,17944.0,18031.48214285714,17832.035714285717,24.482142857142858,0.9652509652509652,-1412,-63,1,17975.0,17982.0,14.25,285.0,280.5,18032.5,18077.5,18002.5,18148.22061334605,17919.582731233757,18155.12526484384,17912.6814290465,17590.0,17772.5,17382.5,14:00,below_val,inside_both,above_week_vah,neg,pos
short,2024-02-09 13:40:00-05:00,2024-02-09,2024-02-09 14:30:00-05:00,sl,18032.625,18052.23214285714,18032.75,18052.10714285714,18003.285714285717,10.107142857142858,0.8,-506,-85,2,18033.25,18041.5,-19.607142857141298,-392.14285714282596,-396.64285714282596,17992.5,18007.5,17907.5,17991.674729366903,17777.80031910351,18021.089087947952,17748.46602920194,17532.5,17647.5,17440.0,13:00,above_vah,outside_both,above_week_vah,neg,pos
short,2024-02-12 13:25:00-05:00,2024-02-12,2024-02-12 13:35:00-05:00,tp,18054.875,18003.732142857145,18055.0,18091.821428571428,18003.607142857145,14.571428571428571,0.865979381443299,-1253,-104,34,18057.0,18063.5,51.142857142855064,1022.8571428571013,1018.3571428571013,18032.5,18082.5,18015.0,18133.477013151285,17934.319179598293,18149.89094072914,17917.91321409361,17590.0,17772.5,17382.5,13:00,in_va,inside_both,above_week_vah,neg,pos
short,2024-02-12 14:50:00-05:00,2024-02-12,2024-02-12 16:55:00-05:00,eod,17954.125,17929.625,17954.25,17995.48214285714,17890.535714285717,22.482142857142858,0.7628865979381443,-576,-362,-3,17962.5,17973.25,24.5,490.0,485.5,18032.5,18090.0,18002.5,18143.44102456965,17924.36000152573,18161.859713777023,17905.950246861932,17590.0,17772.5,17382.5,14:00,below_val,inside_both,above_week_vah,neg,neg
short,2024-02-13 10:55:00-05:00,2024-02-13,2024-02-13 14:05:00-05:00,tp,17726.375,17617.267857142855,17726.5,17802.428571428572,17617.142857142855,33.42857142857143,0.9028571428571428,-973,-75,2,17755.75,17778.25,109.10714285714494,2182.1428571428987,2177.6428571428987,17655.0,17760.0,17595.0,18010.345130076945,17548.51435048404,18014.492855537374,17544.436372603097,17590.0,17772.5,17382.5,10:00,in_va,inside_both,in_week_va,neg,pos
short,2024-02-13 14:45:00-05:00,2024-02-13,2024-02-13 15:55:00-05:00,sl,17606.125,17657.946428571428,17606.25,17657.821428571428,17533.857142857145,20.821428571428573,0.823076923076923,-839,-64,51,17631.75,17635.5,-51.82142857142753,-1036.4285714285506,-1040.9285714285506,17655.0,17742.5,17595.0,18036.808830942322,17522.495659563778,18046.338814181676,17513.125931208644,17590.0,17772.5,17382.5,14:00,in_va,inside_both,in_week_va,neg,pos
short,2024-02-14 09:35:00-05:00,2024-02-14,2024-02-14 10:05:00-05:00,sl,17752.375,17808.01785714286,17752.5,17807.89285714286,17679.964285714283,17.142857142857142,0.8805031446540881,-1685,-61,128,17771.0,17780.75,-55.6428571428587,-1112.857142857174,-1117.357142857174,17787.5,17812.5,17742.5,17804.229382120167,17684.348063737954,17820.58062844621,17668.078625348,17590.0,17772.5,17382.5,09:00,in_va,inside_both,in_week_va,neg,pos
short,2024-02-14 10:50:00-05:00,2024-02-14,2024-02-14 15:25:00-05:00,sl,17775.375,17835.214285714286,17775.5,17835.089285714286,17688.821428571428,27.089285714285715,0.7152317880794702,-296,-105,85,17782.5,17790.75,-59.839285714286234,-1196.7857142857247,-1201.2857142857247,17787.5,17812.5,17755.0,17876.23724173895,17612.700471114105,17871.766513121678,17617.14883195135,17590.0,17772.5,17382.5,10:00,in_va,inside_both,above_week_vah,neg,pos
short,2024-02-14 12:00:00-05:00,2024-02-14,2024-02-14 12:25:00-05:00,sl,17705.125,17756.303571428572,17705.25,17756.178571428572,17627.642857142855,26.678571428571427,0.7099236641221374,-1070,-587,-24,17722.5,17729.25,-51.17857142857247,-1023.5714285714494,-1028.0714285714494,17787.5,17810.0,17735.0,17871.855580791285,17617.060209901734,17877.248244664883,17611.694526399704,17590.0,17772.5,17382.5,12:00,below_val,inside_both,in_week_va,neg,neg
short,2024-02-14 13:05:00-05:00,2024-02-14,2024-02-14 13:35:00-05:00,sl,17766.375,17809.14285714286,17766.5,17809.01785714286,17703.464285714283,20.517857142857142,0.8777777777777778,-369,-23,62,17767.0,17778.25,-42.7678571428587,-855.357142857174,-859.857142857174,17777.5,17807.5,17732.5,17876.66947047901,17612.270404884497,17892.00053216513,17597.01604698533,17590.0,17772.5,17382.5,13:00,in_va,inside_both,in_week_va,neg,pos
short,2024-02-16 09:50:00-05:00,2024-02-16,2024-02-16 14:00:00-05:00,sl,17775.625,17894.14285714286,17775.75,17894.01785714286,17629.964285714283,27.517857142857142,0.925531914893617,-2201,-32,36,17777.5,17796.5,-118.5178571428587,-2370.357142857174,-2374.857142857174,17930.0,17955.0,17880.0,17986.29964240607,17894.75091117955,18002.191021905364,17878.885198625703,17590.0,17772.5,17382.5,09:00,below_val,outside_both,above_week_vah,neg,pos
short,2024-02-15 11:00:00-05:00,2024-02-15,2024-02-15 12:45:00-05:00,sl,17804.375,17881.73214285714,17804.5,17881.60714285714,17699.285714285717,28.107142857142858,0.794392523364486,-1271,-37,62,17809.5,17828.25,-77.3571428571413,-1547.142857142826,-1551.642857142826,17850.0,17887.5,17812.5,17969.416190730524,17792.14980517542,17971.354528405976,17790.213038715105,17590.0,17772.5,17382.5,11:00,below_val,inside_both,above_week_vah,neg,pos
short,2024-02-15 12:55:00-05:00,2024-02-15,2024-02-15 13:05:00-05:00,sl,17853.375,17886.035714285714,17853.5,17885.910714285714,17803.928571428572,17.160714285714285,0.7681159420289855,-413,-71,81,17861.0,17870.0,-32.660714285713766,-653.2142857142753,-657.7142857142753,17850.0,17880.0,17812.5,17971.30337923494,17790.264146424655,17986.24477747935,17775.334859666975,17590.0,17772.5,17382.5,12:00,in_va,inside_both,above_week_vah,neg,pos
short,2024-02-15 15:05:00-05:00,2024-02-15,2024-02-15 16:00:00-05:00,sl,17894.125,17932.071428571428,17894.25,17931.946428571428,17838.857142857145,17.696428571428573,0.8444444444444444,-975,-113,27,17895.75,17913.0,-37.94642857142753,-758.9285714285506,-763.4285714285506,17910.0,17925.0,17840.0,17993.905319242236,17767.68052753376,18013.13312209894,17748.46831072029,17590.0,17772.5,17382.5,15:00,in_va,inside_both,above_week_vah,neg,pos
short,2024-02-16 13:00:00-05:00,2024-02-16,2024-02-16 13:55:00-05:00,sl,17825.375,17876.75,17825.5,17876.625,17755.5,18.875,0.9343065693430657,-764,-55,2,17843.75,17851.75,-51.375,-1027.5,-1032.0,17862.5,17952.5,17782.5,18041.643392641716,17839.496549345844,18056.4637478004,17824.700131268724,17590.0,17772.5,17382.5,13:00,in_va,inside_90_only,above_week_vah,neg,pos
short,2024-02-16 14:45:00-05:00,2024-02-16,2024-02-16 16:55:00-05:00,eod,17795.625,17721.625,17795.75,17885.48214285714,17686.035714285717,19.982142857142858,0.766016713091922,-1016,104,41,17826.25,17832.25,74.0,1480.0,1475.5,17862.5,17947.5,17802.5,18050.13469408251,17831.01896262194,18070.043786782946,17811.142026072343,17590.0,17772.5,17382.5,14:00,below_val,outside_both,above_week_vah,pos,pos
short,2024-02-16 15:40:00-05:00,2024-02-16,2024-02-16 16:55:00-05:00,eod,17753.625,17721.625,17753.75,17795.785714285714,17687.178571428572,24.535714285714285,0.7419354838709677,-469,-310,5,17769.0,17780.75,32.0,640.0,635.5,17862.5,17947.5,17785.0,18068.17055979058,17813.012227524036,18086.224139474136,17794.987807061352,17590.0,17772.5,17382.5,15:00,below_val,outside_both,in_week_va,neg,pos
short,2024-02-20 09:35:00-05:00,2024-02-20,2024-02-20 10:10:00-05:00,tp,17629.125,17515.017857142855,17629.25,17719.678571428572,17514.892857142855,23.928571428571427,0.7269736842105263,-1463,-463,160,17647.25,17661.5,114.10714285714494,2282.1428571428987,2277.6428571428987,17675.0,17712.5,17652.5,17803.833235526377,17646.77444887595,17818.700638335882,17632.013189564826,17845.0,18015.0,17682.5,09:00,below_val,outside_both,below_week_val,neg,pos
short,2024-02-20 11:30:00-05:00,2024-02-20,2024-02-20 15:55:00-05:00,sl,17532.625,17599.053571428572,17532.75,17598.928571428572,17441.392857142855,25.178571428571427,0.8556149732620321,-1435,-246,8,17555.0,17572.25,-66.42857142857247,-1328.5714285714494,-1333.0714285714494,17570.0,17665.0,17482.5,17871.02751884491,17580.059888639782,17868.810392864398,17582.261185795924,17845.0,18015.0,17682.5,11:00,in_va,outside_both,below_week_val,neg,pos
short,2024-02-20 11:55:00-05:00,2024-02-20,2024-02-20 14:40:00-05:00,sl,17505.875,17550.23214285714,17506.0,17550.10714285714,17438.535714285717,23.357142857142858,0.8444444444444444,-519,-49,16,17523.0,17532.75,-44.3571428571413,-887.142857142826,-891.642857142826,17570.0,17660.0,17482.5,17880.90723516184,17570.250707013158,17871.064112837325,17580.023555904452,17845.0,18015.0,17682.5,11:00,in_va,outside_both,below_week_val,neg,pos
short,2024-02-21 14:20:00-05:00,2024-02-21,2024-02-21 15:35:00-05:00,sl,17411.625,17479.125,17411.75,17479.0,17322.0,22.5,0.7637362637362637,-263,-9,130,17435.25,17449.5,-67.5,-1350.0,-1354.5,17472.5,17502.5,17445.0,17690.126372542185,17388.15770401145,17690.108296181443,17388.175690671498,17845.0,18015.0,17682.5,14:00,below_val,inside_both,below_week_val,neg,pos
short,2024-02-22 10:45:00-05:00,2024-02-22,2024-02-22 11:15:00-05:00,sl,17899.625,17970.25,17899.75,17970.125,17794.25,35.125,0.85,-598,-45,11,17917.0,17931.25,-70.625,-1412.5,-1417.0,17890.0,17942.5,17867.5,17988.343319733318,17618.616439848178,17975.60503032113,17631.222335327042,17845.0,18015.0,17682.5,10:00,in_va,inside_both,in_week_va,neg,pos
short,2024-02-23 11:00:00-05:00,2024-02-23,2024-02-23 12:10:00-05:00,sl,17963.875,18061.589285714286,17964.0,18061.464285714286,17831.071428571428,35.464285714285715,0.8059701492537313,-1918,-10,89,17975.75,17987.75,-97.71428571428623,-1954.2857142857247,-1958.7857142857247,18040.0,18090.0,18017.5,18177.467207936515,17951.85873230544,18184.656123462442,17944.702375453573,17845.0,18015.0,17682.5,11:00,below_val,inside_both,in_week_va,neg,pos
short,2024-02-22 16:00:00-05:00,2024-02-22,2024-02-22 16:55:00-05:00,eod,18025.375,18023.625,18025.5,18066.01785714286,17964.214285714283,20.767857142857142,0.8666666666666667,-571,-211,2,18035.0,18050.25,1.75,35.0,30.5,17910.0,18040.0,17862.5,17978.440635416864,17628.416201763932,18020.280174707084,17587.01151687179,17845.0,18015.0,17682.5,16:00,in_va,outside_both,above_week_vah,neg,pos
short,2024-02-23 09:45:00-05:00,2024-02-23,2024-02-23 10:40:00-05:00,tp,18108.625,18036.482142857145,18108.75,18162.446428571428,18036.357142857145,18.696428571428573,0.8389261744966443,-907,-70,236,18116.0,18128.75,72.14285714285506,1442.8571428571013,1438.3571428571013,18130.0,18145.0,18037.5,18133.826974083546,17995.30131908013,18148.20911655723,17980.98431348103,17845.0,18015.0,17682.5,09:00,in_va,inside_both,above_week_vah,neg,pos
short,2024-02-23 10:40:00-05:00,2024-02-23,2024-02-23 16:55:00-05:00,eod,18027.125,17960.875,18027.25,18105.678571428572,17916.142857142855,32.67857142857143,0.7684729064039408,-694,-214,223,18043.75,18079.75,66.25,1325.0,1320.5,18072.5,18100.0,18015.0,18190.294989234713,17939.089048163714,18183.02634502549,17946.324772606837,17845.0,18015.0,17682.5,10:00,in_va,inside_both,above_week_vah,neg,pos
short,2024-02-23 15:05:00-05:00,2024-02-23,2024-02-23 16:55:00-05:00,eod,17986.875,17960.875,17987.0,18036.321428571428,17918.107142857145,19.571428571428573,0.8854961832061069,-642,-129,25,17987.25,18013.75,26.0,520.0,515.5,18040.0,18077.5,18000.0,18207.312503137513,17922.14860676043,18223.82620210967,17905.709698504674,17845.0,18015.0,17682.5,15:00,below_val,inside_both,in_week_va,neg,pos
short,2024-02-23 15:55:00-05:00,2024-02-23,2024-02-23 16:55:00-05:00,eod,17985.875,17960.875,17986.0,18028.196428571428,17924.607142857145,19.196428571428573,0.9285714285714286,-1581,-62,2,17991.75,17996.0,25.0,500.0,495.5,18040.0,18077.5,17995.0,18202.569671000427,17926.869958560867,18226.961751291004,17902.588350258575,17845.0,18015.0,17682.5,15:00,below_val,inside_both,in_week_va,neg,pos
short,2024-02-26 09:40:00-05:00,2024-02-26,2024-02-26 11:45:00-05:00,sl,17992.375,18047.214285714286,17992.5,18047.089285714286,17923.321428571428,14.589285714285714,0.8143712574850299,-839,-55,330,18007.5,18016.25,-54.839285714286234,-1096.7857142857247,-1101.2857142857247,18017.5,18047.5,17960.0,18040.536608953847,17937.536415142833,18053.557116145108,17924.556738747408,17787.5,17965.0,17705.0,09:00,in_va,inside_both,above_week_vah,neg,pos
short,2024-02-26 11:20:00-05:00,2024-02-26,2024-02-26 11:45:00-05:00,sl,17999.875,18044.39285714286,18000.0,18044.26785714286,17933.714285714283,22.017857142857142,0.7096774193548387,-458,-23,48,18007.0,18021.5,-44.5178571428587,-890.357142857174,-894.857142857174,18020.0,18035.0,17982.5,18096.60386576554,17881.644978726028,18092.577282261384,17885.658935332744,17787.5,17965.0,17705.0,11:00,in_va,inside_both,above_week_vah,neg,pos
short,2024-02-26 13:25:00-05:00,2024-02-26,2024-02-26 14:25:00-05:00,sl,17999.375,18037.660714285714,17999.5,18037.535714285714,17944.428571428572,17.035714285714285,0.7757009345794392,-483,-104,2,18005.0,18025.0,-38.285714285713766,-765.7142857142753,-770.2142857142753,18020.0,18047.5,17992.5,18097.231792162296,17881.019021433407,18109.767899300357,17868.52222606897,17787.5,17965.0,17705.0,13:00,in_va,inside_both,above_week_vah,neg,pos
short,2024-02-27 09:35:00-05:00,2024-02-27,2024-02-27 13:00:00-05:00,tp,17981.125,17909.839285714283,17981.25,18037.39285714286,17909.714285714283,15.392857142857142,0.7247191011235955,-984,-97,327,17986.75,17992.75,71.2857142857174,1425.714285714348,1421.214285714348,18010.0,18040.0,17980.0,18034.38799274515,17933.173289575563,18047.09979470486,17920.510518902378,17787.5,17965.0,17705.0,09:00,in_va,inside_both,above_week_vah,neg,pos
short,2024-02-27 12:50:00-05:00,2024-02-27,2024-02-27 13:55:00-05:00,sl,17938.625,17970.464285714286,17938.75,17970.339285714286,17891.071428571428,16.089285714285715,0.7246376811594203,-806,-158,32,17941.0,17955.75,-31.839285714286234,-636.7857142857247,-641.2857142857247,18000.0,18020.0,17972.5,18096.196241416823,17871.60344439379,18098.343381279257,17869.464586365044,17787.5,17965.0,17705.0,12:00,below_val,inside_both,in_week_va,neg,pos
short,2024-02-27 12:35:00-05:00,2024-02-27,2024-02-27 14:15:00-05:00,sl,17949.625,17991.39285714286,17949.75,17991.26785714286,17891.214285714283,17.017857142857142,0.8431372549019608,-1072,-23,89,17960.0,17975.75,-41.7678571428587,-835.357142857174,-839.857142857174,18000.0,18020.0,17975.0,18098.557829313526,17869.250965488332,18103.05861578214,17864.76753921394,17787.5,17965.0,17705.0,12:00,below_val,inside_both,in_week_va,neg,pos
short,2024-02-27 11:05:00-05:00,2024-02-27,2024-02-27 12:55:00-05:00,tp,17987.875,17923.267857142855,17988.0,18029.553571428572,17923.142857142855,23.303571428571427,0.9342105263157895,-626,-8,33,18001.25,18006.25,64.60714285714494,1292.1428571428987,1287.6428571428987,18010.0,18030.0,17982.5,18097.299993629702,17870.503949515245,18097.13485272435,17870.66845344788,17787.5,17965.0,17705.0,11:00,in_va,inside_both,above_week_vah,neg,pos
short,2024-02-27 15:30:00-05:00,2024-02-27,2024-02-27 16:55:00-05:00,eod,18005.625,18012.375,18005.75,18040.589285714286,17956.571428571428,14.339285714285714,0.9090909090909091,-469,-96,16,18006.0,18012.25,-6.75,-135.0,-139.5,18012.5,18027.5,17970.0,18114.77365915354,17853.097682484844,18136.47613229964,17831.478918964054,17787.5,17965.0,17705.0,15:00,in_va,inside_both,above_week_vah,neg,pos
short,2024-02-28 09:45:00-05:00,2024-02-28,2024-02-28 11:00:00-05:00,sl,17904.875,17942.910714285714,17905.0,17942.785714285714,17847.928571428572,19.285714285714285,0.7373737373737373,-535,-368,4,17917.0,17921.75,-38.035714285713766,-760.7142857142753,-765.2142857142753,17932.5,17957.5,17915.0,18047.158506648324,17889.013010116007,18055.199585615566,17881.011439566017,17787.5,17965.0,17705.0,09:00,below_val,inside_both,in_week_va,neg,pos
short,2024-02-28 12:30:00-05:00,2024-02-28,2024-02-28 13:30:00-05:00,sl,17907.875,17947.160714285714,17908.0,17947.035714285714,17853.678571428572,15.285714285714286,0.7899159663865546,-611,17,7,17911.5,17921.75,-39.285714285713766,-785.7142857142753,-790.2142857142753,17920.0,17965.0,17907.5,18086.974801434964,17849.39234564144,18096.85341712246,17839.5622667824,17787.5,17965.0,17705.0,12:00,in_va,inside_both,in_week_va,pos,pos
short,2024-02-29 10:10:00-05:00,2024-02-29,2024-02-29 15:45:00-05:00,sl,17987.625,18074.928571428572,17987.75,18074.803571428572,17874.142857142855,26.553571428571427,0.8810408921933085,-1890,-172,11,18031.0,18045.0,-87.30357142857247,-1746.0714285714494,-1750.5714285714494,18047.5,18072.5,17910.0,18089.533480683156,17801.77465749274,18090.771602448956,17800.548192313494,17787.5,17965.0,17705.0,10:00,in_va,inside_both,above_week_vah,neg,pos
short,2024-02-29 11:25:00-05:00,2024-02-29,2024-02-29 11:40:00-05:00,tp,17979.625,17905.017857142855,17979.75,18029.053571428572,17904.892857142855,25.553571428571427,0.7920792079207921,-693,-23,60,17981.0,17987.75,74.60714285714494,1492.1428571428987,1487.6428571428987,18002.5,18067.5,17985.0,18097.56293692037,17793.82079644673,18106.11603230937,17785.348226172042,17787.5,17965.0,17705.0,11:00,below_val,inside_both,above_week_vah,neg,pos
short,2024-02-29 10:40:00-05:00,2024-02-29,2024-02-29 11:35:00-05:00,tp,18008.125,17922.732142857145,18008.25,18064.821428571428,17922.607142857145,29.071428571428573,0.7611940298507462,-731,-189,51,18011.5,18021.5,85.39285714285506,1707.8571428571013,1703.3571428571013,18047.5,18072.5,17952.5,18106.37766093532,17785.089060709906,18104.139140152747,17787.306506415713,17787.5,17965.0,17705.0,10:00,in_va,inside_both,above_week_vah,neg,pos
short,2024-02-29 11:30:00-05:00,2024-02-29,2024-02-29 12:50:00-05:00,sl,17959.125,18006.60714285714,17959.25,18006.48214285714,17886.535714285717,25.482142857142858,0.7641509433962265,-1064,-117,77,17966.75,17998.75,-47.4821428571413,-949.642857142826,-954.142857142826,18002.5,18067.5,17985.0,18094.68033585134,17796.676258594704,18105.3662424582,17786.09095695153,17787.5,17965.0,17705.0,11:00,below_val,inside_both,in_week_va,neg,pos
short,2024-02-29 14:40:00-05:00,2024-02-29,2024-02-29 15:25:00-05:00,sl,18016.625,18047.535714285714,18016.75,18047.410714285714,17971.678571428572,14.410714285714286,0.8805970149253731,-391,-16,24,18022.25,18030.75,-30.910714285713766,-618.2142857142753,-622.7142857142753,18000.0,18060.0,17975.0,18109.12759678544,17782.365014773153,18132.737080861905,17758.977807699062,17787.5,17965.0,17705.0,14:00,in_va,inside_both,above_week_vah,neg,pos
short,2024-03-05 10:05:00-05:00,2024-03-05,2024-03-05 14:30:00-05:00,tp,18002.875,17874.446428571428,18003.0,18101.214285714286,17874.321428571428,30.464285714285715,0.8915254237288136,-2351,-323,26,18015.0,18028.5,128.42857142857247,2568.5714285714494,2564.0714285714494,18067.5,18150.0,18025.0,18306.982701091998,18071.64639261125,18304.503946333447,18074.110168255167,17490.0,17960.0,17372.5,10:00,below_val,outside_both,above_week_vah,neg,pos
short,2024-02-29 15:10:00-05:00,2024-02-29,2024-02-29 15:30:00-05:00,sl,18023.625,18054.196428571428,18023.75,18054.071428571428,17977.607142857145,15.821428571428571,0.7230769230769231,-423,-121,98,18026.0,18033.5,-30.571428571427532,-611.4285714285506,-615.9285714285506,18020.0,18060.0,17977.5,18116.104903617015,17775.453397426452,18144.014883063588,17747.806183000394,17787.5,17965.0,17705.0,15:00,in_va,inside_both,above_week_vah,neg,pos
short,2024-03-05 09:30:00-05:00,2024-03-05,2024-03-05 10:15:00-05:00,tp,18074.375,17977.553571428572,18074.5,18153.410714285714,17977.428571428572,18.160714285714285,0.952,-1636,-62,2,18095.25,18128.0,96.82142857142753,1936.4285714285506,1931.9285714285506,18147.5,18182.5,18122.5,18248.61502136515,18129.661356458306,18249.446524087492,18128.834878506786,17490.0,17960.0,17372.5,09:00,below_val,outside_both,above_week_vah,neg,pos
short,2024-03-01 12:00:00-05:00,2024-03-01,2024-03-01 12:20:00-05:00,sl,18226.375,18258.76785714286,18226.5,18258.64285714286,18176.214285714283,18.142857142857142,0.8709677419354839,-354,-55,8,18234.5,18239.75,-32.3928571428587,-647.857142857174,-652.357142857174,18125.0,18195.0,18087.5,18153.744316311855,18013.58713817631,18177.121087939846,17990.243629989833,17787.5,17965.0,17705.0,12:00,above_vah,outside_both,above_week_vah,neg,pos
short,2024-03-04 16:00:00-05:00,2024-03-04,2024-03-04 16:55:00-05:00,eod,18247.375,18244.375,18247.5,18281.178571428572,18194.142857142855,19.678571428571427,0.7333333333333333,-700,-51,157,18256.25,18266.75,3.0,60.0,55.5,18300.0,18332.5,18290.0,18443.358455466026,18207.697203350082,18445.352446209956,18205.70419165234,17490.0,17960.0,17372.5,16:00,below_val,inside_both,above_week_vah,neg,pos
short,2024-03-01 16:00:00-05:00,2024-03-01,2024-03-01 16:55:00-05:00,eod,18323.125,18321.125,18323.25,18350.946428571428,18279.857142857145,15.696428571428571,0.8392857142857143,-457,-179,3,18329.0,18335.5,2.0,40.0,35.5,18337.5,18372.5,18142.5,18185.332496334788,17982.043905830305,18211.202527991823,17956.210685342015,17787.5,17965.0,17705.0,16:00,in_va,outside_both,above_week_vah,neg,pos
short,2024-03-04 13:20:00-05:00,2024-03-04,2024-03-04 14:15:00-05:00,sl,18273.375,18310.01785714286,18273.5,18309.89285714286,18223.464285714283,13.642857142857142,0.8910891089108911,-951,-161,-1,18280.25,18308.0,-36.6428571428587,-732.857142857174,-737.357142857174,18305.0,18327.5,18292.5,18430.433478276147,18220.61583439731,18427.7121553402,18223.33582116815,17490.0,17960.0,17372.5,13:00,below_val,inside_both,above_week_vah,neg,neg
short,2024-03-04 11:20:00-05:00,2024-03-04,2024-03-04 14:35:00-05:00,sl,18303.375,18337.0,18303.5,18336.875,18252.25,17.875,0.7205882352941176,-527,-77,146,18309.25,18314.75,-33.625,-672.5,-677.0,18300.0,18332.5,18292.5,18403.964664791598,18247.07165173776,18406.724567336376,18244.313104300614,17490.0,17960.0,17372.5,11:00,in_va,inside_both,above_week_vah,neg,pos
short,2024-03-04 15:45:00-05:00,2024-03-04,2024-03-04 16:55:00-05:00,eod,18261.125,18244.375,18261.25,18311.125,18191.75,19.625,0.8053691275167785,-1207,-418,1,18270.25,18273.5,16.75,335.0,330.5,18300.0,18332.5,18292.5,18446.09988919519,18204.95711566039,18446.322607306938,18204.734506902867,17490.0,17960.0,17372.5,15:00,below_val,inside_both,above_week_vah,neg,pos
short,2024-03-04 15:40:00-05:00,2024-03-04,2024-03-04 16:55:00-05:00,eod,18290.875,18244.375,18291.0,18335.60714285714,18226.785714285717,19.607142857142858,0.7927927927927928,-382,-29,89,18293.25,18297.75,46.5,930.0,925.5,18300.0,18332.5,18292.5,18446.156742232484,18204.90029053784,18450.206178987373,18200.85284204977,17490.0,17960.0,17372.5,15:00,below_val,inside_both,above_week_vah,neg,pos
short,2024-03-04 15:25:00-05:00,2024-03-04,2024-03-04 15:45:00-05:00,tp,18320.625,18268.446428571428,18320.75,18357.089285714286,18268.321428571428,16.089285714285715,0.7142857142857143,-522,-98,26,18322.0,18328.5,52.17857142857247,1043.5714285714494,1039.0714285714494,18300.0,18332.5,18292.5,18444.989986927107,18206.066472968276,18446.87358171727,18204.183803020074,17490.0,17960.0,17372.5,15:00,in_va,inside_both,above_week_vah,neg,pos
short,2024-03-05 11:35:00-05:00,2024-03-05,2024-03-05 12:30:00-05:00,sl,17930.875,17975.196428571428,17931.0,17975.071428571428,17861.607142857145,25.321428571428573,0.7555555555555555,-342,-313,76,17939.5,17954.25,-44.32142857142753,-886.4285714285506,-890.9285714285506,17932.5,18112.5,17910.0,18314.114739866553,18064.557452745932,18324.85712557901,18053.87998326872,17490.0,17960.0,17372.5,11:00,in_va,outside_both,in_week_va,neg,pos
short,2024-03-05 13:15:00-05:00,2024-03-05,2024-03-05 14:40:00-05:00,tp,17921.375,17860.910714285717,17921.5,17963.48214285714,17860.785714285717,18.732142857142858,0.7314814814814815,-593,-96,62,17931.25,17940.25,60.464285714282596,1209.285714285652,1204.785714285652,17940.0,18077.5,17910.0,18344.494360063894,18034.361416588858,18339.050188219706,18039.772689303416,17490.0,17960.0,17372.5,13:00,in_va,outside_both,in_week_va,neg,pos
short,2024-03-06 09:50:00-05:00,2024-03-06,2024-03-06 10:00:00-05:00,tp,18062.375,18003.053571428572,18062.5,18102.160714285714,18002.928571428572,19.910714285714285,0.7184466019417476,-744,-490,4,18069.25,18094.25,59.32142857142753,1186.4285714285506,1181.9285714285506,18092.5,18117.5,18050.0,18144.908141898348,17942.863597343527,18146.584950334098,17941.197995879662,17490.0,17960.0,17372.5,09:00,in_va,inside_both,above_week_vah,neg,pos
short,2024-03-06 13:45:00-05:00,2024-03-06,2024-03-06 16:55:00-05:00,eod,18045.875,18040.375,18046.0,18161.821428571428,17898.857142857145,31.321428571428573,0.9127906976744186,-793,-23,103,18085.25,18092.75,5.5,110.0,105.5,18092.5,18120.0,18010.0,18231.43323360693,17856.916797256894,18200.35977502242,17887.78257596023,17490.0,17960.0,17372.5,13:00,in_va,inside_both,above_week_vah,neg,pos
short,2024-03-07 09:40:00-05:00,2024-03-07,2024-03-07 10:25:00-05:00,sl,18162.875,18235.285714285714,18163.0,18235.160714285714,18070.428571428572,20.410714285714285,0.909952606635071,-1304,-42,48,18165.25,18182.0,-72.41071428571377,-1448.2142857142753,-1452.7142857142753,18175.0,18225.0,18007.5,18206.612298326596,18016.07796670454,18216.796429118975,18005.973372084667,17490.0,17960.0,17372.5,09:00,in_va,inside_both,above_week_vah,neg,pos
short,2024-03-08 12:50:00-05:00,2024-03-08,2024-03-08 16:55:00-05:00,eod,18098.125,18056.125,18098.25,18197.76785714286,17953.714285714283,45.017857142857146,0.7860262008733624,-787,-106,-58,18118.75,18157.75,42.0,840.0,835.5,18320.0,18427.5,18230.0,18424.309240140083,18151.068562331908,18405.543853386007,18169.765323961128,17490.0,17960.0,17372.5,12:00,below_val,outside_both,above_week_vah,neg,neg
short,2024-03-07 14:55:00-05:00,2024-03-07,2024-03-07 16:05:00-05:00,tp,18326.625,18269.017857142855,18326.75,18369.928571428572,18268.892857142855,14.678571428571429,0.7761194029850746,-610,-153,95,18331.75,18342.5,57.607142857144936,1152.1428571428987,1147.6428571428987,18312.5,18327.5,18137.5,18315.36336596666,17908.17622473126,18295.586265532704,17927.798869679144,17490.0,17960.0,17372.5,14:00,in_va,outside_both,above_week_vah,neg,pos
short,2024-03-08 11:05:00-05:00,2024-03-08,2024-03-08 12:10:00-05:00,tp,18266.625,18134.625,18266.75,18361.5,18134.5,37.5,0.8135593220338984,-1159,-34,66,18288.0,18320.75,132.0,2640.0,2635.5,18322.5,18397.5,18302.5,18402.73646738269,18172.56244333805,18401.851102650613,18173.444570286323,17490.0,17960.0,17372.5,11:00,below_val,inside_both,above_week_vah,neg,pos
short,2024-03-08 11:00:00-05:00,2024-03-08,2024-03-08 11:30:00-05:00,tp,18315.125,18175.589285714283,18315.25,18420.14285714286,18175.464285714283,34.892857142857146,0.8441558441558441,-1053,-204,68,18344.5,18381.0,139.5357142857174,2790.714285714348,2786.214285714348,18320.0,18397.5,18300.0,18392.52007283327,18182.741476475163,18401.526800632215,18173.767686330415,17490.0,17960.0,17372.5,11:00,in_va,inside_both,above_week_vah,neg,pos
short,2024-03-08 12:15:00-05:00,2024-03-08,2024-03-08 16:55:00-05:00,eod,18142.125,18056.125,18142.25,18232.321428571428,18001.607142857145,50.57142857142857,0.7485029940119761,-246,-69,165,18149.25,18223.75,86.0,1720.0,1715.5,18320.0,18412.5,18247.5,18420.809380206774,18154.555623257766,18405.29673412527,18170.01153950534,17490.0,17960.0,17372.5,12:00,below_val,outside_both,above_week_vah,neg,pos
short,2024-03-08 14:50:00-05:00,2024-03-08,2024-03-08 16:55:00-05:00,eod,18129.375,18056.125,18129.5,18195.214285714286,18035.321428571428,28.464285714285715,0.7668711656441718,-300,-25,190,18137.0,18141.5,73.25,1465.0,1460.5,18320.0,18427.5,18177.5,18458.359176344027,18117.14314693609,18432.916133793813,18142.493144136657,17490.0,17960.0,17372.5,14:00,below_val,inside_14_only,above_week_vah,neg,pos
short,2024-03-08 15:25:00-05:00,2024-03-08,2024-03-08 16:55:00-05:00,eod,18050.625,18056.125,18050.75,18147.85714285714,17920.785714285717,32.857142857142854,0.7508896797153025,-815,-163,81,18082.25,18107.25,-5.5,-110.0,-114.5,18320.0,18427.5,18167.5,18454.32202357294,18121.1655358168,18440.622772351526,18134.814688799474,17490.0,17960.0,17372.5,15:00,below_val,outside_both,above_week_vah,neg,pos
short,2024-03-14 09:45:00-04:00,2024-03-14,2024-03-14 16:55:00-04:00,eod,18274.875,18266.375,18275.0,18403.803571428572,18114.892857142855,31.303571428571427,0.8802992518703242,-2146,-91,105,18294.0,18300.75,8.5,170.0,165.5,18372.5,18390.0,18347.5,18415.595652743745,18315.19771138146,18417.8478685557,18312.94791628554,18012.5,18055.0,17905.0,09:00,below_val,outside_both,above_week_vah,neg,pos
short,2024-03-12 14:40:00-04:00,2024-03-12,2024-03-12 15:25:00-04:00,sl,18413.375,18469.285714285714,18413.5,18469.160714285714,18337.928571428572,19.910714285714285,0.8136645962732919,-607,-105,-20,18438.75,18445.75,-55.910714285713766,-1118.2142857142753,-1122.7142857142753,18397.5,18457.5,18307.5,18445.310539896607,18110.67998129518,18422.257886476207,18133.648286144118,18012.5,18055.0,17905.0,14:00,in_va,inside_both,above_week_vah,neg,neg
short,2024-03-13 15:20:00-04:00,2024-03-13,2024-03-13 15:25:00-04:00,tp,18357.875,18298.017857142855,18358.0,18401.803571428572,18297.892857142855,16.303571428571427,0.8141592920353983,-913,-23,45,18363.25,18379.25,59.857142857144936,1197.1428571428987,1192.6428571428987,18347.5,18392.5,18320.0,18612.282099843036,18287.542976722572,18594.91400418812,18304.871110054642,18012.5,18055.0,17905.0,15:00,in_va,inside_both,above_week_vah,neg,pos
short,2024-03-14 12:05:00-04:00,2024-03-14,2024-03-14 14:00:00-04:00,sl,18250.875,18318.51785714286,18251.0,18318.39285714286,18153.214285714283,30.392857142857142,0.8106508875739645,-513,-306,18,18272.75,18284.5,-67.6428571428587,-1352.857142857174,-1357.357142857174,18290.0,18365.0,18237.5,18470.404464299267,18260.447809175646,18461.184499157633,18269.657864557605,18012.5,18055.0,17905.0,12:00,in_va,outside_both,above_week_vah,neg,pos
short,2024-03-14 15:30:00-04:00,2024-03-14,2024-03-14 15:45:00-04:00,sl,18169.625,18220.821428571428,18169.75,18220.696428571428,18092.607142857145,26.196428571428573,0.7837837837837838,-218,-113,40,18171.25,18184.0,-51.19642857142753,-1023.9285714285506,-1028.4285714285506,18290.0,18337.5,18220.0,18529.052548855718,18201.8627604783,18501.44696554114,18229.438672889326,18012.5,18055.0,17905.0,15:00,below_val,outside_both,above_week_vah,neg,pos
short,2024-04-15 13:15:00-04:00,2024-04-15,2024-04-15 13:30:00-04:00,tp,18050.125,17938.946428571428,18050.25,18132.214285714286,17938.821428571428,29.464285714285715,0.8868778280542986,-1303,-125,103,18052.25,18060.25,111.17857142857247,2223.5714285714494,2219.0714285714494,18215.0,18300.0,18167.5,18443.484221234296,18065.22650302667,18434.144894808214,18074.482930371698,18280.0,18492.5,18210.0,13:00,below_val,outside_both,below_week_val,neg,pos
short,2024-03-15 15:05:00-04:00,2024-03-15,2024-03-15 16:55:00-04:00,eod,18071.625,18063.625,18071.75,18120.64285714286,18002.214285714283,20.642857142857142,0.9333333333333333,-514,-46,11,18077.0,18083.25,8.0,160.0,155.5,18067.5,18147.5,18037.5,18402.12524968703,18017.47089057996,18387.605237166852,18031.90048216403,18012.5,18055.0,17905.0,15:00,in_va,inside_both,above_week_vah,neg,pos
short,2024-03-18 11:10:00-04:00,2024-03-18,2024-03-18 13:00:00-04:00,tp,18321.375,18245.053571428572,18321.5,18373.660714285714,18244.928571428572,24.410714285714285,0.7801418439716312,-784,-248,2,18329.75,18340.5,76.32142857142753,1526.4285714285506,1521.9285714285506,18340.0,18377.5,18277.5,18365.604435164027,17983.12777584066,18365.493320884176,17983.23754861198,18305.0,18365.0,18057.5,11:00,in_va,inside_both,in_week_va,neg,pos
short,2024-03-18 12:45:00-04:00,2024-03-18,2024-03-18 15:55:00-04:00,tp,18282.625,18227.089285714283,18282.75,18319.76785714286,18226.964285714283,18.767857142857142,0.7948717948717948,-397,-33,138,18284.0,18295.25,55.535714285717404,1110.714285714348,1106.214285714348,18340.0,18357.5,18272.5,18376.058761794953,17972.79966672502,18369.942435357327,17978.842149331962,18305.0,18365.0,18057.5,12:00,in_va,inside_both,in_week_va,neg,pos
short,2024-03-18 15:50:00-04:00,2024-03-18,2024-03-18 16:55:00-04:00,eod,18233.375,18227.875,18233.5,18293.196428571428,18157.107142857145,16.696428571428573,0.9431818181818182,-1483,-52,16,18245.25,18254.25,5.5,110.0,105.5,18290.0,18345.0,18255.0,18414.63005819972,17934.694050546746,18401.99292782455,17947.178609909686,18305.0,18365.0,18057.5,15:00,below_val,inside_both,in_week_va,neg,pos
short,2024-03-18 13:35:00-04:00,2024-03-18,2024-03-18 14:25:00-04:00,sl,18250.875,18299.01785714286,18251.0,18298.89285714286,18183.214285714283,19.892857142857142,0.8512396694214877,-705,-65,48,18273.5,18278.75,-48.1428571428587,-962.857142857174,-967.357142857174,18290.0,18365.0,18272.5,18408.60468494043,17940.64667807422,18386.134869171285,17962.845210534997,18305.0,18365.0,18057.5,13:00,below_val,inside_both,in_week_va,neg,pos
short,2024-03-19 11:20:00-04:00,2024-03-19,2024-03-19 11:30:00-04:00,sl,18109.125,18150.178571428572,18109.25,18150.053571428572,18044.892857142855,23.553571428571427,0.8767123287671232,-452,-36,52,18118.75,18128.5,-41.05357142857247,-821.0714285714494,-825.5714285714494,18130.0,18145.0,18070.0,18313.16640248137,18058.22956992387,18306.9630161593,18064.404198656866,18305.0,18365.0,18057.5,11:00,in_va,inside_both,in_week_va,neg,pos
short,2024-03-19 11:50:00-04:00,2024-03-19,2024-03-19 12:15:00-04:00,sl,18135.375,18176.714285714286,18135.5,18176.589285714286,18073.571428571428,20.839285714285715,0.782608695652174,-325,-137,119,18138.25,18149.0,-41.339285714286234,-826.7857142857247,-831.2857142857247,18130.0,18150.0,18072.5,18327.598450215744,18043.864426115302,18313.67990926267,18057.718443651574,18305.0,18365.0,18057.5,11:00,in_va,inside_both,in_week_va,neg,pos
short,2024-04-04 15:25:00-04:00,2024-04-04,2024-04-04 16:55:00-04:00,eod,18108.875,18072.625,18109.0,18218.321428571428,17950.607142857145,49.07142857142857,0.776,-647,-87,79,18132.75,18135.5,36.25,725.0,720.5,18537.5,18567.5,18390.0,18628.908831724548,18300.816881518607,18659.94771808018,18270.034961066332,18277.5,18537.5,18055.0,15:00,below_val,outside_both,in_week_va,neg,pos
short,2024-03-19 15:05:00-04:00,2024-03-19,2024-03-19 15:50:00-04:00,sl,18246.625,18280.125,18246.75,18280.0,18195.25,18.25,0.7432432432432432,-478,-144,78,18251.0,18263.5,-33.5,-670.0,-674.5,18130.0,18197.5,18062.5,18347.311000390946,18024.24325916018,18346.929071884824,18024.623417126397,18305.0,18365.0,18057.5,15:00,above_vah,inside_both,in_week_va,neg,pos
short,2024-03-20 12:10:00-04:00,2024-03-20,2024-03-20 13:00:00-04:00,sl,18256.625,18291.285714285714,18256.75,18291.160714285714,18208.178571428572,14.160714285714286,0.7558139534883721,-230,-50,95,18257.25,18261.5,-34.660714285713766,-693.2142857142753,-697.7142857142753,18260.0,18292.5,18250.0,18410.407813573383,18180.819195467495,18406.01857120366,18185.197655224125,18305.0,18365.0,18057.5,12:00,in_va,inside_both,in_week_va,neg,pos
short,2024-03-20 13:10:00-04:00,2024-03-20,2024-03-20 14:00:00-04:00,sl,18260.125,18294.125,18260.25,18294.0,18211.5,15.0,0.8414634146341463,-361,-100,64,18274.75,18280.75,-34.0,-680.0,-684.5,18260.0,18292.5,18255.0,18420.37306267611,18170.87842699637,18417.00359164341,18174.239620586308,18305.0,18365.0,18057.5,13:00,in_va,inside_both,in_week_va,neg,pos
short,2024-03-25 09:40:00-04:00,2024-03-25,2024-03-25 09:45:00-04:00,sl,18423.125,18466.285714285714,18423.25,18466.160714285714,18363.678571428572,16.660714285714285,0.7194244604316546,-931,-310,34,18438.0,18447.75,-43.160714285713766,-863.2142857142753,-867.7142857142753,18467.5,18545.0,18442.5,18601.785719973792,18421.428392624002,18598.552956897554,18424.642957666896,18330.0,18407.5,18190.0,09:00,below_val,inside_14_only,above_week_vah,neg,pos
short,2024-03-22 14:05:00-04:00,2024-03-22,2024-03-22 15:10:00-04:00,tp,18611.375,18573.625,18611.5,18636.875,18573.5,12.625,0.8,-385,-83,34,18612.25,18622.25,37.75,755.0,750.5,18537.5,18562.5,18505.0,18676.62516457646,18440.84512771506,18688.81365275438,18428.684355928664,18305.0,18365.0,18057.5,14:00,above_vah,inside_both,above_week_vah,neg,pos
short,2024-03-25 12:00:00-04:00,2024-03-25,2024-03-25 13:40:00-04:00,sl,18522.875,18555.946428571428,18523.0,18555.821428571428,18473.357142857145,16.821428571428573,0.7948717948717948,-547,-96,24,18534.75,18545.25,-33.07142857142753,-661.4285714285506,-665.9285714285506,18515.0,18597.5,18475.0,18622.69555635575,18400.636262950113,18652.045573265612,18371.451464639245,18330.0,18407.5,18190.0,12:00,in_va,inside_both,above_week_vah,neg,pos
short,2024-03-25 14:20:00-04:00,2024-03-25,2024-03-25 15:20:00-04:00,tp,18557.875,18530.303571428572,18558.0,18575.910714285714,18530.178571428572,9.910714285714286,0.7837837837837838,-288,-50,27,18561.25,18563.75,27.571428571427532,551.4285714285506,546.9285714285506,18522.5,18597.5,18485.0,18637.083815782837,18386.328998640398,18677.21410227928,18346.42461558151,18330.0,18407.5,18190.0,14:00,in_va,inside_both,above_week_vah,neg,pos
short,2024-03-25 15:50:00-04:00,2024-03-25,2024-03-25 16:55:00-04:00,eod,18518.625,18533.625,18518.75,18558.303571428572,18464.642857142855,14.553571428571429,0.8389830508474576,-1262,-200,4,18526.0,18539.25,-15.0,-300.0,-304.5,18525.0,18577.5,18497.5,18671.838123054902,18351.77033207185,18684.85203214405,18338.829681537674,18330.0,18407.5,18190.0,15:00,in_va,inside_both,above_week_vah,neg,pos
short,2024-03-26 10:25:00-04:00,2024-03-26,2024-03-26 15:40:00-04:00,tp,18555.375,18476.660714285717,18555.5,18612.10714285714,18476.535714285717,22.357142857142858,0.7844311377245509,-1508,-161,15,18571.75,18594.0,78.7142857142826,1574.285714285652,1569.785714285652,18602.5,18607.5,18570.0,18625.579324024813,18476.778557963575,18644.32475509522,18458.068712295808,18330.0,18407.5,18190.0,10:00,below_val,inside_both,above_week_vah,neg,pos
short,2024-03-26 14:40:00-04:00,2024-03-26,2024-03-26 15:25:00-04:00,tp,18542.625,18509.767857142855,18542.75,18564.803571428572,18509.642857142855,11.053571428571429,0.74,-219,-36,97,18543.25,18548.25,32.857142857144936,657.1428571428987,652.6428571428987,18545.0,18582.5,18540.0,18657.3680817017,18445.050146497826,18681.4124434613,18421.051429369778,18330.0,18407.5,18190.0,14:00,in_va,inside_both,above_week_vah,neg,pos
short,2024-03-28 11:35:00-04:00,2024-03-28,2024-03-28 14:00:00-04:00,tp,18493.875,18449.910714285717,18494.0,18521.98214285714,18449.785714285717,16.232142857142858,0.7931034482758621,-442,-140,2,18500.0,18509.5,43.964285714282596,879.2857142856519,874.7857142856519,18490.0,18512.5,18482.5,18567.279442575917,18438.488084217388,18589.996236753086,18415.777734782027,18330.0,18407.5,18190.0,11:00,in_va,inside_both,above_week_vah,neg,pos
short,2024-04-01 11:50:00-04:00,2024-04-01,2024-04-01 15:50:00-04:00,sl,18428.875,18494.071428571428,18429.0,18493.946428571428,18339.607142857145,24.446428571428573,0.8784530386740331,-965,-178,15,18447.0,18463.0,-65.19642857142753,-1303.9285714285506,-1308.4285714285506,18585.0,18607.5,18500.0,,,18586.00178205422,18379.662284498732,18277.5,18537.5,18055.0,11:00,below_val,inside_90_only,in_week_va,neg,pos
short,2024-04-02 11:40:00-04:00,2024-04-02,2024-04-02 12:45:00-04:00,sl,18254.875,18284.23214285714,18255.0,18284.10714285714,18209.035714285717,16.857142857142858,0.7735849056603774,-925,-67,442,18263.0,18267.75,-29.357142857141298,-587.142857142826,-591.642857142826,18242.5,18307.5,18202.5,18554.816623968396,18230.832780653534,18582.491635494574,18203.472704183045,18277.5,18537.5,18055.0,11:00,in_va,inside_both,in_week_va,neg,pos
short,2024-04-02 13:10:00-04:00,2024-04-02,2024-04-02 15:05:00-04:00,sl,18279.875,18306.053571428572,18280.0,18305.928571428572,18240.892857142855,13.178571428571429,0.7719298245614035,-350,-55,79,18285.25,18291.0,-26.178571428572468,-523.5714285714494,-528.0714285714494,18242.5,18290.0,18212.5,18562.408669407174,18223.32713088801,18594.943971530694,18191.162072772382,18277.5,18537.5,18055.0,13:00,in_va,inside_both,in_week_va,neg,pos
short,2024-04-03 12:00:00-04:00,2024-04-03,2024-04-03 12:20:00-04:00,sl,18387.375,18420.196428571428,18387.5,18420.071428571428,18340.107142857145,14.821428571428571,0.7386363636363636,-1176,-327,1,18402.25,18410.0,-32.82142857142753,-656.4285714285506,-660.9285714285506,18415.0,18450.0,18282.5,18405.98821039275,18179.360383130148,18428.940387620252,18156.538328088136,18277.5,18537.5,18055.0,12:00,in_va,inside_both,in_week_va,neg,pos
short,2024-04-03 12:35:00-04:00,2024-04-03,2024-04-03 16:55:00-04:00,eod,18375.625,18387.875,18375.75,18453.803571428572,18277.142857142855,20.553571428571427,0.873015873015873,-1519,-285,49,18376.75,18398.5,-12.25,-245.0,-249.5,18415.0,18450.0,18287.5,18392.987849215904,18192.28704169519,18431.934272071685,18153.561416788492,18277.5,18537.5,18055.0,12:00,in_va,inside_both,in_week_va,neg,pos
short,2024-04-03 13:35:00-04:00,2024-04-03,2024-04-03 15:10:00-04:00,tp,18408.125,18357.267857142855,18408.25,18440.178571428572,18357.142857142855,19.178571428571427,0.8301886792452831,-297,-18,50,18410.25,18415.0,50.857142857144936,1017.1428571428987,1012.6428571428987,18415.0,18450.0,18297.5,18411.75951624872,18173.621796389398,18443.864822568717,18141.698503853215,18277.5,18537.5,18055.0,13:00,in_va,inside_both,in_week_va,neg,pos
short,2024-04-03 14:45:00-04:00,2024-04-03,2024-04-03 15:10:00-04:00,tp,18404.875,18367.553571428572,18405.0,18430.160714285714,18367.428571428572,12.410714285714286,0.8135593220338984,-497,-167,25,18407.0,18412.75,37.32142857142753,746.4285714285506,741.9285714285506,18415.0,18450.0,18302.5,18424.765045011198,18160.689999535185,18452.327436244796,18133.283867054255,18277.5,18537.5,18055.0,14:00,in_va,inside_both,in_week_va,neg,pos
short,2024-04-03 14:25:00-04:00,2024-04-03,2024-04-03 15:10:00-04:00,tp,18408.375,18374.053571428572,18408.5,18431.160714285714,18373.928571428572,11.910714285714286,0.9111111111111111,-270,-17,2,18411.75,18417.0,34.32142857142753,686.4285714285506,681.9285714285506,18415.0,18450.0,18302.5,18412.116880255428,18173.26645837722,18452.98706136187,18132.62798153282,18277.5,18537.5,18055.0,14:00,in_va,inside_both,in_week_va,neg,pos
short,2024-04-03 15:10:00-04:00,2024-04-03,2024-04-03 16:55:00-04:00,eod,18344.125,18387.875,18344.25,18413.946428571428,18257.607142857145,16.946428571428573,0.8388429752066116,-1635,6,81,18386.0,18391.25,-43.75,-875.0,-879.5,18415.0,18450.0,18307.5,18426.064789128708,18159.39762402343,18463.498242567857,18122.176391094934,18277.5,18537.5,18055.0,15:00,in_va,inside_both,in_week_va,pos,pos
short,2024-04-04 14:25:00-04:00,2024-04-04,2024-04-04 14:55:00-04:00,tp,18333.875,18214.660714285717,18334.0,18428.10714285714,18214.535714285717,25.357142857142858,0.8841059602649006,-945,-213,145,18355.0,18369.75,119.2142857142826,2384.285714285652,2379.785714285652,18537.5,18565.0,18485.0,18627.369704552413,18302.343266506643,18651.733672461116,18278.18100393464,18277.5,18537.5,18055.0,14:00,below_val,inside_both,in_week_va,neg,pos
short,2024-04-04 11:10:00-04:00,2024-04-04,2024-04-04 11:40:00-04:00,sl,18483.875,18520.214285714286,18484.0,18520.089285714286,18431.071428571428,16.839285714285715,0.7023809523809523,-580,-117,161,18489.25,18494.0,-36.339285714286234,-726.7857142857247,-731.2857142857247,18537.5,18560.0,18487.5,18623.431477150298,18306.248889963168,18621.760634000562,18307.905900473597,18277.5,18537.5,18055.0,11:00,below_val,inside_both,in_week_va,neg,pos
short,2024-04-04 14:05:00-04:00,2024-04-04,2024-04-04 14:15:00-04:00,tp,18454.875,18395.160714285717,18455.0,18500.48214285714,18395.035714285717,14.482142857142858,0.8814814814814815,-973,-208,31,18479.75,18483.75,59.714285714282596,1194.285714285652,1189.785714285652,18537.5,18560.0,18492.5,18631.84271558485,18297.907286806698,18649.33854235562,18280.556305146656,18277.5,18537.5,18055.0,14:00,below_val,inside_both,in_week_va,neg,pos
short,2024-04-04 13:00:00-04:00,2024-04-04,2024-04-04 13:45:00-04:00,tp,18545.375,18510.017857142855,18545.5,18569.928571428572,18509.892857142855,11.178571428571429,0.7931034482758621,-530,-113,95,18546.5,18551.5,35.357142857144936,707.1428571428987,702.6428571428987,18537.5,18562.5,18492.5,18617.507341152683,18312.12398100019,18637.20517597874,18292.589221352227,18277.5,18537.5,18055.0,13:00,in_va,inside_both,above_week_vah,neg,pos
short,2024-04-04 15:35:00-04:00,2024-04-04,2024-04-04 16:55:00-04:00,eod,18095.875,18072.625,18096.0,18181.571428571428,17963.357142857145,47.07142857142857,0.9085365853658537,-455,-82,1,18105.0,18108.75,23.25,465.0,460.5,18537.5,18567.5,18362.5,18634.39994939277,18295.371223922506,18663.037886036745,18266.970376108828,18277.5,18537.5,18055.0,15:00,below_val,outside_both,in_week_va,neg,pos
short,2024-04-04 15:55:00-04:00,2024-04-04,2024-04-04 16:55:00-04:00,eod,18075.375,18072.625,18075.5,18165.76785714286,17944.464285714283,40.767857142857146,0.852017937219731,-770,-259,70,18080.0,18096.75,2.75,55.0,50.5,18537.5,18567.5,18300.0,18631.39903056051,18298.347298634722,18661.4815106208,18268.513866545265,18277.5,18537.5,18055.0,15:00,below_val,outside_both,in_week_va,neg,pos
short,2024-04-08 09:35:00-04:00,2024-04-08,2024-04-08 10:10:00-04:00,sl,18244.125,18315.589285714286,18244.25,18315.464285714286,18153.071428571428,19.964285714285715,0.8744186046511628,-1007,-91,210,18251.75,18268.75,-71.46428571428623,-1429.2857142857247,-1433.7857142857247,18320.0,18327.5,18285.0,,,18357.96506978294,18283.314035935386,18490.0,18567.5,18460.0,09:00,below_val,outside_both,below_week_val,neg,pos
short,2024-04-09 10:25:00-04:00,2024-04-09,2024-04-09 16:00:00-04:00,sl,18281.625,18387.35714285714,18281.75,18387.23214285714,18144.035714285717,32.232142857142854,0.834319526627219,-2236,-141,58,18335.25,18349.0,-105.7321428571413,-2114.642857142826,-2119.142857142826,18347.5,18372.5,18292.5,18472.953635905607,18230.15065567128,18462.534963733422,18240.524149342513,18490.0,18567.5,18460.0,10:00,below_val,inside_both,below_week_val,neg,pos
short,2024-04-09 13:55:00-04:00,2024-04-09,2024-04-09 15:25:00-04:00,sl,18254.875,18292.196428571428,18255.0,18292.071428571428,18197.107142857145,20.821428571428573,0.875,-425,-80,15,18255.5,18265.0,-37.32142857142753,-746.4285714285506,-750.9285714285506,18262.5,18350.0,18200.0,18490.290414833293,18212.889054239393,18494.568096042436,18208.62992234454,18490.0,18567.5,18460.0,13:00,in_va,inside_both,below_week_val,neg,pos
short,2024-04-10 13:05:00-04:00,2024-04-10,2024-04-10 13:15:00-04:00,sl,18121.125,18169.321428571428,18121.25,18169.196428571428,18050.107142857145,23.196428571428573,0.8288288288288288,-859,-161,59,18128.25,18153.0,-48.19642857142753,-963.9285714285506,-968.4285714285506,18157.5,18202.5,18122.5,18492.84702052501,18033.342038791736,18484.22360611048,18041.85065258738,18490.0,18567.5,18460.0,13:00,below_val,inside_both,below_week_val,neg,pos
short,2024-04-10 12:10:00-04:00,2024-04-10,2024-04-10 12:50:00-04:00,sl,18129.125,18174.303571428572,18129.25,18174.178571428572,18060.392857142855,23.928571428571427,0.717391304347826,-410,-69,70,18137.0,18146.0,-45.17857142857247,-903.5714285714494,-908.0714285714494,18170.0,18200.0,18115.0,18489.476542173463,18036.66764709737,18474.516718460185,18051.42831570363,18490.0,18567.5,18460.0,12:00,in_va,inside_both,below_week_val,neg,pos
short,2024-04-10 14:55:00-04:00,2024-04-10,2024-04-10 15:15:00-04:00,sl,18127.375,18195.35714285714,18127.5,18195.23214285714,18024.535714285717,35.232142857142854,0.9071428571428571,-722,-63,1,18136.25,18173.5,-67.9821428571413,-1359.642857142826,-1364.142857142826,18170.0,18192.5,18122.5,18509.197225484175,18017.209498617987,18502.599386083195,18023.719503199707,18490.0,18567.5,18460.0,14:00,in_va,inside_both,below_week_val,neg,pos
short,2024-04-11 12:25:00-04:00,2024-04-11,2024-04-11 13:00:00-04:00,sl,18293.875,18344.14285714286,18294.0,18344.01785714286,18221.714285714283,22.267857142857142,0.9145299145299145,-844,-38,35,18298.0,18307.25,-50.2678571428587,-1005.357142857174,-1009.857142857174,18250.0,18277.5,18200.0,18371.694691891007,18086.23073138587,18356.05073541715,18101.812164279567,18490.0,18567.5,18460.0,12:00,above_vah,inside_both,below_week_val,neg,pos
short,2024-04-12 10:25:00-04:00,2024-04-12,2024-04-12 12:30:00-04:00,tp,18274.375,18190.696428571428,18274.5,18327.464285714286,18190.571428571428,30.964285714285715,0.7684210526315789,-312,-87,159,18274.75,18306.0,83.67857142857247,1673.5714285714494,1669.0714285714494,18300.0,18387.5,18257.5,18565.965013970777,18217.10659060508,18556.204964203826,18226.766983376358,18490.0,18567.5,18460.0,10:00,in_va,inside_both,below_week_val,neg,pos
short,2024-04-12 14:55:00-04:00,2024-04-12,2024-04-12 15:45:00-04:00,sl,18134.125,18183.821428571428,18134.25,18183.696428571428,18060.107142857145,24.696428571428573,0.7657657657657657,-697,-85,16,18135.5,18141.5,-49.69642857142753,-993.9285714285506,-998.4285714285506,18162.5,18305.0,18127.5,18626.249507552784,18157.4376442446,18604.872686736377,18178.5961926351,18490.0,18567.5,18460.0,14:00,in_va,outside_both,below_week_val,neg,pos
short,2024-04-15 12:20:00-04:00,2024-04-15,2024-04-15 13:20:00-04:00,tp,18135.125,18028.196428571428,18135.25,18215.589285714286,18028.071428571428,26.839285714285715,0.7866666666666666,-1077,-43,45,18155.5,18170.25,106.92857142857247,2138.5714285714494,2134.0714285714494,18215.0,18282.5,18170.0,18440.719504643712,18067.966679039673,18427.766280442636,18080.80492595717,18280.0,18492.5,18210.0,12:00,below_val,inside_both,below_week_val,neg,pos
short,2024-04-15 09:30:00-04:00,2024-04-15,2024-04-15 12:20:00-04:00,tp,18269.875,18157.160714285717,18270.0,18360.98214285714,18157.035714285717,21.982142857142858,0.925531914893617,-1692,-42,-16,18312.75,18321.5,112.7142857142826,2254.285714285652,2249.785714285652,18275.0,18295.0,18202.5,18340.23233041307,18167.561894469312,18340.29838109602,18167.496430074996,18280.0,18492.5,18210.0,09:00,in_va,inside_both,in_week_va,neg,neg
short,2024-04-15 10:50:00-04:00,2024-04-15,2024-04-15 13:15:00-04:00,tp,18179.875,18064.482142857145,18180.0,18257.446428571428,18064.357142857145,38.19642857142857,0.9135802469135802,-503,-41,10,18191.0,18230.25,115.39285714285506,2307.8571428571013,2303.3571428571013,18275.0,18322.5,18225.0,18436.88327072042,18071.768861228134,18421.48064586944,18087.034767070945,18280.0,18492.5,18210.0,10:00,below_val,inside_both,below_week_val,neg,pos
short,2024-04-15 12:15:00-04:00,2024-04-15,2024-04-15 12:35:00-04:00,tp,18178.625,18093.589285714283,18178.75,18239.76785714286,18093.464285714283,24.267857142857142,0.8789808917197452,-729,-92,8,18205.5,18210.5,85.0357142857174,1700.714285714348,1696.214285714348,18215.0,18282.5,18170.0,18433.531968733103,18075.090415903665,18424.446859439384,18084.09488263524,18280.0,18492.5,18210.0,12:00,in_va,inside_both,below_week_val,neg,pos
short,2024-04-16 15:30:00-04:00,2024-04-16,2024-04-16 16:55:00-04:00,eod,17891.375,17894.125,17891.5,17977.48214285714,17773.285714285717,32.232142857142854,0.9638009049773756,-468,-40,-3,17922.25,17935.75,-2.75,-55.0,-59.5,17865.0,17912.5,17855.0,18082.91013805369,17660.418373466975,18012.39508940247,17730.90679405786,18280.0,18492.5,18210.0,15:00,in_va,inside_both,below_week_val,neg,neg
short,2024-04-17 09:45:00-04:00,2024-04-17,2024-04-17 10:10:00-04:00,tp,17905.375,17823.982142857145,17905.5,17964.946428571428,17823.857142857145,22.196428571428573,0.7151898734177216,-671,-176,321,17913.0,17932.5,81.39285714285506,1627.8571428571013,1623.3571428571013,17930.0,17952.5,17895.0,17990.74786456778,17860.620123427816,17996.897592609843,17854.49205629144,18280.0,18492.5,18210.0,09:00,in_va,inside_both,below_week_val,neg,pos
short,2024-04-17 10:50:00-04:00,2024-04-17,2024-04-17 12:45:00-04:00,tp,17774.375,17620.839285714283,17774.5,17891.39285714286,17620.714285714283,36.892857142857146,0.8763736263736264,-1716,-65,-2,17819.25,17834.75,153.5357142857174,3070.714285714348,3066.214285714348,17930.0,17962.5,17852.5,18058.306641301864,17793.29930588172,18042.674990119685,17808.875898414193,18280.0,18492.5,18210.0,10:00,below_val,outside_both,below_week_val,neg,neg
short,2024-04-17 12:00:00-04:00,2024-04-17,2024-04-17 14:40:00-04:00,sl,17707.875,17783.285714285714,17708.0,17783.160714285714,17599.678571428572,33.160714285714285,0.8920454545454546,-572,3,82,17726.25,17733.5,-75.41071428571377,-1508.2142857142753,-1512.7142857142753,17930.0,17962.5,17825.0,18057.861867368865,17793.742513207842,18045.715312809,17805.84628451438,18280.0,18492.5,18210.0,12:00,below_val,outside_both,below_week_val,pos,pos
short,2024-04-17 15:00:00-04:00,2024-04-17,2024-04-17 16:55:00-04:00,eod,17672.375,17663.375,17672.5,17737.0,17574.25,33.75,0.9312977099236641,-311,-30,1,17684.25,17694.0,9.0,180.0,175.5,17710.0,17852.5,17635.0,18149.060221591244,17702.86538277555,18086.06083026687,17765.642874226545,18280.0,18492.5,18210.0,15:00,in_va,outside_both,below_week_val,neg,pos
short,2024-04-18 09:30:00-04:00,2024-04-18,2024-04-18 10:35:00-04:00,sl,17633.875,17701.35714285714,17634.0,17701.23214285714,17544.285714285717,22.482142857142858,0.7155963302752294,-453,-318,221,17648.5,17661.25,-67.4821428571413,-1349.642857142826,-1354.142857142826,17690.0,17725.0,17675.0,17678.76035295531,17657.492824968154,17677.97505675071,17658.277687933456,18280.0,18492.5,18210.0,09:00,below_val,outside_both,below_week_val,neg,pos
short,2024-04-18 12:30:00-04:00,2024-04-18,2024-04-18 13:15:00-04:00,tp,17646.875,17563.446428571428,17647.0,17708.714285714286,17563.321428571428,21.964285714285715,0.8757062146892656,-1253,-115,45,17669.5,17671.5,83.42857142857247,1668.5714285714494,1664.0714285714494,17697.5,17750.0,17647.5,17809.838155786205,17526.48733632147,17767.106469601076,17569.195447904647,18280.0,18492.5,18210.0,12:00,below_val,inside_both,below_week_val,neg,pos
short,2024-04-18 14:30:00-04:00,2024-04-18,2024-04-18 16:55:00-04:00,eod,17526.625,17529.625,17526.75,17596.339285714286,17425.821428571428,31.339285714285715,0.8571428571428571,-590,-43,47,17537.5,17561.5,-3.0,-60.0,-64.5,17697.5,17732.5,17602.5,17858.031912885228,17478.320167188933,17794.26481537595,17542.052085090858,18280.0,18492.5,18210.0,14:00,below_val,inside_14_only,below_week_val,neg,pos
short,2024-04-19 11:15:00-04:00,2024-04-19,2024-04-19 12:10:00-04:00,tp,17339.625,17233.660714285717,17339.75,17409.10714285714,17233.535714285717,36.857142857142854,0.7183098591549296,-280,-88,67,17341.0,17362.75,105.9642857142826,2119.285714285652,2114.785714285652,17450.0,17487.5,17355.0,17617.494944872502,17406.680748847826,17611.805996642015,17412.358338329457,18280.0,18492.5,18210.0,11:00,below_val,outside_both,below_week_val,neg,pos
short,2024-04-19 11:55:00-04:00,2024-04-19,2024-04-19 14:35:00-04:00,tp,17289.875,17201.517857142855,17290.0,17350.303571428572,17201.392857142855,28.303571428571427,0.7835820895522388,-225,-35,145,17308.5,17335.0,88.35714285714494,1767.1428571428987,1762.6428571428987,17450.0,17497.5,17350.0,17628.98406972111,17395.21456357934,17617.693746216595,17406.482344437307,18280.0,18492.5,18210.0,11:00,below_val,outside_both,below_week_val,neg,pos
short,2024-04-19 13:25:00-04:00,2024-04-19,2024-04-19 13:50:00-04:00,sl,17260.875,17324.01785714286,17261.0,17323.89285714286,17169.464285714283,28.642857142857142,0.759493670886076,-465,-129,104,17276.75,17294.25,-63.1428571428587,-1262.857142857174,-1267.357142857174,17450.0,17505.0,17302.5,17686.216350369734,17338.096554862186,17638.237407464847,17385.979701366625,18280.0,18492.5,18210.0,13:00,below_val,outside_both,below_week_val,neg,pos
short,2024-04-19 14:25:00-04:00,2024-04-19,2024-04-19 16:55:00-04:00,eod,17210.875,17179.375,17211.0,17296.946428571428,17088.607142857145,36.44642857142857,0.965,-1242,-6,8,17228.25,17252.5,31.5,630.0,625.5,17290.0,17422.5,17207.5,17698.18341727432,17326.153381813197,17650.165669505877,17374.075255702068,18280.0,18492.5,18210.0,14:00,in_va,outside_both,below_week_val,neg,pos
short,2024-04-22 10:50:00-04:00,2024-04-22,2024-04-22 11:40:00-04:00,sl,17174.375,17244.375,17174.5,17244.25,17072.25,32.5,0.8285714285714286,-576,-68,1,17202.0,17214.25,-70.0,-1400.0,-1404.5,17285.0,17307.5,17240.0,17374.462402834368,17094.080465106366,17371.726733234012,17096.798808074018,18300.0,18332.5,18150.0,10:00,below_val,inside_both,below_week_val,neg,pos
short,2024-04-22 15:30:00-04:00,2024-04-22,2024-04-22 16:55:00-04:00,eod,17353.125,17345.125,17353.25,17416.89285714286,17266.964285714283,22.642857142857142,0.863905325443787,-821,-16,26,17383.75,17392.25,8.0,160.0,155.5,17292.5,17330.0,17195.0,17485.421496258048,16983.824142023506,17429.543775135673,17039.347956098645,18300.0,18332.5,18150.0,15:00,above_vah,inside_both,below_week_val,neg,pos
short,2024-04-22 16:00:00-04:00,2024-04-22,2024-04-22 16:55:00-04:00,eod,17325.875,17345.125,17326.0,17381.23214285714,17245.035714285717,25.732142857142858,0.8666666666666667,-323,-19,205,17329.5,17334.75,-19.25,-385.0,-389.5,17292.5,17352.5,17200.0,17477.171056866555,16992.022326444956,17427.633551098796,17041.246081543548,18300.0,18332.5,18150.0,16:00,in_va,inside_both,below_week_val,neg,pos
short,2024-04-24 12:30:00-04:00,2024-04-24,2024-04-24 13:15:00-04:00,sl,17573.375,17636.535714285714,17573.5,17636.410714285714,17483.928571428572,26.660714285714285,0.8235294117647058,-786,-171,33,17580.75,17594.5,-63.160714285713766,-1263.2142857142753,-1267.7142857142753,17735.0,17777.5,17682.5,17862.364249229766,17527.693826959603,17833.67631767881,17556.257999035926,18300.0,18332.5,18150.0,12:00,below_val,inside_both,below_week_val,neg,pos
short,2024-04-23 14:50:00-04:00,2024-04-23,2024-04-23 16:00:00-04:00,sl,17630.375,17660.35714285714,17630.5,17660.23214285714,17586.035714285717,14.732142857142858,0.7435897435897436,-446,-125,9,17638.5,17644.75,-29.982142857141298,-599.642857142826,-604.142857142826,17582.5,17652.5,17457.5,17608.36529025505,17165.745071394213,17557.665992089973,17216.202192830573,18300.0,18332.5,18150.0,14:00,in_va,outside_both,below_week_val,neg,pos
short,2024-04-24 11:00:00-04:00,2024-04-24,2024-04-24 16:05:00-04:00,tp,17662.875,17559.839285714283,17663.0,17733.64285714286,17559.714285714283,32.642857142857146,0.7321428571428571,-577,-235,172,17677.75,17709.75,103.0357142857174,2060.714285714348,2056.214285714348,17735.0,17745.0,17692.5,17828.88578547819,17561.0278649244,17816.939786300136,17572.922329171128,18300.0,18332.5,18150.0,11:00,below_val,inside_both,below_week_val,neg,pos
short,2024-04-24 12:05:00-04:00,2024-04-24,2024-04-24 13:25:00-04:00,sl,17599.125,17652.464285714286,17599.25,17652.339285714286,17518.821428571428,27.339285714285715,0.8571428571428571,-687,-256,1,17600.5,17607.25,-53.339285714286234,-1066.7857142857247,-1071.2857142857247,17735.0,17772.5,17687.5,17840.123581487725,17549.838548664186,17825.071979694083,17564.82521798519,18300.0,18332.5,18150.0,12:00,below_val,inside_both,below_week_val,neg,pos
short,2024-04-24 14:00:00-04:00,2024-04-24,2024-04-24 14:30:00-04:00,tp,17680.875,17618.589285714283,17681.0,17723.26785714286,17618.464285714283,20.267857142857142,0.7553191489361702,-384,-88,43,17682.25,17695.75,62.285714285717404,1245.714285714348,1241.214285714348,17735.0,17760.0,17645.0,17901.451481614913,17488.775216537884,17850.91195233501,17539.096718750177,18300.0,18332.5,18150.0,14:00,in_va,inside_both,below_week_val,neg,pos
short,2024-04-25 14:25:00-04:00,2024-04-25,2024-04-25 15:15:00-04:00,sl,17512.375,17589.178571428572,17512.5,17589.053571428572,17409.142857142855,26.803571428571427,0.9211822660098522,-782,-2,182,17525.75,17534.75,-76.80357142857247,-1536.0714285714494,-1540.5714285714494,17370.0,17457.5,17317.5,17684.822520393383,17178.47679217656,17631.941021035218,17230.89690273711,18300.0,18332.5,18150.0,14:00,above_vah,inside_both,below_week_val,neg,pos
short,2024-04-30 15:50:00-04:00,2024-04-30,2024-04-30 16:15:00-04:00,tp,17629.125,17503.553571428572,17629.25,17730.410714285714,17503.428571428572,24.660714285714285,0.9131736526946108,-1459,-2,1,17668.25,17697.0,125.57142857142753,2511.4285714285506,2506.9285714285506,17835.0,17917.5,17732.5,18111.012567168436,17637.584613952968,18051.367054569684,17696.976220213197,17875.0,17965.0,17430.0,15:00,below_val,outside_both,in_week_va,neg,pos
short,2024-04-30 11:10:00-04:00,2024-04-30,2024-04-30 15:50:00-04:00,tp,17757.375,17659.517857142855,17757.5,17828.678571428572,17659.392857142855,26.928571428571427,0.8186528497409327,-1397,-146,183,17768.75,17808.25,97.85714285714494,1957.1428571428987,1952.6428571428987,17835.0,17885.0,17825.0,18014.513568958024,17733.672823384153,17994.192620399557,17753.907267234736,17875.0,17965.0,17430.0,11:00,below_val,inside_both,in_week_va,neg,pos
short,2024-04-26 10:25:00-04:00,2024-04-26,2024-04-26 11:00:00-04:00,sl,17795.125,17866.839285714286,17795.25,17866.714285714286,17686.821428571428,36.964285714285715,0.918918918918919,-852,-28,22,17810.0,17831.25,-71.71428571428623,-1434.2857142857247,-1438.7857142857247,17732.5,17790.0,17712.5,17889.03117500158,17625.20429311051,17888.0097152896,17626.218915953814,18300.0,18332.5,18150.0,10:00,above_vah,inside_both,below_week_val,neg,pos
short,2024-04-26 14:00:00-04:00,2024-04-26,2024-04-26 16:55:00-04:00,eod,17860.875,17836.875,17861.0,17896.035714285714,17810.678571428572,15.285714285714286,0.7096774193548387,-480,-95,42,17872.5,17877.25,24.0,480.0,475.5,17827.5,17895.0,17752.5,17995.14437548451,17519.80133308769,17937.41517610076,17577.144137442865,18300.0,18332.5,18150.0,14:00,in_va,inside_both,below_week_val,neg,pos
short,2024-04-29 10:35:00-04:00,2024-04-29,2024-04-29 16:55:00-04:00,eod,17877.125,17912.125,17877.25,17946.625,17774.75,33.125,0.7966101694915254,-1025,-229,18,17884.25,17894.75,-35.0,-700.0,-704.5,17895.0,17930.0,17870.0,18010.125115578256,17748.543988768215,17997.624672991056,17760.985317301944,17875.0,17965.0,17430.0,10:00,in_va,inside_both,in_week_va,neg,pos
short,2024-04-29 11:30:00-04:00,2024-04-29,2024-04-29 12:10:00-04:00,sl,17852.375,17902.214285714286,17852.5,17902.089285714286,17780.571428571428,22.339285714285715,0.8512396694214877,-702,-92,9,17859.75,17882.25,-49.839285714286234,-996.7857142857247,-1001.2857142857247,17885.0,17920.0,17870.0,18030.93554449699,17727.831971469648,18009.20164990584,17749.46308741132,17875.0,17965.0,17430.0,11:00,below_val,inside_both,in_week_va,neg,pos
short,2024-04-30 11:00:00-04:00,2024-04-30,2024-04-30 11:30:00-04:00,tp,17816.875,17743.910714285717,17817.0,17865.35714285714,17743.785714285717,24.857142857142858,0.7522123893805309,-1025,-421,120,17824.0,17846.0,72.9642857142826,1459.285714285652,1454.785714285652,17835.0,17880.0,17825.0,18016.725874045565,17731.46993590843,17995.246333958607,17752.858039252893,17875.0,17965.0,17430.0,11:00,below_val,inside_both,in_week_va,neg,pos
short,2024-04-30 10:25:00-04:00,2024-04-30,2024-04-30 12:30:00-04:00,tp,17825.375,17731.517857142855,17825.5,17892.303571428572,17731.392857142855,27.303571428571427,0.88125,-1032,-19,107,17842.0,17864.0,93.85714285714494,1877.1428571428987,1872.6428571428987,17865.0,17892.5,17832.5,17998.67153103959,17749.44742297123,17983.010469196117,17765.04181688451,17875.0,17965.0,17430.0,10:00,below_val,inside_both,in_week_va,neg,pos
short,2024-04-30 12:30:00-04:00,2024-04-30,2024-04-30 15:55:00-04:00,tp,17712.125,17615.517857142855,17712.25,17787.678571428572,17615.392857142855,21.428571428571427,0.895397489539749,-2290,-274,3,17732.0,17743.25,96.60714285714494,1932.1428571428987,1927.6428571428987,17835.0,17895.0,17795.0,18061.801671435333,17686.586022705294,18013.051771196326,17735.128398385725,17875.0,17965.0,17430.0,12:00,below_val,inside_14_only,in_week_va,neg,pos
short,2024-05-01 11:15:00-04:00,2024-05-01,2024-05-01 11:40:00-04:00,sl,17420.375,17477.589285714286,17420.5,17477.464285714286,17338.571428571428,24.964285714285715,0.7329192546583851,-854,-169,39,17425.75,17450.25,-57.214285714286234,-1144.2857142857247,-1148.7857142857247,17485.0,17510.0,17460.0,17611.820212427967,17397.47552145251,17590.93522965101,17418.351259655883,17875.0,17965.0,17430.0,11:00,below_val,inside_both,below_week_val,neg,pos
short,2024-05-01 11:05:00-04:00,2024-05-01,2024-05-01 14:00:00-04:00,sl,17453.125,17515.5,17453.25,17515.375,17364.25,26.875,0.825503355704698,-354,-35,44,17474.5,17492.25,-62.375,-1247.5,-1252.0,17485.0,17512.5,17462.5,17604.773882386322,17404.51873249151,17587.18870662141,17422.096124316497,17875.0,17965.0,17430.0,11:00,below_val,inside_both,in_week_va,neg,pos
short,2024-05-02 09:45:00-04:00,2024-05-02,2024-05-02 13:10:00-04:00,sl,17491.875,17580.73214285714,17492.0,17580.60714285714,17377.535714285717,25.857142857142858,0.748062015503876,-910,-75,-191,17516.0,17530.75,-88.8571428571413,-1777.142857142826,-1781.642857142826,17582.5,17600.0,17537.5,17620.654775188883,17437.32704699244,17621.42432363584,17436.562236281898,17875.0,17965.0,17430.0,09:00,below_val,inside_both,in_week_va,neg,neg
short,2024-05-02 15:30:00-04:00,2024-05-02,2024-05-02 16:30:00-04:00,sl,17645.875,17696.23214285714,17646.0,17696.10714285714,17574.035714285717,21.857142857142858,0.8070175438596491,-371,-5,105,17649.25,17661.5,-50.3571428571413,-1007.142857142826,-1011.642857142826,17582.5,17602.5,17495.0,17801.73045600812,17257.36616128488,17728.638122453394,17330.008500805183,17875.0,17965.0,17430.0,15:00,above_vah,inside_both,in_week_va,neg,pos
short,2024-05-03 15:30:00-04:00,2024-05-03,2024-05-03 16:55:00-04:00,eod,17999.625,18025.625,17999.75,18031.48214285714,17953.535714285717,14.482142857142858,0.8666666666666667,-329,-59,19,18002.75,18012.5,-26.0,-520.0,-524.5,17935.0,18000.0,17915.0,18143.169736692318,17559.54806414413,18106.57085797873,17595.709774015504,17875.0,17965.0,17430.0,15:00,in_va,inside_both,above_week_vah,neg,pos
short,2024-05-06 11:00:00-04:00,2024-05-06,2024-05-06 11:45:00-04:00,sl,18081.875,18117.214285714286,18082.0,18117.089285714286,18029.821428571428,17.089285714285715,0.8783783783783784,-602,-14,78,18087.0,18097.25,-35.339285714286234,-706.7857142857247,-711.2857142857247,18097.5,18112.5,18050.0,18162.57469500915,17937.41353500768,18155.909325447858,17944.060926685182,17732.5,17802.5,17362.5,11:00,in_va,inside_both,above_week_vah,neg,pos
short,2024-05-07 14:15:00-04:00,2024-05-07,2024-05-07 15:50:00-04:00,sl,18181.625,18220.089285714286,18181.75,18219.964285714286,18124.821428571428,18.714285714285715,0.8452380952380952,-963,-80,19,18185.0,18189.0,-38.464285714286234,-769.2857142857247,-773.7857142857247,18250.0,18260.0,18197.5,18322.0053356303,18074.90126811148,18339.742766486423,18057.188917293493,17732.5,17802.5,17362.5,14:00,below_val,inside_both,above_week_vah,neg,pos
short,2024-05-07 12:30:00-04:00,2024-05-07,2024-05-07 13:50:00-04:00,tp,18239.625,18195.446428571428,18239.75,18271.339285714286,18195.321428571428,12.839285714285714,0.8375,-656,-9,67,18245.25,18253.5,44.17857142857247,883.5714285714494,879.0714285714494,18192.5,18230.0,18167.5,18304.263805907656,18092.61771200035,18312.040634783207,18084.8518792587,17732.5,17802.5,17362.5,12:00,above_vah,inside_both,above_week_vah,neg,pos
short,2024-05-07 13:45:00-04:00,2024-05-07,2024-05-07 16:55:00-04:00,eod,18201.125,18197.875,18201.25,18256.803571428572,18130.642857142855,15.053571428571429,0.8628571428571429,-1971,-126,33,18228.5,18234.0,3.25,65.0,60.5,18250.0,18262.5,18197.5,18315.96622329965,18080.931841371912,18332.879073960812,18064.042904824524,17732.5,17802.5,17362.5,13:00,in_va,inside_both,above_week_vah,neg,pos
short,2024-05-08 16:30:00-04:00,2024-05-08,2024-05-08 16:55:00-04:00,eod,18153.875,18160.875,18154.0,18174.821428571428,18122.607142857145,10.571428571428571,0.9523809523809523,-289,-1,4,18155.25,18164.75,-7.0,-140.0,-144.5,18185.0,18207.5,18155.0,18395.97318098276,17886.521313442503,18359.7209795359,17922.54591455331,17732.5,17802.5,17362.5,16:00,below_val,inside_both,above_week_vah,neg,pos
short,2024-05-10 10:25:00-04:00,2024-05-10,2024-05-10 16:55:00-04:00,eod,18231.625,18239.375,18231.75,18288.035714285714,18147.928571428572,27.535714285714285,0.7714285714285715,-805,-394,17,18236.25,18253.25,-7.75,-155.0,-159.5,18290.0,18317.5,18250.0,18343.318969509957,18151.8832379606,18346.85596369867,18148.356598735245,17732.5,17802.5,17362.5,10:00,below_val,inside_both,above_week_vah,neg,pos
short,2024-05-10 10:50:00-04:00,2024-05-10,2024-05-10 16:55:00-04:00,eod,18194.875,18239.375,18195.0,18278.35714285714,18082.535714285717,29.107142857142858,0.7757847533632287,-1302,11,121,18216.0,18231.5,-44.5,-890.0,-894.5,18290.0,18315.0,18235.0,18341.450913703276,18153.745824815847,18357.630173902664,18137.613931289274,17732.5,17802.5,17362.5,10:00,below_val,inside_both,above_week_vah,pos,pos
short,2024-05-13 13:05:00-04:00,2024-05-13,2024-05-13 13:20:00-04:00,sl,18252.375,18293.60714285714,18252.5,18293.48214285714,18201.285714285717,10.232142857142858,0.8787878787878788,-991,-128,7,18277.5,18295.75,-41.2321428571413,-824.642857142826,-829.142857142826,18295.0,18310.0,18275.0,18395.112771347507,18176.20695024752,18443.08691996757,18128.474873919924,17900.0,18027.5,17570.0,13:00,below_val,inside_both,above_week_vah,neg,pos
short,2024-05-13 13:00:00-04:00,2024-05-13,2024-05-13 13:05:00-04:00,tp,18281.875,18253.196428571428,18282.0,18302.464285714286,18253.071428571428,8.464285714285714,0.94,-372,1,3,18293.0,18298.0,28.678571428572468,573.5714285714494,569.0714285714494,18295.0,18310.0,18275.0,18393.112385951892,18178.19724191782,18442.214539989964,18129.34285196384,17900.0,18027.5,17570.0,13:00,in_va,inside_both,above_week_vah,pos,pos
short,2024-05-14 09:55:00-04:00,2024-05-14,2024-05-14 10:20:00-04:00,sl,18289.875,18333.714285714286,18290.0,18333.589285714286,18227.321428571428,19.089285714285715,0.822429906542056,-566,-125,29,18305.25,18309.25,-43.839285714286234,-876.7857142857247,-881.2857142857247,18285.0,18302.5,18255.0,18335.161083589846,18225.120505753486,18339.273881146353,18221.010350949426,17900.0,18027.5,17570.0,09:00,in_va,inside_both,above_week_vah,neg,pos
short,2024-05-14 15:55:00-04:00,2024-05-14,2024-05-14 16:55:00-04:00,eod,18411.125,18410.625,18411.25,18446.410714285714,18362.678571428572,13.410714285714286,0.8369565217391305,-678,-207,185,18412.0,18419.0,0.5,10.0,5.5,18305.0,18357.5,18272.5,18372.074364454704,18188.23094418482,18428.59353044263,18131.74809560914,17900.0,18027.5,17570.0,15:00,above_vah,inside_90_only,above_week_vah,neg,pos
short,2024-05-31 10:20:00-04:00,2024-05-31,2024-05-31 12:10:00-04:00,tp,18419.125,18282.553571428572,18419.25,18518.410714285714,18282.428571428572,37.660714285714285,0.7034220532319392,-480,-120,285,18446.75,18466.0,136.57142857142753,2731.4285714285506,2726.9285714285506,18545.0,18610.0,18512.5,18653.488272967814,18544.52833436676,18669.057750407384,18528.963878799284,18690.0,18762.5,18362.5,10:00,below_val,outside_both,in_week_va,neg,pos
short,2024-05-17 14:10:00-04:00,2024-05-17,2024-05-17 14:55:00-04:00,sl,18570.125,18615.785714285714,18570.25,18615.660714285714,18510.678571428572,14.160714285714286,0.8082191780821918,-1432,-260,52,18582.0,18595.5,-45.660714285713766,-913.2142857142753,-917.7142857142753,18650.0,18665.0,18630.0,18717.056200531963,18572.99106761752,18778.599731513383,18511.492081392935,17900.0,18027.5,17570.0,14:00,below_val,inside_90_only,above_week_vah,neg,pos
short,2024-05-15 16:00:00-04:00,2024-05-15,2024-05-15 16:55:00-04:00,eod,18669.875,18694.625,18670.0,18706.98214285714,18619.785714285717,13.232142857142858,0.9387755102040817,-700,-41,66,18675.5,18681.75,-24.75,-495.0,-499.5,18690.0,18705.0,18510.0,18578.29476158295,18342.07319440704,18658.156023325195,18262.639078990327,17900.0,18027.5,17570.0,16:00,in_va,outside_both,above_week_vah,neg,pos
short,2024-05-16 14:10:00-04:00,2024-05-16,2024-05-16 16:55:00-04:00,eod,18666.625,18638.375,18666.75,18710.803571428572,18601.142857142855,21.553571428571427,0.7227722772277227,-702,-138,88,18672.0,18684.0,28.25,565.0,560.5,18717.5,18735.0,18692.5,18758.42779139316,18614.87606737356,18825.335436279598,18548.02479176188,17900.0,18027.5,17570.0,14:00,below_val,inside_both,above_week_vah,neg,pos
short,2024-05-16 13:20:00-04:00,2024-05-16,2024-05-16 16:55:00-04:00,eod,18681.625,18638.375,18681.75,18750.928571428572,18596.892857142855,15.678571428571429,0.8204081632653061,-2387,-212,22,18710.25,18724.0,43.25,865.0,860.5,18717.5,18737.5,18695.0,18744.984513195497,18628.308019692933,18811.035172022977,18562.313008134788,17900.0,18027.5,17570.0,13:00,below_val,inside_both,above_week_vah,neg,pos
short,2024-05-17 13:15:00-04:00,2024-05-17,2024-05-17 14:10:00-04:00,tp,18614.375,18570.125,18614.5,18646.875,18570.0,12.125,0.8604651162790697,-519,-23,64,18620.5,18638.0,44.25,885.0,880.5,18650.0,18660.0,18630.0,18706.134870032467,18583.904493338017,18761.64877057341,18528.43077335157,17900.0,18027.5,17570.0,13:00,below_val,inside_both,above_week_vah,neg,pos
short,2024-05-17 11:00:00-04:00,2024-05-17,2024-05-17 14:10:00-04:00,tp,18634.625,18568.482142857145,18634.75,18683.571428571428,18568.357142857145,17.571428571428573,0.7960526315789473,-1278,-262,13,18657.25,18664.5,66.14285714285506,1322.8571428571013,1318.3571428571013,18647.5,18672.5,18640.0,18704.702358560564,18585.335967968615,18736.483590764474,18553.57773878773,17900.0,18027.5,17570.0,11:00,below_val,inside_both,above_week_vah,neg,pos
short,2024-05-17 14:00:00-04:00,2024-05-17,2024-05-17 14:20:00-04:00,tp,18595.125,18550.375,18595.25,18628.625,18550.25,11.625,0.8901098901098901,-1270,-153,19,18607.75,18624.0,44.75,895.0,890.5,18650.0,18665.0,18630.0,18711.739779704454,18578.303640458584,18773.65064720222,18516.437583593135,17900.0,18027.5,17570.0,14:00,below_val,inside_both,above_week_vah,neg,pos
short,2024-05-22 14:25:00-04:00,2024-05-22,2024-05-22 15:30:00-04:00,sl,18692.875,18758.625,18693.0,18758.5,18598.75,28.75,0.7974683544303798,-440,-232,137,18701.75,18715.5,-65.75,-1315.0,-1319.5,18810.0,18835.0,18792.5,18886.93900295547,18719.598891052403,18938.34047697586,18668.222013980943,18200.0,18260.0,18155.0,14:00,below_val,inside_90_only,above_week_vah,neg,pos
short,2024-05-22 12:45:00-04:00,2024-05-22,2024-05-22 13:40:00-04:00,tp,18798.375,18755.803571428572,18798.5,18830.285714285714,18755.678571428572,11.035714285714286,0.8526315789473684,-574,-164,16,18802.75,18811.75,42.57142857142753,851.4285714285506,846.9285714285506,18810.0,18825.0,18800.0,18864.130964317625,18742.396015447568,18914.765650182104,18691.785559603843,18200.0,18260.0,18155.0,12:00,below_val,inside_both,above_week_vah,neg,pos
short,2024-05-23 10:50:00-04:00,2024-05-23,2024-05-23 11:30:00-04:00,sl,18834.375,18902.089285714286,18834.5,18901.964285714286,18732.071428571428,34.964285714285715,0.9191176470588235,-1075,-40,6,18838.0,18856.75,-67.71428571428623,-1354.2857142857247,-1358.7857142857247,18942.5,18957.5,18862.5,19037.88534755615,18760.852640872756,19064.985892425542,18733.988736784737,18200.0,18260.0,18155.0,10:00,below_val,inside_both,above_week_vah,neg,pos
short,2024-05-23 12:45:00-04:00,2024-05-23,2024-05-23 13:35:00-04:00,tp,18873.625,18814.303571428572,18873.75,18915.410714285714,18814.178571428572,17.910714285714285,0.7301587301587301,-549,-175,8,18886.25,18897.25,59.32142857142753,1186.4285714285506,1181.9285714285506,18900.0,18942.5,18847.5,19039.151772337453,18759.597274457665,19089.23241955969,18709.953929272997,18200.0,18260.0,18155.0,12:00,in_va,inside_both,above_week_vah,neg,pos
short,2024-05-23 13:35:00-04:00,2024-05-23,2024-05-23 14:15:00-04:00,tp,18781.375,18679.946428571428,18781.5,18858.089285714286,18679.821428571428,25.089285714285715,0.9009009009009009,-625,-164,19,18815.25,18835.0,101.42857142857247,2028.5714285714494,2024.0714285714494,18900.0,18927.5,18827.5,19044.14691614644,18754.645748027582,19104.843016409115,18694.47964347761,18200.0,18260.0,18155.0,13:00,below_val,inside_both,above_week_vah,neg,pos
short,2024-05-30 15:20:00-04:00,2024-05-30,2024-05-30 16:55:00-04:00,eod,18616.625,18596.125,18616.75,18677.60714285714,18536.285714285717,19.607142857142858,0.8938547486033519,-1752,-309,-10,18621.5,18650.5,20.5,410.0,405.5,18720.0,18730.0,18657.5,18904.32752878405,18607.306360317485,18921.671664082798,18589.97886230063,18690.0,18762.5,18362.5,15:00,below_val,inside_both,in_week_va,neg,neg
short,2024-05-24 14:20:00-04:00,2024-05-24,2024-05-24 15:00:00-04:00,tp,18895.125,18839.339285714283,18895.25,18937.14285714286,18839.214285714283,14.142857142857142,0.9304347826086956,-674,-9,-12,18905.25,18915.0,55.785714285717404,1115.714285714348,1111.214285714348,18895.0,18925.0,18762.5,18884.920763870185,18564.32450244186,18895.712072101647,18553.57676263095,18200.0,18260.0,18155.0,14:00,in_va,inside_90_only,above_week_vah,neg,neg
short,2024-05-28 11:00:00-04:00,2024-05-28,2024-05-28 14:35:00-04:00,tp,18904.375,18839.017857142855,18904.5,18948.053571428572,18838.892857142855,22.053571428571427,0.8387096774193549,-593,-100,70,18912.75,18917.25,65.35714285714494,1307.1428571428987,1302.6428571428987,18917.5,18932.5,18882.5,19025.345271060214,18845.77478517858,19037.342562084203,18833.796803014466,18690.0,18762.5,18362.5,11:00,in_va,inside_both,above_week_vah,neg,pos
short,2024-05-28 12:15:00-04:00,2024-05-28,2024-05-28 14:30:00-04:00,tp,18914.125,18867.125,18914.25,18948.625,18867.0,12.875,0.8817204301075269,-614,-159,22,18915.0,18923.75,47.0,940.0,935.5,18917.5,18935.0,18890.0,19013.841136046172,18857.260405035282,19050.14719428784,18821.012779033837,18690.0,18762.5,18362.5,12:00,in_va,inside_both,above_week_vah,neg,pos
short,2024-05-29 15:50:00-04:00,2024-05-29,2024-05-29 16:55:00-04:00,eod,18792.125,18746.875,18792.25,18850.01785714286,18715.464285714283,19.017857142857142,0.7584269662921348,-1170,-130,214,18815.0,18838.0,45.25,905.0,900.5,18830.0,18872.5,18820.0,19077.038987053256,18639.94799072314,19099.58919162705,18617.618224945018,18690.0,18762.5,18362.5,15:00,below_val,inside_both,above_week_vah,neg,pos
short,2024-05-29 11:05:00-04:00,2024-05-29,2024-05-29 16:25:00-04:00,tp,18835.375,18763.232142857145,18835.5,18885.446428571428,18763.107142857145,22.446428571428573,0.9043478260869565,-568,-45,119,18848.75,18867.5,72.14285714285506,1442.8571428571013,1438.3571428571013,18862.5,18877.5,18800.0,19020.730759610207,18695.7057789095,19034.380336908347,18682.18963261289,18690.0,18762.5,18362.5,11:00,in_va,inside_both,above_week_vah,neg,pos
short,2024-05-29 13:30:00-04:00,2024-05-29,2024-05-29 16:25:00-04:00,tp,18834.375,18780.160714285717,18834.5,18871.73214285714,18780.035714285717,17.232142857142858,0.8313253012048193,-451,-30,121,18836.25,18852.25,54.214285714282596,1084.285714285652,1079.785714285652,18840.0,18875.0,18812.5,19030.695117527262,18685.838827251082,19073.85554978021,18643.10030840806,18690.0,18762.5,18362.5,13:00,in_va,inside_both,above_week_vah,neg,pos
short,2024-05-30 14:10:00-04:00,2024-05-30,2024-05-30 15:20:00-04:00,tp,18680.625,18639.732142857145,18680.75,18707.196428571428,18639.607142857145,14.696428571428571,0.9583333333333334,-320,-13,2,18686.5,18693.75,40.892857142855064,817.8571428571013,813.3571428571013,18720.0,18750.0,18680.0,18885.751940081165,18625.864130472477,18898.164731320514,18613.463246145948,18690.0,18762.5,18362.5,14:00,in_va,inside_both,in_week_va,neg,pos
short,2024-05-31 14:25:00-04:00,2024-05-31,2024-05-31 14:40:00-04:00,sl,18318.875,18355.125,18319.0,18355.0,18266.0,17.0,0.7710843373493976,-354,-59,21,18320.25,18324.0,-36.25,-725.0,-729.5,18335.0,18540.0,18242.5,18733.67404674096,18464.368424191223,18736.797375971193,18461.246102378223,18690.0,18762.5,18362.5,14:00,in_va,outside_both,below_week_val,neg,pos
short,2024-06-03 09:50:00-04:00,2024-06-03,2024-06-03 10:50:00-04:00,tp,18689.125,18605.625,18689.25,18752.5,18605.5,20.5,0.7456140350877193,-270,-19,3,18690.75,18692.75,83.5,1670.0,1665.5,18707.5,18750.0,18652.5,18754.70163445358,18529.365367496994,18759.696396314575,18524.40857415386,18747.5,18855.0,18680.0,09:00,in_va,inside_both,in_week_va,neg,pos
short,2024-06-04 15:00:00-04:00,2024-06-04,2024-06-04 16:55:00-04:00,eod,18652.125,18706.625,18652.25,18741.053571428572,18535.142857142855,28.303571428571427,0.8478260869565217,-836,-103,28,18700.5,18723.25,-54.5,-1090.0,-1094.5,18625.0,18642.5,18580.0,18809.402361364082,18490.79082181873,18814.41111340605,18485.788645319637,18747.5,18855.0,18680.0,15:00,above_vah,inside_both,below_week_val,neg,pos
short,2024-06-04 14:55:00-04:00,2024-06-04,2024-06-04 16:55:00-04:00,eod,18710.875,18706.625,18711.0,18766.571428571428,18630.857142857145,24.571428571428573,0.7032258064516129,-379,-63,40,18735.25,18741.0,4.25,85.0,80.5,18625.0,18642.5,18580.0,18815.090084766874,18485.110565319625,18813.877455412294,18486.32160272151,18747.5,18855.0,18680.0,14:00,above_vah,inside_both,in_week_va,neg,pos
short,2024-06-05 13:15:00-04:00,2024-06-05,2024-06-05 14:30:00-04:00,sl,18996.625,19031.89285714286,18996.75,19031.76785714286,18948.714285714283,13.017857142857142,0.7551020408163265,-643,-137,96,18998.25,19003.5,-35.2678571428587,-705.357142857174,-709.857142857174,18832.5,18930.0,18702.5,18978.40722428379,18577.821288357864,18966.50119283447,18589.637465945594,18747.5,18855.0,18680.0,13:00,above_vah,outside_both,above_week_vah,neg,pos
short,2024-06-06 09:45:00-04:00,2024-06-06,2024-06-06 16:55:00-04:00,eod,19066.625,19069.125,19066.75,19122.39285714286,18992.714285714283,18.392857142857142,0.8081395348837209,-1095,-133,20,19084.25,19094.25,-2.5,-50.0,-54.5,19092.5,19110.0,19087.5,19130.38745226089,19059.634972809323,19144.52737077524,19045.50652744607,18747.5,18855.0,18680.0,09:00,below_val,inside_both,above_week_vah,neg,pos
short,2024-06-06 09:55:00-04:00,2024-06-06,2024-06-06 10:30:00-04:00,sl,19033.625,19093.696428571428,19033.75,19093.571428571428,18953.857142857145,20.071428571428573,0.8181818181818182,-846,-65,116,19060.5,19066.5,-60.07142857142753,-1201.4285714285506,-1205.9285714285506,19092.5,19110.0,19082.5,19152.84532230773,19037.19532511192,19158.42488886229,19031.620285826037,18747.5,18855.0,18680.0,09:00,below_val,inside_90_only,above_week_vah,neg,pos
short,2024-06-06 11:20:00-04:00,2024-06-06,2024-06-06 16:55:00-04:00,eod,19066.625,19069.125,19066.75,19106.85714285714,19006.285714285717,20.357142857142858,0.8658536585365854,-505,-39,34,19073.25,19097.5,-2.5,-50.0,-54.5,19092.5,19107.5,19072.5,19219.673046716198,18970.421824819266,19196.601702349693,18993.474449062353,18747.5,18855.0,18680.0,11:00,below_val,inside_both,above_week_vah,neg,pos
short,2024-06-06 15:10:00-04:00,2024-06-06,2024-06-06 16:55:00-04:00,eod,19049.875,19069.125,19050.0,19089.821428571428,18992.357142857145,17.821428571428573,0.7835051546391752,-508,4,23,19058.25,19066.25,-19.25,-385.0,-389.5,19067.5,19100.0,19057.5,19253.462527300544,18936.659761070146,19260.841970751248,18929.28630531092,18747.5,18855.0,18680.0,15:00,below_val,inside_both,above_week_vah,pos,pos
short,2024-06-06 16:00:00-04:00,2024-06-06,2024-06-06 16:55:00-04:00,eod,19050.125,19069.125,19050.25,19083.035714285714,19000.428571428572,17.035714285714285,0.7209302325581395,-730,-304,30,19052.75,19064.5,-19.0,-380.0,-384.5,19067.5,19100.0,19055.0,19239.53333824278,18950.57764796301,19259.76010392478,18930.367294309028,18747.5,18855.0,18680.0,16:00,below_val,inside_both,above_week_vah,neg,pos
short,2024-06-07 14:10:00-04:00,2024-06-07,2024-06-07 14:45:00-04:00,sl,19004.625,19070.696428571428,19004.75,19070.571428571428,18913.357142857145,25.571428571428573,0.8855421686746988,-346,-33,55,19018.0,19032.25,-66.07142857142753,-1321.4285714285506,-1325.9285714285506,19090.0,19097.5,19007.5,19223.176926480075,18886.801480786857,19208.878488306626,18901.07873636665,18747.5,18855.0,18680.0,14:00,below_val,inside_both,above_week_vah,neg,pos
short,2024-06-07 14:00:00-04:00,2024-06-07,2024-06-07 16:55:00-04:00,eod,19065.375,19030.375,19065.5,19139.214285714286,18968.821428571428,22.964285714285715,0.875,-819,-155,34,19078.0,19103.75,35.0,700.0,695.5,19090.0,19097.5,19005.0,19217.142559506206,18892.826908075,19203.497147074915,18906.4521053455,18747.5,18855.0,18680.0,14:00,in_va,inside_both,above_week_vah,neg,pos
short,2024-06-07 15:05:00-04:00,2024-06-07,2024-06-07 16:55:00-04:00,eod,19035.625,19030.375,19035.75,19087.51785714286,18954.714285714283,29.267857142857142,0.7788461538461539,-449,-112,32,19045.25,19061.5,5.25,105.0,100.5,19037.5,19097.5,19012.5,19222.766870280284,18887.210929503944,19226.805136501192,18883.17864582122,18747.5,18855.0,18680.0,15:00,in_va,inside_both,above_week_vah,neg,pos
short,2024-06-11 14:05:00-04:00,2024-06-11,2024-06-11 14:15:00-04:00,sl,19155.625,19197.0,19155.75,19196.875,19095.25,19.375,0.8137254901960784,-813,-158,56,19159.5,19164.25,-41.375,-827.5,-832.0,19060.0,19117.5,19050.0,19234.769021580632,18931.311692204275,19242.606260404275,18923.494858851267,18915.0,18952.5,18607.5,14:00,above_vah,inside_both,above_week_vah,neg,pos
short,2024-06-13 10:10:00-04:00,2024-06-13,2024-06-13 16:55:00-04:00,eod,19586.125,19607.875,19586.25,19661.053571428572,19488.142857142855,23.303571428571427,0.9806763285024155,-1162,-2,3,19618.25,19632.5,-21.75,-435.0,-439.5,19637.5,19650.0,19617.5,19683.692986785678,19563.370363267153,19701.701139327768,19545.386512915713,18915.0,18952.5,18607.5,10:00,below_val,inside_both,above_week_vah,neg,pos
short,2024-06-14 10:00:00-04:00,2024-06-14,2024-06-14 13:15:00-04:00,sl,19608.625,19657.375,19608.75,19657.25,19542.25,18.0,0.9022556390977443,-780,-160,1,19619.25,19627.0,-48.75,-975.0,-979.5,19577.5,19620.0,19525.0,19648.12410723073,19537.43766544675,19663.67504911622,19521.910516615368,18915.0,18952.5,18607.5,10:00,in_va,inside_both,above_week_vah,neg,pos
short,2024-06-14 11:05:00-04:00,2024-06-14,2024-06-14 13:15:00-04:00,sl,19601.125,19658.821428571428,19601.25,19658.696428571428,19514.107142857145,29.696428571428573,0.7983870967741935,-608,-168,137,19603.75,19628.25,-57.69642857142753,-1153.9285714285506,-1158.4285714285506,19622.5,19645.0,19577.5,19697.62938129555,19488.008134811036,19695.50565189288,19490.128614892285,18915.0,18952.5,18607.5,11:00,in_va,inside_both,above_week_vah,neg,pos
short,2024-06-14 15:40:00-04:00,2024-06-14,2024-06-14 15:55:00-04:00,sl,19650.125,19683.39285714286,19650.25,19683.26785714286,19600.964285714283,16.267857142857142,0.7916666666666666,-399,-59,76,19657.0,19669.75,-33.2678571428587,-665.357142857174,-669.857142857174,19620.0,19660.0,19585.0,19731.30006867931,19454.388963823676,19766.632789437208,19419.110302385317,18915.0,18952.5,18607.5,15:00,in_va,inside_both,above_week_vah,neg,pos
short,2024-06-17 09:45:00-04:00,2024-06-17,2024-06-17 10:10:00-04:00,sl,19908.375,19968.803571428572,19908.5,19968.678571428572,19830.892857142855,17.428571428571427,0.746031746031746,-523,-63,93,19928.25,19943.25,-60.42857142857247,-1208.5714285714494,-1213.0714285714494,19952.5,19985.0,19945.0,19984.59997381994,19669.998885942932,20001.45582831784,19653.364096677757,19065.0,19155.0,18665.0,09:00,below_val,inside_both,above_week_vah,neg,pos
short,2024-06-18 09:45:00-04:00,2024-06-18,2024-06-18 10:10:00-04:00,sl,20175.375,20211.910714285714,20175.5,20211.785714285714,20121.928571428572,17.285714285714285,0.7560975609756098,-421,-80,68,20180.75,20191.25,-36.535714285713766,-730.7142857142753,-735.2142857142753,20205.0,20220.0,20185.0,20218.81355236999,20159.692534893744,20235.46314169085,20143.046656201215,19065.0,19155.0,18665.0,09:00,below_val,inside_both,above_week_vah,neg,pos
short,2024-06-18 10:40:00-04:00,2024-06-18,2024-06-18 13:45:00-04:00,sl,20166.625,20218.821428571428,20166.75,20218.696428571428,20091.357142857145,23.446428571428573,0.9224137931034483,-681,-32,13,20168.75,20179.5,-52.19642857142753,-1043.9285714285506,-1048.4285714285506,20187.5,20212.5,20180.0,20239.576044426954,20138.93467009153,20273.270917188995,20105.247306772937,19065.0,19155.0,18665.0,10:00,below_val,inside_both,above_week_vah,neg,pos
short,2024-06-20 10:10:00-04:00,2024-06-20,2024-06-20 11:05:00-04:00,sl,20153.625,20223.785714285714,20153.75,20223.660714285714,20058.678571428572,25.160714285714285,0.8206521739130435,-726,-40,126,20169.5,20176.75,-70.16071428571377,-1403.2142857142753,-1407.7142857142753,20232.5,20282.5,20200.0,20283.723926890456,20193.053738936775,20309.063289947164,20167.7328368215,19065.0,19155.0,18665.0,10:00,below_val,outside_both,above_week_vah,neg,pos
short,2024-06-20 11:45:00-04:00,2024-06-20,2024-06-20 12:25:00-04:00,tp,20156.875,20066.803571428572,20157.0,20226.410714285714,20066.678571428572,20.910714285714285,0.9285714285714286,-1008,-5,66,20183.75,20196.75,90.07142857142753,1801.4285714285506,1796.9285714285506,20212.5,20267.5,20162.5,20316.32696899609,20160.47444971118,20344.733246606636,20132.08886743643,19065.0,19155.0,18665.0,11:00,below_val,inside_90_only,above_week_vah,neg,pos
short,2024-06-21 09:45:00-04:00,2024-06-21,2024-06-21 10:55:00-04:00,sl,19957.125,20010.714285714286,19957.25,20010.589285714286,19881.071428571428,22.839285714285715,0.921875,-265,-5,15,19973.25,20016.75,-53.589285714286234,-1071.7857142857247,-1076.2857142857247,20005.0,20037.5,19985.0,20078.74063762255,19991.805303648205,20096.609732679743,19973.96873268754,19065.0,19155.0,18665.0,09:00,below_val,outside_both,above_week_vah,neg,pos
short,2024-06-21 13:15:00-04:00,2024-06-21,2024-06-21 16:55:00-04:00,eod,19973.125,20009.875,19973.25,20026.571428571428,19900.107142857145,19.821428571428573,0.7463768115942029,-494,-10,99,19987.25,20000.0,-36.75,-735.0,-739.5,20005.0,20037.5,19960.0,20159.998031657065,19910.69580872768,20176.53946761164,19894.18448035594,19065.0,19155.0,18665.0,13:00,in_va,inside_both,above_week_vah,neg,pos
short,2024-06-24 10:25:00-04:00,2024-06-24,2024-06-24 15:55:00-04:00,tp,19891.375,19741.160714285717,19891.5,20000.35714285714,19741.035714285717,41.607142857142854,0.7915309446254072,-1211,-126,-46,19943.0,19975.75,150.2142857142826,3004.285714285652,2999.785714285652,19952.5,19982.5,19910.0,20073.682673319938,19858.846097066857,20084.805236853896,19847.77203207328,19097.5,19565.0,18972.5,10:00,below_val,inside_both,above_week_vah,neg,neg
short,2024-06-24 14:30:00-04:00,2024-06-24,2024-06-24 14:45:00-04:00,sl,19768.625,19806.375,19768.75,19806.25,19709.25,22.0,0.8,-280,-33,12,19775.0,19786.25,-37.75,-755.0,-759.5,19905.0,19985.0,19867.5,20131.056144129307,19801.72279606611,20158.923689046347,19773.976764076222,19097.5,19565.0,18972.5,14:00,below_val,outside_both,above_week_vah,neg,pos
short,2024-06-24 15:45:00-04:00,2024-06-24,2024-06-24 16:55:00-04:00,eod,19779.375,19752.625,19779.5,19837.73214285714,19700.035714285717,21.232142857142858,0.7247191011235955,-890,-152,49,19811.5,19818.25,26.75,535.0,530.5,19905.0,19985.0,19840.0,20130.199101924838,19802.576101245766,20168.020645253582,19764.919474003196,19097.5,19565.0,18972.5,15:00,below_val,inside_90_only,above_week_vah,neg,pos
short,2024-07-01 10:10:00-04:00,2024-07-01,2024-07-01 11:25:00-04:00,sl,19819.875,19957.821428571428,19820.0,19957.696428571428,19644.857142857145,37.44642857142857,0.9776119402985075,-1528,-2,35,19837.75,19846.0,-137.94642857142753,-2758.9285714285506,-2763.4285714285506,19967.5,19992.5,19915.0,20032.583659499483,19905.68233192402,20036.369095824306,19901.897890681787,20195.0,20282.5,20010.0,10:00,below_val,outside_both,below_week_val,neg,pos
short,2024-06-26 10:25:00-04:00,2024-06-26,2024-06-26 16:55:00-04:00,eod,19959.125,19953.875,19959.25,20043.23214285714,19844.035714285717,31.232142857142858,0.762962962962963,-1083,-167,35,19983.25,20002.0,5.25,105.0,100.5,19995.0,20022.5,19937.5,20035.94192064779,19863.943252694226,20044.916405211618,19854.987305347207,19097.5,19565.0,18972.5,10:00,in_va,inside_both,above_week_vah,neg,pos
short,2024-06-26 14:35:00-04:00,2024-06-26,2024-06-26 15:50:00-04:00,sl,19958.125,19992.053571428572,19958.25,19991.928571428572,19908.392857142855,16.178571428571427,0.7375,-246,-69,31,19961.75,19966.5,-33.92857142857247,-678.5714285714494,-683.0714285714494,19967.5,20012.5,19955.0,20104.766512431826,19795.260821317344,20122.620854931516,19777.443357795553,19097.5,19565.0,18972.5,14:00,in_va,inside_both,above_week_vah,neg,pos
short,2024-06-28 09:30:00-04:00,2024-06-28,2024-06-28 09:40:00-04:00,sl,20041.625,20098.875,20041.75,20098.75,19961.0,23.75,0.8041958041958042,-307,-161,70,20061.75,20071.25,-57.25,-1145.0,-1149.5,20125.0,20140.0,20087.5,20076.433599159125,20061.567287754377,20076.09415541226,20061.90668076354,19097.5,19565.0,18972.5,09:00,below_val,outside_both,above_week_vah,neg,pos
short,2024-06-28 10:25:00-04:00,2024-06-28,2024-06-28 11:00:00-04:00,tp,20215.625,20117.482142857145,20215.75,20281.071428571428,20117.357142857145,33.07142857142857,0.8297872340425532,-684,-178,213,20221.5,20228.0,98.14285714285506,1962.8571428571013,1958.3571428571013,20132.5,20150.0,20047.5,20139.49645730897,19998.513855805893,20145.521857908952,19992.489355841262,19097.5,19565.0,18972.5,10:00,above_vah,outside_both,above_week_vah,neg,pos
short,2024-06-28 10:50:00-04:00,2024-06-28,2024-06-28 12:15:00-04:00,tp,20148.625,20027.089285714283,20148.75,20235.51785714286,20026.964285714283,35.017857142857146,0.8812785388127854,-1165,-21,45,20172.75,20196.75,121.5357142857174,2430.714285714348,2426.214285714348,20132.5,20190.0,20040.0,20132.44815653985,20005.5611030436,20156.49836382569,19981.514490616973,19097.5,19565.0,18972.5,10:00,in_va,inside_90_only,above_week_vah,neg,pos
short,2024-06-28 12:35:00-04:00,2024-06-28,2024-06-28 16:55:00-04:00,eod,20002.875,19966.625,20003.0,20075.0,19902.0,29.0,0.8735632183908046,-795,-33,61,20021.75,20038.0,36.25,725.0,720.5,20107.5,20147.5,20042.5,20158.60334688984,19979.409822191185,20188.320833378988,19949.696777667083,19097.5,19565.0,18972.5,12:00,below_val,inside_both,above_week_vah,neg,pos
short,2024-07-18 10:30:00-04:00,2024-07-18,2024-07-18 12:00:00-04:00,tp,19961.375,19783.767857142855,19961.5,20093.553571428572,19783.642857142855,45.80357142857143,0.9419889502762431,-1365,-99,11,19970.75,19981.75,177.60714285714494,3552.1428571428987,3547.6428571428987,20065.0,20107.5,20042.5,20232.504920228555,19925.809574401228,20218.374817216267,19939.852508688065,20010.0,20347.5,19815.0,10:00,below_val,inside_both,in_week_va,neg,pos
short,2024-07-17 10:00:00-04:00,2024-07-17,2024-07-17 12:10:00-04:00,tp,20155.625,20037.339285714283,20155.75,20243.51785714286,20037.214285714283,30.767857142857142,0.8287937743190662,-1127,-142,-2,20208.0,20216.25,118.2857142857174,2365.714285714348,2361.214285714348,20247.5,20337.5,20207.5,20644.09726701007,20205.53914059107,20643.47937716029,20206.147179196556,20010.0,20347.5,19815.0,10:00,below_val,outside_both,in_week_va,neg,neg
short,2024-07-17 09:30:00-04:00,2024-07-17,2024-07-17 10:00:00-04:00,tp,20233.875,20161.910714285717,20234.0,20286.85714285714,20161.785714285717,19.357142857142858,0.7608695652173914,-840,-33,139,20234.25,20258.0,71.9642857142826,1439.285714285652,1434.785714285652,20280.0,20392.5,20255.0,20591.530134406064,20257.26817613714,20593.912199631584,20254.9240890504,20010.0,20347.5,19815.0,09:00,below_val,outside_both,in_week_va,neg,pos
short,2024-07-03 11:30:00-04:00,2024-07-03,2024-07-03 11:55:00-04:00,sl,20330.375,20370.14285714286,20330.5,20370.01785714286,20269.214285714283,21.767857142857142,0.8205128205128205,-201,-4,19,20337.25,20344.75,-39.7678571428587,-795.357142857174,-799.857142857174,20250.0,20290.0,20232.5,20299.148319912965,20157.171085847804,20336.506285172112,20119.85695713386,20195.0,20282.5,20010.0,11:00,above_vah,inside_90_only,above_week_vah,neg,pos
short,2024-07-03 12:40:00-04:00,2024-07-03,2024-07-03 13:00:00-04:00,sl,20384.625,20426.839285714286,20384.75,20426.714285714286,20325.821428571428,16.964285714285715,0.8205128205128205,-610,-120,16,20386.75,20393.25,-42.214285714286234,-844.2857142857247,-848.7857142857247,20250.0,20335.0,20230.0,20330.296606747335,20126.059349004157,20360.378533592993,20096.012720862185,20195.0,20282.5,20010.0,12:00,above_vah,outside_both,above_week_vah,neg,pos
short,2024-07-11 12:45:00-04:00,2024-07-11,2024-07-11 16:55:00-04:00,eod,20452.875,20432.875,20453.0,20552.714285714286,20318.071428571428,35.214285714285715,0.9543726235741445,-629,-63,8,20462.25,20479.5,20.0,400.0,395.5,20882.5,20982.5,20605.0,20967.521310230797,20823.73463752566,21022.8459733088,20768.414607671424,19967.5,20072.5,19877.5,12:00,below_val,outside_both,above_week_vah,neg,pos
short,2024-07-11 11:20:00-04:00,2024-07-11,2024-07-11 14:00:00-04:00,tp,20544.125,20384.803571428572,20544.25,20656.910714285714,20384.678571428572,46.910714285714285,0.9014084507042254,-834,-18,55,20575.75,20589.0,159.32142857142753,3186.4285714285506,3181.9285714285506,20882.5,20982.5,20695.0,20959.77348842442,20831.481810482324,20994.230252061367,20797.027932464323,19967.5,20072.5,19877.5,11:00,below_val,outside_both,above_week_vah,neg,pos
short,2024-07-05 14:00:00-04:00,2024-07-05,2024-07-05 16:55:00-04:00,eod,20608.125,20591.625,20608.25,20642.964285714286,20559.821428571428,13.714285714285714,0.717391304347826,-257,-98,10,20616.25,20627.25,16.5,330.0,325.5,20595.0,20635.0,20470.0,,,20582.60943871633,20240.556472233584,20195.0,20282.5,20010.0,14:00,in_va,outside_both,above_week_vah,neg,pos
short,2024-07-05 16:00:00-04:00,2024-07-05,2024-07-05 16:55:00-04:00,eod,20609.875,20591.625,20610.0,20634.571428571428,20573.107142857145,12.321428571428571,0.75,-746,-335,2,20615.5,20622.75,18.25,365.0,360.5,20625.0,20637.5,20485.0,,,20609.20659413976,20214.037710206638,20195.0,20282.5,20010.0,16:00,in_va,outside_both,above_week_vah,neg,pos
short,2024-07-08 12:00:00-04:00,2024-07-08,2024-07-08 15:55:00-04:00,sl,20649.125,20687.410714285714,20649.25,20687.285714285714,20593.678571428572,17.535714285714285,0.7731958762886598,-254,-38,81,20656.0,20660.5,-38.285714285713766,-765.7142857142753,-770.2142857142753,20625.0,20637.5,20597.5,20698.137192193783,20525.99323915869,20737.030421751857,20487.177296522314,19967.5,20072.5,19877.5,12:00,above_vah,inside_both,above_week_vah,neg,pos
short,2024-07-11 10:55:00-04:00,2024-07-11,2024-07-11 12:00:00-04:00,tp,20603.875,20459.910714285717,20604.0,20702.10714285714,20459.785714285717,46.107142857142854,0.8733031674208145,-930,-104,63,20609.0,20623.0,143.9642857142826,2879.285714285652,2874.785714285652,20882.5,20967.5,20747.5,20964.100138127822,20827.155523118883,20988.55788534291,20802.699824144293,19967.5,20072.5,19877.5,10:00,below_val,outside_both,above_week_vah,neg,pos
short,2024-07-08 14:40:00-04:00,2024-07-08,2024-07-08 15:50:00-04:00,sl,20617.625,20651.964285714286,20617.75,20651.839285714286,20570.821428571428,12.839285714285714,0.7735849056603774,-569,-155,10,20627.0,20636.0,-34.339285714286234,-686.7857142857247,-691.2857142857247,20625.0,20642.5,20602.5,,,20792.529788178035,20431.788216005425,19967.5,20072.5,19877.5,14:00,in_va,inside_90_only,above_week_vah,neg,pos
short,2024-07-09 12:45:00-04:00,2024-07-09,2024-07-09 16:55:00-04:00,eod,20647.875,20687.875,20648.0,20695.875,20581.5,18.625,0.8345864661654135,-889,-258,26,20651.0,20666.0,-40.0,-800.0,-804.5,20727.5,20745.0,20697.5,20795.40106788632,20612.48384598484,20849.420926707397,20558.564997841597,19967.5,20072.5,19877.5,12:00,below_val,inside_both,above_week_vah,neg,pos
short,2024-07-09 10:20:00-04:00,2024-07-09,2024-07-09 13:20:00-04:00,tp,20718.375,20622.696428571428,20718.5,20788.214285714286,20622.571428571428,26.214285714285715,0.8857142857142857,-761,-5,134,20719.25,20732.5,95.67857142857247,1913.5714285714494,1909.0714285714494,20735.0,20747.5,20717.5,20782.38893886513,20625.471643880388,20797.483070092676,20610.40573687371,19967.5,20072.5,19877.5,10:00,in_va,inside_both,above_week_vah,neg,pos
short,2024-07-09 11:35:00-04:00,2024-07-09,2024-07-09 16:55:00-04:00,eod,20676.625,20687.875,20676.75,20721.178571428572,20608.892857142855,23.428571428571427,0.7473684210526316,-521,-125,32,20680.5,20708.75,-11.25,-225.0,-229.5,20727.5,20747.5,20705.0,20788.424999982104,20619.44686947608,20825.062104667697,20582.878271796224,19967.5,20072.5,19877.5,11:00,below_val,inside_both,above_week_vah,neg,pos
short,2024-07-11 10:40:00-04:00,2024-07-11,2024-07-11 11:30:00-04:00,tp,20647.375,20517.053571428572,20647.5,20733.285714285714,20516.928571428572,44.785714285714285,0.72,-415,-123,297,20654.75,20660.25,130.32142857142753,2606.4285714285506,2601.9285714285506,20882.5,20942.5,20747.5,20957.281382192094,20833.97370801052,20979.35663149528,20811.900307422966,19967.5,20072.5,19877.5,10:00,below_val,outside_both,above_week_vah,neg,pos
short,2024-07-11 10:15:00-04:00,2024-07-11,2024-07-11 11:25:00-04:00,tp,20686.125,20537.482142857145,20686.25,20797.571428571428,20537.357142857145,37.57142857142857,0.8597560975609756,-1229,-117,129,20703.0,20720.25,148.64285714285506,2972.8571428571013,2968.3571428571013,20882.5,20910.0,20845.0,20978.987860253015,20812.26904778208,20969.602505769664,20821.653616278767,19967.5,20072.5,19877.5,10:00,below_val,outside_both,above_week_vah,neg,pos
short,2024-07-11 10:10:00-04:00,2024-07-11,2024-07-11 10:55:00-04:00,tp,20756.625,20620.517857142855,20756.75,20860.303571428572,20620.392857142855,32.80357142857143,0.7871621621621622,-2149,-158,150,20762.75,20769.0,136.10714285714494,2722.1428571428987,2717.6428571428987,20882.5,20902.5,20850.0,20952.559655123776,20838.69503965269,20960.959504303522,20830.295893927403,19967.5,20072.5,19877.5,10:00,below_val,outside_both,above_week_vah,neg,pos
short,2024-07-11 10:05:00-04:00,2024-07-11,2024-07-11 10:15:00-04:00,tp,20814.875,20709.267857142855,20815.0,20890.928571428572,20709.142857142855,29.928571428571427,0.9282051282051282,-1453,-100,1,20824.0,20830.25,105.60714285714494,2112.1428571428987,2107.6428571428987,20882.5,20902.5,20855.0,20952.78698123677,20838.46773257737,20955.48338474644,20835.771554880932,19967.5,20072.5,19877.5,10:00,below_val,outside_both,above_week_vah,neg,pos
short,2024-07-11 09:45:00-04:00,2024-07-11,2024-07-11 10:10:00-04:00,tp,20859.625,20765.446428571428,20859.75,20925.839285714286,20765.321428571428,28.339285714285715,0.7888198757763976,-998,-101,285,20873.25,20891.75,94.17857142857247,1883.5714285714494,1879.0714285714494,20880.0,20902.5,20860.0,20935.782075405434,20855.47121431447,20936.92245753493,20854.330927687508,19967.5,20072.5,19877.5,09:00,below_val,inside_both,above_week_vah,neg,pos
short,2024-07-12 11:55:00-04:00,2024-07-12,2024-07-12 13:30:00-04:00,sl,20594.875,20676.785714285714,20595.0,20676.660714285714,20487.678571428572,25.660714285714285,0.8653061224489796,-1055,-128,12,20624.25,20651.25,-81.91071428571377,-1638.2142857142753,-1642.7142857142753,20440.0,20567.5,20387.5,20583.50967134045,20293.317098557938,20553.543673075685,20323.266607022244,19967.5,20072.5,19877.5,11:00,above_vah,outside_both,above_week_vah,neg,pos
short,2024-07-12 12:05:00-04:00,2024-07-12,2024-07-12 13:05:00-04:00,sl,20568.375,20635.0,20568.5,20634.875,20474.25,27.875,0.8587570621468926,-576,-101,6,20577.5,20594.75,-66.625,-1332.5,-1337.0,20440.0,20587.5,20387.5,20588.85350291347,20287.976207608335,20557.104359066823,20319.707880418577,19967.5,20072.5,19877.5,12:00,in_va,inside_14_only,above_week_vah,neg,pos
short,2024-07-15 12:10:00-04:00,2024-07-15,2024-07-15 15:50:00-04:00,tp,20635.875,20544.160714285717,20636.0,20696.10714285714,20544.035714285717,31.857142857142858,0.8571428571428571,-295,-150,10,20648.25,20672.0,91.7142857142826,1834.285714285652,1829.785714285652,20625.0,20712.5,20595.0,20752.54182750141,20397.942302917083,20726.440754217543,20423.954726267424,20010.0,20347.5,19815.0,12:00,in_va,inside_both,above_week_vah,neg,pos
short,2024-07-16 10:00:00-04:00,2024-07-16,2024-07-16 16:55:00-04:00,eod,20528.375,20588.625,20528.5,20626.73214285714,20398.535714285717,31.732142857142858,0.7517985611510791,-1124,-170,9,20547.5,20573.5,-60.25,-1205.0,-1209.5,20632.5,20657.5,20605.0,20701.88382186123,20572.677352841227,20703.893853835114,20570.669657066835,20010.0,20347.5,19815.0,10:00,below_val,outside_both,above_week_vah,neg,pos
short,2024-07-15 15:35:00-04:00,2024-07-15,2024-07-15 16:55:00-04:00,eod,20592.125,20625.375,20592.25,20657.196428571428,20501.107142857145,26.196428571428573,0.7875647668393783,-325,-6,8,20593.5,20602.75,-33.25,-665.0,-669.5,20625.0,20675.0,20572.5,,,20785.292918359013,20365.302448175928,20010.0,20347.5,19815.0,15:00,in_va,inside_90_only,above_week_vah,neg,pos
short,2024-07-16 12:05:00-04:00,2024-07-16,2024-07-16 14:55:00-04:00,sl,20522.375,20589.26785714286,20522.5,20589.14285714286,20426.714285714283,29.142857142857142,0.8373493975903614,-815,-94,59,20525.5,20533.75,-66.8928571428587,-1337.857142857174,-1342.357142857174,20632.5,20657.5,20545.0,20808.71526184833,20465.97007981223,20764.19003458108,20510.443556751776,20010.0,20347.5,19815.0,12:00,below_val,inside_both,above_week_vah,neg,pos
short,2024-07-17 12:40:00-04:00,2024-07-17,2024-07-17 12:55:00-04:00,sl,20020.375,20068.089285714286,20020.5,20067.964285714286,19947.571428571428,25.464285714285715,0.776595744680851,-272,-147,97,20021.25,20044.25,-47.714285714286234,-954.2857142857247,-958.7857142857247,20125.0,20255.0,20022.5,20738.816355504216,20112.330193233876,20721.120446972905,20129.74396941094,20010.0,20347.5,19815.0,12:00,below_val,outside_both,in_week_va,neg,pos
short,2024-07-17 15:55:00-04:00,2024-07-17,2024-07-17 16:55:00-04:00,eod,19992.125,20016.875,19992.25,20067.303571428572,19886.642857142855,30.553571428571427,0.8520408163265306,-1087,-73,22,20011.75,20020.5,-24.75,-495.0,-499.5,20045.0,20217.5,20000.0,20775.895136956315,20075.84257238171,20749.11211711604,20102.198580722237,20010.0,20347.5,19815.0,15:00,below_val,outside_both,in_week_va,neg,pos
short,2024-07-17 15:35:00-04:00,2024-07-17,2024-07-17 16:55:00-04:00,eod,20027.125,20016.875,20027.25,20074.125,19952.25,28.125,0.8117647058823529,-316,-77,41,20040.25,20053.5,10.25,205.0,200.5,20045.0,20222.5,20000.0,20776.90791114902,20074.84594521908,20754.290731647263,20097.10253074015,20010.0,20347.5,19815.0,15:00,in_va,outside_both,in_week_va,neg,pos
short,2024-07-18 09:30:00-04:00,2024-07-18,2024-07-18 10:30:00-04:00,tp,20098.875,20014.589285714283,20099.0,20166.39285714286,20014.464285714283,17.142857142857142,0.75,-676,-169,17,20121.0,20142.0,84.2857142857174,1685.714285714348,1681.214285714348,20065.0,20117.5,20040.0,20143.72567594636,20014.041138771696,20146.275299421603,20011.507243945318,20010.0,20347.5,19815.0,09:00,in_va,inside_both,in_week_va,neg,pos
short,2024-07-18 09:40:00-04:00,2024-07-18,2024-07-18 10:40:00-04:00,tp,20039.875,19925.982142857145,20040.0,20131.946428571428,19925.857142857145,22.196428571428573,0.9298245614035088,-1318,-42,29,20084.25,20099.25,113.89285714285506,2277.8571428571013,2273.3571428571013,20065.0,20120.0,20047.5,20169.298326719836,19988.626245897955,20177.951829503203,19980.026126646728,20010.0,20347.5,19815.0,09:00,below_val,inside_both,in_week_va,neg,pos
short,2024-07-18 10:25:00-04:00,2024-07-18,2024-07-18 10:40:00-04:00,tp,20046.375,19923.910714285717,20046.5,20128.23214285714,19923.785714285717,40.982142857142854,0.7486631016042781,-706,-183,107,20049.0,20081.5,122.4642857142826,2449.285714285652,2444.785714285652,20065.0,20112.5,20047.5,20235.254141105605,19923.077313491107,20220.361681288363,19937.877901597298,20010.0,20347.5,19815.0,10:00,below_val,inside_both,in_week_va,neg,pos
short,2024-07-18 11:10:00-04:00,2024-07-18,2024-07-18 16:55:00-04:00,eod,19859.875,19934.875,19860.0,19982.14285714286,19685.964285714283,51.892857142857146,0.9405594405594405,-770,-13,60,19893.0,19925.0,-75.0,-1500.0,-1504.5,20065.0,20147.5,20027.5,20264.123701586886,19894.385849573544,20235.639325732038,19922.6945050719,20010.0,20347.5,19815.0,11:00,below_val,outside_both,in_week_va,neg,pos
short,2024-07-22 11:05:00-04:00,2024-07-22,2024-07-22 16:55:00-04:00,eod,19896.375,19980.875,19896.5,20045.285714285714,19700.428571428572,47.285714285714285,0.8677884615384616,-1930,-64,184,19912.5,19967.5,-84.5,-1690.0,-1694.5,19940.0,20012.5,19875.0,20086.02063307661,19803.61093522976,20048.51054738645,19841.083425775214,20635.0,20782.5,20500.0,11:00,in_va,inside_both,below_week_val,neg,pos
short,2024-07-22 16:10:00-04:00,2024-07-22,2024-07-22 16:55:00-04:00,eod,19980.375,19980.875,19980.5,20019.589285714286,19918.321428571428,23.089285714285715,0.9538461538461539,-667,-5,2,19982.75,20000.75,-0.5,-10.0,-14.5,20000.0,20032.5,19892.5,20134.885561537474,19754.794982504958,20127.03284949075,19762.639824032587,20635.0,20782.5,20500.0,16:00,in_va,inside_both,below_week_val,neg,pos
short,2024-07-23 15:50:00-04:00,2024-07-23,2024-07-23 16:00:00-04:00,sl,19908.125,19987.571428571428,19908.25,19987.446428571428,19808.857142857145,20.196428571428573,0.8630705394190872,-847,-24,113,19927.5,19947.5,-79.44642857142753,-1588.9285714285506,-1593.4285714285506,19965.0,20015.0,19940.0,20147.318928200468,19791.372810615572,20135.691755894357,19802.986598791307,20635.0,20782.5,20500.0,15:00,below_val,inside_both,below_week_val,neg,pos
short,2024-07-23 12:20:00-04:00,2024-07-23,2024-07-23 16:55:00-04:00,eod,19958.125,19946.375,19958.25,20054.910714285714,19834.178571428572,27.410714285714285,0.7672955974842768,-1218,-190,108,20006.0,20022.25,11.75,235.0,230.5,20017.5,20027.5,19940.0,20149.82745506227,19788.867171338967,20105.355074829306,19833.28835906187,20635.0,20782.5,20500.0,12:00,in_va,inside_both,below_week_val,neg,pos
short,2024-07-24 11:55:00-04:00,2024-07-24,2024-07-24 14:40:00-04:00,tp,19359.125,19272.089285714283,19359.25,19421.76785714286,19271.964285714283,24.767857142857142,0.9433962264150944,-786,-29,6,19372.5,19377.25,87.0357142857174,1740.714285714348,1736.214285714348,19392.5,19640.0,19370.0,20115.44602772133,19472.4102506276,20059.27554153009,19527.715492380303,20635.0,20782.5,20500.0,11:00,below_val,outside_both,below_week_val,neg,pos
short,2024-07-24 15:25:00-04:00,2024-07-24,2024-07-24 15:30:00-04:00,sl,19216.875,19269.14285714286,19217.0,19269.01785714286,19139.464285714283,25.517857142857142,0.751937984496124,-634,-107,32,19222.0,19227.75,-52.2678571428587,-1045.357142857174,-1049.857142857174,19350.0,19600.0,19242.5,20128.45031228996,19459.606282731715,20118.26703897002,19469.63269394837,20635.0,20782.5,20500.0,15:00,below_val,outside_both,below_week_val,neg,pos
short,2024-07-24 15:50:00-04:00,2024-07-24,2024-07-24 16:55:00-04:00,eod,19181.625,19269.625,19181.75,19328.321428571428,18999.607142857145,35.57142857142857,0.8422222222222222,-1397,-31,247,19256.25,19274.0,-88.0,-1760.0,-1764.5,19235.0,19537.5,19212.5,20097.870085843457,19489.71545448996,20100.62094847514,19487.0069658656,20635.0,20782.5,20500.0,15:00,below_val,outside_both,below_week_val,neg,pos
short,2024-07-25 15:50:00-04:00,2024-07-25,2024-07-25 16:55:00-04:00,eod,19020.125,18994.875,19020.25,19161.51785714286,18828.464285714283,50.517857142857146,0.9402597402597402,-833,53,2,19029.25,19095.5,25.25,505.0,500.5,19207.5,19292.5,19110.0,19433.02110185751,19054.420170479425,19424.30169364608,19063.11604880025,20635.0,20782.5,20500.0,15:00,below_val,outside_both,below_week_val,pos,pos
short,2024-07-25 14:45:00-04:00,2024-07-25,2024-07-25 15:25:00-04:00,sl,19130.625,19228.696428571428,19130.75,19228.571428571428,18993.857142857145,39.07142857142857,0.841897233201581,-263,-169,133,19150.25,19190.75,-98.07142857142753,-1961.4285714285506,-1965.9285714285506,19200.0,19302.5,19105.0,19460.12676665172,19027.38765208597,19434.316439304996,19053.128328584356,20635.0,20782.5,20500.0,14:00,in_va,inside_both,below_week_val,neg,pos
short,2024-07-25 14:00:00-04:00,2024-07-25,2024-07-25 14:45:00-04:00,tp,19255.875,19134.375,19256.0,19336.0,19134.25,41.75,0.8012048192771084,-470,-40,36,19258.25,19272.25,121.5,2430.0,2425.5,19192.5,19302.5,19095.0,19461.468660277107,19026.049379647873,19423.68400991866,19063.732065667933,20635.0,20782.5,20500.0,14:00,in_va,inside_both,below_week_val,neg,pos
short,2024-07-30 11:00:00-04:00,2024-07-30,2024-07-30 12:55:00-04:00,tp,19012.875,18814.017857142855,19013.0,19164.178571428572,18813.892857142855,47.92857142857143,0.8741258741258742,-914,-141,26,19040.25,19070.0,198.85714285714494,3977.1428571428987,3972.6428571428987,19210.0,19297.5,19167.5,19396.273394954034,19114.59428999876,19376.090933673466,19134.708213783797,20625.0,20797.5,20055.0,11:00,below_val,outside_both,below_week_val,neg,pos
short,2024-07-26 14:50:00-04:00,2024-07-26,2024-07-26 16:55:00-04:00,eod,19135.375,19175.875,19135.5,19207.821428571428,19028.357142857145,34.82142857142857,0.8109756097560976,-283,-51,87,19148.5,19156.25,-40.5,-810.0,-814.5,19185.0,19215.0,19085.0,19361.888652026835,18797.607578506148,19327.125109165085,18832.06589952964,20635.0,20782.5,20500.0,14:00,in_va,inside_both,below_week_val,neg,pos
short,2024-07-29 11:30:00-04:00,2024-07-29,2024-07-29 11:50:00-04:00,sl,19123.125,19230.64285714286,19123.25,19230.51785714286,18974.964285714283,41.017857142857146,0.8459016393442623,-808,-113,33,19146.25,19157.25,-107.5178571428587,-2150.357142857174,-2154.857142857174,19300.0,19327.5,19240.0,19450.27897379639,19011.407335661075,19393.05777415307,19068.30437579903,20625.0,20797.5,20055.0,11:00,below_val,inside_both,below_week_val,neg,pos
short,2024-07-29 13:25:00-04:00,2024-07-29,2024-07-29 16:55:00-04:00,eod,19259.125,19222.625,19259.25,19337.85714285714,19151.785714285717,28.857142857142858,0.9310344827586207,-534,-20,45,19294.25,19302.25,36.5,730.0,725.5,19300.0,19332.5,19242.5,19462.618112628774,18999.1380983541,19420.163305581118,19041.352397874147,20625.0,20797.5,20055.0,13:00,in_va,inside_both,below_week_val,neg,pos
short,2024-07-30 11:35:00-04:00,2024-07-30,2024-07-30 13:00:00-04:00,tp,18953.875,18804.767857142855,18954.0,19058.803571428572,18804.642857142855,44.55357142857143,0.7777777777777778,-370,-151,-2,18987.5,19000.5,149.10714285714494,2982.1428571428987,2977.6428571428987,19210.0,19300.0,19130.0,19434.066816376162,19076.929211022878,19398.686926510316,19112.188954539375,20625.0,20797.5,20055.0,11:00,below_val,outside_both,below_week_val,neg,neg
short,2024-07-30 12:20:00-04:00,2024-07-30,2024-07-30 14:20:00-04:00,sl,18909.125,18993.660714285714,18909.25,18993.535714285714,18790.928571428572,34.035714285714285,0.9323671497584541,-360,-15,5,18937.75,18955.5,-84.53571428571377,-1690.7142857142753,-1695.2142857142753,18950.0,19217.5,18925.0,19436.43479340315,19074.569275394442,19410.9913244734,19099.926341005288,20625.0,20797.5,20055.0,12:00,below_val,outside_both,below_week_val,neg,pos
short,2024-07-30 14:45:00-04:00,2024-07-30,2024-07-30 15:45:00-04:00,sl,18948.125,19012.535714285714,18948.25,19012.410714285714,18856.178571428572,27.910714285714285,0.7096774193548387,-327,-73,76,18953.5,18981.25,-64.41071428571377,-1288.2142857142753,-1292.7142857142753,18937.5,19175.0,18802.5,19453.926140005944,19057.137327547476,19439.742274764245,19071.27302588886,20625.0,20797.5,20055.0,14:00,in_va,outside_both,below_week_val,neg,pos
short,2024-07-30 16:00:00-04:00,2024-07-30,2024-07-30 16:55:00-04:00,eod,18746.375,18861.375,18746.5,19006.375,18434.5,52.125,0.8386041439476554,-1342,-339,72,18903.75,18944.75,-115.0,-2300.0,-2304.5,18935.0,19145.0,18802.5,19441.497480794438,19069.523780351978,19444.92340203855,19066.109493172647,20625.0,20797.5,20055.0,16:00,below_val,outside_both,below_week_val,neg,pos
short,2024-07-31 13:30:00-04:00,2024-07-31,2024-07-31 14:15:00-04:00,sl,19377.375,19468.910714285714,19377.5,19468.785714285714,19258.678571428572,27.535714285714285,0.9087591240875912,-663,-75,13,19413.5,19425.75,-91.53571428571377,-1830.7142857142753,-1835.2142857142753,19465.0,19495.0,19335.0,19526.77827596837,18711.04320518217,19509.531837698672,18727.834501288216,20625.0,20797.5,20055.0,13:00,in_va,inside_both,below_week_val,neg,pos
short,2024-07-31 12:35:00-04:00,2024-07-31,2024-07-31 13:40:00-04:00,tp,19436.625,19364.839285714283,19436.75,19483.14285714286,19364.714285714283,25.642857142857142,0.7017543859649122,-378,-154,2,19441.75,19465.5,71.7857142857174,1435.714285714348,1431.214285714348,19360.0,19490.0,19310.0,19536.10321169956,18701.964359186044,19506.60091510937,18730.68807535906,20625.0,20797.5,20055.0,12:00,in_va,inside_both,below_week_val,neg,pos
short,2024-08-01 10:25:00-04:00,2024-08-01,2024-08-01 11:25:00-04:00,tp,19445.125,19261.589285714283,19445.25,19571.64285714286,19261.464285714283,57.392857142857146,0.8628158844765343,-524,-5,297,19450.5,19513.0,183.5357142857174,3670.714285714348,3666.214285714348,19635.0,19667.5,19550.0,19668.83463768525,19438.416631074142,19661.893462217235,19445.33777889325,20625.0,20797.5,20055.0,10:00,below_val,inside_14_only,below_week_val,neg,pos
short,2024-08-01 14:25:00-04:00,2024-08-01,2024-08-01 15:30:00-04:00,sl,18897.875,18987.98214285714,18898.0,18987.85714285714,18764.535714285717,43.607142857142854,0.8307692307692308,-598,73,60,18911.5,18932.25,-90.1071428571413,-1802.142857142826,-1806.642857142826,19635.0,19717.5,19190.0,19728.098318289092,19379.323946318687,19731.36941308164,19376.062289745696,20625.0,20797.5,20055.0,14:00,below_val,outside_both,below_week_val,pos,pos
short,2024-08-01 16:00:00-04:00,2024-08-01,2024-08-01 16:55:00-04:00,eod,18931.875,18963.125,18932.0,19107.321428571428,18699.357142857145,57.32142857142857,0.7167630057803468,-1082,-41,94,18973.75,19013.0,-31.25,-625.0,-629.5,19635.0,19717.5,19080.0,19749.250827016524,19358.232469763716,19742.64317020575,19364.821061240196,20625.0,20797.5,20055.0,16:00,below_val,outside_both,below_week_val,neg,pos
short,2024-08-05 14:00:00-04:00,2024-08-05,2024-08-05 16:05:00-04:00,sl,18017.125,18141.303571428572,18017.25,18141.178571428572,17840.642857142855,52.67857142857143,0.8006430868167203,-622,-60,12,18021.5,18076.5,-124.17857142857247,-2483.5714285714494,-2488.0714285714494,18105.0,18197.5,17740.0,18701.87140103715,17383.070366088374,18665.154161417115,17417.900996161807,19965.0,20085.0,19202.5,14:00,in_va,inside_both,below_week_val,neg,pos
short,2024-08-07 16:20:00-04:00,2024-08-07,2024-08-07 16:55:00-04:00,eod,17916.625,17854.625,17916.75,18019.5,17768.25,45.75,0.8202247191011236,-506,-128,1,17918.0,17940.0,62.0,1240.0,1235.5,18520.0,18555.0,18185.0,18735.451386632758,17822.216078649217,18634.510188390243,17921.219492518932,19965.0,20085.0,19202.5,16:00,below_val,inside_14_only,below_week_val,neg,pos
short,2024-08-06 14:55:00-04:00,2024-08-06,2024-08-06 15:50:00-04:00,tp,18386.625,18228.267857142855,18386.75,18512.928571428572,18228.142857142855,32.42857142857143,0.955026455026455,-643,-1,8,18432.25,18455.5,158.35714285714494,3167.1428571428987,3162.6428571428987,18200.0,18345.0,18070.0,18392.58657577998,17833.094790144212,18311.43397316845,17913.939941480472,19965.0,20085.0,19202.5,14:00,above_vah,inside_14_only,below_week_val,neg,pos
short,2024-08-07 11:40:00-04:00,2024-08-07,2024-08-07 13:05:00-04:00,tp,18389.375,18229.053571428572,18389.5,18504.410714285714,18228.928571428572,45.660714285714285,0.8881118881118881,-749,-29,25,18415.0,18437.75,160.32142857142753,3206.4285714285506,3201.9285714285506,18520.0,18545.0,18417.5,18682.43356373853,17874.216109893725,18583.341728480667,17971.405663296624,19965.0,20085.0,19202.5,11:00,below_val,inside_both,below_week_val,neg,pos
short,2024-08-07 12:00:00-04:00,2024-08-07,2024-08-07 13:55:00-04:00,tp,18300.625,18100.732142857145,18300.75,18451.696428571428,18100.607142857145,49.19642857142857,0.8179959100204499,-216,150,5,18341.25,18366.75,199.89285714285506,3997.8571428571013,3993.3571428571013,18520.0,18547.5,18405.0,18695.49087700702,17861.40945996233,18587.48176447569,17967.34510423662,19965.0,20085.0,19202.5,12:00,below_val,inside_both,below_week_val,pos,pos
short,2024-08-07 15:50:00-04:00,2024-08-07,2024-08-07 16:55:00-04:00,eod,17992.375,17854.625,17992.5,18143.73214285714,17787.285714285717,53.982142857142854,0.8130630630630631,-1128,-115,24,18000.5,18030.5,137.75,2755.0,2750.5,18520.0,18555.0,18222.5,18678.025266679007,17878.53978016754,18602.4411300899,17952.67291596347,19965.0,20085.0,19202.5,15:00,below_val,inside_both,below_week_val,neg,pos
short,2024-08-08 11:10:00-04:00,2024-08-08,2024-08-08 12:05:00-04:00,sl,18336.625,18449.5,18336.75,18449.375,18174.0,50.125,0.8432055749128919,-812,-472,39,18355.0,18378.0,-112.875,-2257.5,-2262.0,18180.0,18437.5,18045.0,18434.477752254745,17648.785287517774,18337.962086845364,17743.341459047955,19965.0,20085.0,19202.5,11:00,in_va,inside_both,below_week_val,neg,pos
short,2024-08-08 11:45:00-04:00,2024-08-08,2024-08-08 12:05:00-04:00,sl,18359.125,18438.39285714286,18359.25,18438.26785714286,18236.714285714283,43.517857142857146,0.8353658536585366,-431,-98,19,18365.25,18388.25,-79.2678571428587,-1585.357142857174,-1589.857142857174,18395.0,18437.5,18095.0,18443.17530451739,17640.264315920558,18352.660591021544,17728.941368904816,19965.0,20085.0,19202.5,11:00,in_va,inside_14_only,below_week_val,neg,pos
short,2024-08-12 11:20:00-04:00,2024-08-12,2024-08-12 16:55:00-04:00,eod,18588.875,18626.375,18589.0,18791.26785714286,18345.714285714283,41.017857142857146,0.9617151607963247,-1422,-12,45,18689.25,18696.75,-37.5,-750.0,-754.5,18657.5,18685.0,18547.5,18860.684470354874,18383.521673183044,18764.94982599747,18479.057311708286,18935.0,19520.0,18805.0,11:00,in_va,inside_both,below_week_val,neg,pos
short,2024-08-12 12:55:00-04:00,2024-08-12,2024-08-12 16:55:00-04:00,eod,18622.375,18626.375,18622.5,18725.946428571428,18485.857142857145,33.19642857142857,0.9097222222222222,-812,-3,15,18675.5,18707.75,-4.0,-80.0,-84.5,18660.0,18720.0,18600.0,18912.297900234324,18332.015533340895,18793.647572114485,18450.419220263677,18935.0,19520.0,18805.0,12:00,in_va,inside_both,below_week_val,neg,pos
short,2024-08-14 09:40:00-04:00,2024-08-14,2024-08-14 11:50:00-04:00,sl,19052.375,19163.910714285714,19052.5,19163.785714285714,18905.178571428572,36.035714285714285,0.8136094674556213,-753,92,100,19068.25,19077.75,-111.53571428571377,-2230.7142857142753,-2235.2142857142753,19110.0,19137.5,19092.5,19218.57328638832,19018.338754275526,19184.580536040245,19052.26356352885,18935.0,19520.0,18805.0,09:00,below_val,inside_both,in_week_va,pos,pos
short,2024-08-14 10:30:00-04:00,2024-08-14,2024-08-14 10:55:00-04:00,sl,18932.875,19065.125,18933.0,19065.0,18751.0,50.0,0.8494318181818182,-836,-117,78,18975.25,19007.5,-132.25,-2645.0,-2649.5,19107.5,19152.5,19047.5,19253.733564761937,18983.24875052753,19220.7559955805,19016.160407650375,18935.0,19520.0,18805.0,10:00,below_val,outside_both,in_week_va,neg,pos
short,2024-08-14 12:40:00-04:00,2024-08-14,2024-08-14 15:50:00-04:00,sl,19027.875,19119.39285714286,19028.0,19119.26785714286,18903.464285714283,33.267857142857146,0.8373983739837398,-633,-41,31,19053.5,19066.75,-91.5178571428587,-1830.357142857174,-1834.857142857174,19110.0,19152.5,19032.5,19387.306800410493,18849.942486858778,19285.95872825319,18951.087995266374,18935.0,19520.0,18805.0,12:00,below_val,inside_both,in_week_va,neg,pos
short,2024-08-14 15:10:00-04:00,2024-08-14,2024-08-14 15:50:00-04:00,sl,19044.875,19110.053571428572,19045.0,19109.928571428572,18959.892857142855,20.178571428571427,0.7864077669902912,-417,-59,52,19061.5,19083.5,-65.17857142857247,-1303.5714285714494,-1308.0714285714494,19080.0,19150.0,19047.5,19427.441196559448,18809.888307073124,19316.37726489386,18920.730255962164,18935.0,19520.0,18805.0,15:00,below_val,inside_both,in_week_va,neg,pos
short,2024-08-28 13:55:00-04:00,2024-08-28,2024-08-28 14:50:00-04:00,sl,19296.625,19389.73214285714,19296.75,19389.60714285714,19176.035714285717,27.857142857142858,0.8936170212765957,-475,-101,35,19317.25,19329.25,-93.1071428571413,-1862.142857142826,-1866.642857142826,19422.5,19567.5,19340.0,19812.47118944717,19449.370928585617,19829.280160784612,19432.570731538064,19077.5,19427.5,18525.0,13:00,below_val,outside_both,in_week_va,neg,pos
short,2024-08-28 11:10:00-04:00,2024-08-28,2024-08-28 15:50:00-04:00,sl,19361.125,19475.928571428572,19361.25,19475.803571428572,19207.392857142855,39.30357142857143,0.9339622641509434,-795,-36,21,19405.5,19423.0,-114.80357142857247,-2296.0714285714494,-2300.5714285714494,19550.0,19647.5,19535.0,19737.61746459844,19524.185579759476,19761.04366585995,19500.77160698457,19077.5,19427.5,18525.0,11:00,below_val,outside_both,in_week_va,neg,pos
short,2024-08-15 14:10:00-04:00,2024-08-15,2024-08-15 16:55:00-04:00,eod,19571.875,19568.375,19572.0,19604.464285714286,19524.571428571428,14.964285714285714,0.7466666666666667,-274,-47,107,19576.25,19586.0,3.5,70.0,65.5,19537.5,19570.0,19347.5,19656.481552430374,18845.492641007437,19533.188014825344,18967.48167892512,18935.0,19520.0,18805.0,14:00,above_vah,inside_14_only,above_week_vah,neg,pos
short,2024-08-26 10:35:00-04:00,2024-08-26,2024-08-26 11:00:00-04:00,sl,19510.375,19609.14285714286,19510.5,19609.01785714286,19368.714285714283,43.267857142857146,0.771551724137931,-671,-154,329,19512.25,19520.0,-98.7678571428587,-1975.357142857174,-1979.857142857174,19775.0,19845.0,19700.0,19872.424192193917,19667.3923263262,19880.497316133256,19659.324815313863,19077.5,19427.5,18525.0,10:00,below_val,outside_both,above_week_vah,neg,pos
short,2024-08-16 15:40:00-04:00,2024-08-16,2024-08-16 16:10:00-04:00,sl,19587.625,19620.89285714286,19587.75,19620.76785714286,19540.464285714283,14.267857142857142,0.7108433734939759,-449,-108,25,19596.5,19608.5,-33.2678571428587,-665.357142857174,-669.857142857174,19610.0,19657.5,19525.0,19839.804210975,19232.84434332396,19744.791073503453,19327.543088826307,18935.0,19520.0,18805.0,15:00,in_va,inside_both,above_week_vah,neg,pos
short,2024-08-22 11:40:00-04:00,2024-08-22,2024-08-22 12:20:00-04:00,sl,19680.125,19793.39285714286,19680.25,19793.26785714286,19529.214285714283,38.017857142857146,0.7697160883280757,-285,-138,271,19702.5,19708.5,-113.2678571428587,-2265.357142857174,-2269.857142857174,19905.0,19982.5,19860.0,20071.586648589917,19843.708880223443,20138.530376248385,19777.031290476378,18505.0,18552.5,18062.5,11:00,below_val,outside_both,above_week_vah,neg,pos
short,2024-08-20 10:35:00-04:00,2024-08-20,2024-08-20 14:20:00-04:00,sl,19762.375,19858.785714285714,19762.5,19858.660714285714,19629.428571428572,36.910714285714285,0.970954356846473,-1107,-19,-2,19812.25,19816.25,-96.41071428571377,-1928.2142857142753,-1932.7142857142753,19885.0,19910.0,19837.5,19994.368895764714,19677.134765454895,19957.365648408162,19714.071381431946,18505.0,18552.5,18062.5,10:00,below_val,inside_both,above_week_vah,neg,neg
short,2024-08-20 12:50:00-04:00,2024-08-20,2024-08-20 14:10:00-04:00,sl,19788.625,19840.053571428572,19788.75,19839.928571428572,19715.642857142855,21.928571428571427,0.7183098591549296,-469,-100,72,19796.0,19811.75,-51.42857142857247,-1028.5714285714494,-1033.0714285714494,19820.0,19872.5,19780.0,20039.53617318227,19632.048820304586,20014.09890802799,19657.440280828483,18505.0,18552.5,18062.5,12:00,in_va,inside_both,above_week_vah,neg,pos
short,2024-08-21 10:50:00-04:00,2024-08-21,2024-08-21 16:55:00-04:00,eod,19815.125,19917.875,19815.25,19961.98214285714,19622.285714285717,46.232142857142854,0.8741418764302059,-1558,-81,-8,19833.75,19851.5,-102.75,-2055.0,-2059.5,19852.5,19885.0,19795.0,19969.49227176657,19677.497073416547,19952.455433003168,19694.50192839585,18505.0,18552.5,18062.5,10:00,in_va,inside_both,above_week_vah,neg,neg
short,2024-08-22 11:15:00-04:00,2024-08-22,2024-08-22 11:40:00-04:00,tp,19836.375,19720.589285714283,19836.5,19918.64285714286,19720.464285714283,33.892857142857146,0.7411167512690355,-690,-21,141,19854.5,19873.0,115.7857142857174,2315.714285714348,2311.214285714348,19905.0,19972.5,19860.0,20065.828117862744,19849.44451764314,20128.615033558908,19786.907214258565,18505.0,18552.5,18062.5,11:00,below_val,inside_90_only,above_week_vah,neg,pos
short,2024-08-22 10:05:00-04:00,2024-08-22,2024-08-22 11:30:00-04:00,tp,19908.125,19784.767857142855,19908.25,20002.053571428572,19784.642857142855,29.803571428571427,0.7947761194029851,-1355,-57,-1,19944.25,19983.5,123.35714285714494,2467.1428571428987,2462.6428571428987,19990.0,20007.5,19955.0,20053.889710914904,19861.335462897383,20085.82759828061,19829.524546092405,18505.0,18552.5,18062.5,10:00,below_val,inside_both,above_week_vah,neg,neg
short,2024-08-22 12:50:00-04:00,2024-08-22,2024-08-22 15:20:00-04:00,tp,19722.625,19582.232142857145,19722.75,19828.571428571428,19582.107142857145,34.82142857142857,0.888135593220339,-204,-32,100,19729.0,19743.0,140.39285714285506,2807.8571428571013,2803.3571428571013,19905.0,20025.0,19820.0,20127.441740591676,19788.075842744885,20158.66721804823,19756.97450363024,18505.0,18552.5,18062.5,12:00,below_val,outside_both,above_week_vah,neg,pos
short,2024-08-23 10:45:00-04:00,2024-08-23,2024-08-23 16:55:00-04:00,eod,19677.125,19776.875,19677.25,19898.571428571428,19386.857142857145,69.07142857142857,0.7925531914893617,-1450,-112,14,19726.0,19754.25,-99.75,-1995.0,-1999.5,19730.0,19840.0,19672.5,19848.477794056194,19520.44509938861,19860.385474246694,19508.62406270021,18505.0,18552.5,18062.5,10:00,in_va,inside_both,above_week_vah,neg,pos
short,2024-08-23 12:40:00-04:00,2024-08-23,2024-08-23 13:25:00-04:00,sl,19619.875,19725.76785714286,19620.0,19725.64285714286,19469.464285714283,44.892857142857146,0.7032258064516129,-670,-318,48,19622.5,19680.5,-105.8928571428587,-2117.857142857174,-2122.357142857174,19725.0,19790.0,19645.0,19870.491690861905,19498.59138165082,19911.716211724975,19457.66682155279,18505.0,18552.5,18062.5,12:00,below_val,inside_both,above_week_vah,neg,pos
short,2024-08-23 12:10:00-04:00,2024-08-23,2024-08-23 13:30:00-04:00,sl,19653.875,19741.928571428572,19654.0,19741.803571428572,19517.642857142855,48.55357142857143,0.765625,-489,-159,37,19662.5,19728.25,-88.05357142857247,-1761.0714285714494,-1765.5714285714494,19725.0,19815.0,19665.0,19886.98490402635,19482.21817756677,19904.533748430502,19464.797023301475,18505.0,18552.5,18062.5,12:00,below_val,inside_both,above_week_vah,neg,pos
short,2024-08-26 10:30:00-04:00,2024-08-26,2024-08-26 16:55:00-04:00,eod,19555.625,19549.125,19555.75,19659.964285714286,19410.821428571428,40.714285714285715,0.8327645051194539,-939,-77,30,19591.75,19619.75,6.5,130.0,125.5,19775.0,19832.5,19705.0,19857.054593705114,19682.751238934903,19864.57088267068,19675.240175750783,19077.5,19427.5,18525.0,10:00,below_val,outside_both,above_week_vah,neg,pos
short,2024-08-26 11:50:00-04:00,2024-08-26,2024-08-26 12:30:00-04:00,sl,19566.625,19630.428571428572,19566.75,19630.303571428572,19474.142857142855,29.053571428571427,0.7621951219512195,-478,-168,27,19582.25,19605.0,-63.80357142857247,-1276.0714285714494,-1280.5714285714494,19595.0,19747.5,19505.0,19901.935443321105,19637.90159321653,19923.88890819047,19615.96339173179,19077.5,19427.5,18525.0,11:00,in_va,outside_both,above_week_vah,neg,pos
short,2024-08-26 13:35:00-04:00,2024-08-26,2024-08-26 16:55:00-04:00,eod,19556.375,19549.125,19556.5,19627.75,19460.5,24.75,0.8009049773755657,-790,-61,7,19581.0,19604.0,7.25,145.0,140.5,19600.0,19720.0,19505.0,19942.762652543886,19597.102769553905,19958.673746042627,19581.20273841554,19077.5,19427.5,18525.0,13:00,in_va,outside_both,above_week_vah,neg,pos
short,2024-08-28 10:40:00-04:00,2024-08-28,2024-08-28 11:10:00-04:00,tp,19503.625,19380.089285714283,19503.75,19591.01785714286,19379.964285714283,36.517857142857146,0.8533333333333334,-906,-212,32,19527.5,19551.0,123.5357142857174,2470.714285714348,2466.214285714348,19550.0,19627.5,19535.0,19755.535060936272,19506.277336414238,19747.30030410824,19514.507794695848,19077.5,19427.5,18525.0,10:00,below_val,outside_both,above_week_vah,neg,pos
short,2024-08-28 09:45:00-04:00,2024-08-28,2024-08-28 10:45:00-04:00,tp,19550.375,19465.875,19550.5,19612.625,19465.75,22.625,0.8181818181818182,-323,-158,48,19553.5,19572.75,84.5,1690.0,1685.5,19645.0,19652.5,19600.0,19675.045193822458,19586.725187784625,19685.389879404156,19576.385902133014,19077.5,19427.5,18525.0,09:00,below_val,outside_both,above_week_vah,neg,pos
short,2024-08-28 16:20:00-04:00,2024-08-28,2024-08-28 16:55:00-04:00,eod,19264.875,19310.375,19265.0,19505.375,18979.25,45.375,0.8895781637717122,-716,-53,101,19278.5,19297.0,-45.5,-910.0,-914.5,19422.5,19540.0,19280.0,19816.566345670082,19445.277910035926,19839.399844736177,19422.45633006564,19077.5,19427.5,18525.0,16:00,below_val,outside_both,in_week_va,neg,pos
short,2024-08-30 10:55:00-04:00,2024-08-30,2024-08-30 15:50:00-04:00,sl,19468.625,19594.25,19468.75,19594.125,19297.75,45.625,0.8715596330275229,-920,-16,105,19530.75,19563.5,-125.625,-2512.5,-2517.0,19550.0,19585.0,19515.0,19673.015848096795,19332.395775698646,19675.288316015536,19330.136523686742,19077.5,19427.5,18525.0,10:00,below_val,inside_both,above_week_vah,neg,pos
short,2024-09-03 09:30:00-04:00,2024-09-03,2024-09-03 10:00:00-04:00,tp,19421.375,19312.553571428572,19421.5,19506.910714285714,19312.428571428572,23.660714285714285,0.7156549520766773,-768,-249,136,19434.0,19447.0,108.82142857142753,2176.4285714285506,2171.9285714285506,19477.5,19535.0,19455.0,19599.68360982438,19472.34734183805,19601.44331673642,19470.598142247385,19850.0,19922.5,19692.5,09:00,below_val,outside_both,below_week_val,neg,pos
short,2024-09-03 10:10:00-04:00,2024-09-03,2024-09-03 11:00:00-04:00,tp,19293.125,19150.053571428572,19293.25,19391.660714285714,19149.928571428572,44.910714285714285,0.8354978354978355,-1019,-226,119,19306.5,19341.25,143.07142857142753,2861.4285714285506,2856.9285714285506,19477.5,19520.0,19365.0,19670.258929393032,19402.193431970565,19682.541791582706,19389.983911528634,19850.0,19922.5,19692.5,10:00,below_val,outside_both,below_week_val,neg,pos
short,2024-09-03 10:30:00-04:00,2024-09-03,2024-09-03 14:00:00-04:00,tp,19257.625,19093.160714285717,19257.75,19370.35714285714,19093.035714285717,52.107142857142854,0.8263888888888888,-718,-93,9,19283.0,19293.0,164.4642857142826,3289.285714285652,3284.785714285652,19477.5,19520.0,19337.5,19685.3310099618,19387.211347749064,19683.439025152653,19389.092035397138,19850.0,19922.5,19692.5,10:00,below_val,outside_both,below_week_val,neg,pos
short,2024-09-03 11:40:00-04:00,2024-09-03,2024-09-03 14:15:00-04:00,tp,19162.375,19047.339285714283,19162.5,19242.01785714286,19047.214285714283,35.767857142857146,0.8730964467005076,-995,-267,4,19173.0,19206.0,115.0357142857174,2300.714285714348,2296.214285714348,19200.0,19422.5,19150.0,19723.85057558398,19348.92178489183,19739.243267327012,19333.62100388569,19850.0,19922.5,19692.5,11:00,in_va,outside_both,below_week_val,neg,pos
short,2024-09-04 11:25:00-04:00,2024-09-04,2024-09-04 16:55:00-04:00,eod,19016.375,18964.625,19016.5,19098.839285714286,18892.571428571428,41.589285714285715,0.7640449438202247,-593,-50,55,19033.5,19057.0,51.75,1035.0,1030.5,18885.0,18975.0,18855.0,19128.25247574204,18740.560753818394,19132.62871705414,18736.210207994984,19850.0,19922.5,19692.5,11:00,above_vah,inside_both,below_week_val,neg,pos
short,2024-09-05 10:45:00-04:00,2024-09-05,2024-09-05 11:30:00-04:00,tp,19013.625,18847.017857142855,19013.75,19127.303571428572,18846.892857142855,53.30357142857143,0.8076923076923077,-575,-182,30,19026.25,19039.5,166.60714285714494,3332.1428571428987,3327.6428571428987,19100.0,19115.0,18922.5,19098.361152608973,18753.43764670635,19075.561194734964,18776.144130103057,19850.0,19922.5,19692.5,10:00,in_va,inside_both,below_week_val,neg,pos
short,2024-09-06 10:20:00-04:00,2024-09-06,2024-09-06 11:45:00-04:00,tp,18685.375,18473.946428571428,18685.5,18830.839285714286,18473.821428571428,66.33928571428571,0.8317757009345794,-417,-109,60,18705.75,18754.0,211.42857142857247,4228.571428571449,4224.071428571449,18745.0,18870.0,18715.0,19022.340684655806,18832.183771738142,19027.38038507926,18827.14540247342,19850.0,19922.5,19692.5,10:00,below_val,outside_both,below_week_val,neg,pos
short,2024-09-06 10:40:00-04:00,2024-09-06,2024-09-06 16:50:00-04:00,tp,18551.375,18347.196428571428,18551.5,18687.339285714286,18347.071428571428,68.58928571428571,0.9366197183098591,-804,-68,13,18598.0,18612.75,204.17857142857247,4083.5714285714494,4079.0714285714494,18750.0,18895.0,18715.0,19068.439889487803,18786.096743296435,19044.788706860185,18809.741678830822,19850.0,19922.5,19692.5,10:00,below_val,outside_both,below_week_val,neg,pos
short,2024-09-09 10:55:00-04:00,2024-09-09,2024-09-09 11:50:00-04:00,sl,18517.375,18620.25,18517.5,18620.125,18374.75,40.125,0.8070866141732284,-765,-39,189,18531.5,18560.25,-102.875,-2057.5,-2062.0,18650.0,18667.5,18557.5,18800.013239623484,18208.54662491146,18755.341283507936,18252.616080645934,19600.0,19687.5,19462.5,10:00,below_val,inside_both,below_week_val,neg,pos
short,2024-09-09 13:30:00-04:00,2024-09-09,2024-09-09 14:10:00-04:00,tp,18680.875,18607.517857142855,18681.0,18734.553571428572,18607.392857142855,20.053571428571427,0.83125,-691,-65,37,18698.5,18711.0,73.35714285714494,1467.1428571428987,1462.6428571428987,18650.0,18682.5,18545.0,18800.239573711217,18208.323343440763,18807.824114770436,18200.841096735225,19600.0,19687.5,19462.5,13:00,in_va,inside_both,below_week_val,neg,pos
short,2024-09-09 15:00:00-04:00,2024-09-09,2024-09-09 15:25:00-04:00,sl,18583.875,18635.089285714286,18584.0,18634.964285714286,18505.571428571428,27.464285714285715,0.7843137254901961,-202,-42,21,18595.75,18607.25,-51.214285714286234,-1024.2857142857247,-1028.7857142857247,18610.0,18692.5,18562.5,18817.77115175897,18191.02821759643,18823.586273565543,18185.29152560152,19600.0,19687.5,19462.5,15:00,in_va,inside_both,below_week_val,neg,pos
short,2024-09-10 10:10:00-04:00,2024-09-10,2024-09-10 14:15:00-04:00,sl,18710.375,18842.73214285714,18710.5,18842.60714285714,18533.785714285717,44.607142857142854,0.8312958435207825,-1095,-175,91,18743.25,18778.0,-132.3571428571413,-2647.142857142826,-2651.642857142826,18757.5,18820.0,18677.5,18861.118995297205,18619.824785734047,18848.317685896316,18632.602038937242,19600.0,19687.5,19462.5,10:00,in_va,inside_both,below_week_val,neg,pos
short,2024-09-10 11:50:00-04:00,2024-09-10,2024-09-10 13:10:00-04:00,sl,18669.375,18744.303571428572,18669.5,18744.178571428572,18562.392857142855,32.42857142857143,0.8028846153846154,-798,-250,4,18686.75,18710.75,-74.92857142857247,-1498.5714285714494,-1503.0714285714494,18757.5,18787.5,18700.0,18930.75656557785,18550.318078250737,18912.135937708983,18568.90371426907,19600.0,19687.5,19462.5,11:00,below_val,inside_both,below_week_val,neg,pos
short,2024-09-11 10:30:00-04:00,2024-09-11,2024-09-11 11:30:00-04:00,sl,18613.125,18712.053571428572,18613.25,18711.928571428572,18459.642857142855,54.92857142857143,0.84,-764,-158,19,18627.5,18640.0,-98.92857142857247,-1978.5714285714494,-1983.0714285714494,18800.0,18862.5,18747.5,19036.996334995893,18700.73306248475,18998.591977710323,18739.000785611555,19600.0,19687.5,19462.5,10:00,below_val,outside_both,below_week_val,neg,pos
short,2024-09-11 10:10:00-04:00,2024-09-11,2024-09-11 12:00:00-04:00,sl,18695.375,18826.39285714286,18695.5,18826.26785714286,18518.214285714283,46.517857142857146,0.8818443804034583,-1039,-38,-3,18730.5,18780.75,-131.0178571428587,-2620.357142857174,-2624.857142857174,18800.0,18855.0,18767.5,19005.710193774743,18731.907894576187,18992.503967578166,18745.06713595816,19600.0,19687.5,19462.5,10:00,below_val,outside_both,below_week_val,neg,neg
short,2024-09-16 10:20:00-04:00,2024-09-16,2024-09-16 10:35:00-04:00,tp,19638.375,19530.053571428572,19638.5,19707.660714285714,19529.928571428572,39.410714285714285,0.7619047619047619,-243,-87,3,19641.5,19663.0,108.32142857142753,2166.4285714285506,2161.9285714285506,19670.0,19697.5,19575.0,19856.564505584625,19553.09073646788,19845.49992548182,19564.11733874552,18937.5,19162.5,18715.0,10:00,in_va,inside_both,above_week_vah,neg,pos
short,2024-09-18 11:20:00-04:00,2024-09-18,2024-09-18 12:50:00-04:00,sl,19641.875,19693.089285714286,19642.0,19692.964285714286,19564.571428571428,26.464285714285715,0.7586206896551724,-330,-124,26,19656.75,19684.5,-51.214285714286234,-1024.2857142857247,-1028.7857142857247,19697.5,19717.5,19677.5,19906.434916262726,19510.70965660895,19882.545684017372,19534.54531197957,18937.5,19162.5,18715.0,11:00,below_val,inside_both,above_week_vah,neg,pos
short,2024-09-19 15:10:00-04:00,2024-09-19,2024-09-19 16:55:00-04:00,eod,20103.125,20062.875,20103.25,20156.446428571428,20023.357142857145,26.696428571428573,0.7131147540983607,-446,-65,10,20106.25,20141.0,40.25,805.0,800.5,20130.0,20172.5,20002.5,20257.130591479356,19432.155581300536,20254.152320546218,19435.071545776467,18937.5,19162.5,18715.0,15:00,in_va,inside_both,above_week_vah,neg,pos
short,2024-09-20 10:45:00-04:00,2024-09-20,2024-09-20 11:15:00-04:00,tp,19970.625,19874.339285714283,19970.75,20031.14285714286,19874.214285714283,36.142857142857146,0.7647058823529411,-645,-236,30,19983.5,20001.5,96.2857142857174,1925.714285714348,1921.214285714348,20040.0,20067.5,20007.5,20243.82898741656,19854.91470463265,20191.377269037683,19907.29583466266,18937.5,19162.5,18715.0,10:00,below_val,inside_both,above_week_vah,neg,pos
short,2024-09-20 13:20:00-04:00,2024-09-20,2024-09-20 14:35:00-04:00,tp,19996.875,19937.339285714283,19997.0,20037.89285714286,19937.214285714283,18.892857142857142,0.7980769230769231,-455,-62,30,20002.0,20007.0,59.535714285717404,1190.714285714348,1186.214285714348,20017.5,20060.0,19975.0,20245.80635689245,19852.93999625635,20251.426337074998,19847.327579317374,18937.5,19162.5,18715.0,13:00,in_va,inside_both,above_week_vah,neg,pos
short,2024-09-24 10:00:00-04:00,2024-09-24,2024-09-24 11:25:00-04:00,sl,20003.375,20121.446428571428,20003.5,20121.321428571428,19857.607142857145,28.071428571428573,0.8083140877598153,-700,-161,14,20018.75,20056.0,-118.07142857142753,-2361.4285714285506,-2365.9285714285506,20105.0,20145.0,20087.5,20200.538060992036,19997.94548039739,20214.8697427645,19983.66486880955,18660.0,18867.5,18582.5,10:00,below_val,inside_both,above_week_vah,neg,pos
short,2024-09-24 10:35:00-04:00,2024-09-24,2024-09-24 10:50:00-04:00,sl,19971.625,20044.035714285714,19971.75,20043.910714285714,19859.178571428572,40.410714285714285,0.706766917293233,-316,-18,24,19985.0,20003.5,-72.41071428571377,-1448.2142857142753,-1452.7142857142753,20105.0,20152.5,20037.5,20268.173766012605,19930.550791609017,20258.31634664927,19940.373084583516,18660.0,18867.5,18582.5,10:00,below_val,inside_both,above_week_vah,neg,pos
short,2024-10-01 10:05:00-04:00,2024-10-01,2024-10-01 16:55:00-04:00,eod,19962.625,19962.375,19962.75,20095.64285714286,19782.714285714283,47.142857142857146,0.9518413597733711,-1628,-111,28,19964.0,20002.0,0.25,5.0,0.5,20272.5,20330.0,20085.0,20309.236674593623,20176.066317093548,20349.856900643863,20135.483698649394,19660.0,20002.5,19550.0,10:00,below_val,outside_both,in_week_va,neg,pos
short,2024-09-24 12:55:00-04:00,2024-09-24,2024-09-24 16:55:00-04:00,eod,20161.875,20185.375,20162.0,20209.785714285714,20090.428571428572,23.785714285714285,0.8446601941747572,-307,-59,60,20171.25,20187.0,-23.5,-470.0,-474.5,20102.5,20157.5,20007.5,20301.203329658652,19897.63892705369,20312.659157774382,19886.223921171248,18660.0,18867.5,18582.5,12:00,above_vah,inside_both,above_week_vah,neg,pos
short,2024-09-25 11:20:00-04:00,2024-09-25,2024-09-25 13:00:00-04:00,tp,20212.375,20142.839285714283,20212.5,20257.01785714286,20142.714285714283,25.267857142857142,0.8625,-237,0,27,20213.0,20229.25,69.5357142857174,1390.714285714348,1386.214285714348,20230.0,20267.5,20147.5,20278.288170835953,20048.16578695795,20336.943923163602,19989.638619465295,18660.0,18867.5,18582.5,11:00,in_va,inside_both,above_week_vah,zero,pos
short,2024-09-26 13:15:00-04:00,2024-09-26,2024-09-26 13:30:00-04:00,sl,20199.125,20269.25,20199.25,20269.125,20103.25,26.125,0.7777777777777778,-566,-30,27,20223.0,20237.0,-70.125,-1402.5,-1407.0,20250.0,20432.5,20212.5,20584.923235697333,20161.615229741976,20689.316363493173,20058.553523553113,18660.0,18867.5,18582.5,13:00,below_val,inside_both,above_week_vah,neg,pos
short,2024-09-27 10:15:00-04:00,2024-09-27,2024-09-27 14:30:00-04:00,tp,20287.125,20182.410714285717,20287.25,20359.35714285714,20182.285714285717,32.857142857142854,0.9090909090909091,-590,-34,-9,20290.25,20332.75,104.7142857142826,2094.285714285652,2089.785714285652,20337.5,20365.0,20295.0,20464.02801158984,20259.356806929016,20489.71734320438,20233.70750163168,18660.0,18867.5,18582.5,10:00,below_val,inside_both,above_week_vah,neg,neg
short,2024-09-27 13:15:00-04:00,2024-09-27,2024-09-27 13:55:00-04:00,sl,20239.125,20279.178571428572,20239.25,20279.053571428572,20179.142857142855,20.303571428571427,0.7558139534883721,-426,-40,21,20247.0,20253.0,-40.05357142857247,-801.0714285714494,-805.5714285714494,20252.5,20340.0,20245.0,20485.995212738424,20237.423832679535,20564.58905031455,20158.952451456888,18660.0,18867.5,18582.5,13:00,below_val,inside_both,above_week_vah,neg,pos
short,2024-10-01 09:35:00-04:00,2024-10-01,2024-10-01 09:55:00-04:00,tp,20104.125,19985.375,20104.25,20199.625,19985.25,23.625,0.7817679558011049,-496,-214,0,20118.75,20148.25,118.75,2375.0,2370.5,20272.5,20290.0,20235.0,20289.980402820725,20195.304760745978,20290.843642159394,20194.442320624057,19660.0,20002.5,19550.0,09:00,below_val,outside_both,above_week_vah,neg,zero
short,2024-10-01 11:05:00-04:00,2024-10-01,2024-10-01 11:40:00-04:00,sl,19840.875,19956.98214285714,19841.0,19956.85714285714,19673.285714285717,51.857142857142854,0.9431818181818182,-1433,-118,16,19866.25,19906.0,-116.1071428571413,-2322.142857142826,-2326.642857142826,19927.5,20187.5,19867.5,20346.560260181574,20138.777286968256,20391.161150437536,20094.21768975458,19660.0,20002.5,19550.0,11:00,below_val,outside_both,in_week_va,neg,pos
short,2024-10-02 12:45:00-04:00,2024-10-02,2024-10-02 16:40:00-04:00,sl,20020.875,20065.875,20021.0,20065.75,19952.25,24.0,0.7272727272727273,-331,-83,86,20036.75,20064.5,-45.0,-900.0,-904.5,19950.0,20022.5,19892.5,20090.785848922354,19814.588100787314,20135.89291366955,19769.52453369175,19660.0,20002.5,19550.0,12:00,in_va,inside_both,above_week_vah,neg,pos
short,2024-10-03 12:45:00-04:00,2024-10-03,2024-10-03 15:55:00-04:00,sl,19937.625,20003.303571428572,19937.75,20003.178571428572,19844.142857142855,28.178571428571427,0.7208121827411168,-612,-67,5,19945.75,19970.25,-65.67857142857247,-1313.5714285714494,-1318.0714285714494,19970.0,20045.0,19940.0,20193.125024021585,19776.109418345015,20230.643507864184,19738.86077763332,19660.0,20002.5,19550.0,12:00,below_val,inside_both,in_week_va,neg,pos
short,2024-10-04 09:50:00-04:00,2024-10-04,2024-10-04 10:10:00-04:00,tp,20149.375,20017.875,20149.5,20250.125,20017.75,31.125,0.8349514563106796,-1279,-85,63,20185.75,20216.25,131.5,2630.0,2625.5,20227.5,20265.0,20057.5,20302.01485662873,19884.47943307615,20304.189402802116,19882.333805956056,19660.0,20002.5,19550.0,09:00,in_va,inside_both,above_week_vah,neg,pos
short,2024-10-07 14:45:00-04:00,2024-10-07,2024-10-07 16:55:00-04:00,eod,19997.625,20017.125,19997.75,20079.0,19886.75,29.75,0.7388059701492538,-1241,-577,15,20013.25,20038.5,-19.5,-390.0,-394.5,20150.0,20170.0,20107.5,20298.18449248111,20041.375360413218,20406.339539130477,19933.569637071596,20075.0,20275.0,20037.5,14:00,below_val,inside_90_only,below_week_val,neg,pos
short,2024-10-07 14:00:00-04:00,2024-10-07,2024-10-07 14:45:00-04:00,tp,20107.375,20023.160714285717,20107.5,20172.35714285714,20023.035714285717,19.607142857142858,0.8078817733990148,-740,-123,72,20119.0,20140.75,84.2142857142826,1684.285714285652,1679.785714285652,20150.0,20170.0,20117.5,20315.294012226102,20024.321101649715,20408.268502340306,19931.646904100937,20075.0,20275.0,20037.5,14:00,below_val,inside_both,in_week_va,neg,pos
short,2024-10-08 13:00:00-04:00,2024-10-08,2024-10-08 14:35:00-04:00,sl,20211.375,20258.089285714286,20211.5,20257.964285714286,20145.321428571428,19.714285714285715,0.7083333333333334,-380,-83,35,20212.5,20226.25,-46.714285714286234,-934.2857142857247,-938.7857142857247,20237.5,20272.5,20082.5,20220.074208277925,19900.92737945635,20284.420839504437,19836.857614626293,20075.0,20275.0,20037.5,13:00,in_va,inside_both,in_week_va,neg,pos
short,2024-10-23 13:10:00-04:00,2024-10-23,2024-10-23 16:00:00-04:00,sl,20169.875,20247.321428571428,20170.0,20247.196428571428,20065.357142857145,27.446428571428573,0.8472906403940886,-1303,-76,104,20189.5,20196.75,-77.44642857142753,-1548.9285714285506,-1553.4285714285506,20432.5,20480.0,20317.5,20625.9925224103,20328.44548002074,20708.472858588186,20246.302799100857,20437.5,20487.5,20215.0,13:00,below_val,outside_both,below_week_val,neg,pos
short,2024-10-10 09:45:00-04:00,2024-10-10,2024-10-10 10:10:00-04:00,sl,20311.375,20413.51785714286,20311.5,20413.39285714286,20180.214285714283,29.392857142857142,0.8621794871794872,-1165,-30,155,20340.5,20370.25,-102.1428571428587,-2042.857142857174,-2047.357142857174,20360.0,20425.0,20327.5,20515.689991225358,20293.102420438165,20509.724665060978,20299.041492370492,20075.0,20275.0,20037.5,09:00,below_val,inside_both,above_week_vah,neg,pos
short,2024-10-15 15:00:00-04:00,2024-10-15,2024-10-15 16:55:00-04:00,eod,20299.875,20333.375,20300.0,20359.821428571428,20215.857142857145,24.321428571428573,0.7707006369426752,-267,-97,167,20314.75,20319.25,-33.5,-670.0,-674.5,20627.5,20657.5,20387.5,20758.14868910765,20512.140443031385,20845.634633909074,20424.68311126518,19950.0,20145.0,19885.0,15:00,below_val,outside_both,above_week_vah,neg,pos
short,2024-10-14 10:55:00-04:00,2024-10-14,2024-10-14 14:35:00-04:00,sl,20562.875,20630.839285714286,20563.0,20630.714285714286,20467.571428571428,27.714285714285715,0.7403846153846154,-541,-191,61,20592.25,20606.0,-67.96428571428623,-1359.2857142857247,-1363.7857142857247,20637.5,20677.5,20537.5,20683.96306272641,20280.67829297585,20702.647422244074,20262.11872012244,19950.0,20145.0,19885.0,10:00,in_va,inside_both,above_week_vah,neg,pos
short,2024-10-14 16:00:00-04:00,2024-10-14,2024-10-14 16:55:00-04:00,eod,20603.875,20638.625,20604.0,20644.10714285714,20547.535714285717,16.357142857142858,0.7,-443,-42,110,20605.25,20612.25,-34.75,-695.0,-699.5,20632.5,20652.5,20557.5,20688.706540157276,20275.966495663586,20767.44659367716,20197.752320946925,19950.0,20145.0,19885.0,16:00,in_va,inside_both,above_week_vah,neg,pos
short,2024-10-15 10:10:00-04:00,2024-10-15,2024-10-15 10:30:00-04:00,tp,20582.375,20493.696428571428,20582.5,20646.964285714286,20493.571428571428,24.464285714285715,0.8092783505154639,-1329,-254,5,20607.75,20621.25,88.67857142857247,1773.5714285714494,1769.0714285714494,20627.5,20647.5,20610.0,20770.809499464187,20499.483773502423,20750.389619539925,20519.896974928273,19950.0,20145.0,19885.0,10:00,below_val,inside_both,above_week_vah,neg,pos
short,2024-10-15 10:05:00-04:00,2024-10-15,2024-10-15 10:20:00-04:00,tp,20621.125,20552.339285714283,20621.25,20668.64285714286,20552.214285714283,21.642857142857142,0.8557692307692307,-303,-2,53,20624.25,20629.25,68.7857142857174,1375.714285714348,1371.214285714348,20627.5,20647.5,20610.0,20741.216556395768,20529.067037942757,20745.259498122585,20525.025418495014,19950.0,20145.0,19885.0,10:00,in_va,inside_both,above_week_vah,neg,pos
short,2024-10-16 10:35:00-04:00,2024-10-16,2024-10-16 14:20:00-04:00,sl,20279.375,20368.5,20279.5,20368.375,20149.75,40.875,0.9178743961352657,-918,-117,4,20312.5,20328.25,-89.125,-1782.5,-1787.0,20357.5,20392.5,20287.5,20504.175477409626,20182.472828612663,20492.279265387577,20194.35735089276,19950.0,20145.0,19885.0,10:00,below_val,inside_both,above_week_vah,neg,pos
short,2024-10-16 11:45:00-04:00,2024-10-16,2024-10-16 12:55:00-04:00,sl,20286.375,20335.678571428572,20286.5,20335.553571428572,20209.892857142855,27.553571428571427,0.7477477477477478,-629,-205,13,20295.5,20306.75,-49.30357142857247,-986.0714285714494,-990.5714285714494,20357.5,20392.5,20282.5,20506.55035500796,20180.10028467367,20522.612145985353,20164.05427671961,19950.0,20145.0,19885.0,11:00,in_va,inside_both,above_week_vah,neg,pos
short,2024-10-21 10:35:00-04:00,2024-10-21,2024-10-21 16:20:00-04:00,sl,20448.625,20537.125,20448.75,20537.0,20327.25,33.25,0.8157894736842105,-1115,-68,101,20451.75,20475.25,-88.5,-1770.0,-1774.5,20490.0,20535.0,20440.0,20583.47382118895,20328.799859609575,20621.693377572923,20290.68572104347,20437.5,20487.5,20215.0,10:00,in_va,inside_both,in_week_va,neg,pos
short,2024-10-23 11:10:00-04:00,2024-10-23,2024-10-23 13:05:00-04:00,tp,20336.625,20206.839285714283,20336.75,20430.39285714286,20206.714285714283,36.392857142857146,0.7328767123287672,-1038,235,63,20350.75,20356.5,129.7857142857174,2595.714285714348,2591.214285714348,20432.5,20457.5,20377.5,20636.137896600892,20318.3416386257,20679.77232229882,20274.88584208897,20437.5,20487.5,20215.0,11:00,below_val,inside_both,in_week_va,pos,pos
short,2024-10-21 14:05:00-04:00,2024-10-21,2024-10-21 15:50:00-04:00,sl,20474.625,20504.48214285714,20474.75,20504.35714285714,20431.285714285717,13.857142857142858,0.8133333333333334,-341,-128,17,20484.5,20491.25,-29.857142857141298,-597.142857142826,-601.642857142826,20450.0,20512.5,20407.5,20600.734627902333,20311.586661941157,20693.856149614734,20218.721989563084,20437.5,20487.5,20215.0,14:00,in_va,inside_both,in_week_va,neg,pos
short,2024-10-22 11:10:00-04:00,2024-10-22,2024-10-22 13:35:00-04:00,sl,20473.875,20517.89285714286,20474.0,20517.76785714286,20401.464285714283,28.767857142857142,0.7761194029850746,-333,-45,20,20483.75,20493.0,-44.0178571428587,-880.357142857174,-884.857142857174,20492.5,20515.0,20420.0,20652.032639089623,20289.96885550357,20699.16368063826,20243.15047195072,20437.5,20487.5,20215.0,11:00,in_va,inside_both,in_week_va,neg,pos
short,2024-10-22 12:00:00-04:00,2024-10-22,2024-10-22 12:50:00-04:00,sl,20462.875,20491.535714285714,20463.0,20491.410714285714,20417.428571428572,17.160714285714285,0.7407407407407407,-233,-125,5,20471.0,20479.25,-28.660714285713766,-573.2142857142753,-577.7142857142753,20485.0,20515.0,20430.0,20664.63159333704,20277.453480223532,20716.7225854033,20225.70804948252,20437.5,20487.5,20215.0,12:00,in_va,inside_both,in_week_va,neg,pos
short,2024-10-22 12:20:00-04:00,2024-10-22,2024-10-22 12:50:00-04:00,sl,20449.375,20480.01785714286,20449.5,20479.89285714286,20402.714285714283,16.392857142857142,0.7543859649122807,-200,-6,61,20451.0,20454.75,-30.642857142858702,-612.857142857174,-617.357142857174,20472.5,20512.5,20432.5,20644.259775906605,20297.690155051572,20719.8759121698,20222.575641261305,20437.5,20487.5,20215.0,12:00,in_va,inside_both,in_week_va,neg,pos
short,2024-10-23 10:00:00-04:00,2024-10-23,2024-10-23 12:20:00-04:00,tp,20383.625,20275.732142857145,20383.75,20465.446428571428,20275.607142857145,26.446428571428573,0.7378277153558053,-1539,-170,111,20411.0,20434.25,107.89285714285506,2157.8571428571013,2153.3571428571013,20432.5,20482.5,20415.0,20597.43781204488,20356.88329406223,20609.940992082196,20344.431299127653,20437.5,20487.5,20215.0,10:00,below_val,inside_both,in_week_va,neg,pos
short,2024-10-23 10:50:00-04:00,2024-10-23,2024-10-23 12:00:00-04:00,tp,20407.375,20297.589285714283,20407.5,20482.01785714286,20297.464285714283,35.517857142857146,0.7857142857142857,-1037,-157,128,20422.0,20432.75,109.7857142857174,2195.714285714348,2191.214285714348,20432.5,20515.0,20410.0,20628.081898617736,20326.364657232156,20667.717753256708,20286.89106253712,20437.5,20487.5,20215.0,10:00,below_val,inside_both,in_week_va,neg,pos
short,2024-10-24 10:25:00-04:00,2024-10-24,2024-10-24 15:30:00-04:00,sl,20315.375,20399.89285714286,20315.5,20399.76785714286,20192.714285714283,38.517857142857146,0.821256038647343,-571,-201,61,20317.75,20336.75,-84.5178571428587,-1690.357142857174,-1694.857142857174,20335.0,20377.5,20315.0,20444.895002208075,20202.453247158297,20489.172805691116,20158.38843789498,20437.5,20487.5,20215.0,10:00,in_va,inside_both,in_week_va,neg,pos
short,2024-10-24 10:45:00-04:00,2024-10-24,2024-10-24 15:30:00-04:00,sl,20337.875,20401.60714285714,20338.0,20401.48214285714,20237.535714285717,36.982142857142854,0.8015267175572519,-681,-227,2,20352.25,20364.0,-63.7321428571413,-1274.642857142826,-1279.142857142826,20330.0,20372.5,20315.0,20476.360428424527,20171.139182422725,20513.967404517763,20133.71311115988,20437.5,20487.5,20215.0,10:00,in_va,inside_both,in_week_va,neg,pos
short,2024-10-24 11:35:00-04:00,2024-10-24,2024-10-24 13:00:00-04:00,sl,20322.125,20380.14285714286,20322.25,20380.01785714286,20237.714285714283,26.767857142857142,0.8257575757575758,-249,-46,37,20331.5,20341.0,-58.0178571428587,-1160.357142857174,-1164.857142857174,20337.5,20365.0,20315.0,20471.56437947751,20175.912160426218,20536.10597388156,20111.68103730707,20437.5,20487.5,20215.0,11:00,in_va,inside_both,in_week_va,neg,pos
short,2024-10-25 13:40:00-04:00,2024-10-25,2024-10-25 16:55:00-04:00,eod,20486.875,20476.125,20487.0,20574.196428571428,20373.357142857145,26.446428571428573,0.9105058365758755,-1057,-6,13,20490.25,20491.0,10.75,215.0,210.5,20650.0,20705.0,20562.5,20627.069631002618,20255.84484373699,20691.73480771026,20191.496030548653,20437.5,20487.5,20215.0,13:00,below_val,inside_both,in_week_va,neg,pos
short,2024-10-25 13:15:00-04:00,2024-10-25,2024-10-25 13:35:00-04:00,tp,20597.625,20539.303571428572,20597.75,20637.160714285714,20539.178571428572,19.160714285714285,0.8333333333333334,-536,-90,-2,20608.75,20625.5,58.32142857142753,1166.4285714285506,1161.9285714285506,20650.0,20707.5,20565.0,20616.116143029765,20266.744743609102,20681.069965759518,20202.108696550855,20437.5,20487.5,20215.0,13:00,in_va,inside_both,above_week_vah,neg,neg
short,2024-10-25 13:10:00-04:00,2024-10-25,2024-10-25 13:20:00-04:00,tp,20617.875,20558.482142857145,20618.0,20658.821428571428,20558.357142857145,18.821428571428573,0.7049180327868853,-223,-151,77,20637.0,20650.5,59.392857142855064,1187.8571428571013,1183.3571428571013,20650.0,20707.5,20562.5,20609.4237081276,20273.40443689722,20679.668007448774,20203.50379601596,20437.5,20487.5,20215.0,13:00,in_va,inside_90_only,above_week_vah,neg,pos
short,2024-10-25 16:10:00-04:00,2024-10-25,2024-10-25 16:55:00-04:00,eod,20476.125,20476.125,20476.25,20508.39285714286,20423.964285714283,20.142857142857142,0.7735849056603774,-323,-38,10,20480.5,20494.25,0.0,0.0,-4.5,20492.5,20650.0,20457.5,20625.23745197054,20257.66805914079,20712.4021507432,20170.929799021305,20437.5,20487.5,20215.0,16:00,in_va,inside_both,in_week_va,neg,pos
short,2024-10-28 09:50:00-04:00,2024-10-28,2024-10-28 10:05:00-04:00,sl,20537.875,20591.321428571428,20538.0,20591.196428571428,20461.107142857145,23.696428571428573,0.7307692307692307,-707,-355,17,20549.0,20586.5,-53.44642857142753,-1068.9285714285506,-1073.4285714285506,20625.0,20662.5,20592.5,20703.226294609685,20398.587963373633,20706.62469987666,20395.214149904878,20482.5,20517.5,20292.5,09:00,below_val,inside_both,above_week_vah,neg,pos
short,2024-10-30 09:40:00-04:00,2024-10-30,2024-10-30 10:00:00-04:00,sl,20555.875,20641.10714285714,20556.0,20640.98214285714,20443.285714285717,27.732142857142858,0.7801418439716312,-563,5,3,20565.25,20581.5,-85.2321428571413,-1704.642857142826,-1709.142857142826,20722.5,20787.5,20667.5,20766.62335797158,20603.009127768386,20771.63211606918,20598.0117376826,20482.5,20517.5,20292.5,09:00,below_val,outside_both,above_week_vah,pos,pos
short,2024-10-29 13:40:00-04:00,2024-10-29,2024-10-29 14:30:00-04:00,sl,20659.125,20702.14285714286,20659.25,20702.01785714286,20593.964285714283,22.517857142857142,0.7872340425531915,-394,-94,25,20660.75,20682.0,-43.0178571428587,-860.357142857174,-864.857142857174,20490.0,20600.0,20440.0,20638.786660761343,20379.48670231105,20707.85442331584,20310.431567327596,20482.5,20517.5,20292.5,13:00,above_vah,inside_90_only,above_week_vah,neg,pos
short,2024-10-30 09:30:00-04:00,2024-10-30,2024-10-30 10:20:00-04:00,sl,20618.625,20691.875,20618.75,20691.75,20523.25,22.5,0.8018867924528302,-511,-49,226,20646.25,20651.75,-73.25,-1465.0,-1469.5,20722.5,20762.5,20700.0,20718.117262902117,20651.405132102598,20716.493072829013,20653.025635870323,20482.5,20517.5,20292.5,09:00,below_val,outside_both,above_week_vah,neg,pos
short,2024-10-30 10:50:00-04:00,2024-10-30,2024-10-30 15:55:00-04:00,tp,20630.375,20534.803571428572,20630.5,20697.660714285714,20534.678571428572,28.660714285714285,0.9430379746835443,-755,-57,14,20648.25,20663.0,95.57142857142753,1911.4285714285506,1906.9285714285506,20660.0,20737.5,20612.5,20812.331615700245,20557.40461072825,20855.456614109156,20514.37748997318,20482.5,20517.5,20292.5,10:00,in_va,inside_both,above_week_vah,neg,pos
short,2024-10-30 11:10:00-04:00,2024-10-30,2024-10-30 11:25:00-04:00,sl,20615.125,20667.60714285714,20615.25,20667.48214285714,20537.535714285717,25.482142857142858,0.9051724137931034,-788,-63,1,20633.5,20649.75,-52.4821428571413,-1049.642857142826,-1054.142857142826,20660.0,20732.5,20612.5,20819.260978399714,20550.490975096345,20868.234674473493,20501.62843103761,20482.5,20517.5,20292.5,11:00,in_va,inside_both,above_week_vah,neg,pos
short,2024-10-30 13:25:00-04:00,2024-10-30,2024-10-30 13:40:00-04:00,tp,20618.625,20561.589285714283,20618.75,20658.64285714286,20561.464285714283,17.392857142857142,0.7352941176470589,-329,-110,22,20636.5,20643.0,57.035714285717404,1140.714285714348,1136.214285714348,20650.0,20707.5,20610.0,20847.25790539814,20522.557590674864,20897.616094676145,20472.313695694833,20482.5,20517.5,20292.5,13:00,in_va,inside_both,above_week_vah,neg,pos
short,2024-10-30 16:50:00-04:00,2024-10-30,2024-10-30 16:55:00-04:00,eod,20501.875,20507.125,20502.0,20560.446428571428,20404.107142857145,39.44642857142857,0.7608695652173914,-376,-156,1,20511.25,20522.25,-5.25,-105.0,-109.5,20650.0,20685.0,20562.5,,,,,20482.5,20517.5,20292.5,16:00,below_val,no_bands,in_week_va,neg,pos
short,2024-10-31 11:45:00-04:00,2024-10-31,2024-10-31 13:00:00-04:00,sl,20040.125,20106.0,20040.25,20105.875,19939.5,35.125,0.7714285714285715,-323,-116,35,20052.75,20065.25,-65.875,-1317.5,-1322.0,20090.0,20315.0,20047.5,20587.167778178384,20286.383431492613,20669.491771895224,20204.625472940064,20482.5,20517.5,20292.5,11:00,below_val,outside_both,below_week_val,neg,pos
short,2024-10-31 13:25:00-04:00,2024-10-31,2024-10-31 15:45:00-04:00,sl,20068.875,20122.535714285714,20069.0,20122.410714285714,19993.178571428572,22.410714285714285,0.7391304347826086,-387,-17,-2,20080.5,20086.5,-53.660714285713766,-1073.2142857142753,-1077.7142857142753,20090.0,20285.0,20025.0,20620.674256799182,20253.10733339971,20693.288280632445,20180.992581881288,20482.5,20517.5,20292.5,13:00,in_va,outside_both,below_week_val,neg,neg
short,2024-10-31 15:50:00-04:00,2024-10-31,2024-10-31 16:55:00-04:00,eod,20042.625,20043.125,20042.75,20161.48214285714,19894.535714285717,29.482142857142858,0.8394736842105263,-1592,-39,161,20062.5,20082.5,-0.5,-10.0,-14.5,20090.0,20195.0,20015.0,20640.135365370294,20233.780033591876,20702.813903222297,20171.532454624015,20482.5,20517.5,20292.5,15:00,in_va,outside_both,below_week_val,neg,pos
short,2024-11-04 09:30:00-05:00,2024-11-04,2024-11-04 10:15:00-05:00,sl,20048.125,20164.76785714286,20048.25,20164.64285714286,19908.464285714283,23.392857142857142,0.7422680412371134,-1197,-79,175,20057.5,20068.75,-116.6428571428587,-2332.857142857174,-2337.357142857174,20185.0,20190.0,20120.0,20177.117209355896,20113.399813758235,20178.503011837878,20112.017446539776,20490.0,20552.5,20332.5,09:00,below_val,outside_both,below_week_val,neg,pos
short,2024-11-01 14:05:00-04:00,2024-11-01,2024-11-01 16:55:00-04:00,eod,20145.875,20170.375,20146.0,20208.14285714286,20052.214285714283,31.642857142857142,0.7278481012658228,-257,-175,-4,20155.75,20197.0,-24.5,-490.0,-494.5,20240.0,20272.5,20135.0,20233.484741236407,19878.7283537495,20269.201029825785,19843.058336698476,20482.5,20517.5,20292.5,14:00,in_va,inside_both,below_week_val,neg,neg
short,2024-11-01 12:40:00-04:00,2024-11-01,2024-11-01 16:55:00-04:00,eod,20197.375,20170.375,20197.5,20273.26785714286,20096.214285714283,25.517857142857142,0.9255813953488372,-614,-111,0,20213.75,20235.25,27.0,540.0,535.5,20100.0,20230.0,20057.5,20188.714774783042,19923.440319349418,20242.20695566027,19870.017439219755,20482.5,20517.5,20292.5,12:00,in_va,inside_90_only,below_week_val,neg,zero
short,2024-11-01 13:55:00-04:00,2024-11-01,2024-11-01 16:55:00-04:00,eod,20157.125,20170.375,20157.25,20227.285714285714,20057.428571428572,29.785714285714285,0.9349112426035503,-504,-54,5,20161.5,20175.75,-13.25,-265.0,-269.5,20240.0,20275.0,20135.0,20223.27045596866,19888.92940609996,20268.172229298627,19844.08580438326,20482.5,20517.5,20292.5,13:00,in_va,inside_both,below_week_val,neg,pos
short,2024-11-01 15:25:00-04:00,2024-11-01,2024-11-01 16:55:00-04:00,eod,20156.875,20170.375,20157.0,20210.696428571428,20081.107142857145,22.196428571428573,0.9224806201550387,-358,-11,43,20181.0,20196.0,-13.5,-270.0,-274.5,20240.0,20267.5,20140.0,20216.882949042545,19895.308637816546,20264.21826979146,19848.0346414156,20482.5,20517.5,20292.5,15:00,in_va,inside_both,below_week_val,neg,pos
short,2024-11-04 11:30:00-05:00,2024-11-04,2024-11-04 11:55:00-05:00,tp,20146.375,20055.839285714283,20146.5,20209.39285714286,20055.714285714283,27.892857142857142,0.8571428571428571,-633,-80,13,20161.0,20187.25,90.5357142857174,1810.714285714348,1806.214285714348,20185.0,20205.0,20117.5,20302.792541109164,19988.036018380946,20328.788293049947,19962.104707267477,20490.0,20552.5,20332.5,11:00,in_va,inside_both,below_week_val,neg,pos
short,2024-11-05 13:10:00-05:00,2024-11-05,2024-11-05 16:05:00-05:00,sl,20330.125,20381.89285714286,20330.25,20381.76785714286,20258.464285714283,20.267857142857142,0.8187919463087249,-571,-96,2,20346.0,20349.0,-51.7678571428587,-1035.357142857174,-1039.857142857174,20290.0,20370.0,20212.5,20285.32746738177,19981.67181864801,20332.336769903624,19934.750575830167,20490.0,20552.5,20332.5,13:00,in_va,inside_90_only,below_week_val,neg,pos
short,2024-11-14 10:15:00-05:00,2024-11-14,2024-11-14 16:55:00-05:00,eod,21040.875,20981.875,21041.0,21141.625,20907.75,32.625,0.9562043795620438,-1614,-17,31,21049.0,21057.0,59.0,1180.0,1175.5,21167.5,21175.0,21107.5,21267.58760612211,21036.29798160693,21285.021093264993,21018.887762725026,20540.0,20787.5,20202.5,10:00,below_val,inside_both,above_week_vah,neg,pos
short,2024-11-12 12:55:00-05:00,2024-11-12,2024-11-12 13:30:00-05:00,sl,21066.125,21148.35714285714,21066.25,21148.23214285714,20959.035714285717,25.232142857142858,0.9567099567099567,-800,-43,30,21086.5,21115.75,-82.2321428571413,-1644.642857142826,-1649.142857142826,21210.0,21235.0,21177.5,21360.435738282456,21064.091825404834,21400.634299389905,21023.900843836822,20540.0,20787.5,20202.5,12:00,below_val,inside_both,above_week_vah,neg,pos
short,2024-11-07 15:50:00-05:00,2024-11-07,2024-11-07 16:55:00-05:00,eod,21211.875,21225.375,21212.0,21261.428571428572,21138.642857142855,23.928571428571427,0.7983870967741935,-375,-350,5,21215.75,21227.0,-13.5,-270.0,-274.5,21167.5,21250.0,21070.0,21171.786588431318,20757.87435334519,21210.371770532754,20719.44346421481,20490.0,20552.5,20332.5,15:00,in_va,outside_both,above_week_vah,neg,pos
short,2024-11-12 10:00:00-05:00,2024-11-12,2024-11-12 12:55:00-05:00,tp,21191.375,21095.946428571428,21191.5,21264.339285714286,21095.821428571428,22.839285714285715,0.8480392156862745,-1358,-15,-8,21200.0,21213.25,95.42857142857247,1908.5714285714494,1904.0714285714494,21210.0,21237.5,21197.5,21312.70710206404,21111.811462269285,21310.5536966072,21113.96446169613,20540.0,20787.5,20202.5,10:00,below_val,inside_both,above_week_vah,neg,neg
short,2024-11-13 09:45:00-05:00,2024-11-13,2024-11-13 12:15:00-05:00,sl,21130.125,21208.089285714286,21130.25,21207.964285714286,21023.821428571428,28.714285714285715,0.9463414634146341,-1154,-127,8,21139.0,21146.5,-77.96428571428623,-1559.2857142857247,-1563.7857142857247,21170.0,21182.5,21130.0,21244.31370344275,21092.496573202414,21244.83606838021,21091.974683074895,20540.0,20787.5,20202.5,09:00,in_va,inside_both,above_week_vah,neg,pos
short,2024-11-14 09:40:00-05:00,2024-11-14,2024-11-14 16:05:00-05:00,tp,21082.875,20968.910714285717,21083.0,21172.23214285714,20968.785714285717,24.982142857142858,0.8791208791208791,-1179,-103,56,21086.25,21112.25,113.9642857142826,2279.285714285652,2274.785714285652,21167.5,21172.5,21132.5,21231.501170986045,21072.336252621648,21232.238171094195,21071.600236178478,20540.0,20787.5,20202.5,09:00,below_val,inside_both,above_week_vah,neg,pos
short,2024-11-13 14:00:00-05:00,2024-11-13,2024-11-13 14:30:00-05:00,tp,21242.625,21194.660714285717,21242.75,21274.60714285714,21194.535714285717,16.357142857142858,0.7228915662650602,-429,-111,9,21252.25,21258.75,47.964285714282596,959.2857142856519,954.7857142856519,21130.0,21182.5,21095.0,21329.75927023981,21007.128673189793,21383.923947543917,20953.013229526165,20540.0,20787.5,20202.5,14:00,above_vah,inside_both,above_week_vah,neg,pos
short,2024-11-13 14:35:00-05:00,2024-11-13,2024-11-13 15:55:00-05:00,tp,21187.625,21126.089285714283,21187.75,21227.64285714286,21125.964285714283,21.892857142857142,0.9459459459459459,-530,-18,5,21200.0,21208.25,61.535714285717404,1230.714285714348,1226.214285714348,21130.0,21192.5,21095.0,21338.752054005454,20998.144063524043,21390.20446095001,20946.738424868923,20540.0,20787.5,20202.5,14:00,in_va,inside_both,above_week_vah,neg,pos
short,2024-11-14 13:50:00-05:00,2024-11-14,2024-11-14 16:05:00-05:00,tp,21048.125,20960.160714285717,21048.25,21110.23214285714,20960.035714285717,26.232142857142858,0.777027027027027,-476,-27,-1,21067.25,21083.0,87.9642857142826,1759.285714285652,1754.785714285652,21095.0,21140.0,21067.5,21311.4319866553,20992.512119629446,21371.26985356882,20932.754117581295,20540.0,20787.5,20202.5,13:00,below_val,inside_both,above_week_vah,neg,neg
short,2024-11-15 11:35:00-05:00,2024-11-15,2024-11-15 12:50:00-05:00,tp,20547.375,20467.339285714283,20547.5,20599.14285714286,20467.214285714283,28.642857142857142,0.8165137614678899,-529,-136,4,20556.75,20573.5,80.0357142857174,1600.714285714348,1596.214285714348,20595.0,20777.5,20535.0,21110.6365105444,20631.233331906846,21142.743245372352,20599.467836578297,20540.0,20787.5,20202.5,11:00,in_va,outside_both,in_week_va,neg,pos
short,2024-11-15 13:45:00-05:00,2024-11-15,2024-11-15 14:40:00-05:00,sl,20420.125,20475.14285714286,20420.25,20475.01785714286,20338.964285714283,26.517857142857142,0.9008264462809917,-768,-23,37,20442.75,20448.0,-55.0178571428587,-1100.357142857174,-1104.857142857174,20487.5,20725.0,20445.0,21124.697921141706,20617.321369976267,21181.14926147585,20561.47001052525,20540.0,20787.5,20202.5,13:00,below_val,outside_both,in_week_va,neg,pos
short,2024-11-18 09:30:00-05:00,2024-11-18,2024-11-18 10:00:00-05:00,sl,20527.875,20578.625,20528.0,20578.5,20458.5,19.0,0.7581699346405228,-1163,-380,4,20544.5,20556.25,-50.75,-1015.0,-1019.5,20560.0,20627.5,20547.5,20562.591564959108,20497.67305520028,20565.498350438404,20494.77387003813,21220.0,21265.0,20315.0,09:00,below_val,inside_both,in_week_va,neg,pos
short,2024-11-18 11:45:00-05:00,2024-11-18,2024-11-18 14:20:00-05:00,tp,20676.625,20593.339285714283,20676.75,20740.64285714286,20593.214285714283,19.642857142857142,0.90625,-1132,-59,20,20689.75,20699.5,83.2857142857174,1665.714285714348,1661.214285714348,20682.5,20722.5,20557.5,20674.723467763128,20385.83434156665,20710.50590292076,20350.14546606703,21220.0,21265.0,20315.0,11:00,in_va,inside_90_only,in_week_va,neg,pos
short,2024-11-18 12:40:00-05:00,2024-11-18,2024-11-18 16:55:00-05:00,eod,20625.875,20630.625,20626.0,20680.178571428572,20549.642857142855,22.178571428571427,0.9185185185185185,-481,-84,5,20636.5,20653.25,-4.75,-95.0,-99.5,20682.5,20710.0,20560.0,20692.469783687873,20368.13442659929,20722.06185590227,20338.619728217724,21220.0,21265.0,20315.0,12:00,in_va,inside_both,in_week_va,neg,pos
short,2024-11-18 13:10:00-05:00,2024-11-18,2024-11-18 13:45:00-05:00,tp,20652.375,20599.482142857145,20652.5,20686.946428571428,20599.357142857145,18.696428571428573,0.8529411764705882,-207,-44,-5,20653.25,20656.25,52.892857142855064,1057.8571428571013,1053.3571428571013,20657.5,20710.0,20565.0,20703.834869917893,20356.799056445783,20727.235845427083,20333.45926702569,21220.0,21265.0,20315.0,13:00,in_va,inside_both,in_week_va,neg,neg
short,2024-11-19 11:50:00-05:00,2024-11-19,2024-11-19 13:05:00-05:00,sl,20663.875,20713.839285714286,20664.0,20713.714285714286,20592.821428571428,21.464285714285715,0.8780487804878049,-487,-47,62,20673.75,20688.0,-49.964285714286234,-999.2857142857247,-1003.7857142857247,20550.0,20650.0,20507.5,20746.88362408417,20405.979871425832,20789.80243436743,20363.287299993706,21220.0,21265.0,20315.0,11:00,above_vah,inside_both,in_week_va,neg,pos
short,2024-11-19 14:15:00-05:00,2024-11-19,2024-11-19 16:55:00-05:00,eod,20761.125,20754.625,20761.25,20804.946428571428,20701.357142857145,16.196428571428573,0.7622950819672131,-459,-187,117,20774.0,20783.75,6.5,130.0,125.5,20675.0,20697.5,20540.0,20777.06657207973,20375.956027455602,20818.490102249187,20334.750854034934,21220.0,21265.0,20315.0,14:00,above_vah,inside_both,in_week_va,neg,pos
short,2024-11-20 09:35:00-05:00,2024-11-20,2024-11-20 10:05:00-05:00,tp,20664.625,20563.232142857145,20664.75,20745.321428571428,20563.107142857145,21.071428571428573,0.9206349206349206,-1111,-57,-20,20709.25,20724.75,101.39285714285506,2027.8571428571013,2023.3571428571013,20795.0,20830.0,20777.5,20791.586002425458,20716.166231186675,20796.508675206205,20711.243854888184,21220.0,21265.0,20315.0,09:00,below_val,outside_both,in_week_va,neg,neg
short,2024-11-20 09:30:00-05:00,2024-11-20,2024-11-20 09:40:00-05:00,tp,20722.625,20654.375,20722.75,20773.625,20654.25,17.625,0.7052023121387283,-246,-17,14,20732.75,20743.5,68.25,1365.0,1360.5,20795.0,20830.0,20785.0,20760.325681016668,20747.42466985188,20763.122504543688,20744.628014771675,21220.0,21265.0,20315.0,09:00,below_val,outside_both,in_week_va,neg,pos
short,2024-11-20 09:55:00-05:00,2024-11-20,2024-11-20 10:10:00-05:00,tp,20613.875,20525.339285714283,20614.0,20675.64285714286,20525.214285714283,27.142857142857142,0.8732394366197183,-488,-59,54,20636.0,20655.0,88.5357142857174,1770.714285714348,1766.214285714348,20795.0,20837.5,20737.5,20811.139198919118,20696.614212341025,20839.916298092412,20667.838846352053,21220.0,21265.0,20315.0,09:00,below_val,outside_both,in_week_va,neg,pos
short,2024-11-20 11:25:00-05:00,2024-11-20,2024-11-20 11:40:00-05:00,sl,20565.875,20626.303571428572,20566.0,20626.178571428572,20472.392857142855,33.42857142857143,0.71900826446281,-829,-234,62,20579.25,20588.75,-60.42857142857247,-1208.5714285714494,-1213.0714285714494,20615.0,20752.5,20477.5,20859.34275076502,20648.413563693935,20918.072846607476,20589.68700504196,21220.0,21265.0,20315.0,11:00,in_va,outside_both,in_week_va,neg,pos
short,2024-11-21 10:25:00-05:00,2024-11-21,2024-11-21 10:55:00-05:00,sl,20528.875,20704.785714285714,20529.0,20704.660714285714,20271.678571428572,81.66071428571429,0.7769423558897243,-1226,-98,178,20548.0,20568.25,-175.91071428571377,-3518.2142857142753,-3522.7142857142753,20650.0,20740.0,20605.0,20988.276509406165,20627.21165647408,20988.45405682179,20627.035276350216,21220.0,21265.0,20315.0,10:00,below_val,outside_both,in_week_va,neg,pos
short,2024-11-21 10:00:00-05:00,2024-11-21,2024-11-21 11:00:00-05:00,sl,20616.625,20733.285714285714,20616.75,20733.160714285714,20440.178571428572,60.160714285714285,0.7282608695652174,-895,-683,72,20628.25,20653.25,-116.66071428571377,-2333.2142857142753,-2337.7142857142753,20650.0,20767.5,20630.0,20954.245214350067,20661.01921157777,20961.957175344847,20653.357953143182,21220.0,21265.0,20315.0,10:00,below_val,outside_both,in_week_va,neg,pos
short,2024-11-21 14:05:00-05:00,2024-11-21,2024-11-21 15:10:00-05:00,sl,20814.125,20876.75,20814.25,20876.625,20726.5,25.375,0.8823529411764706,-581,-21,13,20824.5,20837.75,-62.625,-1252.5,-1257.0,20715.0,20790.0,20602.5,21041.3586625835,20574.478493789346,21062.78917543481,20553.18887660238,21220.0,21265.0,20315.0,14:00,above_vah,inside_both,in_week_va,neg,pos
short,2024-11-25 12:20:00-05:00,2024-11-25,2024-11-25 13:00:00-05:00,sl,20815.875,20872.35714285714,20816.0,20872.23214285714,20732.785714285717,26.982142857142858,0.9586776859504132,-367,-69,5,20832.5,20840.25,-56.4821428571413,-1129.642857142826,-1134.142857142826,20910.0,20975.0,20887.5,21137.944541353383,20758.101451584138,21163.40631040062,20732.806568492517,21192.5,21247.5,21005.0,12:00,below_val,inside_both,below_week_val,neg,pos
short,2024-11-26 10:15:00-05:00,2024-11-26,2024-11-26 15:55:00-05:00,sl,20924.875,21005.946428571428,20925.0,21005.821428571428,20808.357142857145,35.82142857142857,0.8712871287128713,-1040,-315,-5,20929.5,20973.5,-81.07142857142753,-1621.4285714285506,-1625.9285714285506,20975.0,21020.0,20895.0,21027.952055539856,20810.465155047208,21045.731156832437,20792.71938094588,21192.5,21247.5,21005.0,10:00,in_va,inside_both,below_week_val,neg,neg
short,2024-11-27 09:50:00-05:00,2024-11-27,2024-11-27 10:35:00-05:00,tp,20841.875,20749.410714285717,20842.0,20910.98214285714,20749.285714285717,23.732142857142858,0.945054945054945,-1147,-3,-3,20852.5,20867.75,92.4642857142826,1849.285714285652,1844.785714285652,20935.0,20997.5,20900.0,21058.86705095677,20876.311879488363,21068.663568270247,20866.544520212017,21192.5,21247.5,21005.0,09:00,below_val,outside_both,below_week_val,neg,neg
short,2024-12-02 11:20:00-05:00,2024-12-02,2024-12-02 11:35:00-05:00,sl,21173.375,21216.571428571428,21173.5,21216.446428571428,21106.857142857145,23.696428571428573,0.8235294117647058,-345,-37,15,21182.0,21188.75,-43.19642857142753,-863.9285714285506,-868.4285714285506,21180.0,21202.5,21040.0,21177.08034311333,20857.24841680019,21188.628356935882,20845.72866557221,20615.0,20790.0,20545.0,11:00,in_va,inside_both,above_week_vah,neg,pos
short,2024-12-02 15:40:00-05:00,2024-12-02,2024-12-02 16:55:00-05:00,eod,21223.875,21211.125,21224.0,21250.035714285714,21185.428571428572,12.535714285714286,0.7222222222222222,-547,-129,17,21229.25,21236.75,12.75,255.0,250.5,21182.5,21252.5,21132.5,,,21213.402321643116,20821.01533263518,20615.0,20790.0,20545.0,15:00,in_va,outside_both,above_week_vah,neg,pos
short,2024-12-03 11:35:00-05:00,2024-12-03,2024-12-03 15:20:00-05:00,sl,21211.875,21263.678571428572,21212.0,21263.553571428572,21135.892857142855,24.553571428571427,0.8879310344827587,-384,-42,50,21213.5,21222.0,-51.80357142857247,-1036.0714285714494,-1040.5714285714494,21215.0,21232.5,21182.5,21343.03011785136,21026.299786266605,21352.723689599217,21016.63043588043,20615.0,20790.0,20545.0,11:00,in_va,inside_both,above_week_vah,neg,pos
short,2024-12-03 13:25:00-05:00,2024-12-03,2024-12-03 14:55:00-05:00,sl,21227.375,21260.14285714286,21227.5,21260.01785714286,21181.464285714283,13.517857142857142,0.7402597402597403,-212,-6,49,21229.5,21238.0,-32.7678571428587,-655.357142857174,-659.857142857174,21215.0,21232.5,21185.0,,,21365.116801796674,21004.26829039583,20615.0,20790.0,20545.0,13:00,in_va,inside_90_only,above_week_vah,neg,pos
short,2024-12-10 14:45:00-05:00,2024-12-10,2024-12-10 16:55:00-05:00,eod,21404.875,21434.875,21405.0,21445.76785714286,21349.214285714283,15.017857142857142,0.8962264150943396,-405,-42,82,21415.75,21444.5,-30.0,-600.0,-604.5,21465.0,21535.0,21447.5,,,21695.223955543686,21311.224997811314,20957.5,21005.0,20850.0,14:00,below_val,inside_90_only,above_week_vah,neg,pos
short,2024-12-05 15:25:00-05:00,2024-12-05,2024-12-05 16:55:00-05:00,eod,21472.125,21453.375,21472.25,21498.39285714286,21432.214285714283,13.892857142857142,0.7419354838709677,-588,-219,19,21481.25,21485.0,18.75,375.0,370.5,21515.0,21532.5,21495.0,,,21704.312373747056,21348.3326439639,20615.0,20790.0,20545.0,15:00,below_val,inside_90_only,above_week_vah,neg,pos
short,2024-12-04 16:00:00-05:00,2024-12-04,2024-12-04 16:55:00-05:00,eod,21521.625,21517.125,21521.75,21548.660714285714,21484.928571428572,9.910714285714286,0.7974683544303798,-865,-143,48,21531.25,21539.25,4.5,90.0,85.5,21482.5,21492.5,21400.0,,,21594.690041682123,21147.83142890907,20615.0,20790.0,20545.0,16:00,above_vah,inside_90_only,above_week_vah,neg,pos
short,2024-12-05 13:20:00-05:00,2024-12-05,2024-12-05 16:55:00-05:00,eod,21489.375,21453.375,21489.5,21543.10714285714,21420.785714285717,15.107142857142858,0.7634408602150538,-1412,-258,-10,21497.75,21520.0,36.0,720.0,715.5,21525.0,21535.0,21502.5,,,21693.992386549216,21358.643765810895,20615.0,20790.0,20545.0,13:00,below_val,inside_90_only,above_week_vah,neg,neg
short,2024-12-05 11:35:00-05:00,2024-12-05,2024-12-05 12:10:00-05:00,sl,21518.375,21549.196428571428,21518.5,21549.071428571428,21471.357142857145,16.571428571428573,0.7580645161290323,-364,-27,30,21525.25,21528.75,-30.821428571427532,-616.4285714285506,-620.9285714285506,21525.0,21532.5,21505.0,21652.653954837206,21399.94668587996,21679.664925313402,21372.958919088553,20615.0,20790.0,20545.0,11:00,in_va,inside_both,above_week_vah,neg,pos
short,2024-12-05 13:15:00-05:00,2024-12-05,2024-12-05 15:25:00-05:00,tp,21524.625,21472.696428571428,21524.75,21563.589285714286,21472.571428571428,13.339285714285714,0.7592592592592593,-737,-32,18,21542.0,21546.25,51.92857142857247,1038.5714285714494,1034.0714285714494,21525.0,21535.0,21502.5,21654.59418905754,21398.00811841141,21692.410253320777,21360.22453991302,20615.0,20790.0,20545.0,13:00,in_va,inside_both,above_week_vah,neg,pos
short,2024-12-05 14:25:00-05:00,2024-12-05,2024-12-05 16:15:00-05:00,tp,21495.875,21439.446428571428,21496.0,21532.839285714286,21439.321428571428,19.839285714285715,0.8552631578947368,-404,-48,-2,21496.75,21503.75,56.42857142857247,1128.5714285714494,1124.0714285714494,21515.0,21535.0,21500.0,,,21706.499544571263,21346.147352021555,20615.0,20790.0,20545.0,14:00,below_val,inside_90_only,above_week_vah,neg,neg
short,2024-12-05 16:00:00-05:00,2024-12-05,2024-12-05 16:55:00-05:00,eod,21458.625,21453.375,21458.75,21493.196428571428,21407.607142857145,16.696428571428573,0.75,-316,-162,75,21464.75,21472.0,5.25,105.0,100.5,21515.0,21535.0,21490.0,,,21714.211671557383,21338.441850112595,20615.0,20790.0,20545.0,16:00,below_val,inside_90_only,above_week_vah,neg,pos
short,2024-12-09 11:05:00-05:00,2024-12-09,2024-12-09 13:35:00-05:00,sl,21448.625,21528.85714285714,21448.75,21528.73214285714,21336.785714285717,31.982142857142858,0.84,-1682,-45,52,21486.75,21510.25,-80.2321428571413,-1604.642857142826,-1609.142857142826,21617.5,21672.5,21565.0,21743.395325671947,21505.700750466898,21778.936757429965,21470.19053287193,20957.5,21005.0,20850.0,11:00,below_val,outside_both,above_week_vah,neg,pos
short,2024-12-09 10:25:00-05:00,2024-12-09,2024-12-09 11:05:00-05:00,tp,21553.875,21456.089285714283,21554.0,21625.64285714286,21455.964285714283,26.392857142857142,0.7880184331797235,-1835,-320,41,21591.25,21609.25,97.7857142857174,1955.714285714348,1951.214285714348,21617.5,21642.5,21600.0,21726.09786304665,21522.983021644017,21753.989917192976,21495.115463616243,20957.5,21005.0,20850.0,10:00,below_val,inside_both,above_week_vah,neg,pos
short,2024-12-09 12:55:00-05:00,2024-12-09,2024-12-09 13:35:00-05:00,sl,21487.625,21528.571428571428,21487.75,21528.446428571428,21430.107142857145,16.946428571428573,0.7669902912621359,-444,-78,-4,21489.0,21503.25,-40.94642857142753,-818.9285714285506,-823.4285714285506,21507.5,21622.5,21460.0,21762.820768988902,21486.292367491213,21788.52627124673,21460.609441018856,20957.5,21005.0,20850.0,12:00,in_va,inside_both,above_week_vah,neg,neg
short,2024-12-10 10:25:00-05:00,2024-12-10,2024-12-10 11:05:00-05:00,tp,21561.625,21485.160714285717,21561.75,21611.35714285714,21485.035714285717,27.107142857142858,0.8791208791208791,-541,-9,47,21569.25,21593.25,76.4642857142826,1529.285714285652,1524.785714285652,21525.0,21590.0,21505.0,21620.977980141568,21385.26581430264,21651.49033390751,21354.837773271905,20957.5,21005.0,20850.0,10:00,in_va,inside_both,above_week_vah,neg,pos
short,2024-12-10 10:50:00-05:00,2024-12-10,2024-12-10 14:10:00-05:00,tp,21523.375,21440.839285714283,21523.5,21577.64285714286,21440.714285714283,28.642857142857142,0.7844827586206896,-859,-127,25,21543.5,21563.75,82.5357142857174,1650.714285714348,1646.214285714348,21525.0,21582.5,21505.0,21632.58349828059,21373.692364911414,21673.798731932962,21332.591018542473,20957.5,21005.0,20850.0,10:00,in_va,inside_both,above_week_vah,neg,pos
short,2024-12-10 11:05:00-05:00,2024-12-10,2024-12-10 15:05:00-05:00,tp,21475.375,21378.803571428572,21475.5,21544.160714285714,21378.678571428572,28.160714285714285,0.8081395348837209,-944,-76,122,21487.75,21505.0,96.57142857142753,1931.4285714285506,1926.9285714285506,21525.0,21580.0,21497.5,21645.381663538054,21360.929563963335,21675.622976501367,21330.771814786403,20957.5,21005.0,20850.0,11:00,below_val,inside_both,above_week_vah,neg,pos
short,2024-12-10 12:10:00-05:00,2024-12-10,2024-12-10 15:30:00-05:00,tp,21453.125,21368.553571428572,21453.25,21513.910714285714,21368.428571428572,24.160714285714285,0.8639455782312925,-647,-5,37,21472.25,21481.25,84.57142857142753,1691.4285714285506,1686.9285714285506,21525.0,21590.0,21485.0,21664.05683355389,21342.305997788902,21681.097554671724,21325.312364149744,20957.5,21005.0,20850.0,12:00,below_val,inside_both,above_week_vah,neg,pos
short,2024-12-18 15:35:00-05:00,2024-12-18,2024-12-18 16:55:00-05:00,eod,21547.125,21459.625,21547.25,21783.76785714286,21220.714285714283,90.01785714285714,0.9061488673139159,-288,-6,65,21571.5,21589.75,87.5,1750.0,1745.5,22302.5,22387.5,22107.5,22449.40514801057,22136.002122855018,22462.27718687122,22123.144078634185,21217.5,21515.0,21080.0,15:00,below_val,outside_both,above_week_vah,neg,pos
short,2024-12-12 10:05:00-05:00,2024-12-12,2024-12-12 10:25:00-05:00,sl,21650.125,21712.589285714286,21650.25,21712.464285714286,21562.321428571428,25.714285714285715,0.8125,-507,-197,195,21669.5,21691.75,-62.464285714286234,-1249.2857142857247,-1253.7857142857247,21675.0,21710.0,21657.5,21820.515285468176,21629.169284022606,21855.00553298794,21594.777327545264,20957.5,21005.0,20850.0,10:00,below_val,inside_both,above_week_vah,neg,pos
short,2024-12-11 16:00:00-05:00,2024-12-11,2024-12-11 16:55:00-05:00,eod,21769.125,21755.875,21769.25,21803.35714285714,21724.285714285717,10.857142857142858,0.8365384615384616,-1297,-174,42,21778.75,21788.25,13.25,265.0,260.5,21792.5,21817.5,21680.0,,,21762.026811295225,21263.960204103274,20957.5,21005.0,20850.0,16:00,in_va,outside_both,above_week_vah,neg,pos
short,2024-12-12 12:30:00-05:00,2024-12-12,2024-12-12 12:55:00-05:00,sl,21698.625,21738.214285714286,21698.75,21738.089285714286,21640.571428571428,18.839285714285715,0.7346938775510204,-397,-125,21,21700.75,21705.0,-39.589285714286234,-791.7857142857247,-796.2857142857247,21675.0,21722.5,21665.0,21882.62824871088,21567.233331626278,21907.3100744356,21542.621844694513,20957.5,21005.0,20850.0,12:00,in_va,inside_both,above_week_vah,neg,pos
short,2024-12-12 15:55:00-05:00,2024-12-12,2024-12-12 16:25:00-05:00,sl,21643.875,21681.01785714286,21644.0,21680.89285714286,21591.714285714283,15.392857142857142,0.9139784946236559,-1272,-68,2,21656.0,21663.75,-37.1428571428587,-742.857142857174,-747.357142857174,21675.0,21720.0,21662.5,,,21930.94020132521,21519.059059444113,20957.5,21005.0,20850.0,15:00,below_val,inside_90_only,above_week_vah,neg,pos
short,2024-12-13 10:55:00-05:00,2024-12-13,2024-12-13 14:05:00-05:00,sl,21687.875,21778.60714285714,21688.0,21778.48214285714,21558.035714285717,39.482142857142854,0.8523809523809524,-457,-11,71,21716.75,21744.75,-90.7321428571413,-1814.642857142826,-1819.142857142826,21810.0,21897.5,21780.0,21863.760265391567,21562.25838861743,21935.257956742986,21491.301967454376,20957.5,21005.0,20850.0,10:00,below_val,inside_both,above_week_vah,neg,pos
short,2024-12-13 12:55:00-05:00,2024-12-13,2024-12-13 13:25:00-05:00,sl,21684.375,21743.339285714286,21684.5,21743.214285714286,21600.571428571428,25.214285714285715,0.8137931034482758,-514,-136,-7,21688.25,21700.0,-58.964285714286234,-1179.2857142857247,-1183.7857142857247,21810.0,21905.0,21725.0,21895.41957011567,21530.838759294133,21949.16573356519,21477.499478856702,20957.5,21005.0,20850.0,12:00,below_val,inside_both,above_week_vah,neg,neg
short,2024-12-13 16:10:00-05:00,2024-12-13,2024-12-13 16:55:00-05:00,eod,21769.375,21760.625,21769.5,21798.714285714286,21723.571428571428,16.714285714285715,0.8301886792452831,-275,-10,5,21774.5,21784.75,8.75,175.0,170.5,21795.0,21842.5,21712.5,,,21967.347855472206,21459.455003919313,20957.5,21005.0,20850.0,16:00,in_va,inside_90_only,above_week_vah,neg,pos
short,2024-12-13 16:00:00-05:00,2024-12-13,2024-12-13 16:55:00-05:00,eod,21775.375,21760.625,21775.5,21814.410714285714,21720.178571428572,16.410714285714285,0.9081632653061225,-492,-53,14,21788.25,21795.25,14.75,295.0,290.5,21795.0,21845.0,21712.5,,,21970.19142772511,21456.63295880749,20957.5,21005.0,20850.0,16:00,in_va,inside_90_only,above_week_vah,neg,pos
short,2024-12-17 15:20:00-05:00,2024-12-17,2024-12-17 15:35:00-05:00,sl,22254.375,22291.625,22254.5,22291.5,22200.75,16.75,0.8452380952380952,-293,-15,29,22271.75,22285.5,-37.25,-745.0,-749.5,22342.5,22355.0,22282.5,22551.21982192669,22192.492772248726,22561.44762783717,22182.297944168553,21217.5,21515.0,21080.0,15:00,below_val,inside_both,above_week_vah,neg,pos
short,2024-12-18 14:25:00-05:00,2024-12-18,2024-12-18 15:00:00-05:00,tp,22074.625,21898.303571428572,22074.75,22207.660714285714,21898.178571428572,43.660714285714285,0.8354755784061697,-673,-58,81,22077.5,22106.0,176.32142857142753,3526.4285714285506,3521.9285714285506,22302.5,22340.0,22250.0,22425.94490948506,22159.436855119115,22450.719432516664,22134.689267255297,21217.5,21515.0,21080.0,14:00,below_val,outside_both,above_week_vah,neg,pos
short,2024-12-19 09:50:00-05:00,2024-12-19,2024-12-19 15:35:00-05:00,tp,21563.375,21419.017857142855,21563.5,21663.803571428572,21418.892857142855,44.30357142857143,0.703862660944206,-1065,-51,220,21568.0,21611.75,144.35714285714494,2887.1428571428987,2882.6428571428987,21660.0,21687.5,21550.0,21720.780952337063,21416.15833156446,21746.413338418828,21390.78313254607,21217.5,21515.0,21080.0,09:00,in_va,inside_both,above_week_vah,neg,pos
short,2024-12-19 11:00:00-05:00,2024-12-19,2024-12-19 11:35:00-05:00,sl,21481.875,21620.678571428572,21482.0,21620.553571428572,21278.142857142855,65.30357142857143,0.9326599326599326,-261,-3,113,21515.75,21543.25,-138.80357142857247,-2776.0714285714494,-2780.5714285714494,21572.5,21630.0,21485.0,21756.712491335136,21380.58731799574,21798.066059945933,21339.648677704026,21217.5,21515.0,21080.0,11:00,below_val,inside_both,in_week_va,neg,pos
short,2024-12-19 11:50:00-05:00,2024-12-19,2024-12-19 15:35:00-05:00,tp,21551.375,21402.482142857145,21551.5,21648.821428571428,21402.357142857145,51.82142857142857,0.7945205479452054,-298,-156,-3,21555.75,21586.75,148.89285714285506,2977.8571428571013,2973.3571428571013,21572.5,21627.5,21487.5,21769.638397820803,21367.791105870943,21806.3181071373,21331.479428882554,21217.5,21515.0,21080.0,11:00,in_va,inside_both,above_week_vah,neg,neg
short,2024-12-20 15:30:00-05:00,2024-12-20,2024-12-20 16:55:00-05:00,eod,21569.375,21552.625,21569.5,21693.089285714286,21415.321428571428,30.589285714285715,0.8354430379746836,-465,-56,119,21645.75,21666.25,16.75,335.0,330.5,21750.0,21812.5,21262.5,21630.40164230121,20991.142610430015,21570.238557251458,21050.752071164155,21217.5,21515.0,21080.0,15:00,in_va,inside_both,above_week_vah,neg,pos
short,2024-12-23 10:05:00-05:00,2024-12-23,2024-12-23 11:40:00-05:00,sl,21514.625,21645.35714285714,21514.75,21645.23214285714,21335.035714285717,49.232142857142854,0.8761329305135952,-793,-16,97,21553.0,21578.5,-130.7321428571413,-2614.642857142826,-2619.142857142826,21655.0,21677.5,21587.5,21689.592651605453,21482.624569313513,21712.545875242693,21459.742478957967,21715.0,21822.5,21525.0,10:00,below_val,inside_both,below_week_val,neg,pos
short,2024-12-27 10:15:00-05:00,2024-12-27,2024-12-27 11:25:00-05:00,sl,21529.125,21634.321428571428,21529.25,21634.196428571428,21371.357142857145,52.94642857142857,0.718978102189781,-476,-306,15,21534.0,21547.25,-105.19642857142753,-2103.9285714285506,-2108.4285714285506,21717.5,21935.0,21665.0,22062.76006423083,21767.983653607163,22090.09531508282,21740.820303021515,21715.0,21822.5,21525.0,10:00,below_val,outside_both,in_week_va,neg,pos
short,2024-12-27 10:00:00-05:00,2024-12-27,2024-12-27 16:55:00-05:00,eod,21605.875,21719.875,21606.0,21751.48214285714,21417.035714285717,43.482142857142854,0.8581730769230769,-894,-36,43,21660.5,21697.0,-114.0,-2280.0,-2284.5,21717.5,21910.0,21675.0,22044.554426451406,21786.074803540836,22070.523367675985,21760.26917041748,21715.0,21822.5,21525.0,10:00,below_val,outside_both,in_week_va,neg,pos
short,2024-12-23 14:35:00-05:00,2024-12-23,2024-12-23 16:55:00-05:00,eod,21724.875,21737.375,21725.0,21774.410714285714,21656.678571428572,18.910714285714285,0.8615384615384616,-350,-36,4,21748.5,21762.5,-12.5,-250.0,-254.5,21670.0,21730.0,21580.0,21838.2089537598,21334.46883711889,21775.56747166914,21396.91618986798,21715.0,21822.5,21525.0,14:00,in_va,inside_both,in_week_va,neg,pos
short,2024-12-27 09:30:00-05:00,2024-12-27,2024-12-27 10:00:00-05:00,tp,21775.125,21640.446428571428,21775.25,21886.589285714286,21640.321428571428,23.589285714285715,0.7526595744680851,-1199,-108,74,21799.25,21824.5,134.67857142857247,2693.5714285714494,2689.0714285714494,21917.5,21970.0,21900.0,21987.736071087656,21842.53585139448,21990.87381410338,21839.417840367427,21715.0,21822.5,21525.0,09:00,below_val,outside_both,in_week_va,neg,pos
short,2024-12-26 09:50:00-05:00,2024-12-26,2024-12-26 10:20:00-05:00,sl,21881.625,21982.76785714286,21881.75,21982.64285714286,21754.464285714283,26.392857142857142,0.8372093023255814,-1206,-271,-2,21897.25,21913.25,-101.1428571428587,-2022.857142857174,-2027.357142857174,21977.5,21997.5,21927.5,22098.584250727676,21909.616559437738,22116.80837895934,21891.4626941004,21715.0,21822.5,21525.0,09:00,below_val,outside_both,above_week_vah,neg,neg
short,2024-12-27 15:10:00-05:00,2024-12-27,2024-12-27 16:00:00-05:00,sl,21638.375,21715.625,21638.5,21715.5,21533.25,28.25,0.7878787878787878,-605,-132,27,21678.0,21688.0,-77.25,-1545.0,-1549.5,21592.5,21690.0,21510.0,22224.978704330537,21606.785140507185,22148.706896132815,21682.577306348066,21715.0,21822.5,21525.0,15:00,in_va,inside_14_only,in_week_va,neg,pos
short,2024-12-30 15:25:00-05:00,2024-12-30,2024-12-30 16:05:00-05:00,tp,21467.625,21359.267857142855,21467.75,21549.928571428572,21359.142857142855,26.428571428571427,0.8577586206896551,-644,-18,12,21491.0,21526.25,108.35714285714494,2167.1428571428987,2162.6428571428987,21515.0,21565.0,21330.0,,,21886.194479840116,21244.936883762606,22302.5,22450.0,21547.5,15:00,in_va,inside_90_only,below_week_val,neg,pos
short,2024-12-30 15:55:00-05:00,2024-12-30,2024-12-30 16:55:00-05:00,eod,21410.375,21388.375,21410.5,21505.821428571428,21284.357142857145,30.821428571428573,0.849624060150376,-1265,-90,-68,21456.5,21469.25,22.0,440.0,435.5,21515.0,21565.0,21340.0,,,21892.257334053404,21238.960772350085,22302.5,22450.0,21547.5,15:00,in_va,inside_90_only,below_week_val,neg,neg
short,2024-12-31 10:05:00-05:00,2024-12-31,2024-12-31 14:40:00-05:00,tp,21350.875,21182.125,21351.0,21476.25,21182.0,43.75,0.8128654970760234,-842,-81,64,21368.0,21381.25,168.75,3375.0,3370.5,21390.0,21470.0,21380.0,21559.912508644727,21284.665608080693,21554.25489203111,21290.305360063183,22302.5,22450.0,21547.5,10:00,below_val,inside_both,below_week_val,neg,pos
short,2024-12-31 11:00:00-05:00,2024-12-31,2024-12-31 16:55:00-05:00,eod,21328.375,21234.375,21328.5,21436.875,21167.25,52.875,0.7381818181818182,-459,-59,8,21333.5,21350.75,94.0,1880.0,1875.5,21385.0,21460.0,21375.0,21599.22675484456,21245.475501523855,21580.905527161838,21263.73887764173,22302.5,22450.0,21547.5,11:00,below_val,inside_both,below_week_val,neg,pos
short,2024-12-31 12:20:00-05:00,2024-12-31,2024-12-31 16:55:00-05:00,eod,21283.875,21234.375,21284.0,21370.0,21165.75,32.25,0.7890295358649789,-590,-95,18,21300.0,21329.75,49.5,990.0,985.5,21380.0,21492.5,21365.0,21679.794662890472,21165.16199671108,21609.251449900592,21235.482460694617,22302.5,22450.0,21547.5,12:00,below_val,inside_both,below_week_val,neg,pos
short,2024-12-31 15:50:00-05:00,2024-12-31,2024-12-31 16:55:00-05:00,eod,21211.625,21234.375,21211.75,21334.053571428572,21044.892857142855,44.55357142857143,0.9056603773584906,-763,-53,26,21241.0,21266.75,-22.75,-455.0,-459.5,21225.0,21400.0,21197.5,,,21632.050623510833,21212.75527832282,22302.5,22450.0,21547.5,15:00,in_va,outside_both,below_week_val,neg,pos
short,2025-01-02 10:15:00-05:00,2025-01-02,2025-01-02 12:25:00-05:00,tp,21358.625,21169.089285714283,21358.75,21490.89285714286,21168.964285714283,57.642857142857146,0.8235294117647058,-589,-37,106,21370.0,21392.25,189.5357142857174,3790.714285714348,3786.214285714348,21375.0,21445.0,21292.5,21451.28743554355,21131.263043965264,21455.88791971635,21126.687019276647,22302.5,22450.0,21547.5,10:00,in_va,inside_both,below_week_val,neg,pos
short,2025-01-02 11:00:00-05:00,2025-01-02,2025-01-02 11:50:00-05:00,sl,21203.375,21357.125,21203.5,21357.0,20982.0,68.0,0.7274939172749392,-702,9,29,21209.75,21293.5,-153.75,-3075.0,-3079.5,21390.0,21442.5,21270.0,21489.98148540794,21092.774719512665,21473.003446406154,21109.66249104239,22302.5,22450.0,21547.5,11:00,below_val,inside_both,below_week_val,pos,pos
short,2025-01-02 12:25:00-05:00,2025-01-02,2025-01-02 16:55:00-05:00,eod,21151.375,21182.625,21151.5,21297.625,20953.25,52.125,0.9191176470588235,-758,-18,-1,21225.75,21292.75,-31.25,-625.0,-629.5,21297.5,21377.5,21215.0,21581.05702282938,21002.183405182524,21505.555740311138,21077.28326855515,22302.5,22450.0,21547.5,12:00,below_val,inside_both,below_week_val,neg,neg
short,2025-01-02 15:35:00-05:00,2025-01-02,2025-01-02 16:25:00-05:00,sl,21129.625,21201.321428571428,21129.75,21201.196428571428,21015.607142857145,42.69642857142857,0.738562091503268,-281,-200,3,21139.5,21158.75,-71.69642857142753,-1433.9285714285506,-1438.4285714285506,21297.5,21447.5,21150.0,,,21520.81336318731,21062.106766180976,22302.5,22450.0,21547.5,15:00,below_val,inside_90_only,below_week_val,neg,pos
short,2025-01-07 15:20:00-05:00,2025-01-07,2025-01-07 16:15:00-05:00,sl,21334.125,21391.089285714286,21334.25,21390.964285714286,21250.571428571428,26.964285714285715,0.8188405797101449,-257,-107,2,21343.25,21356.0,-56.964285714286234,-1139.2857142857247,-1143.7857142857247,21445.0,21632.5,21390.0,,,21967.706778767704,21604.885944614998,21980.0,22067.5,21647.5,15:00,below_val,outside_both,below_week_val,neg,pos
short,2025-01-03 11:55:00-05:00,2025-01-03,2025-01-03 13:35:00-05:00,sl,21463.875,21523.76785714286,21464.0,21523.64285714286,21370.464285714283,33.892857142857146,0.7024793388429752,-623,-14,-11,21466.0,21478.0,-59.8928571428587,-1197.857142857174,-1202.357142857174,21377.5,21442.5,21262.5,21496.42485739496,20980.88402504168,21440.744128806382,21036.27384756367,22302.5,22450.0,21547.5,11:00,above_vah,inside_14_only,below_week_val,neg,neg
short,2025-01-07 10:35:00-05:00,2025-01-07,2025-01-07 16:55:00-05:00,eod,21431.625,21375.625,21431.75,21586.98214285714,21208.785714285717,67.73214285714286,0.7721518987341772,-1388,-131,417,21441.5,21454.75,56.0,1120.0,1115.5,21755.0,21805.0,21620.0,,,21926.24781331702,21646.323031481676,21980.0,22067.5,21647.5,10:00,below_val,outside_both,below_week_val,neg,pos
short,2025-01-06 14:55:00-05:00,2025-01-06,2025-01-06 15:20:00-05:00,sl,21659.125,21730.035714285714,21659.25,21729.910714285714,21560.928571428572,27.660714285714285,0.8547486033519553,-1118,-43,90,21686.75,21707.0,-70.91071428571377,-1418.2142857142753,-1422.7142857142753,21860.0,21890.0,21725.0,,,21899.64071047691,21327.950384084837,21980.0,22067.5,21647.5,14:00,below_val,inside_90_only,in_week_va,neg,pos
short,2025-01-07 11:50:00-05:00,2025-01-07,2025-01-07 15:35:00-05:00,tp,21447.625,21289.839285714283,21447.75,21554.39285714286,21289.714285714283,51.392857142857146,0.873015873015873,-795,-54,1,21493.5,21544.5,157.7857142857174,3155.714285714348,3151.214285714348,21510.0,21725.0,21410.0,,,21941.93593912934,21630.643184553657,21980.0,22067.5,21647.5,11:00,in_va,outside_both,below_week_val,neg,pos
short,2025-01-07 14:35:00-05:00,2025-01-07,2025-01-07 15:20:00-05:00,tp,21420.125,21349.839285714283,21420.25,21467.89285714286,21349.714285714283,22.892857142857142,0.7657657657657657,-346,-93,41,21427.75,21445.25,70.2857142857174,1405.714285714348,1401.214285714348,21447.5,21642.5,21400.0,,,21959.79543740936,21612.793111027233,21980.0,22067.5,21647.5,14:00,in_va,outside_both,below_week_val,neg,pos
short,2025-01-08 10:10:00-05:00,2025-01-08,2025-01-08 14:25:00-05:00,sl,21244.125,21424.928571428572,21244.25,21424.803571428572,21006.142857142855,57.55357142857143,0.8407766990291262,-1097,-122,56,21289.75,21301.0,-180.80357142857247,-3616.0714285714494,-3620.5714285714494,21337.5,21397.5,21307.5,,,21481.690025784068,21249.40933098025,21980.0,22067.5,21647.5,10:00,below_val,outside_both,below_week_val,neg,pos
short,2025-01-08 12:25:00-05:00,2025-01-08,2025-01-08 13:00:00-05:00,sl,21190.375,21294.0,21190.5,21293.875,21047.25,39.875,0.7263843648208469,-445,59,83,21231.0,21244.0,-103.625,-2072.5,-2077.0,21337.5,21385.0,21287.5,,,21533.23125919462,21197.916322157107,21980.0,22067.5,21647.5,12:00,below_val,outside_both,below_week_val,pos,pos
short,2025-01-08 12:00:00-05:00,2025-01-08,2025-01-08 12:25:00-05:00,tp,21346.375,21236.589285714283,21346.5,21422.01785714286,21236.464285714283,34.517857142857146,0.8971428571428571,-345,-40,27,21369.25,21384.5,109.7857142857174,2195.714285714348,2191.214285714348,21337.5,21392.5,21297.5,,,21523.61221974458,21207.526361546847,21980.0,22067.5,21647.5,12:00,in_va,inside_90_only,below_week_val,neg,pos
short,2025-01-08 16:30:00-05:00,2025-01-08,2025-01-08 16:55:00-05:00,eod,21338.875,21325.625,21339.0,21389.625,21264.25,24.125,0.7518796992481203,-414,61,27,21342.75,21360.5,13.25,265.0,260.5,21345.0,21392.5,21302.5,,,21559.47853223699,21171.693607392244,21980.0,22067.5,21647.5,16:00,in_va,inside_90_only,below_week_val,pos,pos
short,2025-01-10 10:55:00-05:00,2025-01-10,2025-01-10 13:20:00-05:00,sl,20988.875,21113.01785714286,20989.0,21112.89285714286,20800.964285714283,64.14285714285714,0.7366412213740458,-228,-280,27,21005.5,21029.5,-124.1428571428587,-2482.857142857174,-2487.357142857174,21055.0,21272.5,20972.5,,,21419.47147466581,21076.1266484365,21980.0,22067.5,21647.5,10:00,in_va,outside_both,below_week_val,neg,pos
short,2025-01-10 14:05:00-05:00,2025-01-10,2025-01-10 16:55:00-05:00,eod,21061.125,20997.875,21061.25,21164.339285714286,20918.321428571428,39.839285714285715,0.9453125,-420,-6,7,21087.25,21109.25,63.25,1265.0,1260.5,20950.0,21125.0,20887.5,,,21464.085076133608,21031.739240849816,21980.0,22067.5,21647.5,14:00,in_va,inside_90_only,below_week_val,neg,pos
short,2025-01-10 15:10:00-05:00,2025-01-10,2025-01-10 16:55:00-05:00,eod,21034.625,20997.875,21034.75,21116.125,20917.5,35.875,0.7745098039215687,-445,-50,119,21064.0,21083.25,36.75,735.0,730.5,21075.0,21185.0,20947.5,,,21475.125274494843,21020.75501701728,21980.0,22067.5,21647.5,15:00,in_va,inside_90_only,below_week_val,neg,pos
short,2025-01-13 10:25:00-05:00,2025-01-13,2025-01-13 10:35:00-05:00,sl,20717.125,20804.535714285714,20717.25,20804.410714285714,20578.928571428572,51.160714285714285,0.8589743589743589,-403,-102,42,20736.0,20752.25,-87.41071428571377,-1748.2142857142753,-1752.7142857142753,20770.0,20835.0,20722.5,,,21106.644913317723,20658.058245110664,21375.0,21480.0,21212.5,10:00,below_val,inside_90_only,below_week_val,neg,pos
short,2025-01-13 10:10:00-05:00,2025-01-13,2025-01-13 10:40:00-05:00,sl,20772.125,20849.875,20772.25,20849.75,20650.0,44.75,0.8071428571428572,-636,-86,-2,20774.25,20801.75,-77.75,-1555.0,-1559.5,20765.0,20835.0,20717.5,,,21103.132770331747,20661.531583121214,21375.0,21480.0,21212.5,10:00,in_va,inside_90_only,below_week_val,neg,neg
short,2025-01-13 11:55:00-05:00,2025-01-13,2025-01-13 12:10:00-05:00,sl,20737.375,20812.89285714286,20737.5,20812.76785714286,20623.214285714283,39.017857142857146,0.7647058823529411,-550,-236,0,20743.75,20765.25,-75.5178571428587,-1510.357142857174,-1514.857142857174,20770.0,20835.0,20732.5,,,21145.78606939249,20619.34955195261,21375.0,21480.0,21212.5,11:00,in_va,inside_90_only,below_week_val,neg,zero
short,2025-01-14 11:40:00-05:00,2025-01-14,2025-01-14 13:35:00-05:00,sl,20848.375,20950.928571428572,20848.5,20950.803571428572,20697.392857142855,48.80357142857143,0.7172995780590717,-594,-116,100,20872.5,20889.5,-102.55357142857247,-2051.0714285714494,-2055.5714285714494,21042.5,21122.5,20995.0,,,21213.077082938846,20851.205389064708,21375.0,21480.0,21212.5,11:00,below_val,outside_both,below_week_val,neg,pos
short,2025-01-14 10:55:00-05:00,2025-01-14,2025-01-14 16:55:00-05:00,eod,20936.125,20977.625,20936.25,21043.25,20772.5,56.75,0.9516908212560387,-858,-71,7,20944.0,20956.5,-41.5,-830.0,-834.5,21042.5,21102.5,21005.0,,,21188.09140389014,20876.097096869573,21375.0,21480.0,21212.5,10:00,below_val,inside_90_only,below_week_val,neg,pos
short,2025-01-14 15:00:00-05:00,2025-01-14,2025-01-14 15:55:00-05:00,sl,20789.875,20909.071428571428,20790.0,20908.946428571428,20637.857142857145,33.19642857142857,0.7364341085271318,-519,-16,41,20808.25,20827.75,-119.19642857142753,-2383.9285714285506,-2388.4285714285506,20990.0,21125.0,20937.5,,,21239.575586227853,20824.80654675786,21375.0,21480.0,21212.5,15:00,below_val,outside_both,below_week_val,neg,pos
short,2025-01-14 14:45:00-05:00,2025-01-14,2025-01-14 14:55:00-05:00,tp,20970.125,20910.267857142855,20970.25,21007.553571428572,20910.142857142855,22.803571428571427,0.7464788732394366,-336,-150,1,20981.25,20997.0,59.857142857144936,1197.1428571428987,1192.6428571428987,20990.0,21125.0,20945.0,,,21236.148346605565,20828.22089651754,21375.0,21480.0,21212.5,14:00,in_va,inside_90_only,below_week_val,neg,pos
short,2025-01-15 10:55:00-05:00,2025-01-15,2025-01-15 14:25:00-05:00,sl,21319.625,21414.410714285714,21319.75,21414.285714285714,21185.678571428572,39.535714285714285,0.8355555555555556,-210,-12,70,21343.75,21363.75,-94.78571428571377,-1895.7142857142753,-1900.2142857142753,21362.5,21405.0,21250.0,,,21369.210608899422,20861.058911914,21375.0,21480.0,21212.5,10:00,in_va,inside_90_only,in_week_va,neg,pos
short,2025-01-15 11:30:00-05:00,2025-01-15,2025-01-15 13:15:00-05:00,sl,21283.375,21373.25,21283.5,21373.125,21153.5,40.375,0.7925311203319502,-633,-78,7,21319.5,21333.0,-89.875,-1797.5,-1802.0,21362.5,21405.0,21257.5,,,21385.354612066654,20845.12286926048,21375.0,21480.0,21212.5,11:00,in_va,inside_90_only,in_week_va,neg,pos
short,2025-01-16 13:25:00-05:00,2025-01-16,2025-01-16 15:55:00-05:00,tp,21344.125,21256.696428571428,21344.25,21408.589285714286,21256.571428571428,23.339285714285715,0.7688172043010753,-446,-34,95,21351.5,21372.75,87.42857142857247,1748.5714285714494,1744.0714285714494,21387.5,21450.0,21362.5,,,21655.613410646583,21216.51919207056,21375.0,21480.0,21212.5,13:00,below_val,inside_90_only,in_week_va,neg,pos
short,2025-01-16 15:55:00-05:00,2025-01-16,2025-01-16 16:55:00-05:00,eod,21247.375,21214.375,21247.5,21322.10714285714,21144.785714285717,28.107142857142858,0.8811881188118812,-1641,-345,23,21277.25,21290.25,33.0,660.0,655.5,21387.5,21440.0,21322.5,,,21675.652933390666,21196.58944874927,21375.0,21480.0,21212.5,15:00,below_val,inside_90_only,in_week_va,neg,pos
short,2025-01-17 16:00:00-05:00,2025-01-17,2025-01-17 16:55:00-05:00,eod,21574.375,21589.125,21574.5,21627.464285714286,21498.571428571428,22.964285714285715,0.8125,-669,-157,165,21589.25,21600.0,-14.75,-295.0,-299.5,21620.0,21637.5,21525.0,,,21841.56835640297,21024.56007461097,21375.0,21480.0,21212.5,16:00,in_va,inside_90_only,above_week_vah,neg,pos
short,2025-01-21 10:10:00-05:00,2025-01-21,2025-01-21 11:50:00-05:00,sl,21538.875,21672.60714285714,21539.0,21672.48214285714,21358.535714285717,46.982142857142854,0.7952127659574468,-749,-183,88,21581.25,21596.0,-133.7321428571413,-2674.642857142826,-2679.142857142826,21697.5,21727.5,21610.0,,,21820.46530714417,21573.92680040039,21337.5,21790.0,21200.0,10:00,below_val,outside_both,in_week_va,neg,pos
short,2025-01-22 10:55:00-05:00,2025-01-22,2025-01-22 11:25:00-05:00,sl,21994.625,22045.85714285714,21994.75,22045.73214285714,21916.785714285717,26.982142857142858,0.7475728155339806,-438,-77,116,21998.5,22012.5,-51.2321428571413,-1024.642857142826,-1029.142857142826,22020.0,22042.5,21912.5,,,22034.749928631423,21652.779512366258,21337.5,21790.0,21200.0,10:00,in_va,inside_90_only,above_week_vah,neg,pos
short,2025-01-22 10:50:00-05:00,2025-01-22,2025-01-22 11:35:00-05:00,sl,22013.625,22063.73214285714,22013.75,22063.60714285714,21936.035714285717,27.857142857142858,0.7413793103448276,-430,-42,5,22016.75,22035.0,-50.1071428571413,-1002.142857142826,-1006.642857142826,22020.0,22042.5,21910.0,,,22038.266010075266,21649.286174322016,21337.5,21790.0,21200.0,10:00,in_va,inside_90_only,above_week_vah,neg,pos
short,2025-01-22 12:40:00-05:00,2025-01-22,2025-01-22 15:50:00-05:00,tp,22048.125,21997.339285714283,22048.25,22084.89285714286,21997.214285714283,14.392857142857142,0.7978723404255319,-529,-98,48,22056.25,22063.75,50.785714285717404,1015.7142857143481,1011.2142857143481,22012.5,22042.5,21887.5,,,22081.118085854778,21606.711282646076,21337.5,21790.0,21200.0,12:00,above_vah,inside_90_only,above_week_vah,neg,pos
short,2025-01-22 13:10:00-05:00,2025-01-22,2025-01-22 15:50:00-05:00,tp,22037.375,21984.232142857145,22037.5,22075.696428571428,21984.107142857145,15.196428571428571,0.7450980392156863,-1203,-180,-30,22046.25,22051.25,53.142857142855064,1062.8571428571013,1058.3571428571013,22012.5,22047.5,21870.0,,,22075.945895898112,21611.85001684102,21337.5,21790.0,21200.0,13:00,in_va,inside_90_only,above_week_vah,neg,neg
short,2025-01-24 11:55:00-05:00,2025-01-24,2025-01-24 13:40:00-05:00,tp,21982.625,21905.982142857145,21982.75,22041.196428571428,21905.857142857145,18.446428571428573,0.8191489361702128,-495,8,18,22006.25,22012.25,76.64285714285506,1532.8571428571013,1528.3571428571013,22005.0,22032.5,21992.5,22165.75997461713,21900.112923197936,22195.223623666414,21870.67901313392,21337.5,21790.0,21200.0,11:00,below_val,inside_both,above_week_vah,pos,pos
short,2025-01-24 13:40:00-05:00,2025-01-24,2025-01-24 14:10:00-05:00,tp,21906.875,21848.875,21907.0,21945.875,21848.75,19.375,0.8941176470588236,-451,-97,7,21909.25,21926.0,58.0,1160.0,1155.5,22005.0,22035.0,21980.0,,,22209.33939266962,21856.57749181082,21337.5,21790.0,21200.0,13:00,below_val,inside_90_only,above_week_vah,neg,pos
short,2025-01-27 10:55:00-05:00,2025-01-27,2025-01-27 14:45:00-05:00,tp,21311.375,21124.053571428572,21311.5,21439.910714285714,21123.928571428572,59.160714285714285,0.8373702422145328,-361,-74,117,21332.75,21357.25,187.32142857142753,3746.4285714285506,3741.9285714285506,21300.0,21440.0,21072.5,21990.659469308073,21044.803779517944,22027.348358135274,21009.426180072434,21400.0,21682.5,20975.0,10:00,in_va,inside_both,in_week_va,neg,pos
short,2025-01-29 13:00:00-05:00,2025-01-29,2025-01-29 14:40:00-05:00,sl,21383.875,21526.35714285714,21384.0,21526.23214285714,21211.035714285717,30.732142857142858,0.7879377431906615,-1484,-218,41,21395.0,21429.5,-142.4821428571413,-2849.642857142826,-2854.142857142826,21515.0,21570.0,21477.5,21703.86222536422,21454.837324744694,21761.99919401446,21396.812054437,21400.0,21682.5,20975.0,13:00,below_val,outside_both,in_week_va,neg,pos
short,2025-01-29 09:30:00-05:00,2025-01-29,2025-01-29 13:00:00-05:00,tp,21537.625,21420.446428571428,21537.75,21630.714285714286,21420.321428571428,24.464285714285715,0.8498293515358362,-1020,-56,45,21563.75,21576.25,117.17857142857247,2343.5714285714494,2339.0714285714494,21665.0,21695.0,21595.0,21604.85267032957,21553.656653087965,21605.621333581803,21552.88946666559,21400.0,21682.5,20975.0,09:00,below_val,outside_both,in_week_va,neg,pos
short,2025-01-30 10:25:00-05:00,2025-01-30,2025-01-30 15:00:00-05:00,sl,21531.375,21664.446428571428,21531.5,21664.321428571428,21336.857142857145,61.82142857142857,0.8633540372670807,-509,-214,20,21547.75,21590.0,-133.07142857142753,-2661.4285714285506,-2665.9285714285506,21652.5,21680.0,21585.0,21756.596380441242,21466.03643104048,21764.115427596895,21458.54438646757,21400.0,21682.5,20975.0,10:00,below_val,inside_both,in_week_va,neg,pos
short,2025-01-30 10:55:00-05:00,2025-01-30,2025-01-30 11:50:00-05:00,sl,21462.125,21571.51785714286,21462.25,21571.39285714286,21295.464285714283,57.642857142857146,0.9142857142857143,-976,-9,29,21502.0,21531.75,-109.3928571428587,-2187.857142857174,-2192.357142857174,21652.5,21680.0,21570.0,21764.173311434173,21458.48671050412,21771.80469633654,21450.882731614507,21400.0,21682.5,20975.0,10:00,below_val,inside_both,in_week_va,neg,pos
short,2025-01-30 10:50:00-05:00,2025-01-30,2025-01-30 14:45:00-05:00,sl,21509.625,21628.625,21509.75,21628.5,21330.0,61.0,0.8387096774193549,-562,8,-7,21547.0,21552.5,-119.0,-2380.0,-2384.5,21652.5,21680.0,21572.5,21769.4083041033,21453.2705178664,21776.341124809456,21446.362594472484,21400.0,21682.5,20975.0,10:00,below_val,inside_both,in_week_va,pos,neg
short,2025-01-31 13:30:00-05:00,2025-01-31,2025-01-31 14:45:00-05:00,tp,21745.625,21603.803571428572,21745.75,21857.535714285714,21603.678571428572,30.285714285714285,0.8293413173652695,-1094,-5,61,21765.0,21799.5,141.82142857142753,2836.4285714285506,2831.9285714285506,21907.5,21960.0,21805.0,,,21933.122507007032,21451.33494577197,21400.0,21682.5,20975.0,13:00,below_val,inside_90_only,above_week_vah,neg,pos
short,2025-01-31 13:15:00-05:00,2025-01-31,2025-01-31 13:35:00-05:00,tp,21849.875,21740.446428571428,21850.0,21936.464285714286,21740.321428571428,23.214285714285715,0.8136200716845878,-1012,-129,-36,21872.5,21897.25,109.42857142857247,2188.5714285714494,2184.0714285714494,21900.0,21965.0,21800.0,,,21938.140119327436,21446.35552809402,21400.0,21682.5,20975.0,13:00,in_va,inside_90_only,above_week_vah,neg,neg
short,2025-01-31 13:25:00-05:00,2025-01-31,2025-01-31 13:50:00-05:00,tp,21814.875,21723.482142857145,21815.0,21880.196428571428,21723.357142857145,26.446428571428573,0.8514285714285714,-454,-87,22,21823.25,21849.75,91.39285714285506,1827.8571428571013,1823.3571428571013,21907.5,21960.0,21802.5,,,21935.263732350555,21449.210019682192,21400.0,21682.5,20975.0,13:00,in_va,inside_90_only,above_week_vah,neg,pos
short,2025-01-31 14:35:00-05:00,2025-01-31,2025-01-31 16:55:00-05:00,eod,21659.125,21571.125,21659.25,21789.089285714286,21473.821428571428,55.589285714285715,0.9566666666666667,-567,-14,-7,21684.75,21716.5,88.0,1760.0,1755.5,21907.5,21960.0,21780.0,,,21946.217748084222,21438.339387176977,21400.0,21682.5,20975.0,14:00,below_val,inside_90_only,in_week_va,neg,neg
short,2025-02-03 10:10:00-05:00,2025-02-03,2025-02-03 10:20:00-05:00,sl,21129.125,21259.714285714286,21129.25,21259.589285714286,20941.571428571428,57.339285714285715,0.884375,-591,-46,-3,21145.0,21168.75,-130.58928571428623,-2611.7857142857247,-2616.2857142857247,21210.0,21292.5,21125.0,21652.497207626126,21135.34590383422,21677.49478169621,21110.76030128061,22005.0,22087.5,21845.0,10:00,in_va,inside_90_only,below_week_val,neg,neg
short,2025-02-03 11:55:00-05:00,2025-02-03,2025-02-03 14:10:00-05:00,sl,21382.875,21495.464285714286,21383.0,21495.339285714286,21215.821428571428,54.839285714285715,0.7736486486486487,-334,-245,1,21398.5,21432.25,-112.58928571428623,-2251.7857142857247,-2256.2857142857247,21210.0,21287.5,20992.5,21659.711827669013,21128.250184047476,21720.310730193665,21068.64997930445,22005.0,22087.5,21845.0,11:00,above_vah,inside_both,below_week_val,neg,pos
short,2025-02-04 12:15:00-05:00,2025-02-04,2025-02-04 14:20:00-05:00,sl,21599.625,21678.214285714286,21599.75,21678.089285714286,21495.321428571428,26.089285714285715,0.772,-512,-95,-29,21615.25,21644.0,-78.58928571428623,-1571.7857142857247,-1576.2857142857247,21642.5,21692.5,21457.5,21670.83714641298,21304.38300035498,21713.113312978276,21262.3657485235,22005.0,22087.5,21845.0,12:00,in_va,inside_both,below_week_val,neg,neg
short,2025-02-04 12:25:00-05:00,2025-02-04,2025-02-04 13:20:00-05:00,sl,21562.125,21634.464285714286,21562.25,21634.339285714286,21460.321428571428,29.839285714285715,0.7989690721649485,-780,-233,15,21576.75,21600.25,-72.33928571428623,-1446.7857142857247,-1451.2857142857247,21642.5,21692.5,21465.0,21680.064799779702,21295.211860518437,21719.563927278195,21255.954640149026,22005.0,22087.5,21845.0,12:00,in_va,inside_both,below_week_val,neg,pos
short,2025-02-05 15:40:00-05:00,2025-02-05,2025-02-05 15:55:00-05:00,sl,21696.125,21736.0,21696.25,21735.875,21641.25,15.375,0.7642276422764228,-579,-163,8,21703.0,21711.25,-39.875,-797.5,-802.0,21710.0,21752.5,21547.5,21756.257407689434,21378.254727974465,21776.922896348828,21357.620596358815,22005.0,22087.5,21845.0,15:00,in_va,inside_both,below_week_val,neg,pos
short,2025-02-06 14:30:00-05:00,2025-02-06,2025-02-06 15:45:00-05:00,sl,21731.375,21821.5,21731.5,21821.375,21620.25,21.375,0.751412429378531,-647,-98,49,21749.5,21763.5,-90.125,-1802.5,-1807.0,21772.5,21817.5,21760.0,21950.58856146527,21597.46707485342,21947.726614265423,21600.328102129934,22005.0,22087.5,21845.0,14:00,below_val,inside_both,below_week_val,neg,pos
short,2025-02-07 09:55:00-05:00,2025-02-07,2025-02-07 10:00:00-05:00,tp,21903.875,21805.339285714283,21904.0,21974.64285714286,21805.214285714283,28.142857142857142,0.7850467289719626,-1524,-676,0,21929.75,21946.25,98.5357142857174,1970.714285714348,1966.214285714348,21945.0,21967.5,21860.0,21960.13655044477,21771.251485945188,21964.042283570332,21767.353024985616,22005.0,22087.5,21845.0,09:00,in_va,inside_both,in_week_va,neg,zero
short,2025-02-11 12:00:00-05:00,2025-02-11,2025-02-11 13:35:00-05:00,sl,21751.875,21813.089285714286,21752.0,21812.964285714286,21670.071428571428,20.964285714285715,0.8279569892473119,-1209,-195,8,21761.0,21796.25,-61.214285714286234,-1224.2857142857247,-1228.7857142857247,21835.0,21847.5,21757.5,21981.91812956769,21561.4545513884,21991.079474849394,21552.34837471523,21550.0,21697.5,21245.0,12:00,below_val,inside_both,above_week_vah,neg,pos
short,2025-02-11 11:50:00-05:00,2025-02-11,2025-02-11 12:05:00-05:00,tp,21798.375,21731.482142857145,21798.5,21846.696428571428,21731.357142857145,18.946428571428573,0.9090909090909091,-1126,-10,23,21821.25,21834.5,66.89285714285506,1337.8571428571013,1333.3571428571013,21835.0,21847.5,21755.0,21980.313561398005,21563.049457025943,21985.167350046333,21558.224897356293,21550.0,21697.5,21245.0,11:00,in_va,inside_both,above_week_vah,neg,pos
short,2025-02-11 15:35:00-05:00,2025-02-11,2025-02-11 16:55:00-05:00,eod,21776.875,21792.625,21777.0,21817.64285714286,21720.964285714283,15.392857142857142,0.875,-555,-28,33,21797.0,21800.75,-15.75,-315.0,-319.5,21830.0,21842.5,21762.5,22016.99942421811,21526.58451241626,22026.339857728955,21517.300325963464,21550.0,21697.5,21245.0,15:00,in_va,inside_both,above_week_vah,neg,pos
short,2025-02-24 09:55:00-05:00,2025-02-24,2025-02-24 10:05:00-05:00,tp,21566.125,21447.767857142855,21566.25,21649.303571428572,21447.642857142855,35.55357142857143,0.8598130841121495,-679,-97,43,21580.5,21593.75,118.35714285714494,2367.1428571428987,2362.6428571428987,21770.0,21797.5,21725.0,21825.055469577535,21587.753064197244,21832.100144202588,21580.738346239377,21790.0,22012.5,21657.5,09:00,below_val,outside_both,below_week_val,neg,pos
short,2025-02-24 09:50:00-05:00,2025-02-24,2025-02-24 10:05:00-05:00,tp,21612.375,21474.339285714283,21612.5,21718.39285714286,21474.214285714283,32.392857142857146,0.8919753086419753,-879,-42,-11,21646.0,21673.0,138.0357142857174,2760.714285714348,2756.214285714348,21770.0,21797.5,21735.0,21814.15058023673,21598.611581752553,21822.692741025116,21590.105745518722,21790.0,22012.5,21657.5,09:00,below_val,inside_both,below_week_val,neg,neg
short,2025-02-12 13:40:00-05:00,2025-02-12,2025-02-12 14:45:00-05:00,sl,21773.125,21823.071428571428,21773.25,21822.946428571428,21700.607142857145,22.946428571428573,0.8739495798319328,-387,-82,12,21793.25,21802.75,-49.94642857142753,-998.9285714285506,-1003.4285714285506,21790.0,21830.0,21645.0,21927.578986401306,21417.169480730165,21951.27800168817,21393.73336492457,21550.0,21697.5,21245.0,13:00,in_va,inside_both,above_week_vah,neg,pos
short,2025-02-13 09:35:00-05:00,2025-02-13,2025-02-13 10:20:00-05:00,sl,21855.125,21990.75,21855.25,21990.625,21680.25,39.625,0.7053763440860215,-481,275,352,21861.5,21869.75,-135.625,-2712.5,-2717.0,21867.5,21922.5,21825.0,21911.53941312939,21820.22625674524,21911.90540212076,21819.86040581557,21550.0,21697.5,21245.0,09:00,in_va,inside_both,above_week_vah,pos,pos
short,2025-02-13 13:15:00-05:00,2025-02-13,2025-02-13 13:55:00-05:00,sl,21907.375,21982.946428571428,21907.5,21982.821428571428,21808.607142857145,23.571428571428573,0.7236363636363636,-1182,-262,-4,21942.0,21962.25,-75.57142857142753,-1511.4285714285506,-1515.9285714285506,21885.0,22000.0,21847.5,22017.793933588986,21714.011818580748,22032.06028562108,21699.750848231524,21550.0,21697.5,21245.0,13:00,in_va,inside_both,above_week_vah,neg,neg
short,2025-02-21 12:30:00-05:00,2025-02-21,2025-02-21 13:05:00-05:00,tp,21905.375,21815.303571428572,21905.5,21965.035714285714,21815.178571428572,30.785714285714285,0.7833333333333333,-272,18,25,21910.0,21968.25,90.07142857142753,1801.4285714285506,1796.9285714285506,21987.5,22125.0,21895.0,22314.155259838317,22007.63412695239,22350.975139039187,21970.897228672162,21587.5,21845.0,21452.5,12:00,in_va,outside_both,above_week_vah,pos,pos
short,2025-02-14 12:05:00-05:00,2025-02-14,2025-02-14 12:55:00-05:00,sl,22118.875,22158.625,22119.0,22158.5,22057.25,22.25,0.881578947368421,-574,-112,10,22125.25,22135.25,-39.75,-795.0,-799.5,22132.5,22147.5,22102.5,22254.785687490297,21928.433415444713,22267.115673693734,21916.121833870584,21550.0,21697.5,21245.0,12:00,in_va,inside_both,above_week_vah,neg,pos
short,2025-02-14 12:25:00-05:00,2025-02-14,2025-02-14 12:50:00-05:00,sl,22100.375,22137.25,22100.5,22137.125,22044.25,19.625,0.7361111111111112,-283,-137,131,22104.0,22118.75,-36.875,-737.5,-742.0,22132.5,22145.0,22102.5,22258.415978365716,21924.80854340406,22276.41029996568,21906.841081430142,21550.0,21697.5,21245.0,12:00,below_val,inside_both,above_week_vah,neg,pos
short,2025-02-18 10:15:00-05:00,2025-02-18,2025-02-18 16:00:00-05:00,sl,22161.875,22243.071428571428,22162.0,22242.946428571428,22045.357142857145,35.69642857142857,0.7355769230769231,-434,-108,122,22162.75,22172.5,-81.19642857142753,-1623.9285714285506,-1628.4285714285506,22245.0,22277.5,22167.5,22351.185092142063,22141.909359883553,22370.593714777366,22122.52035711141,21587.5,21845.0,21452.5,10:00,below_val,inside_both,above_week_vah,neg,pos
short,2025-02-18 09:45:00-05:00,2025-02-18,2025-02-18 16:00:00-05:00,sl,22182.625,22247.85714285714,22182.75,22247.73214285714,22096.285714285717,21.482142857142858,0.7110091743119266,-1005,-187,66,22202.25,22215.25,-65.2321428571413,-1304.642857142826,-1309.142857142826,22245.0,22287.5,22215.0,22301.67901887043,22191.36538826527,22329.79798649413,22163.274845651802,21587.5,21845.0,21452.5,09:00,below_val,inside_90_only,above_week_vah,neg,pos
short,2025-02-18 14:05:00-05:00,2025-02-18,2025-02-18 14:50:00-05:00,sl,22114.875,22185.60714285714,22115.0,22185.48214285714,22024.785714285717,19.732142857142858,0.7182539682539683,-710,-81,71,22125.0,22139.0,-70.7321428571413,-1414.642857142826,-1419.142857142826,22182.5,22227.5,22132.5,22399.81416233255,22093.32944803474,22426.085353669154,22067.084813821162,21587.5,21845.0,21452.5,14:00,below_val,inside_both,above_week_vah,neg,pos
short,2025-02-18 12:15:00-05:00,2025-02-18,2025-02-18 14:05:00-05:00,tp,22169.125,22104.696428571428,22169.25,22210.339285714286,22104.571428571428,23.589285714285715,0.8,-235,-94,9,22170.25,22189.25,64.42857142857247,1288.5714285714494,1284.0714285714494,22182.5,22245.0,22132.5,22389.133037356427,22103.99977563413,22419.84358063462,22073.32027714814,21587.5,21845.0,21452.5,12:00,in_va,inside_both,above_week_vah,neg,pos
short,2025-02-19 15:25:00-05:00,2025-02-19,2025-02-19 16:55:00-05:00,eod,22219.125,22222.375,22219.25,22284.64285714286,22135.214285714283,18.642857142857142,0.7644628099173554,-680,-142,10,22261.0,22274.0,-3.25,-65.0,-69.5,22212.5,22265.0,22165.0,22395.99478142814,22035.636591341885,22416.799665966224,22014.8476210883,21587.5,21845.0,21452.5,15:00,in_va,inside_both,above_week_vah,neg,pos
short,2025-02-20 12:45:00-05:00,2025-02-20,2025-02-20 14:50:00-05:00,sl,22067.625,22116.625,22067.75,22116.5,21996.0,23.0,0.918918918918919,-551,-20,1,22071.25,22079.25,-49.0,-980.0,-984.5,22030.0,22150.0,21950.0,22339.339498309222,22092.47768170646,22385.69435852077,22046.14941756271,21587.5,21845.0,21452.5,12:00,in_va,inside_90_only,above_week_vah,neg,pos
short,2025-02-21 10:20:00-05:00,2025-02-21,2025-02-21 12:20:00-05:00,tp,22029.625,21907.303571428572,22029.75,22111.910714285714,21907.178571428572,40.410714285714285,0.7256637168141593,-1398,-372,17,22047.25,22058.0,122.32142857142753,2446.4285714285506,2441.9285714285506,22142.5,22175.0,22085.0,22295.155126628928,22026.591439582782,22298.27898579898,22023.47462065065,21587.5,21845.0,21452.5,10:00,below_val,inside_both,above_week_vah,neg,pos
short,2025-02-21 10:40:00-05:00,2025-02-21,2025-02-21 13:10:00-05:00,tp,21941.875,21789.339285714283,21942.0,22049.51785714286,21789.214285714283,45.267857142857146,0.9724409448818898,-1153,-37,4,21975.0,21991.5,152.5357142857174,3050.714285714348,3046.214285714348,22142.5,22180.0,22055.0,22306.75322664375,22015.019478193015,22324.397895562266,21997.414575045135,21587.5,21845.0,21452.5,10:00,below_val,outside_both,above_week_vah,neg,pos
short,2025-02-24 15:50:00-05:00,2025-02-24,2025-02-24 16:55:00-05:00,eod,21446.375,21427.375,21446.5,21552.303571428572,21311.392857142855,29.303571428571427,0.8902439024390244,-682,-109,15,21496.75,21511.75,19.0,380.0,375.5,21600.0,21652.5,21472.5,21961.790573288345,21451.599410760806,21950.363487462673,21462.977904220596,21790.0,22012.5,21657.5,15:00,below_val,outside_both,below_week_val,neg,pos
short,2025-02-25 09:40:00-05:00,2025-02-25,2025-02-25 10:00:00-05:00,tp,21313.875,21186.767857142855,21314.0,21409.678571428572,21186.642857142855,31.678571428571427,0.9368029739776952,-496,-115,9,21325.5,21346.75,127.10714285714494,2542.1428571428987,2537.6428571428987,21427.5,21447.5,21360.0,21472.4091127665,21345.917286110525,21495.14274614935,21323.222112829186,21790.0,22012.5,21657.5,09:00,below_val,outside_both,below_week_val,neg,pos
short,2025-02-27 09:55:00-05:00,2025-02-27,2025-02-27 10:20:00-05:00,sl,21008.875,21134.428571428572,21009.0,21134.303571428572,20824.142857142855,59.55357142857143,0.8126984126984127,-879,-380,20,21028.25,21058.5,-125.55357142857247,-2511.0714285714494,-2515.5714285714494,21352.5,21380.0,21212.5,21429.491713650747,21184.291052256183,21419.37646393343,21194.374070820388,21790.0,22012.5,21657.5,09:00,below_val,outside_both,below_week_val,neg,pos
short,2025-02-25 13:25:00-05:00,2025-02-25,2025-02-25 16:55:00-05:00,eod,21172.625,21196.125,21172.75,21264.5,21046.0,35.0,0.919831223628692,-414,-76,12,21187.5,21198.0,-23.5,-470.0,-474.5,21057.5,21330.0,21030.0,21590.79363447922,21227.733043897602,21584.92750854561,21233.58924568952,21790.0,22012.5,21657.5,13:00,in_va,outside_both,below_week_val,neg,pos
short,2025-02-25 14:10:00-05:00,2025-02-25,2025-02-25 15:20:00-05:00,sl,21144.875,21233.85714285714,21145.0,21233.73214285714,21020.535714285717,35.732142857142854,0.9541284403669725,-494,-20,11,21182.75,21199.25,-88.9821428571413,-1779.642857142826,-1784.142857142826,21190.0,21317.5,21030.0,21616.097810158637,21202.471677088597,21592.259469531728,21226.269688702323,21790.0,22012.5,21657.5,14:00,in_va,outside_both,below_week_val,neg,pos
short,2025-02-25 15:35:00-05:00,2025-02-25,2025-02-25 16:55:00-05:00,eod,21170.375,21196.125,21170.5,21262.285714285714,21041.428571428572,37.285714285714285,0.7352941176470589,-400,-57,73,21184.25,21203.0,-25.75,-515.0,-519.5,21200.0,21267.5,21030.0,21639.119292194202,21179.489142128543,21619.7589270867,21198.81675393195,21790.0,22012.5,21657.5,15:00,in_va,outside_both,below_week_val,neg,pos
short,2025-02-26 13:25:00-05:00,2025-02-26,2025-02-26 16:20:00-05:00,sl,21171.875,21279.678571428572,21172.0,21279.553571428572,21021.642857142855,42.80357142857143,0.943609022556391,-449,-15,-11,21189.0,21207.5,-107.80357142857247,-2156.0714285714494,-2160.5714285714494,21297.5,21392.5,21262.5,21399.381260623897,21035.692062848135,21395.32606072047,21039.73910032224,21790.0,22012.5,21657.5,13:00,below_val,inside_both,below_week_val,neg,neg
short,2025-02-26 12:35:00-05:00,2025-02-26,2025-02-26 13:00:00-05:00,tp,21325.625,21218.625,21325.75,21395.5,21218.5,37.5,0.8013245033112583,-423,-206,8,21348.0,21384.0,107.0,2140.0,2135.5,21297.5,21382.5,21262.5,21375.12522117562,21059.899279004727,21398.86011805761,21036.212156442863,21790.0,22012.5,21657.5,12:00,in_va,inside_both,below_week_val,neg,pos
short,2025-02-27 12:15:00-05:00,2025-02-27,2025-02-27 12:30:00-05:00,sl,20973.875,21064.51785714286,20974.0,21064.39285714286,20838.464285714283,45.142857142857146,0.7268292682926829,-392,-160,53,20990.25,21006.25,-90.6428571428587,-1812.857142857174,-1817.357142857174,21075.0,21230.0,20950.0,21483.09637634806,21130.85719503962,21496.98592418886,21117.011904746152,21790.0,22012.5,21657.5,12:00,in_va,outside_both,below_week_val,neg,pos
short,2025-02-27 13:55:00-05:00,2025-02-27,2025-02-27 14:20:00-05:00,tp,21052.125,20936.839285714283,21052.25,21132.01785714286,20936.714285714283,35.767857142857146,0.8010471204188482,-463,-70,145,21071.75,21095.75,115.2857142857174,2305.714285714348,2301.214285714348,21070.0,21207.5,20970.0,21507.571276576673,21106.46028144295,21505.093950984927,21108.929713303678,21790.0,22012.5,21657.5,13:00,in_va,outside_both,below_week_val,neg,pos
short,2025-02-27 15:00:00-05:00,2025-02-27,2025-02-27 16:55:00-05:00,eod,20757.625,20633.375,20757.75,20890.875,20574.25,50.375,0.7463768115942029,-623,-83,26,20810.5,20833.75,124.25,2485.0,2480.5,21070.0,21232.5,20942.5,21546.796049365294,21067.360494165594,21523.71512055896,21090.367878079698,21790.0,22012.5,21657.5,15:00,below_val,outside_both,below_week_val,neg,pos
short,2025-02-28 12:55:00-05:00,2025-02-28,2025-02-28 13:40:00-05:00,sl,20540.375,20656.89285714286,20540.5,20656.76785714286,20373.214285714283,51.017857142857146,0.9418181818181818,-739,-58,2,20541.5,20593.25,-116.5178571428587,-2330.357142857174,-2334.857142857174,20670.0,20710.0,20580.0,20791.15878138345,20432.670302866463,20795.652018666515,20428.186429556747,21790.0,22012.5,21657.5,12:00,below_val,inside_both,below_week_val,neg,pos
short,2025-02-28 13:55:00-05:00,2025-02-28,2025-02-28 14:40:00-05:00,sl,20542.125,20688.410714285714,20542.25,20688.285714285714,20339.178571428572,57.035714285714285,0.9398907103825137,-456,-57,36,20609.0,20633.5,-146.28571428571377,-2925.7142857142753,-2930.2142857142753,20635.0,20710.0,20570.0,20796.669472939335,20427.17109567377,20795.065988681683,20428.771238246376,21790.0,22012.5,21657.5,13:00,below_val,inside_both,below_week_val,neg,pos
short,2025-03-03 09:35:00-05:00,2025-03-03,2025-03-03 10:00:00-05:00,tp,20982.375,20793.375,20982.5,21136.5,20793.25,35.25,0.7850467289719626,-1355,-142,108,21034.25,21063.75,189.0,3780.0,3775.5,21070.0,21100.0,20947.5,21086.903880150578,20877.814621829526,21097.448750271567,20867.343120826947,22212.5,22282.5,22055.0,09:00,in_va,inside_both,below_week_val,neg,pos
short,2025-03-03 10:55:00-05:00,2025-03-03,2025-03-03 14:50:00-05:00,tp,20857.875,20619.767857142855,20858.0,21016.178571428572,20619.642857142855,80.17857142857143,0.8062678062678063,-587,-94,26,20889.5,20908.25,238.10714285714494,4762.142857142899,4757.642857142899,20937.5,21007.5,20840.0,21205.760269132705,20759.785212068313,21191.255986556236,20774.18857671847,22212.5,22282.5,22055.0,10:00,in_va,inside_both,below_week_val,neg,pos
short,2025-03-03 13:25:00-05:00,2025-03-03,2025-03-03 14:40:00-05:00,sl,20685.375,20804.660714285714,20685.5,20804.535714285714,20519.928571428572,46.535714285714285,0.8696969696969697,-709,-118,6,20704.75,20719.25,-119.28571428571377,-2385.7142857142753,-2390.2142857142753,20935.0,21002.5,20845.0,21173.878735543964,20791.4449202589,21212.260985076762,20753.329726818643,22212.5,22282.5,22055.0,13:00,below_val,outside_both,below_week_val,neg,pos
short,2025-03-04 10:15:00-05:00,2025-03-04,2025-03-04 11:45:00-05:00,sl,20104.125,20291.35714285714,20104.25,20291.23214285714,19832.035714285717,85.23214285714286,0.8766233766233766,-836,-258,1,20161.0,20223.25,-187.2321428571413,-3744.642857142826,-3749.142857142826,20330.0,20510.0,20262.5,20650.34102798259,20224.005522850563,20643.28437864825,20230.997468545862,22212.5,22282.5,22055.0,10:00,below_val,outside_both,below_week_val,neg,pos
short,2025-03-04 11:05:00-05:00,2025-03-04,2025-03-04 11:45:00-05:00,sl,20123.375,20265.803571428572,20123.5,20265.678571428572,19901.392857142855,79.92857142857143,0.7466666666666667,-356,7,26,20149.0,20231.75,-142.42857142857247,-2848.5714285714494,-2853.0714285714494,20200.0,20377.5,20090.0,20684.602605038825,20190.058096123998,20675.2515383554,20199.323421258618,22212.5,22282.5,22055.0,11:00,in_va,outside_both,below_week_val,pos,pos
short,2025-03-06 12:00:00-05:00,2025-03-06,2025-03-06 16:55:00-05:00,eod,20187.625,20173.625,20187.75,20338.803571428572,19975.142857142855,61.55357142857143,0.7041095890410959,-1113,-103,110,20232.5,20286.5,14.0,280.0,275.5,20405.0,20485.0,20297.5,20739.046653561094,20185.063844304703,20762.318995713875,20162.131637903298,22212.5,22282.5,22055.0,12:00,below_val,inside_both,below_week_val,neg,pos
short,2025-03-05 10:15:00-05:00,2025-03-05,2025-03-05 12:50:00-05:00,sl,20375.125,20519.375,20375.25,20519.25,20154.5,76.75,0.7292307692307692,-635,-263,91,20409.5,20445.25,-144.25,-2885.0,-2889.5,20440.0,20550.0,20392.5,20651.723556064037,20306.675838365165,20650.27863398568,20308.112581440182,22212.5,22282.5,22055.0,10:00,below_val,inside_both,below_week_val,neg,pos
short,2025-03-06 11:35:00-05:00,2025-03-06,2025-03-06 12:25:00-05:00,tp,20354.875,20134.553571428572,20355.0,20511.535714285714,20134.428571428572,64.03571428571429,0.8400954653937948,-826,-145,30,20400.75,20452.5,220.32142857142753,4406.428571428551,4401.928571428551,20405.0,20492.5,20305.0,20741.946246174124,20182.206630542307,20751.393996015777,20172.896963815376,22212.5,22282.5,22055.0,11:00,in_va,inside_both,below_week_val,neg,pos
short,2025-03-06 13:35:00-05:00,2025-03-06,2025-03-06 14:50:00-05:00,sl,20076.875,20200.875,20077.0,20200.75,19900.5,52.75,0.762214983713355,-337,-149,68,20088.25,20099.75,-124.0,-2480.0,-2484.5,20405.0,20510.0,20242.5,20764.587271754845,20159.89651373722,20773.774307163654,20150.843750984393,22212.5,22282.5,22055.0,13:00,below_val,outside_both,below_week_val,neg,pos
short,2025-03-07 11:15:00-05:00,2025-03-07,2025-03-07 12:50:00-05:00,sl,19923.125,20070.071428571428,19923.25,20069.946428571428,19699.607142857145,76.94642857142857,0.8131147540983606,-384,-87,22,19964.0,20027.0,-146.94642857142753,-2938.9285714285506,-2943.4285714285506,20170.0,20215.0,20050.0,20317.592165222864,19894.379234607124,20314.104994708447,19897.842896301063,22212.5,22282.5,22055.0,11:00,below_val,inside_both,below_week_val,neg,pos
short,2025-03-07 15:35:00-05:00,2025-03-07,2025-03-07 15:55:00-05:00,sl,20142.625,20286.25,20142.75,20286.125,19946.75,52.625,0.7945205479452054,-538,33,18,20170.0,20221.0,-143.625,-2872.5,-2877.0,20170.0,20242.5,19995.0,20453.86172877511,19759.028334680086,20388.038352239317,19824.40796178178,22212.5,22282.5,22055.0,15:00,in_va,inside_both,below_week_val,pos,pos
short,2025-03-11 15:55:00-04:00,2025-03-11,2025-03-11 16:55:00-04:00,eod,19392.125,19401.375,19392.25,19557.053571428572,19155.642857142855,71.80357142857143,0.8981233243967829,-1061,-1,4,19450.0,19479.25,-9.25,-185.0,-189.5,19472.5,19565.0,19345.0,19781.619551205473,19112.683437051302,19686.298006141522,19207.757768781965,21200.0,21660.0,20925.0,15:00,in_va,inside_both,below_week_val,neg,pos
short,2025-03-11 15:50:00-04:00,2025-03-11,2025-03-11 16:55:00-04:00,eod,19475.125,19401.375,19475.25,19622.25,19259.75,68.5,0.7015945330296127,-444,-152,0,19485.5,19534.75,73.75,1475.0,1470.5,19472.5,19565.0,19342.5,19766.242465142208,19128.020643140953,19684.686811372878,19209.36478496927,21200.0,21660.0,20925.0,15:00,in_va,inside_both,below_week_val,neg,zero
short,2025-03-11 16:35:00-04:00,2025-03-11,2025-03-11 16:55:00-04:00,eod,19372.875,19401.375,19373.0,19453.178571428572,19246.642857142855,46.17857142857143,0.8723404255319149,-339,-6,-5,19399.5,19428.5,-28.5,-570.0,-574.5,19472.5,19565.0,19350.0,19766.797021482922,19127.46752502411,19690.411912935062,19203.654531272172,21200.0,21660.0,20925.0,16:00,in_va,inside_both,below_week_val,neg,neg
short,2025-03-12 10:30:00-04:00,2025-03-12,2025-03-12 12:35:00-04:00,sl,19551.125,19723.35714285714,19551.25,19723.23214285714,19300.535714285717,78.73214285714286,0.7595238095238095,-721,-204,73,19580.0,19643.0,-172.2321428571413,-3444.642857142826,-3449.142857142826,19700.0,19762.5,19587.5,19840.071651302835,19259.830483850477,19817.853151959695,19281.715928491965,21200.0,21660.0,20925.0,10:00,below_val,inside_both,below_week_val,neg,pos
short,2025-03-12 10:55:00-04:00,2025-03-12,2025-03-12 11:55:00-04:00,sl,19475.625,19633.48214285714,19475.75,19633.35714285714,19247.785714285717,70.35714285714286,0.9224598930481284,-893,-96,1,19501.0,19521.5,-157.8571428571413,-3157.142857142826,-3161.642857142826,19700.0,19765.0,19550.0,19847.50516586965,19252.508397465102,19827.404367463078,19272.307885449547,21200.0,21660.0,20925.0,10:00,below_val,inside_both,below_week_val,neg,pos
short,2025-03-12 13:55:00-04:00,2025-03-12,2025-03-12 14:30:00-04:00,sl,19539.875,19650.053571428572,19540.0,19649.928571428572,19383.142857142855,46.92857142857143,0.8888888888888888,-419,-25,6,19555.5,19577.5,-110.17857142857247,-2203.5714285714494,-2208.0714285714494,19680.0,19727.5,19537.5,19867.788504143664,19232.52910588088,19861.30136913713,19238.91899890987,21200.0,21660.0,20925.0,13:00,in_va,inside_both,below_week_val,neg,pos
short,2025-03-12 13:50:00-04:00,2025-03-12,2025-03-12 14:45:00-04:00,sl,19601.125,19699.64285714286,19601.25,19699.51785714286,19454.464285714283,48.517857142857146,0.7372881355932204,-332,-82,63,19601.75,19631.75,-98.5178571428587,-1970.357142857174,-1974.857142857174,19680.0,19727.5,19535.0,19865.88945110555,19234.399692165534,19860.10042023212,19240.101945623413,21200.0,21660.0,20925.0,13:00,in_va,inside_both,below_week_val,neg,pos
short,2025-03-13 11:35:00-04:00,2025-03-13,2025-03-13 16:55:00-04:00,eod,19295.625,19293.125,19295.75,19417.821428571428,19116.607142857145,57.07142857142857,0.8070739549839229,-724,-120,6,19324.5,19367.25,2.5,50.0,45.5,19497.5,19570.0,19415.0,19719.808817239886,19427.20233711984,19710.069864788526,19436.940543262725,21200.0,21660.0,20925.0,11:00,below_val,outside_both,below_week_val,neg,pos
short,2025-03-13 15:35:00-04:00,2025-03-13,2025-03-13 16:15:00-04:00,sl,19207.375,19322.785714285714,19207.5,19322.660714285714,19046.178571428572,46.160714285714285,0.925531914893617,-473,-27,16,19236.75,19261.25,-115.41071428571377,-2308.2142857142753,-2312.7142857142753,19320.0,19507.5,19245.0,19856.69702960499,19290.32461467484,19784.271146888186,19362.744947302923,21200.0,21660.0,20925.0,15:00,below_val,outside_both,below_week_val,neg,pos
short,2025-03-14 09:55:00-04:00,2025-03-14,2025-03-14 11:15:00-04:00,sl,19548.375,19646.25,19548.5,19646.125,19414.25,36.625,0.8141891891891891,-393,-75,3,19548.75,19577.0,-97.875,-1957.5,-1962.0,19440.0,19515.0,19365.0,19577.415221952953,19181.578120876533,19548.38686094192,19210.34997646276,21200.0,21660.0,20925.0,09:00,above_vah,inside_14_only,below_week_val,neg,pos
short,2025-03-18 09:40:00-04:00,2025-03-18,2025-03-18 16:55:00-04:00,eod,19507.625,19496.875,19507.75,19633.196428571428,19347.107142857145,35.19642857142857,0.728494623655914,-582,-29,42,19513.0,19550.0,10.75,215.0,210.5,19740.0,19812.5,19682.5,19900.72779196555,19623.259187578515,19892.98518973768,19630.94752082638,20175.0,20570.0,20057.5,09:00,below_val,outside_both,below_week_val,neg,pos
short,2025-03-17 10:25:00-04:00,2025-03-17,2025-03-17 14:10:00-04:00,sl,19715.875,19857.75,19716.0,19857.625,19515.75,58.625,0.7374631268436578,-604,-36,-66,19721.5,19744.25,-141.875,-2837.5,-2842.0,19602.5,19765.0,19555.0,19807.400968030604,19563.036262006983,19814.521108092733,19555.928860518765,20175.0,20570.0,20057.5,10:00,in_va,inside_both,below_week_val,neg,neg
short,2025-03-24 10:05:00-04:00,2025-03-24,2025-03-24 10:30:00-04:00,sl,20280.875,20349.01785714286,20281.0,20348.89285714286,20183.464285714283,29.642857142857142,0.7696629213483146,-739,-70,119,20304.0,20315.75,-68.1428571428587,-1362.857142857174,-1367.357142857174,20245.0,20337.5,20162.5,20387.70528622486,19562.716214086486,20369.04093164591,19580.85927974952,19472.5,19697.5,19405.0,10:00,in_va,inside_both,above_week_vah,neg,pos
short,2025-03-26 09:55:00-04:00,2025-03-26,2025-03-26 11:50:00-04:00,tp,20316.375,20194.053571428572,20316.5,20407.660714285714,20193.928571428572,31.410714285714285,0.8220640569395018,-754,-104,13,20361.75,20401.25,122.32142857142753,2446.4285714285506,2441.9285714285506,20460.0,20490.0,20430.0,20633.283389695356,20323.409145865873,20610.80991603371,20345.79690875663,19472.5,19697.5,19405.0,09:00,below_val,outside_both,above_week_vah,neg,pos
short,2025-03-26 09:45:00-04:00,2025-03-26,2025-03-26 10:10:00-04:00,tp,20399.625,20294.410714285717,20399.75,20479.85714285714,20294.285714285717,25.357142857142858,0.7093023255813954,-1056,-308,113,20410.0,20419.0,105.2142857142826,2104.285714285652,2099.785714285652,20460.0,20480.0,20437.5,20611.545733701783,20345.063897397034,20590.72443524286,20365.8057862565,19472.5,19697.5,19405.0,09:00,below_val,inside_both,above_week_vah,neg,pos
short,2025-03-26 10:15:00-04:00,2025-03-26,2025-03-26 12:50:00-04:00,tp,20278.875,20152.482142857145,20279.0,20365.696428571428,20152.357142857145,39.94642857142857,0.8195876288659794,-609,-18,76,20294.0,20316.25,126.39285714285506,2527.8571428571013,2523.3571428571013,20460.0,20515.0,20382.5,20639.515812229718,20317.2004929431,20635.066611736926,20321.632724790554,19472.5,19697.5,19405.0,10:00,below_val,outside_both,above_week_vah,neg,pos
short,2025-03-26 10:45:00-04:00,2025-03-26,2025-03-26 12:50:00-04:00,tp,20259.875,20153.767857142855,20260.0,20324.928571428572,20153.642857142855,41.42857142857143,0.7378640776699029,-245,-137,11,20270.25,20284.25,106.10714285714494,2122.1428571428987,2117.6428571428987,20460.0,20532.5,20325.0,20666.62696412739,20290.192739290123,20663.587088082648,20293.221021661226,19472.5,19697.5,19405.0,10:00,below_val,outside_both,above_week_vah,neg,pos
short,2025-03-26 12:50:00-04:00,2025-03-26,2025-03-26 15:05:00-04:00,tp,20153.875,20047.696428571428,20154.0,20229.214285714286,20047.571428571428,31.214285714285715,0.8324324324324325,-693,-53,22,20166.25,20170.0,106.17857142857247,2123.5714285714494,2119.0714285714494,20280.0,20465.0,20227.5,20679.701216757407,20277.168350080803,20688.292772846853,20268.609561017347,19472.5,19697.5,19405.0,12:00,below_val,outside_both,above_week_vah,neg,pos
short,2025-03-26 13:15:00-04:00,2025-03-26,2025-03-26 16:55:00-04:00,eod,20120.625,20090.625,20120.75,20174.625,20039.25,27.625,0.7258064516129032,-204,-84,83,20124.75,20139.5,30.0,600.0,595.5,20280.0,20477.5,20227.5,20679.428670205354,20277.43985717739,20689.968833029543,20266.939893100156,19472.5,19697.5,19405.0,13:00,below_val,outside_both,above_week_vah,neg,pos
short,2025-03-26 13:30:00-04:00,2025-03-26,2025-03-26 16:55:00-04:00,eod,20094.625,20090.625,20094.75,20151.89285714286,20009.714285714283,27.892857142857142,0.8307692307692308,-692,-89,24,20112.75,20121.25,4.0,80.0,75.5,20280.0,20487.5,20227.5,20678.06189991959,20278.80141478724,20686.739742271602,20270.156668545285,19472.5,19697.5,19405.0,13:00,below_val,outside_both,above_week_vah,neg,pos
short,2025-03-27 12:55:00-04:00,2025-03-27,2025-03-27 14:10:00-04:00,sl,20008.375,20079.75,20008.5,20079.625,19900.75,36.625,0.8986486486486487,-457,-34,14,20027.75,20058.0,-71.375,-1427.5,-1432.0,20075.0,20137.5,20030.0,20278.2407927459,19841.338582040706,20261.251194566885,19858.275749713408,19472.5,19697.5,19405.0,12:00,below_val,inside_both,above_week_vah,neg,pos
short,2025-03-28 16:05:00-04:00,2025-03-28,2025-03-28 16:55:00-04:00,eod,19414.125,19361.125,19414.25,19480.035714285714,19320.178571428572,28.285714285714285,0.9675324675324676,-752,0,1,19421.5,19435.5,53.0,1060.0,1055.5,19460.0,19747.5,19422.5,20174.810189980228,19734.205643641188,20210.94118840174,19698.230481577866,19472.5,19697.5,19405.0,16:00,below_val,outside_both,in_week_va,zero,pos
short,2025-04-01 12:25:00-04:00,2025-04-01,2025-04-01 14:10:00-04:00,tp,19554.125,19420.303571428572,19554.25,19647.910714285714,19420.178571428572,40.410714285714285,0.7874015748031497,-1315,-196,-4,19573.5,19610.5,133.82142857142753,2676.4285714285506,2671.9285714285506,19365.0,19477.5,19292.5,19591.398884163384,19202.39977981103,19567.462772518298,19226.295819152583,19695.0,19855.0,19557.5,12:00,above_vah,inside_both,below_week_val,neg,neg
short,2025-04-02 16:25:00-04:00,2025-04-02,2025-04-02 16:55:00-04:00,eod,19392.125,19152.375,19392.25,20093.98214285714,18576.285714285717,114.23214285714286,0.9253792537925379,-1444,-66,-18,19491.25,19532.0,239.75,4795.0,4790.5,19747.5,19827.5,19552.5,19839.029928695796,19090.290720388184,19813.98079119881,19114.994758021705,19695.0,19855.0,19557.5,16:00,below_val,inside_both,below_week_val,neg,neg
short,2025-04-02 11:10:00-04:00,2025-04-02,2025-04-02 11:25:00-04:00,sl,19584.625,19683.446428571428,19584.75,19683.321428571428,19438.107142857145,48.07142857142857,0.9521531100478469,-329,-14,30,19585.5,19598.0,-98.82142857142753,-1976.4285714285506,-1980.9285714285506,19600.0,19622.5,19475.0,19773.495145689347,19154.922636193303,19745.58853701127,19182.444777867444,19695.0,19855.0,19557.5,11:00,in_va,inside_both,in_week_va,neg,pos
short,2025-04-02 11:40:00-04:00,2025-04-02,2025-04-02 12:20:00-04:00,sl,19667.625,19749.928571428572,19667.75,19749.803571428572,19545.892857142855,39.80357142857143,0.7808988764044944,-452,-29,121,19683.0,19701.0,-82.30357142857247,-1646.0714285714494,-1650.5714285714494,19600.0,19637.5,19467.5,19747.50587150395,19180.553858331037,19740.18934821868,19187.769582489505,19695.0,19855.0,19557.5,11:00,above_vah,inside_both,in_week_va,neg,pos
short,2025-04-02 14:55:00-04:00,2025-04-02,2025-04-02 15:30:00-04:00,sl,19607.125,19717.803571428572,19607.25,19717.678571428572,19454.392857142855,42.42857142857143,0.9640287769784173,-672,-5,4,19611.5,19635.0,-110.67857142857247,-2213.5714285714494,-2218.0714285714494,19600.0,19737.5,19447.5,19810.633121922896,19118.296306739172,19797.950590767392,19130.804111728125,19695.0,19855.0,19557.5,14:00,in_va,inside_both,in_week_va,neg,pos
short,2025-04-03 13:55:00-04:00,2025-04-03,2025-04-03 15:35:00-04:00,tp,18813.875,18695.660714285717,18814.0,18891.98214285714,18695.535714285717,40.482142857142854,0.9113924050632911,-204,-21,15,18835.0,18880.25,118.2142857142826,2364.285714285652,2359.785714285652,18890.0,19010.0,18835.0,19373.30642374953,18705.825165991355,19328.791049621937,18749.810602106387,19695.0,19855.0,19557.5,13:00,below_val,inside_both,below_week_val,neg,pos
short,2025-04-03 12:30:00-04:00,2025-04-03,2025-04-03 15:30:00-04:00,tp,18901.625,18701.553571428572,18901.75,19044.910714285714,18701.428571428572,57.160714285714285,0.7890173410404624,-373,-13,72,18917.75,18968.5,200.07142857142753,4001.4285714285506,3996.9285714285506,18890.0,19025.0,18835.0,19354.692138775597,18724.217855227238,19308.67144742407,18769.690688356986,19695.0,19855.0,19557.5,12:00,in_va,inside_both,below_week_val,neg,pos
short,2025-04-04 12:15:00-04:00,2025-04-04,2025-04-04 16:20:00-04:00,tp,17805.625,17426.053571428572,17805.75,18071.660714285714,17425.928571428572,113.91071428571429,0.8260869565217391,-561,-190,131,17844.0,17867.75,379.57142857142753,7591.428571428551,7586.928571428551,18150.0,18205.0,17867.5,18835.074264688457,17972.868099939056,18795.19189272534,18011.693985227652,19695.0,19855.0,19557.5,12:00,below_val,outside_both,below_week_val,neg,pos
short,2025-04-04 13:10:00-04:00,2025-04-04,2025-04-04 13:40:00-04:00,sl,17673.625,17823.410714285714,17673.75,17823.285714285714,17443.928571428572,80.28571428571429,0.7957317073170732,-512,-145,10,17724.5,17752.5,-149.78571428571377,-2995.7142857142753,-3000.2142857142753,18150.0,18247.5,17825.0,18877.276336078605,17931.78396421487,18812.73005335788,17994.620411631735,19695.0,19855.0,19557.5,13:00,below_val,outside_both,below_week_val,neg,pos
short,2025-04-04 15:55:00-04:00,2025-04-04,2025-04-04 16:55:00-04:00,eod,17534.625,17483.375,17534.75,17707.321428571428,17264.607142857145,97.57142857142857,0.8892307692307693,-1599,-175,4,17570.75,17613.5,51.25,1025.0,1020.5,17750.0,18165.0,17692.5,18890.965958896173,17918.456980412335,18866.12480616953,17942.64008935814,19695.0,19855.0,19557.5,15:00,below_val,outside_both,below_week_val,neg,pos
short,2025-04-08 15:35:00-04:00,2025-04-08,2025-04-08 16:05:00-04:00,sl,17059.125,17290.053571428572,17059.25,17289.928571428572,16728.892857142855,99.67857142857143,0.8460291734197731,-206,-62,1,17149.75,17286.0,-230.92857142857247,-4618.571428571449,-4623.071428571449,18130.0,18342.5,17705.0,18479.015938861,17309.67750297811,18375.992690225623,17409.739269561996,20080.0,20410.0,19835.0,15:00,below_val,outside_both,below_week_val,neg,pos
short,2025-04-07 15:05:00-04:00,2025-04-07,2025-04-07 16:05:00-04:00,sl,17474.625,17690.946428571428,17474.75,17690.821428571428,17140.607142857145,118.07142857142857,0.7146171693735499,-342,-61,-4,17494.25,17538.0,-216.32142857142753,-4326.428571428551,-4330.928571428551,17300.0,17760.0,16880.0,17742.267922467992,16674.252665392833,17685.2636928391,16729.436717927056,20080.0,20410.0,19835.0,15:00,in_va,inside_both,below_week_val,neg,neg
short,2025-04-07 14:50:00-04:00,2025-04-07,2025-04-07 16:55:00-04:00,eod,17557.375,17628.875,17557.5,17788.10714285714,17203.785714285717,123.10714285714286,0.7717842323651453,-304,-127,16,17602.0,17713.5,-71.5,-1430.0,-1434.5,17300.0,17605.0,16742.5,17740.071411906534,16676.37904013738,17672.02719107199,16742.250570752385,20080.0,20410.0,19835.0,14:00,in_va,inside_both,below_week_val,neg,pos
short,2025-04-09 10:50:00-04:00,2025-04-09,2025-04-09 12:35:00-04:00,sl,17273.625,17514.48214285714,17273.75,17514.35714285714,16910.785714285717,122.35714285714286,0.7019064124783362,-555,-419,45,17303.75,17367.5,-240.8571428571413,-4817.142857142826,-4821.642857142826,17400.0,17535.0,17037.5,17469.270843178147,16971.55273300655,17381.19258326262,17059.510876910703,20080.0,20410.0,19835.0,10:00,in_va,inside_both,below_week_val,neg,pos
short,2025-04-10 09:55:00-04:00,2025-04-10,2025-04-10 11:45:00-04:00,tp,18661.625,18386.196428571428,18661.75,18847.964285714286,18386.071428571428,89.46428571428571,0.845771144278607,-295,-27,12,18679.75,18729.25,275.42857142857247,5508.571428571449,5504.071428571449,18817.5,18992.5,18710.0,19479.538197255082,18668.376669332632,19455.119645801842,18692.085192117655,20080.0,20410.0,19835.0,09:00,below_val,outside_both,below_week_val,neg,pos
short,2025-04-10 11:55:00-04:00,2025-04-10,2025-04-10 12:20:00-04:00,tp,18277.875,17987.446428571428,18278.0,18486.839285714286,17987.321428571428,81.83928571428571,0.760539629005059,-269,-93,123,18303.0,18370.5,290.42857142857247,5808.571428571449,5804.071428571449,18645.0,18972.5,18575.0,19596.200554466803,18555.106553396177,19520.98929431517,18628.13086355684,20080.0,20410.0,19835.0,11:00,below_val,outside_both,below_week_val,neg,pos
short,2025-04-21 09:55:00-04:00,2025-04-21,2025-04-21 11:30:00-04:00,tp,17994.375,17851.017857142855,17994.5,18098.553571428572,17850.892857142855,39.55357142857143,0.9307692307692308,-817,-5,54,18030.25,18137.25,143.35714285714494,2867.1428571428987,2862.6428571428987,18102.5,18205.0,18050.0,18559.570207085515,17999.56506888768,18528.50630539522,18030.125785183413,17250.0,18265.0,16555.0,09:00,below_val,outside_both,in_week_va,neg,pos
short,2025-04-14 11:25:00-04:00,2025-04-14,2025-04-14 12:10:00-04:00,tp,18945.375,18756.553571428572,18945.5,19080.660714285714,18756.428571428572,53.910714285714285,0.9064327485380117,-539,-24,8,18987.75,19071.0,188.82142857142753,3776.4285714285506,3771.9285714285506,19140.0,19155.0,19030.0,19462.373888177808,18595.05533681102,19384.10340851174,18671.651091935568,19400.0,19712.5,18675.0,11:00,below_val,inside_both,in_week_va,neg,pos
short,2025-04-14 12:55:00-04:00,2025-04-14,2025-04-14 13:00:00-04:00,sl,18784.375,18922.25,18784.5,18922.125,18582.0,64.875,0.8823529411764706,-242,-27,52,18803.5,18823.5,-137.875,-2757.5,-2762.0,19140.0,19197.5,18975.0,19616.786797506407,18443.946343465614,19435.750956942466,18621.108627020818,19400.0,19712.5,18675.0,12:00,below_val,inside_both,in_week_va,neg,pos
short,2025-04-15 12:50:00-04:00,2025-04-15,2025-04-15 16:55:00-04:00,eod,18992.625,18938.125,18992.75,19092.053571428572,18853.642857142855,39.80357142857143,0.9169960474308301,-213,-86,29,19017.5,19050.5,54.5,1090.0,1085.5,19045.0,19092.5,18970.0,19352.969475137998,18537.905552356457,19184.63618355496,18705.49189778937,19400.0,19712.5,18675.0,12:00,in_va,inside_both,in_week_va,neg,pos
short,2025-04-15 13:50:00-04:00,2025-04-15,2025-04-15 16:55:00-04:00,eod,18915.875,18938.125,18916.0,19027.053571428572,18760.642857142855,44.30357142857143,0.9219330855018587,-511,-1,18,18952.75,18971.0,-22.25,-445.0,-449.5,19045.0,19077.5,18950.0,19615.624219235775,18276.416287458134,19291.149923824945,18599.45079146768,19400.0,19712.5,18675.0,13:00,below_val,inside_both,in_week_va,neg,pos
short,2025-04-17 11:25:00-04:00,2025-04-17,2025-04-17 12:15:00-04:00,sl,18338.625,18451.26785714286,18338.75,18451.14285714286,18169.964285714283,56.392857142857146,0.8257575757575758,-297,-114,11,18373.5,18417.25,-112.6428571428587,-2252.857142857174,-2257.357142857174,18400.0,18565.0,18377.5,18699.911075124677,18168.995235131217,18643.83608900489,18224.67917489746,19400.0,19712.5,18675.0,11:00,below_val,inside_both,below_week_val,neg,pos
short,2025-04-22 13:45:00-04:00,2025-04-22,2025-04-22 14:20:00-04:00,sl,18230.125,18344.214285714286,18230.25,18344.089285714286,18059.321428571428,57.089285714285715,0.8481012658227848,-264,-47,24,18244.0,18285.0,-114.08928571428623,-2281.7857142857247,-2286.2857142857247,18300.0,18512.5,18185.0,18725.354346904747,17348.417701912895,18428.784110548793,17641.095425835858,17250.0,18265.0,16555.0,13:00,in_va,inside_both,in_week_va,neg,pos
short,2025-04-30 09:35:00-04:00,2025-04-30,2025-04-30 11:00:00-04:00,sl,19191.875,19358.178571428572,19192.0,19358.053571428572,18971.392857142855,54.55357142857143,0.9175946547884187,-693,-14,28,19219.25,19235.25,-166.30357142857247,-3326.0714285714494,-3330.5714285714494,19262.5,19542.5,19230.0,19660.47083448835,19255.766747687612,19662.85460396217,19253.421017896435,18387.5,18955.0,18125.0,09:00,below_val,outside_both,above_week_vah,neg,pos
short,2025-04-28 11:25:00-04:00,2025-04-28,2025-04-28 14:25:00-04:00,sl,19318.625,19405.803571428572,19318.75,19405.678571428572,19182.892857142855,48.92857142857143,0.7888888888888889,-250,-124,1,19352.75,19362.75,-87.17857142857247,-1743.5714285714494,-1748.0714285714494,19490.0,19540.0,19437.5,19746.004447193245,19357.05912579576,19715.32645994495,19387.726915679366,18387.5,18955.0,18125.0,11:00,below_val,outside_both,above_week_vah,neg,pos
short,2025-04-25 13:35:00-04:00,2025-04-25,2025-04-25 16:35:00-04:00,sl,19452.375,19563.803571428572,19452.5,19563.678571428572,19310.142857142855,31.178571428571427,0.7857142857142857,-624,-62,152,19453.25,19466.75,-111.42857142857247,-2228.5714285714494,-2233.0714285714494,19340.0,19405.0,19250.0,19939.547942148893,18711.34439181507,19659.317311514547,18990.915997061442,17250.0,18265.0,16555.0,13:00,above_vah,inside_both,above_week_vah,neg,pos
short,2025-04-28 12:05:00-04:00,2025-04-28,2025-04-28 13:55:00-04:00,sl,19296.625,19368.125,19296.75,19368.0,19180.75,44.75,0.7185185185185186,-262,-22,3,19311.75,19319.25,-71.5,-1430.0,-1434.5,19490.0,19567.5,19432.5,19832.838241224472,19270.254195322552,19744.1369197446,19358.926032478175,18387.5,18955.0,18125.0,12:00,below_val,inside_14_only,above_week_vah,neg,pos
short,2025-04-29 12:45:00-04:00,2025-04-29,2025-04-29 13:45:00-04:00,sl,19510.875,19612.910714285714,19511.0,19612.785714285714,19373.428571428572,35.785714285714285,0.803076923076923,-480,-90,15,19547.5,19562.25,-102.03571428571377,-2040.7142857142753,-2045.2142857142753,19555.0,19587.5,19492.5,19735.204916260365,19176.030718831793,19693.536706163333,19217.577027961324,18387.5,18955.0,18125.0,12:00,in_va,inside_both,above_week_vah,neg,pos
short,2025-04-30 12:20:00-04:00,2025-04-30,2025-04-30 13:25:00-04:00,sl,19388.125,19457.5,19388.25,19457.375,19282.5,36.625,0.7328767123287672,-519,-117,8,19392.5,19412.75,-69.375,-1387.5,-1392.0,19425.0,19472.5,19182.5,19851.819648490928,19067.471437070726,19826.837803551323,19092.05462708006,18387.5,18955.0,18125.0,12:00,in_va,inside_both,above_week_vah,neg,pos
short,2025-05-01 09:55:00-04:00,2025-05-01,2025-05-01 10:25:00-04:00,sl,19876.875,19985.339285714286,19877.0,19985.214285714286,19727.571428571428,41.214285714285715,0.7886904761904762,-746,-127,1,19888.25,19910.5,-108.46428571428623,-2169.2857142857247,-2173.7857142857247,19930.0,19987.5,19917.5,20067.169479496893,19752.920413910466,20079.1668566366,19740.99662741217,18387.5,18955.0,18125.0,09:00,below_val,inside_both,above_week_vah,neg,pos
short,2025-05-06 09:50:00-04:00,2025-05-06,2025-05-06 10:10:00-04:00,sl,19753.875,19830.339285714286,19754.0,19830.214285714286,19648.071428571428,29.714285714285715,0.8666666666666667,-625,-171,12,19757.25,19778.5,-76.46428571428623,-1529.2857142857247,-1533.7857142857247,19840.0,19902.5,19785.0,20114.623710056407,19724.017318294023,20133.37995964909,19705.49198611765,19255.0,19590.0,18375.0,09:00,below_val,inside_both,above_week_vah,neg,pos
short,2025-05-02 15:00:00-04:00,2025-05-02,2025-05-02 16:55:00-04:00,eod,20195.125,20204.625,20195.25,20242.660714285714,20127.178571428572,20.660714285714285,0.8947368421052632,-280,-65,4,20196.25,20216.0,-9.5,-190.0,-194.5,20250.0,20262.5,20062.5,20349.302676401363,19544.45146134734,20437.362220214865,19457.67176357403,18387.5,18955.0,18125.0,15:00,in_va,inside_both,above_week_vah,neg,pos
short,2025-05-02 15:45:00-04:00,2025-05-02,2025-05-02 16:55:00-04:00,eod,20155.875,20204.625,20156.0,20238.26785714286,20043.214285714283,30.517857142857142,0.9009009009009009,-689,-48,-7,20179.25,20195.5,-48.75,-975.0,-979.5,20217.5,20262.5,20072.5,20327.68984105217,19565.750178538055,20502.7612615731,19393.223223439058,18387.5,18955.0,18125.0,15:00,in_va,inside_both,above_week_vah,neg,neg
short,2025-05-05 10:30:00-04:00,2025-05-05,2025-05-05 10:55:00-04:00,sl,20018.125,20105.48214285714,20018.25,20105.35714285714,19888.035714285717,43.107142857142854,0.9021739130434783,-489,-55,13,20029.25,20058.0,-87.3571428571413,-1747.142857142826,-1751.642857142826,20060.0,20070.0,19997.5,20337.91270850341,19878.119947272622,20363.603550575746,19852.67610196202,19255.0,19590.0,18375.0,10:00,in_va,inside_both,above_week_vah,neg,pos
short,2025-05-06 12:05:00-04:00,2025-05-06,2025-05-06 12:10:00-04:00,sl,19886.625,19939.660714285714,19886.75,19939.535714285714,19805.428571428572,28.535714285714285,0.7719298245614035,-218,-39,92,19888.5,19910.25,-53.035714285713766,-1060.7142857142753,-1065.2142857142753,19900.0,19967.5,19830.0,20237.976320642123,19602.18336238341,20240.24037712733,19599.947179811446,19255.0,19590.0,18375.0,12:00,in_va,inside_both,above_week_vah,neg,pos
short,2025-05-06 11:40:00-04:00,2025-05-06,2025-05-06 12:10:00-04:00,sl,19907.375,19976.125,19907.5,19976.0,19810.25,28.75,0.7783783783783784,-348,-122,40,19916.25,19942.75,-68.75,-1375.0,-1379.5,19900.0,19967.5,19827.5,20207.13341682519,19632.646544037572,20223.88858648123,19616.09765551826,19255.0,19590.0,18375.0,11:00,in_va,inside_both,above_week_vah,neg,pos
short,2025-05-07 10:50:00-04:00,2025-05-07,2025-05-07 14:05:00-04:00,tp,19848.625,19696.696428571428,19848.75,19963.464285714286,19696.571428571428,37.464285714285715,0.8338278931750742,-545,-92,84,19909.0,19930.25,151.92857142857247,3038.5714285714494,3034.0714285714494,19940.0,20007.5,19885.0,19978.683247947378,19767.776652619432,20073.641449616993,19673.070168085327,19255.0,19590.0,18375.0,10:00,below_val,inside_both,above_week_vah,neg,pos
short,2025-05-07 10:45:00-04:00,2025-05-07,2025-05-07 11:05:00-04:00,tp,19918.875,19805.696428571428,19919.0,19997.464285714286,19805.571428571428,34.964285714285715,0.8359788359788359,-466,-29,28,19949.25,19965.75,113.17857142857247,2263.5714285714494,2259.0714285714494,19940.0,20002.5,19872.5,19980.487474927955,19765.97720832049,20067.657241144778,19679.03851349581,19255.0,19590.0,18375.0,10:00,in_va,inside_both,above_week_vah,neg,pos
short,2025-05-07 11:45:00-04:00,2025-05-07,2025-05-07 12:55:00-04:00,sl,19796.875,19897.26785714286,19797.0,19897.14285714286,19655.714285714283,41.142857142857146,0.8547717842323651,-390,-12,103,19797.5,19821.0,-100.3928571428587,-2007.857142857174,-2012.357142857174,19940.0,20050.0,19867.5,20025.68914940387,19720.895355364148,20089.866938586285,19656.887689972744,19255.0,19590.0,18375.0,11:00,below_val,inside_both,above_week_vah,neg,pos
short,2025-05-08 13:55:00-04:00,2025-05-08,2025-05-08 14:40:00-04:00,sl,20250.625,20313.821428571428,20250.75,20313.696428571428,20164.857142857145,22.946428571428573,0.8693181818181818,-502,-38,14,20256.75,20292.0,-63.19642857142753,-1263.9285714285506,-1268.4285714285506,20290.0,20337.5,20105.0,20326.890515590458,19795.279846010188,20492.28208103635,19631.57394076859,19255.0,19590.0,18375.0,13:00,in_va,inside_both,above_week_vah,neg,pos
short,2025-05-09 10:20:00-04:00,2025-05-09,2025-05-09 10:35:00-04:00,tp,20179.375,20087.303571428572,20179.5,20241.160714285714,20087.178571428572,30.660714285714285,0.7611940298507462,-498,-69,114,20204.75,20228.0,92.07142857142753,1841.4285714285506,1836.9285714285506,20250.0,20267.5,20185.0,20318.094879347456,20065.47375231882,20426.003400884554,19957.942673205158,19255.0,19590.0,18375.0,10:00,below_val,inside_both,above_week_vah,neg,pos
short,2025-05-09 10:15:00-04:00,2025-05-09,2025-05-09 10:35:00-04:00,tp,20205.625,20099.839285714283,20205.75,20283.01785714286,20099.714285714283,28.767857142857142,0.8862559241706162,-556,-116,15,20231.25,20260.75,105.7857142857174,2115.714285714348,2111.214285714348,20250.0,20270.0,20185.0,20323.58467272077,20060.003161144607,20416.630570734644,19967.28271907005,19255.0,19590.0,18375.0,10:00,in_va,inside_both,above_week_vah,neg,pos
short,2025-05-12 10:25:00-04:00,2025-05-12,2025-05-12 12:45:00-04:00,sl,20741.625,20861.5,20741.75,20861.375,20570.75,51.375,0.7774566473988439,-526,24,7,20746.5,20786.25,-119.875,-2397.5,-2402.0,20800.0,20932.5,20750.0,20981.31028419157,20086.490719419402,21077.89767858263,19993.470118955735,19515.0,19930.0,19110.0,10:00,below_val,inside_both,above_week_vah,pos,pos
short,2025-05-12 10:55:00-04:00,2025-05-12,2025-05-12 12:45:00-04:00,sl,20770.375,20861.85714285714,20770.5,20861.73214285714,20632.785714285717,46.482142857142854,0.7889447236180904,-315,-98,47,20778.25,20791.75,-91.4821428571413,-1829.642857142826,-1834.142857142826,20792.5,20940.0,20747.5,21017.166420591715,20051.958683854344,21117.84985703942,19954.993300595404,19515.0,19930.0,19110.0,10:00,in_va,inside_both,above_week_vah,neg,pos
short,2025-05-13 12:00:00-04:00,2025-05-13,2025-05-13 12:35:00-04:00,sl,21258.375,21310.678571428572,21258.5,21310.553571428572,21183.392857142855,23.053571428571427,0.7391304347826086,-540,-135,25,21272.0,21289.5,-52.30357142857247,-1046.0714285714494,-1050.5714285714494,21285.0,21302.5,21000.0,21126.918107105525,20834.858731671287,21208.241215232658,20753.71952926131,19515.0,19930.0,19110.0,12:00,in_va,outside_both,above_week_vah,neg,pos
short,2025-05-14 13:20:00-04:00,2025-05-14,2025-05-14 13:50:00-04:00,sl,21293.125,21359.535714285714,21293.25,21359.410714285714,21201.928571428572,25.160714285714285,0.7630331753554502,-484,-84,-1,21297.75,21331.5,-66.41071428571377,-1328.2142857142753,-1332.7142857142753,21340.0,21387.5,21307.5,21425.504471188935,21144.3072973409,21598.493957112478,20971.804768531823,19515.0,19930.0,19110.0,13:00,below_val,inside_both,above_week_vah,neg,neg
short,2025-05-15 14:15:00-04:00,2025-05-15,2025-05-15 15:25:00-04:00,tp,21387.125,21304.875,21387.25,21446.625,21304.75,23.125,0.9178082191780822,-456,-19,-1,21415.25,21429.75,82.25,1645.0,1640.5,21300.0,21417.5,21237.5,21541.341284113838,21161.552169776052,21767.819229818197,20936.103440778414,19515.0,19930.0,19110.0,14:00,in_va,inside_both,above_week_vah,neg,neg
short,2025-05-16 16:50:00-04:00,2025-05-16,2025-05-16 16:55:00-04:00,eod,21392.125,21400.375,21392.25,21478.76785714286,21285.714285714283,20.017857142857142,0.9134948096885813,-215,-49,5,21434.25,21445.25,-8.25,-165.0,-169.5,21430.0,21472.5,21387.5,,,,,19515.0,19930.0,19110.0,16:00,in_va,no_bands,above_week_vah,neg,pos
short,2025-05-16 15:30:00-04:00,2025-05-16,2025-05-16 15:55:00-04:00,sl,21480.625,21512.053571428572,21480.75,21511.928571428572,21434.642857142855,14.928571428571429,0.7142857142857143,-241,-39,9,21485.0,21495.0,-31.428571428572468,-628.5714285714494,-633.0714285714494,21430.0,21467.5,21395.0,21593.34246017898,21270.82520723864,21884.648126954537,20980.48637538833,19515.0,19930.0,19110.0,15:00,above_vah,inside_both,above_week_vah,neg,pos
short,2025-05-20 15:00:00-04:00,2025-05-20,2025-05-20 15:20:00-04:00,sl,21309.125,21378.48214285714,21309.25,21378.35714285714,21212.035714285717,28.107142857142858,0.8586956521739131,-516,-11,32,21341.5,21352.5,-69.3571428571413,-1387.142857142826,-1391.642857142826,21427.5,21462.5,21395.0,21647.614505063866,21283.016805459283,21887.571300587075,21044.21981412506,20140.0,20197.5,19872.5,15:00,below_val,inside_both,above_week_vah,neg,pos
short,2025-05-21 13:20:00-04:00,2025-05-21,2025-05-21 15:20:00-04:00,tp,21271.375,21088.875,21271.5,21416.75,21088.75,37.5,0.8952991452991453,-725,-163,32,21376.0,21396.75,182.5,3650.0,3645.5,21395.0,21462.5,21267.5,21560.811035402527,21138.86751542617,21706.327415196443,20994.31071493411,20140.0,20197.5,19872.5,13:00,in_va,inside_both,above_week_vah,neg,pos
short,2025-05-21 15:05:00-04:00,2025-05-21,2025-05-21 16:55:00-04:00,eod,21113.625,21145.625,21113.75,21247.714285714286,20929.821428571428,49.964285714285715,0.792507204610951,-312,20,38,21159.5,21203.5,-32.0,-640.0,-644.5,21395.0,21432.5,21220.0,21556.702955714274,21142.9485051865,21807.10561341759,20894.197078827758,20140.0,20197.5,19872.5,15:00,below_val,inside_90_only,above_week_vah,pos,pos
short,2025-05-21 14:00:00-04:00,2025-05-21,2025-05-21 16:55:00-04:00,eod,21223.875,21145.625,21224.0,21349.696428571428,21029.107142857145,69.19642857142857,0.7755102040816326,-407,-82,30,21239.25,21268.25,78.25,1565.0,1560.5,21395.0,21435.0,21232.5,21551.127477702485,21148.48721679917,21784.783067883105,20916.37242270226,20140.0,20197.5,19872.5,14:00,below_val,inside_both,above_week_vah,neg,pos
short,2025-05-30 12:25:00-04:00,2025-05-30,2025-05-30 14:50:00-04:00,sl,21175.375,21304.589285714286,21175.5,21304.464285714286,21004.071428571428,42.464285714285715,0.7742718446601942,-1301,-285,131,21192.75,21234.25,-129.21428571428623,-2584.2857142857247,-2588.7857142857247,21370.0,21382.5,21310.0,21524.819115419086,21242.20049914001,21620.73865195726,21146.29441869768,21325.0,21517.5,21192.5,12:00,below_val,inside_90_only,below_week_val,neg,pos
short,2025-05-29 11:55:00-04:00,2025-05-29,2025-05-29 16:55:00-04:00,eod,21348.625,21385.125,21348.75,21485.535714285714,21169.678571428572,42.285714285714285,0.7919320594479831,-522,142,13,21380.5,21415.25,-36.5,-730.0,-734.5,21445.0,21707.5,21385.0,21772.26966791831,21427.65530055519,21879.264574562454,21321.397166339928,21325.0,21517.5,21192.5,11:00,below_val,inside_90_only,in_week_va,pos,pos
short,2025-05-30 12:15:00-04:00,2025-05-30,2025-05-30 12:30:00-04:00,tp,21279.875,21158.303571428572,21280.0,21365.285714285714,21158.178571428572,36.535714285714285,0.7242798353909465,-260,-65,7,21288.25,21301.75,121.57142857142753,2431.4285714285506,2426.9285714285506,21370.0,21382.5,21312.5,21529.22271063876,21237.797521679775,21606.61927873948,21160.411811175705,21325.0,21517.5,21192.5,12:00,below_val,inside_both,in_week_va,neg,pos
short,2025-06-04 09:50:00-04:00,2025-06-04,2025-06-04 10:05:00-04:00,tp,21743.375,21660.875,21743.5,21801.375,21660.75,24.875,0.7797619047619048,-342,-94,8,21749.0,21756.25,82.5,1650.0,1645.5,21702.5,21747.5,21677.5,21815.64361654388,21598.262579860133,21825.95695994809,21587.967156606603,21422.5,21542.5,21190.0,09:00,in_va,inside_both,above_week_vah,neg,pos
short,2025-06-05 12:55:00-04:00,2025-06-05,2025-06-05 13:15:00-04:00,sl,21687.125,21766.410714285714,21687.25,21766.285714285714,21568.928571428572,39.285714285714285,0.7714285714285715,-592,-93,67,21695.5,21713.0,-79.28571428571377,-1585.7142857142753,-1590.2142857142753,21750.0,21840.0,21715.0,21979.621760155478,21581.121248845888,22060.102160104027,21500.877911359792,21422.5,21542.5,21190.0,12:00,below_val,inside_both,above_week_vah,neg,pos
short,2025-06-05 09:35:00-04:00,2025-06-05,2025-06-05 10:40:00-04:00,sl,21748.375,21850.035714285714,21748.5,21849.910714285714,21603.178571428572,43.910714285714285,0.7878787878787878,-416,-34,21,21761.5,21805.5,-101.66071428571377,-2033.2142857142753,-2037.7142857142753,21750.0,21810.0,21730.0,21865.06535770764,21695.340214813885,21868.96137566894,21691.455672933873,21422.5,21542.5,21190.0,09:00,in_va,inside_both,above_week_vah,neg,pos
short,2025-06-05 12:05:00-04:00,2025-06-05,2025-06-05 12:15:00-04:00,tp,21890.375,21817.053571428572,21890.5,21941.660714285714,21816.928571428572,22.410714285714285,0.7278911564625851,-354,-73,127,21904.0,21911.25,73.32142857142753,1466.4285714285506,1461.9285714285506,21750.0,21837.5,21725.0,21955.260071041765,21605.411178350863,22028.88186579723,21532.006243401844,21422.5,21542.5,21190.0,12:00,above_vah,inside_both,above_week_vah,neg,pos
short,2025-06-06 11:15:00-04:00,2025-06-06,2025-06-06 16:55:00-04:00,eod,21770.625,21809.625,21770.75,21877.428571428572,21629.642857142855,34.42857142857143,0.7887323943661971,-411,-59,3,21812.25,21819.75,-39.0,-780.0,-784.5,21830.0,21870.0,21690.0,21909.860058485938,21404.344179636664,21971.965747020025,21343.04409642574,21422.5,21542.5,21190.0,11:00,in_va,inside_both,above_week_vah,neg,pos
short,2025-06-10 10:55:00-04:00,2025-06-10,2025-06-10 11:30:00-04:00,tp,21853.125,21787.803571428572,21853.25,21896.785714285714,21787.678571428572,22.035714285714285,0.826530612244898,-357,-88,17,21860.0,21874.0,65.32142857142753,1306.4285714285506,1301.9285714285506,21872.5,21882.5,21822.5,21914.92614899847,21743.624293091445,22029.376491383624,21629.247328909663,21450.0,21517.5,21297.5,10:00,in_va,inside_both,above_week_vah,neg,pos
short,2025-06-11 09:30:00-04:00,2025-06-11,2025-06-11 11:00:00-04:00,sl,21972.125,22062.160714285714,21972.25,22062.035714285714,21845.428571428572,37.035714285714285,0.72,-553,-377,57,22005.75,22027.25,-90.03571428571377,-1800.7142857142753,-1805.2142857142753,21930.0,22017.5,21865.0,22023.059225958372,21945.208254027537,22026.616967763635,21941.661217482677,21450.0,21517.5,21297.5,09:00,in_va,inside_both,above_week_vah,neg,pos
short,2025-06-11 13:45:00-04:00,2025-06-11,2025-06-11 14:00:00-04:00,tp,21948.875,21869.232142857145,21949.0,22005.946428571428,21869.107142857145,22.946428571428573,0.8639455782312925,-377,-15,24,21957.0,21964.75,79.64285714285506,1592.8571428571013,1588.3571428571013,21975.0,22047.5,21952.5,22162.399876118165,21806.286880483724,22352.07850277191,21617.178997633844,21450.0,21517.5,21297.5,13:00,below_val,inside_both,above_week_vah,neg,pos
short,2025-06-23 10:55:00-04:00,2025-06-23,2025-06-23 12:25:00-04:00,tp,21953.875,21858.589285714283,21954.0,22018.89285714286,21858.464285714283,30.642857142857142,0.7124183006535948,-253,-180,90,21970.5,21984.75,95.2857142857174,1905.714285714348,1901.214285714348,21982.5,22017.5,21825.0,21980.360443633934,21375.593074002805,22057.73003230542,21299.583779207158,21870.0,21975.0,21775.0,10:00,in_va,inside_both,in_week_va,neg,pos
short,2025-06-23 11:25:00-04:00,2025-06-23,2025-06-23 12:30:00-04:00,tp,21946.375,21853.482142857145,21946.5,22012.696428571428,21853.357142857145,26.946428571428573,0.8841463414634146,-545,-58,19,21950.0,21955.0,92.89285714285506,1857.8571428571013,1853.3571428571013,21982.5,22017.5,21835.0,21973.242552648706,21382.585819906068,22037.051652178125,21319.898596927927,21870.0,21975.0,21775.0,11:00,in_va,inside_both,in_week_va,neg,pos
short,2025-06-23 12:20:00-04:00,2025-06-23,2025-06-23 12:30:00-04:00,tp,21889.125,21798.696428571428,21889.25,21952.214285714286,21798.571428571428,27.714285714285715,0.7875,-312,-237,41,21908.0,21922.0,90.42857142857247,1808.5714285714494,1804.0714285714494,21982.5,22007.5,21850.0,21980.660802977105,21375.297995506822,22096.34370044346,21261.649007482985,21870.0,21975.0,21775.0,12:00,in_va,inside_both,in_week_va,neg,pos
short,2025-06-25 11:30:00-04:00,2025-06-25,2025-06-25 16:55:00-04:00,eod,22438.125,22472.625,22438.25,22486.625,22367.0,22.875,0.7122302158273381,-460,-60,3,22445.0,22456.5,-34.5,-690.0,-694.5,22497.5,22545.0,22465.0,22600.180912140288,22306.729342340728,22673.16627842272,22234.039177717576,21870.0,21975.0,21775.0,11:00,below_val,inside_both,above_week_vah,neg,pos
short,2025-06-30 11:10:00-04:00,2025-06-30,2025-06-30 12:05:00-04:00,sl,22815.125,22864.678571428572,22815.25,22864.553571428572,22742.892857142855,23.053571428571427,0.7575757575757576,-623,-225,64,22817.25,22829.75,-49.55357142857247,-991.0714285714494,-995.5714285714494,22820.0,22862.5,22800.0,22992.93762752636,22619.759134768603,23046.32832274901,22566.67540671819,21945.0,21995.0,21782.5,11:00,in_va,inside_both,above_week_vah,neg,pos
short,2025-06-30 13:30:00-04:00,2025-06-30,2025-06-30 15:00:00-04:00,sl,22822.375,22854.035714285714,22822.5,22853.910714285714,22776.928571428572,14.160714285714286,0.7023809523809523,-249,-146,46,22829.5,22839.25,-31.660714285713766,-633.2142857142753,-637.7142857142753,22835.0,22860.0,22810.0,23007.193577551476,22605.585148625927,23200.288978510005,22413.599940163647,21945.0,21995.0,21782.5,13:00,in_va,inside_both,above_week_vah,neg,pos
short,2025-07-01 11:05:00-04:00,2025-07-01,2025-07-01 13:50:00-04:00,sl,22638.375,22759.339285714286,22638.5,22759.214285714286,22476.571428571428,41.214285714285715,0.8198924731182796,-678,125,128,22674.5,22713.0,-120.96428571428623,-2419.2857142857247,-2423.7857142857247,22805.0,22865.0,22755.0,22992.15612819309,22677.197603547032,23059.682207818096,22609.861994021,21945.0,21995.0,21782.5,11:00,below_val,inside_90_only,above_week_vah,pos,pos
short,2025-07-07 10:30:00-04:00,2025-07-07,2025-07-07 12:20:00-04:00,tp,22918.875,22834.017857142855,22919.0,22971.803571428572,22833.892857142855,32.30357142857143,0.891566265060241,-215,-5,7,22931.0,22937.5,84.85714285714494,1697.1428571428987,1692.6428571428987,22945.0,22970.0,22925.0,23027.125622964908,22823.007813241307,23095.168499149957,22755.07318523299,22420.0,22817.5,22315.0,10:00,below_val,inside_both,above_week_vah,neg,pos
short,2025-07-07 14:15:00-04:00,2025-07-07,2025-07-07 16:55:00-04:00,eod,22823.625,22839.125,22823.75,22896.214285714286,22724.821428571428,26.464285714285715,0.8082191780821918,-1012,-165,9,22833.5,22874.75,-15.5,-310.0,-314.5,22920.0,22962.5,22885.0,,,23320.009801776774,22530.5895785536,22420.0,22817.5,22315.0,14:00,below_val,inside_90_only,above_week_vah,neg,pos
short,2025-07-10 10:00:00-04:00,2025-07-10,2025-07-10 11:25:00-04:00,sl,22920.875,22988.660714285714,22921.0,22988.535714285714,22826.178571428572,27.285714285714285,0.8688524590163934,-207,-96,2,22956.25,22965.0,-67.78571428571377,-1355.7142857142753,-1360.2142857142753,23035.0,23077.5,23005.0,23119.018000914664,22997.29065438333,23190.59402856949,22925.805365752196,22420.0,22817.5,22315.0,10:00,below_val,outside_both,above_week_vah,neg,pos
short,2025-07-10 09:45:00-04:00,2025-07-10,2025-07-10 10:05:00-04:00,tp,22993.375,22913.267857142855,22993.5,23053.803571428572,22913.142857142855,20.053571428571427,0.8055555555555556,-526,-54,51,23021.75,23032.25,80.10714285714494,1602.1428571428987,1597.6428571428987,23035.0,23077.5,23020.0,23110.12834886674,23006.169036759347,23163.37541192858,22952.989476556704,22420.0,22817.5,22315.0,09:00,below_val,inside_90_only,above_week_vah,neg,pos
short,2025-07-10 12:05:00-04:00,2025-07-10,2025-07-10 13:40:00-04:00,sl,22990.625,23030.85714285714,22990.75,23030.73214285714,22932.035714285717,18.732142857142858,0.8876404494382022,-397,-23,9,22998.25,23011.25,-40.2321428571413,-804.642857142826,-809.142857142826,22962.5,23047.5,22947.5,23160.343259823927,22956.01778471346,23279.15532616335,22837.356339905513,22420.0,22817.5,22315.0,12:00,in_va,inside_both,above_week_vah,neg,pos
short,2025-07-11 11:10:00-04:00,2025-07-11,2025-07-11 11:40:00-04:00,sl,22915.625,22984.839285714286,22915.75,22984.714285714286,22823.071428571428,23.714285714285715,0.824468085106383,-650,-29,94,22942.0,22950.75,-69.21428571428623,-1384.2857142857247,-1388.7857142857247,22955.0,22987.5,22892.5,23100.51823660275,22825.104497118158,23176.21458038818,22749.71985383571,22420.0,22817.5,22315.0,11:00,in_va,inside_both,above_week_vah,neg,pos
short,2025-07-11 12:40:00-04:00,2025-07-11,2025-07-11 13:05:00-04:00,sl,22972.375,23016.071428571428,22972.5,23015.946428571428,22907.857142857145,21.196428571428573,0.7717391304347826,-280,-29,4,22980.75,22991.75,-43.69642857142753,-873.9285714285506,-878.4285714285506,22955.0,23002.5,22915.0,23094.241283345742,22831.35560329472,23236.062139492766,22690.118733506664,22420.0,22817.5,22315.0,12:00,in_va,inside_both,above_week_vah,neg,pos
short,2025-07-11 13:20:00-04:00,2025-07-11,2025-07-11 15:05:00-04:00,tp,22998.875,22946.660714285717,22999.0,23034.10714285714,22946.535714285717,17.357142857142858,0.863013698630137,-221,4,19,23004.75,23008.25,52.214285714282596,1044.285714285652,1039.785714285652,22955.0,23005.0,22917.5,23087.01274015533,22838.55438097156,23292.732079211324,22633.68214784236,22420.0,22817.5,22315.0,13:00,in_va,inside_both,above_week_vah,pos,pos
short,2025-07-11 13:35:00-04:00,2025-07-11,2025-07-11 14:35:00-04:00,sl,22972.125,23017.35714285714,22972.25,23017.23214285714,22909.285714285717,17.982142857142858,0.8015267175572519,-459,-42,13,22993.25,22998.75,-45.2321428571413,-904.642857142826,-909.142857142826,22955.0,23010.0,22920.0,23089.248965800623,22836.327363600056,23361.70275786885,22564.9954749129,22420.0,22817.5,22315.0,13:00,in_va,inside_both,above_week_vah,neg,pos
short,2025-07-16 11:30:00-04:00,2025-07-16,2025-07-16 12:50:00-04:00,sl,22897.125,23034.428571428572,22897.25,23034.303571428572,22710.892857142855,49.30357142857143,0.865979381443299,-577,133,-42,22902.5,22918.75,-137.30357142857247,-2746.0714285714494,-2750.5714285714494,23020.0,23032.5,22970.0,23154.53972055661,22937.656878215243,23231.06981507452,22861.31417658509,22827.5,22945.0,22712.5,11:00,below_val,inside_90_only,in_week_va,pos,neg
short,2025-07-16 11:15:00-04:00,2025-07-16,2025-07-16 15:35:00-04:00,sl,22940.875,23085.375,22941.0,23085.25,22757.25,39.5,0.9157175398633257,-1060,-145,164,22948.75,22971.0,-144.5,-2890.0,-2894.5,23020.0,23027.5,22972.5,23172.904358421267,22919.337208314417,23221.62478488499,22870.736079513463,22827.5,22945.0,22712.5,11:00,below_val,inside_both,in_week_va,neg,pos
short,2025-08-01 09:45:00-04:00,2025-08-01,2025-08-01 10:25:00-04:00,sl,22865.625,22974.553571428572,22865.75,22974.428571428572,22712.392857142855,44.67857142857143,0.8174904942965779,-358,-24,242,22913.25,22946.0,-108.92857142857247,-2178.5714285714494,-2183.0714285714494,23100.0,23172.5,22990.0,23381.431916479432,23036.10678018308,23393.86365264457,23023.804000067234,23255.0,23280.0,23027.5,09:00,below_val,outside_both,below_week_val,neg,pos
short,2025-08-01 09:40:00-04:00,2025-08-01,2025-08-01 12:05:00-04:00,sl,22919.625,23037.196428571428,22919.75,23037.071428571428,22757.607142857145,44.82142857142857,0.9629629629629629,-426,-41,9,22953.0,22984.0,-117.57142857142753,-2351.4285714285506,-2355.9285714285506,23100.0,23172.5,23010.0,23370.71368018869,23046.713834786155,23388.838405759336,23028.777119399532,23255.0,23280.0,23027.5,09:00,below_val,outside_both,below_week_val,neg,pos
short,2025-07-22 09:50:00-04:00,2025-07-22,2025-07-22 14:50:00-04:00,sl,23130.375,23251.214285714286,23130.5,23251.089285714286,22980.821428571428,29.089285714285715,0.7551487414187643,-841,-71,157,23181.25,23185.75,-120.83928571428623,-2416.7857142857247,-2421.2857142857247,23337.5,23350.0,23285.0,23413.5992645461,23279.40358803729,23433.786099766552,23259.217617460494,22905.0,23005.0,22880.0,09:00,below_val,outside_both,above_week_vah,neg,pos
short,2025-07-21 12:20:00-04:00,2025-07-21,2025-07-21 12:35:00-04:00,sl,23360.125,23389.714285714286,23360.25,23389.589285714286,23317.821428571428,13.089285714285714,0.8873239436619719,-333,-125,4,23366.0,23385.25,-29.589285714286234,-591.7857142857247,-596.2857142857247,23392.5,23425.0,23300.0,23329.710285954876,23155.12736888781,23452.31513706196,23032.66881327627,22905.0,23005.0,22880.0,12:00,in_va,inside_90_only,above_week_vah,neg,pos
short,2025-07-21 15:05:00-04:00,2025-07-21,2025-07-21 15:55:00-04:00,tp,23372.625,23337.482142857145,23372.75,23397.821428571428,23337.357142857145,10.321428571428571,0.7164179104477612,-449,-42,153,23376.5,23382.75,35.142857142855064,702.8571428571013,698.3571428571013,23392.5,23422.5,23362.5,23344.813114032222,23140.042561922175,23607.89785247267,22877.27174345987,22905.0,23005.0,22880.0,15:00,in_va,inside_90_only,above_week_vah,neg,pos
short,2025-07-22 12:25:00-04:00,2025-07-22,2025-07-22 13:25:00-04:00,sl,23172.875,23224.85714285714,23173.0,23224.73214285714,23100.035714285717,21.232142857142858,0.7484276729559748,-344,-128,13,23194.5,23207.75,-51.9821428571413,-1039.642857142826,-1044.142857142826,23220.0,23277.5,23110.0,23433.371895074477,23259.63180441133,23542.66933897131,23150.33904194868,22905.0,23005.0,22880.0,12:00,in_va,inside_90_only,above_week_vah,neg,pos
short,2025-07-23 10:10:00-04:00,2025-07-23,2025-07-23 10:55:00-04:00,sl,23150.375,23202.875,23150.5,23202.75,23067.75,30.5,0.7058823529411765,-311,-283,152,23151.0,23159.5,-52.5,-1050.0,-1054.5,23242.5,23270.0,23197.5,23354.31527393819,23106.43410613709,23370.780838171846,23090.012782290538,22905.0,23005.0,22880.0,10:00,below_val,inside_both,above_week_vah,neg,pos
short,2025-07-24 12:00:00-04:00,2025-07-24,2025-07-24 13:10:00-04:00,sl,23366.875,23404.5,23367.0,23404.375,23314.0,15.625,0.875,-526,-77,-9,23374.0,23380.75,-37.625,-752.5,-757.0,23375.0,23397.5,23350.0,23495.57168550349,23289.812480027394,23565.96409974441,23219.532068239594,22905.0,23005.0,22880.0,12:00,in_va,inside_both,above_week_vah,neg,neg
short,2025-07-25 15:40:00-04:00,2025-07-25,2025-07-25 16:55:00-04:00,eod,23435.375,23447.875,23435.5,23458.51785714286,23402.714285714283,9.767857142857142,0.8363636363636363,-210,-31,21,23436.25,23442.0,-12.5,-250.0,-254.5,23405.0,23440.0,23350.0,23482.407022631778,23272.72374230911,23564.603948850527,23190.6497864865,22905.0,23005.0,22880.0,15:00,in_va,inside_both,above_week_vah,neg,pos
short,2025-07-29 15:35:00-04:00,2025-07-29,2025-07-29 16:55:00-04:00,eod,23425.625,23452.125,23425.75,23469.76785714286,23366.964285714283,14.767857142857142,0.8222222222222222,-334,-112,24,23429.5,23435.0,-26.5,-530.0,-534.5,23477.5,23565.0,23457.5,23686.04618776542,23418.784746305966,23766.800940083547,23338.324329021343,23255.0,23280.0,23027.5,15:00,below_val,inside_both,above_week_vah,neg,pos
short,2025-07-28 11:15:00-04:00,2025-07-28,2025-07-28 16:55:00-04:00,eod,23459.625,23509.375,23459.75,23514.678571428572,23385.892857142855,18.928571428571427,0.7109826589595376,-596,-139,93,23471.0,23487.0,-49.75,-995.0,-999.5,23500.0,23522.5,23482.5,23561.673510216177,23358.921199085264,23601.845139658413,23318.792355031877,23255.0,23280.0,23027.5,11:00,below_val,inside_both,above_week_vah,neg,pos
short,2025-07-30 14:55:00-04:00,2025-07-30,2025-07-30 16:00:00-04:00,sl,23412.625,23533.589285714286,23412.75,23533.464285714286,23257.321428571428,34.714285714285715,0.7182741116751269,-1120,-159,131,23434.5,23456.5,-120.96428571428623,-2419.2857142857247,-2423.7857142857247,23482.5,23530.0,23475.0,23579.34560681507,23359.792005320945,23655.84102172699,23283.410582810007,23255.0,23280.0,23027.5,14:00,below_val,inside_both,above_week_vah,neg,pos
short,2025-07-30 14:50:00-04:00,2025-07-30,2025-07-30 15:00:00-04:00,tp,23483.875,23388.875,23484.0,23550.5,23388.75,28.75,0.8604651162790697,-480,-123,7,23496.0,23502.5,95.0,1900.0,1895.5,23482.5,23532.5,23475.0,23578.574528646965,23360.56193443911,23652.82520093971,23286.421909463184,23255.0,23280.0,23027.5,14:00,in_va,inside_both,above_week_vah,neg,pos
short,2025-08-01 09:30:00-04:00,2025-08-01,2025-08-01 10:00:00-04:00,tp,23012.875,22845.982142857145,23013.0,23137.946428571428,22845.857142857145,42.19642857142857,0.7801047120418848,-951,-549,108,23052.25,23059.75,166.89285714285506,3337.8571428571013,3333.3571428571013,23100.0,23187.5,23035.0,23332.10340629654,23084.92359918252,23335.527415924604,23081.535107260795,23255.0,23280.0,23027.5,09:00,below_val,outside_both,below_week_val,neg,pos
short,2025-08-04 10:50:00-04:00,2025-08-04,2025-08-04 13:10:00-04:00,sl,23202.375,23281.660714285714,23202.5,23281.535714285714,23091.678571428572,31.785714285714285,0.9154228855721394,-397,-133,18,23206.5,23220.75,-79.28571428571377,-1585.7142857142753,-1590.2142857142753,23250.0,23262.5,23047.5,23180.58295287841,22784.256857524502,23196.943459826893,22768.05503913393,23392.5,23427.5,23232.5,10:00,in_va,outside_both,below_week_val,neg,pos
short,2025-08-05 16:20:00-04:00,2025-08-05,2025-08-05 16:55:00-04:00,eod,23107.875,23092.125,23108.0,23181.625,23010.75,23.625,0.9701492537313433,-436,0,-4,23126.75,23145.75,15.75,315.0,310.5,23145.0,23315.0,23117.5,23536.060971272953,23162.95886866487,23515.50718749488,23183.510451894374,23392.5,23427.5,23232.5,16:00,below_val,outside_both,below_week_val,zero,neg
short,2025-08-20 09:45:00-04:00,2025-08-20,2025-08-20 09:55:00-04:00,tp,23264.375,23153.625,23264.5,23349.875,23153.5,25.625,0.975,-628,-3,6,23298.5,23318.25,110.75,2215.0,2210.5,23425.0,23430.0,23367.5,23521.083173838404,23378.762606721117,23536.728369145705,23363.14890375532,23205.0,23540.0,23122.5,09:00,below_val,outside_both,in_week_va,neg,pos
short,2025-08-06 16:00:00-04:00,2025-08-06,2025-08-06 16:55:00-04:00,eod,23409.625,23413.375,23409.75,23441.928571428572,23361.392857142855,16.178571428571427,0.7564102564102564,-698,-258,42,23414.0,23424.75,-3.75,-75.0,-79.5,23420.0,23442.5,23207.5,23325.413636555928,22936.35703808498,23320.13232989671,22941.62073601973,23392.5,23427.5,23232.5,16:00,in_va,outside_both,in_week_va,neg,pos
short,2025-08-06 15:40:00-04:00,2025-08-06,2025-08-06 16:55:00-04:00,eod,23422.125,23413.375,23422.25,23456.964285714286,23372.571428571428,14.964285714285714,0.7752808988764045,-371,-59,6,23423.75,23430.5,8.75,175.0,170.5,23370.0,23395.0,23177.5,23314.830858086658,22946.904531871463,23315.135747508266,22946.60065900015,23392.5,23427.5,23232.5,15:00,above_vah,outside_both,in_week_va,neg,pos
short,2025-08-07 10:20:00-04:00,2025-08-07,2025-08-07 12:40:00-04:00,tp,23564.375,23439.410714285717,23564.5,23651.85714285714,23439.285714285717,37.857142857142854,0.7069767441860465,-456,-45,170,23594.0,23614.75,124.9642857142826,2499.285714285652,2494.785714285652,23605.0,23657.5,23575.0,23679.03490398997,23335.835877045753,23695.513201960137,23319.48866676017,23392.5,23427.5,23232.5,10:00,below_val,inside_both,above_week_vah,neg,pos
short,2025-08-07 11:45:00-04:00,2025-08-07,2025-08-07 14:10:00-04:00,tp,23478.125,23366.053571428572,23478.25,23553.785714285714,23365.928571428572,36.785714285714285,0.7625,-396,-15,33,23502.5,23524.75,112.07142857142753,2241.4285714285506,2236.9285714285506,23607.5,23652.5,23540.0,23711.880974425367,23303.251102730188,23725.08639066131,23290.150737843698,23392.5,23427.5,23232.5,11:00,below_val,inside_both,above_week_vah,neg,pos
short,2025-08-07 14:05:00-04:00,2025-08-07,2025-08-07 15:45:00-04:00,sl,23383.875,23451.696428571428,23384.0,23451.571428571428,23282.857142857145,33.57142857142857,0.740506329113924,-283,-122,54,23390.0,23411.0,-67.82142857142753,-1356.4285714285506,-1360.9285714285506,23607.5,23652.5,23490.0,23765.966175399113,23249.596158799908,23750.028130053797,23265.407414262867,23392.5,23427.5,23232.5,14:00,below_val,inside_both,in_week_va,neg,pos
short,2025-08-11 14:20:00-04:00,2025-08-11,2025-08-11 15:45:00-04:00,tp,23677.125,23634.089285714283,23677.25,23703.76785714286,23633.964285714283,16.767857142857142,0.813953488372093,-210,-13,13,23677.75,23682.0,43.035714285717404,860.7142857143481,856.2142857143481,23732.5,23762.5,23712.5,23969.166362466767,23512.509986717243,23917.90045157882,23563.668579052395,23487.5,23692.5,23345.0,14:00,below_val,inside_both,in_week_va,neg,pos
short,2025-08-11 12:40:00-04:00,2025-08-11,2025-08-11 14:00:00-04:00,tp,23741.625,23679.232142857145,23741.75,23786.196428571428,23679.107142857145,18.196428571428573,0.9196428571428571,-371,-19,11,23757.0,23765.0,62.392857142855064,1247.8571428571013,1243.3571428571013,23730.0,23760.0,23715.0,23902.96669068464,23578.571078049936,23897.564440932023,23583.962018891518,23487.5,23692.5,23345.0,12:00,in_va,inside_both,above_week_vah,neg,pos
short,2025-08-12 09:55:00-04:00,2025-08-12,2025-08-12 10:35:00-04:00,sl,23652.875,23766.428571428572,23653.0,23766.303571428572,23498.392857142855,41.30357142857143,0.7788778877887789,-329,-104,107,23666.25,23699.75,-113.55357142857247,-2271.0714285714494,-2275.5714285714494,23735.0,23807.5,23667.5,23814.55054504605,23548.305098210694,23806.770089331916,23556.051623230585,23487.5,23692.5,23345.0,09:00,below_val,inside_both,in_week_va,neg,pos
short,2025-08-19 09:30:00-04:00,2025-08-19,2025-08-19 11:00:00-04:00,tp,23667.375,23527.267857142855,23667.5,23789.178571428572,23527.142857142855,18.678571428571427,0.892018779342723,-1178,-81,235,23732.5,23763.5,140.10714285714494,2802.1428571428987,2797.6428571428987,23762.5,23785.0,23745.0,23791.84599668272,23758.65812610673,23794.31755372789,23756.18921849424,23205.0,23540.0,23122.5,09:00,below_val,outside_both,above_week_vah,neg,pos
short,2025-08-13 09:55:00-04:00,2025-08-13,2025-08-13 10:35:00-04:00,tp,24017.125,23944.089285714283,24017.25,24072.14285714286,23943.964285714283,18.392857142857142,0.7435897435897436,-726,-509,5,24027.25,24051.25,73.0357142857174,1460.714285714348,1456.214285714348,24040.0,24067.5,23990.0,24127.384518032883,23866.94295932007,24119.291992596332,23875.003511127874,23487.5,23692.5,23345.0,09:00,in_va,inside_both,above_week_vah,neg,pos
short,2025-08-15 09:45:00-04:00,2025-08-15,2025-08-15 10:15:00-04:00,sl,23783.375,23878.571428571428,23783.5,23878.446428571428,23664.107142857145,24.446428571428573,0.8996763754045307,-1147,199,7,23816.5,23824.25,-95.19642857142753,-1903.9285714285506,-1908.4285714285506,23905.0,23922.5,23865.0,23980.84506583417,23819.95808566236,23972.89750545348,23827.899745849754,23487.5,23692.5,23345.0,09:00,below_val,outside_both,above_week_vah,pos,pos
short,2025-08-14 12:10:00-04:00,2025-08-14,2025-08-14 12:50:00-04:00,sl,23866.875,23929.26785714286,23867.0,23929.14285714286,23778.964285714283,25.892857142857142,0.8831168831168831,-278,-4,19,23872.0,23885.5,-62.3928571428587,-1247.857142857174,-1252.357142857174,23930.0,23965.0,23880.0,24063.75173176494,23722.146137705593,24053.04131921938,23732.825217222424,23487.5,23692.5,23345.0,12:00,below_val,inside_both,above_week_vah,neg,pos
short,2025-08-14 12:00:00-04:00,2025-08-14,2025-08-14 13:10:00-04:00,sl,23911.375,23959.35714285714,23911.5,23959.23214285714,23838.285714285717,25.482142857142858,0.8163265306122449,-523,-34,52,23917.25,23925.0,-47.9821428571413,-959.642857142826,-964.142857142826,23930.0,23965.0,23880.0,24063.850605944634,23722.0475527797,24052.467393486066,23733.39746395118,23487.5,23692.5,23345.0,12:00,in_va,inside_both,above_week_vah,neg,pos
short,2025-08-14 16:00:00-04:00,2025-08-14,2025-08-14 16:55:00-04:00,eod,23883.875,23891.625,23884.0,23942.375,23806.25,19.375,0.95,-2690,-54,40,23912.25,23925.0,-7.75,-155.0,-159.5,23930.0,23960.0,23897.5,24129.27603523335,23656.813523854587,24077.272647387977,23708.664777163733,23487.5,23692.5,23345.0,16:00,below_val,inside_both,above_week_vah,neg,pos
short,2025-08-15 11:35:00-04:00,2025-08-15,2025-08-15 13:55:00-04:00,sl,23774.625,23838.35714285714,23774.75,23838.23214285714,23686.285714285717,24.982142857142858,0.9743589743589743,-457,-5,11,23787.75,23801.25,-63.7321428571413,-1274.642857142826,-1279.142857142826,23807.5,23887.5,23790.0,24041.456449880803,23759.391698931282,24027.8162745839,23773.021747891664,23487.5,23692.5,23345.0,11:00,below_val,inside_both,above_week_vah,neg,pos
short,2025-08-18 11:10:00-04:00,2025-08-18,2025-08-18 15:05:00-04:00,sl,23758.625,23808.928571428572,23758.75,23808.803571428572,23680.892857142855,27.803571428571427,0.9456521739130435,-424,-12,-2,23764.5,23775.25,-50.30357142857247,-1006.0714285714494,-1010.5714285714494,23775.0,23800.0,23750.0,23903.46628064813,23661.661527308777,23910.943732192012,23654.19303107892,23205.0,23540.0,23122.5,11:00,in_va,inside_both,above_week_vah,neg,neg
short,2025-08-19 10:25:00-04:00,2025-08-19,2025-08-19 13:00:00-04:00,tp,23627.125,23471.803571428572,23627.25,23740.910714285714,23471.678571428572,41.910714285714285,0.8453947368421053,-672,-115,36,23638.5,23650.75,155.32142857142753,3106.4285714285506,3101.9285714285506,23690.0,23752.5,23640.0,23861.12087501129,23689.457508304364,23885.59319075515,23665.01142612581,23205.0,23540.0,23122.5,10:00,below_val,outside_both,above_week_vah,neg,pos
short,2025-08-19 15:00:00-04:00,2025-08-19,2025-08-19 16:00:00-04:00,sl,23438.375,23485.089285714286,23438.5,23484.964285714286,23369.321428571428,22.714285714285715,0.7014925373134329,-540,-127,1,23445.0,23455.25,-46.714285714286234,-934.2857142857247,-938.7857142857247,23475.0,23682.5,23447.5,23939.240680969284,23611.42144436133,23937.21185433068,23613.448096160555,23205.0,23540.0,23122.5,15:00,below_val,outside_both,in_week_va,neg,pos
short,2025-08-21 09:55:00-04:00,2025-08-21,2025-08-21 10:05:00-04:00,sl,23187.625,23287.285714285714,23187.75,23287.160714285714,23049.428571428572,38.910714285714285,0.8038461538461539,-313,-63,21,23199.5,23225.25,-99.66071428571377,-1993.2142857142753,-1997.7142857142753,23230.0,23312.5,23212.5,23409.58056137396,23170.14667662254,23398.002216397275,23181.695975191527,23205.0,23540.0,23122.5,09:00,below_val,inside_both,in_week_va,neg,pos
short,2025-08-21 10:35:00-04:00,2025-08-21,2025-08-21 16:55:00-04:00,eod,23258.375,23221.875,23258.5,23357.839285714286,23102.571428571428,56.589285714285715,0.8295454545454546,-447,-42,103,23269.75,23281.25,36.5,730.0,725.5,23300.0,23347.5,23240.0,23437.90772687802,23141.890575022673,23426.57853909196,23153.191341457674,23205.0,23540.0,23122.5,10:00,in_va,inside_both,in_week_va,neg,pos
short,2025-08-21 12:55:00-04:00,2025-08-21,2025-08-21 15:00:00-04:00,sl,23161.125,23240.76785714286,23161.25,23240.64285714286,23051.964285714283,29.892857142857142,0.7136929460580913,-369,-15,43,23177.75,23186.0,-79.6428571428587,-1592.857142857174,-1597.357142857174,23262.5,23312.5,23205.0,23464.131186655683,23115.732901616513,23456.83823895162,23123.007553620046,23205.0,23540.0,23122.5,12:00,below_val,inside_both,in_week_va,neg,pos
short,2025-08-25 15:55:00-04:00,2025-08-25,2025-08-25 16:55:00-04:00,eod,23495.375,23502.375,23495.5,23555.60714285714,23420.285714285717,15.107142857142858,0.8689320388349514,-1241,-179,4,23519.0,23540.5,-7.0,-140.0,-144.5,23550.0,23610.0,23530.0,23751.148399699337,23328.221059913045,23735.087685844133,23344.222693850646,23932.5,23965.0,23752.5,15:00,below_val,inside_both,below_week_val,neg,pos
short,2025-08-26 09:45:00-04:00,2025-08-26,2025-08-26 10:10:00-04:00,sl,23444.375,23519.964285714286,23444.5,23519.839285714286,23348.321428571428,20.839285714285715,0.7430555555555556,-1145,-349,37,23463.25,23485.25,-75.58928571428623,-1511.7857142857247,-1516.2857142857247,23467.5,23500.0,23442.5,23553.071741340995,23419.996374896906,23563.39895122245,23409.683006545998,23932.5,23965.0,23752.5,09:00,in_va,inside_both,below_week_val,neg,pos
short,2025-08-26 13:50:00-04:00,2025-08-26,2025-08-26 14:10:00-04:00,sl,23483.125,23525.196428571428,23483.25,23525.071428571428,23426.357142857145,15.071428571428571,0.7804878048780488,-396,-31,34,23483.5,23500.75,-42.07142857142753,-841.4285714285506,-845.9285714285506,23530.0,23547.5,23475.0,23662.462549561948,23310.752182870532,23648.131636054615,23325.063888694534,23932.5,23965.0,23752.5,13:00,in_va,inside_both,below_week_val,neg,pos
short,2025-08-27 12:20:00-04:00,2025-08-27,2025-08-27 12:50:00-04:00,sl,23566.125,23608.51785714286,23566.25,23608.39285714286,23507.964285714283,16.142857142857142,0.8461538461538461,-538,-56,24,23588.75,23598.0,-42.3928571428587,-847.857142857174,-852.357142857174,23600.0,23625.0,23552.5,23744.695008797273,23404.191456016244,23729.88916983506,23418.955588389832,23932.5,23965.0,23752.5,12:00,in_va,inside_both,below_week_val,neg,pos
short,2025-08-27 15:10:00-04:00,2025-08-27,2025-08-27 15:40:00-04:00,sl,23568.375,23623.535714285714,23568.5,23623.410714285714,23499.178571428572,14.410714285714286,0.7252252252252253,-565,-252,7,23588.75,23600.0,-55.160714285713766,-1103.2142857142753,-1107.7142857142753,23600.0,23630.0,23555.0,23767.74947705565,23381.201929921972,23760.90635574321,23388.025774836347,23932.5,23965.0,23752.5,15:00,in_va,inside_both,below_week_val,neg,pos
short,2025-08-29 09:45:00-04:00,2025-08-29,2025-08-29 10:05:00-04:00,tp,23543.125,23440.803571428572,23543.25,23623.410714285714,23440.678571428572,22.410714285714285,0.9163346613545816,-1179,-403,1,23572.5,23615.5,102.32142857142753,2046.4285714285506,2041.9285714285506,23650.0,23670.0,23600.0,23816.34314232613,23597.90842512004,23823.407937158998,23590.876334917742,23932.5,23965.0,23752.5,09:00,below_val,outside_both,below_week_val,neg,pos
short,2025-08-29 13:10:00-04:00,2025-08-29,2025-08-29 13:50:00-04:00,sl,23419.375,23465.160714285714,23419.5,23465.035714285714,23352.428571428572,21.535714285714285,0.8392857142857143,-421,-109,6,23428.0,23458.0,-45.785714285713766,-915.7142857142753,-920.2142857142753,23472.5,23582.5,23420.0,23915.36800806701,23499.341969244975,23900.330141387585,23514.31022203101,23932.5,23965.0,23752.5,13:00,below_val,outside_both,below_week_val,neg,pos
short,2025-08-29 15:50:00-04:00,2025-08-29,2025-08-29 16:55:00-04:00,eod,23429.125,23454.625,23429.25,23502.51785714286,23336.964285714283,19.017857142857142,0.7929515418502202,-808,-114,128,23438.0,23443.75,-25.5,-510.0,-514.5,23450.0,23535.0,23415.0,23909.811785479265,23504.872470745075,23908.37285245421,23506.304742603865,23932.5,23965.0,23752.5,15:00,in_va,outside_both,below_week_val,neg,pos
short,2025-09-02 11:35:00-04:00,2025-09-02,2025-09-02 12:55:00-04:00,sl,23056.375,23122.125,23056.5,23122.0,22958.5,32.5,0.9136690647482014,-269,-22,29,23078.5,23099.0,-65.75,-1315.0,-1319.5,23235.0,23262.5,23100.0,23657.444102669437,22947.71045292729,23620.006203922738,22984.50798595172,23760.0,23822.5,23262.5,11:00,below_val,inside_both,below_week_val,neg,pos
short,2025-09-02 10:40:00-04:00,2025-09-02,2025-09-02 11:50:00-04:00,tp,23181.625,23033.232142857145,23181.75,23278.071428571428,23033.107142857145,52.32142857142857,0.9157894736842105,-366,-128,14,23187.0,23212.25,148.39285714285506,2967.8571428571013,2963.3571428571013,23235.0,23262.5,23080.0,23662.736962960174,22942.50812566368,23605.79120278485,22998.47984311584,23760.0,23822.5,23262.5,10:00,in_va,inside_both,below_week_val,neg,pos
short,2025-09-08 11:15:00-04:00,2025-09-08,2025-09-08 13:50:00-04:00,tp,23848.875,23778.660714285717,23849.0,23896.73214285714,23778.535714285717,22.732142857142858,0.8434782608695652,-486,-71,8,23854.75,23861.75,70.2142857142826,1404.285714285652,1399.785714285652,23857.5,23885.0,23785.0,23946.693224829156,23511.564890224123,23908.598554422224,23549.481774557702,23600.0,23612.5,23442.5,11:00,in_va,inside_both,above_week_vah,neg,pos
short,2025-09-08 13:45:00-04:00,2025-09-08,2025-09-08 16:55:00-04:00,eod,23788.625,23798.625,23788.75,23822.946428571428,23736.607142857145,17.946428571428573,0.8428571428571429,-296,-48,30,23797.5,23805.0,-10.0,-200.0,-204.5,23860.0,23877.5,23797.5,23956.99045148857,23501.315720247567,23927.552756425754,23530.616030942496,23600.0,23612.5,23442.5,13:00,below_val,inside_both,above_week_vah,neg,pos
short,2025-09-09 10:30:00-04:00,2025-09-09,2025-09-09 13:05:00-04:00,sl,23753.875,23844.285714285714,23754.0,23844.160714285714,23631.928571428572,31.910714285714285,0.9375,-1252,-30,24,23760.0,23768.25,-90.41071428571377,-1808.2142857142753,-1812.7142857142753,23840.0,23850.0,23815.0,23942.59784850505,23691.568400174216,23940.488536884386,23693.67443749688,23600.0,23612.5,23442.5,10:00,below_val,inside_both,above_week_vah,neg,pos
short,2025-09-09 09:50:00-04:00,2025-09-09,2025-09-09 10:35:00-04:00,tp,23807.125,23741.089285714283,23807.25,23852.76785714286,23740.964285714283,20.767857142857142,0.8018018018018018,-626,-98,7,23815.75,23835.25,66.0357142857174,1320.714285714348,1316.214285714348,23840.0,23852.5,23822.5,23891.530808737247,23742.556168247644,23908.899003272167,23725.214934472842,23600.0,23612.5,23442.5,09:00,below_val,inside_both,above_week_vah,neg,pos
short,2025-09-10 11:15:00-04:00,2025-09-10,2025-09-10 14:15:00-04:00,tp,23938.625,23862.053571428572,23938.75,23992.535714285714,23861.928571428572,23.035714285714285,0.9029850746268657,-588,-109,5,23945.0,23958.0,76.57142857142753,1531.4285714285506,1526.9285714285506,23965.0,23982.5,23922.5,24120.015391589364,23769.035384083665,24123.76289877098,23765.304897717004,23600.0,23612.5,23442.5,11:00,in_va,inside_both,above_week_vah,neg,pos
short,2025-09-10 14:15:00-04:00,2025-09-10,2025-09-10 15:20:00-04:00,tp,23860.875,23796.696428571428,23861.0,23906.714285714286,23796.571428571428,18.714285714285715,0.8699186991869918,-479,-3,2,23872.5,23884.25,64.17857142857247,1283.5714285714494,1279.0714285714494,23965.0,23977.5,23912.5,24123.986675150874,23765.08213770777,24147.62645653263,23741.549725925295,23600.0,23612.5,23442.5,14:00,below_val,inside_both,above_week_vah,neg,pos
short,2025-09-11 10:10:00-04:00,2025-09-11,2025-09-11 11:15:00-04:00,sl,23959.125,24021.089285714286,23959.25,24020.964285714286,23868.321428571428,29.214285714285715,0.7414965986394558,-991,-81,8,23960.75,23978.5,-61.964285714286234,-1239.2857142857247,-1243.7857142857247,23950.0,23992.5,23920.0,24056.462150005184,23779.18180880528,24070.08704073094,23765.624680988905,23600.0,23612.5,23442.5,10:00,in_va,inside_both,above_week_vah,neg,pos
short,2025-09-11 15:55:00-04:00,2025-09-11,2025-09-11 16:55:00-04:00,eod,24012.125,24006.875,24012.25,24053.60714285714,23958.035714285717,12.857142857142858,0.706766917293233,-727,-282,73,24014.25,24021.0,5.25,105.0,100.5,24025.0,24042.5,23962.5,24124.92608413646,23711.05837761513,24126.427412058933,23709.564516493676,23600.0,23612.5,23442.5,15:00,in_va,inside_both,above_week_vah,neg,pos
short,2025-09-16 11:00:00-04:00,2025-09-16,2025-09-16 15:00:00-04:00,sl,24274.875,24317.089285714286,24275.0,24316.964285714286,24213.071428571428,19.964285714285715,0.7192982456140351,-207,-89,3,24280.5,24294.75,-42.214285714286234,-844.2857142857247,-848.7857142857247,24295.0,24345.0,24285.0,24461.4692278957,24179.510691618438,24465.209405785838,24175.77784989574,23430.0,23735.0,23307.5,11:00,below_val,inside_both,above_week_vah,neg,pos
short,2025-09-23 13:35:00-04:00,2025-09-23,2025-09-23 16:55:00-04:00,eod,24821.375,24834.375,24821.5,24890.85714285714,24731.285714285717,20.857142857142858,0.8708133971291866,-1006,-209,25,24857.75,24872.5,-13.0,-260.0,-264.5,24947.5,24980.0,24910.0,25081.335992994394,24915.929270233744,25140.776429725058,24856.50012673433,23840.0,23990.0,23762.5,13:00,below_val,outside_both,above_week_vah,neg,pos
short,2025-09-23 13:25:00-04:00,2025-09-23,2025-09-23 13:40:00-04:00,tp,24868.875,24801.625,24869.0,24918.875,24801.5,17.625,0.8380281690140845,-627,-93,29,24897.25,24902.5,67.25,1345.0,1340.5,24947.5,24972.5,24915.0,25085.666473177203,24911.599612809263,25135.342192991746,24861.933331003962,23840.0,23990.0,23762.5,13:00,below_val,inside_90_only,above_week_vah,neg,pos
short,2025-09-23 12:05:00-04:00,2025-09-23,2025-09-23 13:25:00-04:00,tp,24922.125,24869.946428571428,24922.25,24958.839285714286,24869.821428571428,15.839285714285714,0.8372093023255814,-526,-13,30,24929.5,24940.25,52.17857142857247,1043.5714285714494,1039.0714285714494,24955.0,24982.5,24930.0,25080.028709758095,24917.236305096165,25123.120684886617,24874.152517115435,23840.0,23990.0,23762.5,12:00,below_val,inside_both,above_week_vah,neg,pos
short,2025-09-24 11:45:00-04:00,2025-09-24,2025-09-24 12:05:00-04:00,tp,24729.875,24654.589285714283,24730.0,24785.14285714286,24654.464285714283,20.392857142857142,0.9319727891156463,-804,-71,2,24758.25,24769.5,75.2857142857174,1505.714285714348,1501.214285714348,24815.0,24855.0,24785.0,24959.199423807597,24760.452128642715,25002.494355910007,24717.24592546757,23840.0,23990.0,23762.5,11:00,below_val,inside_90_only,above_week_vah,neg,pos
short,2025-09-25 13:20:00-04:00,2025-09-25,2025-09-25 14:00:00-04:00,tp,24569.125,24471.839285714283,24569.25,24639.26785714286,24471.714285714283,27.517857142857142,0.8835978835978836,-430,-119,3,24598.0,24619.75,97.2857142857174,1945.714285714348,1941.214285714348,24622.5,24695.0,24535.0,24844.962509353827,24479.461920577556,24881.359867592062,24443.316428087302,23840.0,23990.0,23762.5,13:00,in_va,inside_both,above_week_vah,neg,pos
short,2025-09-26 10:20:00-04:00,2025-09-26,2025-09-26 12:20:00-04:00,sl,24570.875,24657.26785714286,24571.0,24657.14285714286,24438.964285714283,45.892857142857146,0.8076923076923077,-480,-168,95,24583.25,24605.25,-86.3928571428587,-1727.857142857174,-1732.357142857174,24600.0,24685.0,24587.5,24703.58902229792,24586.19850091483,24751.17714552374,24538.646569311575,23840.0,23990.0,23762.5,10:00,below_val,inside_90_only,above_week_vah,neg,pos
short,2025-09-26 13:50:00-04:00,2025-09-26,2025-09-26 14:00:00-04:00,sl,24675.875,24708.178571428572,24676.0,24708.053571428572,24627.142857142855,16.803571428571427,0.8309859154929577,-409,-100,8,24690.5,24698.5,-32.30357142857247,-646.0714285714494,-650.5714285714494,24602.5,24677.5,24562.5,24758.945151928914,24530.884470614812,24794.00032859931,24495.85595403599,23840.0,23990.0,23762.5,13:00,in_va,inside_both,above_week_vah,neg,pos
short,2025-09-29 11:10:00-04:00,2025-09-29,2025-09-29 13:00:00-04:00,tp,24894.375,24815.803571428572,24894.5,24947.410714285714,24815.678571428572,25.910714285714285,0.8211382113821138,-897,-210,12,24920.0,24947.0,78.57142857142753,1571.4285714285506,1566.9285714285506,24950.0,24970.0,24875.0,24927.57478032612,24650.059331982586,24973.964594453173,24603.901459925903,24252.5,24322.5,24162.5,11:00,in_va,inside_both,above_week_vah,neg,pos
short,2025-09-30 10:35:00-04:00,2025-09-30,2025-09-30 10:55:00-04:00,sl,24758.625,24844.071428571428,24758.75,24843.946428571428,24629.607142857145,43.94642857142857,0.7015706806282722,-414,81,83,24762.5,24769.5,-85.44642857142753,-1708.9285714285506,-1713.4285714285506,24792.5,24815.0,24755.0,24897.476491680314,24734.30219559625,24927.98692838426,24703.80312939409,24252.5,24322.5,24162.5,10:00,in_va,inside_both,above_week_vah,pos,pos
short,2025-09-30 13:20:00-04:00,2025-09-30,2025-09-30 13:50:00-04:00,sl,24740.625,24786.875,24740.75,24786.75,24673.5,21.25,0.773109243697479,-424,36,18,24761.5,24771.75,-46.25,-925.0,-929.5,24792.5,24820.0,24760.0,24917.275787649476,24714.5102783458,24952.48157482393,24679.317611516683,24252.5,24322.5,24162.5,13:00,below_val,inside_both,above_week_vah,pos,pos
short,2025-10-01 11:15:00-04:00,2025-10-01,2025-10-01 11:35:00-04:00,sl,24879.375,24925.053571428572,24879.5,24924.928571428572,24811.642857142855,22.428571428571427,0.8762886597938144,-338,-46,15,24880.75,24903.75,-45.67857142857247,-913.5714285714494,-918.0714285714494,24777.5,24865.0,24705.0,24915.41760526211,24686.066181832226,24960.750854730813,24640.870274045104,24252.5,24322.5,24162.5,11:00,above_vah,inside_both,above_week_vah,neg,pos
short,2025-10-10 11:20:00-04:00,2025-10-10,2025-10-10 15:25:00-04:00,tp,24822.875,24513.446428571428,24823.0,25049.964285714286,24513.321428571428,82.71428571428571,0.8564273789649416,-629,-96,55,24919.75,24927.5,309.42857142857247,6188.571428571449,6184.071428571449,25337.5,25387.5,25247.5,25397.43913087652,25202.896765999398,25432.7390309305,25167.632775257884,24625.0,24852.5,24510.0,11:00,below_val,outside_both,in_week_va,neg,pos
short,2025-10-03 13:50:00-04:00,2025-10-03,2025-10-03 14:25:00-04:00,sl,24926.625,25027.321428571428,24926.75,25027.196428571428,24789.857142857145,36.44642857142857,0.9253731343283582,-326,-124,-20,24964.25,24983.0,-100.69642857142753,-2013.9285714285506,-2018.4285714285506,25117.5,25162.5,25077.5,25247.515445390603,24991.113841823422,25269.4573703393,24969.196797804994,24252.5,24322.5,24162.5,13:00,below_val,outside_both,above_week_vah,neg,neg
short,2025-10-01 16:00:00-04:00,2025-10-01,2025-10-01 16:55:00-04:00,eod,24998.875,25009.375,24999.0,25029.01785714286,24952.714285714283,16.267857142857142,0.7246376811594203,-468,-210,82,25007.0,25012.25,-10.5,-210.0,-214.5,25022.5,25035.0,24810.0,24940.44823102378,24661.11138889246,24981.86949698121,24619.815612865415,24252.5,24322.5,24162.5,16:00,in_va,outside_both,above_week_vah,neg,pos
short,2025-10-03 09:55:00-04:00,2025-10-03,2025-10-03 13:05:00-04:00,tp,25105.625,25029.053571428572,25105.75,25160.410714285714,25028.928571428572,22.160714285714285,0.8466666666666667,-675,-244,14,25113.5,25145.25,76.57142857142753,1531.4285714285506,1526.9285714285506,25155.0,25162.5,25120.0,25199.656863993914,25038.9181542337,25212.80736585088,25025.782564319084,24252.5,24322.5,24162.5,09:00,below_val,inside_both,above_week_vah,neg,pos
short,2025-10-07 11:05:00-04:00,2025-10-07,2025-10-07 16:55:00-04:00,eod,25061.125,25054.875,25061.25,25177.785714285714,24914.178571428572,30.535714285714285,0.8806366047745358,-1279,-60,30,25108.5,25133.25,6.25,125.0,120.5,25237.5,25257.5,25185.0,25327.318984382433,25093.870693716082,25358.96590446791,25062.29023504696,24625.0,24852.5,24510.0,11:00,below_val,outside_both,above_week_vah,neg,pos
short,2025-10-10 11:00:00-04:00,2025-10-10,2025-10-10 11:30:00-04:00,tp,25029.125,24752.625,25029.25,25251.0,24752.5,55.0,0.8046683046683046,-823,-319,9,25111.25,25132.5,276.5,5530.0,5525.5,25337.5,25352.5,25302.5,25399.402741049973,25200.935153335602,25434.544606057025,25165.829036877672,24625.0,24852.5,24510.0,11:00,below_val,outside_both,above_week_vah,neg,pos
short,2025-10-09 10:30:00-04:00,2025-10-09,2025-10-09 15:50:00-04:00,sl,25228.125,25285.178571428572,25228.25,25285.053571428572,25139.392857142855,32.05357142857143,0.8888888888888888,-715,-92,3,25238.25,25249.75,-57.05357142857247,-1141.0714285714494,-1145.5714285714494,25325.0,25345.0,25270.0,25433.25773193894,25249.820419173255,25459.33048744931,25223.77337238291,24625.0,24852.5,24510.0,10:00,below_val,inside_90_only,above_week_vah,neg,pos
short,2025-10-08 14:25:00-04:00,2025-10-08,2025-10-08 15:20:00-04:00,sl,25283.375,25308.48214285714,25283.5,25308.35714285714,25244.785714285717,13.857142857142858,0.7407407407407407,-231,-86,18,25284.5,25292.5,-25.107142857141298,-502.14285714282596,-506.64285714282596,25210.0,25270.0,25112.5,25216.126695141054,24918.5092478958,25225.39736320591,24909.247821019617,24625.0,24852.5,24510.0,14:00,above_vah,outside_both,above_week_vah,neg,pos
short,2025-10-09 10:25:00-04:00,2025-10-09,2025-10-09 13:30:00-04:00,tp,25251.625,25167.767857142855,25251.75,25304.928571428572,25167.642857142855,30.928571428571427,0.75,-608,-161,3,25253.75,25276.0,83.85714285714494,1677.1428571428987,1672.6428571428987,25325.0,25345.0,25270.0,25431.73690859375,25251.339742929278,25451.89988884957,25231.196644132255,24625.0,24852.5,24510.0,10:00,below_val,inside_both,above_week_vah,neg,pos
short,2025-10-09 12:50:00-04:00,2025-10-09,2025-10-09 15:35:00-04:00,sl,25227.125,25281.660714285714,25227.25,25281.535714285714,25151.678571428572,21.285714285714285,0.717948717948718,-784,-140,95,25234.75,25254.75,-54.535714285713766,-1090.7142857142753,-1095.2142857142753,25267.5,25300.0,25205.0,25465.601536822513,25217.50850650085,25480.465191410014,25202.65950803722,24625.0,24852.5,24510.0,12:00,in_va,inside_both,above_week_vah,neg,pos
short,2025-10-10 16:50:00-04:00,2025-10-10,2025-10-10 16:55:00-04:00,eod,24210.625,24188.125,24210.75,24469.053571428572,23905.392857142855,47.05357142857143,0.8900634249471459,-737,83,2,24384.25,24402.25,22.5,450.0,445.5,25337.5,25387.5,24692.5,,,,,24625.0,24852.5,24510.0,16:00,below_val,no_bands,below_week_val,pos,pos
short,2025-10-15 09:30:00-04:00,2025-10-15,2025-10-15 10:00:00-04:00,sl,24960.875,25026.39285714286,24961.0,25026.26785714286,24872.964285714283,22.767857142857142,0.7345132743362832,-518,-425,13,24984.0,24993.75,-65.5178571428587,-1310.357142857174,-1314.857142857174,25002.5,25027.5,24860.0,25007.482665180843,24751.31640916376,25008.45252958224,24750.35609697149,24827.5,25030.0,24732.5,09:00,in_va,inside_both,in_week_va,neg,pos
short,2025-10-15 15:50:00-04:00,2025-10-15,2025-10-15 16:00:00-04:00,sl,24860.125,24939.803571428572,24860.25,24939.678571428572,24753.392857142855,27.428571428571427,0.7203389830508474,-476,59,57,24871.25,24893.5,-79.67857142857247,-1593.5714285714494,-1598.0714285714494,24940.0,25040.0,24817.5,25254.161241972106,24507.06737339978,25168.541089653456,24591.84425154551,24827.5,25030.0,24732.5,15:00,in_va,inside_both,in_week_va,pos,pos
short,2025-10-17 10:30:00-04:00,2025-10-17,2025-10-17 14:15:00-04:00,sl,24857.625,24994.089285714286,24857.75,24993.964285714286,24642.071428571428,79.46428571428571,0.8541666666666666,-731,-57,23,24876.0,24908.5,-136.46428571428623,-2729.2857142857247,-2733.7857142857247,24740.0,24917.5,24657.5,24869.112935855275,24661.562187420463,24895.639162271927,24635.098012533188,24827.5,25030.0,24732.5,10:00,in_va,inside_both,in_week_va,neg,pos
short,2025-10-17 10:55:00-04:00,2025-10-17,2025-10-17 12:00:00-04:00,sl,24763.875,24897.0,24764.0,24896.875,24556.75,74.375,0.7755102040816326,-397,-58,12,24783.25,24807.75,-133.125,-2662.5,-2667.0,24740.0,24905.0,24670.0,24877.37365292743,24653.32079424761,24907.13214668303,24623.631913109366,24827.5,25030.0,24732.5,10:00,in_va,inside_both,in_week_va,neg,pos
short,2025-10-22 10:25:00-04:00,2025-10-22,2025-10-22 12:30:00-04:00,tp,25125.125,24955.839285714283,25125.25,25251.01785714286,24955.714285714283,43.767857142857146,0.7473118279569892,-1261,-82,18,25181.75,25188.75,169.2857142857174,3385.714285714348,3381.214285714348,25257.5,25275.0,25217.5,25338.994127135447,25191.756600082765,25363.422725062133,25167.328243875007,25210.0,25355.0,25050.0,10:00,below_val,outside_both,in_week_va,neg,pos
short,2025-10-22 09:30:00-04:00,2025-10-22,2025-10-22 10:45:00-04:00,tp,25184.375,25061.446428571428,25184.5,25289.589285714286,25061.321428571428,18.089285714285715,0.8780487804878049,-1159,-254,68,25215.25,25225.0,122.92857142857247,2458.5714285714494,2454.0714285714494,25250.0,25282.5,25225.0,25270.27163830611,25260.478408908853,25271.486565117688,25259.263494118866,25210.0,25355.0,25050.0,09:00,below_val,outside_both,in_week_va,neg,pos
short,2025-10-20 14:35:00-04:00,2025-10-20,2025-10-20 16:00:00-04:00,tp,25327.625,25294.303571428572,25327.75,25350.285714285714,25294.178571428572,11.035714285714286,0.8653846153846154,-267,-59,2,25329.25,25337.0,33.32142857142753,666.4285714285506,661.9285714285506,25312.5,25355.0,25190.0,25393.176850631386,24760.256391963027,25291.533978739608,24861.55329205868,25210.0,25355.0,25050.0,14:00,in_va,inside_14_only,in_week_va,neg,pos
short,2025-10-21 12:50:00-04:00,2025-10-21,2025-10-21 16:55:00-04:00,eod,25292.875,25265.375,25293.0,25368.839285714286,25196.821428571428,20.339285714285715,0.7606837606837606,-302,-90,137,25317.75,25324.75,27.5,550.0,545.5,25280.0,25302.5,25230.0,25576.994705996494,25050.762190855883,25479.344531404025,25148.312119481558,25210.0,25355.0,25050.0,12:00,in_va,inside_both,in_week_va,neg,pos
short,2025-10-21 14:40:00-04:00,2025-10-21,2025-10-21 15:50:00-04:00,sl,25299.375,25329.785714285714,25299.5,25329.660714285714,25253.428571428572,15.910714285714286,0.9166666666666666,-261,-14,7,25309.5,25315.75,-30.410714285713766,-608.2142857142753,-612.7142857142753,25280.0,25325.0,25255.0,25602.384630124114,25025.398331581724,25500.65854693548,25127.019984546856,25210.0,25355.0,25050.0,14:00,in_va,inside_both,in_week_va,neg,pos
short,2025-10-22 10:10:00-04:00,2025-10-22,2025-10-22 10:30:00-04:00,tp,25211.125,25101.875,25211.25,25288.75,25101.75,32.0,0.8936170212765957,-792,-48,21,25236.25,25257.75,109.25,2185.0,2180.5,25257.5,25277.5,25220.0,25337.74043624059,25193.010278572456,25361.41331410848,25169.337634945707,25210.0,25355.0,25050.0,10:00,below_val,inside_both,in_week_va,neg,pos
short,2025-10-22 13:35:00-04:00,2025-10-22,2025-10-22 15:05:00-04:00,sl,24855.625,24986.51785714286,24855.75,24986.39285714286,24666.214285714283,58.892857142857146,0.8619528619528619,-1167,-22,82,24867.0,24999.5,-130.8928571428587,-2617.857142857174,-2622.357142857174,25257.5,25290.0,25047.5,25494.719323144902,25036.032944961047,25423.226698415252,25107.52486227718,25210.0,25355.0,25050.0,13:00,below_val,outside_both,below_week_val,neg,pos
short,2025-10-23 11:40:00-04:00,2025-10-23,2025-10-23 11:55:00-04:00,sl,25128.375,25212.571428571428,25128.5,25212.446428571428,25009.107142857145,35.44642857142857,0.7347826086956522,-624,-47,132,25133.75,25147.0,-84.19642857142753,-1683.9285714285506,-1688.4285714285506,25150.0,25195.0,25060.0,25237.998963076476,24818.438835460787,25175.74397761596,24880.634773161535,25210.0,25355.0,25050.0,11:00,in_va,inside_both,in_week_va,neg,pos
short,2025-10-24 14:40:00-04:00,2025-10-24,2025-10-24 15:05:00-04:00,sl,25539.375,25560.089285714286,25539.5,25559.964285714286,25507.821428571428,11.214285714285714,0.8780487804878049,-275,-43,2,25542.0,25551.25,-20.714285714286234,-414.2857142857247,-418.7857142857247,25522.5,25557.5,25475.0,25753.656325833937,24992.969171090248,25647.436635454,25098.402635972503,25210.0,25355.0,25050.0,14:00,in_va,inside_both,above_week_vah,neg,pos
short,2025-10-27 13:20:00-04:00,2025-10-27,2025-10-27 13:35:00-04:00,sl,25894.375,25912.875,25894.5,25912.75,25866.75,9.5,0.7894736842105263,-290,-32,11,25899.5,25904.5,-18.5,-370.0,-374.5,25835.0,25907.5,25820.0,26093.675375319235,25235.613554971766,25985.773624455807,25342.238411501745,24920.0,24970.0,24697.5,13:00,in_va,inside_both,above_week_vah,neg,pos
short,2025-10-27 13:05:00-04:00,2025-10-27,2025-10-27 13:40:00-04:00,sl,25905.875,25924.98214285714,25906.0,25924.85714285714,25877.285714285717,9.857142857142858,0.7317073170731707,-285,-38,41,25908.0,25913.5,-19.107142857141298,-382.14285714282596,-386.64285714282596,25835.0,25905.0,25820.0,26093.687404948672,25235.601667699295,25983.1677641232,25344.8134344451,24920.0,24970.0,24697.5,13:00,above_vah,inside_both,above_week_vah,neg,pos
short,2025-10-27 15:15:00-04:00,2025-10-27,2025-10-27 15:35:00-04:00,sl,25924.625,25941.89285714286,25924.75,25941.76785714286,25898.964285714283,8.767857142857142,0.8,-236,-99,4,25928.0,25932.25,-17.267857142858702,-345.35714285717404,-349.85714285717404,25835.0,25915.0,25812.5,26124.411732787747,25205.240927288625,26001.565050786452,25326.63385871706,24920.0,24970.0,24697.5,15:00,above_vah,inside_both,above_week_vah,neg,pos
short,2025-10-28 09:50:00-04:00,2025-10-28,2025-10-28 09:55:00-04:00,sl,26034.125,26085.410714285714,26034.25,26085.285714285714,25959.178571428572,24.035714285714285,0.7716535433070866,-530,-94,9,26037.0,26060.5,-51.285714285713766,-1025.7142857142753,-1030.2142857142753,25970.0,26052.5,25945.0,26129.543429661542,25925.849616756757,26126.49022050532,25928.89722966182,24920.0,24970.0,24697.5,09:00,in_va,inside_both,above_week_vah,neg,pos
short,2025-10-30 09:35:00-04:00,2025-10-30,2025-10-30 09:50:00-04:00,sl,25961.625,26083.053571428572,25961.75,26082.928571428572,25802.142857142855,38.42857142857143,0.863517060367454,-258,-141,5,26008.75,26036.25,-121.42857142857247,-2428.5714285714494,-2433.0714285714494,26240.0,26327.5,26125.0,26266.940473464652,26079.477285214813,26263.983001384488,26082.42395763243,24920.0,24970.0,24697.5,09:00,below_val,outside_both,above_week_vah,neg,pos
short,2025-10-29 14:35:00-04:00,2025-10-29,2025-10-29 16:00:00-04:00,sl,26081.375,26315.053571428572,26081.5,26314.928571428572,25805.892857142855,42.17857142857143,0.9629156010230179,-1170,-39,-20,26116.0,26129.0,-233.67857142857247,-4673.571428571449,-4678.071428571449,26272.5,26290.0,26235.0,26493.383031026235,25945.926392311954,26455.884980045495,25983.290960167487,24920.0,24970.0,24697.5,14:00,below_val,inside_both,above_week_vah,neg,neg
short,2025-10-29 12:00:00-04:00,2025-10-29,2025-10-29 12:45:00-04:00,sl,26213.625,26262.553571428572,26213.75,26262.428571428572,26143.642857142855,21.428571428571427,0.8571428571428571,-1219,-24,47,26229.5,26240.0,-48.92857142857247,-978.5714285714494,-983.0714285714494,26272.5,26300.0,26247.5,26377.391740358256,26061.504784720684,26407.783494583124,26031.22121708761,24920.0,24970.0,24697.5,12:00,below_val,inside_both,above_week_vah,neg,pos
short,2025-10-30 09:30:00-04:00,2025-10-30,2025-10-30 10:00:00-04:00,sl,26043.625,26162.571428571428,26043.75,26162.446428571428,25890.107142857145,34.94642857142857,0.9644970414201184,-1014,-20,24,26092.5,26118.0,-118.94642857142753,-2378.9285714285506,-2383.4285714285506,26240.0,26305.0,26157.5,26225.95386444815,26120.314225347083,26227.134273275526,26119.138126963444,24920.0,24970.0,24697.5,09:00,below_val,outside_both,above_week_vah,neg,pos
short,2025-10-30 14:35:00-04:00,2025-10-30,2025-10-30 15:20:00-04:00,tp,25982.125,25906.410714285717,25982.25,26033.35714285714,25906.285714285717,24.857142857142858,0.7,-267,-25,26,25985.25,25991.5,75.7142857142826,1514.285714285652,1509.785714285652,26060.0,26127.5,25967.5,26447.32930447299,25899.747171668398,26409.4387438698,25937.49936908262,24920.0,24970.0,24697.5,14:00,in_va,inside_both,above_week_vah,neg,pos
short,2025-10-30 12:30:00-04:00,2025-10-30,2025-10-30 15:05:00-04:00,tp,26053.125,25956.410714285717,26053.25,26116.98214285714,25956.285714285717,33.232142857142854,0.8880597014925373,-461,-46,26,26065.0,26088.75,96.7142857142826,1934.285714285652,1929.785714285652,26060.0,26142.5,25952.5,26371.062218753606,25975.735756435955,26367.177531925958,25979.606257734307,24920.0,24970.0,24697.5,12:00,in_va,inside_both,above_week_vah,neg,pos
short,2025-10-31 10:00:00-04:00,2025-10-31,2025-10-31 10:35:00-04:00,sl,26065.125,26144.071428571428,26065.25,26143.946428571428,25955.607142857145,30.946428571428573,0.7574257425742574,-570,-25,335,26080.25,26118.0,-78.94642857142753,-1578.9285714285506,-1583.4285714285506,26165.0,26230.0,26135.0,26253.200370149152,26095.40259151988,26283.60246719163,26065.058515407476,24920.0,24970.0,24697.5,10:00,below_val,inside_90_only,above_week_vah,neg,pos
short,2025-10-31 11:55:00-04:00,2025-10-31,2025-10-31 12:20:00-04:00,tp,26052.125,25956.589285714283,26052.25,26114.89285714286,25956.464285714283,33.142857142857146,0.905511811023622,-250,-64,10,26060.0,26101.5,95.5357142857174,1910.714285714348,1906.214285714348,26160.0,26207.5,26105.0,26310.73111259984,26037.9816437054,26337.27828656072,26011.485133740553,24920.0,24970.0,24697.5,11:00,below_val,inside_both,above_week_vah,neg,pos
short,2025-10-31 11:35:00-04:00,2025-10-31,2025-10-31 12:10:00-04:00,tp,26098.625,26005.589285714283,26098.75,26166.64285714286,26005.464285714283,25.392857142857142,0.8366336633663366,-634,-139,4,26126.75,26137.25,93.0357142857174,1860.714285714348,1856.214285714348,26160.0,26212.5,26112.5,26309.86509809613,26038.84600546236,26339.65631028687,26009.11164835753,24920.0,24970.0,24697.5,11:00,below_val,inside_both,above_week_vah,neg,pos
short,2025-11-03 10:25:00-05:00,2025-11-03,2025-11-03 11:55:00-05:00,sl,26044.125,26126.5,26044.25,26126.375,25924.75,37.375,0.7723214285714286,-342,-19,15,26088.25,26111.25,-82.375,-1647.5,-1652.0,26135.0,26182.5,26067.5,26324.86557970181,25894.742942077428,26336.018076773962,25883.697885945025,25312.5,25345.0,25032.5,10:00,below_val,inside_both,above_week_vah,neg,pos
short,2025-11-03 11:25:00-05:00,2025-11-03,2025-11-03 11:55:00-05:00,sl,26052.125,26128.0,26052.25,26127.875,25939.0,37.625,0.7457627118644068,-581,-120,-55,26058.75,26076.25,-75.875,-1517.5,-1522.0,26072.5,26170.0,26050.0,26337.868245863418,25881.865541016774,26368.230476100012,25851.795814470464,25312.5,25345.0,25032.5,11:00,in_va,inside_both,above_week_vah,neg,neg
short,2025-11-04 12:15:00-05:00,2025-11-04,2025-11-04 16:55:00-05:00,eod,25654.875,25577.125,25655.0,25752.214285714286,25522.571428571428,35.214285714285715,0.8015873015873016,-583,-33,101,25663.0,25677.5,77.75,1555.0,1550.5,25762.5,25822.5,25665.0,26244.13291041501,25609.262093111585,26249.86712488549,25603.6085896397,25312.5,25345.0,25032.5,12:00,below_val,inside_both,above_week_vah,neg,pos
short,2025-11-04 13:15:00-05:00,2025-11-04,2025-11-04 16:55:00-05:00,eod,25623.125,25577.125,25623.25,25704.678571428572,25507.142857142855,34.67857142857143,0.734375,-411,-35,51,25640.5,25652.75,46.0,920.0,915.5,25762.5,25802.5,25650.0,26281.998043117666,25571.92992489573,26281.606495228138,25572.31596161693,25312.5,25345.0,25032.5,13:00,below_val,inside_both,above_week_vah,neg,pos
short,2025-11-04 14:35:00-05:00,2025-11-04,2025-11-04 16:55:00-05:00,eod,25597.875,25577.125,25598.0,25683.14285714286,25478.464285714283,34.392857142857146,0.8208333333333333,-309,64,-9,25601.75,25608.5,20.75,415.0,410.5,25762.5,25797.5,25637.5,26298.117173553226,25556.037676646156,26296.48970857911,25557.64223450302,25312.5,25345.0,25032.5,14:00,below_val,inside_both,above_week_vah,pos,neg
short,2025-11-04 15:50:00-05:00,2025-11-04,2025-11-04 16:55:00-05:00,eod,25559.125,25577.125,25559.25,25628.446428571428,25458.607142857145,31.446428571428573,0.7897727272727273,-541,-231,12,25574.25,25592.0,-18.0,-360.0,-364.5,25762.5,25792.5,25607.5,26281.182725146547,25572.733766991994,26291.8468026612,25562.219789957504,25312.5,25345.0,25032.5,15:00,below_val,outside_both,above_week_vah,neg,pos
short,2025-11-05 16:10:00-05:00,2025-11-05,2025-11-05 16:55:00-05:00,eod,25704.625,25729.125,25704.75,25755.39285714286,25627.964285714283,26.142857142857142,0.7698412698412699,-277,-139,1,25727.25,25742.25,-24.5,-490.0,-494.5,25860.0,25877.5,25552.5,25727.137585665438,25392.31639764386,25768.32619622109,25351.18374768628,25312.5,25345.0,25032.5,16:00,in_va,inside_both,above_week_vah,neg,pos
short,2025-11-12 09:45:00-05:00,2025-11-12,2025-11-12 16:55:00-05:00,eod,25577.125,25625.125,25577.25,25685.26785714286,25441.714285714283,27.517857142857142,0.782608695652174,-1002,-336,76,25642.75,25659.0,-48.0,-960.0,-964.5,25782.5,25812.5,25697.5,25844.19760938382,25593.606941475282,25842.378029593096,25595.418086338253,25970.0,26252.5,25960.0,09:00,below_val,outside_both,below_week_val,neg,pos
short,2025-11-12 09:40:00-05:00,2025-11-12,2025-11-12 10:35:00-05:00,tp,25644.875,25555.053571428572,25645.0,25712.660714285714,25554.928571428572,22.410714285714285,0.7075471698113207,-800,-194,64,25669.0,25678.25,89.82142857142753,1796.4285714285506,1791.9285714285506,25782.5,25812.5,25705.0,25846.129126838412,25591.684377851823,25833.990409693753,25603.766824201095,25970.0,26252.5,25960.0,09:00,below_val,inside_both,below_week_val,neg,pos
short,2025-11-13 10:45:00-05:00,2025-11-13,2025-11-13 13:35:00-05:00,tp,25240.875,25046.196428571428,25241.0,25366.589285714286,25046.071428571428,69.33928571428571,0.75,-631,-80,-8,25280.25,25292.5,194.67857142857247,3893.5714285714494,3889.0714285714494,25380.0,25542.5,25287.5,25767.384287744968,25335.686679221446,25753.813740989357,25349.1789801904,25970.0,26252.5,25960.0,10:00,below_val,outside_both,below_week_val,neg,neg
short,2025-11-13 13:15:00-05:00,2025-11-13,2025-11-13 16:55:00-05:00,eod,25111.625,25087.625,25111.75,25201.214285714286,24981.071428571428,41.214285714285715,0.7363636363636363,-475,-390,66,25114.25,25137.25,24.0,480.0,475.5,25210.0,25445.0,25115.0,25804.23874469335,25299.04471967849,25805.360036452625,25297.929893123408,25970.0,26252.5,25960.0,13:00,below_val,outside_both,below_week_val,neg,pos
short,2025-11-14 15:15:00-05:00,2025-11-14,2025-11-14 16:55:00-05:00,eod,25154.125,25147.625,25154.25,25229.928571428572,25042.642857142855,35.92857142857143,0.7388888888888889,-306,36,9,25183.5,25194.5,6.5,130.0,125.5,25135.0,25287.5,24935.0,25276.778780290697,24536.967506745706,25276.89591639264,24536.852070196976,25970.0,26252.5,25960.0,15:00,in_va,inside_both,below_week_val,pos,pos
short,2025-11-14 15:40:00-05:00,2025-11-14,2025-11-14 16:55:00-05:00,eod,25107.125,25147.625,25107.25,25166.75,25013.25,34.5,0.8508771929824561,-259,-112,3,25124.75,25140.25,-40.5,-810.0,-814.5,25135.0,25287.5,24937.5,25266.324180084765,24547.27041888089,25277.064092973153,24536.68633372708,25970.0,26252.5,25960.0,15:00,in_va,inside_both,below_week_val,neg,pos
short,2025-11-17 14:55:00-05:00,2025-11-17,2025-11-17 15:45:00-05:00,sl,24756.125,24844.571428571428,24756.25,24844.446428571428,24619.357142857145,48.69642857142857,0.8975903614457831,-638,-54,11,24771.5,24802.25,-88.44642857142753,-1768.9285714285506,-1773.4285714285506,25145.0,25202.5,24970.0,25395.526160484664,24751.200802137173,25346.84132204706,24799.595728871576,25710.0,25890.0,25092.5,14:00,below_val,inside_14_only,below_week_val,neg,pos
short,2025-11-19 10:45:00-05:00,2025-11-19,2025-11-19 11:10:00-05:00,tp,24864.125,24703.125,24864.25,24970.0,24703.0,55.5,0.9565217391304348,-476,-54,4,24889.5,24912.25,161.0,3220.0,3215.5,,,,24808.07049331904,24335.3204583535,24743.133860704635,24400.045353984497,25710.0,25890.0,25092.5,10:00,unknown,outside_both,below_week_val,neg,pos
short,2025-11-19 12:00:00-05:00,2025-11-19,2025-11-19 15:15:00-05:00,sl,24621.375,24779.25,24621.5,24779.125,24406.0,57.875,0.9117647058823529,-1045,-38,114,24658.75,24686.0,-157.875,-3157.5,-3162.0,,,,24865.894271190984,24277.68522478704,24772.795925113947,24370.4800078032,25710.0,25890.0,25092.5,12:00,unknown,inside_both,below_week_val,neg,pos
short,2025-11-19 13:25:00-05:00,2025-11-19,2025-11-19 15:15:00-05:00,sl,24599.125,24729.053571428572,24599.25,24728.928571428572,24406.642857142855,62.92857142857143,0.7137931034482758,-399,-94,26,24608.5,24654.5,-129.92857142857247,-2598.5714285714494,-2603.0714285714494,,,,24829.328893892096,24314.131374426972,24787.245481496426,24356.077566667645,25710.0,25890.0,25092.5,13:00,unknown,inside_both,below_week_val,neg,pos
short,2025-11-19 15:45:00-05:00,2025-11-19,2025-11-19 16:20:00-05:00,sl,24705.125,24822.14285714286,24705.25,24822.01785714286,24537.714285714283,50.767857142857146,0.9236363636363636,-502,-44,19,24744.25,24771.5,-117.0178571428587,-2340.357142857174,-2344.857142857174,,,,24826.25840552228,24317.19185094495,24791.464836408653,24351.87196968288,25710.0,25890.0,25092.5,15:00,unknown,inside_both,below_week_val,neg,pos
short,2025-11-20 11:00:00-05:00,2025-11-20,2025-11-20 11:20:00-05:00,tp,25098.625,24917.232142857145,25098.75,25222.571428571428,24917.107142857145,57.82142857142857,0.920863309352518,-1040,-57,-5,25146.0,25212.0,181.39285714285506,3627.8571428571013,3623.3571428571013,25200.0,25262.5,25140.0,25432.67532540599,24740.03980537421,25353.24429094727,24818.675316512188,25710.0,25890.0,25092.5,11:00,below_val,inside_both,in_week_va,neg,neg
short,2025-11-20 13:50:00-05:00,2025-11-20,2025-11-20 16:55:00-05:00,eod,24256.625,24073.875,24256.75,24402.571428571428,24023.857142857145,87.07142857142857,0.8679245283018868,-584,-147,8,24308.5,24332.5,182.75,3655.0,3650.5,25200.0,25310.0,24605.0,25438.18769571307,24734.582642948553,25391.311015320825,24780.98984069205,25710.0,25890.0,25092.5,13:00,below_val,outside_both,below_week_val,neg,pos
short,2025-11-20 15:35:00-05:00,2025-11-20,2025-11-20 16:55:00-05:00,eod,24184.125,24073.875,24184.25,24329.035714285714,23969.928571428572,69.53571428571429,0.8,-426,-117,-33,24205.0,24271.75,110.25,2205.0,2200.5,25200.0,25310.0,24482.5,25439.44007766366,24733.342803942356,25403.31944978275,24769.10167395325,25710.0,25890.0,25092.5,15:00,below_val,outside_both,below_week_val,neg,neg
short,2025-11-21 13:00:00-05:00,2025-11-21,2025-11-21 13:45:00-05:00,sl,24272.625,24423.660714285714,24272.75,24423.535714285714,24059.678571428572,62.285714285714285,0.8337801608579088,-695,-37,66,24332.0,24390.25,-151.03571428571377,-3020.7142857142753,-3025.2142857142753,24200.0,24255.0,24045.0,24508.03285314264,23770.849685031393,24387.803449731928,23890.43456326631,25710.0,25890.0,25092.5,13:00,above_vah,inside_both,below_week_val,neg,pos
short,2025-11-21 15:25:00-05:00,2025-11-21,2025-11-21 16:55:00-05:00,eod,24388.625,24349.125,24388.75,24511.910714285714,24212.428571428572,53.160714285714285,0.7793594306049823,-344,-1,21,24442.0,24476.0,39.5,790.0,785.5,24200.0,24280.0,23987.5,24535.72219999773,23743.308775086443,24413.26296977557,23865.111526488545,25710.0,25890.0,25092.5,15:00,above_vah,inside_both,below_week_val,neg,pos
short,2025-11-26 09:55:00-05:00,2025-11-26,2025-11-26 10:55:00-05:00,sl,25167.375,25271.089285714286,25167.5,25270.964285714286,25025.321428571428,38.714285714285715,0.8311688311688312,-946,76,10,25195.0,25222.0,-103.71428571428623,-2074.2857142857247,-2078.7857142857247,25195.0,25245.0,25162.5,25363.764774156523,24923.87031562029,25313.861267258188,24973.461706105012,25595.0,25762.5,25197.5,09:00,in_va,inside_both,below_week_val,pos,pos
short,2025-12-15 10:15:00-05:00,2025-12-15,2025-12-15 11:15:00-05:00,sl,25128.625,25224.10714285714,25128.75,25223.98214285714,24985.035714285717,48.482142857142854,0.8984771573604061,-505,-50,6,25133.75,25177.75,-95.4821428571413,-1909.642857142826,-1914.142857142826,25355.0,25360.0,25205.0,,,,,25597.5,25720.0,25440.0,10:00,below_val,no_bands,below_week_val,neg,pos
short,2025-12-02 10:25:00-05:00,2025-12-02,2025-12-02 16:55:00-05:00,eod,25573.125,25603.875,25573.25,25690.285714285714,25413.178571428572,43.035714285714285,0.804953560371517,-539,-49,138,25603.5,25635.25,-30.75,-615.0,-619.5,25635.0,25655.0,25482.5,,,,,24740.0,24885.0,24015.0,10:00,in_va,no_bands,above_week_vah,neg,pos
short,2025-12-02 11:05:00-05:00,2025-12-02,2025-12-02 11:25:00-05:00,tp,25592.625,25450.839285714283,25592.75,25691.64285714286,25450.714285714283,43.142857142857146,0.8527131782945736,-1369,-110,12,25620.0,25650.25,141.7857142857174,2835.714285714348,2831.214285714348,25635.0,25670.0,25497.5,,,,,24740.0,24885.0,24015.0,11:00,in_va,no_bands,above_week_vah,neg,pos
short,2025-12-02 12:50:00-05:00,2025-12-02,2025-12-02 14:55:00-05:00,sl,25562.375,25639.125,25562.5,25639.0,25453.0,33.0,0.7383177570093458,-497,-81,39,25584.0,25596.75,-76.75,-1535.0,-1539.5,25597.5,25660.0,25497.5,,,,,24740.0,24885.0,24015.0,12:00,in_va,no_bands,above_week_vah,neg,pos
short,2025-12-04 09:30:00-05:00,2025-12-04,2025-12-04 16:55:00-05:00,eod,25566.375,25632.625,25566.5,25746.625,25352.75,33.625,0.9509803921568627,-541,29,17,25606.25,25620.5,-66.25,-1325.0,-1329.5,25650.0,25667.5,25625.0,,,,,24740.0,24885.0,24015.0,09:00,below_val,no_bands,above_week_vah,pos,pos
short,2025-12-03 15:50:00-05:00,2025-12-03,2025-12-03 16:55:00-05:00,eod,25647.875,25645.875,25648.0,25691.821428571428,25591.107142857145,13.071428571428571,0.762962962962963,-581,-72,70,25667.0,25674.25,2.0,40.0,35.5,25645.0,25680.0,25540.0,,,,,24740.0,24885.0,24015.0,15:00,in_va,no_bands,above_week_vah,neg,pos
short,2025-12-05 15:45:00-05:00,2025-12-05,2025-12-05 15:55:00-05:00,sl,25692.875,25739.73214285714,25693.0,25739.60714285714,25629.535714285717,16.857142857142858,0.8201438848920863,-482,-227,0,25711.5,25721.5,-46.8571428571413,-937.142857142826,-941.642857142826,25725.0,25767.5,25680.0,,,,,24740.0,24885.0,24015.0,15:00,in_va,no_bands,above_week_vah,neg,zero
short,2025-12-09 12:45:00-05:00,2025-12-09,2025-12-09 13:00:00-05:00,sl,25691.625,25722.696428571428,25691.75,25722.571428571428,25642.607142857145,18.321428571428573,0.75,-211,-13,7,25700.75,25708.75,-31.071428571427532,-621.4285714285506,-625.9285714285506,25697.5,25715.0,25630.0,,,,,24930.0,25247.5,24580.0,12:00,in_va,no_bands,above_week_vah,neg,pos
short,2025-12-12 10:00:00-05:00,2025-12-12,2025-12-12 10:25:00-05:00,tp,25485.875,25328.803571428572,25486.0,25601.160714285714,25328.678571428572,42.160714285714285,0.9059561128526645,-966,-15,-6,25501.5,25507.25,157.07142857142753,3141.4285714285506,3136.9285714285506,25572.5,25622.5,25532.5,,,,,24930.0,25247.5,24580.0,10:00,below_val,no_bands,above_week_vah,neg,neg
short,2025-12-12 15:35:00-05:00,2025-12-12,2025-12-12 16:55:00-05:00,eod,25156.625,25202.625,25156.75,25232.875,25051.5,29.125,0.7296137339055794,-395,-96,8,25192.75,25222.5,-46.0,-920.0,-924.5,25235.0,25435.0,25120.0,,,,,24930.0,25247.5,24580.0,15:00,in_va,no_bands,in_week_va,neg,pos
short,2025-12-12 13:55:00-05:00,2025-12-12,2025-12-12 15:30:00-05:00,tp,25278.125,25169.732142857145,25278.25,25351.821428571428,25169.607142857145,35.07142857142857,0.7514450867052023,-308,-57,30,25293.25,25305.75,108.39285714285506,2167.8571428571013,2163.3571428571013,25350.0,25482.5,25117.5,,,,,24930.0,25247.5,24580.0,13:00,in_va,no_bands,above_week_vah,neg,pos
short,2025-12-12 15:10:00-05:00,2025-12-12,2025-12-12 16:55:00-05:00,eod,25224.375,25202.625,25224.5,25289.785714285714,25132.178571428572,27.035714285714285,0.8051948051948052,-206,-6,66,25226.0,25243.75,21.75,435.0,430.5,25240.0,25442.5,25120.0,,,,,24930.0,25247.5,24580.0,15:00,in_va,no_bands,in_week_va,neg,pos
short,2025-12-17 15:50:00-05:00,2025-12-17,2025-12-17 16:55:00-05:00,eod,24687.375,24735.125,24687.5,24769.375,24578.5,27.125,0.8616600790513834,-551,-67,2,24704.0,24727.75,-47.75,-955.0,-959.5,24727.5,25070.0,24697.5,,,,,25597.5,25720.0,25440.0,15:00,below_val,no_bands,below_week_val,neg,pos
short,2025-12-22 09:30:00-05:00,2025-12-22,2025-12-22 16:55:00-05:00,eod,25706.375,25700.375,25706.5,25813.23214285714,25581.285714285717,18.482142857142858,0.7388059701492538,-814,8,151,25766.0,25776.25,6.0,120.0,115.5,25680.0,25720.0,25637.5,,,,,25700.0,25742.5,25480.0,09:00,in_va,no_bands,in_week_va,pos,pos
short,2025-12-22 12:05:00-05:00,2025-12-22,2025-12-22 12:55:00-05:00,sl,25697.125,25725.785714285714,25697.25,25725.660714285714,25654.178571428572,14.660714285714286,0.8135593220338984,-326,-54,5,25703.75,25708.25,-28.660714285713766,-573.2142857142753,-577.7142857142753,25697.5,25727.5,25672.5,,,,,25700.0,25742.5,25480.0,12:00,in_va,no_bands,in_week_va,neg,pos
short,2025-12-23 10:00:00-05:00,2025-12-23,2025-12-23 10:55:00-05:00,sl,25637.625,25729.214285714286,25637.75,25729.089285714286,25512.071428571428,34.339285714285715,0.8195488721804511,-254,-84,60,25692.25,25715.25,-91.58928571428623,-1831.7857142857247,-1836.2857142857247,25715.0,25740.0,25682.5,,,,,25700.0,25742.5,25480.0,10:00,below_val,no_bands,in_week_va,neg,pos
short,2025-12-26 09:50:00-05:00,2025-12-26,2025-12-26 16:55:00-05:00,eod,25885.375,25856.125,25885.5,25935.14285714286,25816.464285714283,19.392857142857142,0.7023809523809523,-504,-91,5,25906.25,25917.0,29.25,585.0,580.5,25895.0,25917.5,25877.5,,,,,25700.0,25742.5,25480.0,09:00,in_va,no_bands,above_week_vah,neg,pos
short,2025-12-29 10:45:00-05:00,2025-12-29,2025-12-29 16:55:00-05:00,eod,25711.125,25744.625,25711.25,25793.23214285714,25594.285714285717,34.982142857142854,0.8656716417910447,-1033,-30,43,25737.75,25748.75,-33.5,-670.0,-674.5,25745.0,25772.5,25672.5,,,,,25150.0,25215.0,24952.5,10:00,in_va,no_bands,above_week_vah,neg,pos
short,2025-12-31 14:30:00-05:00,2025-12-31,2025-12-31 15:55:00-05:00,tp,25536.875,25453.625,25537.0,25602.875,25453.5,17.625,0.9045226130653267,-362,-29,37,25556.0,25561.75,83.25,1665.0,1660.5,25580.0,25625.0,25572.5,,,,,25150.0,25215.0,24952.5,14:00,below_val,no_bands,above_week_vah,neg,pos
short,2025-12-31 12:05:00-05:00,2025-12-31,2025-12-31 13:40:00-05:00,sl,25571.625,25615.660714285714,25571.75,25615.535714285714,25512.178571428572,15.785714285714286,0.8571428571428571,-362,-61,62,25572.0,25578.25,-44.035714285713766,-880.7142857142753,-885.2142857142753,25605.0,25630.0,25570.0,,,,,25150.0,25215.0,24952.5,12:00,in_va,no_bands,above_week_vah,neg,pos
short,2026-01-05 11:55:00-05:00,2026-01-05,2026-01-05 13:15:00-05:00,tp,25658.125,25586.160714285717,25658.25,25707.10714285714,25586.035714285717,23.357142857142858,0.8598130841121495,-329,-15,32,25662.75,25680.25,71.9642857142826,1439.285714285652,1434.785714285652,25652.5,25690.0,25570.0,,,,,25697.5,25817.5,25635.0,11:00,in_va,no_bands,in_week_va,neg,pos
short,2026-01-08 09:55:00-05:00,2026-01-08,2026-01-08 10:15:00-05:00,sl,25603.125,25698.75,25603.25,25698.625,25467.75,40.125,0.8412017167381974,-501,-39,59,25608.0,25640.75,-95.625,-1912.5,-1917.0,25785.0,25810.0,25672.5,,,,,25697.5,25817.5,25635.0,09:00,below_val,no_bands,below_week_val,neg,pos
short,2026-01-07 15:10:00-05:00,2026-01-07,2026-01-07 16:55:00-05:00,eod,25869.625,25835.875,25869.75,25922.339285714286,25797.321428571428,19.839285714285715,0.8246753246753247,-542,-106,13,25893.25,25904.75,33.75,675.0,670.5,25902.5,25995.0,25842.5,,,,,25697.5,25817.5,25635.0,15:00,in_va,no_bands,above_week_vah,neg,pos
short,2026-01-07 11:20:00-05:00,2026-01-07,2026-01-07 11:45:00-05:00,sl,25903.375,25951.0,25903.5,25950.875,25825.25,30.875,0.7386363636363636,-507,-252,2,25913.75,25920.0,-47.625,-952.5,-957.0,25855.0,25877.5,25777.5,,,,,25697.5,25817.5,25635.0,11:00,above_vah,no_bands,above_week_vah,neg,pos
short,2026-01-14 09:55:00-05:00,2026-01-14,2026-01-14 10:15:00-05:00,sl,25584.875,25680.946428571428,25585.0,25680.821428571428,25442.357142857145,46.82142857142857,0.875,-834,-96,79,25597.25,25621.5,-96.07142857142753,-1921.4285714285506,-1925.9285714285506,25737.5,25792.5,25642.5,,,,,25700.0,25805.0,25562.5,09:00,below_val,no_bands,in_week_va,neg,pos
short,2026-01-08 10:50:00-05:00,2026-01-08,2026-01-08 16:35:00-05:00,sl,25616.125,25709.964285714286,25616.25,25709.839285714286,25475.071428571428,47.589285714285715,0.7676767676767676,-283,48,51,25653.25,25692.0,-93.83928571428623,-1876.7857142857247,-1881.2857142857247,25677.5,25747.5,25575.0,,,,,25697.5,25817.5,25635.0,10:00,in_va,no_bands,below_week_val,pos,pos
short,2026-01-08 13:10:00-05:00,2026-01-08,2026-01-08 15:25:00-05:00,sl,25626.625,25680.25,25626.75,25680.125,25549.75,23.625,0.7375886524822695,-473,-172,27,25635.0,25650.0,-53.625,-1072.5,-1077.0,25677.5,25710.0,25607.5,,,,,25697.5,25817.5,25635.0,13:00,in_va,no_bands,below_week_val,neg,pos
short,2026-01-09 12:15:00-05:00,2026-01-09,2026-01-09 13:35:00-05:00,sl,25886.375,25937.48214285714,25886.5,25937.35714285714,25812.035714285717,23.607142857142858,0.9380530973451328,-349,-30,1,25899.0,25910.0,-51.1071428571413,-1022.142857142826,-1026.642857142826,25862.5,25925.0,25722.5,,,,,25697.5,25817.5,25635.0,12:00,in_va,no_bands,above_week_vah,neg,pos
short,2026-01-12 16:45:00-05:00,2026-01-12,2026-01-12 16:55:00-05:00,eod,25946.125,25942.375,25946.25,25980.48214285714,25899.535714285717,12.482142857142858,0.9444444444444444,-223,-2,12,25948.5,25952.0,3.75,75.0,70.5,25965.0,26012.5,25852.5,,,,,25700.0,25805.0,25562.5,16:00,in_va,no_bands,above_week_vah,neg,pos
short,2026-01-13 12:40:00-05:00,2026-01-13,2026-01-13 13:50:00-05:00,tp,25926.875,25843.089285714283,25927.0,25982.89285714286,25842.964285714283,28.142857142857142,0.7265625,-207,-71,79,25941.75,25953.25,83.7857142857174,1675.714285714348,1671.214285714348,25950.0,26025.0,25895.0,,,,,25700.0,25805.0,25562.5,12:00,in_va,no_bands,above_week_vah,neg,pos
short,2026-01-13 12:50:00-05:00,2026-01-13,2026-01-13 16:55:00-05:00,eod,25901.625,25898.375,25901.75,25978.39285714286,25794.464285714283,30.642857142857142,0.759825327510917,-339,61,28,25914.5,25966.25,3.25,65.0,60.5,25950.0,26002.5,25882.5,,,,,25700.0,25805.0,25562.5,12:00,in_va,no_bands,above_week_vah,pos,pos
short,2026-01-13 15:25:00-05:00,2026-01-13,2026-01-13 15:50:00-05:00,sl,25827.375,25864.48214285714,25827.5,25864.35714285714,25770.785714285717,19.857142857142858,0.8461538461538461,-206,-33,6,25840.25,25853.5,-37.1071428571413,-742.142857142826,-746.642857142826,25895.0,25955.0,25825.0,,,,,25700.0,25805.0,25562.5,15:00,in_va,no_bands,above_week_vah,neg,pos
short,2026-01-14 09:40:00-05:00,2026-01-14,2026-01-14 10:50:00-05:00,tp,25631.875,25473.017857142855,25632.0,25751.928571428572,25472.892857142855,39.17857142857143,0.7092391304347826,-991,-263,156,25668.25,25740.25,158.85714285714494,3177.1428571428987,3172.6428571428987,25737.5,25787.5,25682.5,,,,,25700.0,25805.0,25562.5,09:00,below_val,no_bands,in_week_va,neg,pos
short,2026-01-14 10:40:00-05:00,2026-01-14,2026-01-14 16:55:00-05:00,eod,25558.125,25612.125,25558.25,25697.910714285714,25354.928571428572,63.660714285714285,0.7046783625730995,-423,-206,236,25573.75,25594.0,-54.0,-1080.0,-1084.5,25650.0,25760.0,25567.5,,,,,25700.0,25805.0,25562.5,10:00,below_val,no_bands,below_week_val,neg,pos
short,2026-01-14 13:30:00-05:00,2026-01-14,2026-01-14 15:05:00-05:00,sl,25446.625,25541.5,25446.75,25541.375,25318.25,33.875,0.7355072463768116,-249,-24,69,25463.25,25480.0,-94.875,-1897.5,-1902.0,25485.0,25670.0,25440.0,,,,,25700.0,25805.0,25562.5,13:00,in_va,no_bands,below_week_val,neg,pos
short,2026-01-15 10:40:00-05:00,2026-01-15,2026-01-15 15:20:00-05:00,tp,25851.625,25690.625,25851.75,25962.5,25690.5,50.5,0.8492063492063492,-597,-88,88,25853.5,25888.5,161.0,3220.0,3215.5,25870.0,25937.5,25827.5,,,,,25700.0,25805.0,25562.5,10:00,in_va,no_bands,above_week_vah,neg,pos
short,2026-01-15 14:25:00-05:00,2026-01-15,2026-01-15 15:15:00-05:00,tp,25799.875,25728.946428571428,25800.0,25848.839285714286,25728.821428571428,22.339285714285715,0.7183098591549296,-424,-242,13,25803.25,25828.75,70.92857142857247,1418.5714285714494,1414.0714285714494,25870.0,25920.0,25832.5,,,,,25700.0,25805.0,25562.5,14:00,below_val,no_bands,in_week_va,neg,pos
short,2026-01-16 09:40:00-05:00,2026-01-16,2026-01-16 09:55:00-05:00,tp,25820.375,25728.339285714283,25820.5,25889.14285714286,25728.214285714283,23.642857142857142,0.8415300546448088,-238,-40,11,25826.25,25864.75,92.0357142857174,1840.714285714348,1836.214285714348,25862.5,25875.0,25815.0,,,,,25700.0,25805.0,25562.5,09:00,in_va,no_bands,above_week_vah,neg,pos
short,2026-01-16 10:15:00-05:00,2026-01-16,2026-01-16 16:55:00-05:00,eod,25675.875,25681.375,25676.0,25770.660714285714,25540.178571428572,41.160714285714285,0.714859437751004,-1020,-53,123,25711.0,25728.75,-5.5,-110.0,-114.5,25832.5,25877.5,25780.0,,,,,25700.0,25805.0,25562.5,10:00,below_val,no_bands,in_week_va,neg,pos
short,2026-01-16 15:55:00-05:00,2026-01-16,2026-01-16 16:55:00-05:00,eod,25684.375,25681.375,25684.5,25731.89285714286,25618.464285714283,18.642857142857142,0.9047619047619048,-348,-203,7,25695.5,25704.75,3.0,60.0,55.5,25715.0,25800.0,25645.0,,,,,25700.0,25805.0,25562.5,15:00,in_va,no_bands,in_week_va,neg,pos
short,2026-02-04 11:00:00-05:00,2026-02-04,2026-02-04 12:40:00-05:00,tp,25072.625,24800.946428571428,25072.75,25258.089285714286,24800.821428571428,86.58928571428571,0.7989949748743719,-288,-11,60,25127.5,25186.25,271.67857142857247,5433.571428571449,5429.071428571449,25205.0,25370.0,25132.5,,,,,25702.5,25830.0,25295.0,11:00,below_val,no_bands,below_week_val,neg,pos
short,2026-01-21 11:40:00-05:00,2026-01-21,2026-01-21 12:10:00-05:00,tp,25294.125,25167.875,25294.25,25383.75,25167.75,37.0,0.7366071428571429,-415,-45,224,25294.75,25316.0,126.25,2525.0,2520.5,25467.5,25492.5,25185.0,,,,,25675.0,25825.0,25567.5,11:00,in_va,no_bands,below_week_val,neg,pos
short,2026-01-21 13:00:00-05:00,2026-01-21,2026-01-21 14:25:00-05:00,sl,25161.375,25302.821428571428,25161.5,25302.696428571428,24969.107142857145,51.19642857142857,0.826302729528536,-820,-13,51,25175.75,25205.5,-141.44642857142753,-2828.9285714285506,-2833.4285714285506,25205.0,25337.5,25105.0,,,,,25675.0,25825.0,25567.5,13:00,in_va,no_bands,below_week_val,neg,pos
short,2026-01-22 09:45:00-05:00,2026-01-22,2026-01-22 11:50:00-05:00,sl,25574.875,25694.98214285714,25575.0,25694.85714285714,25417.285714285717,37.857142857142854,0.7079207920792079,-379,-171,297,25612.5,25666.0,-120.1071428571413,-2402.142857142826,-2406.642857142826,25685.0,25740.0,25630.0,,,,,25675.0,25825.0,25567.5,09:00,below_val,no_bands,in_week_va,neg,pos
short,2026-01-22 13:50:00-05:00,2026-01-22,2026-01-22 14:55:00-05:00,tp,25686.875,25636.446428571428,25687.0,25720.339285714286,25636.321428571428,17.339285714285715,0.7236842105263158,-206,-46,3,25691.0,25713.0,50.42857142857247,1008.5714285714494,1004.0714285714494,25675.0,25720.0,25595.0,,,,,25675.0,25825.0,25567.5,13:00,in_va,no_bands,in_week_va,neg,pos
short,2026-01-23 12:40:00-05:00,2026-01-23,2026-01-23 16:55:00-05:00,eod,25729.875,25680.625,25730.0,25808.035714285714,25621.428571428572,30.535714285714285,0.8054298642533937,-758,-309,-3,25766.25,25781.0,49.25,985.0,980.5,25815.0,25845.0,25627.5,,,,,25675.0,25825.0,25567.5,12:00,in_va,no_bands,in_week_va,neg,neg
short,2026-01-23 11:55:00-05:00,2026-01-23,2026-01-23 12:45:00-05:00,tp,25788.875,25711.625,25789.0,25837.25,25711.5,29.25,0.776595744680851,-557,-200,14,25793.75,25812.5,77.25,1545.0,1540.5,25815.0,25845.0,25622.5,,,,,25675.0,25825.0,25567.5,11:00,in_va,no_bands,in_week_va,neg,pos
short,2026-01-23 13:40:00-05:00,2026-01-23,2026-01-23 16:55:00-05:00,eod,25731.125,25680.625,25731.25,25791.464285714286,25636.821428571428,34.214285714285715,0.8608695652173913,-252,-115,-7,25732.0,25752.0,50.5,1010.0,1005.5,25700.0,25845.0,25642.5,,,,,25675.0,25825.0,25567.5,13:00,in_va,no_bands,in_week_va,neg,neg
short,2026-01-23 15:05:00-05:00,2026-01-23,2026-01-23 16:55:00-05:00,eod,25707.125,25680.625,25707.25,25761.446428571428,25629.857142857145,23.196428571428573,0.7761194029850746,-328,-43,-26,25714.25,25733.5,26.5,530.0,525.5,25747.5,25840.0,25665.0,,,,,25675.0,25825.0,25567.5,15:00,in_va,no_bands,in_week_va,neg,neg
short,2026-01-26 11:15:00-05:00,2026-01-26,2026-01-26 11:30:00-05:00,sl,25864.375,25918.160714285714,25864.5,25918.035714285714,25781.178571428572,29.785714285714285,0.7226890756302521,-471,-88,26,25866.75,25886.0,-53.785714285713766,-1075.7142857142753,-1080.2142857142753,25840.0,25895.0,25687.5,,,,,25900.0,26017.5,25707.5,11:00,in_va,no_bands,in_week_va,neg,pos
short,2026-01-29 09:40:00-05:00,2026-01-29,2026-01-29 10:00:00-05:00,tp,25950.625,25794.160714285717,25950.75,26072.60714285714,25794.035714285717,34.857142857142854,0.8567493112947658,-1327,-132,0,26021.5,26059.75,156.4642857142826,3129.285714285652,3124.785714285652,26157.5,26230.0,26107.5,,,,,25900.0,26017.5,25707.5,09:00,below_val,no_bands,in_week_va,neg,zero
short,2026-01-29 09:35:00-05:00,2026-01-29,2026-01-29 09:55:00-05:00,tp,26029.125,25896.839285714283,26029.25,26131.26785714286,25896.714285714283,30.517857142857142,0.710594315245478,-540,-194,3,26038.0,26052.75,132.2857142857174,2645.714285714348,2641.214285714348,26157.5,26210.0,26107.5,,,,,25900.0,26017.5,25707.5,09:00,below_val,no_bands,above_week_vah,neg,pos
short,2026-01-27 15:50:00-05:00,2026-01-27,2026-01-27 16:45:00-05:00,sl,26077.625,26114.428571428572,26077.75,26114.303571428572,26028.642857142855,12.553571428571429,0.7663551401869159,-448,-287,57,26083.75,26091.75,-36.80357142857247,-736.0714285714494,-740.5714285714494,26090.0,26112.5,26007.5,,,,,25900.0,26017.5,25707.5,15:00,in_va,no_bands,above_week_vah,neg,pos
short,2026-01-28 11:40:00-05:00,2026-01-28,2026-01-28 13:55:00-05:00,sl,26122.375,26179.48214285714,26122.5,26179.35714285714,26039.535714285717,26.107142857142858,0.9302325581395349,-245,-44,4,26142.0,26150.75,-57.1071428571413,-1142.142857142826,-1146.642857142826,26260.0,26307.5,26210.0,,,,,25900.0,26017.5,25707.5,11:00,below_val,no_bands,above_week_vah,neg,pos
short,2026-01-29 09:55:00-05:00,2026-01-29,2026-01-29 10:35:00-05:00,tp,25864.375,25673.053571428572,25864.5,26004.285714285714,25672.928571428572,51.785714285714285,0.8068783068783069,-849,-35,92,25904.5,25951.25,191.32142857142753,3826.4285714285506,3821.9285714285506,26157.5,26295.0,26055.0,,,,,25900.0,26017.5,25707.5,09:00,below_val,no_bands,in_week_va,neg,pos
short,2026-01-30 10:25:00-05:00,2026-01-30,2026-01-30 10:45:00-05:00,sl,25793.875,25930.589285714286,25794.0,25930.464285714286,25589.571428571428,67.96428571428571,0.9024390243902439,-713,-15,-12,25805.5,25834.0,-136.71428571428623,-2734.2857142857247,-2738.7857142857247,25870.0,25920.0,25810.0,,,,,25900.0,26017.5,25707.5,10:00,below_val,no_bands,in_week_va,neg,neg
short,2026-02-03 09:50:00-05:00,2026-02-03,2026-02-03 10:05:00-05:00,tp,25720.125,25555.482142857145,25720.25,25842.321428571428,25555.357142857145,42.82142857142857,0.9843260188087775,-623,-28,5,25728.5,25749.0,164.64285714285506,3292.8571428571013,3288.3571428571013,,,,,,,,25702.5,25830.0,25295.0,09:00,unknown,no_bands,in_week_va,neg,pos
short,2026-02-02 10:45:00-05:00,2026-02-02,2026-02-02 12:10:00-05:00,sl,25844.875,25922.14285714286,25845.0,25922.01785714286,25721.214285714283,46.767857142857146,0.936,-411,-3,1,25863.25,25875.0,-77.2678571428587,-1545.357142857174,-1549.857142857174,25870.0,25912.5,25435.0,,,,,25702.5,25830.0,25295.0,10:00,in_va,no_bands,above_week_vah,neg,pos
short,2026-02-03 10:20:00-05:00,2026-02-03,2026-02-03 16:55:00-05:00,eod,25479.625,25421.375,25479.75,25680.553571428572,25203.392857142855,75.55357142857143,0.744140625,-1651,-53,-137,25530.0,25604.0,58.25,1165.0,1160.5,,,,,,,,25702.5,25830.0,25295.0,10:00,unknown,no_bands,in_week_va,neg,neg
short,2026-02-03 12:10:00-05:00,2026-02-03,2026-02-03 13:55:00-05:00,tp,25419.125,25248.125,25419.25,25546.5,25248.0,44.0,0.7333333333333333,-732,57,47,25478.5,25508.75,171.0,3420.0,3415.5,,,,,,,,25702.5,25830.0,25295.0,12:00,unknown,no_bands,in_week_va,pos,pos
short,2026-02-04 09:55:00-05:00,2026-02-04,2026-02-04 11:45:00-05:00,tp,25194.125,24950.517857142855,25194.25,25375.303571428572,24950.392857142855,62.80357142857143,0.8636363636363636,-486,-123,69,25234.5,25250.25,243.60714285714494,4872.142857142899,4867.642857142899,25340.0,25457.5,25320.0,,,,,25702.5,25830.0,25295.0,09:00,below_val,no_bands,below_week_val,neg,pos
short,2026-02-04 12:15:00-05:00,2026-02-04,2026-02-04 12:50:00-05:00,tp,24980.125,24796.875,24980.25,25103.125,24796.75,60.625,0.7905138339920948,-533,-15,21,24983.75,25035.5,183.25,3665.0,3660.5,25205.0,25430.0,25110.0,,,,,25702.5,25830.0,25295.0,12:00,below_val,no_bands,below_week_val,neg,pos
short,2026-02-05 09:55:00-05:00,2026-02-05,2026-02-05 16:30:00-05:00,tp,24769.125,24506.232142857145,24769.25,24953.821428571428,24506.107142857145,78.57142857142857,0.8034557235421166,-304,-129,29,24842.25,24913.25,262.89285714285506,5257.857142857101,5253.357142857101,24795.0,25007.5,24700.0,,,,,25702.5,25830.0,25295.0,09:00,in_va,no_bands,below_week_val,neg,pos
short,2026-02-12 10:55:00-05:00,2026-02-12,2026-02-12 11:25:00-05:00,tp,25010.125,24836.732142857145,25010.25,25122.946428571428,24836.607142857145,60.94642857142857,0.7657657657657657,-245,-64,81,25037.75,25047.75,173.39285714285506,3467.8571428571013,3463.3571428571013,25352.5,25387.5,25217.5,,,,,25845.0,26075.0,25597.5,10:00,below_val,no_bands,below_week_val,neg,pos
short,2026-02-11 10:20:00-05:00,2026-02-11,2026-02-11 10:45:00-05:00,sl,25076.125,25205.39285714286,25076.25,25205.26785714286,24882.464285714283,64.76785714285714,0.7733333333333333,-425,-53,58,25092.25,25122.25,-129.2678571428587,-2585.357142857174,-2589.857142857174,25387.5,25412.5,25215.0,,,,,25845.0,26075.0,25597.5,10:00,below_val,no_bands,below_week_val,neg,pos
short,2026-02-10 15:10:00-05:00,2026-02-10,2026-02-10 16:55:00-05:00,eod,25251.375,25257.375,25251.5,25291.89285714286,25189.714285714283,21.392857142857142,0.7029702970297029,-391,-284,-5,25255.75,25309.0,-6.0,-120.0,-124.5,25370.0,25402.5,25310.0,,,,,25845.0,26075.0,25597.5,15:00,below_val,no_bands,below_week_val,neg,neg
short,2026-02-10 11:05:00-05:00,2026-02-10,2026-02-10 15:50:00-05:00,tp,25350.625,25219.553571428572,25350.75,25436.785714285714,25219.428571428572,45.285714285714285,0.8902439024390244,-283,-4,34,25357.75,25401.25,131.07142857142753,2621.4285714285506,2616.9285714285506,25397.5,25407.5,25322.5,,,,,25845.0,26075.0,25597.5,11:00,in_va,no_bands,below_week_val,neg,pos
short,2026-02-12 10:40:00-05:00,2026-02-12,2026-02-12 11:15:00-05:00,tp,25087.125,24901.517857142855,25087.25,25207.303571428572,24901.392857142855,65.80357142857143,0.7899159663865546,-469,-303,31,25133.25,25144.0,185.60714285714494,3712.1428571428987,3707.6428571428987,25352.5,25387.5,25230.0,,,,,25845.0,26075.0,25597.5,10:00,below_val,no_bands,below_week_val,neg,pos
short,2026-02-11 11:25:00-05:00,2026-02-11,2026-02-11 14:20:00-05:00,sl,25192.875,25335.035714285714,25193.0,25334.910714285714,24987.928571428572,63.160714285714285,0.9145569620253164,-629,-1,14,25221.75,25249.5,-142.16071428571377,-2843.2142857142753,-2847.7142857142753,25242.5,25452.5,25205.0,,,,,25845.0,26075.0,25597.5,11:00,below_val,no_bands,below_week_val,neg,pos
short,2026-02-11 12:55:00-05:00,2026-02-11,2026-02-11 14:20:00-05:00,sl,25263.625,25344.75,25263.75,25344.625,25144.25,38.625,0.8275862068965517,-616,-122,1,25283.25,25302.75,-81.125,-1622.5,-1627.0,25242.5,25340.0,25122.5,,,,,25845.0,26075.0,25597.5,12:00,in_va,no_bands,below_week_val,neg,pos
short,2026-02-13 14:25:00-05:00,2026-02-13,2026-02-13 15:25:00-05:00,tp,24923.875,24803.946428571428,24924.0,25006.214285714286,24803.821428571428,37.964285714285715,0.7066666666666667,-360,8,-23,24930.0,24947.25,119.92857142857247,2398.5714285714494,2394.0714285714494,24737.5,24857.5,24682.5,,,,,25845.0,26075.0,25597.5,14:00,above_vah,no_bands,below_week_val,pos,neg
short,2026-02-17 11:25:00-05:00,2026-02-17,2026-02-17 13:50:00-05:00,sl,24727.625,24856.85714285714,24727.75,24856.73214285714,24532.035714285717,66.73214285714286,0.8671586715867159,-379,2,45,24746.25,24780.25,-129.2321428571413,-2584.642857142826,-2589.142857142826,24655.0,24677.5,24487.5,,,,,24800.0,25232.5,24545.0,11:00,above_vah,no_bands,in_week_va,pos,pos
short,2026-02-18 10:30:00-05:00,2026-02-18,2026-02-18 12:05:00-05:00,sl,25022.875,25120.39285714286,25023.0,25120.26785714286,24864.964285714283,60.767857142857146,0.9013157894736842,-423,-39,45,25032.75,25049.5,-97.5178571428587,-1950.357142857174,-1954.857142857174,24830.0,24950.0,24757.5,,,,,24800.0,25232.5,24545.0,10:00,above_vah,no_bands,in_week_va,neg,pos
short,2026-02-19 11:40:00-05:00,2026-02-19,2026-02-19 16:55:00-05:00,eod,24842.625,24836.125,24842.75,24943.071428571428,24696.857142857145,45.57142857142857,0.8744588744588745,-631,-25,35,24852.25,24895.25,6.5,130.0,125.5,24897.5,24935.0,24830.0,,,,,24800.0,25232.5,24545.0,11:00,in_va,no_bands,in_week_va,neg,pos
short,2026-02-19 12:45:00-05:00,2026-02-19,2026-02-19 16:55:00-05:00,eod,24796.625,24836.125,24796.75,24886.214285714286,24664.571428571428,42.714285714285715,0.7377049180327869,-330,-79,11,24823.25,24845.75,-39.5,-790.0,-794.5,24850.0,24927.5,24827.5,,,,,24800.0,25232.5,24545.0,12:00,below_val,no_bands,in_week_va,neg,pos
short,2026-02-23 09:40:00-05:00,2026-02-23,2026-02-23 11:00:00-05:00,tp,24881.625,24698.517857142855,24881.75,25031.053571428572,24698.392857142855,34.05357142857143,0.9745762711864406,-831,-100,3,24965.0,24996.0,183.10714285714494,3662.1428571428987,3657.6428571428987,24980.0,25032.5,24892.5,,,,,25355.0,25450.0,24910.0,09:00,below_val,no_bands,below_week_val,neg,pos
short,2026-02-24 11:30:00-05:00,2026-02-24,2026-02-24 12:05:00-05:00,sl,24972.375,25051.73214285714,24972.5,25051.60714285714,24858.035714285717,35.357142857142854,0.9095744680851063,-366,-86,10,25000.5,25013.25,-79.3571428571413,-1587.142857142826,-1591.642857142826,25010.0,25045.0,24835.0,,,,,25355.0,25450.0,24910.0,11:00,in_va,no_bands,in_week_va,neg,pos
short,2026-02-26 10:15:00-05:00,2026-02-26,2026-02-26 16:55:00-05:00,eod,24954.875,25028.125,24955.0,25126.5,24724.25,59.25,0.9294605809128631,-463,-149,5,24995.75,25004.25,-73.25,-1465.0,-1469.5,25300.0,25370.0,25190.0,,,,,25355.0,25450.0,24910.0,10:00,below_val,no_bands,in_week_va,neg,pos
short,2026-02-25 12:25:00-05:00,2026-02-25,2026-02-25 13:00:00-05:00,sl,25321.125,25355.803571428572,25321.25,25355.678571428572,25270.642857142855,16.178571428571427,0.75,-237,-70,55,25330.25,25335.5,-34.67857142857247,-693.5714285714494,-698.0714285714494,25297.5,25362.5,25170.0,,,,,25355.0,25450.0,24910.0,12:00,in_va,no_bands,in_week_va,neg,pos
short,2026-02-26 11:50:00-05:00,2026-02-26,2026-02-26 14:10:00-05:00,sl,24977.375,25071.14285714286,24977.5,25071.01785714286,24842.464285714283,41.517857142857146,0.8095238095238095,-751,-5,103,24979.25,25009.25,-93.7678571428587,-1875.357142857174,-1879.857142857174,24995.0,25272.5,24862.5,,,,,25355.0,25450.0,24910.0,11:00,in_va,no_bands,in_week_va,neg,pos
short,2026-03-03 10:25:00-05:00,2026-03-03,2026-03-03 11:00:00-05:00,sl,24358.375,24486.285714285714,24358.5,24486.160714285714,24146.928571428572,83.91071428571429,0.7711442786069652,-245,-145,27,24370.0,24407.0,-127.91071428571377,-2558.2142857142753,-2562.7142857142753,24525.0,24612.5,24432.5,,,,,24860.0,25032.5,24712.5,10:00,below_val,no_bands,below_week_val,neg,pos
short,2026-03-03 10:15:00-05:00,2026-03-03,2026-03-03 11:15:00-05:00,sl,24434.625,24600.553571428572,24434.75,24600.428571428572,24187.142857142855,81.92857142857143,0.7307692307692307,-832,-109,123,24447.75,24476.0,-165.92857142857247,-3318.5714285714494,-3323.0714285714494,24525.0,24612.5,24440.0,,,,,24860.0,25032.5,24712.5,10:00,below_val,no_bands,below_week_val,neg,pos
short,2026-03-03 12:30:00-05:00,2026-03-03,2026-03-03 13:20:00-05:00,sl,24619.125,24761.98214285714,24619.25,24761.85714285714,24422.285714285717,54.357142857142854,0.8797953964194374,-534,-71,4,24620.5,24655.75,-142.8571428571413,-2857.142857142826,-2861.642857142826,24525.0,24627.5,24400.0,,,,,24860.0,25032.5,24712.5,12:00,in_va,no_bands,below_week_val,neg,pos
short,2026-03-05 10:20:00-05:00,2026-03-05,2026-03-05 12:45:00-05:00,tp,25023.875,24815.696428571428,25024.0,25170.214285714286,24815.571428571428,62.214285714285715,0.9911242603550295,-926,-3,-2,25036.0,25059.25,208.17857142857247,4163.571428571449,4159.071428571449,25087.5,25162.5,25025.0,,,,,24860.0,25032.5,24712.5,10:00,below_val,no_bands,in_week_va,neg,neg
short,2026-03-05 10:15:00-05:00,2026-03-05,2026-03-05 12:30:00-05:00,tp,25107.625,24918.910714285717,25107.75,25238.48214285714,24918.785714285717,58.232142857142854,0.889967637540453,-939,-97,32,25126.0,25145.75,188.7142857142826,3774.285714285652,3769.785714285652,25087.5,25165.0,25025.0,,,,,24860.0,25032.5,24712.5,10:00,in_va,no_bands,above_week_vah,neg,pos
short,2026-03-05 12:25:00-05:00,2026-03-05,2026-03-05 15:55:00-05:00,sl,24927.875,25049.803571428572,24928.0,25049.678571428572,24750.892857142855,55.42857142857143,0.7100371747211895,-717,-18,144,24940.25,24965.25,-121.92857142857247,-2438.5714285714494,-2443.0714285714494,25060.0,25125.0,24985.0,,,,,24860.0,25032.5,24712.5,12:00,below_val,no_bands,in_week_va,neg,pos
short,2026-03-06 12:35:00-05:00,2026-03-06,2026-03-06 13:10:00-05:00,sl,24774.375,24876.714285714286,24774.5,24876.589285714286,24620.071428571428,52.339285714285715,0.76,-489,-148,-5,24790.0,24834.25,-102.33928571428623,-2046.7857142857247,-2051.2857142857247,24845.0,24915.0,24670.0,,,,,24860.0,25032.5,24712.5,12:00,in_va,no_bands,in_week_va,neg,neg
short,2026-03-09 16:15:00-04:00,2026-03-09,2026-03-09 16:55:00-04:00,eod,24922.375,24958.125,24922.5,25040.964285714286,24727.571428571428,76.46428571428571,0.8393782383419689,-405,-88,-1,24937.75,24953.25,-35.75,-715.0,-719.5,24385.0,24642.5,24000.0,,,,,24997.5,25087.5,24767.5,16:00,above_vah,no_bands,in_week_va,neg,neg
short,2026-03-10 14:05:00-04:00,2026-03-10,2026-03-10 14:10:00-04:00,tp,25147.125,25047.196428571428,25147.25,25211.839285714286,25047.071428571428,35.589285714285715,0.7602739726027398,-286,-57,-3,25155.25,25170.0,99.92857142857247,1998.5714285714494,1994.0714285714494,25150.0,25180.0,24977.5,,,,,24997.5,25087.5,24767.5,14:00,in_va,no_bands,above_week_vah,neg,neg
short,2026-03-11 10:20:00-04:00,2026-03-11,2026-03-11 16:55:00-04:00,eod,25019.375,24945.625,25019.5,25152.464285714286,24829.071428571428,57.464285714285715,0.9196141479099679,-673,-35,4,25055.0,25091.0,73.75,1475.0,1470.5,25090.0,25117.5,24985.0,,,,,24997.5,25087.5,24767.5,10:00,in_va,no_bands,in_week_va,neg,pos
short,2026-03-13 13:45:00-04:00,2026-03-13,2026-03-13 16:55:00-04:00,eod,24367.875,24335.375,24368.0,24476.303571428572,24216.392857142855,43.30357142857143,0.8507462686567164,-305,13,41,24395.5,24414.25,32.5,650.0,645.5,24670.0,24705.0,24447.5,,,,,24997.5,25087.5,24767.5,13:00,below_val,no_bands,below_week_val,pos,pos
short,2026-03-13 12:55:00-04:00,2026-03-13,2026-03-13 16:55:00-04:00,eod,24397.125,24335.375,24397.25,24520.5,24227.0,47.0,0.7868852459016393,-500,-85,15,24407.75,24438.25,61.75,1235.0,1230.5,24670.0,24705.0,24460.0,,,,,24997.5,25087.5,24767.5,12:00,below_val,no_bands,below_week_val,neg,pos
short,2026-03-16 12:20:00-04:00,2026-03-16,2026-03-16 13:00:00-04:00,sl,24631.375,24704.214285714286,24631.5,24704.089285714286,24528.821428571428,30.089285714285715,0.9657142857142857,-334,-11,1,24634.0,24643.75,-72.83928571428623,-1456.7857142857247,-1461.2857142857247,24675.0,24762.5,24590.0,,,,,24800.0,25140.0,24697.5,12:00,in_va,no_bands,below_week_val,neg,pos
short,2026-03-23 11:55:00-04:00,2026-03-23,2026-03-23 14:30:00-04:00,sl,24381.375,24496.125,24381.5,24496.0,24214.0,53.0,0.8144329896907216,-402,-200,15,24432.5,24496.75,-114.75,-2295.0,-2299.5,24600.0,24765.0,24072.5,,,,,24985.0,25180.0,24607.5,11:00,in_va,no_bands,below_week_val,neg,pos
short,2026-03-23 11:35:00-04:00,2026-03-23,2026-03-23 11:55:00-04:00,tp,24539.875,24379.196428571428,24540.0,24652.839285714286,24379.071428571428,48.089285714285715,0.9032258064516129,-557,-44,7,24579.25,24635.25,160.67857142857247,3213.5714285714494,3209.0714285714494,24600.0,24765.0,24055.0,,,,,24985.0,25180.0,24607.5,11:00,in_va,no_bands,below_week_val,neg,pos
short,2026-03-23 15:55:00-04:00,2026-03-23,2026-03-23 16:55:00-04:00,eod,24398.625,24400.125,24398.75,24482.10714285714,24287.785714285717,27.607142857142858,0.8577777777777778,-842,9,15,24433.0,24449.25,-1.5,-30.0,-34.5,24500.0,24672.5,24375.0,,,,,24985.0,25180.0,24607.5,15:00,in_va,no_bands,below_week_val,pos,pos
short,2026-03-23 15:50:00-04:00,2026-03-23,2026-03-23 16:55:00-04:00,eod,24447.625,24400.125,24447.75,24521.48214285714,24348.285714285717,25.732142857142858,0.8382352941176471,-367,-99,13,24459.25,24483.5,47.5,950.0,945.5,24500.0,24675.0,24375.0,,,,,24985.0,25180.0,24607.5,15:00,in_va,no_bands,below_week_val,neg,pos
short,2026-03-24 09:35:00-04:00,2026-03-24,2026-03-24 11:20:00-04:00,sl,24209.125,24362.64285714286,24209.25,24362.51785714286,24007.214285714283,48.767857142857146,0.865909090909091,-877,-37,50,24223.75,24250.0,-153.5178571428587,-3070.357142857174,-3074.857142857174,24255.0,24392.5,24227.5,,,,,24985.0,25180.0,24607.5,09:00,below_val,no_bands,below_week_val,neg,pos
short,2026-03-24 11:55:00-04:00,2026-03-24,2026-03-24 16:20:00-04:00,sl,24295.375,24411.303571428572,24295.5,24411.178571428572,24119.892857142855,59.92857142857143,0.8435114503816794,-288,-99,2,24333.0,24342.25,-115.92857142857247,-2318.5714285714494,-2323.0714285714494,24290.0,24347.5,24190.0,,,,,24985.0,25180.0,24607.5,11:00,in_va,no_bands,below_week_val,neg,pos
short,2026-03-24 12:35:00-04:00,2026-03-24,2026-03-24 16:20:00-04:00,sl,24249.125,24349.571428571428,24249.25,24349.446428571428,24110.107142857145,38.94642857142857,0.937007874015748,-267,-5,0,24266.25,24288.5,-100.44642857142753,-2008.9285714285506,-2013.4285714285506,24292.5,24355.0,24202.5,,,,,24985.0,25180.0,24607.5,12:00,in_va,no_bands,below_week_val,neg,zero
short,2026-03-26 14:25:00-04:00,2026-03-26,2026-03-26 16:10:00-04:00,sl,23848.125,23916.51785714286,23848.25,23916.39285714286,23750.464285714283,29.642857142857142,0.7869822485207101,-484,-152,46,23858.5,23880.0,-68.3928571428587,-1367.857142857174,-1372.357142857174,24100.0,24232.5,23997.5,,,,,24985.0,25180.0,24607.5,14:00,below_val,no_bands,below_week_val,neg,pos
short,2026-03-26 15:05:00-04:00,2026-03-26,2026-03-26 16:10:00-04:00,sl,23836.375,23893.48214285714,23836.5,23893.35714285714,23751.535714285717,28.107142857142858,0.7086092715231788,-247,-235,12,23849.5,23860.25,-57.1071428571413,-1142.142857142826,-1146.642857142826,24100.0,24232.5,23982.5,,,,,24985.0,25180.0,24607.5,15:00,below_val,no_bands,below_week_val,neg,pos
short,2026-03-26 15:50:00-04:00,2026-03-26,2026-03-26 16:10:00-04:00,sl,23781.125,23848.60714285714,23781.25,23848.48214285714,23687.535714285717,26.482142857142858,0.7833333333333333,-546,-103,160,23799.25,23812.75,-67.4821428571413,-1349.642857142826,-1354.142857142826,24100.0,24245.0,23932.5,,,,,24985.0,25180.0,24607.5,15:00,below_val,no_bands,below_week_val,neg,pos
short,2026-03-27 13:15:00-04:00,2026-03-27,2026-03-27 14:05:00-04:00,tp,23435.625,23336.232142857145,23435.75,23501.821428571428,23336.107142857145,33.57142857142857,0.8092105263157895,-338,-82,2,23453.0,23483.75,99.39285714285506,1987.8571428571013,1983.3571428571013,23500.0,23642.5,23452.5,,,,,24985.0,25180.0,24607.5,13:00,below_val,no_bands,below_week_val,neg,pos
short,2026-04-01 12:10:00-04:00,2026-04-01,2026-04-01 14:00:00-04:00,tp,24301.625,24224.803571428572,24301.75,24352.535714285714,24224.678571428572,26.285714285714285,0.7563025210084033,-348,-147,3,24304.0,24314.5,76.82142857142753,1536.4285714285506,1531.9285714285506,,,,,,,,24675.0,24767.5,24502.5,12:00,unknown,no_bands,below_week_val,neg,pos
short,2026-04-02 09:35:00-04:00,2026-04-02,2026-04-02 09:50:00-04:00,sl,23688.875,23822.410714285714,23689.0,23822.285714285714,23521.678571428572,34.035714285714285,0.9777777777777777,-466,-38,1,23710.25,23726.75,-133.53571428571377,-2670.7142857142753,-2675.2142857142753,,,,,,,,24675.0,24767.5,24502.5,09:00,unknown,no_bands,below_week_val,neg,pos
short,2026-04-02 12:15:00-04:00,2026-04-02,2026-04-02 13:15:00-04:00,sl,24074.875,24180.196428571428,24075.0,24180.071428571428,23915.857142857145,54.07142857142857,0.7014218009478673,-323,-20,152,24105.0,24164.75,-105.32142857142753,-2106.4285714285506,-2110.9285714285506,,,,,,,,24675.0,24767.5,24502.5,12:00,unknown,no_bands,below_week_val,neg,pos
short,2026-04-02 13:45:00-04:00,2026-04-02,2026-04-02 15:10:00-04:00,sl,24073.875,24176.160714285714,24074.0,24176.035714285714,23935.928571428572,36.035714285714285,0.9379562043795621,-216,-30,25,24115.0,24127.25,-102.28571428571377,-2045.7142857142753,-2050.2142857142753,,,,,,,,24675.0,24767.5,24502.5,13:00,unknown,no_bands,below_week_val,neg,pos
