direction,signal_time,session_date,exit_time,exit_reason,entry,exit,entry_raw,sl_raw,tp_raw,atr,body_ratio,bar_total_delta,bot_wick_delta,top_wick_delta,zone_low,zone_high,pts,pnl_gross,pnl_net,dev_poc,dev_vah,dev_val,noise_upper_14,noise_lower_14,noise_upper_90,noise_lower_90,prev_week_iso_poc,prev_week_iso_vah,prev_week_iso_val,entry_hour,dev_loc,noise_loc,week_loc,bot_wick_sign,top_wick_sign
long,2020-12-02 10:15:00-05:00,2020-12-02,2020-12-02 16:55:00-05:00,eod,12413.625,12462.125,12413.5,12370.375,12481.75,25.125,0.75,847,-20,162,12390.5,12397.75,48.5,970.0,965.5,12400.0,12432.5,12342.5,,,,,,,,10:00,in_va,no_bands,unknown,neg,pos
long,2020-12-02 09:55:00-05:00,2020-12-02,2020-12-02 11:30:00-05:00,tp,12375.625,12444.232142857141,12375.5,12327.82142857143,12444.357142857141,21.178571428571427,0.7777777777777778,634,-132,46,12353.25,12372.0,68.6071428571413,1372.142857142826,1367.642857142826,12400.0,12455.0,12355.0,,,,,,,,09:00,in_va,no_bands,unknown,neg,pos
long,2020-12-02 10:40:00-05:00,2020-12-02,2020-12-02 16:55:00-05:00,eod,12435.625,12462.125,12435.5,12392.214285714286,12503.071428571428,24.285714285714285,0.7037037037037037,442,-57,22,12413.75,12429.5,26.5,530.0,525.5,12400.0,12450.0,12365.0,,,,,,,,10:00,in_va,no_bands,unknown,neg,pos
long,2020-12-04 10:40:00-05:00,2020-12-04,2020-12-04 16:55:00-05:00,eod,12511.875,12509.125,12511.75,12479.19642857143,12562.107142857141,17.803571428571427,0.8923076923076924,499,-4,94,12504.75,12509.0,-2.75,-55.0,-59.5,12502.5,12512.5,12480.0,,,,,,,,10:00,in_va,no_bands,unknown,neg,pos
long,2020-12-08 11:55:00-05:00,2020-12-08,2020-12-08 13:30:00-05:00,tp,12584.875,12626.517857142859,12584.75,12555.92857142857,12626.642857142859,13.071428571428571,0.8591549295774648,741,-13,142,12562.25,12569.75,41.6428571428587,832.857142857174,828.357142857174,12562.5,12572.5,12535.0,,,,,,,,11:00,above_vah,no_bands,unknown,neg,pos
long,2020-12-14 09:35:00-05:00,2020-12-14,2020-12-14 16:55:00-05:00,eod,12494.875,12471.875,12494.75,12425.357142857143,12577.035714285714,12.892857142857142,0.9330543933054394,863,-12,47,12472.5,12494.25,-23.0,-460.0,-464.5,12420.0,12437.5,12402.5,,,,,12487.5,12517.5,12422.5,09:00,above_vah,no_bands,in_week_va,neg,pos
long,2020-12-11 10:10:00-05:00,2020-12-11,2020-12-11 11:20:00-05:00,sl,12352.125,12296.964285714286,12352.0,12297.089285714286,12433.571428571428,26.660714285714285,0.7841726618705036,314,-12,102,12319.5,12330.0,-55.160714285713766,-1103.2142857142753,-1107.7142857142753,12325.0,12335.0,12292.5,,,,,,,,10:00,above_vah,no_bands,unknown,neg,pos
long,2020-12-11 15:15:00-05:00,2020-12-11,2020-12-11 16:55:00-05:00,eod,12375.375,12368.875,12375.25,12334.589285714286,12430.571428571428,14.660714285714286,0.8803418803418803,421,-1,85,12352.25,12358.5,-6.5,-130.0,-134.5,12327.5,12352.5,12285.0,,,,,,,,15:00,above_vah,no_bands,unknown,neg,pos
long,2020-12-14 11:50:00-05:00,2020-12-14,2020-12-14 12:55:00-05:00,sl,12536.375,12500.25,12536.25,12500.375,12593.5,21.375,0.75,225,-10,14,12514.75,12531.5,-36.125,-722.5,-727.0,12515.0,12550.0,12475.0,,,,,12487.5,12517.5,12422.5,11:00,in_va,no_bands,above_week_vah,neg,pos
long,2020-12-15 15:20:00-05:00,2020-12-15,2020-12-15 16:55:00-05:00,eod,12592.125,12597.875,12592.0,12565.017857142857,12628.714285714286,9.732142857142858,0.8918918918918919,446,-10,16,12565.5,12585.0,5.75,115.0,110.5,12565.0,12580.0,12517.5,,,,,12487.5,12517.5,12422.5,15:00,above_vah,no_bands,above_week_vah,neg,pos
long,2020-12-16 11:00:00-05:00,2020-12-16,2020-12-16 15:20:00-05:00,tp,12636.375,12685.910714285714,12636.25,12602.732142857143,12686.035714285714,16.267857142857142,0.7297297297297297,345,-40,104,12626.75,12632.25,49.535714285713766,990.7142857142753,986.2142857142753,12612.5,12630.0,12595.0,,,,,12487.5,12517.5,12422.5,11:00,above_vah,no_bands,above_week_vah,neg,pos
long,2020-12-16 11:30:00-05:00,2020-12-16,2020-12-16 14:05:00-05:00,sl,12643.625,12617.0,12643.5,12617.125,12683.5,13.625,0.7543859649122807,326,-9,22,12636.5,12641.0,-26.625,-532.5,-537.0,12625.0,12632.5,12595.0,,,,,12487.5,12517.5,12422.5,11:00,above_vah,no_bands,above_week_vah,neg,pos
long,2020-12-16 14:35:00-05:00,2020-12-16,2020-12-16 16:55:00-05:00,eod,12668.875,12675.875,12668.75,12633.767857142857,12717.714285714286,13.982142857142858,0.797979797979798,490,-2,24,12646.25,12656.5,7.0,140.0,135.5,12625.0,12650.0,12607.5,,,,,12487.5,12517.5,12422.5,14:00,above_vah,no_bands,above_week_vah,neg,pos
long,2020-12-17 15:50:00-05:00,2020-12-17,2020-12-17 16:55:00-05:00,eod,12754.125,12752.875,12754.0,12717.92857142857,12801.142857142859,11.071428571428571,0.9411764705882353,846,-4,3,12740.25,12745.75,-1.25,-25.0,-29.5,12727.5,12740.0,12710.0,12837.330733751367,12576.400527505364,,,12487.5,12517.5,12422.5,15:00,above_vah,inside_14_only,above_week_vah,neg,pos
long,2020-12-17 10:25:00-05:00,2020-12-17,2020-12-17 11:50:00-05:00,sl,12737.625,12695.089285714286,12737.5,12695.214285714286,12797.571428571428,17.785714285714285,0.7222222222222222,649,-80,110,12725.0,12733.0,-42.535714285713766,-850.7142857142753,-855.2142857142753,12735.0,12755.0,12720.0,12796.629023020325,12616.906514686792,,,12487.5,12517.5,12422.5,10:00,in_va,inside_14_only,above_week_vah,neg,pos
long,2020-12-21 12:20:00-05:00,2020-12-21,2020-12-21 13:10:00-05:00,tp,12612.875,12675.339285714286,12612.75,12566.892857142857,12675.464285714286,16.857142857142858,0.95,425,-4,63,12582.5,12608.75,62.464285714286234,1249.2857142857247,1244.7857142857247,12582.5,12602.5,12475.0,12817.132224104105,12513.766829229651,,,12590.0,12667.5,12387.5,12:00,above_vah,inside_14_only,in_week_va,neg,pos
long,2020-12-21 11:20:00-05:00,2020-12-21,2020-12-21 12:30:00-05:00,tp,12543.375,12628.089285714286,12543.25,12486.892857142857,12628.214285714286,28.607142857142858,0.8157894736842105,501,25,29,12502.75,12533.75,84.71428571428623,1694.2857142857247,1689.7857142857247,12582.5,12645.0,12490.0,12824.687852735979,12506.310176162082,,,12590.0,12667.5,12387.5,11:00,in_va,inside_14_only,in_week_va,pos,pos
long,2020-12-21 11:00:00-05:00,2020-12-21,2020-12-21 12:20:00-05:00,tp,12516.375,12611.839285714286,12516.25,12455.392857142857,12611.964285714286,34.857142857142854,0.7288135593220338,551,-33,121,12501.0,12514.0,95.46428571428623,1909.2857142857247,1904.7857142857247,12582.5,12645.0,12487.5,12810.874154034324,12519.942921207763,,,12590.0,12667.5,12387.5,11:00,in_va,outside_both,in_week_va,neg,pos
long,2020-12-23 10:10:00-05:00,2020-12-23,2020-12-23 15:55:00-05:00,sl,12699.125,12664.392857142857,12699.0,12664.517857142857,12753.714285714286,20.232142857142858,0.85,597,2,29,12686.25,12694.25,-34.73214285714312,-694.6428571428623,-699.1428571428623,12690.0,12712.5,12652.5,12771.186894002054,12650.093467137987,,,12590.0,12667.5,12387.5,10:00,in_va,inside_14_only,above_week_vah,pos,pos
long,2020-12-23 10:30:00-05:00,2020-12-23,2020-12-23 15:55:00-05:00,sl,12703.125,12658.339285714286,12703.0,12658.464285714286,12770.571428571428,23.035714285714285,0.7956989247311828,405,-77,146,12686.75,12696.75,-44.785714285713766,-895.7142857142753,-900.2142857142753,12690.0,12710.0,12652.5,12777.756704283684,12643.52714483964,,,12590.0,12667.5,12387.5,10:00,in_va,inside_14_only,above_week_vah,neg,pos
long,2020-12-23 12:10:00-05:00,2020-12-23,2020-12-23 15:50:00-05:00,sl,12702.125,12676.357142857143,12702.0,12676.482142857143,12739.785714285714,12.267857142857142,0.8793103448275862,362,-11,82,12696.75,12698.0,-25.767857142856883,-515.3571428571377,-519.8571428571377,12690.0,12702.5,12662.5,12783.648761718598,12637.63821556169,,,12590.0,12667.5,12387.5,12:00,in_va,inside_14_only,above_week_vah,neg,pos
long,2020-12-28 12:15:00-05:00,2020-12-28,2020-12-28 16:55:00-05:00,eod,12831.125,12842.375,12831.0,12812.5,12858.75,9.25,0.7435897435897436,911,-36,66,12821.5,12826.5,11.25,225.0,220.5,12817.5,12825.0,12777.5,12881.200897449458,12638.623037136409,,,12720.0,12762.5,12560.0,12:00,above_vah,inside_14_only,above_week_vah,neg,pos
long,2020-12-29 10:40:00-05:00,2020-12-29,2020-12-29 12:10:00-05:00,sl,12877.625,12839.30357142857,12877.5,12839.42857142857,12940.142857142859,24.571428571428573,0.8620689655172413,216,-25,82,12857.75,12875.0,-38.32142857142935,-766.428571428587,-770.928571428587,12857.5,12897.5,12842.5,12961.14737464073,12773.36774225194,,,12720.0,12762.5,12560.0,10:00,in_va,inside_14_only,above_week_vah,neg,pos
long,2020-12-29 14:50:00-05:00,2020-12-29,2020-12-29 16:55:00-05:00,eod,12839.375,12857.625,12839.25,12811.660714285714,12878.678571428572,11.839285714285714,0.7625,246,-4,146,12833.75,12838.75,18.25,365.0,360.5,12862.5,12892.5,12837.5,12993.870159364913,12740.769967487431,,,12720.0,12762.5,12560.0,14:00,in_va,inside_14_only,above_week_vah,neg,pos
long,2020-12-31 15:50:00-05:00,2020-12-31,2020-12-31 16:55:00-05:00,eod,12873.625,12882.875,12873.5,12838.30357142857,12920.142857142859,11.446428571428571,0.8303571428571429,1137,-3,246,12864.0,12871.5,9.25,185.0,180.5,12845.0,12855.0,12827.5,12902.32586877884,12780.425315387123,,,12720.0,12762.5,12560.0,15:00,above_vah,inside_14_only,above_week_vah,neg,pos
long,2020-12-31 12:40:00-05:00,2020-12-31,2020-12-31 14:05:00-05:00,sl,12829.125,12805.44642857143,12829.0,12805.57142857143,12862.857142857141,10.428571428571429,0.8214285714285714,304,-25,80,12822.25,12827.5,-23.67857142857065,-473.571428571413,-478.071428571413,12845.0,12855.0,12830.0,12891.174192006536,12791.576775057125,,,12720.0,12762.5,12560.0,12:00,below_val,inside_14_only,above_week_vah,neg,pos
long,2021-01-05 09:50:00-05:00,2021-01-05,2021-01-05 10:20:00-05:00,sl,12762.625,12720.892857142857,12762.5,12721.017857142857,12823.464285714286,19.482142857142858,0.9354838709677419,305,-3,102,12748.0,12754.0,-41.73214285714312,-834.6428571428623,-839.1428571428623,12677.5,12722.5,12660.0,12719.955874318779,12619.387207376361,,,12685.0,12737.5,12645.0,09:00,above_vah,outside_both,above_week_vah,neg,pos
long,2021-01-06 09:45:00-05:00,2021-01-06,2021-01-06 10:45:00-05:00,tp,12645.375,12746.446428571428,12645.25,12575.839285714286,12746.571428571428,31.910714285714285,0.7074468085106383,952,37,403,12616.5,12624.25,101.07142857142753,2021.4285714285506,2016.9285714285506,12615.0,12650.0,12540.0,12841.991786430106,12560.873763479805,,,12685.0,12737.5,12645.0,09:00,in_va,inside_14_only,in_week_va,pos,pos
long,2021-01-07 09:35:00-05:00,2021-01-07,2021-01-07 10:00:00-05:00,tp,12797.875,12864.410714285714,12797.75,12746.232142857143,12864.535714285714,15.267857142857142,0.7272727272727273,1869,-3,564,12772.25,12783.5,66.53571428571377,1330.7142857142753,1326.2142857142753,12725.0,12737.5,12682.5,12756.259669688008,12629.895749614176,,,12685.0,12737.5,12645.0,09:00,above_vah,outside_both,above_week_vah,neg,pos
long,2021-01-07 12:50:00-05:00,2021-01-07,2021-01-07 13:05:00-05:00,sl,12900.625,12876.875,12900.5,12877.0,12935.75,11.75,0.74,225,-23,26,12891.5,12896.75,-23.75,-475.0,-479.5,12877.5,12920.0,12730.0,12842.895421158013,12543.73646755043,,,12685.0,12737.5,12645.0,12:00,in_va,outside_both,above_week_vah,neg,pos
long,2021-01-08 12:10:00-05:00,2021-01-08,2021-01-08 13:15:00-05:00,sl,13056.125,13013.94642857143,13056.0,13014.07142857143,13119.107142857141,21.178571428571427,0.9176470588235294,226,-18,2,13037.25,13054.5,-42.17857142857065,-843.571428571413,-848.071428571413,13025.0,13050.0,12990.0,13141.802589984,12803.826996890264,,,12685.0,12737.5,12645.0,12:00,above_vah,inside_14_only,above_week_vah,neg,pos
long,2021-01-08 11:55:00-05:00,2021-01-08,2021-01-08 13:20:00-05:00,sl,13033.125,12991.714285714286,13033.0,12991.839285714286,13093.571428571428,19.410714285714285,0.875,416,-2,88,13027.75,13031.5,-41.410714285713766,-828.2142857142753,-832.7142857142753,13025.0,13050.0,12987.5,13124.885994925677,12820.622425001107,,,12685.0,12737.5,12645.0,11:00,in_va,inside_14_only,above_week_vah,neg,pos
long,2021-01-11 09:55:00-05:00,2021-01-11,2021-01-11 15:20:00-05:00,sl,12958.875,12900.75,12958.75,12900.875,13043.0,26.375,0.7123287671232876,447,-49,91,12925.25,12953.25,-58.125,-1162.5,-1167.0,13045.0,13100.0,12940.0,13174.788957078976,12913.335483831284,,,12852.5,12872.5,12815.0,09:00,in_va,inside_14_only,above_week_vah,neg,pos
long,2021-01-11 10:05:00-05:00,2021-01-11,2021-01-11 14:15:00-05:00,sl,12980.625,12926.035714285714,12980.5,12926.160714285714,13063.678571428572,28.839285714285715,0.7049180327868853,435,-35,218,12959.0,12968.75,-54.589285714286234,-1091.7857142857247,-1096.2857142857247,13045.0,13100.0,12945.0,13185.284332127027,12902.967269710034,,,12852.5,12872.5,12815.0,10:00,in_va,inside_14_only,above_week_vah,neg,pos
long,2021-01-11 15:45:00-05:00,2021-01-11,2021-01-11 16:55:00-05:00,eod,12916.875,12905.625,12916.75,12865.92857142857,12989.392857142859,21.821428571428573,0.8106060606060606,242,-16,24,12883.75,12901.75,-11.25,-225.0,-229.5,12970.0,12997.5,12905.0,13237.075042108709,12851.804050851897,,,12852.5,12872.5,12815.0,15:00,in_va,inside_14_only,above_week_vah,neg,pos
long,2021-01-12 14:00:00-05:00,2021-01-12,2021-01-12 14:45:00-05:00,sl,12906.625,12866.714285714286,12906.5,12866.839285714286,12961.321428571428,15.160714285714286,0.8411214953271028,539,-9,49,12884.0,12892.5,-39.910714285713766,-798.2142857142753,-802.7142857142753,12902.5,12945.0,12870.0,13021.55558690115,12786.723575926075,,,12852.5,12872.5,12815.0,14:00,in_va,inside_14_only,above_week_vah,neg,pos
long,2021-01-12 15:45:00-05:00,2021-01-12,2021-01-12 16:55:00-05:00,eod,12906.625,12881.125,12906.5,12867.785714285714,12961.928571428572,16.714285714285715,0.7849462365591398,669,15,17,12880.25,12894.0,-25.5,-510.0,-514.5,12887.5,12935.0,12865.0,13019.774931912467,12788.503782500004,,,12852.5,12872.5,12815.0,15:00,in_va,inside_14_only,above_week_vah,pos,pos
long,2021-01-13 09:50:00-05:00,2021-01-13,2021-01-13 10:00:00-05:00,sl,12935.875,12891.160714285714,12935.75,12891.285714285714,12998.678571428572,18.464285714285715,0.7062937062937062,1345,-11,663,12902.25,12916.5,-44.714285714286234,-894.2857142857247,-898.7857142857247,12920.0,12927.5,12875.0,12930.81653375141,12839.709265443269,,,12852.5,12872.5,12815.0,09:00,above_vah,outside_both,above_week_vah,neg,pos
long,2021-01-13 10:35:00-05:00,2021-01-13,2021-01-13 16:55:00-05:00,eod,12958.875,12972.875,12958.75,12913.839285714286,13032.071428571428,28.410714285714285,0.9420289855072463,797,-3,56,12936.0,12945.5,14.0,280.0,275.5,12920.0,12927.5,12875.0,12959.164935860781,12811.378458400863,,,12852.5,12872.5,12815.0,10:00,above_vah,inside_14_only,above_week_vah,neg,pos
long,2021-01-13 10:25:00-05:00,2021-01-13,2021-01-13 14:00:00-05:00,tp,12930.375,12997.625,12930.25,12890.0,12997.75,27.25,0.7419354838709677,218,-66,168,12916.75,12923.5,67.25,1345.0,1340.5,12920.0,12927.5,12877.5,12951.412036753456,12819.126545498733,,,12852.5,12872.5,12815.0,10:00,above_vah,inside_14_only,above_week_vah,neg,pos
long,2021-01-13 12:40:00-05:00,2021-01-13,2021-01-13 16:55:00-05:00,eod,12967.375,12972.875,12967.25,12938.67857142857,13010.142857142859,14.321428571428571,0.7424242424242424,227,-31,53,12955.5,12964.0,5.5,110.0,105.5,12920.0,12955.0,12857.5,13020.44733790826,12750.134092640708,,,12852.5,12872.5,12815.0,12:00,above_vah,inside_14_only,above_week_vah,neg,pos
long,2021-01-14 10:15:00-05:00,2021-01-14,2021-01-14 12:05:00-05:00,sl,13008.625,12965.285714285714,13008.5,12965.410714285714,13070.678571428572,19.089285714285715,0.8823529411764706,795,-22,121,12986.0,13005.25,-43.339285714286234,-866.7857142857247,-871.2857142857247,12982.5,13002.5,12967.5,13056.95628938748,12901.863624186219,,,12852.5,12872.5,12815.0,10:00,above_vah,inside_14_only,above_week_vah,neg,pos
long,2021-01-19 15:00:00-05:00,2021-01-19,2021-01-19 16:00:00-05:00,sl,13004.375,12972.535714285714,13004.25,12972.660714285714,13045.428571428572,9.589285714285714,0.7628865979381443,1718,7,218,12988.0,12990.5,-31.839285714286234,-636.7857142857247,-641.2857142857247,12877.5,12925.0,12862.5,13018.738000706002,12692.543966111218,,,12727.5,12875.0,12525.0,15:00,above_vah,inside_14_only,above_week_vah,pos,pos
long,2021-01-15 13:15:00-05:00,2021-01-15,2021-01-15 14:25:00-05:00,sl,12876.125,12837.57142857143,12876.0,12837.69642857143,12932.357142857141,18.053571428571427,0.7450980392156863,429,-26,99,12863.5,12868.5,-38.55357142857065,-771.071428571413,-775.571428571413,12842.5,12905.0,12805.0,13022.968241686118,12766.874890185154,,,12852.5,12872.5,12815.0,13:00,in_va,inside_14_only,above_week_vah,neg,pos
long,2021-01-21 10:10:00-05:00,2021-01-21,2021-01-21 16:55:00-05:00,eod,13364.625,13396.875,13364.5,13305.05357142857,13448.892857142859,24.946428571428573,0.7976190476190477,972,-5,-27,13326.75,13332.0,32.25,645.0,640.5,13322.5,13352.5,13295.0,13400.297011817142,13230.426728968836,,,12727.5,12875.0,12525.0,10:00,above_vah,inside_14_only,above_week_vah,neg,neg
long,2021-01-21 14:05:00-05:00,2021-01-21,2021-01-21 15:00:00-05:00,tp,13383.375,13407.482142857141,13383.25,13366.94642857143,13407.607142857141,8.053571428571429,0.8285714285714286,259,-23,24,13375.0,13383.0,24.107142857141298,482.14285714282596,477.64285714282596,13370.0,13382.5,13327.5,13428.516805089308,13202.31164932238,,,12727.5,12875.0,12525.0,14:00,above_vah,inside_14_only,above_week_vah,neg,pos
long,2021-01-22 13:35:00-05:00,2021-01-22,2021-01-22 14:00:00-05:00,sl,13373.875,13354.80357142857,13373.75,13354.92857142857,13402.892857142859,10.321428571428571,0.8055555555555556,320,-30,74,13365.75,13370.25,-19.07142857142935,-381.428571428587,-385.928571428587,13357.5,13377.5,13337.5,13477.344267158369,13267.701094128304,,,12727.5,12875.0,12525.0,13:00,in_va,inside_14_only,above_week_vah,neg,pos
long,2021-01-25 14:40:00-05:00,2021-01-25,2021-01-25 15:10:00-05:00,sl,13448.375,13411.607142857143,13448.25,13411.732142857143,13503.035714285714,18.267857142857142,0.7215189873417721,400,-38,131,13439.0,13446.0,-36.76785714285688,-735.3571428571377,-739.8571428571377,13432.5,13500.0,13285.0,,,,,12970.0,13000.0,12875.0,14:00,in_va,no_bands,above_week_vah,neg,pos
long,2021-01-25 15:50:00-05:00,2021-01-25,2021-01-25 16:55:00-05:00,eod,13463.375,13464.125,13463.25,13418.339285714286,13528.821428571428,20.660714285714285,0.7844827586206896,850,-8,138,13448.25,13452.5,0.75,15.0,10.5,13432.5,13495.0,13300.0,,,,,12970.0,13000.0,12875.0,15:00,in_va,no_bands,above_week_vah,neg,pos
long,2021-01-26 16:00:00-05:00,2021-01-26,2021-01-26 16:55:00-05:00,eod,13567.625,13552.125,13567.5,13462.75,13691.25,19.0,0.9512893982808023,2003,4,50,13514.5,13533.0,-15.5,-310.0,-314.5,13487.5,13507.5,13465.0,13574.687115458706,13382.987911043307,,,12970.0,13000.0,12875.0,16:00,above_vah,inside_14_only,above_week_vah,pos,pos
long,2021-01-27 10:20:00-05:00,2021-01-27,2021-01-27 11:30:00-05:00,sl,13363.625,13279.0,13363.5,13279.125,13496.75,48.875,0.7988505747126436,515,-15,245,13345.5,13351.0,-84.625,-1692.5,-1697.0,13550.0,13587.5,13282.5,13603.651734686882,13338.715552650667,,,12970.0,13000.0,12875.0,10:00,in_va,inside_14_only,above_week_vah,neg,pos
long,2021-01-27 12:40:00-05:00,2021-01-27,2021-01-27 13:45:00-05:00,sl,13315.375,13261.857142857143,13315.25,13261.982142857143,13397.035714285714,28.517857142857142,0.7086614173228346,438,-45,229,13303.75,13312.0,-53.51785714285688,-1070.3571428571377,-1074.8571428571377,13330.0,13392.5,13237.5,13621.311999022555,13321.267371771293,,,12970.0,13000.0,12875.0,12:00,in_va,outside_both,above_week_vah,neg,pos
long,2021-01-28 12:05:00-05:00,2021-01-28,2021-01-28 13:45:00-05:00,tp,13338.125,13392.839285714286,13338.0,13304.642857142857,13392.964285714286,21.607142857142858,0.7272727272727273,447,-16,115,13315.5,13331.75,54.714285714286234,1094.2857142857247,1089.7857142857247,13275.0,13330.0,13045.0,13228.496576589816,12989.024018222986,,,12970.0,13000.0,12875.0,12:00,above_vah,outside_both,above_week_vah,neg,pos
long,2021-01-28 09:40:00-05:00,2021-01-28,2021-01-28 16:55:00-05:00,eod,13236.875,13151.625,13236.75,13089.035714285714,13423.678571428572,39.214285714285715,0.8278008298755186,1304,-73,-322,13178.25,13212.5,-85.25,-1705.0,-1709.5,13020.0,13087.5,12947.5,13198.141152741238,13019.163693064145,,,12970.0,13000.0,12875.0,09:00,above_vah,outside_both,above_week_vah,neg,neg
long,2021-01-28 10:45:00-05:00,2021-01-28,2021-01-28 15:55:00-05:00,sl,13274.625,13181.19642857143,13274.5,13181.32142857143,13413.857142857141,46.17857142857143,0.8509615384615384,453,-2,201,13236.5,13264.5,-93.42857142857065,-1868.571428571413,-1873.071428571413,13242.5,13277.5,13025.0,13200.48929818615,13016.83223689531,,,12970.0,13000.0,12875.0,10:00,in_va,outside_both,above_week_vah,neg,pos
long,2021-02-01 11:20:00-05:00,2021-02-01,2021-02-01 12:20:00-05:00,tp,13146.625,13239.267857142859,13146.5,13086.42857142857,13239.392857142859,32.82142857142857,0.8559322033898306,556,-77,91,13105.25,13122.75,92.6428571428587,1852.857142857174,1848.357142857174,13045.0,13097.5,12997.5,13133.327210421321,12789.807580605477,,,13370.0,13422.5,13127.5,11:00,above_vah,outside_both,in_week_va,neg,pos
long,2021-01-29 15:00:00-05:00,2021-01-29,2021-01-29 16:00:00-05:00,sl,12975.875,12875.875,12975.75,12876.0,13110.25,34.75,0.9139784946236559,787,3,241,12925.75,12951.0,-100.0,-2000.0,-2004.5,13005.0,13155.0,12962.5,13272.809359578,12989.820338833433,,,12970.0,13000.0,12875.0,15:00,in_va,outside_both,in_week_va,pos,pos
long,2021-02-02 11:05:00-05:00,2021-02-02,2021-02-02 14:40:00-05:00,tp,13422.375,13486.946428571428,13422.25,13383.589285714286,13487.071428571428,26.160714285714285,0.7058823529411765,248,-57,1,13407.0,13419.5,64.57142857142753,1291.4285714285506,1286.9285714285506,13397.5,13425.0,13345.0,13436.844644610781,13151.396621724069,,,13370.0,13422.5,13127.5,11:00,in_va,inside_14_only,in_week_va,neg,pos
long,2021-02-02 13:35:00-05:00,2021-02-02,2021-02-02 16:00:00-05:00,sl,13471.875,13440.982142857143,13471.75,13441.107142857143,13514.785714285714,12.392857142857142,0.7439024390243902,488,-44,189,13467.5,13471.25,-30.892857142856883,-617.8571428571377,-622.3571428571377,13397.5,13435.0,13335.0,13482.289524667554,13106.349955523881,,,13370.0,13422.5,13127.5,13:00,above_vah,inside_14_only,above_week_vah,neg,pos
long,2021-02-03 13:35:00-05:00,2021-02-03,2021-02-03 14:55:00-05:00,sl,13484.625,13452.232142857143,13484.5,13452.357142857143,13531.785714285714,15.142857142857142,0.8051948051948052,555,4,142,13469.75,13484.0,-32.39285714285688,-647.8571428571377,-652.3571428571377,13472.5,13547.5,13450.0,13658.836726132411,13370.978522016387,,,13370.0,13422.5,13127.5,13:00,in_va,inside_14_only,above_week_vah,pos,pos
long,2021-02-04 13:10:00-05:00,2021-02-04,2021-02-04 15:50:00-05:00,tp,13497.625,13530.946428571428,13497.5,13473.214285714286,13531.071428571428,9.285714285714286,0.9508196721311475,566,-14,27,13494.0,13497.0,33.32142857142753,666.4285714285506,661.9285714285506,13437.5,13455.0,13415.0,13574.471598917171,13290.836272505558,,,13370.0,13422.5,13127.5,13:00,above_vah,inside_14_only,above_week_vah,neg,pos
long,2021-02-05 12:00:00-05:00,2021-02-05,2021-02-05 13:15:00-05:00,tp,13585.125,13636.803571428572,13585.0,13546.160714285714,13636.928571428572,13.089285714285714,0.7547169811320755,623,-90,30,13566.25,13580.25,51.67857142857247,1033.5714285714494,1029.0714285714494,13567.5,13585.0,13542.5,13689.895191067208,13463.551438539933,,,13370.0,13422.5,13127.5,12:00,in_va,inside_14_only,above_week_vah,neg,pos
long,2021-02-08 11:45:00-05:00,2021-02-08,2021-02-08 15:55:00-05:00,tp,13626.375,13677.053571428572,13626.25,13591.410714285714,13677.178571428572,16.089285714285715,0.7816091954022989,254,-22,5,13609.75,13618.0,50.67857142857247,1013.5714285714494,1009.0714285714494,13645.0,13672.5,13642.5,13757.689106449596,13512.480745662704,,,13487.5,13557.5,13130.0,11:00,below_val,inside_14_only,above_week_vah,neg,pos
long,2021-02-08 12:20:00-05:00,2021-02-08,2021-02-08 13:05:00-05:00,sl,13648.125,13626.125,13648.0,13626.25,13683.0,13.25,0.75,201,9,110,13642.75,13646.25,-22.0,-440.0,-444.5,13645.0,13675.0,13640.0,13784.99884795496,13485.296399659359,,,13487.5,13557.5,13130.0,12:00,in_va,inside_14_only,above_week_vah,pos,pos
long,2021-02-10 11:10:00-05:00,2021-02-10,2021-02-10 16:55:00-05:00,eod,13627.375,13664.125,13627.25,13548.44642857143,13755.107142857141,49.05357142857143,0.7205882352941176,226,-37,118,13607.5,13618.75,36.75,735.0,730.5,13742.5,13767.5,13610.0,13847.139458415433,13593.203184890275,,,13487.5,13557.5,13130.0,11:00,in_va,inside_14_only,above_week_vah,neg,pos
long,2021-02-11 10:40:00-05:00,2021-02-11,2021-02-11 12:15:00-05:00,sl,13724.625,13685.392857142857,13724.5,13685.517857142857,13788.464285714286,24.982142857142858,0.8088235294117647,483,-2,93,13705.25,13718.5,-39.23214285714312,-784.6428571428623,-789.1428571428623,13710.0,13727.5,13687.5,13787.974404855346,13593.798856436628,,,13487.5,13557.5,13130.0,10:00,in_va,inside_14_only,above_week_vah,neg,pos
long,2021-02-12 10:40:00-05:00,2021-02-12,2021-02-12 15:35:00-05:00,tp,13717.625,13770.232142857141,13717.5,13686.44642857143,13770.357142857141,21.803571428571427,0.8780487804878049,347,-6,34,13694.0,13709.0,52.6071428571413,1052.142857142826,1047.642857142826,13700.0,13712.5,13680.0,13780.856826474059,13622.97943485184,,,13487.5,13557.5,13130.0,10:00,above_vah,inside_14_only,above_week_vah,neg,pos
long,2021-02-16 12:20:00-05:00,2021-02-16,2021-02-16 16:55:00-05:00,eod,13772.375,13755.125,13772.25,13724.964285714286,13844.071428571428,24.535714285714285,0.89,522,-2,168,13757.5,13772.0,-17.25,-345.0,-349.5,13852.5,13880.0,13810.0,13955.513066615198,13751.95817799251,,,13440.0,13610.0,13382.5,12:00,below_val,inside_14_only,above_week_vah,neg,pos
long,2021-02-17 10:45:00-05:00,2021-02-17,2021-02-17 11:25:00-05:00,sl,13632.375,13548.892857142857,13632.25,13549.017857142857,13749.214285714286,33.732142857142854,0.7376237623762376,965,24,32,13594.75,13618.25,-83.48214285714312,-1669.6428571428623,-1674.1428571428623,13645.0,13700.0,13580.0,13832.998298736986,13561.411603037066,,,13440.0,13610.0,13382.5,10:00,in_va,inside_14_only,above_week_vah,pos,pos
long,2021-02-18 13:20:00-05:00,2021-02-18,2021-02-18 15:00:00-05:00,tp,13596.125,13653.982142857141,13596.0,13555.82142857143,13654.107142857141,17.928571428571427,0.7570093457943925,732,-10,213,13552.75,13583.5,57.8571428571413,1157.142857142826,1152.642857142826,13552.5,13577.5,13497.5,13755.973879246814,13488.167922405339,,,13440.0,13610.0,13382.5,13:00,above_vah,inside_14_only,in_week_va,neg,pos
long,2021-02-18 11:15:00-05:00,2021-02-18,2021-02-18 12:00:00-05:00,sl,13565.375,13507.232142857143,13565.25,13507.357142857143,13650.285714285714,27.142857142857142,0.7919463087248322,585,-9,151,13530.25,13542.0,-58.14285714285688,-1162.8571428571377,-1167.3571428571377,13532.5,13582.5,13475.0,13753.495600027007,13490.618161164606,,,13440.0,13610.0,13382.5,11:00,in_va,inside_14_only,in_week_va,neg,pos
long,2021-02-18 12:25:00-05:00,2021-02-18,2021-02-18 14:00:00-05:00,tp,13562.125,13614.803571428572,13562.0,13528.660714285714,13614.928571428572,19.589285714285715,0.7321428571428571,348,-28,3,13551.75,13561.25,52.67857142857247,1053.5714285714494,1049.0714285714494,13527.5,13575.0,13487.5,13765.574959073258,13478.675473881567,,,13440.0,13610.0,13382.5,12:00,in_va,inside_14_only,in_week_va,neg,pos
long,2021-02-18 14:00:00-05:00,2021-02-18,2021-02-18 16:55:00-05:00,eod,13622.375,13639.875,13622.25,13581.375,13680.5,17.375,0.8301886792452831,635,-14,97,13601.5,13614.0,17.5,350.0,345.5,13552.5,13595.0,13497.5,13762.250475445944,13481.962342678706,,,13440.0,13610.0,13382.5,14:00,above_vah,inside_14_only,above_week_vah,neg,pos
long,2021-02-18 14:55:00-05:00,2021-02-18,2021-02-18 16:55:00-05:00,eod,13643.125,13639.875,13643.0,13599.517857142857,13700.464285714286,13.982142857142858,0.7985611510791367,867,1,88,13622.5,13628.5,-3.25,-65.0,-69.5,13552.5,13605.0,13497.5,13762.227531217546,13481.985027304905,,,13440.0,13610.0,13382.5,14:00,above_vah,inside_14_only,above_week_vah,pos,pos
long,2021-02-19 10:35:00-05:00,2021-02-19,2021-02-19 12:20:00-05:00,sl,13666.625,13626.05357142857,13666.5,13626.17857142857,13731.642857142859,24.821428571428573,0.8695652173913043,259,-26,95,13655.25,13666.0,-40.57142857142935,-811.428571428587,-815.928571428587,13657.5,13692.5,13622.5,13756.145074305174,13580.100845975281,,,13440.0,13610.0,13382.5,10:00,in_va,inside_14_only,above_week_vah,neg,pos
long,2021-02-19 15:35:00-05:00,2021-02-19,2021-02-19 15:50:00-05:00,sl,13602.375,13571.035714285714,13602.25,13571.160714285714,13649.928571428572,16.589285714285715,0.7941176470588235,230,-20,12,13592.25,13601.5,-31.339285714286234,-626.7857142857247,-631.2857142857247,13665.0,13725.0,13595.0,13762.12273144327,13574.147630192305,,,13440.0,13610.0,13382.5,15:00,in_va,inside_14_only,in_week_va,neg,pos
long,2021-02-19 13:40:00-05:00,2021-02-19,2021-02-19 14:25:00-05:00,sl,13594.625,13554.142857142857,13594.5,13554.267857142857,13659.964285714286,25.232142857142858,0.8088235294117647,291,-17,96,13582.25,13588.25,-40.48214285714312,-809.6428571428623,-814.1428571428623,13665.0,13700.0,13610.0,13745.331997334704,13590.869710598323,,,13440.0,13610.0,13382.5,13:00,below_val,inside_14_only,in_week_va,neg,pos
long,2021-02-22 13:25:00-05:00,2021-02-22,2021-02-22 14:50:00-05:00,sl,13363.125,13326.92857142857,13363.0,13327.05357142857,13416.142857142859,17.196428571428573,0.891566265060241,483,-8,100,13324.0,13344.75,-36.19642857142935,-723.928571428587,-728.428571428587,13330.0,13410.0,13282.5,13630.018195259841,13334.995310007122,,,13667.5,13735.0,13645.0,13:00,in_va,inside_14_only,below_week_val,neg,pos
long,2021-02-23 10:20:00-05:00,2021-02-23,2021-02-23 15:15:00-05:00,tp,13011.125,13200.839285714286,13011.0,12877.267857142857,13200.964285714286,56.232142857142854,0.7082066869300911,855,-222,51,12950.0,12971.75,189.71428571428623,3794.2857142857247,3789.7857142857247,12985.0,13052.5,12797.5,13259.411827222451,12962.728805702634,,,13667.5,13735.0,13645.0,10:00,in_va,inside_14_only,below_week_val,neg,pos
long,2021-02-23 13:20:00-05:00,2021-02-23,2021-02-23 15:05:00-05:00,tp,13031.875,13166.267857142859,13031.75,12941.17857142857,13166.392857142859,44.07142857142857,0.796875,477,-45,66,13002.75,13015.5,134.3928571428587,2687.857142857174,2683.357142857174,12985.0,13062.5,12845.0,13280.856484766371,12941.641802419997,,,13667.5,13735.0,13645.0,13:00,in_va,inside_14_only,below_week_val,neg,pos
long,2021-02-24 13:30:00-05:00,2021-02-24,2021-02-24 16:55:00-05:00,eod,13257.875,13313.875,13257.75,13204.125,13335.25,23.875,0.8046875,269,-19,42,13222.5,13238.25,56.0,1120.0,1115.5,13217.5,13247.5,13072.5,13214.050500963125,13017.559453774149,,,13667.5,13735.0,13645.0,13:00,above_vah,outside_both,below_week_val,neg,pos
long,2021-03-01 14:40:00-05:00,2021-03-01,2021-03-01 16:40:00-05:00,tp,13270.125,13315.125,13270.0,13237.875,13315.25,13.125,0.922077922077922,372,7,1,13235.5,13253.75,45.0,900.0,895.5,13097.5,13185.0,13032.5,13200.711316566756,12805.787453573188,,,13657.5,13720.0,13505.0,14:00,above_vah,outside_both,below_week_val,pos,pos
long,2021-02-26 11:35:00-05:00,2021-02-26,2021-02-26 13:45:00-05:00,sl,13021.125,12943.375,13021.0,12943.5,13152.5,54.0,0.782608695652174,550,-12,86,12992.0,13016.75,-77.75,-1555.0,-1559.5,12850.0,12942.5,12755.0,13015.18911648662,12726.355065786734,,,13667.5,13735.0,13645.0,11:00,above_vah,outside_both,below_week_val,neg,pos
long,2021-02-25 14:05:00-05:00,2021-02-25,2021-02-25 15:00:00-05:00,sl,12981.125,12896.714285714286,12981.0,12896.839285714286,13115.571428571428,50.410714285714285,0.8758620689655172,397,-13,64,12946.25,12962.25,-84.41071428571377,-1688.2142857142753,-1692.7142857142753,13142.5,13345.0,13007.5,13394.0189962393,13101.03485990814,,,13667.5,13735.0,13645.0,14:00,below_val,outside_both,below_week_val,neg,pos
long,2021-02-26 14:30:00-05:00,2021-02-26,2021-02-26 16:00:00-05:00,sl,12997.375,12891.92857142857,12997.25,12892.05357142857,13145.142857142859,42.69642857142857,0.7351778656126482,461,-91,18,12942.25,12983.75,-105.44642857142935,-2108.928571428587,-2113.428571428587,12945.0,13027.5,12815.0,13042.734978218992,12699.159568318353,,,13667.5,13735.0,13645.0,14:00,in_va,inside_14_only,below_week_val,neg,pos
long,2021-03-01 10:15:00-05:00,2021-03-01,2021-03-01 14:10:00-05:00,tp,13131.625,13243.125,13131.5,13055.625,13243.25,35.875,0.8705882352941177,848,-57,86,13077.75,13101.0,111.5,2230.0,2225.5,13055.0,13102.5,13047.5,13135.97390714258,12869.56857246748,,,13657.5,13720.0,13505.0,10:00,above_vah,inside_14_only,below_week_val,neg,pos
long,2021-03-01 11:05:00-05:00,2021-03-01,2021-03-01 14:45:00-05:00,tp,13195.625,13270.660714285714,13195.5,13145.607142857143,13270.785714285714,25.392857142857142,0.7678571428571429,331,-78,101,13184.25,13191.25,75.03571428571377,1500.7142857142753,1496.2142857142753,13097.5,13115.0,13042.5,13163.031108998202,12842.911055216631,,,13657.5,13720.0,13505.0,11:00,above_vah,outside_both,below_week_val,neg,pos
long,2021-03-02 13:10:00-05:00,2021-03-02,2021-03-02 14:10:00-05:00,sl,13196.875,13162.910714285714,13196.75,13163.035714285714,13250.178571428572,19.714285714285715,0.8688524590163934,224,-5,28,13178.75,13192.5,-33.964285714286234,-679.2857142857247,-683.7857142857247,13222.5,13252.5,13147.5,13420.860838726736,13190.771593588046,,,13657.5,13720.0,13505.0,13:00,in_va,inside_14_only,below_week_val,neg,pos
long,2021-03-03 13:15:00-05:00,2021-03-03,2021-03-03 13:45:00-05:00,sl,12857.625,12776.482142857143,12857.5,12776.607142857143,12967.535714285714,29.142857142857142,0.8248847926267281,915,-103,144,12812.0,12830.0,-81.14285714285688,-1622.8571428571377,-1627.3571428571377,12935.0,13015.0,12825.0,13158.201159303515,12909.63166581307,,,13657.5,13720.0,13505.0,13:00,in_va,outside_both,below_week_val,neg,pos
long,2021-03-04 10:20:00-05:00,2021-03-04,2021-03-04 11:00:00-05:00,tp,12578.625,12756.946428571428,12578.5,12454.339285714286,12757.071428571428,54.410714285714285,0.8301886792452831,1114,-108,500,12567.5,12576.0,178.32142857142753,3566.4285714285506,3561.9285714285506,12615.0,12695.0,12575.0,12725.45045280503,12616.349663030085,,,13657.5,13720.0,13505.0,10:00,in_va,outside_both,below_week_val,neg,pos
long,2021-03-04 14:05:00-05:00,2021-03-04,2021-03-04 16:55:00-05:00,eod,12399.625,12431.875,12399.5,12275.19642857143,12584.357142857141,60.55357142857143,0.8555555555555555,839,13,120,12342.25,12360.0,32.25,645.0,640.5,12600.0,12747.5,12540.0,12800.456597699625,12541.421911463816,,,13657.5,13720.0,13505.0,14:00,below_val,outside_both,below_week_val,pos,pos
long,2021-03-04 14:20:00-05:00,2021-03-04,2021-03-04 16:55:00-05:00,eod,12441.875,12431.875,12441.75,12318.964285714286,12624.321428571428,59.785714285714285,0.96875,760,-4,10,12399.5,12408.0,-10.0,-200.0,-204.5,12600.0,12752.5,12540.0,12801.511891517253,12540.36772059575,,,13657.5,13720.0,13505.0,14:00,below_val,outside_both,below_week_val,neg,pos
long,2021-03-05 10:50:00-05:00,2021-03-05,2021-03-05 11:10:00-05:00,sl,12408.125,12272.07142857143,12408.0,12272.19642857143,12615.607142857141,71.80357142857143,0.7212543554006968,458,-24,70,12339.75,12399.75,-136.05357142857065,-2721.071428571413,-2725.571428571413,12400.0,12487.5,12350.0,12644.907821554496,12370.586871902764,,,13657.5,13720.0,13505.0,10:00,in_va,inside_14_only,below_week_val,neg,pos
long,2021-03-05 11:35:00-05:00,2021-03-05,2021-03-05 12:40:00-05:00,tp,12316.875,12496.589285714286,12316.75,12196.892857142857,12496.714285714286,60.107142857142854,0.8111888111888111,497,-58,120,12258.25,12280.75,179.71428571428623,3594.2857142857247,3589.7857142857247,12400.0,12487.5,12325.0,12653.899045162942,12361.703369337727,,,13657.5,13720.0,13505.0,11:00,below_val,outside_both,below_week_val,neg,pos
long,2021-03-05 12:15:00-05:00,2021-03-05,2021-03-05 13:15:00-05:00,tp,12387.625,12559.446428571428,12387.5,12272.339285714286,12559.571428571428,56.910714285714285,0.8297872340425532,219,-68,7,12363.5,12377.0,171.82142857142753,3436.4285714285506,3431.9285714285506,12400.0,12485.0,12315.0,12674.629238520372,12341.22153795591,,,13657.5,13720.0,13505.0,12:00,in_va,inside_14_only,below_week_val,neg,pos
long,2021-03-05 13:15:00-05:00,2021-03-05,2021-03-05 16:55:00-05:00,eod,12586.375,12652.375,12586.25,12462.42857142857,12762.142857142859,52.07142857142857,0.847457627118644,1000,-122,18,12510.25,12542.25,66.0,1320.0,1315.5,12377.5,12497.5,12325.0,12697.793207397932,12318.335089358758,,,13657.5,13720.0,13505.0,13:00,above_vah,inside_14_only,below_week_val,neg,pos
long,2021-03-05 15:35:00-05:00,2021-03-05,2021-03-05 16:55:00-05:00,eod,12695.875,12652.375,12695.75,12623.714285714286,12801.321428571428,33.535714285714285,0.9074074074074074,605,7,-58,12648.5,12680.0,-43.5,-870.0,-874.5,12377.5,12530.0,12305.0,12759.883200919567,12256.988976667893,,,13657.5,13720.0,13505.0,15:00,above_vah,inside_14_only,below_week_val,pos,neg
long,2021-03-08 10:30:00-05:00,2021-03-08,2021-03-08 10:50:00-05:00,sl,12709.125,12614.55357142857,12709.0,12614.67857142857,12870.392857142859,67.07142857142857,0.7279411764705882,308,-2,315,12676.25,12698.75,-94.57142857142935,-1891.428571428587,-1895.928571428587,12565.0,12680.0,12525.0,12734.431353650562,12553.430348847005,,,12985.0,13222.5,12800.0,10:00,above_vah,inside_14_only,below_week_val,neg,pos
long,2021-03-08 12:20:00-05:00,2021-03-08,2021-03-08 13:50:00-05:00,sl,12554.375,12460.142857142857,12554.25,12460.267857142857,12689.714285714286,41.482142857142854,0.8973214285714286,1009,-6,77,12507.75,12533.75,-94.23214285714312,-1884.6428571428623,-1889.1428571428623,12632.5,12677.5,12525.0,12759.293703420906,12528.601895581978,,,12985.0,13222.5,12800.0,12:00,in_va,inside_14_only,below_week_val,neg,pos
long,2021-03-09 14:35:00-05:00,2021-03-09,2021-03-09 15:50:00-05:00,sl,12832.625,12798.32142857143,12832.5,12798.44642857143,12882.107142857141,15.553571428571429,0.8289473684210527,203,-26,17,12816.75,12826.25,-34.30357142857065,-686.071428571413,-690.571428571413,12735.0,12797.5,12542.5,12750.332351797273,12195.502959264693,,,12985.0,13222.5,12800.0,14:00,above_vah,outside_both,in_week_va,neg,pos
long,2021-03-15 09:50:00-04:00,2021-03-15,2021-03-15 11:30:00-04:00,sl,12953.125,12893.125,12953.0,12893.25,13034.25,21.5,0.7107843137254902,326,-5,23,12914.5,12939.25,-60.0,-1200.0,-1204.5,12917.5,12952.5,12900.0,12997.006292741047,12871.306970236037,,,12455.0,12985.0,12215.0,09:00,above_vah,inside_14_only,in_week_va,neg,pos
long,2021-03-15 10:45:00-04:00,2021-03-15,2021-03-15 11:25:00-04:00,sl,12956.125,12904.482142857143,12956.0,12904.607142857143,13041.785714285714,34.392857142857146,0.7333333333333333,323,-4,92,12930.75,12946.0,-51.64285714285688,-1032.8571428571377,-1037.3571428571377,12917.5,12957.5,12902.5,13049.190859915077,12819.181880121527,,,12455.0,12985.0,12215.0,10:00,in_va,inside_14_only,in_week_va,neg,pos
long,2021-03-16 09:40:00-04:00,2021-03-16,2021-03-16 10:25:00-04:00,tp,13189.875,13253.482142857141,13189.75,13142.19642857143,13253.607142857141,16.303571428571427,0.8333333333333334,303,1,8,13178.25,13185.5,63.6071428571413,1272.142857142826,1267.642857142826,13140.0,13160.0,13092.5,13226.480470500735,13006.211956866899,,,12455.0,12985.0,12215.0,09:00,above_vah,inside_14_only,above_week_vah,pos,pos
long,2021-03-16 09:55:00-04:00,2021-03-16,2021-03-16 12:25:00-04:00,sl,13225.125,13178.535714285714,13225.0,13178.660714285714,13291.428571428572,20.089285714285715,0.7398373983739838,688,-55,182,13208.75,13217.25,-46.589285714286234,-931.7857142857247,-936.2857142857247,13140.0,13175.0,13092.5,13225.501527542307,13007.18440936972,,,12455.0,12985.0,12215.0,09:00,above_vah,inside_14_only,above_week_vah,neg,pos
long,2021-03-17 14:40:00-04:00,2021-03-17,2021-03-17 16:55:00-04:00,eod,13219.125,13169.875,13219.0,13097.142857142857,13384.214285714286,43.357142857142854,0.9011976047904192,483,-32,2,13156.75,13172.75,-49.25,-985.0,-989.5,13000.0,13057.5,12952.5,13309.623969384511,12852.364741049983,,,12455.0,12985.0,12215.0,14:00,above_vah,inside_14_only,above_week_vah,neg,pos
long,2021-03-17 14:35:00-04:00,2021-03-17,2021-03-17 16:55:00-04:00,eod,13144.125,13169.875,13144.0,13039.30357142857,13287.642857142859,38.94642857142857,0.9347826086956522,663,-7,47,13102.25,13125.0,25.75,515.0,510.5,13000.0,13055.0,12952.5,13313.535120216973,12848.497078010212,,,12455.0,12985.0,12215.0,14:00,above_vah,inside_14_only,above_week_vah,neg,pos
long,2021-03-18 12:05:00-04:00,2021-03-18,2021-03-18 12:45:00-04:00,sl,12992.625,12942.07142857143,12992.5,12942.19642857143,13069.107142857141,26.303571428571427,0.7027027027027027,511,-101,174,12969.25,12987.5,-50.55357142857065,-1011.071428571413,-1015.571428571413,12965.0,13005.0,12925.0,13293.829418373865,12857.46173608325,,,12455.0,12985.0,12215.0,12:00,in_va,inside_14_only,above_week_vah,neg,pos
long,2021-03-19 12:45:00-04:00,2021-03-19,2021-03-19 13:05:00-04:00,sl,12877.875,12832.732142857143,12877.75,12832.857142857143,12944.785714285714,22.142857142857142,0.8823529411764706,468,-3,121,12858.0,12867.5,-45.14285714285688,-902.8571428571377,-907.3571428571377,12855.0,12865.0,12772.5,12891.689439386613,12675.165907374283,,,12455.0,12985.0,12215.0,12:00,above_vah,inside_14_only,in_week_va,neg,pos
long,2021-03-22 12:40:00-04:00,2021-03-22,2021-03-22 13:25:00-04:00,sl,13156.375,13115.5,13156.25,13115.625,13210.0,13.125,0.8672566371681416,1091,-150,37,13134.25,13136.25,-40.875,-817.5,-822.0,13015.0,13052.5,12872.5,13032.704258901374,12721.875913403626,,,12785.0,12975.0,12607.5,12:00,above_vah,outside_both,above_week_vah,neg,pos
long,2021-03-23 11:05:00-04:00,2021-03-23,2021-03-23 12:05:00-04:00,sl,13161.375,13086.857142857143,13161.25,13086.982142857143,13263.035714285714,27.517857142857142,0.9481865284974094,1250,-3,32,13122.0,13134.5,-74.51785714285688,-1490.3571428571377,-1494.8571428571377,13085.0,13125.0,13062.5,13224.521177357878,12951.414830621223,,,12785.0,12975.0,12607.5,11:00,above_vah,inside_14_only,above_week_vah,neg,pos
long,2021-03-23 10:45:00-04:00,2021-03-23,2021-03-23 11:05:00-04:00,tp,13086.375,13162.625,13086.25,13037.75,13162.75,28.0,0.7472527472527473,499,0,145,13067.25,13075.25,76.25,1525.0,1520.5,13075.0,13117.5,13052.5,13218.967297154379,12956.946899345676,,,12785.0,12975.0,12607.5,10:00,in_va,inside_14_only,above_week_vah,zero,pos
long,2021-03-23 12:55:00-04:00,2021-03-23,2021-03-23 13:45:00-04:00,sl,13119.875,13077.0,13119.75,13077.125,13187.0,24.625,0.7763157894736842,221,-16,44,13109.5,13115.5,-42.875,-857.5,-862.0,13092.5,13127.5,13060.0,13219.165979439107,12956.748997336057,,,12785.0,12975.0,12607.5,12:00,in_va,inside_14_only,above_week_vah,neg,pos
long,2021-03-25 11:30:00-04:00,2021-03-25,2021-03-25 15:50:00-04:00,tp,12700.375,12816.982142857141,12700.25,12621.44642857143,12817.107142857141,38.05357142857143,0.7248677248677249,465,133,73,12653.0,12675.5,116.6071428571413,2332.142857142826,2327.642857142826,12732.5,12825.0,12705.0,12874.982636818757,12639.001900301457,12882.522981767584,12631.507813330007,12785.0,12975.0,12607.5,11:00,below_val,inside_both,in_week_va,pos,pos
long,2021-03-25 15:00:00-04:00,2021-03-25,2021-03-25 16:55:00-04:00,eod,12807.875,12791.875,12807.75,12746.714285714286,12898.071428571428,29.285714285714285,0.8602941176470589,693,10,84,12774.5,12786.75,-16.0,-320.0,-324.5,12735.0,12792.5,12667.5,12938.92979221451,12575.447043412938,12916.82968961582,12597.411567857987,12785.0,12975.0,12607.5,15:00,above_vah,inside_both,in_week_va,pos,pos
long,2021-03-26 11:35:00-04:00,2021-03-26,2021-03-26 14:05:00-04:00,sl,12813.375,12762.67857142857,12813.25,12762.80357142857,12889.392857142859,25.696428571428573,0.8303571428571429,395,-28,68,12795.5,12802.75,-50.69642857142935,-1013.928571428587,-1018.428571428587,12815.0,12850.0,12777.5,12872.304276493316,12683.871498971177,12879.493840050649,12676.697672419756,12785.0,12975.0,12607.5,11:00,in_va,inside_both,in_week_va,neg,pos
long,2021-03-26 15:15:00-04:00,2021-03-26,2021-03-26 15:55:00-04:00,tp,12828.625,12919.875,12828.5,12768.875,12920.0,31.875,0.8407079646017699,534,-75,14,12799.25,12812.75,91.25,1825.0,1820.5,12815.0,12857.5,12780.0,12921.321041907704,12634.962024788152,12918.858309043022,12637.419367055572,12785.0,12975.0,12607.5,15:00,in_va,inside_both,in_week_va,neg,pos
long,2021-03-26 14:50:00-04:00,2021-03-26,2021-03-26 15:55:00-04:00,tp,12780.625,12928.446428571428,12780.5,12666.714285714286,12928.571428571428,34.285714285714285,0.9029411764705882,1029,-34,200,12746.75,12761.5,147.82142857142753,2956.4285714285506,2951.9285714285506,12815.0,12857.5,12780.0,12906.724918932812,12649.526198775919,12911.70184801108,12644.560163538663,12785.0,12975.0,12607.5,14:00,in_va,inside_both,in_week_va,neg,pos
long,2021-03-29 12:50:00-04:00,2021-03-29,2021-03-29 14:35:00-04:00,sl,12955.875,12894.55357142857,12955.75,12894.67857142857,13042.392857142859,25.571428571428573,0.821917808219178,412,-82,40,12929.25,12944.75,-61.32142857142935,-1226.428571428587,-1230.928571428587,12880.0,12912.5,12835.0,13043.627842936326,12856.738072196948,13065.89199444173,12834.504415998994,12955.0,13260.0,12895.0,12:00,above_vah,inside_both,in_week_va,neg,pos
long,2021-03-29 11:50:00-04:00,2021-03-29,2021-03-29 16:55:00-04:00,eod,12913.125,12964.125,12913.0,12838.464285714286,13016.321428571428,28.785714285714285,0.8134715025906736,561,-13,124,12868.25,12889.25,51.0,1020.0,1015.5,12880.0,12910.0,12827.5,13026.57476087165,12873.767796579194,13051.765039126387,12848.61202156074,12955.0,13260.0,12895.0,11:00,above_vah,inside_both,in_week_va,neg,pos
long,2021-03-29 12:40:00-04:00,2021-03-29,2021-03-29 16:55:00-04:00,eod,12929.375,12964.125,12929.25,12871.80357142857,13011.892857142859,25.196428571428573,0.7378048780487805,899,-42,91,12913.25,12918.0,34.75,695.0,690.5,12880.0,12905.0,12830.0,13032.508486171857,12867.84219872895,13063.011416256377,12837.38104864358,12955.0,13260.0,12895.0,12:00,above_vah,inside_both,in_week_va,neg,pos
long,2021-03-29 15:35:00-04:00,2021-03-29,2021-03-29 16:55:00-04:00,eod,12968.875,12964.125,12968.75,12921.767857142857,13040.964285714286,25.232142857142858,0.8762886597938144,428,-8,131,12956.5,12962.0,-4.75,-95.0,-99.5,12880.0,12935.0,12840.0,13088.046176005957,12812.380579115897,13098.067584698352,12802.372896791607,12955.0,13260.0,12895.0,15:00,above_vah,inside_both,in_week_va,neg,pos
long,2021-03-30 10:40:00-04:00,2021-03-30,2021-03-30 16:55:00-04:00,eod,12870.125,12890.125,12870.0,12784.125,12988.75,32.875,0.8304347826086956,1472,-99,171,12845.0,12856.0,20.0,400.0,395.5,12827.5,12882.5,12807.5,13028.70508437239,12809.496102461157,13039.656469836964,12798.621376906018,12955.0,13260.0,12895.0,10:00,in_va,inside_both,below_week_val,neg,pos
long,2021-04-01 10:05:00-04:00,2021-04-01,2021-04-01 16:55:00-04:00,eod,13306.375,13327.125,13306.25,13241.517857142857,13391.214285714286,20.232142857142858,0.7038834951456311,1770,9,300,13283.0,13302.0,20.75,415.0,410.5,13287.5,13297.5,13210.0,13328.507875852438,13014.426500638909,13312.769348888083,13029.970270308902,12955.0,13260.0,12895.0,10:00,above_vah,inside_both,above_week_vah,pos,pos
long,2021-04-05 11:30:00-04:00,2021-04-05,2021-04-05 13:55:00-04:00,tp,13544.625,13596.232142857141,13544.5,13506.44642857143,13596.357142857141,13.803571428571429,0.7169811320754716,529,-162,113,13521.0,13528.25,51.6071428571413,1032.142857142826,1027.642857142826,13522.5,13537.5,13412.5,13486.841225176428,13259.872627004057,13509.191425274586,13237.675242380896,12790.0,13017.5,12640.0,11:00,above_vah,outside_both,above_week_vah,neg,pos
long,2021-04-07 09:45:00-04:00,2021-04-07,2021-04-07 10:20:00-04:00,tp,13570.625,13616.517857142859,13570.5,13540.05357142857,13616.642857142859,15.696428571428571,0.7837837837837838,706,-1,215,13552.75,13561.5,45.8928571428587,917.857142857174,913.357142857174,13550.0,13595.0,13542.5,13621.662146959248,13514.17481113392,13631.943690414762,13503.91654321712,12790.0,13017.5,12640.0,09:00,in_va,inside_both,above_week_vah,neg,pos
long,2021-04-07 15:45:00-04:00,2021-04-07,2021-04-07 16:55:00-04:00,eod,13612.625,13620.875,13612.5,13582.767857142857,13656.964285714286,14.732142857142858,0.9344262295081968,219,-12,2,13601.75,13611.25,8.25,165.0,160.5,13587.5,13617.5,13565.0,13701.47614026688,13434.541502146621,13720.613684089454,13415.447282231988,12790.0,13017.5,12640.0,15:00,in_va,inside_both,above_week_vah,neg,pos
long,2021-04-08 10:40:00-04:00,2021-04-08,2021-04-08 16:55:00-04:00,eod,13737.875,13788.625,13737.75,13691.75,13809.5,25.75,0.7790697674418605,697,-4,142,13703.5,13728.0,50.75,1015.0,1010.5,13715.0,13737.5,13702.5,13801.99586770361,13546.832671220316,13806.213893875116,13542.64729290477,12790.0,13017.5,12640.0,10:00,above_vah,inside_both,above_week_vah,neg,pos
long,2021-04-09 11:50:00-04:00,2021-04-09,2021-04-09 15:50:00-04:00,tp,13764.375,13817.160714285714,13764.25,13728.607142857143,13817.285714285714,17.392857142857142,0.972972972972973,883,-9,6,13732.25,13747.0,52.785714285713766,1055.7142857142753,1051.2142857142753,13725.0,13750.0,13692.5,13863.883734421479,13614.907070447805,13886.71534745151,13592.23979701297,12790.0,13017.5,12640.0,11:00,above_vah,inside_both,above_week_vah,neg,pos
long,2021-04-12 10:15:00-04:00,2021-04-12,2021-04-12 10:30:00-04:00,sl,13799.625,13763.375,13799.5,13763.5,13854.5,19.0,0.7142857142857143,527,-44,307,13785.5,13795.0,-36.25,-725.0,-729.5,13785.0,13807.5,13780.0,13867.583296358021,13728.025273430805,13879.434813931319,13716.196496080205,12862.5,13110.0,12777.5,10:00,in_va,inside_both,above_week_vah,neg,pos
long,2021-04-12 12:30:00-04:00,2021-04-12,2021-04-12 13:55:00-04:00,sl,13813.875,13778.42857142857,13813.75,13778.55357142857,13864.642857142859,15.696428571428571,0.9259259259259259,824,-10,21,13799.75,13805.5,-35.44642857142935,-708.928571428587,-713.428571428587,13785.0,13805.0,13770.0,13875.730715536474,13719.893487197704,13917.801338531744,13677.90358764819,12862.5,13110.0,12777.5,12:00,above_vah,inside_both,above_week_vah,neg,pos
long,2021-04-13 09:50:00-04:00,2021-04-13,2021-04-13 10:20:00-04:00,sl,13943.125,13904.44642857143,13943.0,13904.57142857143,13998.857142857141,17.428571428571427,0.7912087912087912,260,-151,115,13925.25,13941.0,-38.67857142857065,-773.571428571413,-778.071428571413,13880.0,13940.0,13812.5,13913.111449157917,13788.77451850213,13932.944590237106,13769.016053622508,12862.5,13110.0,12777.5,09:00,above_vah,outside_both,above_week_vah,neg,pos
long,2021-04-14 16:00:00-04:00,2021-04-14,2021-04-14 16:55:00-04:00,eod,13822.625,13827.125,13822.5,13781.25,13889.0,25.25,0.9130434782608695,355,0,15,13785.5,13810.0,4.5,90.0,85.5,13897.5,14000.0,13840.0,14038.50504496783,13919.522992601615,14130.328038049436,13827.745968477746,12862.5,13110.0,12777.5,16:00,below_val,outside_both,above_week_vah,zero,pos
long,2021-04-15 10:25:00-04:00,2021-04-15,2021-04-15 12:00:00-04:00,sl,13988.875,13949.892857142857,13988.75,13950.017857142857,14047.714285714286,20.232142857142858,0.868421052631579,396,-64,7,13961.75,13977.75,-38.98214285714312,-779.6428571428623,-784.1428571428623,13970.0,13982.5,13912.5,13994.751610549018,13762.47737126502,14004.41032343386,13752.889558512446,12862.5,13110.0,12777.5,10:00,above_vah,inside_both,above_week_vah,neg,pos
long,2021-04-15 11:00:00-04:00,2021-04-15,2021-04-15 11:40:00-04:00,sl,14007.375,13961.357142857143,14007.25,13961.482142857143,14071.285714285714,18.267857142857142,0.8849557522123894,743,-95,84,13993.25,14001.75,-46.01785714285688,-920.3571428571377,-924.8571428571377,13972.5,13997.5,13927.5,13992.299320904469,13764.911659788484,14010.059933897237,13747.2814192196,12862.5,13110.0,12777.5,11:00,above_vah,inside_90_only,above_week_vah,neg,pos
long,2021-04-26 14:45:00-04:00,2021-04-26,2021-04-26 15:25:00-04:00,sl,14018.875,14004.05357142857,14018.75,14004.17857142857,14040.892857142859,7.571428571428571,0.8709677419354839,212,-1,33,13995.75,14013.25,-14.821428571429351,-296.428571428587,-300.928571428587,13972.5,13987.5,13922.5,14029.876104144767,13807.331401731311,14059.147776783082,13778.122753471589,13985.0,14035.0,13867.5,14:00,above_vah,inside_both,in_week_va,neg,pos
long,2021-04-23 12:45:00-04:00,2021-04-23,2021-04-23 15:55:00-04:00,sl,13951.875,13923.69642857143,13951.75,13923.82142857143,13991.357142857141,11.678571428571429,0.7945205479452054,1183,-48,214,13941.0,13944.5,-28.17857142857065,-563.571428571413,-568.071428571413,13775.0,13870.0,13747.5,13844.976440694754,13693.098117183548,13880.633998628742,13657.479383578599,13730.0,13837.5,13585.0,12:00,above_vah,outside_both,above_week_vah,neg,pos
long,2021-04-19 15:55:00-04:00,2021-04-19,2021-04-19 16:55:00-04:00,eod,13904.375,13893.875,13904.25,13852.214285714286,13973.821428571428,17.535714285714285,0.9366197183098591,594,2,115,13888.75,13898.5,-10.5,-210.0,-214.5,13872.5,13942.5,13840.0,14123.793231815866,13865.378384626314,14174.248143059938,13815.136640345389,13730.0,13837.5,13585.0,15:00,in_va,inside_both,above_week_vah,pos,pos
long,2021-04-21 15:40:00-04:00,2021-04-21,2021-04-21 16:55:00-04:00,eod,13906.125,13891.125,13906.0,13877.375,13945.75,11.125,0.8552631578947368,430,-74,-23,13884.25,13897.25,-15.0,-300.0,-304.5,13852.5,13897.5,13767.5,13841.72539238587,13640.357295088388,13892.61537283865,13589.511737401697,13730.0,13837.5,13585.0,15:00,above_vah,outside_both,above_week_vah,neg,neg
long,2021-04-20 15:40:00-04:00,2021-04-20,2021-04-20 16:00:00-04:00,sl,13812.625,13773.517857142857,13812.5,13773.642857142857,13867.964285714286,16.607142857142858,0.8762886597938144,583,-14,151,13788.25,13798.25,-39.10714285714312,-782.1428571428623,-786.6428571428623,13767.5,13877.5,13737.5,13989.30002572132,13778.837155832907,14041.010139474049,13727.201477251838,13730.0,13837.5,13585.0,15:00,in_va,inside_both,in_week_va,neg,pos
long,2021-04-20 13:55:00-04:00,2021-04-20,2021-04-20 14:30:00-04:00,sl,13795.375,13765.714285714286,13795.25,13765.839285714286,13842.321428571428,17.660714285714285,0.7407407407407407,221,-156,142,13769.5,13785.5,-29.660714285713766,-593.2142857142753,-597.7142857142753,13767.5,13882.5,13737.5,13975.038775519972,13793.077877388509,14018.515598774562,13749.663637728641,13730.0,13837.5,13585.0,13:00,in_va,inside_both,in_week_va,neg,pos
long,2021-04-21 09:45:00-04:00,2021-04-21,2021-04-21 11:55:00-04:00,tp,13776.375,13871.303571428572,13776.25,13701.660714285714,13871.428571428572,20.589285714285715,0.8405172413793104,796,-79,104,13743.0,13764.0,94.92857142857247,1898.5714285714494,1894.0714285714494,13745.0,13767.5,13732.5,13772.823148810068,13709.199392674307,13796.520920771565,13685.52230691806,13730.0,13837.5,13585.0,09:00,above_vah,inside_90_only,in_week_va,neg,pos
long,2021-04-21 10:20:00-04:00,2021-04-21,2021-04-21 15:30:00-04:00,tp,13798.625,13893.767857142859,13798.5,13731.05357142857,13893.892857142859,27.946428571428573,0.7610062893081762,622,-154,14,13775.75,13793.75,95.1428571428587,1902.857142857174,1898.357142857174,13777.5,13785.0,13737.5,13787.182684838543,13694.852391339391,13818.478206981945,13663.584187612061,13730.0,13837.5,13585.0,10:00,above_vah,inside_90_only,in_week_va,neg,pos
long,2021-04-22 10:30:00-04:00,2021-04-22,2021-04-22 13:05:00-04:00,sl,13931.375,13886.964285714286,13931.25,13887.089285714286,13998.571428571428,23.160714285714285,0.8350515463917526,825,1,98,13901.25,13914.0,-44.410714285713766,-888.2142857142753,-892.7142857142753,13887.5,13905.0,13872.5,13949.471129846483,13842.81286724121,13980.976550392272,13811.329544231592,13730.0,13837.5,13585.0,10:00,above_vah,inside_both,above_week_vah,pos,pos
long,2021-04-23 10:30:00-04:00,2021-04-23,2021-04-23 11:45:00-04:00,tp,13860.625,13935.767857142859,13860.5,13805.05357142857,13935.892857142859,19.946428571428573,0.7414965986394558,801,-184,44,13838.25,13843.5,75.1428571428587,1502.857142857174,1498.357142857174,13775.0,13820.0,13747.5,13818.816824946653,13719.22925006327,13855.550700628379,13682.535370616819,13730.0,13837.5,13585.0,10:00,above_vah,outside_both,above_week_vah,neg,pos
long,2021-04-23 11:45:00-04:00,2021-04-23,2021-04-23 16:55:00-04:00,eod,13935.625,13903.375,13935.5,13900.482142857143,13985.285714285714,14.767857142857142,0.8555555555555555,1507,5,279,13919.75,13926.25,-32.25,-645.0,-649.5,13775.0,13855.0,13747.5,13843.165913192013,13694.90667336465,13870.140191780385,13667.961764658237,13730.0,13837.5,13585.0,11:00,above_vah,outside_both,above_week_vah,pos,pos
long,2021-04-26 13:45:00-04:00,2021-04-26,2021-04-26 16:05:00-04:00,tp,13993.125,14026.196428571428,13993.0,13969.214285714286,14026.321428571428,9.535714285714286,0.8088235294117647,799,-7,256,13985.5,13989.5,33.07142857142753,661.4285714285506,656.9285714285506,13972.5,13987.5,13930.0,14030.412400135498,13806.796260431054,14050.741638044849,13786.510793084542,13985.0,14035.0,13867.5,13:00,above_vah,inside_both,in_week_va,neg,pos
long,2021-04-27 11:50:00-04:00,2021-04-27,2021-04-27 16:55:00-04:00,eod,13968.625,13950.375,13968.5,13935.07142857143,14016.357142857141,14.428571428571429,0.8255813953488372,654,-49,231,13956.0,13961.5,-18.25,-365.0,-369.5,13950.0,14010.0,13915.0,14101.73283301295,13945.034948213952,14121.578618759935,13925.193761312148,13985.0,14035.0,13867.5,11:00,in_va,inside_both,in_week_va,neg,pos
long,2021-04-28 14:35:00-04:00,2021-04-28,2021-04-28 15:50:00-04:00,sl,13963.375,13888.32142857143,13963.25,13888.44642857143,14057.357142857141,19.303571428571427,0.9145299145299145,1048,-5,225,13923.25,13928.75,-75.05357142857065,-1501.071428571413,-1505.571428571413,13915.0,13945.0,13902.5,14053.50149818587,13836.827872883661,14072.441545270463,13817.902420652741,13985.0,14035.0,13867.5,14:00,above_vah,inside_both,in_week_va,neg,pos
long,2021-04-29 13:40:00-04:00,2021-04-29,2021-04-29 15:05:00-04:00,tp,13916.375,13979.982142857141,13916.25,13869.57142857143,13980.107142857141,17.178571428571427,0.7481481481481481,304,-147,44,13907.75,13910.0,63.6071428571413,1272.142857142826,1267.642857142826,13905.0,13980.0,13820.0,14131.866244810382,13879.853099006943,14151.904575136276,13859.920008265277,13985.0,14035.0,13867.5,13:00,in_va,inside_both,in_week_va,neg,pos
long,2021-04-30 09:55:00-04:00,2021-04-30,2021-04-30 13:45:00-04:00,sl,13906.875,13856.892857142857,13906.75,13857.017857142857,13975.464285714286,18.982142857142858,0.8153846153846154,875,-164,50,13883.75,13896.25,-49.98214285714312,-999.6428571428623,-1004.1428571428623,13880.0,13897.5,13845.0,13993.612771344517,13804.708022929475,14000.212800442001,13798.151772372461,13985.0,14035.0,13867.5,09:00,above_vah,inside_both,in_week_va,neg,pos
long,2021-04-30 10:20:00-04:00,2021-04-30,2021-04-30 11:15:00-04:00,sl,13923.375,13873.089285714286,13923.25,13873.214285714286,13996.321428571428,23.035714285714285,0.7272727272727273,770,-67,106,13902.0,13913.25,-50.285714285713766,-1005.7142857142753,-1010.2142857142753,13902.5,13912.5,13865.0,13996.765933508623,13801.575775951555,14014.590717565254,13783.869225166129,13985.0,14035.0,13867.5,10:00,above_vah,inside_both,in_week_va,neg,pos
long,2021-05-03 10:15:00-04:00,2021-05-03,2021-05-03 10:35:00-04:00,sl,13941.625,13907.19642857143,13941.5,13907.32142857143,13997.357142857141,21.678571428571427,0.7384615384615385,416,-3,266,13931.75,13935.5,-34.42857142857065,-688.571428571413,-693.071428571413,13885.0,13902.5,13862.5,13965.814163433904,13814.617511350918,13979.557537106526,13800.923274066385,13872.5,13945.0,13777.5,10:00,above_vah,inside_both,in_week_va,neg,pos
long,2021-05-03 11:40:00-04:00,2021-05-03,2021-05-03 12:45:00-04:00,sl,13822.625,13774.767857142857,13822.5,13774.892857142857,13896.464285714286,26.357142857142858,0.7415730337078652,260,-43,5,13803.75,13813.25,-47.85714285714312,-957.1428571428623,-961.6428571428623,13887.5,13932.5,13852.5,14002.296913941993,13778.265196835486,14004.492788763095,13776.07717287837,13872.5,13945.0,13777.5,11:00,below_val,inside_both,in_week_va,neg,pos
long,2021-05-04 14:10:00-04:00,2021-05-04,2021-05-04 16:55:00-04:00,eod,13474.375,13521.625,13474.25,13413.392857142857,13555.464285714286,20.357142857142858,0.8072289156626506,523,-287,47,13450.75,13459.75,47.25,945.0,940.5,13437.5,13585.0,13385.0,13887.83589641198,13580.428752074218,13901.570292139852,13566.796480072288,13872.5,13945.0,13777.5,14:00,in_va,outside_both,below_week_val,neg,pos
long,2021-05-05 14:45:00-04:00,2021-05-05,2021-05-05 15:00:00-04:00,sl,13570.375,13535.42857142857,13570.25,13535.55357142857,13620.142857142859,15.196428571428571,0.8620689655172413,482,-7,23,13558.5,13564.75,-34.94642857142935,-698.928571428587,-703.428571428587,13612.5,13630.0,13557.5,13733.867086916047,13417.708138344187,13752.471122364597,13399.250502690327,13872.5,13945.0,13777.5,14:00,in_va,inside_both,below_week_val,neg,pos
long,2021-05-06 11:30:00-04:00,2021-05-06,2021-05-06 16:55:00-04:00,eod,13523.625,13605.625,13523.5,13454.910714285714,13624.178571428572,32.089285714285715,0.7579617834394905,583,-160,31,13473.5,13505.75,82.0,1640.0,1635.5,13472.5,13522.5,13432.5,13580.710566048998,13387.296568851523,13573.944965919252,13394.06166724964,13872.5,13945.0,13777.5,11:00,above_vah,inside_both,below_week_val,neg,pos
long,2021-05-06 10:35:00-04:00,2021-05-06,2021-05-06 12:30:00-04:00,tp,13466.875,13582.053571428572,13466.75,13391.785714285714,13582.178571428572,40.464285714285715,0.7575757575757576,537,-66,163,13425.5,13446.5,115.17857142857247,2303.5714285714494,2299.0714285714494,13425.0,13502.5,13415.0,13556.725072337791,13411.280283817228,13560.4807728476,13407.524861827238,13872.5,13945.0,13777.5,10:00,in_va,inside_both,below_week_val,neg,pos
long,2021-05-06 15:35:00-04:00,2021-05-06,2021-05-06 16:55:00-04:00,eod,13545.875,13605.625,13545.75,13498.285714285714,13614.928571428572,21.714285714285715,0.8727272727272727,333,-29,71,13511.25,13525.5,59.75,1195.0,1190.5,13475.0,13555.0,13457.5,13595.92724182681,13372.08102153051,13625.152697031483,13342.8577336628,13872.5,13945.0,13777.5,15:00,in_va,inside_both,below_week_val,neg,pos
long,2021-05-07 10:05:00-04:00,2021-05-07,2021-05-07 13:20:00-04:00,sl,13764.625,13693.94642857143,13764.5,13694.07142857143,13876.107142857141,41.17857142857143,0.732824427480916,498,-64,182,13746.75,13754.5,-70.67857142857065,-1413.571428571413,-1418.071428571413,13730.0,13795.0,13672.5,13776.567360500934,13544.174806581676,13773.953577031716,13546.767863888637,13872.5,13945.0,13777.5,10:00,in_va,inside_both,below_week_val,neg,pos
long,2021-05-07 14:50:00-04:00,2021-05-07,2021-05-07 16:55:00-04:00,eod,13715.125,13715.375,13715.0,13685.80357142857,13761.392857142859,17.196428571428573,0.7258064516129032,348,-25,118,13707.75,13714.0,0.25,5.0,0.5,13780.0,13797.5,13700.0,13815.580784161717,13505.47074234509,13837.909208933508,13483.319372237627,13872.5,13945.0,13777.5,14:00,in_va,inside_both,below_week_val,neg,pos
long,2021-05-28 11:55:00-04:00,2021-05-28,2021-05-28 13:20:00-04:00,sl,13749.125,13735.07142857143,13749.0,13735.19642857143,13771.857142857141,9.053571428571429,0.782608695652174,348,1,232,13736.25,13747.75,-14.053571428570649,-281.071428571413,-285.571428571413,13720.0,13730.0,13700.0,13822.702237827743,13573.641272885332,13805.285258839402,13591.044588756653,13180.0,13325.0,12992.5,11:00,above_vah,inside_both,above_week_vah,pos,pos
long,2021-05-28 12:00:00-04:00,2021-05-28,2021-05-28 13:20:00-04:00,sl,13756.875,13738.339285714286,13756.75,13738.464285714286,13784.071428571428,9.035714285714286,0.7560975609756098,314,-37,65,13746.75,13752.0,-18.535714285713766,-370.7142857142753,-375.2142857142753,13720.0,13732.5,13700.0,13823.527687508935,13572.816470745576,13804.659033757205,13591.670322583355,13180.0,13325.0,12992.5,12:00,above_vah,inside_both,above_week_vah,neg,pos
long,2021-05-10 11:40:00-04:00,2021-05-10,2021-05-10 14:00:00-04:00,sl,13508.375,13453.660714285714,13508.25,13453.785714285714,13587.178571428572,24.464285714285715,0.8387096774193549,815,-71,77,13495.0,13504.5,-54.714285714286234,-1094.2857142857247,-1098.7857142857247,13477.5,13592.5,13457.5,13816.045974864934,13549.934194385452,13807.60620443121,13558.33365969261,13960.0,13977.5,13880.0,11:00,in_va,outside_both,below_week_val,neg,pos
long,2021-05-14 14:40:00-04:00,2021-05-14,2021-05-14 15:55:00-04:00,sl,13402.875,13381.55357142857,13402.75,13381.67857142857,13433.392857142859,9.571428571428571,0.7962962962962963,649,-21,86,13388.75,13401.75,-21.32142857142935,-426.428571428587,-430.928571428587,13357.5,13387.5,13232.5,13345.016454089862,12979.435712318324,13353.40096495822,12971.140388262598,13960.0,13977.5,13880.0,14:00,above_vah,outside_both,below_week_val,neg,pos
long,2021-05-11 11:15:00-04:00,2021-05-11,2021-05-11 16:55:00-04:00,eod,13273.125,13315.375,13273.0,13157.05357142857,13435.892857142859,46.94642857142857,0.7153024911032029,904,-152,-11,13229.25,13260.5,42.25,845.0,840.5,13180.0,13247.5,13147.5,13407.429910515271,13018.748786833612,13397.843250919586,13028.192670989649,13960.0,13977.5,13880.0,11:00,above_vah,inside_both,below_week_val,neg,neg
long,2021-05-11 13:20:00-04:00,2021-05-11,2021-05-11 16:55:00-04:00,eod,13331.375,13315.375,13331.25,13283.589285714286,13404.321428571428,25.410714285714285,0.8461538461538461,302,-37,20,13297.5,13314.25,-16.0,-320.0,-324.5,13180.0,13295.0,13145.0,13412.024222201298,13014.2228988633,13420.39431199517,13005.977465967726,13960.0,13977.5,13880.0,13:00,above_vah,inside_both,below_week_val,neg,pos
long,2021-05-11 14:25:00-04:00,2021-05-11,2021-05-11 14:40:00-04:00,sl,13373.375,13307.392857142857,13373.25,13307.517857142857,13464.214285714286,25.232142857142858,0.8197674418604651,1001,-43,85,13365.0,13370.0,-65.98214285714312,-1319.6428571428623,-1324.1428571428623,13180.0,13310.0,13145.0,13418.778473247523,13007.569239806704,13425.195076371816,13001.248200035101,13960.0,13977.5,13880.0,14:00,above_vah,inside_both,below_week_val,neg,pos
long,2021-05-13 10:00:00-04:00,2021-05-13,2021-05-13 11:10:00-04:00,sl,13189.125,13127.875,13189.0,13128.0,13280.75,30.75,0.7894736842105263,788,-2,103,13139.75,13168.25,-61.25,-1225.0,-1229.5,13052.5,13150.0,13005.0,13197.472275912067,12889.685471742327,13179.638501209083,12907.307554469851,13960.0,13977.5,13880.0,10:00,above_vah,inside_14_only,below_week_val,neg,pos
long,2021-05-17 14:50:00-04:00,2021-05-17,2021-05-17 16:55:00-04:00,eod,13255.125,13311.875,13255.0,13211.589285714286,13317.071428571428,18.660714285714285,0.8349514563106796,405,-75,26,13223.0,13240.0,56.75,1135.0,1130.5,13250.0,13315.0,13202.5,13531.477977283559,13180.863856503609,13523.514963981079,13188.776647786079,13780.0,13820.0,13492.5,14:00,in_va,inside_both,below_week_val,neg,pos
long,2021-05-18 09:35:00-04:00,2021-05-18,2021-05-18 09:50:00-04:00,sl,13358.875,13302.94642857143,13358.75,13303.07142857143,13430.857142857141,16.428571428571427,0.8117647058823529,760,-154,18,13345.25,13355.75,-55.92857142857065,-1118.571428571413,-1123.071428571413,13345.0,13407.5,13330.0,13379.316235899394,13277.768622533327,13379.262784573473,13277.821941682874,13780.0,13820.0,13492.5,09:00,in_va,inside_both,below_week_val,neg,pos
long,2021-05-19 10:50:00-04:00,2021-05-19,2021-05-19 14:20:00-04:00,tp,13109.625,13214.767857142859,13109.5,13043.55357142857,13214.892857142859,39.44642857142857,0.717391304347826,658,-26,334,13092.25,13102.75,105.1428571428587,2102.857142857174,2098.357142857174,13030.0,13095.0,13002.5,13275.509560813669,12899.084057064916,13266.171970283982,12908.277039283303,13780.0,13820.0,13492.5,10:00,above_vah,inside_both,below_week_val,neg,pos
long,2021-05-20 11:15:00-04:00,2021-05-20,2021-05-20 11:40:00-04:00,tp,13446.375,13489.089285714286,13446.25,13417.142857142857,13489.214285714286,13.857142857142858,0.7681159420289855,465,20,162,13432.5,13441.25,42.714285714286234,854.2857142857247,849.7857142857247,13430.0,13447.5,13235.0,13399.559869410632,13111.782875130017,13378.458335135256,13132.768122361633,13780.0,13820.0,13492.5,11:00,in_va,outside_both,below_week_val,pos,pos
long,2021-05-20 13:05:00-04:00,2021-05-20,2021-05-20 16:55:00-04:00,eod,13481.625,13489.125,13481.5,13451.80357142857,13527.142857142859,15.946428571428571,0.8035714285714286,225,-87,18,13469.75,13476.25,7.5,150.0,145.5,13467.5,13505.0,13295.0,13415.825749036123,13095.606634060243,13404.328739546523,13107.04028544383,13780.0,13820.0,13492.5,13:00,in_va,outside_both,below_week_val,neg,pos
long,2021-05-20 14:25:00-04:00,2021-05-20,2021-05-20 16:55:00-04:00,eod,13493.875,13489.125,13493.75,13467.160714285714,13532.928571428572,12.589285714285714,0.7413793103448276,221,-78,7,13483.25,13487.75,-4.75,-95.0,-99.5,13467.5,13505.0,13327.5,13436.152069455886,13075.392328609689,13410.469479321047,13100.933386264287,13780.0,13820.0,13492.5,14:00,in_va,outside_both,in_week_va,neg,pos
long,2021-05-21 09:50:00-04:00,2021-05-21,2021-05-21 10:15:00-04:00,sl,13523.875,13483.69642857143,13523.75,13483.82142857143,13582.607142857141,18.928571428571427,0.735632183908046,297,-286,30,13507.25,13520.25,-40.17857142857065,-803.571428571413,-808.071428571413,13535.0,13542.5,13505.0,13608.106533342754,13433.653125503608,13605.717638235205,13436.030915415211,13780.0,13820.0,13492.5,09:00,in_va,inside_both,in_week_va,neg,pos
long,2021-05-25 12:30:00-04:00,2021-05-25,2021-05-25 13:00:00-04:00,sl,13654.625,13624.32142857143,13654.5,13624.44642857143,13701.857142857141,17.303571428571427,0.7936507936507936,379,-3,168,13643.5,13652.5,-30.30357142857065,-606.071428571413,-610.571428571413,13662.5,13695.0,13630.0,13816.49042326486,13534.694842999457,13806.744490862131,13544.403964746089,13180.0,13325.0,12992.5,12:00,in_va,inside_both,above_week_vah,neg,pos
long,2021-05-27 10:30:00-04:00,2021-05-27,2021-05-27 14:00:00-04:00,sl,13714.125,13671.875,13714.0,13672.0,13778.5,22.5,0.8850574712643678,728,-4,214,13699.25,13702.25,-42.25,-845.0,-849.5,13665.0,13682.5,13645.0,13779.804934767535,13608.2934733154,13783.567840736203,13604.535373013801,13180.0,13325.0,12992.5,10:00,above_vah,inside_both,above_week_vah,neg,pos
long,2021-06-01 14:35:00-04:00,2021-06-01,2021-06-01 15:30:00-04:00,sl,13680.125,13659.892857142857,13680.0,13660.017857142857,13708.464285714286,8.482142857142858,0.9375,265,-1,33,13671.5,13677.0,-20.232142857143117,-404.64285714286234,-409.14285714286234,13660.0,13722.5,13627.5,13871.237080742883,13536.356127961468,13876.243122241362,13531.385487679956,13345.0,13445.0,13105.0,14:00,in_va,inside_both,above_week_vah,neg,pos
long,2021-06-02 09:45:00-04:00,2021-06-02,2021-06-02 10:00:00-04:00,sl,13700.125,13670.30357142857,13700.0,13670.42857142857,13741.642857142859,12.071428571428571,0.7752808988764045,650,-1,231,13678.25,13688.0,-29.82142857142935,-596.428571428587,-600.928571428587,13667.5,13672.5,13630.0,13706.915934545199,13607.64101728941,13712.332749220359,13602.231931295466,13345.0,13445.0,13105.0,09:00,above_vah,inside_both,above_week_vah,neg,pos
long,2021-06-03 10:55:00-04:00,2021-06-03,2021-06-03 16:55:00-04:00,eod,13578.875,13530.125,13578.75,13507.785714285714,13678.428571428572,28.714285714285715,0.9882352941176471,911,-2,10,13559.5,13569.75,-48.75,-975.0,-979.5,13532.5,13562.5,13490.0,13758.994810744802,13474.233592377628,13759.018683964474,13474.209931236352,13345.0,13445.0,13105.0,10:00,above_vah,inside_both,above_week_vah,neg,pos
long,2021-06-04 09:30:00-04:00,2021-06-04,2021-06-04 10:00:00-04:00,tp,13642.625,13727.232142857141,13642.5,13581.57142857143,13727.357142857141,23.928571428571427,0.7514450867052023,792,-10,-26,13612.5,13617.25,84.6071428571413,1692.142857142826,1687.642857142826,13525.0,13567.5,13487.5,13613.0469861523,13527.220868156712,13614.32475577084,13525.950585836266,13345.0,13445.0,13105.0,09:00,above_vah,outside_both,above_week_vah,neg,neg
long,2021-06-07 10:55:00-04:00,2021-06-07,2021-06-07 11:30:00-04:00,sl,13752.375,13717.67857142857,13752.25,13717.80357142857,13806.392857142859,19.696428571428573,0.8666666666666667,349,-70,3,13736.0,13745.75,-34.69642857142935,-693.928571428587,-698.428571428587,13735.0,13755.0,13727.5,13852.333464134015,13649.328349870917,13845.639379836482,13656.010274823278,13702.5,13725.0,13647.5,10:00,in_va,inside_both,above_week_vah,neg,pos
long,2021-06-14 10:50:00-04:00,2021-06-14,2021-06-14 15:25:00-04:00,tp,14011.875,14067.375,14011.75,13976.375,14067.5,20.375,0.796875,452,18,12,13999.25,14005.0,55.5,1110.0,1105.5,13997.5,14025.0,13992.5,14065.954358547682,13926.63953565666,14090.707256648826,13901.926397698817,13660.0,13715.0,13532.5,10:00,in_va,inside_both,above_week_vah,pos,pos
long,2021-06-14 11:25:00-04:00,2021-06-14,2021-06-14 15:25:00-04:00,tp,14030.125,14064.982142857141,14030.0,14008.07142857143,14065.107142857141,13.178571428571429,0.9444444444444444,205,-15,6,14021.5,14028.25,34.8571428571413,697.142857142826,692.642857142826,14010.0,14025.0,13992.5,14077.069633092371,13915.542115381275,14107.548557762058,13885.112148470289,13660.0,13715.0,13532.5,11:00,above_vah,inside_both,above_week_vah,neg,pos
long,2021-06-17 09:50:00-04:00,2021-06-17,2021-06-17 10:20:00-04:00,tp,14020.625,14075.625,14020.5,13984.25,14075.75,19.0,0.7816091954022989,368,-6,211,14004.25,14019.0,55.0,1100.0,1095.5,13905.0,13972.5,13870.0,13982.05001486611,13839.861220786583,13984.465593319694,13837.453833231986,13660.0,13715.0,13532.5,09:00,above_vah,outside_both,above_week_vah,neg,pos
long,2021-06-17 11:15:00-04:00,2021-06-17,2021-06-17 12:20:00-04:00,sl,14141.875,14087.160714285714,14141.75,14087.285714285714,14217.678571428572,21.464285714285715,0.7548387096774194,823,-68,478,14118.5,14122.75,-54.714285714286234,-1094.2857142857247,-1098.7857142857247,14107.5,14130.0,13970.0,13998.738649162231,13823.2291753864,14025.3057598444,13796.75215017409,13660.0,13715.0,13532.5,11:00,above_vah,outside_both,above_week_vah,neg,pos
long,2021-06-17 15:10:00-04:00,2021-06-17,2021-06-17 15:55:00-04:00,sl,14195.375,14156.142857142857,14195.25,14156.267857142857,14249.964285714286,15.732142857142858,0.797979797979798,850,4,80,14184.25,14191.5,-39.23214285714312,-784.6428571428623,-789.1428571428623,14107.5,14190.0,14037.5,14010.033783828165,13811.972340990515,14070.145752662811,13752.064203691083,13660.0,13715.0,13532.5,15:00,above_vah,outside_both,above_week_vah,pos,pos
long,2021-06-18 10:35:00-04:00,2021-06-18,2021-06-18 11:05:00-04:00,sl,14124.625,14061.92857142857,14124.5,14062.05357142857,14227.892857142859,40.94642857142857,0.8522727272727273,584,-28,71,14094.75,14111.75,-62.69642857142935,-1253.928571428587,-1258.428571428587,14090.0,14117.5,14062.5,14247.280560187997,14010.697825511243,14262.52380083486,13995.558342550945,13660.0,13715.0,13532.5,10:00,above_vah,inside_both,above_week_vah,neg,pos
long,2021-06-18 15:15:00-04:00,2021-06-18,2021-06-18 15:55:00-04:00,sl,14073.875,14028.82142857143,14073.75,14028.94642857143,14137.357142857141,18.803571428571427,0.7798165137614679,385,-46,69,14039.75,14055.5,-45.05357142857065,-901.071428571413,-905.571428571413,14082.5,14120.0,14052.5,14277.67160900309,13980.513642479511,14316.662852079991,13941.78780498608,13660.0,13715.0,13532.5,15:00,in_va,inside_both,above_week_vah,neg,pos
long,2021-06-21 13:35:00-04:00,2021-06-21,2021-06-21 15:20:00-04:00,sl,14123.125,14104.17857142857,14123.0,14104.30357142857,14152.392857142859,10.696428571428571,0.7272727272727273,243,-29,4,14109.75,14121.5,-18.94642857142935,-378.928571428587,-383.428571428587,14115.0,14125.0,14035.0,14144.168466079442,13925.555152177838,14167.32835974967,13902.451296822037,13812.5,13890.0,13747.5,13:00,in_va,inside_both,above_week_vah,neg,pos
long,2021-06-22 14:55:00-04:00,2021-06-22,2021-06-22 15:20:00-04:00,tp,14237.875,14266.589285714286,14237.75,14218.642857142857,14266.714285714286,9.857142857142858,0.8,467,-2,243,14225.75,14233.0,28.714285714286234,574.2857142857247,569.7857142857247,14160.0,14197.5,14100.0,,,14264.581658915336,13993.075648177924,13812.5,13890.0,13747.5,14:00,above_vah,inside_90_only,above_week_vah,neg,pos
long,2021-06-23 11:50:00-04:00,2021-06-23,2021-06-23 12:30:00-04:00,sl,14288.125,14263.785714285714,14288.0,14263.910714285714,14325.428571428572,13.339285714285714,0.717391304347826,436,-26,15,14281.0,14283.75,-24.339285714286234,-486.7857142857247,-491.2857142857247,14270.0,14297.5,14265.0,14359.787859293903,14166.779318231596,14374.442153143049,14152.13580828303,13812.5,13890.0,13747.5,11:00,in_va,inside_both,above_week_vah,neg,pos
long,2021-06-24 10:25:00-04:00,2021-06-24,2021-06-24 12:50:00-04:00,sl,14402.875,14376.535714285714,14402.75,14376.660714285714,14443.178571428572,14.339285714285714,0.7,993,-103,33,14387.25,14399.0,-26.339285714286234,-526.7857142857247,-531.2857142857247,14372.5,14397.5,14345.0,14407.357227972992,14216.696180257606,14426.092912269052,14198.058747485518,13812.5,13890.0,13747.5,10:00,above_vah,inside_both,above_week_vah,neg,pos
long,2021-06-28 09:30:00-04:00,2021-06-28,2021-06-28 15:00:00-04:00,tp,14439.625,14506.946428571428,14439.5,14381.339285714286,14507.071428571428,9.410714285714286,0.8235294117647058,437,-35,58,14384.25,14394.25,67.32142857142753,1346.4285714285506,1341.9285714285506,14377.5,14395.0,14357.5,14396.566098637284,14328.445132723988,14398.225971632903,14326.792524699797,14080.0,14120.0,14000.0,09:00,above_vah,outside_both,above_week_vah,neg,pos
long,2021-06-25 14:35:00-04:00,2021-06-25,2021-06-25 15:30:00-04:00,sl,14348.125,14329.982142857143,14348.0,14330.107142857143,14374.285714285714,8.392857142857142,0.9024390243902439,331,-10,65,14338.25,14343.0,-18.142857142856883,-362.85714285713766,-367.35714285713766,14337.5,14372.5,14332.5,14475.09104495201,14263.545233529265,14497.629038624655,14241.039370937,13812.5,13890.0,13747.5,14:00,in_va,inside_both,above_week_vah,neg,pos
long,2021-06-29 12:15:00-04:00,2021-06-29,2021-06-29 14:10:00-04:00,tp,14533.875,14561.982142857141,14533.75,14514.82142857143,14562.107142857141,9.428571428571429,0.7708333333333334,683,-5,247,14514.25,14529.5,28.107142857141298,562.142857142826,557.642857142826,14515.0,14522.5,14490.0,14582.763394949696,14426.003803522219,14604.843367419116,14403.928777965148,14080.0,14120.0,14000.0,12:00,above_vah,inside_both,above_week_vah,neg,pos
long,2021-06-29 12:50:00-04:00,2021-06-29,2021-06-29 14:45:00-04:00,sl,14552.125,14532.482142857143,14552.0,14532.607142857143,14580.035714285714,8.642857142857142,0.8936170212765957,325,-6,50,14546.75,14548.75,-19.642857142856883,-392.85714285713766,-397.35714285713766,14515.0,14522.5,14485.0,14576.331923763484,14432.433833768035,14606.301820088187,14402.47065205543,14080.0,14120.0,14000.0,12:00,above_vah,inside_both,above_week_vah,neg,pos
long,2021-06-30 10:50:00-04:00,2021-06-30,2021-06-30 12:25:00-04:00,sl,14564.125,14522.892857142857,14564.0,14523.017857142857,14623.214285714286,18.232142857142858,0.8695652173913043,546,-60,1,14555.0,14562.25,-41.23214285714312,-824.6428571428623,-829.1428571428623,14552.5,14562.5,14535.0,14639.45280477781,14502.140515570867,14658.887122868487,14482.73818209449,14080.0,14120.0,14000.0,10:00,above_vah,inside_both,above_week_vah,neg,pos
long,2021-06-30 12:50:00-04:00,2021-06-30,2021-06-30 16:55:00-04:00,eod,14543.375,14555.375,14543.25,14524.285714285714,14573.178571428572,10.964285714285714,0.75,212,-16,55,14537.25,14542.25,12.0,240.0,235.5,14547.5,14562.5,14535.0,14650.484209723018,14491.12726589258,14681.013465252574,14460.648254804755,14080.0,14120.0,14000.0,12:00,in_va,inside_both,above_week_vah,neg,pos
long,2021-07-02 11:00:00-04:00,2021-07-02,2021-07-02 12:50:00-04:00,tp,14642.875,14681.767857142859,14642.75,14616.30357142857,14681.892857142859,12.696428571428571,0.746031746031746,230,-9,136,14637.5,14642.25,38.8928571428587,777.857142857174,773.357142857174,14650.0,14665.0,14612.5,14680.796620605792,14488.5184999926,14704.050784000681,14465.405810419721,14080.0,14120.0,14000.0,11:00,in_va,inside_both,above_week_vah,neg,pos
long,2021-07-02 11:35:00-04:00,2021-07-02,2021-07-02 13:40:00-04:00,tp,14654.375,14692.767857142859,14654.25,14628.05357142857,14692.892857142859,12.446428571428571,0.8928571428571429,512,6,11,14643.0,14649.0,38.3928571428587,767.857142857174,763.357142857174,14650.0,14660.0,14620.0,14709.533435976518,14459.956513835628,14721.683193890678,14447.880672693249,14080.0,14120.0,14000.0,11:00,in_va,inside_both,above_week_vah,pos,pos
long,2021-07-02 13:40:00-04:00,2021-07-02,2021-07-02 15:35:00-04:00,tp,14693.375,14714.267857142859,14693.25,14678.80357142857,14714.392857142859,6.696428571428571,0.9375,409,-10,46,14682.25,14686.25,20.892857142858702,417.85714285717404,413.35714285717404,14652.5,14680.0,14622.5,14706.42679222086,14463.044257372938,14732.618071996241,14437.012320266227,14080.0,14120.0,14000.0,13:00,above_vah,inside_both,above_week_vah,neg,pos
long,2021-07-02 15:15:00-04:00,2021-07-02,2021-07-02 15:50:00-04:00,tp,14703.875,14721.803571428572,14703.75,14691.410714285714,14721.928571428572,5.839285714285714,0.8571428571428571,232,-8,28,14699.0,14701.25,17.928571428572468,358.57142857144936,354.07142857144936,14652.5,14690.0,14622.5,14715.404179426201,14454.121486850981,14746.605347430233,14423.110140704383,14080.0,14120.0,14000.0,15:00,above_vah,inside_both,above_week_vah,neg,pos
long,2021-07-06 10:05:00-04:00,2021-07-06,2021-07-06 10:30:00-04:00,sl,14786.125,14744.42857142857,14786.0,14744.55357142857,14843.142857142859,15.696428571428571,0.9158878504672897,1427,-24,70,14761.25,14773.75,-41.69642857142935,-833.928571428587,-838.428571428587,14760.0,14772.5,14712.5,14767.97290476812,14665.865158374263,14803.672563828839,14630.279932941346,14352.5,14422.5,14160.0,10:00,above_vah,inside_90_only,above_week_vah,neg,pos
long,2021-07-07 11:40:00-04:00,2021-07-07,2021-07-07 16:55:00-04:00,eod,14797.125,14810.125,14797.0,14738.589285714286,14882.821428571428,27.410714285714285,0.9285714285714286,880,-58,27,14776.0,14785.5,13.0,260.0,255.5,14832.5,14870.0,14775.0,14909.474471661411,14725.801842078428,14965.059209555231,14670.618910308749,14352.5,14422.5,14160.0,11:00,in_va,inside_both,above_week_vah,neg,pos
long,2021-07-09 12:40:00-04:00,2021-07-09,2021-07-09 13:05:00-04:00,sl,14827.875,14804.642857142857,14827.75,14804.767857142857,14859.964285714286,9.232142857142858,0.864406779661017,449,-59,26,14820.25,14826.25,-23.232142857143117,-464.64285714286234,-469.14285714286234,14707.5,14737.5,14670.0,14776.51380013152,14630.070378425033,14810.457990165425,14596.171176612814,14352.5,14422.5,14160.0,12:00,above_vah,outside_both,above_week_vah,neg,pos
long,2021-07-07 14:00:00-04:00,2021-07-07,2021-07-07 16:55:00-04:00,eod,14820.625,14810.125,14820.5,14775.25,14880.5,14.75,0.7535211267605634,688,-22,218,14801.25,14811.0,-10.5,-210.0,-214.5,14832.5,14847.5,14770.0,14918.23496381091,14717.104677013476,14979.302648305156,14656.4784332914,14352.5,14422.5,14160.0,14:00,in_va,inside_both,above_week_vah,neg,pos
long,2021-07-09 10:50:00-04:00,2021-07-09,2021-07-09 16:55:00-04:00,eod,14769.125,14814.125,14769.0,14721.089285714286,14837.571428571428,20.660714285714285,0.875,853,-40,42,14744.75,14755.0,45.0,900.0,895.5,14707.5,14730.0,14690.0,14756.839793427574,14649.718310016444,14789.292395216087,14617.308719560415,14352.5,14422.5,14160.0,10:00,above_vah,inside_90_only,above_week_vah,neg,pos
long,2021-07-09 14:30:00-04:00,2021-07-09,2021-07-09 16:55:00-04:00,eod,14814.375,14814.125,14814.25,14799.07142857143,14836.857142857141,7.428571428571429,0.717948717948718,361,-17,154,14808.75,14812.5,-0.25,-5.0,-9.5,14802.5,14832.5,14705.0,14765.290739942253,14641.278564035787,14826.286932867219,14580.363212935194,14352.5,14422.5,14160.0,14:00,in_va,inside_90_only,above_week_vah,neg,pos
long,2021-07-13 09:45:00-04:00,2021-07-13,2021-07-13 11:20:00-04:00,tp,14899.875,14979.339285714286,14899.75,14843.392857142857,14979.464285714286,23.357142857142858,0.8962962962962963,999,-78,58,14865.25,14873.0,79.46428571428623,1589.2857142857247,1584.7857142857247,14860.0,14885.0,14830.0,14896.289263170613,14832.742106354322,14917.032584725735,14812.030856350408,14547.5,14567.5,14467.5,09:00,above_vah,inside_90_only,above_week_vah,neg,pos
long,2021-07-13 11:20:00-04:00,2021-07-13,2021-07-13 13:05:00-04:00,sl,14986.875,14957.375,14986.75,14957.5,15030.75,14.75,0.7402597402597403,332,-3,186,14966.25,14973.0,-29.5,-590.0,-594.5,14875.0,14927.5,14817.5,14925.398057672988,14803.678317382572,14962.99860504187,14766.135904766945,14547.5,14567.5,14467.5,11:00,above_vah,outside_both,above_week_vah,neg,pos
long,2021-07-14 10:00:00-04:00,2021-07-14,2021-07-14 11:25:00-04:00,sl,14992.625,14922.375,14992.5,14922.5,15083.5,21.0,0.9,1403,-9,238,14953.75,14963.0,-70.25,-1405.0,-1409.5,14950.0,14990.0,14907.5,15003.812867209635,14830.429001865774,15026.892301184236,14807.509916687575,14547.5,14567.5,14467.5,10:00,above_vah,inside_both,above_week_vah,neg,pos
long,2021-07-14 15:35:00-04:00,2021-07-14,2021-07-14 15:50:00-04:00,sl,14926.875,14903.80357142857,14926.75,14903.92857142857,14962.142857142859,12.571428571428571,0.813953488372093,404,-19,41,14913.5,14918.75,-23.07142857142935,-461.428571428587,-465.928571428587,14915.0,14977.5,14905.0,15029.272159864335,14805.146592532345,15085.197510056609,14749.609794442415,14547.5,14567.5,14467.5,15:00,in_va,inside_both,above_week_vah,neg,pos
long,2021-07-22 10:25:00-04:00,2021-07-22,2021-07-22 12:05:00-04:00,sl,14905.125,14863.75,14905.0,14863.875,14965.5,19.375,0.7623762376237624,1149,-36,202,14893.0,14902.25,-41.375,-827.5,-832.0,14870.0,14895.0,14852.5,14888.566865140228,14789.43806926215,14903.24897549701,14774.757442971175,14805.0,14827.5,14687.5,10:00,above_vah,outside_both,above_week_vah,neg,pos
long,2021-07-15 12:35:00-04:00,2021-07-15,2021-07-15 13:30:00-04:00,sl,14789.875,14738.767857142857,14789.75,14738.892857142857,14861.964285714286,21.357142857142858,0.8260869565217391,395,-14,-126,14776.75,14779.75,-51.10714285714312,-1022.1428571428623,-1026.6428571428623,14812.5,14907.5,14785.0,14967.8488716167,14821.919026298521,14993.177888110593,14796.596385947869,14547.5,14567.5,14467.5,12:00,in_va,outside_both,above_week_vah,neg,neg
long,2021-07-21 15:15:00-04:00,2021-07-21,2021-07-21 15:45:00-04:00,sl,14803.875,14785.464285714286,14803.75,14785.589285714286,14829.571428571428,7.660714285714286,0.7346938775510204,201,-30,126,14789.5,14797.5,-18.410714285713766,-368.2142857142753,-372.7142857142753,14772.5,14782.5,14725.0,14820.27063609615,14608.636536107044,14838.746010139132,14590.192212058635,14805.0,14827.5,14687.5,15:00,above_vah,inside_both,in_week_va,neg,pos
long,2021-07-16 12:00:00-04:00,2021-07-16,2021-07-16 15:00:00-04:00,sl,14746.875,14699.767857142857,14746.75,14699.892857142857,14817.714285714286,24.107142857142858,0.7207207207207207,681,-57,331,14723.25,14745.75,-47.10714285714312,-942.1428571428623,-946.6428571428623,14775.0,14812.5,14712.5,14903.105039363483,14703.408360616026,14926.447041997975,14680.150173395838,14547.5,14567.5,14467.5,12:00,in_va,inside_both,above_week_vah,neg,pos
long,2021-07-19 15:35:00-04:00,2021-07-19,2021-07-19 16:00:00-04:00,tp,14485.375,14562.232142857141,14485.25,14431.69642857143,14562.357142857141,23.553571428571427,0.824,363,-102,23,14463.75,14483.0,76.8571428571413,1537.142857142826,1532.642857142826,14482.5,14540.0,14460.0,14746.614666592033,14451.379548880323,14779.62985768628,14418.678900715171,14805.0,14827.5,14687.5,15:00,in_va,inside_both,below_week_val,neg,pos
long,2021-07-20 10:15:00-04:00,2021-07-20,2021-07-20 11:40:00-04:00,tp,14597.375,14689.696428571428,14597.25,14534.589285714286,14689.821428571428,29.910714285714285,0.9202898550724637,923,-10,82,14559.5,14577.25,92.32142857142753,1846.4285714285506,1841.9285714285506,14560.0,14610.0,14545.0,14629.706036519292,14554.045888614077,14652.407029059834,14531.346062839755,14805.0,14827.5,14687.5,10:00,in_va,inside_both,below_week_val,neg,pos
long,2021-07-20 15:10:00-04:00,2021-07-20,2021-07-20 15:50:00-04:00,sl,14777.125,14748.089285714286,14777.0,14748.214285714286,14818.321428571428,12.535714285714286,0.7380952380952381,932,2,318,14764.5,14768.0,-29.035714285713766,-580.7142857142753,-585.2142857142753,14605.0,14677.5,14527.5,14669.685570545686,14514.06840942162,14701.041011842784,14482.714579704707,14805.0,14827.5,14687.5,15:00,above_vah,outside_both,in_week_va,pos,pos
long,2021-07-21 09:55:00-04:00,2021-07-21,2021-07-21 15:50:00-04:00,tp,14756.125,14807.053571428572,14756.0,14720.785714285714,14807.178571428572,15.964285714285714,0.9156626506024096,715,-7,95,14732.75,14745.25,50.92857142857247,1018.5714285714494,1014.0714285714494,14725.0,14745.0,14705.0,14755.753396687041,14673.045346862486,14775.724771568826,14653.10753617703,14805.0,14827.5,14687.5,09:00,above_vah,inside_90_only,in_week_va,neg,pos
long,2021-07-22 16:20:00-04:00,2021-07-22,2021-07-22 16:55:00-04:00,eod,14957.125,14976.875,14957.0,14936.25,14988.25,10.5,0.8333333333333334,209,-12,10,14944.5,14948.5,19.75,395.0,390.5,14915.0,14922.5,14870.0,14937.795378566618,14740.214531847498,14928.119520312157,14749.889412067461,14805.0,14827.5,14687.5,16:00,above_vah,outside_both,above_week_vah,neg,pos
long,2021-07-23 13:05:00-04:00,2021-07-23,2021-07-23 16:55:00-04:00,eod,15089.125,15091.125,15089.0,15068.0,15119.5,9.5,0.7368421052631579,287,-45,114,15083.0,15086.75,2.0,40.0,35.5,14975.0,15022.5,14942.5,15074.041355489137,14888.760196776218,15083.987278171313,14878.820081399212,14805.0,14827.5,14687.5,13:00,above_vah,outside_both,above_week_vah,neg,pos
long,2021-07-26 11:55:00-04:00,2021-07-26,2021-07-26 12:30:00-04:00,sl,15127.375,15102.482142857143,15127.25,15102.607142857143,15165.535714285714,13.642857142857142,0.803921568627451,447,-8,47,15119.0,15121.5,-24.892857142856883,-497.85714285713766,-502.35714285713766,15087.5,15112.5,15075.0,15178.857767080295,14987.983664864143,15188.97525296086,14977.876738109075,14877.5,14985.0,14802.5,11:00,above_vah,inside_both,above_week_vah,neg,pos
long,2021-08-05 10:50:00-04:00,2021-08-05,2021-08-05 16:55:00-04:00,eod,15148.625,15171.625,15148.5,15111.339285714286,15202.321428571428,16.660714285714285,0.8191489361702128,528,-24,37,15127.75,15134.0,23.0,460.0,455.5,15120.0,15132.5,15097.5,15172.182900253065,15010.659868542898,15178.801587136248,15004.049837834924,14492.5,14862.5,14445.0,10:00,above_vah,inside_both,above_week_vah,neg,pos
long,2021-07-27 14:05:00-04:00,2021-07-27,2021-07-27 14:45:00-04:00,tp,14838.125,14894.160714285714,14838.0,14802.732142857143,14894.285714285714,21.017857142857142,0.7213114754098361,849,-91,47,14820.25,14834.5,56.035714285713766,1120.7142857142753,1116.2142857142753,14825.0,15010.0,14775.0,15217.557204129827,15012.311236227175,15235.655307294028,14994.236167773937,14877.5,14985.0,14802.5,14:00,in_va,outside_both,in_week_va,neg,pos
long,2021-07-27 13:35:00-04:00,2021-07-27,2021-07-27 14:45:00-04:00,tp,14816.375,14887.982142857141,14816.25,14768.69642857143,14888.107142857141,24.303571428571427,0.8383838383838383,494,-3,133,14797.5,14801.75,71.6071428571413,1432.142857142826,1427.642857142826,14830.0,15020.0,14775.0,15217.12469058855,15012.743199278477,15230.792332517658,14999.092953105073,14877.5,14985.0,14802.5,13:00,in_va,outside_both,in_week_va,neg,pos
long,2021-07-27 14:45:00-04:00,2021-07-27,2021-07-27 15:55:00-04:00,tp,14898.875,14946.982142857141,14898.75,14866.57142857143,14947.107142857141,16.178571428571427,0.8823529411764706,399,-6,35,14877.25,14886.0,48.1071428571413,962.142857142826,957.642857142826,14825.0,14992.5,14775.0,15221.102779506755,15008.770173549907,15235.448972254431,14994.442240196619,14877.5,14985.0,14802.5,14:00,in_va,outside_both,in_week_va,neg,pos
long,2021-07-28 10:15:00-04:00,2021-07-28,2021-07-28 13:15:00-04:00,sl,15053.875,14970.642857142857,15053.75,14970.767857142857,15166.964285714286,30.232142857142858,0.8930232558139535,1432,-97,97,15009.0,15024.25,-83.23214285714312,-1664.6428571428623,-1669.1428571428623,14987.5,15017.5,14935.0,15050.857953544695,14832.540159750344,15058.630996179672,14824.825940000641,14877.5,14985.0,14802.5,10:00,above_vah,inside_90_only,above_week_vah,neg,pos
long,2021-07-28 14:10:00-04:00,2021-07-28,2021-07-28 16:55:00-04:00,eod,15013.125,14984.625,15013.0,14959.32142857143,15090.357142857141,23.678571428571427,0.9354838709677419,360,0,5,14993.5,15007.25,-28.5,-570.0,-574.5,15007.5,15030.0,14935.0,15113.988030063634,14769.887823213396,15109.16085503651,14774.678468354328,14877.5,14985.0,14802.5,14:00,in_va,inside_both,above_week_vah,zero,pos
long,2021-07-28 13:40:00-04:00,2021-07-28,2021-07-28 14:00:00-04:00,sl,14972.125,14933.30357142857,14972.0,14933.42857142857,15027.642857142859,17.071428571428573,0.8804347826086957,219,-42,70,14966.0,14971.5,-38.82142857142935,-776.428571428587,-780.928571428587,15007.5,15030.0,14930.0,15115.188495711123,14768.696442149176,15107.101341630718,14776.722396290377,14877.5,14985.0,14802.5,13:00,in_va,inside_both,in_week_va,neg,pos
long,2021-07-29 09:35:00-04:00,2021-07-29,2021-07-29 16:00:00-04:00,sl,15059.125,15011.982142857143,15059.0,15012.107142857143,15120.285714285714,14.392857142857142,0.9699248120300752,685,-4,37,15034.0,15039.25,-47.14285714285688,-942.8571428571377,-947.3571428571377,14995.0,15012.5,14980.0,15013.912068728354,14954.090850446348,15014.27386673826,14953.729088653063,14877.5,14985.0,14802.5,09:00,above_vah,outside_both,above_week_vah,neg,pos
long,2021-08-04 13:05:00-04:00,2021-08-04,2021-08-04 15:15:00-04:00,sl,15090.375,15062.42857142857,15090.25,15062.55357142857,15130.142857142859,12.196428571428571,0.953125,276,-1,23,15064.25,15079.5,-27.94642857142935,-558.928571428587,-563.428571428587,15050.0,15057.5,15025.0,15148.538552735867,14930.775569378084,15147.647770516018,14931.665803897946,14492.5,14862.5,14445.0,13:00,above_vah,inside_both,above_week_vah,neg,pos
long,2021-07-29 11:45:00-04:00,2021-07-29,2021-07-29 11:55:00-04:00,sl,15074.125,15047.82142857143,15074.0,15047.94642857143,15115.107142857141,15.053571428571429,0.82,234,-11,87,15057.25,15066.0,-26.30357142857065,-526.071428571413,-530.571428571413,15060.0,15082.5,15005.0,15091.708492635733,14876.302214098712,15081.735142748561,14886.274565635906,14877.5,14985.0,14802.5,11:00,in_va,inside_both,above_week_vah,neg,pos
long,2021-08-04 13:00:00-04:00,2021-08-04,2021-08-04 16:55:00-04:00,eod,15074.875,15081.375,15074.75,15052.625,15109.0,12.125,0.8478260869565217,503,-2,227,15067.75,15071.75,6.5,130.0,125.5,15050.0,15057.5,15025.0,15150.863421346818,14928.452130219228,15145.570607772352,14933.741689492175,14492.5,14862.5,14445.0,13:00,above_vah,inside_both,above_week_vah,neg,pos
long,2021-07-30 12:15:00-04:00,2021-07-30,2021-07-30 16:55:00-04:00,eod,14962.375,14966.375,14962.25,14919.732142857143,15023.035714285714,18.267857142857142,0.7766990291262136,486,-7,71,14951.25,14957.0,4.0,80.0,75.5,14937.5,14952.5,14867.5,15019.512752498915,14758.792762632374,15010.007247009466,14768.271810369153,14877.5,14985.0,14802.5,12:00,above_vah,inside_both,in_week_va,neg,pos
long,2021-08-03 11:30:00-04:00,2021-08-03,2021-08-03 11:55:00-04:00,tp,14915.875,15003.196428571428,14915.75,14856.964285714286,15003.321428571428,28.785714285714285,0.8333333333333334,412,-12,76,14898.5,14915.5,87.32142857142753,1746.4285714285506,1741.9285714285506,14967.5,15002.5,14905.0,15070.572677246977,14875.325463202624,15080.541051724993,14865.374549676835,14492.5,14862.5,14445.0,11:00,in_va,inside_both,above_week_vah,neg,pos
long,2021-08-03 12:35:00-04:00,2021-08-03,2021-08-03 16:55:00-04:00,eod,15008.625,15034.875,15008.5,14979.392857142857,15058.714285714286,21.107142857142858,0.7948717948717948,327,-7,108,14988.75,15008.25,26.25,525.0,520.5,14985.0,15017.5,14910.0,15092.054360195447,14853.881408318839,15086.516802347576,14859.409266387353,14492.5,14862.5,14445.0,12:00,in_va,inside_both,above_week_vah,neg,pos
long,2021-08-05 15:50:00-04:00,2021-08-05,2021-08-05 16:55:00-04:00,eod,15159.125,15171.625,15159.0,15141.875,15182.75,6.625,0.8163265306122449,703,-6,128,15154.0,15157.5,12.5,250.0,245.5,15147.5,15167.5,15115.0,15192.94516099684,14989.924761488362,15216.149562223272,14966.750707877143,14492.5,14862.5,14445.0,15:00,in_va,inside_both,above_week_vah,neg,pos
long,2021-08-09 14:30:00-04:00,2021-08-09,2021-08-09 15:10:00-04:00,sl,15143.875,15128.57142857143,15143.75,15128.69642857143,15164.857142857141,6.053571428571429,0.813953488372093,374,-9,63,15125.5,15138.5,-15.303571428570649,-306.071428571413,-310.571428571413,15110.0,15125.0,15092.5,15202.691780363668,15005.438382224325,15228.911385493668,14979.257806625126,15062.5,15122.5,14940.0,14:00,above_vah,inside_both,above_week_vah,neg,pos
long,2021-08-23 09:35:00-04:00,2021-08-23,2021-08-23 10:05:00-04:00,tp,15180.625,15235.482142857141,15180.5,15135.32142857143,15235.607142857141,9.928571428571429,0.8223684210526315,1139,-180,332,15144.75,15153.75,54.8571428571413,1097.142857142826,1092.642857142826,15127.5,15147.5,15122.5,15144.096143554276,15077.940022016806,15155.9326721374,15066.128532695573,15112.5,15137.5,15030.0,09:00,above_vah,outside_both,above_week_vah,neg,pos
long,2021-08-10 11:20:00-04:00,2021-08-10,2021-08-10 16:55:00-04:00,eod,15035.125,15047.875,15035.0,14973.767857142857,15125.714285714286,29.482142857142858,0.8692307692307693,825,-14,66,15007.0,15026.25,12.75,255.0,250.5,15142.5,15157.5,15057.5,15231.909071698252,15039.44337546228,15234.087734671904,15037.267265974564,15062.5,15122.5,14940.0,11:00,below_val,outside_both,in_week_va,neg,pos
long,2021-08-10 12:00:00-04:00,2021-08-10,2021-08-10 14:10:00-04:00,sl,15069.125,15024.642857142857,15069.0,15024.767857142857,15133.214285714286,19.982142857142858,0.8157894736842105,1043,-6,351,15046.25,15058.25,-44.48214285714312,-889.6428571428623,-894.1428571428623,15142.5,15157.5,15045.0,15227.566909475616,15043.78044848557,15244.676772490133,15026.690638960341,15062.5,15122.5,14940.0,12:00,in_va,inside_both,in_week_va,neg,pos
long,2021-08-12 11:30:00-04:00,2021-08-12,2021-08-12 16:55:00-04:00,eod,15058.375,15079.375,15058.25,15027.94642857143,15102.607142857141,14.053571428571429,0.7073170731707317,793,-49,226,15045.25,15053.5,21.0,420.0,415.5,15027.5,15052.5,14980.0,15093.506532270192,14914.295858736468,15102.361060928539,14905.446787278383,15062.5,15122.5,14940.0,11:00,above_vah,inside_both,in_week_va,neg,pos
long,2021-08-12 10:50:00-04:00,2021-08-12,2021-08-12 16:55:00-04:00,eod,15052.625,15079.375,15052.5,15013.589285714286,15112.821428571428,21.410714285714285,0.9444444444444444,846,-12,52,15032.0,15044.0,26.75,535.0,530.5,15027.5,15035.0,14975.0,15075.85077280927,14931.94073664527,15085.0011179097,14922.796031061927,15062.5,15122.5,14940.0,10:00,above_vah,inside_both,in_week_va,neg,pos
long,2021-08-11 12:00:00-04:00,2021-08-11,2021-08-11 16:55:00-04:00,eod,15010.375,15008.375,15010.25,14955.80357142857,15085.892857142859,21.196428571428573,0.8208955223880597,594,-91,6,14996.5,15002.75,-2.0,-40.0,-44.5,15037.5,15100.0,15002.5,15182.206446791324,14964.322977079075,15198.2076650732,14948.375014056497,15062.5,15122.5,14940.0,12:00,in_va,inside_both,in_week_va,neg,pos
long,2021-08-12 11:50:00-04:00,2021-08-12,2021-08-12 12:05:00-04:00,sl,15072.375,15046.982142857143,15072.25,15047.107142857143,15109.785714285714,12.392857142857142,0.875,219,-38,31,15058.5,15067.5,-25.392857142856883,-507.85714285713766,-512.3571428571377,15045.0,15052.5,14977.5,15094.30355002297,14913.499332199615,15106.642544126897,14901.167942832704,15062.5,15122.5,14940.0,11:00,above_vah,inside_both,in_week_va,neg,pos
long,2021-08-12 13:30:00-04:00,2021-08-12,2021-08-12 15:00:00-04:00,tp,15053.125,15080.267857142859,15053.0,15034.55357142857,15080.392857142859,8.946428571428571,0.7804878048780488,265,5,30,15048.0,15051.75,27.142857142858702,542.857142857174,538.357142857174,15045.0,15067.5,14990.0,15107.07362822353,14900.737124420712,15114.714560539092,14893.100901344838,15062.5,15122.5,14940.0,13:00,in_va,inside_both,in_week_va,pos,pos
long,2021-08-13 10:15:00-04:00,2021-08-13,2021-08-13 16:55:00-04:00,eod,15133.125,15121.875,15133.0,15089.94642857143,15193.107142857141,17.053571428571427,0.8130081300813008,1187,-12,280,15099.75,15114.5,-11.25,-225.0,-229.5,15080.0,15097.5,15065.0,15146.528816593223,15022.00740341855,15150.756118377249,15017.782763134088,15062.5,15122.5,14940.0,10:00,above_vah,inside_both,above_week_vah,neg,pos
long,2021-08-16 11:30:00-04:00,2021-08-16,2021-08-16 13:30:00-04:00,tp,14975.625,15045.267857142859,14975.5,14929.55357142857,15045.392857142859,23.946428571428573,0.75,867,-81,80,14956.25,14965.5,69.6428571428587,1392.857142857174,1388.357142857174,14952.5,15080.0,14917.5,15184.612251510178,15017.312683526612,15216.017966572219,14985.994714229771,15027.5,15105.0,14950.0,11:00,in_va,outside_both,in_week_va,neg,pos
long,2021-08-17 10:25:00-04:00,2021-08-17,2021-08-17 11:55:00-04:00,sl,15013.125,14943.857142857143,15013.0,14943.982142857143,15117.035714285714,35.017857142857146,0.7065868263473054,843,3,107,14976.75,14997.75,-69.26785714285688,-1385.3571428571377,-1389.8571428571377,14980.0,15042.5,14955.0,15183.737135134399,14969.63962369023,15199.954682709122,14953.547444669599,15027.5,15105.0,14950.0,10:00,in_va,inside_both,in_week_va,pos,pos
long,2021-08-17 14:55:00-04:00,2021-08-17,2021-08-17 16:55:00-04:00,eod,14979.125,14969.125,14979.0,14931.839285714286,15045.821428571428,19.660714285714285,0.84251968503937,623,6,95,14958.5,14972.0,-10.0,-200.0,-204.5,14977.5,15015.0,14910.0,15191.928611823143,14961.511470607204,15239.544928257897,14914.263248590878,15027.5,15105.0,14950.0,14:00,in_va,inside_both,in_week_va,pos,pos
long,2021-08-17 15:55:00-04:00,2021-08-17,2021-08-17 16:55:00-04:00,eod,14999.375,14969.125,14999.25,14960.625,15056.0,18.125,0.797979797979798,363,-4,278,14987.75,14993.0,-30.25,-605.0,-609.5,14980.0,15010.0,14915.0,15199.096271403136,14954.399220090369,15251.218429092889,14902.679988892172,15027.5,15105.0,14950.0,15:00,in_va,inside_both,in_week_va,neg,pos
long,2021-08-18 09:50:00-04:00,2021-08-18,2021-08-18 11:15:00-04:00,sl,15019.625,14973.839285714286,15019.5,14973.964285714286,15082.071428571428,17.035714285714285,0.7886178861788617,1429,-13,159,14985.0,15011.0,-45.785714285713766,-915.7142857142753,-920.2142857142753,14987.5,15007.5,14977.5,15006.39748086671,14941.62005404563,15023.021805013388,14925.00627357445,15027.5,15105.0,14950.0,09:00,above_vah,inside_90_only,in_week_va,neg,pos
long,2021-08-20 09:50:00-04:00,2021-08-20,2021-08-20 10:35:00-04:00,tp,15033.125,15096.196428571428,15033.0,14989.214285714286,15096.321428571428,19.535714285714285,0.7459016393442623,548,-17,405,15005.25,15010.25,63.07142857142753,1261.4285714285506,1256.9285714285506,14972.5,14997.5,14905.0,14996.915366840658,14920.381155826955,15017.267130273089,14900.069828161855,15027.5,15105.0,14950.0,09:00,above_vah,outside_both,in_week_va,neg,pos
long,2021-08-19 10:50:00-04:00,2021-08-19,2021-08-19 11:45:00-04:00,tp,14861.625,14960.410714285714,14861.5,14795.357142857143,14960.535714285714,32.892857142857146,0.7152317880794702,773,-89,-48,14839.75,14848.25,98.78571428571377,1975.7142857142753,1971.2142857142753,14842.5,14857.5,14762.5,14890.572070508011,14723.90077504375,14915.04812939262,14699.531513882299,15027.5,15105.0,14950.0,10:00,above_vah,inside_both,below_week_val,neg,neg
long,2021-08-19 11:15:00-04:00,2021-08-19,2021-08-19 14:30:00-04:00,sl,14934.125,14875.42857142857,14934.0,14875.55357142857,15021.142857142859,28.696428571428573,0.7795275590551181,617,-106,61,14908.75,14919.75,-58.69642857142935,-1173.928571428587,-1178.428571428587,14840.0,14872.5,14765.0,14903.746448477308,14710.78388155665,14923.287965080168,14691.327631519378,15027.5,15105.0,14950.0,11:00,above_vah,outside_both,below_week_val,neg,pos
long,2021-08-23 14:45:00-04:00,2021-08-23,2021-08-23 15:20:00-04:00,sl,15332.125,15315.410714285714,15332.0,15315.535714285714,15355.678571428572,7.214285714285714,0.717948717948718,564,-34,49,15326.25,15329.75,-16.714285714286234,-334.2857142857247,-338.7857142857247,15310.0,15330.0,15185.0,15191.944509878776,15030.192875215169,15233.721667218359,14988.504094224822,15112.5,15137.5,15030.0,14:00,above_vah,outside_both,above_week_vah,neg,pos
long,2021-08-27 10:10:00-04:00,2021-08-27,2021-08-27 16:55:00-04:00,eod,15395.375,15428.125,15395.25,15339.125,15476.0,24.625,0.8345323741007195,1062,-76,202,15380.5,15385.75,32.75,655.0,650.5,15320.0,15332.5,15297.5,15355.17586124217,15233.12282303285,15358.727131692065,15229.574743875592,15112.5,15137.5,15030.0,10:00,above_vah,outside_both,above_week_vah,neg,pos
long,2021-08-25 12:20:00-04:00,2021-08-25,2021-08-25 15:40:00-04:00,tp,15353.375,15381.232142857141,15353.25,15334.82142857143,15381.357142857141,9.678571428571429,0.7631578947368421,436,-56,64,15346.25,15352.5,27.857142857141298,557.142857142826,552.642857142826,15360.0,15375.0,15345.0,15456.42015350826,15272.591680815845,15465.31861867138,15263.694373892311,15112.5,15137.5,15030.0,12:00,in_va,inside_both,above_week_vah,neg,pos
long,2021-08-25 15:25:00-04:00,2021-08-25,2021-08-25 16:55:00-04:00,eod,15366.125,15367.125,15366.0,15350.482142857143,15388.285714285714,6.767857142857143,0.8292682926829268,452,-9,118,15357.75,15362.0,1.0,20.0,15.5,15357.5,15370.0,15345.0,15455.430716287381,15273.580989249867,15480.540794717466,15248.474179190931,15112.5,15137.5,15030.0,15:00,in_va,inside_both,above_week_vah,neg,pos
long,2021-08-26 11:10:00-04:00,2021-08-26,2021-08-26 16:55:00-04:00,eod,15307.625,15287.125,15307.5,15260.982142857143,15379.785714285714,25.767857142857142,0.7872340425531915,509,-40,184,15291.25,15303.0,-20.5,-410.0,-414.5,15345.0,15365.0,15302.5,15454.25057595306,15248.182005092638,15450.858692391097,15251.566770383937,15112.5,15137.5,15030.0,11:00,in_va,inside_both,above_week_vah,neg,pos
long,2021-08-27 13:20:00-04:00,2021-08-27,2021-08-27 16:05:00-04:00,sl,15435.375,15416.05357142857,15435.25,15416.17857142857,15460.642857142859,6.321428571428571,0.9615384615384616,638,-12,45,15419.5,15428.75,-19.32142857142935,-386.428571428587,-390.928571428587,15410.0,15427.5,15322.5,15393.701179601156,15194.632124837737,15400.7380807725,15187.601547265578,15112.5,15137.5,15030.0,13:00,above_vah,outside_both,above_week_vah,neg,pos
long,2021-08-27 11:40:00-04:00,2021-08-27,2021-08-27 16:55:00-04:00,eod,15411.375,15428.125,15411.25,15380.92857142857,15456.642857142859,15.071428571428571,0.8225806451612904,481,-49,31,15399.0,15403.25,16.75,335.0,330.5,15320.0,15387.5,15270.0,15387.649257664007,15200.678608311606,15393.143494955017,15195.18930832945,15112.5,15137.5,15030.0,11:00,above_vah,outside_both,above_week_vah,neg,pos
long,2021-08-30 10:20:00-04:00,2021-08-30,2021-08-30 16:55:00-04:00,eod,15567.125,15606.375,15567.0,15526.589285714286,15625.321428571428,17.910714285714285,0.8613861386138614,838,-5,-135,15545.25,15551.75,39.25,785.0,780.5,15447.5,15512.5,15420.0,15525.305294456772,15358.567781100404,15519.744671752183,15364.118599724332,14982.5,15060.0,14890.0,10:00,above_vah,outside_both,above_week_vah,neg,neg
long,2021-09-01 09:40:00-04:00,2021-09-01,2021-09-01 14:35:00-04:00,sl,15670.125,15639.92857142857,15670.0,15640.05357142857,15711.642857142859,11.696428571428571,0.7317073170731707,857,-113,63,15658.5,15669.75,-30.19642857142935,-603.928571428587,-608.428571428587,15627.5,15647.5,15595.0,15660.31088780132,15568.998260096503,15666.895669489046,15562.42622267187,14982.5,15060.0,14890.0,09:00,above_vah,outside_both,above_week_vah,neg,pos
long,2021-09-02 11:15:00-04:00,2021-09-02,2021-09-02 12:00:00-04:00,sl,15653.125,15625.44642857143,15653.0,15625.57142857143,15693.857142857141,13.428571428571429,0.7164179104477612,416,-89,39,15643.5,15648.75,-27.67857142857065,-553.571428571413,-558.071428571413,15630.0,15660.0,15617.5,15736.944816518635,15541.560570845124,15748.572809010338,15529.975807850184,14982.5,15060.0,14890.0,11:00,in_va,inside_both,above_week_vah,neg,pos
long,2021-09-02 12:55:00-04:00,2021-09-02,2021-09-02 13:20:00-04:00,sl,15620.125,15602.32142857143,15620.0,15602.44642857143,15648.357142857141,10.803571428571429,0.7142857142857143,221,0,21,15613.0,15615.0,-17.80357142857065,-356.071428571413,-360.571428571413,15630.0,15657.5,15615.0,15763.120258227766,15515.482441821172,15761.07184617349,15517.523238474736,14982.5,15060.0,14890.0,12:00,in_va,inside_both,above_week_vah,zero,pos
long,2021-09-03 09:55:00-04:00,2021-09-03,2021-09-03 16:55:00-04:00,eod,15640.375,15654.875,15640.25,15557.767857142857,15748.464285714286,25.732142857142858,0.8879668049792531,1587,-68,90,15609.5,15622.25,14.5,290.0,285.5,15587.5,15617.5,15570.0,15644.779315194575,15511.598391903643,15644.819033157008,15511.558789143226,14982.5,15060.0,14890.0,09:00,above_vah,inside_both,above_week_vah,neg,pos
long,2021-09-03 13:00:00-04:00,2021-09-03,2021-09-03 16:55:00-04:00,eod,15656.375,15654.875,15656.25,15636.785714285714,15684.428571428572,8.714285714285714,0.7735849056603774,580,-19,177,15649.5,15655.0,-1.5,-30.0,-34.5,15645.0,15652.5,15597.5,15685.403571911052,15471.091965907897,15693.185898892465,15463.332211578178,14982.5,15060.0,14890.0,13:00,above_vah,inside_both,above_week_vah,neg,pos
long,2021-09-07 10:20:00-04:00,2021-09-07,2021-09-07 12:45:00-04:00,tp,15636.125,15697.375,15636.0,15596.25,15697.5,21.75,0.7931034482758621,575,-13,306,15622.25,15635.0,61.25,1225.0,1220.5,15637.5,15657.5,15617.5,15757.164344250117,15599.001248744558,15763.390209103602,15592.793822086483,15352.5,15380.0,15290.0,10:00,in_va,inside_both,above_week_vah,neg,pos
long,2021-09-07 12:15:00-04:00,2021-09-07,2021-09-07 16:10:00-04:00,sl,15687.875,15663.5,15687.75,15663.625,15724.75,12.875,0.7454545454545455,362,-25,175,15668.0,15677.75,-24.375,-487.5,-492.0,15657.5,15665.0,15622.5,15770.721112962518,15585.484629048644,15791.2514842574,15565.01505942657,15352.5,15380.0,15290.0,12:00,above_vah,inside_both,above_week_vah,neg,pos
long,2021-09-07 12:40:00-04:00,2021-09-07,2021-09-07 15:30:00-04:00,sl,15692.875,15675.75,15692.75,15675.875,15719.25,9.625,0.7428571428571429,238,-6,127,15687.75,15691.0,-17.125,-342.5,-347.0,15657.5,15667.5,15620.0,15771.985241323126,15584.22424446441,15790.856526033205,15565.408847963166,15352.5,15380.0,15290.0,12:00,above_vah,inside_both,above_week_vah,neg,pos
long,2021-09-08 11:20:00-04:00,2021-09-08,2021-09-08 11:50:00-04:00,sl,15589.375,15540.69642857143,15589.25,15540.82142857143,15662.107142857141,24.428571428571427,0.7425742574257426,554,-62,103,15576.25,15580.0,-48.67857142857065,-973.571428571413,-978.071428571413,15572.5,15642.5,15535.0,15727.48412326748,15610.537118739898,15755.247871600533,15582.78399971325,15352.5,15380.0,15290.0,11:00,in_va,inside_90_only,above_week_vah,neg,pos
long,2021-09-08 12:15:00-04:00,2021-09-08,2021-09-08 16:55:00-04:00,eod,15588.375,15609.625,15588.25,15554.839285714286,15642.571428571428,20.910714285714285,0.8703703703703703,365,-46,55,15555.5,15578.0,21.25,425.0,420.5,15572.5,15632.5,15525.0,15738.516719842086,15599.508745977151,15761.826287632013,15576.208102217768,15352.5,15380.0,15290.0,12:00,in_va,inside_90_only,above_week_vah,neg,pos
long,2021-09-08 15:50:00-04:00,2021-09-08,2021-09-08 16:55:00-04:00,eod,15613.125,15609.625,15613.0,15590.767857142857,15644.714285714286,9.482142857142858,0.9056603773584906,872,-21,23,15600.25,15609.75,-3.5,-70.0,-74.5,15577.5,15630.0,15550.0,15756.312721082062,15581.719557907634,15770.459907702972,15567.577787514372,15352.5,15380.0,15290.0,15:00,in_va,inside_both,above_week_vah,neg,pos
long,2021-09-10 13:10:00-04:00,2021-09-10,2021-09-10 13:55:00-04:00,sl,15597.375,15566.660714285714,15597.25,15566.785714285714,15638.678571428572,10.964285714285714,0.8068181818181818,395,-3,-33,15574.25,15595.5,-30.714285714286234,-614.2857142857247,-618.7857142857247,15572.5,15612.5,15530.0,15695.871456389883,15487.949158150404,15717.5512361748,15466.374104900166,15352.5,15380.0,15290.0,13:00,in_va,inside_both,above_week_vah,neg,neg
long,2021-09-13 12:10:00-04:00,2021-09-13,2021-09-13 15:00:00-04:00,sl,15400.625,15346.642857142857,15400.5,15346.767857142857,15478.714285714286,24.482142857142858,0.7354838709677419,748,-11,233,15373.25,15384.5,-53.98214285714312,-1079.6428571428623,-1084.1428571428623,15372.5,15457.5,15352.5,15601.882168163436,15375.77554008307,15622.156850320274,15355.632312603324,15582.5,15657.5,15567.5,12:00,in_va,inside_both,below_week_val,neg,pos
long,2021-09-15 15:00:00-04:00,2021-09-15,2021-09-15 16:55:00-04:00,eod,15488.875,15508.125,15488.75,15461.75,15526.75,11.0,0.7424242424242424,377,-92,34,15469.75,15487.25,19.25,385.0,380.5,15352.5,15412.5,15327.5,15491.951167378873,15301.142233634566,15491.482484233771,15301.610414773993,15582.5,15657.5,15567.5,15:00,above_vah,inside_both,below_week_val,neg,pos
long,2021-09-15 10:30:00-04:00,2021-09-15,2021-09-15 13:45:00-04:00,tp,15358.875,15459.767857142859,15358.75,15288.05357142857,15459.892857142859,30.446428571428573,0.7440476190476191,962,-215,65,15330.0,15339.25,100.8928571428587,2017.857142857174,2013.357142857174,15405.0,15430.0,15355.0,15468.751229694657,15324.31732190728,15465.54623051815,15327.51888821494,15582.5,15657.5,15567.5,10:00,in_va,inside_both,below_week_val,neg,pos
long,2021-09-15 12:20:00-04:00,2021-09-15,2021-09-15 12:40:00-04:00,tp,15375.125,15422.267857142859,15375.0,15342.30357142857,15422.392857142859,14.696428571428571,0.7972972972972973,512,-74,13,15356.75,15365.5,47.1428571428587,942.857142857174,938.357142857174,15352.5,15392.5,15327.5,15472.647508153705,15320.425216745078,15485.419701693978,15307.666703478319,15582.5,15657.5,15567.5,12:00,in_va,inside_both,below_week_val,neg,pos
long,2021-09-15 11:55:00-04:00,2021-09-15,2021-09-15 12:40:00-04:00,tp,15359.625,15416.339285714286,15359.5,15319.642857142857,15416.464285714286,17.107142857142858,0.8865979381443299,374,-16,74,15353.25,15357.5,56.714285714286234,1134.2857142857247,1129.7857142857247,15352.5,15395.0,15327.5,15485.617929709175,15307.468687784793,15488.350641345312,15304.738903151174,15582.5,15657.5,15567.5,11:00,in_va,inside_both,below_week_val,neg,pos
long,2021-09-16 12:15:00-04:00,2021-09-16,2021-09-16 13:55:00-04:00,tp,15426.625,15472.946428571428,15426.5,15395.089285714286,15473.071428571428,15.160714285714286,0.9253731343283582,724,0,11,15409.75,15420.0,46.32142857142753,926.4285714285506,921.9285714285506,15390.0,15445.0,15367.5,15574.612235200919,15375.423398523044,15591.43037359896,15358.677648095156,15582.5,15657.5,15567.5,12:00,in_va,inside_both,below_week_val,zero,pos
long,2021-09-20 13:35:00-04:00,2021-09-20,2021-09-20 14:05:00-04:00,sl,14947.875,14903.089285714286,14947.75,14903.214285714286,15013.571428571428,21.285714285714285,0.9375,369,-2,13,14936.75,14944.5,-44.785714285713766,-895.7142857142753,-900.2142857142753,15027.5,15195.0,14980.0,15356.907776511018,15002.845453947742,15374.858747455082,14985.137329562232,15650.0,15697.5,15587.5,13:00,below_val,outside_both,below_week_val,neg,pos
long,2021-09-20 15:00:00-04:00,2021-09-20,2021-09-20 15:15:00-04:00,sl,14858.625,14811.035714285714,14858.5,14811.160714285714,14931.428571428572,25.589285714285715,0.8080808080808081,235,-29,125,14843.0,14854.5,-47.589285714286234,-951.7857142857247,-956.2857142857247,14935.0,15115.0,14872.5,15368.821301402286,14991.093099086167,15371.840176100024,14988.115064704716,15650.0,15697.5,15587.5,15:00,below_val,outside_both,below_week_val,neg,pos
long,2021-09-21 09:45:00-04:00,2021-09-21,2021-09-21 10:00:00-04:00,sl,15123.625,15055.660714285714,15123.5,15055.785714285714,15216.428571428572,25.214285714285715,0.8275862068965517,704,-4,55,15072.25,15097.75,-67.96428571428623,-1359.2857142857247,-1363.7857142857247,15065.0,15110.0,15020.0,15123.619229665026,14949.881060723143,15120.200342491242,14953.279263088316,15650.0,15697.5,15587.5,09:00,above_vah,inside_14_only,below_week_val,neg,pos
long,2021-09-21 11:10:00-04:00,2021-09-21,2021-09-21 13:50:00-04:00,sl,15074.375,15005.714285714286,15074.25,15005.839285714286,15178.821428571428,36.160714285714285,0.7769230769230769,879,-80,1,15039.5,15053.0,-68.66071428571377,-1373.2142857142753,-1377.7142857142753,15035.0,15087.5,14990.0,15139.569032349313,14934.027756869928,15156.041285146744,14917.655163809455,15650.0,15697.5,15587.5,11:00,in_va,inside_both,below_week_val,neg,pos
long,2021-09-21 11:05:00-04:00,2021-09-21,2021-09-21 16:55:00-04:00,eod,15049.625,14992.625,15049.5,14963.0,15172.0,36.0,0.9339622641509434,1104,-10,122,14996.0,15006.75,-57.0,-1140.0,-1144.5,15042.5,15090.0,14990.0,15138.682976675356,14934.908451766792,15154.927712563263,14918.76199910253,15650.0,15697.5,15587.5,11:00,in_va,inside_both,below_week_val,neg,pos
long,2021-09-22 14:10:00-04:00,2021-09-22,2021-09-22 14:40:00-04:00,sl,15205.625,15143.625,15205.5,15143.75,15290.5,23.25,0.9316770186335404,868,-4,168,15175.75,15204.0,-62.0,-1240.0,-1244.5,15135.0,15155.0,15030.0,15143.14704718991,14911.976039585945,15153.4416799158,14901.728738111962,15650.0,15697.5,15587.5,14:00,above_vah,outside_both,below_week_val,neg,pos
long,2021-09-23 09:35:00-04:00,2021-09-23,2021-09-23 13:30:00-04:00,tp,15239.375,15338.625,15239.25,15160.875,15338.75,21.125,0.7956521739130434,1619,-203,2,15211.0,15233.25,99.25,1985.0,1980.5,15195.0,15247.5,15182.5,15232.311133634892,15156.73493489185,15236.934566453205,15152.121380716377,15650.0,15697.5,15587.5,09:00,in_va,outside_both,below_week_val,neg,pos
long,2021-09-24 11:50:00-04:00,2021-09-24,2021-09-24 15:30:00-04:00,tp,15257.375,15317.410714285714,15257.25,15214.982142857143,15317.535714285714,18.017857142857142,0.9117647058823529,729,-31,101,15238.0,15243.5,60.035714285713766,1200.7142857142753,1196.2142857142753,15225.0,15245.0,15205.0,15378.471094046843,15124.262808979485,15382.127450155338,15120.627906712563,15650.0,15697.5,15587.5,11:00,above_vah,inside_both,below_week_val,neg,pos
long,2021-09-27 10:15:00-04:00,2021-09-27,2021-09-27 16:55:00-04:00,eod,15162.875,15171.375,15162.75,15108.07142857143,15249.357142857141,31.928571428571427,0.8210526315789474,664,-23,15,15143.5,15155.25,8.5,170.0,165.5,15112.5,15227.5,15087.5,15386.937150526968,15117.906007896097,15375.733922451505,15129.011420725457,15420.0,15472.5,15340.0,10:00,in_va,inside_both,below_week_val,neg,pos
long,2021-09-27 13:15:00-04:00,2021-09-27,2021-09-27 16:55:00-04:00,eod,15193.625,15171.375,15193.5,15152.32142857143,15250.607142857141,15.928571428571429,0.9158878504672897,598,1,103,15169.75,15179.75,-22.25,-445.0,-449.5,15190.0,15210.0,15112.5,15407.285131487975,15097.735684905818,15407.716892975654,15097.307693122359,15420.0,15472.5,15340.0,13:00,in_va,inside_both,below_week_val,pos,pos
long,2021-09-28 14:15:00-04:00,2021-09-28,2021-09-28 16:55:00-04:00,eod,14798.125,14767.875,14798.0,14725.482142857143,14894.785714285714,24.267857142857142,0.9846153846153847,769,-1,12,14771.25,14786.0,-30.25,-605.0,-609.5,14790.0,14955.0,14745.0,15279.891519032784,14894.323031818192,15265.632220704487,14908.422551567193,15420.0,15472.5,15340.0,14:00,in_va,outside_both,below_week_val,neg,pos
long,2021-09-29 14:05:00-04:00,2021-09-29,2021-09-29 15:50:00-04:00,sl,14803.375,14739.607142857143,14803.25,14739.732142857143,14892.035714285714,25.267857142857142,0.8571428571428571,655,-48,98,14766.5,14783.75,-63.76785714285688,-1275.3571428571377,-1279.8571428571377,14835.0,14902.5,14787.5,14926.747999135821,14659.367957264916,14911.057529403437,14675.005746875877,15420.0,15472.5,15340.0,14:00,in_va,inside_both,below_week_val,neg,pos
long,2021-09-30 11:15:00-04:00,2021-09-30,2021-09-30 11:35:00-04:00,sl,14835.625,14769.69642857143,14835.5,14769.82142857143,14934.357142857141,33.17857142857143,0.86,300,-3,-35,14816.5,14829.75,-65.92857142857065,-1318.571428571413,-1323.071428571413,14830.0,14852.5,14795.0,14894.258755989646,14678.260866301107,14884.665573557388,14687.823442013476,15420.0,15472.5,15340.0,11:00,in_va,inside_both,below_week_val,neg,neg
long,2021-10-01 13:45:00-04:00,2021-10-01,2021-10-01 15:10:00-04:00,tp,14739.875,14808.803571428572,14739.75,14690.910714285714,14808.928571428572,20.339285714285715,0.7603305785123967,557,-104,37,14710.25,14735.5,68.92857142857247,1378.5714285714494,1374.0714285714494,14610.0,14695.0,14580.0,14804.947698792577,14597.416871000321,14802.00527386376,14600.355745416393,15420.0,15472.5,15340.0,13:00,above_vah,inside_both,below_week_val,neg,pos
long,2021-10-01 11:10:00-04:00,2021-10-01,2021-10-01 15:10:00-04:00,tp,14658.375,14808.660714285714,14658.25,14545.732142857143,14808.785714285714,38.017857142857146,0.9054878048780488,1258,-5,50,14616.5,14644.5,150.28571428571377,3005.7142857142753,3001.2142857142753,14610.0,14657.5,14552.5,14788.876700586303,14613.468476941598,14783.88762349508,14618.451533902407,15420.0,15472.5,15340.0,11:00,above_vah,inside_both,below_week_val,neg,pos
long,2021-10-01 10:45:00-04:00,2021-10-01,2021-10-01 13:30:00-04:00,tp,14589.125,14707.839285714286,14589.0,14506.017857142857,14707.964285714286,35.982142857142854,0.8415841584158416,911,-118,61,14546.75,14582.25,118.71428571428623,2374.2857142857247,2369.7857142857247,14610.0,14660.0,14550.0,14778.068386301626,14624.26374924269,14777.5415203096,14624.789979485471,15420.0,15472.5,15340.0,10:00,in_va,outside_both,below_week_val,neg,pos
long,2021-10-01 13:05:00-04:00,2021-10-01,2021-10-01 14:50:00-04:00,tp,14696.875,14777.517857142859,14696.75,14641.30357142857,14777.642857142859,25.446428571428573,0.8709677419354839,776,-31,7,14674.75,14687.5,80.6428571428587,1612.857142857174,1608.357142857174,14610.0,14692.5,14580.0,14804.4212173625,14597.942717145192,14796.849217852223,14605.505579810379,15420.0,15472.5,15340.0,13:00,above_vah,inside_both,below_week_val,neg,pos
long,2021-10-05 10:40:00-04:00,2021-10-05,2021-10-05 13:40:00-04:00,tp,14642.625,14736.553571428572,14642.5,14580.785714285714,14736.678571428572,32.464285714285715,0.7483443708609272,649,3,287,14615.25,14636.5,93.92857142857247,1878.5714285714494,1874.0714285714494,14515.0,14585.0,14470.0,14603.650038202015,14392.46988326263,14579.007786324997,14417.081559518654,15032.5,15245.0,14980.0,10:00,above_vah,outside_both,below_week_val,pos,pos
long,2021-10-05 12:05:00-04:00,2021-10-05,2021-10-05 15:50:00-04:00,sl,14721.375,14684.0,14721.25,14684.125,14777.5,19.125,0.8533333333333334,641,-73,38,14694.25,14712.0,-37.375,-747.5,-752.0,14515.0,14630.0,14470.0,14614.578994388294,14381.554487510031,14596.189685237347,14399.920979568213,15032.5,15245.0,14980.0,12:00,above_vah,outside_both,below_week_val,neg,pos
long,2021-10-05 13:40:00-04:00,2021-10-05,2021-10-05 15:20:00-04:00,sl,14741.875,14710.17857142857,14741.75,14710.30357142857,14789.142857142859,15.946428571428571,0.8923076923076924,339,-15,51,14723.25,14733.0,-31.69642857142935,-633.928571428587,-638.428571428587,14715.0,14732.5,14530.0,14619.54195895045,14376.597680896593,14601.59360581193,14394.523764071891,15032.5,15245.0,14980.0,13:00,above_vah,outside_both,below_week_val,neg,pos
long,2021-10-06 11:50:00-04:00,2021-10-06,2021-10-06 13:05:00-04:00,sl,14644.625,14577.392857142857,14644.5,14577.517857142857,14745.214285714286,33.732142857142854,0.8888888888888888,945,11,23,14617.75,14627.5,-67.23214285714312,-1344.6428571428623,-1349.1428571428623,14637.5,14672.5,14532.5,14783.533655240342,14400.879541111997,14753.585138130244,14430.542595938829,15032.5,15245.0,14980.0,11:00,in_va,inside_both,below_week_val,pos,pos
long,2021-10-06 15:50:00-04:00,2021-10-06,2021-10-06 16:55:00-04:00,eod,14741.875,14765.375,14741.75,14697.482142857143,14809.285714285714,23.267857142857142,0.711340206185567,690,-45,163,14703.75,14726.75,23.5,470.0,465.5,14605.0,14675.0,14510.0,14800.757108605821,14383.820257688736,14763.979614031045,14420.247197759074,15032.5,15245.0,14980.0,15:00,above_vah,inside_both,below_week_val,neg,pos
long,2021-10-07 09:55:00-04:00,2021-10-07,2021-10-07 15:40:00-04:00,sl,14955.625,14902.625,14955.5,14902.75,15032.5,24.25,0.7327586206896551,721,-204,34,14929.25,14942.25,-53.0,-1060.0,-1064.5,14925.0,14942.5,14880.0,14948.052937240956,14700.213281269207,14927.465384342462,14720.639326546148,15032.5,15245.0,14980.0,09:00,above_vah,outside_both,below_week_val,neg,pos
long,2021-10-07 11:55:00-04:00,2021-10-07,2021-10-07 12:10:00-04:00,sl,14998.625,14976.44642857143,14998.5,14976.57142857143,15032.857142857141,12.428571428571429,0.8604651162790697,359,-6,156,14983.5,14991.75,-22.17857142857065,-443.571428571413,-448.071428571413,14980.0,14995.0,14897.5,15006.16891821057,14642.553215284102,14975.989563312743,14672.495815680135,15032.5,15245.0,14980.0,11:00,above_vah,inside_14_only,in_week_va,neg,pos
long,2021-10-08 14:25:00-04:00,2021-10-08,2021-10-08 15:35:00-04:00,sl,14866.125,14834.67857142857,14866.0,14834.80357142857,14911.642857142859,14.446428571428571,0.9041095890410958,332,3,44,14848.5,14858.75,-31.44642857142935,-628.928571428587,-633.428571428587,14832.5,14902.5,14822.5,15064.475140439588,14760.393932327454,15030.040301056564,14794.731923184267,15032.5,15245.0,14980.0,14:00,in_va,inside_both,below_week_val,pos,pos
long,2021-10-11 09:40:00-04:00,2021-10-11,2021-10-11 10:10:00-04:00,tp,14823.875,14892.017857142859,14823.75,14773.30357142857,14892.142857142859,17.946428571428573,0.8181818181818182,640,-56,143,14809.5,14819.0,68.1428571428587,1362.857142857174,1358.357142857174,14747.5,14772.5,14720.0,14851.308809505372,14702.618324285731,14841.670874837431,14712.218990927617,14805.0,14920.0,14645.0,09:00,above_vah,inside_both,in_week_va,neg,pos
long,2021-10-12 12:00:00-04:00,2021-10-12,2021-10-12 12:30:00-04:00,sl,14725.875,14677.82142857143,14725.75,14677.94642857143,14799.107142857141,25.553571428571427,0.8252427184466019,371,-40,41,14703.25,14716.25,-48.05357142857065,-961.071428571413,-965.571428571413,14675.0,14720.0,14635.0,14889.625662521297,14555.531159312628,14851.282511386009,14593.680769693856,14805.0,14920.0,14645.0,12:00,above_vah,inside_both,in_week_va,neg,pos
long,2021-10-13 13:25:00-04:00,2021-10-13,2021-10-13 14:00:00-04:00,tp,14746.125,14792.839285714286,14746.0,14712.892857142857,14792.964285714286,13.857142857142858,0.8518518518518519,218,-35,26,14733.0,14740.0,46.714285714286234,934.2857142857247,929.7857142857247,14720.0,14740.0,14677.5,14881.60372930175,14463.763394473362,14844.350202932974,14500.639251037459,14805.0,14920.0,14645.0,13:00,above_vah,inside_both,in_week_va,neg,pos
long,2021-10-15 10:55:00-04:00,2021-10-15,2021-10-15 11:45:00-04:00,sl,15110.625,15067.732142857143,15110.5,15067.857142857143,15173.285714285714,20.142857142857142,0.8829787234042553,522,-24,69,15089.0,15099.25,-42.89285714285688,-857.8571428571377,-862.3571428571377,15072.5,15087.5,15057.5,15223.334216184732,14930.627622114289,15174.800719178967,14979.084726406685,14805.0,14920.0,14645.0,10:00,above_vah,inside_both,above_week_vah,neg,pos
long,2021-10-15 12:00:00-04:00,2021-10-15,2021-10-15 14:55:00-04:00,tp,15075.875,15118.482142857141,15075.75,15047.57142857143,15118.607142857141,14.678571428571429,0.8412698412698413,535,-4,153,15065.5,15071.5,42.6071428571413,852.142857142826,847.642857142826,15067.5,15092.5,15057.5,15213.326929017821,14940.619157607258,15182.927737893093,14970.970499785637,14805.0,14920.0,14645.0,12:00,in_va,inside_both,above_week_vah,neg,pos
long,2021-10-15 14:00:00-04:00,2021-10-15,2021-10-15 16:00:00-04:00,tp,15109.625,15138.946428571428,15109.5,15089.214285714286,15139.071428571428,9.285714285714286,0.8541666666666666,468,-34,101,15096.75,15101.0,29.321428571427532,586.4285714285506,581.9285714285506,15080.0,15095.0,15060.0,15228.444941397227,14925.524941287433,15192.117597346294,14961.7951053585,14805.0,14920.0,14645.0,14:00,above_vah,inside_both,above_week_vah,neg,pos
long,2021-10-19 10:55:00-04:00,2021-10-19,2021-10-19 16:55:00-04:00,eod,15375.875,15410.625,15375.75,15334.55357142857,15436.642857142859,19.696428571428573,0.9438202247191011,469,-3,134,15352.75,15361.75,34.75,695.0,690.5,15342.5,15357.5,15320.0,15467.700975993994,15150.916399965547,15416.97198526439,15201.510539175386,14705.0,14807.5,14370.0,10:00,above_vah,inside_both,above_week_vah,neg,pos
long,2021-10-19 10:50:00-04:00,2021-10-19,2021-10-19 16:00:00-04:00,tp,15354.875,15407.196428571428,15354.75,15322.839285714286,15407.321428571428,20.660714285714285,0.803921568627451,362,-29,159,15337.5,15349.5,52.32142857142753,1046.4285714285506,1041.9285714285506,15342.5,15357.5,15320.0,15458.253971465785,15160.338291774193,15411.242954165804,15207.224340943772,14705.0,14807.5,14370.0,10:00,in_va,inside_both,above_week_vah,neg,pos
long,2021-10-19 15:55:00-04:00,2021-10-19,2021-10-19 16:55:00-04:00,eod,15400.125,15410.625,15400.0,15373.535714285714,15438.178571428572,11.714285714285714,0.7014925373134329,1105,48,169,15384.0,15394.75,10.5,210.0,205.5,15342.5,15380.0,15305.0,15480.753113537408,15137.8989585704,15438.3511531308,15180.188202979321,14705.0,14807.5,14370.0,15:00,above_vah,inside_both,above_week_vah,pos,pos
long,2021-10-20 11:40:00-04:00,2021-10-20,2021-10-20 13:00:00-04:00,sl,15410.375,15377.642857142857,15410.25,15377.767857142857,15458.714285714286,15.982142857142858,0.7162162162162162,305,-70,111,15400.25,15407.25,-32.73214285714312,-654.6428571428623,-659.1428571428623,15417.5,15427.5,15392.5,15556.79899982689,15273.780991158595,15512.673564643721,15317.880671779165,14705.0,14807.5,14370.0,11:00,in_va,inside_both,above_week_vah,neg,pos
long,2021-10-20 15:05:00-04:00,2021-10-20,2021-10-20 15:30:00-04:00,sl,15382.875,15362.44642857143,15382.75,15362.57142857143,15411.857142857141,8.928571428571429,0.7924528301886793,564,-11,75,15369.5,15374.75,-20.42857142857065,-408.571428571413,-413.071428571413,15402.5,15427.5,15377.5,15550.912472288574,15279.664082924744,15520.613235426656,15309.945635120459,14705.0,14807.5,14370.0,15:00,in_va,inside_both,above_week_vah,neg,pos
long,2021-10-20 15:55:00-04:00,2021-10-20,2021-10-20 16:55:00-04:00,eod,15381.625,15357.625,15381.5,15349.80357142857,15424.392857142859,11.196428571428571,0.7023809523809523,696,226,20,15368.5,15378.0,-24.0,-480.0,-484.5,15402.5,15427.5,15375.0,15570.767991245859,15259.820152979644,15528.447320348256,15302.116122696094,14705.0,14807.5,14370.0,15:00,in_va,inside_both,above_week_vah,pos,pos
long,2021-10-21 15:00:00-04:00,2021-10-21,2021-10-21 15:55:00-04:00,tp,15452.125,15482.125,15452.0,15430.125,15482.25,8.375,0.71875,533,-5,62,15434.5,15445.75,30.0,600.0,595.5,15432.5,15440.0,15360.0,15490.363479544558,15214.231504960007,15458.16520136835,15246.406721095229,14705.0,14807.5,14370.0,15:00,above_vah,inside_both,above_week_vah,neg,pos
long,2021-10-22 10:25:00-04:00,2021-10-22,2021-10-22 10:40:00-04:00,sl,15463.125,15414.642857142857,15463.0,15414.767857142857,15534.714285714286,23.482142857142858,0.88,610,-64,3,15452.25,15458.25,-48.48214285714312,-969.6428571428623,-974.1428571428623,15425.0,15435.0,15395.0,15496.549286698539,15307.398770236217,15494.573960317026,15309.368813284082,14705.0,14807.5,14370.0,10:00,above_vah,inside_both,above_week_vah,neg,pos
long,2021-10-25 11:05:00-04:00,2021-10-25,2021-10-25 12:25:00-04:00,tp,15421.375,15472.803571428572,15421.25,15386.910714285714,15472.928571428572,17.339285714285715,0.9285714285714286,519,2,14,15408.75,15413.5,51.42857142857247,1028.5714285714494,1024.0714285714494,15390.0,15412.5,15357.5,15485.67355528067,15244.000612705346,15493.325356226711,15236.3891687043,14715.0,14892.5,14597.5,11:00,above_vah,inside_both,above_week_vah,pos,pos
long,2021-10-26 10:10:00-04:00,2021-10-26,2021-10-26 11:30:00-04:00,sl,15674.625,15632.107142857143,15674.5,15632.232142857143,15737.535714285714,20.767857142857142,0.9444444444444444,216,-8,55,15647.5,15658.5,-42.51785714285688,-850.3571428571377,-854.8571428571377,15597.5,15640.0,15562.5,15659.56377148934,15482.15023012374,15660.149940019006,15481.566090931678,14715.0,14892.5,14597.5,10:00,above_vah,outside_both,above_week_vah,neg,pos
long,2021-10-27 09:40:00-04:00,2021-10-27,2021-10-27 10:05:00-04:00,sl,15624.875,15562.55357142857,15624.75,15562.67857142857,15702.392857142859,15.571428571428571,0.8229166666666666,1087,-132,94,15582.25,15586.0,-62.32142857142935,-1246.428571428587,-1250.928571428587,15570.0,15597.5,15537.5,15602.707108389037,15490.891405889506,15607.466162617467,15486.147022412519,14715.0,14892.5,14597.5,09:00,above_vah,outside_both,above_week_vah,neg,pos
long,2021-10-28 15:50:00-04:00,2021-10-28,2021-10-28 16:00:00-04:00,sl,15754.625,15716.214285714286,15754.5,15716.339285714286,15808.821428571428,16.160714285714285,0.8787878787878788,1184,-7,99,15746.5,15751.5,-38.410714285713766,-768.2142857142753,-772.7142857142753,15737.5,15752.5,15670.0,15761.972814813553,15502.22978470158,15781.008893190434,15483.288153309928,14715.0,14892.5,14597.5,15:00,above_vah,inside_both,above_week_vah,neg,pos
long,2021-10-29 11:20:00-04:00,2021-10-29,2021-10-29 12:20:00-04:00,tp,15735.875,15781.839285714286,15735.75,15708.017857142857,15781.964285714286,18.482142857142858,0.75,238,0,49,15721.0,15726.75,45.964285714286234,919.2857142857247,914.7857142857247,15672.5,15705.0,15640.0,15734.654127078258,15567.253691706728,15759.730085739222,15542.238942708736,14715.0,14892.5,14597.5,11:00,above_vah,inside_90_only,above_week_vah,zero,pos
long,2021-11-03 14:00:00-04:00,2021-11-03,2021-11-03 16:55:00-04:00,eod,16037.875,16130.375,16037.75,15940.892857142857,16149.214285714286,14.607142857142858,0.7102564102564103,1878,-176,359,15974.75,15997.25,92.5,1850.0,1845.5,15975.0,15982.5,15955.0,16067.639400534186,15871.724399062876,16092.066166039252,15847.329351666964,15420.0,15437.5,15320.0,14:00,above_vah,inside_both,above_week_vah,neg,pos
long,2021-11-03 13:30:00-04:00,2021-11-03,2021-11-03 13:45:00-04:00,sl,15987.375,15970.517857142857,15987.25,15970.642857142857,16011.714285714286,7.857142857142857,0.8648648648648649,433,4,36,15982.25,15984.5,-16.857142857143117,-337.14285714286234,-341.64285714286234,15975.0,15982.5,15955.0,16066.669578570714,15872.692961714349,16088.386475815278,15851.00426382009,15420.0,15437.5,15320.0,13:00,above_vah,inside_both,above_week_vah,pos,pos
long,2021-11-18 11:30:00-05:00,2021-11-18,2021-11-18 16:55:00-05:00,eod,16430.875,16505.375,16430.75,16361.25,16524.75,24.5,0.8731707317073171,989,3,-175,16418.5,16424.0,74.5,1490.0,1485.5,16390.0,16405.0,16345.0,16472.67399568388,16247.920958284474,16487.007014165647,16233.654150691227,15952.5,16307.5,15770.0,11:00,above_vah,inside_both,above_week_vah,pos,neg
long,2021-11-09 10:30:00-05:00,2021-11-09,2021-11-09 12:00:00-05:00,sl,16276.375,16196.80357142857,16276.25,16196.92857142857,16397.39285714286,41.82142857142857,0.8846153846153846,983,-1,71,16242.5,16260.25,-79.57142857142935,-1591.428571428587,-1595.928571428587,16367.5,16392.5,16245.0,16420.810513075066,16277.335556568843,16451.00151069955,16247.24135303149,15672.5,15727.5,15512.5,10:00,in_va,inside_90_only,above_week_vah,neg,pos
long,2021-11-09 11:40:00-05:00,2021-11-09,2021-11-09 12:00:00-05:00,sl,16275.625,16201.375,16275.5,16201.5,16376.0,26.5,0.9076923076923077,1112,-36,97,16265.5,16273.5,-74.25,-1485.0,-1489.5,16260.0,16317.5,16200.0,16438.463834990696,16259.738832225808,16472.591645894092,16225.720437060943,15672.5,15727.5,15512.5,11:00,in_va,inside_both,above_week_vah,neg,pos
long,2021-11-12 11:15:00-05:00,2021-11-12,2021-11-12 16:55:00-05:00,eod,16179.375,16199.875,16179.25,16118.089285714286,16263.071428571428,22.660714285714285,0.9681528662420382,663,-6,43,16148.5,16156.25,20.5,410.0,405.5,16065.0,16092.5,16030.0,16140.05694280049,15966.34018985785,16160.352880778702,15946.086877138303,15672.5,15727.5,15512.5,11:00,above_vah,outside_both,above_week_vah,neg,pos
long,2021-11-10 15:15:00-05:00,2021-11-10,2021-11-10 16:55:00-05:00,eod,15976.125,15986.125,15976.0,15925.982142857143,16057.785714285714,31.767857142857142,0.7875,688,-18,145,15949.0,15962.75,10.0,200.0,195.5,16185.0,16217.5,16062.5,16294.81809371953,16004.508679805213,16309.054623633814,15990.356309099392,15672.5,15727.5,15512.5,15:00,below_val,outside_both,above_week_vah,neg,pos
long,2021-11-11 10:40:00-05:00,2021-11-11,2021-11-11 12:15:00-05:00,sl,16086.375,16032.5,16086.25,16032.625,16167.5,27.625,0.7352941176470589,658,-4,61,16061.25,16069.75,-53.875,-1077.5,-1082.0,16062.5,16107.5,16052.5,16167.939388772596,15921.532242706004,16186.671292604218,15902.935860247835,15672.5,15727.5,15512.5,10:00,in_va,inside_both,above_week_vah,neg,pos
long,2021-11-11 11:35:00-05:00,2021-11-11,2021-11-11 12:00:00-05:00,sl,16094.625,16054.142857142857,16094.5,16054.267857142857,16151.714285714286,16.982142857142858,0.8349514563106796,706,2,210,16081.5,16092.75,-40.48214285714312,-809.6428571428623,-814.1428571428623,16075.0,16100.0,16055.0,16163.846759155847,15925.595263010657,16196.868343134644,15892.812583227322,15672.5,15727.5,15512.5,11:00,in_va,inside_both,above_week_vah,pos,pos
long,2021-11-12 10:00:00-05:00,2021-11-12,2021-11-12 11:00:00-05:00,tp,16048.625,16116.875,16048.5,16000.0,16117.0,20.0,0.835820895522388,692,-15,385,16025.5,16033.0,68.25,1365.0,1360.5,16065.0,16087.5,16030.0,16132.501851379619,15973.87941417633,16125.838942436452,15980.528329766857,15672.5,15727.5,15512.5,10:00,in_va,inside_both,above_week_vah,neg,pos
long,2021-11-12 10:15:00-05:00,2021-11-12,2021-11-12 11:05:00-05:00,tp,16068.125,16141.196428571428,16068.0,16017.339285714286,16141.321428571428,22.660714285714285,0.7478260869565218,659,-197,27,16048.75,16058.25,73.07142857142753,1461.4285714285506,1456.9285714285506,16050.0,16077.5,16027.5,16135.013784022849,15971.372757060584,16140.825152902647,15965.573593140318,15672.5,15727.5,15512.5,10:00,in_va,inside_both,above_week_vah,neg,pos
long,2021-11-12 15:30:00-05:00,2021-11-12,2021-11-12 15:45:00-05:00,sl,16211.125,16187.07142857143,16211.0,16187.19642857143,16244.857142857141,10.053571428571429,0.9642857142857143,702,-6,5,16190.5,16200.0,-24.05357142857065,-481.071428571413,-485.571428571413,16175.0,16200.0,16057.5,16171.324666726721,15935.138133989023,16181.676305644289,15924.80823544566,15672.5,15727.5,15512.5,15:00,above_vah,outside_both,above_week_vah,neg,pos
long,2021-11-16 11:00:00-05:00,2021-11-16,2021-11-16 14:10:00-05:00,tp,16255.375,16323.267857142859,16255.25,16208.05357142857,16323.392857142859,20.946428571428573,0.9351851851851852,748,-8,22,16238.5,16251.75,67.8928571428587,1357.857142857174,1353.357142857174,16240.0,16247.5,16190.0,16265.958800451734,16087.709055886467,16286.186722901704,16067.529841561867,15952.5,16307.5,15770.0,11:00,above_vah,inside_both,in_week_va,neg,pos
long,2021-11-17 10:35:00-05:00,2021-11-17,2021-11-17 13:10:00-05:00,sl,16344.625,16292.517857142857,16344.5,16292.642857142857,16417.214285714286,20.857142857142858,0.8636363636363636,1077,-118,19,16312.75,16321.75,-52.10714285714312,-1042.1428571428623,-1046.6428571428623,16310.0,16320.0,16295.0,16382.790524947233,16226.044239105002,16397.578493144756,16211.274626134793,15952.5,16307.5,15770.0,10:00,above_vah,inside_both,above_week_vah,neg,pos
long,2021-11-17 11:25:00-05:00,2021-11-17,2021-11-17 12:25:00-05:00,sl,16354.875,16321.69642857143,16354.75,16321.82142857143,16403.607142857145,15.928571428571429,0.75,433,-131,79,16341.0,16353.75,-33.17857142857065,-663.571428571413,-668.071428571413,16310.0,16327.5,16287.5,16390.534922420917,16218.309454187562,16407.91874268143,16200.947211196362,15952.5,16307.5,15770.0,11:00,above_vah,inside_both,above_week_vah,neg,pos
long,2021-11-19 12:10:00-05:00,2021-11-19,2021-11-19 12:40:00-05:00,sl,16617.125,16588.35714285714,16617.0,16588.48214285714,16660.285714285717,14.767857142857142,0.8,265,-10,89,16603.75,16614.25,-28.767857142858702,-575.357142857174,-579.857142857174,16552.5,16595.0,16537.5,16638.40532100412,16418.33496309386,16647.803421498636,16408.962698716346,15952.5,16307.5,15770.0,12:00,above_vah,inside_both,above_week_vah,neg,pos
long,2021-11-19 13:05:00-05:00,2021-11-19,2021-11-19 13:15:00-05:00,sl,16604.375,16582.98214285714,16604.25,16583.10714285714,16638.785714285717,13.392857142857142,0.7317073170731707,330,-1,101,16601.25,16603.75,-21.392857142858702,-427.85714285717404,-432.35714285717404,16552.5,16602.5,16540.0,16633.990421545357,16422.737725646977,16654.960397415198,16401.82539788916,15952.5,16307.5,15770.0,13:00,above_vah,inside_both,above_week_vah,neg,pos
long,2021-11-23 12:20:00-05:00,2021-11-23,2021-11-23 12:55:00-05:00,sl,16230.875,16162.285714285714,16230.75,16162.410714285714,16337.678571428572,38.589285714285715,0.7050359712230215,530,-5,121,16209.5,16226.0,-68.58928571428623,-1371.7857142857247,-1376.2857142857247,16220.0,16335.0,16160.0,16494.21182432953,16235.682147566817,16495.834461396233,16234.066189647718,16062.5,16260.0,16007.5,12:00,in_va,outside_both,in_week_va,neg,pos
long,2021-11-23 14:45:00-05:00,2021-11-23,2021-11-23 16:55:00-05:00,eod,16236.875,16297.875,16236.75,16144.714285714286,16364.071428571428,35.285714285714285,0.8529411764705882,1121,-23,73,16197.75,16211.75,61.0,1220.0,1215.5,16185.0,16307.5,16125.0,16496.10269142507,16233.799063715414,16507.413394321313,16222.534918275367,16062.5,16260.0,16007.5,14:00,in_va,inside_both,in_week_va,neg,pos
long,2021-11-23 13:50:00-05:00,2021-11-23,2021-11-23 16:55:00-05:00,eod,16208.625,16297.875,16208.5,16129.285714285714,16320.428571428572,32.714285714285715,0.9572192513368984,854,-5,16,16185.0,16203.0,89.25,1785.0,1780.5,16230.0,16317.5,16125.0,16492.97861219703,16236.910283514366,16507.13001286349,16222.817133269891,16062.5,16260.0,16007.5,13:00,in_va,outside_both,in_week_va,neg,pos
long,2021-11-23 13:45:00-05:00,2021-11-23,2021-11-23 15:10:00-05:00,tp,16163.625,16270.267857142859,16163.5,16089.17857142857,16270.392857142859,32.57142857142857,0.7772511848341233,1080,-3,236,16130.5,16143.0,106.6428571428587,2132.857142857174,2128.357142857174,16230.0,16325.0,16145.0,16491.335109747375,16238.547020929695,16507.039520435734,16222.90725320999,16062.5,16260.0,16007.5,13:00,in_va,outside_both,in_week_va,neg,pos
long,2021-11-24 10:20:00-05:00,2021-11-24,2021-11-24 16:55:00-05:00,eod,16235.125,16354.625,16235.0,16131.660714285714,16383.928571428572,45.589285714285715,0.7591836734693878,878,-96,-20,16225.5,16229.75,119.5,2390.0,2385.5,16190.0,16250.0,16125.0,16368.726818553278,16128.702801954565,16373.785278095294,16123.6750693419,16062.5,16260.0,16007.5,10:00,in_va,inside_both,in_week_va,neg,neg
long,2021-11-24 10:35:00-05:00,2021-11-24,2021-11-24 16:55:00-05:00,eod,16264.125,16354.625,16264.0,16192.25,16383.5,47.75,0.8468468468468469,937,-2,364,16249.5,16259.75,90.5,1810.0,1805.5,16245.0,16260.0,16142.5,16361.06156910875,16136.321489876513,16378.973278763486,16118.518582483146,16062.5,16260.0,16007.5,10:00,above_vah,inside_both,above_week_vah,neg,pos
long,2021-11-24 11:10:00-05:00,2021-11-24,2021-11-24 15:55:00-05:00,tp,16270.375,16367.053571428572,16270.25,16207.785714285714,16367.178571428572,34.464285714285715,0.8244274809160306,581,-1,144,16254.25,16263.5,96.67857142857247,1933.5714285714494,1929.0714285714494,16245.0,16272.5,16160.0,16371.672255053092,16125.775257110992,16387.453683115877,16110.089691201736,16062.5,16260.0,16007.5,11:00,in_va,inside_both,above_week_vah,neg,pos
long,2021-11-24 15:05:00-05:00,2021-11-24,2021-11-24 16:55:00-05:00,eod,16346.125,16354.625,16346.0,16295.589285714286,16423.071428571428,26.660714285714285,0.7053571428571429,703,-18,156,16326.75,16337.75,8.5,170.0,165.5,16315.0,16332.5,16220.0,16394.410221885166,16103.175408987738,16405.823422481582,16091.83153633703,16062.5,16260.0,16007.5,15:00,above_vah,inside_both,above_week_vah,neg,pos
long,2021-11-24 12:35:00-05:00,2021-11-24,2021-11-24 14:10:00-05:00,sl,16306.875,16256.75,16306.75,16256.875,16379.5,22.875,0.8253968253968254,561,-8,-51,16282.5,16292.0,-50.125,-1002.5,-1007.0,16245.0,16330.0,16197.5,16395.138044918458,16102.452007017173,16396.683871447487,16100.915570402636,16062.5,16260.0,16007.5,12:00,in_va,inside_both,above_week_vah,neg,neg
long,2021-11-26 12:25:00-05:00,2021-11-26,2021-11-26 12:45:00-05:00,sl,16120.625,16055.535714285714,16120.5,16055.660714285714,16215.178571428572,29.839285714285715,0.8733333333333333,578,-127,111,16095.0,16107.0,-65.08928571428623,-1301.7857142857247,-1306.2857142857247,16080.0,16225.0,16050.0,16502.466015637307,16153.205149769263,16504.30798723669,16151.380498058885,16062.5,16260.0,16007.5,12:00,in_va,outside_both,in_week_va,neg,pos
long,2021-11-29 13:05:00-05:00,2021-11-29,2021-11-29 13:15:00-05:00,sl,16415.625,16389.89285714286,16415.5,16390.01785714286,16454.964285714283,13.982142857142858,0.7959183673469388,203,-53,22,16401.0,16407.25,-25.732142857141298,-514.642857142826,-519.142857142826,16240.0,16302.5,16195.0,16353.278948017594,15931.342997735783,16347.48512743362,15937.066802630501,16310.0,16502.5,16172.5,13:00,above_vah,outside_both,in_week_va,neg,pos
long,2021-11-30 13:50:00-05:00,2021-11-30,2021-11-30 15:25:00-05:00,sl,16194.375,16130.05357142857,16194.25,16130.17857142857,16286.642857142859,28.321428571428573,0.958904109589041,551,-13,22,16165.75,16189.75,-64.32142857142935,-1286.428571428587,-1290.928571428587,16355.0,16455.0,16162.5,,,16528.34254260789,16240.817620327343,16310.0,16502.5,16172.5,13:00,in_va,outside_both,in_week_va,neg,pos
long,2021-11-30 13:35:00-05:00,2021-11-30,2021-11-30 16:55:00-05:00,eod,16171.625,16238.125,16171.5,16109.25,16263.0,29.25,0.8079470198675497,536,-9,133,16146.25,16158.5,66.5,1330.0,1325.5,16355.0,16455.0,16165.0,,,16525.943082711663,16243.208491798081,16310.0,16502.5,16172.5,13:00,in_va,outside_both,below_week_val,neg,pos
long,2021-12-01 10:45:00-05:00,2021-12-01,2021-12-01 12:55:00-05:00,sl,16357.125,16281.410714285714,16357.0,16281.535714285714,16469.928571428572,37.464285714285715,0.7664670658682635,655,-114,29,16322.25,16344.5,-75.71428571428623,-1514.2857142857247,-1518.7857142857247,16312.5,16370.0,16295.0,16404.85074979436,16172.805300945698,16421.85306090737,16155.907829960273,16310.0,16502.5,16172.5,10:00,in_va,inside_both,in_week_va,neg,pos
long,2021-12-01 11:10:00-05:00,2021-12-01,2021-12-01 11:55:00-05:00,sl,16411.625,16331.964285714286,16411.5,16332.089285714286,16525.321428571428,34.410714285714285,0.9728260869565217,1162,-4,35,16366.5,16376.75,-79.66071428571377,-1593.2142857142753,-1597.7142857142753,16365.0,16375.0,16302.5,16423.761288665613,16154.011368769547,16430.431371177685,16147.382415507313,16310.0,16502.5,16172.5,11:00,above_vah,inside_both,in_week_va,neg,pos
long,2021-12-02 11:05:00-05:00,2021-12-02,2021-12-02 16:55:00-05:00,eod,15939.375,16016.375,15939.25,15800.25,16151.0,72.75,0.825938566552901,732,-155,145,15909.75,15927.75,77.0,1540.0,1535.5,15940.0,15995.0,15855.0,15946.693361997664,15735.254886615336,15948.547131375595,15733.40529614528,16310.0,16502.5,16172.5,11:00,in_va,inside_both,below_week_val,neg,pos
long,2021-12-02 15:30:00-05:00,2021-12-02,2021-12-02 15:55:00-05:00,sl,16032.375,15955.25,16032.25,15955.375,16143.5,34.375,0.8048780487804879,533,-23,34,15991.5,16014.0,-77.125,-1542.5,-1547.0,15940.0,16022.5,15892.5,16021.809854046209,15660.307727874319,15981.45445200371,15700.572157701288,16310.0,16502.5,16172.5,15:00,above_vah,outside_both,below_week_val,neg,pos
long,2021-12-03 12:35:00-05:00,2021-12-03,2021-12-03 14:20:00-05:00,sl,15670.875,15560.82142857143,15670.75,15560.94642857143,15825.607142857141,45.05357142857143,0.7449664429530202,723,-5,221,15620.25,15646.5,-110.05357142857065,-2201.071428571413,-2205.571428571413,15697.5,15937.5,15562.5,16163.872809678593,15899.346626602863,16150.638925862988,15912.555768791663,16310.0,16502.5,16172.5,12:00,in_va,outside_both,below_week_val,neg,pos
long,2021-12-03 12:15:00-05:00,2021-12-03,2021-12-03 15:00:00-05:00,sl,15628.875,15541.67857142857,15628.75,15541.80357142857,15761.892857142859,46.19642857142857,0.8177083333333334,528,1,169,15597.25,15605.75,-87.19642857142935,-1743.928571428587,-1748.428571428587,15697.5,15942.5,15562.5,16181.117629551276,15882.134047068956,16151.113915342003,15912.081667337105,16310.0,16502.5,16172.5,12:00,in_va,outside_both,below_week_val,pos,pos
long,2021-12-03 14:20:00-05:00,2021-12-03,2021-12-03 16:55:00-05:00,eod,15631.875,15687.375,15631.75,15508.17857142857,15795.642857142859,40.32142857142857,0.7211267605633803,603,-232,47,15588.5,15615.75,55.5,1110.0,1105.5,15640.0,15880.0,15562.5,16185.044656573586,15878.214361885093,16162.536475855666,15900.680462060742,16310.0,16502.5,16172.5,14:00,in_va,outside_both,below_week_val,neg,pos
long,2021-12-03 15:30:00-05:00,2021-12-03,2021-12-03 15:45:00-05:00,sl,15644.625,15566.375,15644.5,15566.5,15761.5,39.0,0.8,591,-8,47,15614.25,15634.25,-78.25,-1565.0,-1569.5,15600.0,15807.5,15542.5,16214.303603352473,15849.010116655041,16171.661124837847,15891.572872217283,16310.0,16502.5,16172.5,15:00,in_va,outside_both,below_week_val,neg,pos
long,2021-12-06 10:10:00-05:00,2021-12-06,2021-12-06 16:55:00-05:00,eod,15742.875,15849.125,15742.75,15587.035714285714,15957.178571428572,58.714285714285715,0.8606356968215159,1069,-74,104,15669.5,15684.0,106.25,2125.0,2120.5,15732.5,15747.5,15642.5,15841.368153658377,15580.70011849845,15808.276255488221,15613.693693187062,16230.0,16407.5,16117.5,10:00,in_va,inside_both,below_week_val,neg,pos
long,2021-12-06 10:55:00-05:00,2021-12-06,2021-12-06 16:55:00-05:00,eod,15732.625,15849.125,15732.5,15619.892857142857,15902.464285714286,57.357142857142854,0.9282700421940928,471,-1,41,15689.0,15704.5,116.5,2330.0,2325.5,15735.0,15772.5,15660.0,15850.727292648848,15571.368787617535,15829.748380978654,15592.285366216845,16230.0,16407.5,16117.5,10:00,in_va,inside_both,below_week_val,neg,pos
long,2021-12-06 13:25:00-05:00,2021-12-06,2021-12-06 16:55:00-05:00,eod,15869.375,15849.125,15869.25,15806.82142857143,15956.607142857141,24.928571428571427,0.7944444444444444,871,-4,351,15830.0,15841.25,-20.25,-405.0,-409.5,15732.5,15760.0,15645.0,,,15852.024459799717,15570.075474642385,16230.0,16407.5,16117.5,13:00,above_vah,outside_both,below_week_val,neg,pos
long,2021-12-07 09:45:00-05:00,2021-12-07,2021-12-07 10:35:00-05:00,tp,16194.125,16269.875,16194.0,16139.375,16270.0,21.375,0.8541666666666666,1275,-14,86,16157.75,16177.0,75.75,1515.0,1510.5,16132.5,16177.5,16062.5,,,16167.572261491096,15802.23022748878,16230.0,16407.5,16117.5,09:00,above_vah,outside_both,in_week_va,neg,pos
long,2021-12-08 13:40:00-05:00,2021-12-08,2021-12-08 14:10:00-05:00,sl,16368.625,16333.089285714286,16368.5,16333.214285714286,16418.071428571428,14.285714285714286,0.813953488372093,366,-6,21,16340.5,16356.75,-35.535714285713766,-710.7142857142753,-715.2142857142753,16297.5,16347.5,16270.0,16574.077377509166,16123.631822847332,16496.289776876663,16201.247135119413,16230.0,16407.5,16117.5,13:00,above_vah,inside_both,in_week_va,neg,pos
long,2021-12-08 10:20:00-05:00,2021-12-08,2021-12-08 16:55:00-05:00,eod,16322.875,16382.375,16322.75,16253.30357142857,16432.892857142855,40.69642857142857,0.7972027972027972,673,-3,211,16291.0,16319.75,59.5,1190.0,1185.5,16297.5,16372.5,16270.0,16469.06440734237,16228.412204371392,16449.114891804868,16248.317534597927,16230.0,16407.5,16117.5,10:00,in_va,inside_both,in_week_va,neg,pos
long,2021-12-08 11:25:00-05:00,2021-12-08,2021-12-08 15:50:00-05:00,tp,16318.875,16389.160714285714,16318.75,16274.857142857143,16389.285714285714,26.642857142857142,0.88,210,-3,102,16293.75,16311.75,70.28571428571377,1405.7142857142753,1401.2142857142753,16297.5,16355.0,16262.5,16519.603361802307,16177.985186435144,16470.502741763805,16226.977055654066,16230.0,16407.5,16117.5,11:00,in_va,inside_both,in_week_va,neg,pos
long,2021-12-08 13:15:00-05:00,2021-12-08,2021-12-08 15:50:00-05:00,tp,16347.125,16393.339285714286,16347.0,16315.517857142857,16393.464285714286,14.982142857142858,0.9264705882352942,446,-7,7,16319.0,16340.75,46.214285714286234,924.2857142857247,919.7857142857247,16297.5,16340.0,16262.5,16566.099570806964,16131.591959853784,16493.80390874753,16203.727497407757,16230.0,16407.5,16117.5,13:00,above_vah,inside_both,in_week_va,neg,pos
long,2021-12-08 15:50:00-05:00,2021-12-08,2021-12-08 16:55:00-05:00,eod,16392.875,16382.375,16392.75,16347.535714285714,16454.178571428572,16.214285714285715,0.926829268292683,323,-6,76,16369.25,16374.5,-10.5,-210.0,-214.5,16297.5,16362.5,16280.0,16599.439781388937,16098.325593048585,16509.683665875797,16187.882911660245,16230.0,16407.5,16117.5,15:00,above_vah,inside_both,in_week_va,neg,pos
long,2021-12-13 10:45:00-05:00,2021-12-13,2021-12-13 11:20:00-05:00,sl,16224.625,16158.482142857143,16224.5,16158.607142857143,16329.785714285714,39.392857142857146,0.84,277,-5,181,16198.5,16221.0,-66.14285714285688,-1322.8571428571377,-1327.3571428571377,16390.0,16405.0,16277.5,16451.183695522926,16199.587263496023,16418.13744812899,16232.627944737464,16400.0,16437.5,15955.0,10:00,below_val,inside_14_only,in_week_va,neg,pos
long,2021-12-15 15:35:00-05:00,2021-12-15,2021-12-15 16:55:00-05:00,eod,16257.875,16285.125,16257.75,16166.125,16408.75,59.375,0.8472222222222222,492,-2,102,16224.75,16236.0,27.25,545.0,540.5,15912.5,15962.5,15787.5,16126.11883848576,15707.884326358802,16058.335173377602,15775.58180956086,16400.0,16437.5,15955.0,15:00,above_vah,outside_both,in_week_va,neg,pos
long,2021-12-14 14:05:00-05:00,2021-12-14,2021-12-14 15:10:00-05:00,tp,15823.375,15912.303571428572,15823.25,15756.285714285714,15912.428571428572,22.214285714285715,0.8624338624338624,415,-31,18,15794.25,15813.5,88.92857142857247,1778.5714285714494,1774.0714285714494,15775.0,15927.5,15735.0,16284.325016005898,15693.175548915306,16219.060137090444,15757.590764661669,16400.0,16437.5,15955.0,14:00,in_va,inside_both,below_week_val,neg,pos
long,2021-12-15 15:05:00-05:00,2021-12-15,2021-12-15 16:55:00-05:00,eod,16106.625,16285.125,16106.5,15954.142857142857,16331.964285714286,73.10714285714286,0.8449848024316109,556,5,36,16023.75,16042.75,178.5,3570.0,3565.5,15912.5,15962.5,15807.5,16117.078566722295,15716.913104086778,16054.57672708072,15779.33547727185,16400.0,16437.5,15955.0,15:00,above_vah,inside_14_only,in_week_va,pos,pos
long,2021-12-17 11:10:00-05:00,2021-12-17,2021-12-17 11:40:00-05:00,sl,15949.875,15816.910714285714,15949.75,15817.035714285714,16138.678571428572,56.214285714285715,0.8708708708708709,486,-22,9,15931.75,15943.0,-132.96428571428623,-2659.2857142857247,-2663.7857142857247,15715.0,15810.0,15662.5,16025.499699017104,15569.529689200232,15983.395970675787,15611.189327336757,16400.0,16437.5,15955.0,11:00,above_vah,inside_both,below_week_val,neg,pos
long,2021-12-20 16:05:00-05:00,2021-12-20,2021-12-20 16:55:00-05:00,eod,15661.375,15675.875,15661.25,15606.285714285714,15748.678571428572,32.464285714285715,0.7435897435897436,635,-24,324,15629.75,15658.75,14.5,290.0,285.5,15580.0,15632.5,15550.0,16057.827556341597,15352.301754892163,15980.615329289534,15428.29203021939,16292.5,16435.0,15882.5,16:00,above_vah,inside_both,below_week_val,neg,pos
long,2021-12-20 13:35:00-05:00,2021-12-20,2021-12-20 16:10:00-05:00,tp,15575.125,15677.553571428572,15575.0,15498.660714285714,15677.678571428572,26.339285714285715,0.9558823529411765,591,-3,6,15542.5,15559.25,102.42857142857247,2048.5714285714494,2044.0714285714494,15580.0,15612.5,15527.5,16001.576161413766,15407.662921786417,15961.026634107566,15447.570716989754,16292.5,16435.0,15882.5,13:00,in_va,inside_both,below_week_val,neg,pos
long,2021-12-21 10:15:00-05:00,2021-12-21,2021-12-21 10:25:00-05:00,sl,15705.125,15635.82142857143,15705.0,15635.94642857143,15807.357142857141,33.30357142857143,0.8851351351351351,216,-14,24,15666.5,15694.0,-69.30357142857065,-1386.071428571413,-1390.571428571413,15762.5,15807.5,15702.5,15838.285502127022,15600.380559162355,15839.135067417741,15599.535642637284,16292.5,16435.0,15882.5,10:00,in_va,inside_both,below_week_val,neg,pos
long,2021-12-21 12:55:00-05:00,2021-12-21,2021-12-21 13:50:00-05:00,tp,15864.375,15925.160714285714,15864.25,15824.482142857143,15925.285714285714,21.267857142857142,0.8160919540229885,231,-5,73,15844.25,15852.75,60.785714285713766,1215.7142857142753,1211.2142857142753,15790.0,15802.5,15675.0,15913.871238303138,15525.208423185779,15886.36769382271,15552.561470071541,16292.5,16435.0,15882.5,12:00,above_vah,inside_both,below_week_val,neg,pos
long,2021-12-22 11:10:00-05:00,2021-12-22,2021-12-22 13:35:00-05:00,sl,16115.625,16067.25,16115.5,16067.375,16192.25,28.625,0.8444444444444444,448,-8,2,16095.0,16104.0,-48.375,-967.5,-972.0,15957.5,16020.0,15915.0,16100.608809519928,15835.73432016029,16078.902448505454,15857.424714620247,16292.5,16435.0,15882.5,11:00,above_vah,outside_both,in_week_va,neg,pos
long,2021-12-22 15:50:00-05:00,2021-12-22,2021-12-22 16:55:00-05:00,eod,16152.625,16179.375,16152.5,16103.07142857143,16219.857142857141,17.928571428571427,0.8413793103448276,930,-2,58,16136.25,16140.75,26.75,535.0,530.5,16115.0,16137.5,15995.0,16166.8651209321,15769.5267449231,16125.538172520864,15810.82329445842,16292.5,16435.0,15882.5,15:00,above_vah,inside_14_only,in_week_va,neg,pos
long,2021-12-23 10:10:00-05:00,2021-12-23,2021-12-23 13:25:00-05:00,tp,16258.625,16333.446428571428,16258.5,16208.714285714286,16333.571428571428,25.285714285714285,0.7642276422764228,662,4,13,16207.25,16243.0,74.82142857142753,1496.4285714285506,1491.9285714285506,16210.0,16222.5,16175.0,16258.730326095847,16105.292606440249,16264.581979035629,16099.442761295872,16292.5,16435.0,15882.5,10:00,above_vah,inside_both,in_week_va,pos,pos
long,2021-12-23 13:25:00-05:00,2021-12-23,2021-12-23 15:30:00-05:00,sl,16331.875,16300.875,16331.75,16301.0,16374.5,12.0,0.8072289156626506,794,-41,97,16320.0,16322.75,-31.0,-620.0,-624.5,16307.5,16322.5,16210.0,16328.422709268356,16035.621753862808,16313.741130042197,16050.298797397652,16292.5,16435.0,15882.5,13:00,above_vah,outside_both,in_week_va,neg,pos
long,2021-12-23 15:45:00-05:00,2021-12-23,2021-12-23 15:55:00-05:00,sl,16347.875,16317.785714285714,16347.75,16317.910714285714,16391.178571428572,13.589285714285714,0.7763157894736842,217,-23,126,16328.75,16334.25,-30.089285714286234,-601.7857142857247,-606.2857142857247,16317.5,16337.5,16217.5,16374.7567106333,15989.302066811362,16333.120975577818,16030.924939024295,16292.5,16435.0,15882.5,15:00,above_vah,inside_14_only,in_week_va,neg,pos
long,2022-01-03 13:40:00-05:00,2022-01-03,2022-01-03 16:55:00-05:00,eod,16460.375,16495.625,16460.25,16419.714285714286,16514.821428571428,14.035714285714286,0.8608695652173913,754,1,-11,16423.5,16444.0,35.25,705.0,700.5,16405.0,16437.5,16380.0,16485.093577063948,16229.727354341703,16521.92597676311,16193.010737379804,15580.0,16020.0,15492.5,13:00,above_vah,inside_both,above_week_vah,pos,neg
long,2022-01-03 14:35:00-05:00,2022-01-03,2022-01-03 16:55:00-05:00,eod,16469.375,16495.625,16469.25,16438.696428571428,16513.357142857145,13.553571428571429,0.7428571428571429,406,-74,5,16459.5,16467.5,26.25,525.0,520.5,16405.0,16440.0,16375.0,16486.324111692702,16228.500687901524,16528.739554172575,16186.218578467347,15580.0,16020.0,15492.5,14:00,above_vah,inside_both,above_week_vah,neg,pos
long,2022-01-04 11:35:00-05:00,2022-01-04,2022-01-04 13:30:00-05:00,sl,16228.875,16166.892857142857,16228.75,16167.017857142857,16329.714285714286,39.232142857142854,0.7171717171717171,382,0,186,16195.5,16212.0,-61.98214285714312,-1239.6428571428623,-1244.1428571428623,16490.0,16562.5,16312.5,16601.039437821277,16404.53797414011,16625.548183316958,16380.050011662765,15580.0,16020.0,15492.5,11:00,below_val,outside_both,above_week_vah,zero,pos
long,2022-01-05 10:55:00-05:00,2022-01-05,2022-01-05 12:30:00-05:00,sl,16172.875,16112.535714285714,16172.75,16112.660714285714,16270.428571428572,37.589285714285715,0.8,504,-26,51,16143.75,16161.5,-60.339285714286234,-1206.7857142857247,-1211.2857142857247,16210.0,16235.0,16167.5,16371.225781543715,16090.686765011696,16370.169592423319,16091.738992103565,15580.0,16020.0,15492.5,10:00,in_va,inside_both,above_week_vah,neg,pos
long,2022-01-06 12:40:00-05:00,2022-01-06,2022-01-06 13:20:00-05:00,sl,15877.625,15793.55357142857,15877.5,15793.67857142857,15999.142857142859,37.82142857142857,0.868421052631579,614,-30,9,15848.0,15863.5,-84.07142857142935,-1681.428571428587,-1685.928571428587,15815.0,15845.0,15707.5,15880.902286441169,15565.352176225995,15881.595551663873,15564.661672314858,15580.0,16020.0,15492.5,12:00,above_vah,inside_both,in_week_va,neg,pos
long,2022-01-06 10:30:00-05:00,2022-01-06,2022-01-06 16:55:00-05:00,eod,15812.375,15793.875,15812.25,15679.107142857143,16018.285714285714,72.89285714285714,0.7169230769230769,495,-2,203,15718.75,15766.75,-18.5,-370.0,-374.5,15715.0,15787.5,15665.0,15831.945438270017,15614.114026715712,15835.574749862115,15610.499170861107,15580.0,16020.0,15492.5,10:00,above_vah,inside_both,in_week_va,neg,pos
long,2022-01-06 15:00:00-05:00,2022-01-06,2022-01-06 15:20:00-05:00,sl,15859.625,15786.839285714286,15859.5,15786.964285714286,15961.571428571428,29.535714285714285,0.9438202247191011,692,-1,37,15828.75,15837.75,-72.78571428571377,-1455.7142857142753,-1460.2142857142753,15815.0,15847.5,15715.0,15913.451751274695,15532.932357609734,15901.092413610992,15545.242467386459,15580.0,16020.0,15492.5,15:00,above_vah,inside_both,in_week_va,neg,pos
long,2022-01-07 11:45:00-05:00,2022-01-07,2022-01-07 16:55:00-05:00,eod,15651.625,15570.125,15651.5,15553.17857142857,15793.142857142859,43.32142857142857,0.8565217391304348,1142,-41,61,15608.0,15625.5,-81.5,-1630.0,-1634.5,15680.0,15827.5,15645.0,15911.34636212244,15640.424825810793,15913.614172027776,15638.162256823625,15580.0,16020.0,15492.5,11:00,in_va,inside_both,in_week_va,neg,pos
long,2022-01-07 14:35:00-05:00,2022-01-07,2022-01-07 16:55:00-05:00,eod,15615.125,15570.125,15615.0,15555.07142857143,15697.107142857141,22.178571428571427,0.7469879518072289,822,-44,96,15605.5,15614.5,-45.0,-900.0,-904.5,15635.0,15742.5,15550.0,15945.824984540483,15606.02588363324,15938.959154963188,15612.87584624969,15580.0,16020.0,15492.5,14:00,in_va,inside_both,in_week_va,neg,pos
long,2022-01-10 14:30:00-05:00,2022-01-10,2022-01-10 14:50:00-05:00,sl,15496.125,15431.982142857143,15496.0,15432.107142857143,15592.535714285714,32.642857142857146,0.7364341085271318,405,-118,6,15466.25,15481.0,-64.14285714285688,-1282.8571428571377,-1287.3571428571377,15217.5,15380.0,15160.0,15721.394343176244,15227.236436932644,15711.101043317502,15237.401651060734,16537.5,16562.5,16427.5,14:00,above_vah,inside_both,below_week_val,neg,pos
long,2022-01-11 11:35:00-05:00,2022-01-11,2022-01-11 16:55:00-05:00,eod,15783.625,15824.375,15783.5,15686.625,15931.25,50.875,0.905940594059406,648,-1,90,15740.75,15755.0,40.75,815.0,810.5,15620.0,15642.5,15517.5,15725.405611867824,15455.946300052603,15728.46909631697,15452.892624717631,16537.5,16562.5,16427.5,11:00,above_vah,outside_both,below_week_val,neg,pos
long,2022-01-11 15:55:00-05:00,2022-01-11,2022-01-11 16:55:00-05:00,eod,15832.875,15824.375,15832.75,15775.82142857143,15911.857142857141,22.178571428571427,0.8421052631578947,240,-50,150,15817.5,15830.25,-8.5,-170.0,-174.5,15795.0,15837.5,15592.5,15778.521251767688,15403.000733605077,15777.604658751243,15403.91439173946,16537.5,16562.5,16427.5,15:00,in_va,outside_both,below_week_val,neg,pos
long,2022-01-12 11:50:00-05:00,2022-01-12,2022-01-12 16:55:00-05:00,eod,15916.625,15895.125,15916.5,15849.660714285714,16020.428571428572,37.089285714285715,0.8188976377952756,537,-20,78,15886.25,15906.75,-21.5,-430.0,-434.5,15870.0,15947.5,15817.5,16065.572162569688,15698.586906966731,16061.844717493535,15702.287633473363,16537.5,16562.5,16427.5,11:00,in_va,inside_both,below_week_val,neg,pos
long,2022-01-12 15:40:00-05:00,2022-01-12,2022-01-12 16:55:00-05:00,eod,15888.375,15895.125,15888.25,15834.07142857143,15965.357142857141,22.928571428571427,0.7557251908396947,508,-94,56,15869.0,15885.0,6.75,135.0,130.5,15870.0,15935.0,15827.5,16097.668224066103,15666.720912133382,16092.46893934239,15671.88292804494,16537.5,16562.5,16427.5,15:00,in_va,inside_both,below_week_val,neg,pos
long,2022-01-13 11:20:00-05:00,2022-01-13,2022-01-13 12:15:00-05:00,sl,15790.375,15694.160714285714,15790.25,15694.285714285714,15927.678571428572,41.464285714285715,0.8034934497816594,755,-24,63,15763.75,15785.25,-96.21428571428623,-1924.2857142857247,-1928.7857142857247,15952.5,15965.0,15830.0,16076.945766353243,15769.242221709263,16070.942293812004,15775.224899174618,16537.5,16562.5,16427.5,11:00,below_val,inside_both,below_week_val,neg,pos
long,2022-01-14 10:15:00-05:00,2022-01-14,2022-01-14 10:35:00-05:00,sl,15591.375,15462.089285714286,15591.25,15462.214285714286,15776.821428571428,56.535714285714285,0.8746177370030581,1392,0,404,15539.25,15573.75,-129.28571428571377,-2585.7142857142753,-2590.2142857142753,15507.5,15552.5,15427.5,15572.579566599119,15317.690172346527,15580.09338848471,15310.23148599334,16537.5,16562.5,16427.5,10:00,above_vah,outside_both,below_week_val,zero,pos
long,2022-01-14 11:20:00-05:00,2022-01-14,2022-01-14 15:30:00-05:00,tp,15465.875,15592.732142857141,15465.75,15387.32142857143,15592.857142857141,48.67857142857143,0.8625954198473282,614,-43,150,15439.25,15459.25,126.8571428571413,2537.142857142826,2532.642857142826,15495.0,15550.0,15442.5,15632.031645481506,15258.674345756484,15620.865800094558,15269.758257496409,16537.5,16562.5,16427.5,11:00,in_va,inside_both,below_week_val,neg,pos
long,2022-01-14 13:50:00-05:00,2022-01-14,2022-01-14 15:30:00-05:00,tp,15488.375,15586.303571428572,15488.25,15422.035714285714,15586.428571428572,31.964285714285715,0.8666666666666667,365,-29,71,15459.75,15468.75,97.92857142857247,1958.5714285714494,1954.0714285714494,15497.5,15550.0,15445.0,15649.912115659274,15240.925080344807,15644.496161648247,15246.301292728678,16537.5,16562.5,16427.5,13:00,in_va,inside_both,below_week_val,neg,pos
long,2022-01-14 13:40:00-05:00,2022-01-14,2022-01-14 15:05:00-05:00,tp,15452.375,15550.089285714286,15452.25,15385.642857142857,15550.214285714286,31.357142857142858,0.7411764705882353,381,-1,126,15425.5,15442.0,97.71428571428623,1954.2857142857247,1949.7857142857247,15497.5,15550.0,15447.5,15643.907798775761,15246.885338264297,15641.850814877498,15248.927228259072,16537.5,16562.5,16427.5,13:00,in_va,inside_both,below_week_val,neg,pos
long,2022-01-18 10:05:00-05:00,2022-01-18,2022-01-18 11:05:00-05:00,sl,15408.125,15289.857142857143,15408.0,15289.982142857143,15572.535714285714,46.517857142857146,0.8691588785046729,891,-36,58,15371.75,15384.75,-118.26785714285688,-2365.3571428571377,-2369.8571428571377,15317.5,15372.5,15287.5,15629.698472049336,15277.512543950308,15635.253708449205,15272.033088769065,15815.0,16207.5,15510.0,10:00,above_vah,inside_both,below_week_val,neg,pos
long,2022-01-18 11:45:00-05:00,2022-01-18,2022-01-18 12:20:00-05:00,sl,15337.625,15284.482142857143,15337.5,15284.607142857143,15424.785714285714,34.392857142857146,0.9102564102564102,241,-22,19,15321.0,15336.5,-53.14285714285688,-1062.8571428571377,-1067.3571428571377,15317.5,15380.0,15282.5,15697.656149279695,15210.481904783619,15681.734099540543,15226.186755425311,15815.0,16207.5,15510.0,11:00,in_va,inside_both,below_week_val,neg,pos
long,2022-01-18 14:15:00-05:00,2022-01-18,2022-01-18 15:15:00-05:00,sl,15287.625,15236.767857142857,15287.5,15236.892857142857,15363.964285714286,25.857142857142858,0.8411214953271028,232,-72,118,15254.25,15274.5,-50.85714285714312,-1017.1428571428623,-1021.6428571428623,15317.5,15370.0,15255.0,15733.266615266353,15175.357215515354,15704.738123889325,15203.496538243844,15815.0,16207.5,15510.0,14:00,in_va,inside_both,below_week_val,neg,pos
long,2022-01-18 14:45:00-05:00,2022-01-18,2022-01-18 15:15:00-05:00,sl,15310.875,15248.732142857143,15310.75,15248.857142857143,15401.035714285714,28.392857142857142,0.7972027972027972,480,-36,27,15278.75,15299.25,-62.14285714285688,-1242.8571428571377,-1247.3571428571377,15317.5,15367.5,15255.0,15749.801066771077,15159.048317127388,15708.579933733465,15199.707136076127,15815.0,16207.5,15510.0,14:00,in_va,inside_both,below_week_val,neg,pos
long,2022-01-19 12:05:00-05:00,2022-01-19,2022-01-19 14:20:00-05:00,sl,15243.125,15166.785714285714,15243.0,15166.910714285714,15359.428571428572,40.339285714285715,0.7908496732026143,754,-121,30,15185.75,15227.0,-76.33928571428623,-1526.7857142857247,-1531.2857142857247,15200.0,15287.5,15060.0,15406.357854993592,15100.141334522745,15395.704682116117,15110.775492288236,15815.0,16207.5,15510.0,12:00,in_va,inside_both,below_week_val,neg,pos
long,2022-01-19 15:10:00-05:00,2022-01-19,2022-01-19 15:25:00-05:00,sl,15208.875,15130.69642857143,15208.75,15130.82142857143,15321.107142857141,34.42857142857143,0.7574257425742574,480,-14,153,15186.5,15204.75,-78.17857142857065,-1563.571428571413,-1568.071428571413,15295.0,15362.5,15185.0,15460.173513551523,15046.421732865972,15423.094458644802,15083.434604449703,15815.0,16207.5,15510.0,15:00,in_va,inside_both,below_week_val,neg,pos
long,2022-01-19 14:40:00-05:00,2022-01-19,2022-01-19 15:30:00-05:00,sl,15204.875,15126.910714285714,15204.75,15127.035714285714,15312.428571428572,29.964285714285715,0.8613861386138614,730,-3,75,15166.0,15184.75,-77.96428571428623,-1559.2857142857247,-1563.7857142857247,15295.0,15362.5,15187.5,15447.738914136371,15058.834137456814,15413.1732373568,15093.338117104233,15815.0,16207.5,15510.0,14:00,in_va,inside_both,below_week_val,neg,pos
long,2022-01-20 14:00:00-05:00,2022-01-20,2022-01-20 14:15:00-05:00,sl,15230.625,15143.714285714286,15230.5,15143.839285714286,15347.571428571428,30.410714285714285,0.869198312236287,1030,-35,181,15201.75,15224.0,-86.91071428571377,-1738.2142857142753,-1742.7142857142753,15287.5,15312.5,15175.0,15328.879424288107,14878.26139905923,15310.77771563655,14896.205883146155,15815.0,16207.5,15510.0,14:00,in_va,inside_both,below_week_val,neg,pos
long,2022-01-31 15:45:00-05:00,2022-01-31,2022-01-31 16:55:00-05:00,eod,14862.375,14867.875,14862.25,14781.285714285714,14980.928571428572,37.714285714285715,0.8074866310160428,578,8,35,14837.0,14857.25,5.5,110.0,105.5,14767.5,14840.0,14525.0,14707.882369027635,14211.496872937656,14645.055345777911,14274.07238428301,15295.0,15475.0,14782.5,15:00,above_vah,outside_both,in_week_va,pos,pos
long,2022-01-31 11:50:00-05:00,2022-01-31,2022-01-31 15:50:00-05:00,tp,14770.375,14882.839285714286,14770.25,14694.017857142857,14882.964285714286,36.482142857142854,0.7988165680473372,585,-98,86,14730.0,14738.75,112.46428571428623,2249.2857142857247,2244.7857142857247,14685.0,14742.5,14477.5,14633.530618477864,14285.550975287546,14603.013344331128,14315.946081339413,15295.0,15475.0,14782.5,11:00,above_vah,outside_both,below_week_val,neg,pos
long,2022-01-31 10:05:00-05:00,2022-01-31,2022-01-31 15:45:00-05:00,tp,14705.875,14854.125,14705.75,14598.5,14854.25,41.25,0.8327137546468402,573,-285,28,14634.5,14691.25,148.25,2965.0,2960.5,14482.5,14512.5,14377.5,14584.63876422816,14334.247103514683,14561.181375828653,14357.610586264635,15295.0,15475.0,14782.5,10:00,above_vah,outside_both,below_week_val,neg,pos
long,2022-01-24 15:45:00-05:00,2022-01-24,2022-01-24 16:55:00-05:00,eod,14416.125,14502.625,14416.0,14237.660714285714,14682.928571428572,88.58928571428571,0.9066666666666666,221,-4,358,14398.75,14413.0,86.5,1730.0,1725.5,14015.0,14370.0,13972.5,14599.260742862138,14005.613267507,14558.05289771227,14046.192028906056,15510.0,15772.5,15167.5,15:00,above_vah,inside_both,below_week_val,neg,pos
long,2022-01-25 13:25:00-05:00,2022-01-25,2022-01-25 14:40:00-05:00,tp,14172.375,14348.017857142859,14172.25,14046.05357142857,14348.142857142859,49.69642857142857,0.7286135693215339,583,-95,130,14096.5,14140.75,175.6428571428587,3512.857142857174,3508.357142857174,14120.0,14235.0,14040.0,14629.043244927725,14096.66465225597,14622.737922761846,14102.84726133769,15510.0,15772.5,15167.5,13:00,in_va,inside_both,below_week_val,neg,pos
long,2022-01-26 14:25:00-05:00,2022-01-26,2022-01-26 14:35:00-05:00,sl,14508.375,14376.285714285714,14508.25,14376.410714285714,14701.428571428572,61.339285714285715,0.7780898876404494,536,-3,351,14439.25,14468.25,-132.08928571428623,-2641.7857142857247,-2646.2857142857247,14440.0,14515.0,14357.5,14605.64302380945,13797.32361271567,14606.525507039985,13796.474872432347,15510.0,15772.5,15167.5,14:00,in_va,inside_both,below_week_val,neg,pos
long,2022-01-26 15:25:00-05:00,2022-01-26,2022-01-26 16:55:00-05:00,eod,14164.875,14150.625,14164.75,13883.464285714286,14569.571428571428,123.53571428571429,0.7958271236959762,637,134,104,14074.0,14116.0,-14.25,-285.0,-289.5,14440.0,14570.0,14330.0,14647.788244861245,13756.789871542444,14621.525879215154,13782.048059899958,15510.0,15772.5,15167.5,15:00,below_val,inside_both,below_week_val,pos,pos
long,2022-01-28 10:15:00-05:00,2022-01-28,2022-01-28 11:55:00-05:00,tp,14041.625,14268.839285714286,14041.5,13874.392857142857,14268.964285714286,60.357142857142854,0.9153318077803204,1277,20,14,13900.25,13940.5,227.21428571428623,4544.285714285725,4539.785714285725,13930.0,14027.5,13862.5,14232.500005448568,13987.22515932702,14222.349076977183,13997.317086412135,15510.0,15772.5,15167.5,10:00,above_vah,inside_both,below_week_val,pos,pos
long,2022-01-28 12:40:00-05:00,2022-01-28,2022-01-28 14:05:00-05:00,sl,14256.125,14170.17857142857,14256.0,14170.30357142857,14385.392857142859,43.69642857142857,0.8333333333333334,281,-59,64,14224.5,14252.5,-85.94642857142935,-1718.928571428587,-1723.428571428587,14220.0,14310.0,13970.0,14304.616335160688,13915.527999490616,14271.589175232728,13948.363191932467,15510.0,15772.5,15167.5,12:00,in_va,inside_both,below_week_val,neg,pos
long,2022-01-28 14:40:00-05:00,2022-01-28,2022-01-28 15:30:00-05:00,tp,14154.625,14290.410714285714,14154.5,14062.357142857143,14290.535714285714,43.892857142857146,0.7791666666666667,545,-9,42,14093.5,14117.25,135.78571428571377,2715.7142857142753,2711.2142857142753,14225.0,14307.5,13990.0,14289.257070922818,13930.7979893449,14279.9155974696,13940.085166298531,15510.0,15772.5,15167.5,14:00,in_va,inside_both,below_week_val,neg,pos
long,2022-01-31 11:30:00-05:00,2022-01-31,2022-01-31 15:45:00-05:00,tp,14720.125,14858.482142857141,14720.0,14622.82142857143,14858.607142857141,41.42857142857143,0.8017241379310345,614,-177,61,14673.0,14703.75,138.3571428571413,2767.142857142826,2762.642857142826,14685.0,14742.5,14475.0,14597.003837638755,14321.93153051013,14590.6535710384,14328.256375443765,15295.0,15475.0,14782.5,11:00,in_va,outside_both,below_week_val,neg,pos
long,2022-01-31 15:30:00-05:00,2022-01-31,2022-01-31 16:55:00-05:00,eod,14833.125,14867.875,14833.0,14718.732142857143,14980.785714285714,33.517857142857146,0.7478005865102639,702,-170,121,14805.75,14825.75,34.75,695.0,690.5,14767.5,14825.0,14517.5,14672.764888956235,14246.473769167378,14640.976591139546,14278.134810671307,15295.0,15475.0,14782.5,15:00,above_vah,outside_both,in_week_va,neg,pos
long,2022-02-01 10:20:00-05:00,2022-02-01,2022-02-01 15:55:00-05:00,tp,14840.875,15015.446428571428,14840.75,14722.464285714286,15015.571428571428,56.535714285714285,0.8772563176895307,516,-5,160,14810.0,14821.5,174.57142857142753,3491.4285714285506,3486.9285714285506,14867.5,14917.5,14777.5,15067.209618941204,14745.416982439921,15025.232116375371,14787.181001989491,15295.0,15475.0,14782.5,10:00,in_va,inside_both,in_week_va,neg,pos
long,2022-02-01 15:00:00-05:00,2022-02-01,2022-02-01 16:05:00-05:00,tp,14917.125,15039.053571428572,14917.0,14826.160714285714,15039.178571428572,31.339285714285715,0.7407407407407407,875,90,224,14903.25,14907.0,121.92857142857247,2438.5714285714494,2434.0714285714494,14867.5,14915.0,14815.0,15116.918090641295,14695.961310783272,15094.0098665396,14718.753031603937,15295.0,15475.0,14782.5,15:00,above_vah,inside_both,in_week_va,pos,pos
long,2022-02-03 11:10:00-05:00,2022-02-03,2022-02-03 11:50:00-05:00,sl,14800.375,14697.19642857143,14800.25,14697.32142857143,14950.357142857141,47.17857142857143,0.7613168724279835,864,32,95,14756.75,14776.5,-103.17857142857065,-2063.571428571413,-2068.071428571413,14785.0,14805.0,14717.5,14983.028359635005,14585.504987127773,14970.268425519029,14598.128206897427,15295.0,15475.0,14782.5,11:00,in_va,inside_both,in_week_va,pos,pos
long,2022-02-03 16:15:00-05:00,2022-02-03,2022-02-03 16:55:00-05:00,eod,14783.625,14803.625,14783.5,14619.732142857143,15009.785714285714,62.517857142857146,0.8160919540229885,1333,-13,269,14707.25,14733.75,20.0,400.0,395.5,14785.0,14807.5,14650.0,15158.438572684046,14411.974179755689,15060.061981814415,14509.29672981352,15295.0,15475.0,14782.5,16:00,in_va,inside_both,in_week_va,neg,pos
long,2022-02-03 16:00:00-05:00,2022-02-03,2022-02-03 16:55:00-05:00,eod,14693.625,14803.625,14693.5,14449.92857142857,14988.142857142859,51.07142857142857,0.8208154506437768,876,-6,143,14640.75,14649.25,110.0,2200.0,2195.5,14785.0,14807.5,14650.0,15141.542261593973,14428.68945792624,15055.60064320842,14513.710268095027,15295.0,15475.0,14782.5,16:00,in_va,inside_both,below_week_val,neg,pos
long,2022-02-04 13:50:00-05:00,2022-02-04,2022-02-04 14:15:00-05:00,sl,14747.875,14699.392857142857,14747.75,14699.517857142857,14826.964285714286,30.982142857142858,0.7555555555555555,287,-2,107,14728.75,14743.0,-48.48214285714312,-969.6428571428623,-974.1428571428623,14610.0,14642.5,14460.0,14920.619100925933,14404.626901554075,14935.814988636801,14389.723049986327,15295.0,15475.0,14782.5,13:00,above_vah,inside_both,below_week_val,neg,pos
long,2022-02-04 09:40:00-05:00,2022-02-04,2022-02-04 15:00:00-05:00,tp,14559.375,14780.410714285714,14559.25,14396.607142857143,14780.535714285714,58.642857142857146,0.8165322580645161,638,-52,180,14521.25,14535.25,221.03571428571377,4420.714285714275,4416.214285714275,14760.0,14825.0,14502.5,14872.671904101948,14451.652644185953,14854.424050490776,14469.549808657388,15295.0,15475.0,14782.5,09:00,in_va,inside_both,below_week_val,neg,pos
long,2022-02-04 11:25:00-05:00,2022-02-04,2022-02-04 13:00:00-05:00,tp,14541.125,14694.375,14541.0,14439.5,14694.5,52.0,0.751937984496124,338,0,90,14522.5,14540.75,153.25,3065.0,3060.5,14517.5,14627.5,14452.5,14932.233820059379,14393.235395295305,14915.062037596685,14410.07716866499,15295.0,15475.0,14782.5,11:00,in_va,inside_both,below_week_val,zero,pos
long,2022-02-07 09:50:00-05:00,2022-02-07,2022-02-07 10:15:00-05:00,sl,14800.125,14698.92857142857,14800.0,14699.05357142857,14934.392857142859,33.44642857142857,0.95,890,-6,75,14762.75,14782.75,-101.19642857142935,-2023.928571428587,-2028.428571428587,14700.0,14740.0,14650.0,14786.805471456159,14566.281815405115,14765.299691759146,14587.695841592853,14220.0,14370.0,13967.5,09:00,above_vah,outside_both,above_week_vah,neg,pos
long,2022-02-08 12:35:00-05:00,2022-02-08,2022-02-08 13:10:00-05:00,sl,14750.625,14697.625,14750.5,14697.75,14828.75,25.5,0.7538461538461538,709,-76,125,14709.5,14744.5,-53.0,-1060.0,-1064.5,14535.0,14602.5,14482.5,14765.817151878484,14353.143537181772,14732.87354967082,14385.894239361101,14220.0,14370.0,13967.5,12:00,above_vah,inside_14_only,above_week_vah,neg,pos
long,2022-02-07 13:55:00-05:00,2022-02-07,2022-02-07 15:35:00-05:00,sl,14667.875,14610.92857142857,14667.75,14611.05357142857,14751.642857142859,27.196428571428573,0.7808219178082192,550,-6,123,14658.0,14666.0,-56.94642857142935,-1138.928571428587,-1143.428571428587,14720.0,14770.0,14642.5,14837.445884215607,14515.857457847898,14843.226748346102,14510.101257532344,14220.0,14370.0,13967.5,13:00,in_va,inside_both,above_week_vah,neg,pos
long,2022-02-07 15:10:00-05:00,2022-02-07,2022-02-07 15:25:00-05:00,sl,14724.625,14655.089285714286,14724.5,14655.214285714286,14822.571428571428,28.785714285714285,0.8,453,-12,28,14689.25,14707.0,-69.53571428571377,-1390.7142857142753,-1395.2142857142753,14650.0,14747.5,14632.5,14930.150961939395,14423.547902459422,14874.354173190495,14479.106636543673,14220.0,14370.0,13967.5,15:00,in_va,inside_both,above_week_vah,neg,pos
long,2022-02-08 10:45:00-05:00,2022-02-08,2022-02-08 12:30:00-05:00,tp,14593.125,14727.160714285714,14593.0,14504.107142857143,14727.285714285714,45.392857142857146,0.7808219178082192,521,-9,453,14536.75,14588.0,134.03571428571377,2680.7142857142753,2676.2142857142753,14535.0,14582.5,14507.5,14701.79122169952,14416.794565925618,14691.755056906324,14426.771964331914,14220.0,14370.0,13967.5,10:00,above_vah,inside_both,above_week_vah,neg,pos
long,2022-02-09 11:00:00-05:00,2022-02-09,2022-02-09 11:55:00-05:00,sl,14963.875,14912.160714285714,14963.75,14912.285714285714,15050.178571428572,34.964285714285715,0.8125,474,-1,85,14917.5,14951.25,-51.714285714286234,-1034.2857142857247,-1038.7857142857247,14910.0,14935.0,14870.0,15026.955550342242,14639.048106008506,15021.47882325384,14644.461233461001,14220.0,14370.0,13967.5,11:00,above_vah,inside_both,above_week_vah,neg,pos
long,2022-02-09 12:35:00-05:00,2022-02-09,2022-02-09 16:20:00-05:00,tp,14976.375,15058.053571428572,14976.25,14918.910714285714,15058.178571428572,24.589285714285715,0.8214285714285714,1064,-6,97,14944.5,14961.0,81.67857142857247,1633.5714285714494,1629.0714285714494,14922.5,14957.5,14885.0,15102.605873722614,14564.276287791054,15055.369202974985,14610.964412844804,14220.0,14370.0,13967.5,12:00,above_vah,inside_both,above_week_vah,neg,pos
long,2022-02-09 14:05:00-05:00,2022-02-09,2022-02-09 15:00:00-05:00,sl,15011.625,14975.44642857143,15011.5,14975.57142857143,15063.857142857141,16.428571428571427,0.8452380952380952,627,-22,30,14985.0,14994.5,-36.17857142857065,-723.571428571413,-728.071428571413,14922.5,14957.5,14872.5,15045.674372988578,14620.546659595393,15056.381474662834,14609.963896373114,14220.0,14370.0,13967.5,14:00,above_vah,inside_both,above_week_vah,neg,pos
long,2022-02-09 15:30:00-05:00,2022-02-09,2022-02-09 16:55:00-05:00,eod,15030.625,15051.875,15030.5,14979.30357142857,15103.642857142859,21.946428571428573,0.7903225806451613,416,-13,71,15019.5,15024.5,21.25,425.0,420.5,14922.5,14975.0,14867.5,15098.814584544913,14568.023549832218,15083.444550880176,14583.215095774423,14220.0,14370.0,13967.5,15:00,above_vah,inside_both,above_week_vah,neg,pos
long,2022-02-10 09:35:00-05:00,2022-02-10,2022-02-10 10:05:00-05:00,tp,14826.875,14975.232142857141,14826.75,14729.82142857143,14975.357142857141,51.67857142857143,0.7233009708737864,1131,-116,134,14803.0,14826.5,148.3571428571413,2967.142857142826,2962.642857142826,14992.5,15062.5,14807.5,15085.473798788162,14710.46282328039,15089.018324977495,14706.991003207253,14220.0,14370.0,13967.5,09:00,in_va,inside_both,above_week_vah,neg,pos
long,2022-02-14 12:25:00-05:00,2022-02-14,2022-02-14 13:20:00-05:00,sl,14371.875,14299.80357142857,14371.75,14299.92857142857,14479.392857142859,35.82142857142857,0.8013698630136986,420,-120,3,14329.25,14364.0,-72.07142857142935,-1441.428571428587,-1445.928571428587,14235.0,14320.0,14185.0,14392.679542713704,14073.278108437524,14390.207392889919,14075.741934962412,14765.0,14917.5,14500.0,12:00,above_vah,inside_both,below_week_val,neg,pos
long,2022-02-16 14:20:00-05:00,2022-02-16,2022-02-16 16:55:00-05:00,eod,14557.125,14592.375,14557.0,14445.75,14702.5,34.25,0.8621794871794872,982,-60,27,14457.75,14511.25,35.25,705.0,700.5,14445.0,14500.0,14387.5,14744.599208630476,14351.165800424758,14726.621207560494,14369.059347086097,14765.0,14917.5,14500.0,14:00,above_vah,inside_both,in_week_va,neg,pos
long,2022-02-18 14:20:00-05:00,2022-02-18,2022-02-18 15:30:00-05:00,sl,14058.875,13989.80357142857,14058.75,13989.92857142857,14158.642857142859,31.071428571428573,0.7701863354037267,303,-120,24,14011.25,14033.75,-69.07142857142935,-1381.428571428587,-1385.928571428587,13995.0,14150.0,13907.5,14725.831552499229,14074.218168805959,14737.370805809878,14062.98612809844,14765.0,14917.5,14500.0,14:00,in_va,outside_both,below_week_val,neg,pos
long,2022-02-18 13:35:00-05:00,2022-02-18,2022-02-18 14:30:00-05:00,tp,13978.875,14092.732142857141,13978.75,13897.94642857143,14092.857142857141,33.30357142857143,0.7549019607843137,548,-108,-3,13942.5,13976.75,113.8571428571413,2277.142857142826,2272.642857142826,14045.0,14157.5,13907.5,14719.309620981669,14080.566465209964,14727.98736855231,14072.119747615758,14765.0,14917.5,14500.0,13:00,in_va,outside_both,below_week_val,neg,neg
long,2022-02-22 09:40:00-05:00,2022-02-22,2022-02-22 11:50:00-05:00,sl,13979.625,13858.339285714286,13979.5,13858.464285714286,14130.571428571428,30.035714285714285,0.7531806615776081,1425,-51,114,13948.0,13957.25,-121.28571428571377,-2425.7142857142753,-2430.2142857142753,13920.0,13967.5,13692.5,13932.122524704204,13685.409902526773,13931.258915428607,13686.26442870946,14690.0,14907.5,14492.5,09:00,above_vah,outside_both,below_week_val,neg,pos
long,2022-02-22 15:00:00-05:00,2022-02-22,2022-02-22 15:50:00-05:00,sl,13996.875,13865.660714285714,13996.75,13865.785714285714,14182.178571428572,54.464285714285715,0.9035369774919614,980,-159,29,13919.5,13940.75,-131.21428571428623,-2624.2857142857247,-2628.7857142857247,13890.0,13962.5,13690.0,14041.063317320182,13577.61490508581,14030.964459443217,13587.607547262014,14690.0,14907.5,14492.5,15:00,above_vah,inside_both,below_week_val,neg,pos
long,2022-02-22 14:45:00-05:00,2022-02-22,2022-02-22 16:55:00-05:00,eod,13869.125,13920.125,13869.0,13722.839285714286,14062.071428571428,46.910714285714285,0.7926829268292683,532,-208,58,13851.0,13865.5,51.0,1020.0,1015.5,13890.0,13962.5,13685.0,14038.392442700586,13580.257688526895,14026.266460002347,13592.256135045764,14690.0,14907.5,14492.5,14:00,in_va,inside_both,below_week_val,neg,pos
long,2022-02-24 14:30:00-05:00,2022-02-24,2022-02-24 15:50:00-05:00,tp,13747.375,13960.303571428572,13747.25,13599.160714285714,13960.428571428572,65.08928571428571,0.9342857142857143,1870,-6,161,13671.75,13706.75,212.92857142857247,4258.571428571449,4254.071428571449,13177.5,13447.5,13050.0,13648.432283962744,12917.754563673183,13628.665844318362,12936.91463709678,14690.0,14907.5,14492.5,14:00,above_vah,outside_both,below_week_val,neg,pos
long,2022-02-24 13:45:00-05:00,2022-02-24,2022-02-24 15:30:00-05:00,tp,13679.125,13920.410714285714,13679.0,13491.357142857143,13920.535714285714,53.892857142857146,0.8032490974729242,1284,-76,92,13619.75,13632.5,241.28571428571377,4825.714285714275,4821.214285714275,13177.5,13420.0,13050.0,13633.372121500017,12932.352732273524,13620.135066390805,12945.183720168543,14690.0,14907.5,14492.5,13:00,above_vah,outside_both,below_week_val,neg,pos
long,2022-02-23 15:25:00-05:00,2022-02-23,2022-02-23 15:50:00-05:00,sl,13579.125,13504.232142857143,13579.0,13504.357142857143,13689.035714285714,35.392857142857146,0.700507614213198,217,-26,154,13544.5,13572.25,-74.89285714285688,-1497.8571428571377,-1502.3571428571377,14005.0,14052.5,13745.0,14176.391277984909,13740.33132525673,14162.525113491694,13754.122935151816,14690.0,14907.5,14492.5,15:00,below_val,outside_both,below_week_val,neg,pos
long,2022-02-24 15:30:00-05:00,2022-02-24,2022-02-24 16:55:00-05:00,eod,13922.375,13910.875,13922.25,13755.44642857143,14143.107142857141,54.05357142857143,0.9544468546637744,1110,-31,22,13836.5,13860.75,-11.5,-230.0,-234.5,13177.5,13472.5,13050.0,13679.111739141363,12888.016248407832,13650.64169976507,12915.61292513041,14690.0,14907.5,14492.5,15:00,above_vah,outside_both,below_week_val,neg,pos
long,2022-02-28 11:20:00-05:00,2022-02-28,2022-02-28 12:05:00-05:00,sl,14260.375,14185.392857142857,14260.25,14185.517857142857,14377.964285714286,42.982142857142854,0.8955223880597015,534,-13,32,14216.5,14232.75,-74.98214285714312,-1499.6428571428623,-1504.1428571428623,14082.5,14157.5,13860.0,14388.9392768673,13842.87752985705,14323.189704286586,13907.951660580977,14252.5,14467.5,13912.5,11:00,above_vah,inside_both,in_week_va,neg,pos
long,2022-02-28 13:05:00-05:00,2022-02-28,2022-02-28 13:20:00-05:00,sl,14167.625,14096.125,14167.5,14096.25,14276.0,37.25,0.8137931034482758,962,-81,152,14149.5,14161.5,-71.5,-1430.0,-1434.5,14082.5,14227.5,13940.0,14387.230839647762,13844.568416392036,14336.46162757616,13894.816079052393,14252.5,14467.5,13912.5,13:00,in_va,inside_both,in_week_va,neg,pos
long,2022-02-28 14:40:00-05:00,2022-02-28,2022-02-28 15:55:00-05:00,tp,14066.125,14222.482142857141,14066.0,13955.44642857143,14222.607142857141,46.05357142857143,0.8187919463087249,655,-10,40,14018.0,14033.5,156.3571428571413,3127.142857142826,3122.642857142826,14082.5,14210.0,13940.0,14494.762354791343,13738.141566775561,14366.60671111603,13864.980674349967,14252.5,14467.5,13912.5,14:00,in_va,inside_both,in_week_va,neg,pos
long,2022-03-02 15:00:00-05:00,2022-03-02,2022-03-02 16:20:00-05:00,sl,14274.375,14208.0,14274.25,14208.125,14367.5,27.125,0.7578947368421053,459,-5,200,14243.0,14273.0,-66.375,-1327.5,-1332.0,14047.5,14137.5,13945.0,14344.09702026873,13752.161367111688,14249.507933337787,13846.491572984352,14252.5,14467.5,13912.5,15:00,above_vah,inside_14_only,in_week_va,neg,pos
long,2022-03-01 14:35:00-05:00,2022-03-01,2022-03-01 15:25:00-05:00,sl,14061.125,13984.25,14061.0,13984.375,14175.0,37.375,0.8146067415730337,308,-18,13,14040.0,14049.25,-76.875,-1537.5,-1542.0,14170.0,14262.5,14090.0,14508.06381109028,13885.813439147227,14391.88188796189,14001.643989178521,14252.5,14467.5,13912.5,14:00,below_val,inside_both,in_week_va,neg,pos
long,2022-03-03 12:30:00-05:00,2022-03-03,2022-03-03 15:05:00-05:00,sl,14174.625,14003.785714285714,14174.5,14003.910714285714,14387.678571428572,42.589285714285715,0.8246527777777778,1117,-19,165,14147.5,14165.25,-170.83928571428623,-3416.7857142857247,-3421.2857142857247,14110.0,14237.5,14035.0,14514.69177243659,14034.067208213155,14495.680468215889,14052.875154638843,14252.5,14467.5,13912.5,12:00,in_va,inside_both,in_week_va,neg,pos
long,2022-03-03 13:15:00-05:00,2022-03-03,2022-03-03 13:40:00-05:00,sl,14185.125,14113.017857142857,14185.0,14113.142857142857,14302.464285714286,45.607142857142854,0.7222222222222222,398,-2,334,14135.25,14176.5,-72.10714285714312,-1442.1428571428623,-1446.6428571428623,14110.0,14225.0,14050.0,14567.674129486228,13981.651586363749,14503.395909338882,14045.242243103306,14252.5,14467.5,13912.5,13:00,in_va,inside_both,in_week_va,neg,pos
long,2022-03-03 14:10:00-05:00,2022-03-03,2022-03-03 14:45:00-05:00,sl,14167.375,14066.25,14167.25,14066.375,14301.0,32.875,0.708904109589041,764,-205,50,14126.75,14150.0,-101.125,-2022.5,-2027.0,14130.0,14217.5,14050.0,14574.551408505307,13974.847871382191,14514.974635853789,14033.787370494781,14252.5,14467.5,13912.5,14:00,in_va,inside_both,in_week_va,neg,pos
long,2022-03-03 15:25:00-05:00,2022-03-03,2022-03-03 15:35:00-05:00,sl,14044.375,13982.517857142857,14044.25,13982.642857142857,14136.214285714286,30.357142857142858,0.8333333333333334,264,-1,19,14009.75,14038.5,-61.85714285714312,-1237.1428571428623,-1241.6428571428623,14140.0,14220.0,14050.0,14651.268801263173,13898.951099853108,14558.385456037504,13990.84090186579,14252.5,14467.5,13912.5,15:00,below_val,inside_both,in_week_va,neg,pos
long,2022-03-04 14:20:00-05:00,2022-03-04,2022-03-04 14:55:00-05:00,sl,13826.125,13747.55357142857,13826.0,13747.67857142857,13939.642857142859,35.32142857142857,0.7014218009478673,714,77,68,13806.75,13821.75,-78.57142857142935,-1571.428571428587,-1575.928571428587,13855.0,13942.5,13795.0,14302.721836220757,13692.432270383173,14225.812135275683,13768.66360571903,14252.5,14467.5,13912.5,14:00,in_va,inside_both,below_week_val,pos,pos
long,2022-03-04 15:50:00-05:00,2022-03-04,2022-03-04 16:55:00-05:00,eod,13828.875,13798.625,13828.75,13707.125,13993.25,42.875,0.7938461538461539,290,-121,10,13773.75,13820.25,-30.25,-605.0,-609.5,13780.0,13910.0,13760.0,14406.70694442336,13589.364340643217,14279.630591114832,13715.319844087944,14252.5,14467.5,13912.5,15:00,in_va,inside_both,below_week_val,neg,pos
long,2022-03-07 11:05:00-05:00,2022-03-07,2022-03-07 12:00:00-05:00,sl,13614.625,13538.05357142857,13614.5,13538.17857142857,13732.642857142859,41.82142857142857,0.7738095238095238,419,-5,279,13564.75,13592.5,-76.57142857142935,-1531.428571428587,-1535.928571428587,13600.0,13720.0,13540.0,14017.373947192425,13613.56891725042,13955.031611758,13675.762515390627,13850.0,14162.5,13652.5,11:00,in_va,inside_14_only,below_week_val,neg,pos
long,2022-03-08 12:15:00-05:00,2022-03-08,2022-03-08 13:55:00-05:00,sl,13535.875,13367.982142857143,13535.75,13368.107142857143,13772.285714285714,68.89285714285714,0.7004504504504504,1400,-3,178,13477.25,13529.25,-167.89285714285688,-3357.8571428571377,-3362.3571428571377,13300.0,13362.5,13207.5,13464.871570198384,13091.849942683735,13427.256757376936,13129.418043096983,13850.0,14162.5,13652.5,12:00,above_vah,outside_both,below_week_val,neg,pos
long,2022-03-08 12:10:00-05:00,2022-03-08,2022-03-08 15:45:00-05:00,sl,13458.375,13279.660714285714,13458.25,13279.785714285714,13703.928571428572,67.21428571428571,0.9732142857142857,1641,7,25,13247.75,13354.5,-178.71428571428623,-3574.2857142857247,-3578.7857142857247,13300.0,13362.5,13212.5,13484.007219556002,13072.73805716267,13430.387518715768,13126.291169731816,13850.0,14162.5,13652.5,12:00,above_vah,inside_14_only,below_week_val,pos,pos
long,2022-03-08 11:45:00-05:00,2022-03-08,2022-03-08 12:10:00-05:00,tp,13220.375,13425.839285714286,13220.25,13080.892857142857,13425.964285714286,66.35714285714286,0.7869318181818182,429,-45,183,13150.25,13180.75,205.46428571428623,4109.285714285725,4104.785714285725,13302.5,13367.5,13212.5,13470.937648447696,13085.791397666735,13418.703925753742,13137.960253283247,13850.0,14162.5,13652.5,11:00,in_va,inside_both,below_week_val,neg,pos
long,2022-03-08 12:00:00-05:00,2022-03-08,2022-03-08 12:15:00-05:00,tp,13301.875,13516.553571428572,13301.75,13149.910714285714,13516.678571428572,63.089285714285715,0.7369668246445498,260,36,30,13236.0,13262.0,214.67857142857247,4293.571428571449,4289.071428571449,13302.5,13362.5,13210.0,13495.868466915976,13060.891539835548,13430.194005507059,13126.484442623814,13850.0,14162.5,13652.5,12:00,in_va,inside_both,below_week_val,pos,pos
long,2022-03-08 15:00:00-05:00,2022-03-08,2022-03-08 15:25:00-05:00,sl,13500.625,13345.69642857143,13500.5,13345.82142857143,13720.857142857141,65.67857142857143,0.7939698492462312,611,-15,117,13472.25,13492.0,-154.92857142857065,-3098.571428571413,-3103.071428571413,13350.0,13377.5,13145.0,13595.1323836538,12961.750895187903,13470.0179584355,13086.709945550818,13850.0,14162.5,13652.5,15:00,above_vah,inside_14_only,below_week_val,neg,pos
long,2022-03-09 12:30:00-05:00,2022-03-09,2022-03-09 16:40:00-05:00,tp,13706.375,13801.910714285714,13706.25,13641.857142857143,13802.035714285714,31.392857142857142,0.9558823529411765,286,-10,88,13665.5,13683.75,95.53571428571377,1910.7142857142753,1906.2142857142753,13605.0,13657.5,13525.0,13805.56126235537,13003.931940424896,13750.856931998032,13057.009697595706,13850.0,14162.5,13652.5,12:00,above_vah,inside_both,in_week_va,neg,pos
long,2022-03-09 16:40:00-05:00,2022-03-09,2022-03-09 16:55:00-05:00,eod,13809.125,13773.875,13809.0,13724.214285714286,13926.071428571428,32.285714285714285,0.7241379310344828,322,10,-22,13772.75,13784.25,-35.25,-705.0,-709.5,13732.5,13747.5,13555.0,13964.541549431633,12849.678757591677,13846.217931783121,12964.484152413164,13850.0,14162.5,13652.5,16:00,above_vah,inside_both,in_week_va,pos,neg
long,2022-03-11 14:25:00-05:00,2022-03-11,2022-03-11 14:50:00-05:00,sl,13483.875,13411.19642857143,13483.75,13411.32142857143,13584.107142857141,27.928571428571427,0.8789473684210526,537,-22,12,13440.25,13462.0,-72.67857142857065,-1453.571428571413,-1458.071428571413,13440.0,13617.5,13422.5,13939.23217238239,13340.79630493962,13873.870695326412,13405.519940392167,13850.0,14162.5,13652.5,14:00,in_va,inside_both,below_week_val,neg,pos
long,2022-03-15 15:15:00-04:00,2022-03-15,2022-03-15 16:55:00-04:00,eod,13428.125,13443.125,13428.0,13356.392857142857,13529.464285714286,29.857142857142858,0.8961748633879781,534,-19,-31,13370.25,13389.25,15.0,300.0,295.5,13315.0,13402.5,13160.0,13354.451257696039,12880.454816678672,13353.271933702084,12881.62730498623,14040.0,14262.5,13980.0,15:00,above_vah,outside_both,below_week_val,neg,neg
long,2022-03-17 09:55:00-04:00,2022-03-17,2022-03-17 10:45:00-04:00,sl,13979.375,13879.94642857143,13979.25,13880.07142857143,14111.607142857141,33.17857142857143,0.9314079422382672,841,-25,48,13890.5,13930.75,-99.42857142857065,-1988.571428571413,-1993.071428571413,13907.5,13940.0,13847.5,14065.673021284934,13806.92728399048,14081.56141421792,13791.1830266268,14040.0,14262.5,13980.0,09:00,above_vah,inside_both,below_week_val,neg,pos
long,2022-03-17 13:25:00-04:00,2022-03-17,2022-03-17 16:00:00-04:00,tp,14034.125,14127.482142857141,14034.0,13966.82142857143,14127.607142857141,26.428571428571427,0.8486486486486486,764,-12,155,14000.0,14012.75,93.3571428571413,1867.142857142826,1862.642857142826,13970.0,13982.5,13885.0,14187.330100398634,13686.37384779599,14156.655892332903,13716.769787036093,14040.0,14262.5,13980.0,13:00,above_vah,inside_both,in_week_va,neg,pos
long,2022-03-17 13:20:00-04:00,2022-03-17,2022-03-17 13:45:00-04:00,tp,13995.375,14073.375,13995.25,13942.375,14073.5,25.375,0.7,490,-46,196,13975.0,13992.75,78.0,1560.0,1555.5,13970.0,13982.5,13885.0,14198.291062332204,13675.512320996928,14160.442323849964,13713.017705088852,14040.0,14262.5,13980.0,13:00,above_vah,inside_both,in_week_va,neg,pos
long,2022-03-18 11:00:00-04:00,2022-03-18,2022-03-18 15:05:00-04:00,tp,14239.875,14358.946428571428,14239.75,14159.964285714286,14359.071428571428,39.535714285714285,0.8048780487804879,474,-30,25,14208.25,14226.5,119.07142857142753,2381.4285714285506,2376.9285714285506,14030.0,14157.5,13967.5,14209.087263684258,13891.25362749993,14181.021671676262,13919.302744695393,14040.0,14262.5,13980.0,11:00,above_vah,outside_both,in_week_va,neg,pos
long,2022-03-21 10:45:00-04:00,2022-03-21,2022-03-21 11:25:00-04:00,tp,14308.125,14428.946428571428,14308.0,14229.714285714286,14429.071428571428,42.785714285714285,0.8053691275167785,347,-41,90,14288.75,14300.0,120.82142857142753,2416.4285714285506,2411.9285714285506,14362.5,14422.5,14292.5,14589.5285021087,14217.902833823095,14557.232460458896,14250.056247346942,13605.0,13682.5,13300.0,10:00,in_va,inside_both,above_week_vah,neg,pos
long,2022-03-21 15:55:00-04:00,2022-03-21,2022-03-21 16:55:00-04:00,eod,14372.875,14394.625,14372.75,14299.410714285714,14482.178571428572,36.089285714285715,0.8291139240506329,312,-36,225,14313.5,14342.75,21.75,435.0,430.5,14310.0,14377.5,14232.5,14731.575037511207,14076.483614652167,14693.388735709283,14114.501275333234,13605.0,13682.5,13300.0,15:00,in_va,inside_both,above_week_vah,neg,pos
long,2022-03-24 15:05:00-04:00,2022-03-24,2022-03-24 16:55:00-04:00,eod,14689.375,14762.875,14689.25,14631.42857142857,14771.392857142859,24.321428571428573,0.7407407407407407,519,-60,168,14668.5,14683.5,73.5,1470.0,1465.5,14505.0,14612.5,14447.5,14753.40246474437,14235.046267358888,14735.056956055223,14253.315987734317,13605.0,13682.5,13300.0,15:00,above_vah,inside_both,above_week_vah,neg,pos
long,2022-03-24 14:00:00-04:00,2022-03-24,2022-03-24 15:55:00-04:00,tp,14682.875,14757.946428571428,14682.75,14629.464285714286,14758.071428571428,22.035714285714285,0.7622377622377622,346,13,-105,14655.25,14659.75,75.07142857142753,1501.4285714285506,1496.9285714285506,14505.0,14572.5,14447.5,14725.619218949403,14262.714735995905,14699.086778240275,14289.137566828624,13605.0,13682.5,13300.0,14:00,above_vah,inside_both,above_week_vah,pos,neg
long,2022-03-25 10:20:00-04:00,2022-03-25,2022-03-25 11:05:00-04:00,sl,14767.125,14683.107142857143,14767.0,14683.232142857143,14887.785714285714,37.017857142857146,0.7927927927927928,637,-116,31,14736.75,14750.25,-84.01785714285688,-1680.3571428571377,-1684.8571428571377,14735.0,14775.0,14710.0,14877.377645505103,14648.622354494899,14878.033994749985,14647.966005250017,13605.0,13682.5,13300.0,10:00,in_va,inside_both,above_week_vah,neg,pos
long,2022-03-28 12:50:00-04:00,2022-03-28,2022-03-28 14:25:00-04:00,tp,14781.875,14864.660714285714,14781.75,14727.982142857143,14864.785714285714,29.267857142857142,0.83,243,-5,18,14762.5,14771.0,82.78571428571377,1655.7142857142753,1651.2142857142753,14845.0,14880.0,14752.5,14917.342424663533,14588.415917181042,14918.215699437389,14587.54268680121,13315.0,13947.5,12952.5,12:00,in_va,inside_both,above_week_vah,neg,pos
long,2022-03-28 15:30:00-04:00,2022-03-28,2022-03-28 16:55:00-04:00,eod,14969.375,14980.875,14969.25,14926.125,15032.25,19.875,0.9285714285714286,627,-1,57,14947.75,14953.0,11.5,230.0,225.5,14840.0,14880.0,14750.0,14973.176555814165,14532.584624428622,14975.432485309359,14530.328809616436,13315.0,13947.5,12952.5,15:00,above_vah,inside_both,above_week_vah,neg,pos
long,2022-03-29 11:45:00-04:00,2022-03-29,2022-03-29 12:00:00-04:00,sl,15170.875,15120.964285714286,15170.75,15121.089285714286,15249.821428571428,29.410714285714285,0.9156626506024096,255,-23,9,15141.25,15155.0,-49.910714285713766,-998.2142857142753,-1002.7142857142753,15150.0,15167.5,15050.0,15308.609896384201,14821.910887245189,15303.329204825111,14827.133447707745,13315.0,13947.5,12952.5,11:00,above_vah,inside_both,above_week_vah,neg,pos
long,2022-03-30 10:10:00-04:00,2022-03-30,2022-03-30 11:05:00-04:00,sl,15220.375,15131.25,15220.25,15131.375,15340.5,31.375,0.9828326180257511,1587,-1,23,15187.25,15204.75,-89.125,-1782.5,-1787.0,15175.0,15195.0,15147.5,15304.299297848771,15086.008295886497,15329.230714918627,15061.172679128553,13315.0,13947.5,12952.5,10:00,above_vah,inside_both,above_week_vah,neg,pos
long,2022-03-30 11:30:00-04:00,2022-03-30,2022-03-30 14:55:00-04:00,sl,15141.875,15083.160714285714,15141.75,15083.285714285714,15227.678571428572,27.464285714285715,0.7251908396946565,355,-133,45,15129.5,15138.5,-58.714285714286234,-1174.2857142857247,-1178.7857142857247,15175.0,15220.0,15152.5,15346.917387609934,15043.553968428963,15375.776733016804,15014.80551661004,13315.0,13947.5,12952.5,11:00,below_val,inside_both,above_week_vah,neg,pos
long,2022-03-30 12:35:00-04:00,2022-03-30,2022-03-30 13:40:00-04:00,sl,15179.125,15142.05357142857,15179.0,15142.17857142857,15236.142857142859,20.321428571428573,0.8533333333333334,502,-15,76,15151.25,15163.5,-37.07142857142935,-741.428571428587,-745.928571428587,15175.0,15207.5,15135.0,15356.205547835323,15034.301498459132,15391.846753892112,14998.79724565484,13315.0,13947.5,12952.5,12:00,in_va,inside_both,above_week_vah,neg,pos
long,2022-04-01 12:20:00-04:00,2022-04-01,2022-04-01 14:45:00-04:00,tp,14773.375,14852.303571428572,14773.25,14720.785714285714,14852.428571428572,26.714285714285715,0.8532110091743119,295,-1,83,14765.75,14771.5,78.92857142857247,1578.5714285714494,1574.0714285714494,14885.0,14917.5,14812.5,15225.102634820709,14780.783321294113,15270.324503296222,14736.177434244539,13315.0,13947.5,12952.5,12:00,below_val,inside_90_only,above_week_vah,neg,pos
long,2022-04-01 13:35:00-04:00,2022-04-01,2022-04-01 15:55:00-04:00,tp,14772.875,14858.553571428572,14772.75,14712.160714285714,14858.678571428572,25.339285714285715,0.7777777777777778,267,-2,32,14747.5,14764.0,85.67857142857247,1713.5714285714494,1709.0714285714494,14885.0,14945.0,14812.5,15254.578243010577,14751.70920972027,15278.125601011168,14728.482597757984,13315.0,13947.5,12952.5,13:00,below_val,inside_both,above_week_vah,neg,pos
long,2022-04-04 11:00:00-04:00,2022-04-04,2022-04-04 16:55:00-04:00,eod,15092.125,15159.375,15092.0,15028.267857142857,15184.464285714286,28.732142857142858,0.8689655172413793,537,-26,57,15052.5,15067.75,67.25,1345.0,1340.5,15037.5,15075.0,14910.0,14991.322484196133,14756.454860381531,15026.60243984832,14721.276751834497,14650.0,14692.5,14375.0,11:00,above_vah,outside_both,above_week_vah,neg,pos
long,2022-04-05 10:50:00-04:00,2022-04-05,2022-04-05 11:35:00-04:00,sl,14981.875,14900.19642857143,14981.75,14900.32142857143,15103.357142857141,40.17857142857143,0.712707182320442,501,-92,175,14954.25,14976.0,-81.67857142857065,-1633.571428571413,-1638.071428571413,15115.0,15197.5,14980.0,15253.902053198124,15011.185775317726,15290.485791412979,14974.732956183192,14650.0,14692.5,14375.0,10:00,in_va,inside_90_only,above_week_vah,neg,pos
long,2022-04-05 13:05:00-04:00,2022-04-05,2022-04-05 13:45:00-04:00,sl,14921.875,14861.392857142857,14921.75,14861.517857142857,15002.964285714286,20.982142857142858,0.74375,431,-106,13,14901.5,14913.75,-60.48214285714312,-1209.6428571428623,-1214.1428571428623,14962.5,15087.5,14850.0,15294.90465735512,14970.329903656888,15331.388257697457,14933.976864040074,14650.0,14692.5,14375.0,13:00,in_va,outside_both,above_week_vah,neg,pos
long,2022-04-05 14:15:00-04:00,2022-04-05,2022-04-05 15:00:00-04:00,sl,14904.125,14851.910714285714,14904.0,14852.035714285714,14975.178571428572,19.214285714285715,0.7686567164179104,254,-163,14,14866.25,14881.25,-52.214285714286234,-1044.2857142857247,-1048.7857142857247,14962.5,15062.5,14847.5,15298.900366825861,14966.348493288278,15341.28959153229,14924.110963257817,14650.0,14692.5,14375.0,14:00,in_va,outside_both,above_week_vah,neg,pos
long,2022-04-07 15:10:00-04:00,2022-04-07,2022-04-07 15:50:00-04:00,sl,14626.375,14558.5,14626.25,14558.625,14729.0,35.125,0.782608695652174,781,15,127,14593.25,14619.75,-67.875,-1357.5,-1362.0,14485.0,14565.0,14437.5,14667.636179073703,14295.954227945364,14709.383855344178,14254.289350080844,14650.0,14692.5,14375.0,15:00,above_vah,inside_both,in_week_va,pos,pos
long,2022-04-07 13:00:00-04:00,2022-04-07,2022-04-07 13:30:00-04:00,tp,14388.125,14478.732142857141,14388.0,14325.69642857143,14478.857142857141,28.553571428571427,0.7125748502994012,412,-70,138,14343.0,14363.0,90.6071428571413,1812.142857142826,1807.642857142826,14540.0,14577.5,14447.5,14644.967818093843,14318.577630634785,14654.18807196914,14309.375663341922,14650.0,14692.5,14375.0,13:00,below_val,inside_both,in_week_va,neg,pos
long,2022-04-07 13:55:00-04:00,2022-04-07,2022-04-07 15:10:00-04:00,tp,14498.375,14626.875,14498.25,14404.375,14627.0,34.875,0.8007380073800738,913,9,147,14445.0,14480.0,128.5,2570.0,2565.5,14465.0,14560.0,14425.0,14646.808116379803,14316.740982222977,14665.617806145252,14297.9685978232,14650.0,14692.5,14375.0,13:00,in_va,inside_both,in_week_va,pos,pos
long,2022-04-08 10:50:00-04:00,2022-04-08,2022-04-08 15:55:00-04:00,sl,14437.125,14313.285714285714,14437.0,14313.410714285714,14607.428571428572,46.839285714285715,0.8530259365994236,882,-74,273,14407.25,14429.0,-123.83928571428623,-2476.7857142857247,-2481.2857142857247,14385.0,14492.5,14312.5,14632.628883253174,14369.322391050966,14658.357543096643,14343.711452129442,14650.0,14692.5,14375.0,10:00,in_va,inside_both,in_week_va,neg,pos
long,2022-04-12 11:25:00-04:00,2022-04-12,2022-04-12 12:05:00-04:00,sl,14177.625,14115.892857142857,14177.5,14116.017857142857,14275.964285714286,36.982142857142854,0.7637795275590551,471,1,102,14142.25,14159.25,-61.73214285714312,-1234.6428571428623,-1239.1428571428623,14257.5,14267.5,14097.5,14295.847970918585,13907.985487656988,14337.18667300801,13867.215960598094,15152.5,15267.5,14850.0,11:00,in_va,inside_both,below_week_val,pos,pos
long,2022-04-13 11:00:00-04:00,2022-04-13,2022-04-13 16:55:00-04:00,eod,14126.875,14212.125,14126.75,14023.80357142857,14271.392857142859,41.69642857142857,0.8101694915254237,798,-14,189,14075.5,14094.75,85.25,1705.0,1700.5,14045.0,14087.5,13990.0,14049.46757812991,13864.828494068319,14083.096992962144,13831.216543430884,15152.5,15267.5,14850.0,11:00,above_vah,outside_both,below_week_val,neg,pos
long,2022-04-13 11:10:00-04:00,2022-04-13,2022-04-13 15:30:00-04:00,tp,14147.125,14249.446428571428,14147.0,14082.339285714286,14249.571428571428,37.910714285714285,0.7876106194690266,438,-22,23,14127.0,14139.25,102.32142857142753,2046.4285714285506,2041.9285714285506,14045.0,14087.5,13985.0,14055.703743767785,13858.595566952794,14091.785938423827,13822.532110252183,15152.5,15267.5,14850.0,11:00,above_vah,outside_both,below_week_val,neg,pos
long,2022-04-13 15:05:00-04:00,2022-04-13,2022-04-13 16:55:00-04:00,eod,14223.875,14212.125,14223.75,14172.05357142857,14293.892857142859,18.446428571428573,0.9084507042253521,613,2,241,14187.25,14207.5,-11.75,-235.0,-239.5,14150.0,14212.5,14030.0,14113.790141319903,13800.539334426354,14162.899524144777,13751.455454746047,15152.5,15267.5,14850.0,15:00,above_vah,outside_both,below_week_val,pos,pos
long,2022-04-19 11:20:00-04:00,2022-04-19,2022-04-19 14:15:00-04:00,sl,14167.125,14106.160714285714,14167.0,14106.285714285714,14253.428571428572,25.714285714285715,0.8424657534246576,691,-53,139,14136.0,14151.25,-60.964285714286234,-1219.2857142857247,-1223.7857142857247,14137.5,14165.0,13912.5,14084.787606750451,13756.480097567786,14105.849518763927,13735.553168807099,14470.0,14820.0,14310.0,11:00,above_vah,outside_both,below_week_val,neg,pos
long,2022-04-14 11:20:00-04:00,2022-04-14,2022-04-14 12:20:00-04:00,sl,14078.625,13997.357142857143,14078.5,13997.482142857143,14193.785714285714,34.267857142857146,0.75,768,-17,1,14061.25,14069.75,-81.26785714285688,-1625.3571428571377,-1629.8571428571377,14060.0,14215.0,14017.5,14334.301170851935,14101.788210532355,14366.518015946818,14069.597412978985,15152.5,15267.5,14850.0,11:00,in_va,inside_90_only,below_week_val,neg,pos
long,2022-04-18 10:10:00-04:00,2022-04-18,2022-04-18 11:45:00-04:00,sl,13945.875,13840.357142857143,13945.75,13840.482142857143,14094.035714285714,43.017857142857146,0.7482517482517482,894,-131,425,13917.5,13938.5,-105.51785714285688,-2110.3571428571377,-2114.8571428571377,13857.5,13920.0,13802.5,13982.890929611032,13759.883102244405,13989.465758529594,13753.328150798143,14470.0,14820.0,14310.0,10:00,above_vah,inside_both,below_week_val,neg,pos
long,2022-04-18 13:05:00-04:00,2022-04-18,2022-04-18 13:30:00-04:00,tp,13845.125,13923.946428571428,13845.0,13789.214285714286,13924.071428571428,23.285714285714285,0.7553956834532374,250,-92,-22,13813.75,13822.5,78.82142857142753,1576.4285714285506,1571.9285714285506,13860.0,13927.5,13787.5,14033.494669284839,13709.432351256106,14048.956855586686,13694.016911293022,14470.0,14820.0,14310.0,13:00,in_va,inside_both,below_week_val,neg,neg
long,2022-04-18 16:00:00-04:00,2022-04-18,2022-04-18 16:55:00-04:00,eod,13960.375,13964.875,13960.25,13882.375,14069.75,31.625,0.9015544041450777,400,-62,47,13913.25,13934.0,4.5,90.0,85.5,13860.0,13970.0,13832.5,14078.173137849564,13664.88895769217,14141.519805872045,13601.733803647408,14470.0,14820.0,14310.0,16:00,in_va,inside_both,below_week_val,neg,pos
long,2022-04-19 15:05:00-04:00,2022-04-19,2022-04-19 16:00:00-04:00,sl,14176.625,14123.232142857143,14176.5,14123.357142857143,14252.785714285714,23.142857142857142,0.7461538461538462,494,-175,159,14157.75,14163.5,-53.39285714285688,-1067.8571428571377,-1072.3571428571377,14160.0,14195.0,13955.0,14141.45090870916,13700.179943874402,14170.217446458268,13671.597767394795,14470.0,14820.0,14310.0,15:00,in_va,outside_both,below_week_val,neg,pos
long,2022-04-20 11:40:00-04:00,2022-04-20,2022-04-20 11:50:00-04:00,sl,14074.625,14021.482142857143,14074.5,14021.607142857143,14156.535714285714,29.142857142857142,0.8350515463917526,280,-32,13,14034.25,14069.0,-53.14285714285688,-1062.8571428571377,-1067.3571428571377,14100.0,14142.5,14032.5,14412.478506904865,13936.530774746221,14405.287065176994,13943.643623550603,14470.0,14820.0,14310.0,11:00,in_va,inside_both,below_week_val,neg,pos
long,2022-04-20 13:40:00-04:00,2022-04-20,2022-04-20 14:15:00-04:00,sl,14100.375,14043.410714285714,14100.25,14043.535714285714,14183.928571428572,26.964285714285715,0.8091603053435115,273,-14,101,14079.0,14082.25,-56.964285714286234,-1139.2857142857247,-1143.7857142857247,14100.0,14142.5,14032.5,14415.676835139542,13933.367399998722,14417.878918984055,13931.189382011053,14470.0,14820.0,14310.0,13:00,in_va,inside_both,below_week_val,neg,pos
long,2022-04-22 10:05:00-04:00,2022-04-22,2022-04-22 10:20:00-04:00,sl,13737.625,13623.660714285714,13737.5,13623.785714285714,13900.928571428572,49.714285714285715,0.7335329341317365,246,0,591,13702.75,13721.75,-113.96428571428623,-2279.2857142857247,-2283.7857142857247,13710.0,13740.0,13670.0,13823.996538600262,13617.075223112315,13817.746631534917,13623.320576677193,14470.0,14820.0,14310.0,10:00,in_va,inside_both,below_week_val,zero,pos
long,2022-04-22 15:30:00-04:00,2022-04-22,2022-04-22 15:50:00-04:00,sl,13496.625,13399.160714285714,13496.5,13399.285714285714,13628.178571428572,34.464285714285715,0.8671328671328671,1072,2,151,13467.25,13474.75,-97.46428571428623,-1949.2857142857247,-1953.7857142857247,13710.0,13777.5,13515.0,13951.145381762373,13490.019016898343,13944.864899305172,13496.294923578735,14470.0,14820.0,14310.0,15:00,below_val,inside_both,below_week_val,pos,pos
long,2022-04-22 14:15:00-04:00,2022-04-22,2022-04-22 14:50:00-04:00,sl,13469.875,13398.714285714286,13469.75,13398.839285714286,13564.321428571428,23.660714285714285,0.7857142857142857,707,-62,133,13420.0,13437.5,-71.16071428571377,-1423.2142857142753,-1427.7142857142753,13710.0,13760.0,13587.5,13906.574604068253,13534.55732162048,13896.83727683491,13544.287554520477,14470.0,14820.0,14310.0,14:00,below_val,outside_both,below_week_val,neg,pos
long,2022-04-25 14:45:00-04:00,2022-04-25,2022-04-25 15:00:00-04:00,sl,13480.625,13369.732142857143,13480.5,13369.857142857143,13632.035714285714,40.892857142857146,0.8108108108108109,425,-108,-21,13447.0,13466.75,-110.89285714285688,-2217.8571428571377,-2222.3571428571377,13315.0,13357.5,13245.0,13526.62621965641,13078.539991771324,13504.150914231552,13100.97098967732,14052.5,14205.0,13980.0,14:00,above_vah,inside_both,below_week_val,neg,neg
long,2022-04-25 12:45:00-04:00,2022-04-25,2022-04-25 16:00:00-04:00,tp,13399.125,13547.053571428572,13399.0,13295.160714285714,13547.178571428572,44.339285714285715,0.8007518796992481,400,-56,112,13340.0,13374.0,147.92857142857247,2958.5714285714494,2954.0714285714494,13315.0,13340.0,13245.0,13485.819448021282,13119.266317478365,13476.905025852137,13128.163165873944,14052.5,14205.0,13980.0,12:00,above_vah,inside_both,below_week_val,neg,pos
long,2022-04-25 12:20:00-04:00,2022-04-25,2022-04-25 14:50:00-04:00,tp,13358.625,13491.732142857141,13358.5,13272.57142857143,13491.857142857141,47.42857142857143,0.7814207650273224,239,-22,194,13310.0,13356.75,133.1071428571413,2662.142857142826,2657.642857142826,13315.0,13335.0,13245.0,13481.35113785718,13123.725818875104,13470.466542938784,13134.588956047523,14052.5,14205.0,13980.0,12:00,above_vah,inside_both,below_week_val,neg,pos
long,2022-04-27 12:20:00-04:00,2022-04-27,2022-04-27 14:55:00-04:00,sl,13194.625,13049.42857142857,13194.5,13049.55357142857,13391.392857142859,51.94642857142857,0.7594339622641509,1236,-44,166,13136.25,13165.75,-145.19642857142935,-2903.928571428587,-2908.428571428587,13110.0,13140.0,13000.0,13192.78465799634,12650.164914140225,13177.139011480602,12665.55920446614,14052.5,14205.0,13980.0,12:00,above_vah,outside_both,below_week_val,neg,pos
long,2022-05-04 15:30:00-04:00,2022-05-04,2022-05-04 16:55:00-04:00,eod,13506.375,13495.625,13506.25,13368.732142857143,13736.035714285714,92.26785714285714,0.8358974358974359,1558,-40,41,13475.75,13494.5,-10.75,-215.0,-219.5,13107.5,13152.5,12947.5,13363.4749995257,12864.538339300856,13338.300185516258,12889.685812322596,14090.0,14255.0,13785.0,15:00,above_vah,outside_both,below_week_val,neg,pos
long,2022-04-29 09:55:00-04:00,2022-04-29,2022-04-29 10:15:00-04:00,sl,13424.125,13284.017857142857,13424.0,13284.142857142857,13614.964285714286,51.107142857142854,0.9002557544757033,1467,2,87,13315.0,13374.25,-140.10714285714312,-2802.1428571428623,-2806.6428571428623,13285.0,13350.0,13270.0,13407.81864482149,13187.835118495223,13392.609255384403,13203.021078981044,14052.5,14205.0,13980.0,09:00,above_vah,outside_both,below_week_val,pos,pos
long,2022-05-04 14:50:00-04:00,2022-05-04,2022-05-04 16:55:00-04:00,eod,13334.375,13495.625,13334.25,13127.535714285714,13648.428571428572,107.46428571428571,0.7654320987654321,960,-73,45,13266.25,13293.75,161.25,3225.0,3220.5,13107.5,13152.5,12967.5,13348.182287245534,12879.814443003168,13315.56445987934,12912.396845932204,14090.0,14255.0,13785.0,14:00,above_vah,inside_14_only,below_week_val,neg,pos
long,2022-05-02 10:25:00-04:00,2022-05-02,2022-05-02 12:55:00-04:00,sl,12982.375,12820.410714285714,12982.25,12820.535714285714,13223.178571428572,79.21428571428571,0.7433862433862434,1190,-56,301,12951.0,12972.5,-161.96428571428623,-3239.2857142857247,-3243.7857142857247,12860.0,12952.5,12845.0,13017.88231259042,12713.859310702033,12999.721299032106,12731.950233075017,14090.0,14255.0,13785.0,10:00,above_vah,inside_both,below_week_val,neg,pos
long,2022-05-05 14:15:00-04:00,2022-05-05,2022-05-05 14:25:00-04:00,sl,12891.625,12786.535714285714,12891.5,12786.660714285714,13039.428571428572,43.089285714285715,0.9051383399209486,828,-38,15,12842.0,12854.0,-105.08928571428623,-2101.7857142857247,-2106.2857142857247,12900.0,13107.5,12797.5,13695.512720997316,13144.266771363878,13667.394895927277,13172.063743938814,14090.0,14255.0,13785.0,14:00,in_va,outside_both,below_week_val,neg,pos
long,2022-05-05 15:55:00-04:00,2022-05-05,2022-05-05 16:55:00-04:00,eod,12860.125,12896.875,12860.0,12737.44642857143,13041.607142857141,59.05357142857143,0.756838905775076,1194,-49,95,12783.5,12819.0,36.75,735.0,730.5,12900.0,13037.5,12707.5,13804.297617993028,13036.723218801586,13754.908982422898,13085.548280663123,14090.0,14255.0,13785.0,15:00,in_va,outside_both,below_week_val,neg,pos
long,2022-05-06 12:55:00-04:00,2022-05-06,2022-05-06 13:35:00-04:00,sl,12862.875,12742.214285714286,12862.75,12742.339285714286,13050.821428571428,67.66071428571429,0.7567567567567568,708,-59,104,12801.0,12828.0,-120.66071428571377,-2413.2142857142753,-2417.7142857142753,12800.0,12875.0,12715.0,13067.241745775287,12590.826568598643,13055.46298757281,12602.479520494038,14090.0,14255.0,13785.0,12:00,in_va,inside_both,below_week_val,neg,pos
long,2022-05-06 15:35:00-04:00,2022-05-06,2022-05-06 16:55:00-04:00,eod,12710.375,12663.375,12710.25,12579.142857142857,12893.214285714286,51.857142857142854,0.8742857142857143,453,-8,159,12687.75,12706.5,-47.0,-940.0,-944.5,12800.0,12885.0,12685.0,13185.88742169576,12473.448120859764,13136.454165041998,12522.353391849878,14090.0,14255.0,13785.0,15:00,in_va,inside_both,below_week_val,neg,pos
long,2022-05-17 15:00:00-04:00,2022-05-17,2022-05-17 16:55:00-04:00,eod,12557.125,12573.625,12557.0,12460.82142857143,12705.607142857141,52.42857142857143,0.7534883720930232,1001,-40,388,12513.5,12555.75,16.5,330.0,325.5,12475.0,12517.5,12417.5,12681.607323116881,12049.525106188665,12686.953031768968,12044.287997958534,13070.0,13145.0,12790.0,15:00,above_vah,inside_both,below_week_val,neg,pos
long,2022-05-09 14:55:00-04:00,2022-05-09,2022-05-09 15:25:00-04:00,sl,12294.375,12223.589285714286,12294.25,12223.714285714286,12407.321428571428,42.535714285714285,0.7801418439716312,671,-3,414,12235.75,12285.25,-70.78571428571377,-1415.7142857142753,-1420.2142857142753,12282.5,12442.5,12230.0,12897.030351342457,12220.406848484734,12860.191972725737,12256.624151266598,13120.0,13332.5,13000.0,14:00,in_va,inside_both,below_week_val,neg,pos
long,2022-05-11 09:40:00-04:00,2022-05-11,2022-05-11 13:05:00-04:00,sl,12337.125,12088.535714285714,12337.0,12088.660714285714,12659.428571428572,74.08928571428571,0.819672131147541,1144,-70,32,12245.75,12320.5,-248.58928571428623,-4971.785714285725,-4976.285714285725,12192.5,12417.5,12110.0,12401.582778490261,12178.651708534975,12390.713108168777,12189.443167109412,13120.0,13332.5,13000.0,09:00,in_va,inside_both,below_week_val,neg,pos
long,2022-05-13 12:05:00-04:00,2022-05-13,2022-05-13 12:50:00-04:00,sl,12408.875,12347.660714285714,12408.75,12347.785714285714,12499.428571428572,29.714285714285715,0.8,347,-68,37,12364.0,12391.25,-61.214285714286234,-1224.2857142857247,-1228.7857142857247,12327.5,12377.5,12145.0,12272.314059983277,11732.21492897191,12277.421576744839,11727.214799242625,13120.0,13332.5,13000.0,12:00,above_vah,outside_both,below_week_val,neg,pos
long,2022-05-11 12:20:00-04:00,2022-05-11,2022-05-11 12:50:00-04:00,sl,12298.125,12172.30357142857,12298.0,12172.42857142857,12476.142857142859,52.57142857142857,0.7899408284023669,960,-104,313,12252.5,12268.25,-125.82142857142935,-2516.428571428587,-2520.928571428587,12272.5,12420.0,12220.0,12474.943584522292,12105.818763664778,12484.372907941268,12096.457288104682,13120.0,13332.5,13000.0,12:00,in_va,inside_both,below_week_val,neg,pos
long,2022-05-11 14:00:00-04:00,2022-05-11,2022-05-11 15:45:00-04:00,sl,12071.875,11962.785714285714,12071.75,11962.910714285714,12223.928571428572,43.339285714285715,0.9621212121212122,985,-6,2,12038.75,12066.5,-109.08928571428623,-2181.7857142857247,-2186.2857142857247,12272.5,12422.5,12180.0,12519.331783932987,12061.749955599134,12500.377631578318,12080.567725034574,13120.0,13332.5,13000.0,14:00,below_val,inside_14_only,below_week_val,neg,pos
long,2022-05-12 15:15:00-04:00,2022-05-12,2022-05-12 16:55:00-04:00,eod,11814.125,11873.125,11814.0,11699.535714285714,11974.178571428572,45.714285714285715,0.7933130699088146,324,-10,111,11757.5,11773.0,59.0,1180.0,1175.5,11850.0,11952.5,11727.5,12243.354098178159,11564.137664971711,12218.081049584776,11588.948343966924,13120.0,13332.5,13000.0,15:00,in_va,inside_both,below_week_val,neg,pos
long,2022-05-17 11:30:00-04:00,2022-05-17,2022-05-17 14:20:00-04:00,sl,12475.625,12406.285714285714,12475.5,12406.410714285714,12577.428571428572,32.839285714285715,0.922077922077922,408,-1,65,12455.0,12467.0,-69.33928571428623,-1386.7857142857247,-1391.2857142857247,12490.0,12530.0,12390.0,12688.952156255304,12042.329486565222,12636.525648209199,12093.690927046642,13070.0,13145.0,12790.0,11:00,in_va,inside_both,below_week_val,neg,pos
long,2022-05-17 14:05:00-04:00,2022-05-17,2022-05-17 14:10:00-04:00,sl,12520.625,12443.982142857143,12520.5,12444.107142857143,12623.035714285714,26.142857142857142,0.7164750957854407,789,-30,69,12478.75,12500.75,-76.64285714285688,-1532.8571428571377,-1537.3571428571377,12475.0,12520.0,12422.5,12651.140099756694,12079.373374508808,12659.983488936861,12070.709642668577,13070.0,13145.0,12790.0,14:00,above_vah,inside_both,below_week_val,neg,pos
long,2022-05-17 14:35:00-04:00,2022-05-17,2022-05-17 16:55:00-04:00,eod,12454.625,12573.625,12454.5,12340.732142857143,12612.035714285714,43.767857142857146,0.7907801418439716,494,-154,13,12420.25,12448.5,119.0,2380.0,2375.5,12475.0,12517.5,12420.0,12655.496272819066,12075.105699017755,12669.877207167789,12061.016919674117,13070.0,13145.0,12790.0,14:00,in_va,inside_both,below_week_val,neg,pos
long,2022-05-18 15:35:00-04:00,2022-05-18,2022-05-18 16:20:00-04:00,sl,11965.375,11874.44642857143,11965.25,11874.57142857143,12091.857142857141,35.92857142857143,0.7210144927536232,837,-38,225,11915.5,11930.75,-90.92857142857065,-1818.571428571413,-1823.071428571413,12330.0,12447.5,11997.5,12812.014128062772,12133.879959088388,12805.21908107481,12140.563950730406,13070.0,13145.0,12790.0,15:00,below_val,outside_both,below_week_val,neg,pos
long,2022-05-20 15:50:00-04:00,2022-05-20,2022-05-20 16:55:00-04:00,eod,11817.625,11837.875,11817.5,11716.392857142857,11974.214285714286,55.607142857142854,0.740909090909091,665,42,140,11782.75,11792.0,20.25,405.0,400.5,11567.5,11917.5,11490.0,12284.076418842244,11642.915079786317,12255.728830696966,11670.961536683837,13070.0,13145.0,12790.0,15:00,in_va,inside_both,below_week_val,pos,pos
long,2022-05-20 13:30:00-04:00,2022-05-20,2022-05-20 15:35:00-04:00,tp,11580.375,11750.089285714286,11580.25,11450.767857142857,11750.214285714286,40.482142857142854,0.8601583113456465,682,-149,-5,11537.5,11543.75,169.71428571428623,3394.2857142857247,3389.7857142857247,11980.0,12097.5,11750.0,12192.860371351244,11733.16215587644,12179.759229155752,11746.124127032892,13070.0,13145.0,12790.0,13:00,below_val,outside_both,below_week_val,neg,neg
long,2022-05-20 15:25:00-04:00,2022-05-20,2022-05-20 15:55:00-04:00,tp,11676.125,11845.517857142859,11676.0,11552.42857142857,11845.642857142859,46.07142857142857,0.8526645768025078,892,-157,71,11593.75,11636.0,169.3928571428587,3387.857142857174,3383.357142857174,11567.5,11932.5,11490.0,12274.501486908377,11652.388298968266,12241.674202723325,11684.866864913289,13070.0,13145.0,12790.0,15:00,in_va,inside_14_only,below_week_val,neg,pos
long,2022-05-20 14:40:00-04:00,2022-05-20,2022-05-20 15:30:00-04:00,tp,11577.875,11706.410714285714,11577.75,11490.232142857143,11706.535714285714,41.267857142857146,0.8028846153846154,613,-72,74,11549.5,11565.25,128.53571428571377,2570.7142857142753,2566.2142857142753,11980.0,12097.5,11642.5,12208.411677542168,11717.776048368858,12207.61261694289,11718.566620693435,13070.0,13145.0,12790.0,14:00,below_val,outside_both,below_week_val,neg,pos
long,2022-05-23 11:00:00-04:00,2022-05-23,2022-05-23 16:55:00-04:00,eod,11939.625,12055.875,11939.5,11798.80357142857,12143.642857142859,63.44642857142857,0.7315634218289085,630,-80,45,11915.5,11937.0,116.25,2325.0,2320.5,11915.0,11955.0,11842.5,12058.360668666784,11665.072248412682,12009.650114637372,11713.591194002633,12282.5,12517.5,12112.5,11:00,in_va,inside_both,below_week_val,neg,pos
long,2022-05-23 15:05:00-04:00,2022-05-23,2022-05-23 15:20:00-04:00,sl,12033.375,11975.964285714286,12033.25,11976.089285714286,12118.821428571428,28.410714285714285,0.85,510,-60,21,12008.25,12015.0,-57.410714285713766,-1148.2142857142753,-1152.7142857142753,11915.0,12020.0,11885.0,12111.337049811927,11612.304255817446,12086.042504155708,11637.49930253516,12282.5,12517.5,12112.5,15:00,above_vah,inside_both,below_week_val,neg,pos
long,2022-05-24 11:45:00-04:00,2022-05-24,2022-05-24 16:55:00-04:00,eod,11722.625,11810.625,11722.5,11622.732142857143,11864.285714285714,42.017857142857146,0.8413284132841329,389,-5,196,11625.75,11674.25,88.0,1760.0,1755.5,11647.5,11800.0,11577.5,12219.198202500953,11656.543832129024,12198.934940500982,11676.404551722806,12282.5,12517.5,12112.5,11:00,in_va,inside_both,below_week_val,neg,pos
long,2022-05-25 14:50:00-04:00,2022-05-25,2022-05-25 16:20:00-04:00,sl,11972.375,11877.125,11972.25,11877.25,12118.0,50.75,0.91005291005291,414,-42,97,11936.5,11964.25,-95.25,-1905.0,-1909.5,11860.0,11892.5,11782.5,11997.309060213576,11532.16783770823,12000.267967214493,11529.232354944095,12282.5,12517.5,12112.5,14:00,above_vah,inside_both,below_week_val,neg,pos
long,2022-05-26 14:20:00-04:00,2022-05-26,2022-05-26 14:35:00-04:00,sl,12330.375,12293.732142857143,12330.25,12293.857142857143,12385.785714285714,19.142857142857142,0.8767123287671232,338,-5,57,12319.0,12324.5,-36.64285714285688,-732.8571428571377,-737.3571428571377,12295.0,12342.5,11990.0,12097.693929118368,11708.862266222864,12082.029495815188,11724.500730201966,12282.5,12517.5,12112.5,14:00,in_va,outside_both,in_week_va,neg,pos
long,2022-05-31 10:40:00-04:00,2022-05-31,2022-05-31 13:55:00-04:00,tp,12631.125,12760.053571428572,12631.0,12546.785714285714,12760.178571428572,44.964285714285715,0.7071823204419889,571,-131,100,12575.25,12622.5,128.92857142857247,2578.5714285714494,2574.0714285714494,12670.0,12695.0,12527.5,12958.82453248261,12529.473544719054,12946.408991045206,12541.759939326126,11942.5,12350.0,11700.0,10:00,in_va,inside_both,above_week_vah,neg,pos
long,2022-06-01 09:30:00-04:00,2022-06-01,2022-06-01 10:05:00-04:00,sl,12788.375,12710.42857142857,12788.25,12710.55357142857,12886.892857142859,20.946428571428573,0.8171641791044776,222,-33,165,12758.0,12767.0,-77.94642857142935,-1558.928571428587,-1563.428571428587,12702.5,12710.0,12632.5,12737.710332811195,12649.066201857837,12738.24477010426,12648.535132734778,11942.5,12350.0,11700.0,09:00,above_vah,outside_both,above_week_vah,neg,pos
long,2022-06-02 11:10:00-04:00,2022-06-02,2022-06-02 13:30:00-04:00,tp,12683.375,12814.267857142859,12683.25,12598.55357142857,12814.392857142859,46.44642857142857,0.8757396449704142,694,-15,111,12650.5,12665.5,130.8928571428587,2617.857142857174,2613.357142857174,12555.0,12607.5,12500.0,12703.368983227347,12348.188205507531,12699.84332935585,12351.70121557729,11942.5,12350.0,11700.0,11:00,above_vah,inside_both,above_week_vah,neg,pos
long,2022-06-01 14:40:00-04:00,2022-06-01,2022-06-01 15:00:00-04:00,sl,12654.625,12590.589285714286,12654.5,12590.714285714286,12751.071428571428,32.785714285714285,0.8560606060606061,476,-42,54,12637.25,12652.5,-64.03571428571377,-1280.7142857142753,-1285.2142857142753,12635.0,12722.5,12510.0,12997.053364420275,12391.357620972172,12940.176572458206,12447.875959833762,11942.5,12350.0,11700.0,14:00,in_va,inside_both,above_week_vah,neg,pos
long,2022-06-02 10:10:00-04:00,2022-06-02,2022-06-02 12:50:00-04:00,tp,12618.875,12798.839285714286,12618.75,12489.017857142857,12798.964285714286,50.482142857142854,0.782258064516129,1072,-7,149,12562.25,12583.25,179.96428571428623,3599.2857142857247,3594.7857142857247,12557.5,12585.0,12477.5,12664.289015136905,12387.128023887733,12649.402756509056,12401.96089698496,11942.5,12350.0,11700.0,10:00,above_vah,inside_both,above_week_vah,neg,pos
long,2022-06-02 11:40:00-04:00,2022-06-02,2022-06-02 12:50:00-04:00,tp,12692.125,12800.625,12692.0,12617.875,12800.75,34.625,0.7435897435897436,528,-16,184,12683.5,12691.0,108.5,2170.0,2165.5,12555.0,12620.0,12500.0,12723.353485431899,12328.27537230196,12706.4810828132,12345.087266623093,11942.5,12350.0,11700.0,11:00,above_vah,inside_both,above_week_vah,neg,pos
long,2022-06-02 15:50:00-04:00,2022-06-02,2022-06-02 16:55:00-04:00,eod,12882.875,12896.625,12882.75,12829.07142857143,12962.857142857141,26.428571428571427,0.7162162162162162,268,-8,96,12862.75,12866.75,13.75,275.0,270.5,12847.5,12867.5,12567.5,12771.159353408217,12280.640947110063,12793.585457601122,12258.295268059705,11942.5,12350.0,11700.0,15:00,above_vah,outside_both,above_week_vah,neg,pos
long,2022-06-03 15:25:00-04:00,2022-06-03,2022-06-03 16:55:00-04:00,eod,12551.875,12549.375,12551.75,12493.25,12636.0,25.75,0.849624060150376,357,-9,5,12522.75,12532.0,-2.5,-50.0,-54.5,12570.0,12682.5,12512.5,13166.371746543977,12439.387013019465,13138.80011851683,12466.548703684546,11942.5,12350.0,11700.0,15:00,in_va,inside_both,above_week_vah,neg,pos
long,2022-06-06 12:35:00-04:00,2022-06-06,2022-06-06 13:55:00-04:00,tp,12588.875,12676.553571428572,12588.75,12533.035714285714,12676.678571428572,32.214285714285715,0.7422680412371134,419,8,30,12562.0,12585.5,87.67857142857247,1753.5714285714494,1749.0714285714494,12735.0,12802.5,12660.0,12966.999573356792,12327.398450273431,12915.11674259994,12378.499465427307,11860.0,12052.5,11595.0,12:00,below_val,inside_both,above_week_vah,pos,pos
long,2022-06-07 11:55:00-04:00,2022-06-07,2022-06-07 15:30:00-04:00,tp,12615.625,12709.303571428572,12615.5,12550.660714285714,12709.428571428572,29.089285714285715,0.7964071856287425,840,-17,217,12601.0,12613.0,93.67857142857247,1873.5714285714494,1869.0714285714494,12522.5,12587.5,12432.5,12783.41181060772,12265.428405734436,12766.856921007404,12281.763994835954,11860.0,12052.5,11595.0,11:00,above_vah,inside_both,above_week_vah,neg,pos
long,2022-06-07 14:05:00-04:00,2022-06-07,2022-06-07 16:55:00-04:00,eod,12688.125,12681.375,12688.0,12632.82142857143,12763.107142857141,19.928571428571427,0.8243243243243243,636,26,28,12657.75,12668.25,-6.75,-135.0,-139.5,12650.0,12685.0,12515.0,12837.058000648734,12212.492859890923,12795.806619762485,12253.197789026486,11860.0,12052.5,11595.0,14:00,above_vah,inside_both,above_week_vah,pos,pos
long,2022-06-13 12:35:00-04:00,2022-06-13,2022-06-13 12:50:00-04:00,sl,11549.375,11466.410714285714,11549.25,11466.535714285714,11671.928571428572,39.964285714285715,0.8028846153846154,344,-6,63,11513.0,11543.5,-82.96428571428623,-1659.2857142857247,-1663.7857142857247,11515.0,11602.5,11427.5,12061.462065640435,11327.27123806949,12051.772875974862,11336.63971643328,12542.5,12717.5,12510.0,12:00,in_va,inside_both,below_week_val,neg,pos
long,2022-06-14 13:15:00-04:00,2022-06-14,2022-06-14 13:35:00-04:00,sl,11433.625,11359.714285714286,11433.5,11359.839285714286,11535.321428571428,28.160714285714285,0.8522167487684729,903,-4,162,11393.5,11402.5,-73.91071428571377,-1478.2142857142753,-1482.7142857142753,11332.5,11402.5,11300.0,11560.11683608107,11215.078430252666,11580.955235869247,11194.339526087464,12542.5,12717.5,12510.0,13:00,above_vah,inside_both,below_week_val,neg,pos
long,2022-06-15 14:40:00-04:00,2022-06-15,2022-06-15 16:55:00-04:00,eod,11718.875,11626.625,11718.75,11448.57142857143,12082.107142857141,93.17857142857143,0.7973856209150327,1432,-53,53,11543.25,11574.0,-92.25,-1845.0,-1849.5,11500.0,11565.0,11465.0,11633.504794982731,11216.09496119825,11657.518096255293,11192.342980837982,12542.5,12717.5,12510.0,14:00,above_vah,outside_both,below_week_val,neg,pos
long,2022-06-15 15:20:00-04:00,2022-06-15,2022-06-15 16:55:00-04:00,eod,11708.375,11626.625,11708.25,11525.910714285714,11994.928571428572,104.33928571428571,0.9014492753623189,399,-5,27,11621.0,11664.25,-81.75,-1635.0,-1639.5,11500.0,11570.0,11427.5,11643.109824061394,11206.594457313062,11681.811430810056,11168.31401461294,12542.5,12717.5,12510.0,15:00,above_vah,outside_both,below_week_val,neg,pos
long,2022-06-16 11:10:00-04:00,2022-06-16,2022-06-16 13:55:00-04:00,sl,11216.125,11136.69642857143,11216.0,11136.82142857143,11328.607142857141,33.42857142857143,0.8702702702702703,1603,-13,5,11150.5,11177.0,-79.42857142857065,-1588.571428571413,-1593.071428571413,11300.0,11397.5,11192.5,11735.85291229551,11223.186417541276,11763.209911754648,11196.52882832913,12542.5,12717.5,12510.0,11:00,in_va,inside_90_only,below_week_val,neg,pos
long,2022-06-21 14:50:00-04:00,2022-06-21,2022-06-21 15:55:00-04:00,sl,11611.625,11563.94642857143,11611.5,11564.07142857143,11678.357142857141,19.428571428571427,0.9,364,-11,108,11593.25,11607.0,-47.67857142857065,-953.571428571413,-958.071428571413,11625.0,11677.5,11565.0,11643.891410037024,11258.461189714928,11658.756821580775,11243.673466884251,12597.5,12777.5,12562.5,14:00,in_va,inside_both,below_week_val,neg,pos
long,2022-06-23 15:45:00-04:00,2022-06-23,2022-06-23 16:40:00-04:00,sl,11748.125,11700.660714285714,11748.0,11700.785714285714,11817.178571428572,21.964285714285715,0.8981481481481481,514,-4,118,11740.25,11745.75,-47.464285714286234,-949.2857142857247,-953.7857142857247,11662.5,11690.0,11572.5,11816.377661240624,11391.17211880307,11864.213976072735,11343.813705626266,12597.5,12777.5,12562.5,15:00,above_vah,inside_both,below_week_val,neg,pos
long,2022-06-23 13:50:00-04:00,2022-06-23,2022-06-23 15:05:00-04:00,tp,11611.375,11690.410714285714,11611.25,11560.607142857143,11690.535714285714,28.642857142857142,0.7961165048543689,253,-9,109,11589.25,11608.25,79.03571428571377,1580.7142857142753,1576.2142857142753,11585.0,11682.5,11567.5,11779.259142673729,11427.919810279125,11822.9068571466,11384.708151866807,12597.5,12777.5,12562.5,13:00,in_va,inside_both,below_week_val,neg,pos
long,2022-06-24 14:45:00-04:00,2022-06-24,2022-06-24 15:50:00-04:00,tp,12055.875,12098.053571428572,12055.75,12026.660714285714,12098.178571428572,13.339285714285714,0.9230769230769231,241,-10,19,12039.0,12041.75,42.17857142857247,843.5714285714494,839.0714285714494,12020.0,12082.5,11912.5,11995.471894853441,11544.017595084433,12030.993367409787,11508.98025416384,12597.5,12777.5,12562.5,14:00,in_va,outside_both,below_week_val,neg,pos
long,2022-06-27 10:00:00-04:00,2022-06-27,2022-06-27 10:15:00-04:00,sl,12115.375,12025.017857142857,12115.25,12025.142857142857,12240.464285714286,35.107142857142854,0.831275720164609,901,-45,269,12073.5,12089.0,-90.35714285714312,-1807.1428571428623,-1811.6428571428623,12187.5,12230.0,12095.0,12262.478377004461,12059.610712232268,12275.28214476897,12046.866031508269,11327.5,11587.5,11272.5,10:00,in_va,inside_both,above_week_vah,neg,pos
long,2022-07-07 09:30:00-04:00,2022-07-07,2022-07-07 12:30:00-04:00,tp,11990.125,12099.803571428572,11990.0,11899.160714285714,12099.928571428572,19.089285714285715,0.9531772575250836,883,-30,95,11969.75,11982.0,109.67857142857247,2193.5714285714494,2189.0714285714494,11920.0,11942.5,11902.5,11925.544168454458,11895.715094701272,11923.89274721229,11897.364264399012,11662.5,11745.0,11437.5,09:00,above_vah,outside_both,above_week_vah,neg,pos
long,2022-07-05 14:30:00-04:00,2022-07-05,2022-07-05 16:55:00-04:00,eod,11746.375,11811.375,11746.25,11690.30357142857,11826.392857142859,24.196428571428573,0.9398496240601504,511,-7,33,11723.25,11738.75,65.0,1300.0,1295.5,11495.0,11592.5,11400.0,,,11725.049693941766,11282.952949639253,11662.5,11745.0,11437.5,14:00,above_vah,outside_both,above_week_vah,neg,pos
long,2022-06-29 09:50:00-04:00,2022-06-29,2022-06-29 16:55:00-04:00,eod,11704.875,11690.875,11704.75,11569.25,11881.5,41.25,0.8078703703703703,754,-2,221,11595.75,11638.5,-14.0,-280.0,-284.5,11680.0,11712.5,11630.0,11763.45282358038,11586.12884736446,11752.71045409718,11596.860640481143,11327.5,11587.5,11272.5,09:00,in_va,inside_both,above_week_vah,neg,pos
long,2022-07-01 11:05:00-04:00,2022-07-01,2022-07-01 16:55:00-04:00,eod,11500.375,11610.375,11500.25,11384.732142857143,11668.535714285714,52.767857142857146,0.7672131147540984,271,-23,7,11457.75,11491.0,110.0,2200.0,2195.5,11487.5,11512.5,11415.0,11812.905120952519,11360.047638161432,11822.579111967578,11350.548450893011,11327.5,11587.5,11272.5,11:00,in_va,inside_both,in_week_va,neg,pos
long,2022-07-01 12:15:00-04:00,2022-07-01,2022-07-01 15:10:00-04:00,tp,11484.875,11588.839285714286,11484.75,11410.892857142857,11588.964285714286,30.357142857142858,0.7560975609756098,407,-20,105,11449.75,11457.5,103.96428571428623,2079.2857142857247,2074.7857142857247,11500.0,11515.0,11425.0,11819.555901907792,11353.517033194255,11840.022911285394,11333.419851524377,11327.5,11587.5,11272.5,12:00,in_va,inside_both,in_week_va,neg,pos
long,2022-07-05 10:10:00-04:00,2022-07-05,2022-07-05 13:15:00-04:00,tp,11507.875,11657.267857142859,11507.75,11400.42857142857,11657.392857142859,42.32142857142857,0.8507462686567164,545,49,44,11465.75,11477.0,149.3928571428587,2987.857142857174,2983.357142857174,11450.0,11540.0,11390.0,11654.04284420623,11353.336015815144,11647.800650816478,11359.523372557062,11662.5,11745.0,11437.5,10:00,in_va,inside_both,in_week_va,pos,pos
long,2022-07-05 13:00:00-04:00,2022-07-05,2022-07-05 14:25:00-04:00,tp,11612.875,11703.482142857141,11612.75,11551.07142857143,11703.607142857141,29.178571428571427,0.8455882352941176,205,-44,57,11588.5,11596.25,90.6071428571413,1812.142857142826,1807.642857142826,11495.0,11572.5,11400.0,11683.29704832532,11324.338805093845,11705.302801936621,11302.526368428322,11662.5,11745.0,11437.5,13:00,above_vah,inside_both,in_week_va,neg,pos
long,2022-07-06 11:15:00-04:00,2022-07-06,2022-07-06 11:30:00-04:00,sl,11833.625,11767.589285714286,11833.5,11767.714285714286,11943.071428571428,43.785714285714285,0.8131868131868132,430,-4,5,11809.25,11823.5,-66.03571428571377,-1320.7142857142753,-1325.2142857142753,11810.0,11840.0,11780.0,11921.418306675563,11715.69524930883,11963.107491599274,11674.055419472763,11662.5,11745.0,11437.5,11:00,in_va,inside_both,above_week_vah,neg,pos
long,2022-07-06 14:40:00-04:00,2022-07-06,2022-07-06 15:50:00-04:00,sl,11925.125,11849.80357142857,11925.0,11849.92857142857,12040.392857142859,40.32142857142857,0.8675496688741722,440,-8,248,11850.0,11911.5,-75.32142857142935,-1506.428571428587,-1510.928571428587,11810.0,11850.0,11785.0,,,12009.317884089991,11627.899734647252,11662.5,11745.0,11437.5,14:00,above_vah,inside_90_only,above_week_vah,neg,pos
long,2022-07-07 13:30:00-04:00,2022-07-07,2022-07-07 14:25:00-04:00,tp,12100.875,12145.910714285714,12100.75,12069.357142857143,12146.035714285714,13.892857142857142,0.7397260273972602,272,-81,16,12090.0,12098.25,45.035714285713766,900.7142857142753,896.2142857142753,12087.5,12112.5,11982.5,12073.989305455167,11747.472347504552,12082.145438720912,11739.327334294649,11662.5,11745.0,11437.5,13:00,in_va,outside_both,above_week_vah,neg,pos
long,2022-07-12 10:30:00-04:00,2022-07-12,2022-07-12 15:00:00-04:00,sl,11893.875,11786.892857142857,11893.75,11787.017857142857,12050.964285714286,50.482142857142854,0.7672727272727272,830,-45,121,11840.5,11868.25,-106.98214285714312,-2139.6428571428623,-2144.1428571428623,11830.0,11922.5,11790.0,12042.092504722597,11802.262456361095,12057.082502432077,11787.326426910628,11680.0,12020.0,11385.0,10:00,in_va,inside_both,in_week_va,neg,pos
long,2022-07-12 15:50:00-04:00,2022-07-12,2022-07-12 16:55:00-04:00,eod,11783.875,11780.625,11783.75,11711.357142857143,11884.285714285714,28.142857142857142,0.7209302325581395,772,-94,182,11751.25,11764.25,-3.25,-65.0,-69.5,11882.5,11927.5,11810.0,12153.594691757082,11691.16170894167,12155.695219927647,11689.068743270484,11680.0,12020.0,11385.0,15:00,below_val,inside_both,in_week_va,neg,pos
long,2022-07-13 12:00:00-04:00,2022-07-13,2022-07-13 16:55:00-04:00,eod,11774.875,11732.625,11774.75,11706.285714285714,11875.178571428572,31.964285714285715,0.7417218543046358,320,-90,28,11743.0,11762.25,-42.25,-845.0,-849.5,11800.0,11842.5,11620.0,11906.766132205694,11421.010982895941,11921.872142252443,11406.207907286604,11680.0,12020.0,11385.0,12:00,in_va,inside_both,in_week_va,neg,pos
long,2022-07-14 11:05:00-04:00,2022-07-14,2022-07-14 14:05:00-04:00,tp,11630.375,11746.196428571428,11630.25,11550.214285714286,11746.321428571428,36.035714285714285,0.8095238095238095,311,1,79,11602.75,11629.5,115.82142857142753,2316.4285714285506,2311.9285714285506,11555.0,11655.0,11520.0,11839.234062549505,11551.451160158085,11862.754183700723,11528.082390492831,11680.0,12020.0,11385.0,11:00,in_va,inside_both,in_week_va,pos,pos
long,2022-07-14 14:15:00-04:00,2022-07-14,2022-07-14 16:55:00-04:00,eod,11778.375,11807.125,11778.25,11709.392857142857,11872.964285714286,25.857142857142858,0.7157360406091371,991,159,131,11726.75,11752.0,28.75,575.0,570.5,11650.0,11715.0,11582.5,11907.763952505047,11483.362258606083,11904.143913396512,11486.959002838934,11680.0,12020.0,11385.0,14:00,above_vah,inside_both,in_week_va,pos,pos
long,2022-07-15 13:25:00-04:00,2022-07-15,2022-07-15 16:55:00-04:00,eod,11976.375,12019.125,11976.25,11945.5,12022.25,15.25,0.78125,767,68,8,11963.25,11967.0,42.75,855.0,850.5,11960.0,11992.5,11890.0,12083.822382949798,11648.741590851534,12089.538943327683,11643.080883647697,11680.0,12020.0,11385.0,13:00,in_va,inside_both,in_week_va,pos,pos
long,2022-07-18 09:45:00-04:00,2022-07-18,2022-07-18 10:45:00-04:00,sl,12164.375,12103.875,12164.25,12104.0,12248.75,24.25,0.7317073170731707,799,-122,228,12137.0,12158.0,-60.5,-1210.0,-1214.5,12115.0,12157.5,12105.0,12195.573366512373,11948.544317343025,12197.240813080482,11946.891311411628,11810.0,11970.0,11492.5,09:00,above_vah,inside_both,above_week_vah,neg,pos
long,2022-07-19 11:30:00-04:00,2022-07-19,2022-07-19 13:55:00-04:00,tp,12188.375,12252.732142857141,12188.25,12146.19642857143,12252.857142857141,22.553571428571427,0.8131868131868132,584,2,269,12162.75,12186.5,64.3571428571413,1287.142857142826,1282.642857142826,12052.5,12140.0,11977.5,12125.086467655214,11835.27652459291,12180.72229233881,11780.227397830124,11810.0,11970.0,11492.5,11:00,above_vah,outside_both,above_week_vah,pos,pos
long,2022-07-18 14:10:00-04:00,2022-07-18,2022-07-18 14:45:00-04:00,sl,11997.625,11950.75,11997.5,11950.875,12068.5,24.375,0.8444444444444444,427,-49,10,11984.25,11994.5,-46.875,-937.5,-942.0,12130.0,12172.5,12110.0,12234.200218535581,11910.251986586076,12300.239802595746,11844.784327084237,11810.0,11970.0,11492.5,14:00,below_val,inside_both,above_week_vah,neg,pos
long,2022-07-19 15:05:00-04:00,2022-07-19,2022-07-19 16:55:00-04:00,eod,12270.375,12319.875,12270.25,12225.767857142857,12333.214285714286,18.482142857142858,0.8990825688073395,587,-23,76,12242.0,12254.0,49.5,990.0,985.5,12162.5,12280.0,12037.5,12222.853200607933,11738.540773732648,12243.861910656131,11717.753607385372,11810.0,11970.0,11492.5,15:00,in_va,outside_both,above_week_vah,neg,pos
long,2022-07-20 11:25:00-04:00,2022-07-20,2022-07-20 12:45:00-04:00,sl,12468.625,12416.214285714286,12468.5,12416.339285714286,12548.321428571428,27.660714285714285,0.7166666666666667,470,-65,-5,12454.0,12462.5,-52.410714285713766,-1048.2142857142753,-1052.7142857142753,12320.0,12357.5,12250.0,12416.544072895993,12177.816400103455,12464.803487667132,12129.737174705651,11810.0,11970.0,11492.5,11:00,above_vah,outside_both,above_week_vah,neg,neg
long,2022-07-21 12:00:00-04:00,2022-07-21,2022-07-21 16:55:00-04:00,eod,12562.125,12572.375,12562.0,12496.517857142857,12655.964285714286,28.482142857142858,0.8679245283018868,585,-54,30,12497.75,12541.25,10.25,205.0,200.5,12490.0,12515.0,12430.0,12593.813109324188,12317.926235340876,12635.65535839685,12276.269177164917,11810.0,11970.0,11492.5,12:00,above_vah,inside_both,above_week_vah,neg,pos
long,2022-07-21 10:55:00-04:00,2022-07-21,2022-07-21 12:25:00-04:00,tp,12477.625,12594.232142857141,12477.5,12404.69642857143,12594.357142857141,44.05357142857143,0.7388059701492538,602,-75,143,12454.5,12474.5,116.6071428571413,2332.142857142826,2327.642857142826,12465.0,12497.5,12420.0,12595.919517567698,12315.829149914378,12617.796110722315,12294.049381046047,11810.0,11970.0,11492.5,10:00,in_va,inside_both,above_week_vah,neg,pos
long,2022-07-27 14:35:00-04:00,2022-07-27,2022-07-27 16:55:00-04:00,eod,12527.375,12580.125,12527.25,12384.142857142857,12707.714285714286,37.357142857142854,0.9743589743589743,1850,-6,103,12487.5,12504.75,52.75,1055.0,1050.5,12435.0,12485.0,12340.0,12477.76440444194,12028.780360095463,12506.237877947251,12000.56712956928,11797.5,11995.0,11737.5,14:00,above_vah,outside_both,above_week_vah,neg,pos
long,2022-07-22 15:20:00-04:00,2022-07-22,2022-07-22 16:55:00-04:00,eod,12427.875,12428.875,12427.75,12376.357142857143,12502.535714285714,23.392857142857142,0.9380530973451328,242,-13,30,12393.75,12414.0,1.0,20.0,15.5,12570.0,12700.0,12437.5,12790.0935466368,12395.469683639947,12831.509804429794,12354.184775723006,11810.0,11970.0,11492.5,15:00,below_val,inside_both,above_week_vah,neg,pos
long,2022-07-25 12:45:00-04:00,2022-07-25,2022-07-25 13:25:00-04:00,sl,12403.125,12362.69642857143,12403.0,12362.82142857143,12463.857142857141,20.678571428571427,0.776595744680851,202,-7,148,12371.75,12389.5,-40.42857142857065,-808.571428571413,-813.071428571413,12367.5,12412.5,12322.5,12559.900343542527,12293.399682737288,12597.545154301506,12255.76925872311,11797.5,11995.0,11737.5,12:00,in_va,inside_both,above_week_vah,neg,pos
long,2022-08-01 10:05:00-04:00,2022-08-01,2022-08-01 13:15:00-04:00,sl,13042.625,12960.535714285714,13042.5,12960.660714285714,13162.178571428572,37.839285714285715,0.8277511961722488,595,-20,68,12995.75,13012.0,-82.08928571428623,-1641.7857142857247,-1646.2857142857247,12945.0,12962.5,12892.5,13025.685935875872,12848.614200894574,13079.891184747747,12794.743113994631,12422.5,12662.5,12212.5,10:00,above_vah,inside_90_only,above_week_vah,neg,pos
long,2022-08-02 10:50:00-04:00,2022-08-02,2022-08-02 16:05:00-04:00,sl,12997.875,12894.982142857143,12997.75,12895.107142857143,13148.035714285714,47.642857142857146,0.8461538461538461,1032,12,208,12968.0,12986.5,-102.89285714285688,-2057.8571428571377,-2062.3571428571377,12900.0,12917.5,12855.0,13079.86784641294,12762.29734614381,13120.77248538198,12721.768499489792,12422.5,12662.5,12212.5,10:00,above_vah,inside_both,above_week_vah,pos,pos
long,2022-08-02 10:40:00-04:00,2022-08-02,2022-08-02 12:40:00-04:00,tp,12941.375,13088.696428571428,12941.25,12841.839285714286,13088.821428571428,48.160714285714285,0.719047619047619,372,-252,19,12876.75,12909.75,147.32142857142753,2946.4285714285506,2941.9285714285506,12900.0,12912.5,12855.0,13071.844077771828,12770.247400148417,13119.123267507173,12723.402565943665,12422.5,12662.5,12212.5,10:00,above_vah,inside_both,above_week_vah,neg,pos
long,2022-08-03 11:35:00-04:00,2022-08-03,2022-08-03 15:40:00-04:00,tp,13209.375,13297.517857142859,13209.25,13148.92857142857,13297.642857142859,28.071428571428573,0.9398496240601504,1107,-9,48,13176.25,13192.0,88.1428571428587,1762.857142857174,1758.357142857174,13175.0,13190.0,13025.0,13108.235412503083,12806.161400824029,13145.435524395238,12769.171002111241,12422.5,12662.5,12212.5,11:00,above_vah,outside_both,above_week_vah,neg,pos
long,2022-08-08 11:00:00-04:00,2022-08-08,2022-08-08 11:15:00-04:00,sl,13355.375,13293.642857142857,13355.25,13293.767857142857,13448.964285714286,32.232142857142854,0.926829268292683,688,-5,37,13331.25,13337.25,-61.73214285714312,-1234.6428571428623,-1239.1428571428623,13370.0,13405.0,13287.5,,,13409.752781071913,13071.521014679538,12435.0,12577.5,12072.5,11:00,in_va,inside_90_only,above_week_vah,neg,pos
long,2022-08-10 11:00:00-04:00,2022-08-10,2022-08-10 16:55:00-04:00,eod,13368.625,13380.875,13368.5,13299.285714285714,13468.928571428572,31.214285714285715,0.967948717948718,496,-1,29,13341.5,13355.0,12.25,245.0,240.5,13325.0,13352.5,13275.0,13430.6457529789,12968.267297707915,13487.074948948994,12913.045674899968,12435.0,12577.5,12072.5,11:00,above_vah,inside_both,above_week_vah,neg,pos
long,2022-08-12 09:40:00-04:00,2022-08-12,2022-08-12 10:00:00-04:00,sl,13427.375,13368.875,13427.25,13369.0,13504.0,18.5,0.8651685393258427,481,1,117,13402.75,13416.25,-58.5,-1170.0,-1174.5,13385.0,13407.5,13357.5,13454.502785187562,13294.963529326462,13467.68460344803,13281.836543102407,12435.0,12577.5,12072.5,09:00,above_vah,inside_both,above_week_vah,pos,pos
long,2022-08-15 11:35:00-04:00,2022-08-15,2022-08-15 14:55:00-04:00,tp,13622.125,13682.910714285714,13622.0,13583.857142857143,13683.035714285714,22.892857142857142,0.8939393939393939,401,-13,53,13601.0,13610.0,60.785714285713766,1215.7142857142753,1211.2142857142753,13565.0,13597.5,13540.0,13662.970293999748,13452.304644382431,13729.14684925568,13386.34737815349,13270.0,13337.5,12985.0,11:00,above_vah,inside_both,above_week_vah,neg,pos
long,2022-08-16 13:35:00-04:00,2022-08-16,2022-08-16 14:35:00-04:00,sl,13698.125,13661.82142857143,13698.0,13661.94642857143,13748.357142857141,14.303571428571429,0.7755102040816326,1063,6,286,13685.5,13687.25,-36.30357142857065,-726.071428571413,-730.571428571413,13665.0,13682.5,13597.5,13794.09141389674,13526.472684077684,13860.483055129409,13460.26184069832,13270.0,13337.5,12985.0,13:00,above_vah,inside_both,above_week_vah,pos,pos
long,2022-08-16 11:50:00-04:00,2022-08-16,2022-08-16 14:40:00-04:00,sl,13672.125,13625.267857142857,13672.0,13625.392857142857,13741.464285714286,22.857142857142858,0.8383838383838383,439,-102,30,13640.5,13659.25,-46.85714285714312,-937.1428571428623,-941.6428571428623,13642.5,13677.5,13585.0,13774.420424585902,13546.090105310164,13831.644466870532,13489.021895654621,13270.0,13337.5,12985.0,11:00,in_va,inside_both,above_week_vah,neg,pos
long,2022-08-17 13:25:00-04:00,2022-08-17,2022-08-17 14:00:00-04:00,tp,13496.625,13558.232142857141,13496.5,13452.82142857143,13558.357142857141,18.178571428571427,0.8230088495575221,421,-19,116,13478.25,13483.75,61.6071428571413,1232.142857142826,1227.642857142826,13520.0,13557.5,13447.5,13770.248004984236,13411.644593598041,13846.550477440613,13336.158839888452,13270.0,13337.5,12985.0,13:00,in_va,inside_both,above_week_vah,neg,pos
long,2022-08-18 13:05:00-04:00,2022-08-18,2022-08-18 16:55:00-04:00,eod,13535.125,13539.875,13535.0,13481.92857142857,13608.892857142859,20.821428571428573,0.9624060150375939,493,-8,14,13511.75,13518.0,4.75,95.0,90.5,13510.0,13522.5,13445.0,13587.541622853456,13432.469707414155,13687.277939549296,13332.74815443924,13270.0,13337.5,12985.0,13:00,above_vah,inside_both,above_week_vah,neg,pos
long,2022-08-18 13:35:00-04:00,2022-08-18,2022-08-18 14:30:00-04:00,sl,13557.625,13523.44642857143,13557.5,13523.57142857143,13611.357142857141,19.928571428571427,0.85,256,-21,17,13537.0,13551.5,-34.17857142857065,-683.571428571413,-688.071428571413,13510.0,13532.5,13452.5,13592.012041421014,13427.999950591631,13688.103588772608,13331.922627434742,13270.0,13337.5,12985.0,13:00,above_vah,inside_both,above_week_vah,neg,pos
long,2022-08-25 10:20:00-04:00,2022-08-25,2022-08-25 11:15:00-04:00,sl,13092.625,13019.857142857143,13092.5,13019.982142857143,13192.535714285714,27.517857142857142,0.8895027624309392,1027,-65,7,13080.0,13084.0,-72.76785714285688,-1455.3571428571377,-1459.8571428571377,13055.0,13072.5,12987.5,13075.506875777635,12888.512688007148,13112.461271700544,12851.705311360362,13390.0,13575.0,13237.5,10:00,above_vah,inside_90_only,below_week_val,neg,pos
long,2022-08-23 10:05:00-04:00,2022-08-23,2022-08-23 10:55:00-04:00,sl,12994.375,12897.5,12994.25,12897.625,13126.75,35.875,0.9714285714285714,1044,-5,5,12948.0,12973.5,-96.875,-1937.5,-1942.0,12940.0,12952.5,12895.0,12997.951862878548,12834.222553574908,13028.119273348964,12804.136780663268,13390.0,13575.0,13237.5,10:00,above_vah,inside_both,below_week_val,neg,pos
long,2022-08-24 11:10:00-04:00,2022-08-24,2022-08-24 16:55:00-04:00,eod,12968.625,12955.875,12968.5,12909.017857142857,13053.714285714286,25.732142857142858,0.8088235294117647,599,-51,10,12952.5,12967.5,-12.75,-255.0,-259.5,12890.0,12927.5,12875.0,12951.656571739579,12828.601662610008,13027.77307206772,12752.49549537283,13390.0,13575.0,13237.5,11:00,above_vah,inside_90_only,below_week_val,neg,pos
long,2022-08-23 14:20:00-04:00,2022-08-23,2022-08-23 15:30:00-04:00,sl,12953.375,12915.94642857143,12953.25,12916.07142857143,13010.107142857141,19.678571428571427,0.863013698630137,246,-47,28,12928.75,12941.0,-37.42857142857065,-748.571428571413,-753.071428571413,12925.0,12952.5,12895.0,13033.047380085645,12799.222010126054,13109.004031453962,12723.470908902545,13390.0,13575.0,13237.5,14:00,above_vah,inside_both,below_week_val,neg,pos
long,2022-08-25 09:55:00-04:00,2022-08-25,2022-08-25 15:45:00-04:00,tp,13043.875,13130.517857142859,13043.75,12980.55357142857,13130.642857142859,23.696428571428573,0.8268156424581006,700,-56,133,13015.25,13020.5,86.6428571428587,1732.857142857174,1728.357142857174,12985.0,13022.5,12962.5,13056.107327480131,12907.835057190325,13088.577655208619,12875.493909332292,13390.0,13575.0,13237.5,09:00,above_vah,inside_both,below_week_val,neg,pos
long,2022-08-25 09:50:00-04:00,2022-08-25,2022-08-25 10:25:00-04:00,tp,13006.125,13092.732142857141,13006.0,12940.57142857143,13092.857142857141,21.428571428571427,0.73,777,-416,126,12975.5,13002.25,86.6071428571413,1732.142857142826,1727.642857142826,12985.0,13027.5,12962.5,13041.486801991361,12922.39741641713,13085.90805661621,12878.152887200351,13390.0,13575.0,13237.5,09:00,in_va,inside_both,below_week_val,neg,pos
long,2022-08-29 10:15:00-04:00,2022-08-29,2022-08-29 10:35:00-04:00,sl,12597.875,12502.92857142857,12597.75,12503.05357142857,12732.892857142859,40.44642857142857,0.7902621722846442,997,-10,513,12561.75,12587.5,-94.94642857142935,-1898.928571428587,-1903.428571428587,12480.0,12537.5,12415.0,12619.085077628746,12443.68044684043,12657.847046569552,12405.089772531064,13655.0,13685.0,13465.0,10:00,above_vah,inside_both,below_week_val,neg,pos
long,2022-08-29 12:00:00-04:00,2022-08-29,2022-08-29 16:55:00-04:00,eod,12547.875,12505.125,12547.75,12473.94642857143,12654.357142857141,32.80357142857143,0.8433734939759037,556,-97,22,12506.0,12522.25,-42.75,-855.0,-859.5,12465.0,12542.5,12450.0,12682.493581747247,12380.552153883533,12694.695674067443,12368.403984337743,13655.0,13685.0,13465.0,12:00,above_vah,inside_both,below_week_val,neg,pos
long,2022-08-29 13:40:00-04:00,2022-08-29,2022-08-29 14:15:00-04:00,sl,12594.875,12533.82142857143,12594.75,12533.94642857143,12680.607142857141,25.053571428571427,0.7350993377483444,305,-112,65,12579.25,12590.0,-61.05357142857065,-1221.071428571413,-1225.571428571413,12465.0,12552.5,12452.5,12696.870214434268,12366.239053572825,12720.235153736832,12342.977367246718,13655.0,13685.0,13465.0,13:00,above_vah,inside_both,below_week_val,neg,pos
long,2022-08-30 11:15:00-04:00,2022-08-30,2022-08-30 13:20:00-04:00,sl,12363.125,12269.82142857143,12363.0,12269.94642857143,12495.607142857141,39.55357142857143,0.7,508,-177,89,12345.5,12362.75,-93.30357142857065,-1866.071428571413,-1870.571428571413,12322.5,12542.5,12270.0,12663.7137398247,12405.500895853638,12690.311669531951,12379.026286033793,13655.0,13685.0,13465.0,11:00,in_va,outside_both,below_week_val,neg,pos
long,2022-08-30 13:45:00-04:00,2022-08-30,2022-08-30 15:10:00-04:00,tp,12291.125,12383.196428571428,12291.0,12223.089285714286,12383.321428571428,24.410714285714285,0.8715083798882681,1059,-137,29,12273.0,12290.0,92.07142857142753,1841.4285714285506,1836.9285714285506,12322.5,12492.5,12252.5,12700.880832951765,12368.506125978425,12726.648481704602,12342.85794755948,13655.0,13685.0,13465.0,13:00,in_va,outside_both,below_week_val,neg,pos
long,2022-09-02 10:30:00-04:00,2022-09-02,2022-09-02 12:15:00-04:00,sl,12432.375,12359.55357142857,12432.25,12359.67857142857,12548.892857142859,44.07142857142857,0.7426470588235294,797,-32,221,12407.0,12422.0,-72.82142857142935,-1456.428571428587,-1460.928571428587,12277.5,12370.0,12270.0,12484.688580290918,12213.036391214571,12507.01335737822,12190.91407991032,13655.0,13685.0,13465.0,10:00,above_vah,inside_both,below_week_val,neg,pos
long,2022-09-01 15:05:00-04:00,2022-09-01,2022-09-01 16:55:00-04:00,eod,12230.375,12292.125,12230.25,12157.67857142857,12335.392857142859,32.57142857142857,0.8595505617977528,618,-12,127,12196.0,12224.0,61.75,1235.0,1230.5,12160.0,12217.5,12085.0,12449.225385838818,12030.080943254921,12495.486945468647,11984.320326522226,13655.0,13685.0,13465.0,15:00,above_vah,inside_both,below_week_val,neg,pos
long,2022-09-01 15:50:00-04:00,2022-09-01,2022-09-01 16:55:00-04:00,eod,12251.875,12292.125,12251.75,12171.92857142857,12363.892857142859,32.32142857142857,0.9895287958115183,1190,-1,4,12195.5,12224.25,40.25,805.0,800.5,12160.0,12222.5,12085.0,12463.545503484876,12015.915890878567,12498.150106867612,11981.686003143366,13655.0,13685.0,13465.0,15:00,above_vah,inside_both,below_week_val,neg,pos
long,2022-09-02 10:10:00-04:00,2022-09-02,2022-09-02 12:35:00-04:00,sl,12363.125,12271.714285714286,12363.0,12271.839285714286,12496.321428571428,42.160714285714285,0.7405857740585774,588,-22,136,12337.0,12362.75,-91.41071428571377,-1828.2142857142753,-1832.7142857142753,12277.5,12347.5,12257.5,12467.262228686453,12230.30470137882,12496.98319951981,12200.853273197981,13655.0,13685.0,13465.0,10:00,above_vah,inside_both,below_week_val,neg,pos
long,2022-09-02 14:25:00-04:00,2022-09-02,2022-09-02 15:35:00-04:00,sl,12145.625,12074.410714285714,12145.5,12074.535714285714,12248.178571428572,31.714285714285715,0.8452380952380952,269,-35,39,12108.25,12123.25,-71.21428571428623,-1424.2857142857247,-1428.7857142857247,12395.0,12432.5,12257.5,12548.055976999567,12150.243680181145,12581.526311689211,12117.076891524477,13655.0,13685.0,13465.0,14:00,below_val,inside_90_only,below_week_val,neg,pos
long,2022-09-07 13:40:00-04:00,2022-09-07,2022-09-07 14:55:00-04:00,tp,12208.875,12275.732142857141,12208.75,12163.32142857143,12275.857142857141,21.678571428571427,0.7678571428571429,532,-52,76,12171.5,12188.75,66.8571428571413,1337.142857142826,1332.642857142826,12060.0,12157.5,12035.0,12179.104005460973,11881.121697157976,12187.327406770986,11872.911614756209,12932.5,13072.5,12877.5,13:00,above_vah,outside_both,below_week_val,neg,pos
long,2022-09-07 11:50:00-04:00,2022-09-07,2022-09-07 12:20:00-04:00,sl,12154.375,12113.32142857143,12154.25,12113.44642857143,12220.607142857141,25.553571428571427,0.7105263157894737,480,-78,220,12127.75,12147.5,-41.05357142857065,-821.071428571413,-825.571428571413,12060.0,12135.0,12032.5,12150.728330177717,11909.451414205554,12160.352555429348,11899.842776685593,12932.5,13072.5,12877.5,11:00,above_vah,inside_90_only,below_week_val,neg,pos
long,2022-09-13 13:20:00-04:00,2022-09-13,2022-09-13 14:00:00-04:00,sl,12324.625,12282.5,12324.5,12282.625,12386.0,19.625,0.8148148148148148,374,-2,75,12299.25,12318.75,-42.125,-842.5,-847.0,12302.5,12470.0,12262.5,13009.97576563264,12304.850157622828,13000.675978384746,12313.8612821369,12322.5,12587.5,12257.5,13:00,in_va,inside_both,in_week_va,neg,pos
long,2022-09-14 11:40:00-04:00,2022-09-14,2022-09-14 13:45:00-04:00,sl,12227.375,12172.732142857143,12227.25,12172.857142857143,12314.285714285714,32.642857142857146,0.7525773195876289,229,-60,135,12197.0,12213.75,-54.64285714285688,-1092.8571428571377,-1097.3571428571377,12160.0,12205.0,12130.0,12286.190519675378,12011.722983270753,12284.955181416968,12012.95390616297,12322.5,12587.5,12257.5,11:00,above_vah,inside_both,below_week_val,neg,pos
long,2022-09-15 12:30:00-04:00,2022-09-15,2022-09-15 13:00:00-04:00,tp,12038.875,12113.803571428572,12038.75,11987.410714285714,12113.928571428572,23.839285714285715,0.8174603174603174,436,-12,91,12014.0,12031.75,74.92857142857247,1498.5714285714494,1494.0714285714494,12020.0,12180.0,11987.5,12350.722093803131,12031.50429384088,12376.941539767104,12005.539015975535,12322.5,12587.5,12257.5,12:00,in_va,inside_both,below_week_val,neg,pos
long,2022-09-16 10:30:00-04:00,2022-09-16,2022-09-16 11:35:00-04:00,sl,11898.875,11800.392857142857,11898.75,11800.517857142857,12041.464285714286,44.482142857142854,0.9311926605504587,555,-32,21,11868.75,11874.0,-98.48214285714312,-1969.6428571428623,-1974.1428571428623,11850.0,11882.5,11807.5,12045.264082629088,11794.878707381768,12063.76148769292,11776.545836990896,12322.5,12587.5,12257.5,10:00,above_vah,inside_both,below_week_val,neg,pos
long,2022-09-16 14:25:00-04:00,2022-09-16,2022-09-16 16:55:00-04:00,tp,11870.375,11954.089285714286,11870.25,11809.267857142857,11954.214285714286,22.982142857142858,0.7823834196891192,1537,-4,508,11847.25,11869.75,83.71428571428623,1674.2857142857247,1669.7857142857247,11820.0,11867.5,11805.0,12113.56157916823,11727.188718015554,12125.129313536709,11715.723878803696,12322.5,12587.5,12257.5,14:00,above_vah,inside_both,below_week_val,neg,pos
long,2022-09-16 15:00:00-04:00,2022-09-16,2022-09-16 16:55:00-04:00,eod,11913.375,11960.625,11913.25,11858.57142857143,11994.107142857141,26.178571428571427,0.752,477,-105,45,11898.75,11904.5,47.25,945.0,940.5,11820.0,11872.5,11807.5,12129.326216189065,11711.564307658271,12137.547695520238,11703.415958499047,12322.5,12587.5,12257.5,15:00,above_vah,inside_both,below_week_val,neg,pos
long,2022-09-19 10:35:00-04:00,2022-09-19,2022-09-19 11:35:00-04:00,sl,11946.625,11873.82142857143,11946.5,11873.94642857143,12057.107142857141,38.05357142857143,0.8375,673,-8,316,11917.25,11935.75,-72.80357142857065,-1456.071428571413,-1460.571428571413,11887.5,11927.5,11840.0,12036.1252215795,11745.26334362274,12056.074885026037,11725.548857949001,12092.5,12202.5,11970.0,10:00,above_vah,inside_both,below_week_val,neg,pos
long,2022-09-19 15:00:00-04:00,2022-09-19,2022-09-19 16:00:00-04:00,tp,11981.875,12060.803571428572,11981.75,11924.035714285714,12060.928571428572,21.464285714285715,0.8658536585365854,999,-6,136,11963.5,11974.5,78.92857142857247,1578.5714285714494,1574.0714285714494,11920.0,11947.5,11872.5,12118.616733841462,11663.744287371394,12121.775656599071,11660.622603759224,12092.5,12202.5,11970.0,15:00,above_vah,inside_both,in_week_va,neg,pos
long,2022-09-20 11:50:00-04:00,2022-09-20,2022-09-20 12:30:00-04:00,sl,12003.375,11939.589285714286,12003.25,11939.714285714286,12091.321428571428,24.535714285714285,0.7202380952380952,1009,19,86,11979.25,11986.0,-63.785714285713766,-1275.7142857142753,-1280.2142857142753,11925.0,11972.5,11902.5,12138.811721459886,11824.435653836945,12156.918016937596,11806.522890013608,12092.5,12202.5,11970.0,11:00,above_vah,inside_both,in_week_va,pos,pos
long,2022-09-20 14:45:00-04:00,2022-09-20,2022-09-20 16:55:00-04:00,eod,11905.625,11948.875,11905.5,11838.482142857143,11997.035714285714,24.517857142857142,0.7116279069767442,875,93,94,11889.0,11896.5,43.25,865.0,860.5,11925.0,11985.0,11880.0,12169.323495812248,11794.25000882316,12204.342632588561,11759.605178954816,12092.5,12202.5,11970.0,14:00,in_va,inside_both,below_week_val,pos,pos
long,2022-09-21 09:45:00-04:00,2022-09-21,2022-09-21 14:00:00-04:00,sl,11988.875,11922.910714285714,11988.75,11923.035714285714,12071.928571428572,17.464285714285715,0.8773584905660378,857,4,98,11954.0,11972.25,-65.96428571428623,-1319.2857142857247,-1323.7857142857247,11930.0,11965.0,11910.0,12000.44506603565,11911.097755982448,12018.50261389814,11893.060586543877,12092.5,12202.5,11970.0,09:00,above_vah,inside_both,in_week_va,pos,pos
long,2022-09-22 15:10:00-04:00,2022-09-22,2022-09-22 15:55:00-04:00,sl,11652.375,11586.357142857143,11652.25,11586.482142857143,11744.785714285714,26.767857142857142,0.9074074074074074,693,-34,119,11591.75,11637.5,-66.01785714285688,-1320.3571428571377,-1324.8571428571377,11580.0,11630.0,11535.0,11797.223897095077,11513.064054681103,11827.561179106424,11482.794373743829,12092.5,12202.5,11970.0,15:00,above_vah,inside_both,below_week_val,neg,pos
long,2022-09-22 15:00:00-04:00,2022-09-22,2022-09-22 16:00:00-04:00,sl,11610.125,11556.55357142857,11610.0,11556.67857142857,11689.392857142859,26.071428571428573,0.7181208053691275,333,-3,151,11579.25,11609.75,-53.57142857142935,-1071.428571428587,-1075.928571428587,11580.0,11630.0,11532.5,11789.697903048384,11520.5732784291,11822.677717192344,11487.666953757862,12092.5,12202.5,11970.0,15:00,in_va,inside_both,below_week_val,neg,pos
long,2022-09-23 10:25:00-04:00,2022-09-23,2022-09-23 12:20:00-04:00,sl,11405.625,11322.80357142857,11405.5,11322.92857142857,11523.142857142859,35.07142857142857,0.8061224489795918,691,-142,44,11377.25,11394.5,-82.82142857142935,-1656.428571428587,-1660.928571428587,11412.5,11462.5,11347.5,11618.087249938078,11409.883286081329,11651.54672954144,11376.728996042497,12092.5,12202.5,11970.0,10:00,in_va,inside_90_only,below_week_val,neg,pos
long,2022-09-23 12:50:00-04:00,2022-09-23,2022-09-23 13:40:00-04:00,sl,11360.625,11310.125,11360.5,11310.25,11433.25,22.5,0.8416666666666667,510,-7,86,11335.25,11341.5,-50.5,-1010.0,-1014.5,11385.0,11437.5,11327.5,11645.739739794939,11382.483019254762,11678.006107996576,11350.510958047054,12092.5,12202.5,11970.0,12:00,in_va,inside_90_only,below_week_val,neg,pos
long,2022-09-23 12:45:00-04:00,2022-09-23,2022-09-23 14:10:00-04:00,sl,11335.625,11292.642857142857,11335.5,11292.767857142857,11400.464285714286,22.232142857142858,0.8390804597701149,631,-57,29,11321.5,11327.25,-42.98214285714312,-859.6428571428623,-864.1428571428623,11385.0,11437.5,11327.5,11645.817476320963,11382.40599177672,11680.037551554144,11348.498043629272,12092.5,12202.5,11970.0,12:00,in_va,outside_both,below_week_val,neg,pos
long,2022-09-23 15:00:00-04:00,2022-09-23,2022-09-23 15:40:00-04:00,tp,11278.125,11378.089285714286,11278.0,11205.767857142857,11378.214285714286,27.982142857142858,0.7819905213270142,996,-1,97,11271.25,11276.5,99.96428571428623,1999.2857142857247,1994.7857142857247,11385.0,11430.0,11305.0,11683.440701663918,11345.125934226417,11719.837796120772,11309.060823815315,12092.5,12202.5,11970.0,15:00,below_val,outside_both,below_week_val,neg,pos
long,2022-09-26 12:50:00-04:00,2022-09-26,2022-09-26 13:25:00-04:00,sl,11358.375,11306.5,11358.25,11306.625,11437.25,27.375,0.8214285714285714,470,3,14,11321.75,11345.0,-51.875,-1037.5,-1042.0,11385.0,11450.0,11292.5,11470.343592806195,11269.916713598881,11498.745275070109,11241.604815367415,12120.0,12347.5,11845.0,12:00,in_va,inside_both,below_week_val,pos,pos
long,2022-09-26 14:00:00-04:00,2022-09-26,2022-09-26 16:55:00-04:00,eod,11353.625,11315.375,11353.5,11264.285714285714,11472.428571428572,29.714285714285715,0.8947368421052632,940,-29,51,11323.5,11346.0,-38.25,-765.0,-769.5,11315.0,11437.5,11292.5,11480.32935726513,11259.962516361631,11518.840318605246,11221.573296732813,12120.0,12347.5,11845.0,14:00,in_va,inside_both,below_week_val,neg,pos
long,2022-09-26 14:45:00-04:00,2022-09-26,2022-09-26 16:55:00-04:00,eod,11383.125,11315.375,11383.0,11288.07142857143,11508.857142857141,30.928571428571427,0.8345588235294118,1005,-1,9,11357.0,11368.0,-67.75,-1355.0,-1359.5,11325.0,11427.5,11292.5,11498.171102500082,11242.177172850286,11538.135851895995,11202.33876091295,12120.0,12347.5,11845.0,14:00,in_va,inside_both,below_week_val,neg,pos
long,2022-09-27 10:40:00-04:00,2022-09-27,2022-09-27 11:25:00-04:00,sl,11492.625,11395.410714285714,11492.5,11395.535714285714,11634.678571428572,45.214285714285715,0.7747747747747747,758,-181,80,11454.0,11485.5,-97.21428571428623,-1944.2857142857247,-1948.7857142857247,11472.5,11512.5,11425.0,11549.073646162537,11237.988113582478,11565.7035264409,11221.582951620068,12120.0,12347.5,11845.0,10:00,in_va,inside_both,below_week_val,neg,pos
long,2022-09-28 10:20:00-04:00,2022-09-28,2022-09-28 12:15:00-04:00,tp,11371.625,11509.125,11371.5,11280.5,11509.25,46.75,0.8617021276595744,980,-11,159,11339.0,11353.0,137.5,2750.0,2745.5,11215.0,11320.0,11195.0,11424.509661802727,11260.6357552924,11434.503843587316,11250.662258561595,12120.0,12347.5,11845.0,10:00,above_vah,inside_both,below_week_val,neg,pos
long,2022-09-28 11:20:00-04:00,2022-09-28,2022-09-28 15:05:00-04:00,tp,11453.875,11552.982142857141,11453.75,11389.57142857143,11553.107142857141,35.17857142857143,0.7371794871794872,901,0,352,11411.5,11431.5,99.1071428571413,1982.142857142826,1977.642857142826,11215.0,11342.5,11195.0,11432.523346615026,11252.638656480332,11451.988765405631,11233.213525453477,12120.0,12347.5,11845.0,11:00,above_vah,outside_both,below_week_val,zero,pos
long,2022-09-28 14:30:00-04:00,2022-09-28,2022-09-28 15:10:00-04:00,tp,11516.875,11570.375,11516.75,11480.25,11570.5,17.25,0.8690476190476191,442,-49,22,11494.0,11502.0,53.5,1070.0,1065.5,11475.0,11517.5,11280.0,11441.719228093229,11243.461807806121,11488.257276996495,11197.02007914851,12120.0,12347.5,11845.0,14:00,in_va,outside_both,below_week_val,neg,pos
long,2022-09-28 15:30:00-04:00,2022-09-28,2022-09-28 16:45:00-04:00,sl,11585.125,11539.55357142857,11585.0,11539.67857142857,11651.892857142859,21.571428571428573,0.8761904761904762,360,0,74,11559.5,11572.5,-45.57142857142935,-911.428571428587,-915.928571428587,11475.0,11527.5,11270.0,11474.232384974328,11211.015943717299,11514.531671017121,11170.800065492898,12120.0,12347.5,11845.0,15:00,above_vah,outside_both,below_week_val,zero,pos
long,2022-09-29 11:45:00-04:00,2022-09-29,2022-09-29 12:20:00-04:00,sl,11246.875,11202.214285714286,11246.75,11202.339285714286,11320.821428571428,29.660714285714285,0.8125,394,-57,64,11221.75,11239.5,-44.660714285713766,-893.2142857142753,-897.7142857142753,11205.0,11392.5,11157.5,11613.835234989314,11313.398849940568,11642.308345985582,11285.301415972632,12120.0,12347.5,11845.0,11:00,in_va,outside_both,below_week_val,neg,pos
long,2022-09-29 15:10:00-04:00,2022-09-29,2022-09-29 16:00:00-04:00,tp,11162.375,11251.196428571428,11162.25,11099.714285714286,11251.321428571428,26.535714285714285,0.75,752,57,22,11146.75,11159.5,88.82142857142753,1776.4285714285506,1771.9285714285506,11205.0,11345.0,11092.5,11665.724939295738,11262.193783498878,11697.741856514765,11230.599300636208,12120.0,12347.5,11845.0,15:00,in_va,outside_both,below_week_val,pos,pos
long,2022-10-03 13:20:00-04:00,2022-10-03,2022-10-03 14:25:00-04:00,tp,11249.625,11327.017857142859,11249.5,11194.05357142857,11327.142857142859,22.196428571428573,0.8024691358024691,883,-18,221,11227.75,11235.25,77.3928571428587,1547.857142857174,1543.357142857174,11210.0,11232.5,11030.0,11206.078781383276,10957.59674162705,11226.677255471315,10937.084983312412,11920.0,12092.5,11592.5,13:00,above_vah,outside_both,below_week_val,neg,pos
long,2022-10-03 10:00:00-04:00,2022-10-03,2022-10-03 14:10:00-04:00,tp,11157.375,11290.767857142859,11157.25,11056.80357142857,11290.892857142859,33.19642857142857,0.7614942528735632,860,-3,311,11128.0,11148.0,133.3928571428587,2667.857142857174,2663.357142857174,11000.0,11085.0,10955.0,11179.526944612615,10984.036800066415,11171.210229724513,10992.31850312012,11920.0,12092.5,11592.5,10:00,above_vah,inside_both,below_week_val,neg,pos
long,2022-10-04 14:45:00-04:00,2022-10-04,2022-10-04 15:10:00-04:00,sl,11631.625,11585.05357142857,11631.5,11585.17857142857,11699.142857142859,21.321428571428573,0.7606837606837606,340,-3,-8,11603.0,11624.0,-46.57142857142935,-931.428571428587,-935.928571428587,11650.0,11672.5,11537.5,11657.901535202122,11169.402224190953,11668.87071073404,11158.630457622998,11920.0,12092.5,11592.5,14:00,in_va,inside_both,in_week_va,neg,neg
long,2022-10-05 12:05:00-04:00,2022-10-05,2022-10-05 13:15:00-04:00,tp,11490.375,11593.553571428572,11490.25,11413.160714285714,11593.678571428572,26.339285714285715,0.8354430379746836,1033,-17,-23,11432.25,11455.0,103.17857142857247,2063.5714285714494,2059.0714285714494,11400.0,11527.5,11372.5,11742.389715336909,11390.188680332349,11755.831460409405,11376.930752516053,11920.0,12092.5,11592.5,12:00,in_va,inside_both,below_week_val,neg,neg
long,2022-10-05 14:55:00-04:00,2022-10-05,2022-10-05 16:55:00-04:00,eod,11645.125,11627.875,11645.0,11597.767857142857,11716.464285714286,24.232142857142858,0.8207547169811321,578,-7,85,11617.25,11632.75,-17.25,-345.0,-349.5,11585.0,11630.0,11465.0,11801.03357336028,11332.346783141951,11802.062602974409,11331.331825614387,11920.0,12092.5,11592.5,14:00,above_vah,inside_both,in_week_va,neg,pos
long,2022-10-07 10:15:00-04:00,2022-10-07,2022-10-07 11:20:00-04:00,sl,11255.375,11193.660714285714,11255.25,11193.785714285714,11351.428571428572,34.714285714285715,0.8547008547008547,311,-23,201,11234.75,11250.0,-61.714285714286234,-1234.2857142857247,-1238.7857142857247,11502.5,11562.5,11320.0,11596.249792258335,11256.508706036982,11585.788868708229,11266.824159038188,11920.0,12092.5,11592.5,10:00,below_val,outside_both,below_week_val,neg,pos
long,2022-10-13 15:05:00-04:00,2022-10-13,2022-10-13 15:35:00-04:00,sl,11139.125,11060.80357142857,11139.0,11060.92857142857,11246.142857142859,29.071428571428573,0.93,836,27,54,11108.25,11126.0,-78.32142857142935,-1566.428571428587,-1570.928571428587,10522.5,10952.5,10485.0,11005.951977700697,10374.698732023915,10996.93820747272,10383.438426496321,11230.0,11447.5,11185.0,15:00,above_vah,outside_both,below_week_val,pos,pos
long,2022-10-13 11:35:00-04:00,2022-10-13,2022-10-13 16:55:00-04:00,eod,11049.875,11065.375,11049.75,10850.589285714286,11321.071428571428,72.16071428571429,0.7725190839694657,1535,-3,70,11025.75,11042.75,15.5,310.0,305.5,10522.5,10812.5,10485.0,10953.514112591576,10425.542153616405,10943.473086213757,10435.277869139652,11230.0,11447.5,11185.0,11:00,above_vah,outside_both,below_week_val,neg,pos
long,2022-10-11 11:00:00-04:00,2022-10-11,2022-10-11 15:00:00-04:00,sl,10914.625,10807.30357142857,10914.5,10807.42857142857,11057.392857142859,35.82142857142857,0.8432601880877743,1442,-34,230,10867.25,10890.0,-107.32142857142935,-2146.428571428587,-2150.928571428587,10880.0,10950.0,10845.0,11101.022652855632,10813.196218748944,11086.602590373694,10827.51987202613,11230.0,11447.5,11185.0,11:00,in_va,inside_both,below_week_val,neg,pos
long,2022-10-11 15:35:00-04:00,2022-10-11,2022-10-11 16:55:00-04:00,eod,10842.625,10880.375,10842.5,10774.875,10945.75,35.625,0.8345323741007195,621,13,127,10811.5,10829.25,37.75,755.0,750.5,10935.0,10997.5,10860.0,11157.869182443432,10756.729751918654,11155.017888088147,10759.56198317892,11230.0,11447.5,11185.0,15:00,below_val,inside_both,below_week_val,pos,pos
long,2022-10-12 11:50:00-04:00,2022-10-12,2022-10-12 12:25:00-04:00,sl,10916.375,10863.910714285714,10916.25,10864.035714285714,10995.678571428572,27.214285714285715,0.8,244,-18,80,10891.25,10913.5,-52.464285714286234,-1049.2857142857247,-1053.7857142857247,10877.5,10910.0,10835.0,10975.818793794093,10770.312613945158,10978.977074671417,10767.158687115272,11230.0,11447.5,11185.0,11:00,above_vah,inside_both,below_week_val,neg,pos
long,2022-10-12 10:50:00-04:00,2022-10-12,2022-10-12 16:55:00-04:00,eod,10852.875,10852.875,10852.75,10796.589285714286,10945.321428571428,36.410714285714285,0.7096774193548387,434,-67,147,10836.5,10843.75,0.0,0.0,-4.5,10902.5,10915.0,10827.5,10984.813064479074,10761.330742879702,10970.648247622456,10775.476031934031,11230.0,11447.5,11185.0,10:00,in_va,inside_both,below_week_val,neg,pos
long,2022-10-13 09:45:00-04:00,2022-10-13,2022-10-13 11:05:00-04:00,tp,10584.125,10734.982142857141,10584.0,10473.32142857143,10735.107142857141,40.42857142857143,0.8006872852233677,1629,185,62,10525.5,10568.0,150.8571428571413,3017.142857142826,3012.642857142826,10522.5,10840.0,10482.5,10914.79958409655,10463.07951502368,10901.411902496744,10476.060126234845,11230.0,11447.5,11185.0,09:00,in_va,inside_both,below_week_val,pos,pos
long,2022-10-13 11:05:00-04:00,2022-10-13,2022-10-13 11:20:00-04:00,tp,10769.375,10957.553571428572,10769.25,10630.410714285714,10957.678571428572,49.589285714285715,0.8658227848101265,1467,-14,-136,10667.25,10709.0,188.17857142857247,3763.5714285714494,3759.0714285714494,10522.5,10672.5,10495.0,10950.656936239371,10428.312453695118,10946.255994816684,10432.579578599838,11230.0,11447.5,11185.0,11:00,above_vah,inside_both,below_week_val,neg,neg
long,2022-10-14 11:00:00-04:00,2022-10-14,2022-10-14 11:45:00-04:00,sl,10961.375,10853.57142857143,10961.25,10853.69642857143,11129.107142857141,60.30357142857143,0.7652173913043478,528,-48,187,10920.0,10948.5,-107.80357142857065,-2156.071428571413,-2160.571428571413,11145.0,11207.5,10977.5,11292.985748806243,10954.92095665373,11276.814755878422,10970.924545004122,11230.0,11447.5,11185.0,11:00,below_val,inside_14_only,below_week_val,neg,pos
long,2022-10-18 16:15:00-04:00,2022-10-18,2022-10-18 16:55:00-04:00,eod,11324.625,11322.625,11324.5,11238.910714285714,11450.178571428572,40.089285714285715,0.9679144385026738,584,-1,24,11275.0,11290.75,-2.0,-40.0,-44.5,11225.0,11342.5,11150.0,11650.320968014332,10513.654759282324,11579.06167507837,10580.806964895784,11640.0,11717.5,11312.5,16:00,in_va,inside_both,in_week_va,neg,pos
long,2022-10-19 16:00:00-04:00,2022-10-19,2022-10-19 16:05:00-04:00,sl,11192.375,11121.464285714286,11192.25,11121.589285714286,11290.071428571428,27.160714285714285,0.7268292682926829,974,-232,433,11170.0,11181.5,-70.91071428571377,-1418.2142857142753,-1422.7142857142753,11132.5,11227.5,11105.0,11576.603284963652,10880.223727820168,11503.109644662884,10952.464644835687,11640.0,11717.5,11312.5,16:00,in_va,inside_both,below_week_val,neg,pos
long,2022-10-20 10:00:00-04:00,2022-10-20,2022-10-20 12:45:00-04:00,sl,11245.625,11156.285714285714,11245.5,11156.410714285714,11371.428571428572,36.839285714285715,0.7972350230414746,1160,62,105,11192.5,11212.75,-89.33928571428623,-1786.7857142857247,-1791.2857142857247,11110.0,11162.5,11050.0,11229.93836299431,11033.089489283293,11219.06428358629,11043.92529341405,11640.0,11717.5,11312.5,10:00,above_vah,outside_both,below_week_val,pos,pos
long,2022-10-20 10:55:00-04:00,2022-10-20,2022-10-20 12:00:00-04:00,sl,11318.125,11242.05357142857,11318.0,11242.17857142857,11429.892857142859,36.07142857142857,0.9567901234567902,671,-7,15,11289.0,11300.75,-76.07142857142935,-1521.428571428587,-1525.928571428587,11110.0,11200.0,11022.5,11277.797216287816,10985.399092629707,11250.846069047619,11012.255375505347,11640.0,11717.5,11312.5,10:00,above_vah,outside_both,in_week_va,neg,pos
long,2022-10-20 15:05:00-04:00,2022-10-20,2022-10-20 15:35:00-04:00,sl,11110.875,11057.660714285714,11110.75,11057.785714285714,11189.678571428572,25.964285714285715,0.726027397260274,207,-10,-20,11088.5,11101.25,-53.214285714286234,-1064.2857142857247,-1068.7857142857247,11140.0,11220.0,11040.0,11400.324081595552,10863.303505186137,11321.634082267616,10941.716526442724,11640.0,11717.5,11312.5,15:00,in_va,inside_both,below_week_val,neg,neg
long,2022-10-20 14:30:00-04:00,2022-10-20,2022-10-20 16:55:00-04:00,eod,11084.375,11059.625,11084.25,11025.82142857143,11168.357142857141,25.678571428571427,0.7346938775510204,808,42,77,11072.5,11083.75,-24.75,-495.0,-499.5,11140.0,11225.0,11040.0,11371.273706753034,10892.251626669087,11300.18817607391,10963.086945969932,11640.0,11717.5,11312.5,14:00,in_va,inside_both,below_week_val,pos,pos
long,2022-10-24 11:50:00-04:00,2022-10-24,2022-10-24 16:55:00-04:00,eod,11408.875,11459.125,11408.75,11324.375,11531.75,38.625,0.8316831683168316,766,-27,80,11359.75,11398.5,50.25,1005.0,1000.5,11370.0,11415.0,11295.0,11593.423650401417,11144.426616563993,11505.13975706138,11232.566965166217,10880.0,11045.0,10810.0,11:00,in_va,inside_both,above_week_vah,neg,pos
long,2022-10-24 12:15:00-04:00,2022-10-24,2022-10-24 13:30:00-04:00,sl,11442.125,11383.232142857143,11442.0,11383.357142857143,11531.785714285714,31.142857142857142,0.7401574803149606,397,-92,132,11418.0,11428.25,-58.89285714285688,-1177.8571428571377,-1182.3571428571377,11370.0,11422.5,11305.0,11583.248644443738,11154.585078523587,11505.857329164908,11231.850559795326,10880.0,11045.0,10810.0,12:00,above_vah,inside_both,above_week_vah,neg,pos
long,2022-10-25 11:05:00-04:00,2022-10-25,2022-10-25 16:00:00-04:00,sl,11670.875,11612.392857142857,11670.75,11612.517857142857,11755.964285714286,26.982142857142858,0.7925925925925926,748,-74,-21,11640.5,11650.5,-58.48214285714312,-1169.6428571428623,-1174.1428571428623,11637.5,11665.0,11492.5,11639.052570442693,11336.552391911477,11621.918481050048,11353.602415911011,10880.0,11045.0,10810.0,11:00,above_vah,outside_both,above_week_vah,neg,neg
long,2022-10-25 12:15:00-04:00,2022-10-25,2022-10-25 12:40:00-04:00,sl,11704.125,11669.517857142857,11704.0,11669.642857142857,11755.214285714286,16.857142857142858,0.75,396,-74,36,11695.0,11696.75,-34.60714285714312,-692.1428571428623,-696.6428571428623,11637.5,11697.5,11510.0,11723.937008062238,11252.084424841005,11644.414146789175,11331.217121195421,10880.0,11045.0,10810.0,12:00,above_vah,inside_14_only,above_week_vah,neg,pos
long,2022-10-25 13:25:00-04:00,2022-10-25,2022-10-25 14:30:00-04:00,tp,11644.375,11697.125,11644.25,11609.875,11697.25,18.625,0.7093023255813954,411,-2,81,11629.75,11640.5,52.75,1055.0,1050.5,11630.0,11705.0,11537.5,11748.604440446174,11227.5380188713,11661.724294416272,11313.991902760163,10880.0,11045.0,10810.0,13:00,in_va,inside_both,above_week_vah,neg,pos
long,2022-10-28 13:05:00-04:00,2022-10-28,2022-10-28 15:50:00-04:00,tp,11537.625,11600.125,11537.5,11495.875,11600.25,21.125,0.7333333333333333,561,-20,337,11521.75,11531.5,62.5,1250.0,1245.5,11457.5,11532.5,11182.5,11698.343154133627,11110.439883926729,11616.400459600847,11191.364922929002,10880.0,11045.0,10810.0,13:00,above_vah,inside_both,above_week_vah,neg,pos
long,2022-11-10 15:50:00-05:00,2022-11-10,2022-11-10 16:55:00-05:00,eod,11631.125,11675.125,11631.0,11577.75,11704.25,20.0,0.86,428,1,92,11598.5,11619.0,44.0,880.0,875.5,11440.0,11512.5,11280.0,11551.40171464818,10656.665328974459,11541.024407740255,10666.573183020679,11490.0,11600.0,11302.5,15:00,above_vah,outside_both,above_week_vah,pos,pos
long,2022-11-01 14:55:00-04:00,2022-11-01,2022-11-01 16:00:00-04:00,sl,11369.625,11328.267857142857,11369.5,11328.392857142857,11427.464285714286,16.857142857142858,0.7704918032786885,445,-6,91,11359.0,11361.5,-41.35714285714312,-827.1428571428623,-831.6428571428623,11345.0,11485.0,11317.5,11897.886052842216,11323.572706187373,11802.514171034893,11418.696426674782,11125.0,11277.5,11050.0,14:00,in_va,inside_14_only,above_week_vah,neg,pos
long,2022-11-02 15:05:00-04:00,2022-11-02,2022-11-02 15:25:00-04:00,sl,11235.125,11050.517857142857,11235.0,11050.642857142857,11524.964285714286,105.60714285714286,0.8171428571428572,1083,-97,99,11160.5,11189.0,-184.60714285714312,-3692.1428571428623,-3696.6428571428623,11230.0,11365.0,11210.0,11609.73939413655,11040.995162283953,11504.81167429777,11145.834902128163,11125.0,11277.5,11050.0,15:00,in_va,inside_both,in_week_va,neg,pos
long,2022-11-03 10:45:00-04:00,2022-11-03,2022-11-03 11:25:00-04:00,sl,10873.375,10783.5,10873.25,10783.625,11007.75,44.875,0.9175257731958762,951,1,286,10827.5,10848.5,-89.875,-1797.5,-1802.0,10830.0,10855.0,10735.0,11104.001186555388,10668.667034568974,11044.778310944843,10727.280997207994,11125.0,11277.5,11050.0,10:00,above_vah,inside_both,below_week_val,pos,pos
long,2022-11-03 12:40:00-04:00,2022-11-03,2022-11-03 14:10:00-04:00,sl,10837.625,10769.625,10837.5,10769.75,10932.0,26.75,0.8571428571428571,353,-19,33,10811.75,10820.25,-68.0,-1360.0,-1364.5,10805.0,10860.0,10755.0,11127.931683537965,10644.982584234374,11073.959828937188,10698.399515386656,11125.0,11277.5,11050.0,12:00,in_va,inside_both,below_week_val,neg,pos
long,2022-11-03 14:20:00-04:00,2022-11-03,2022-11-03 15:45:00-04:00,sl,10800.375,10762.232142857143,10800.25,10762.357142857143,10855.285714285714,17.142857142857142,0.8125,595,6,60,10778.75,10787.75,-38.14285714285688,-762.8571428571377,-767.3571428571377,10800.0,10857.5,10765.0,11139.991260029643,10633.047000920693,11098.28673865923,10674.322728117035,11125.0,11277.5,11050.0,14:00,in_va,inside_both,below_week_val,pos,pos
long,2022-11-04 10:20:00-04:00,2022-11-04,2022-11-04 11:25:00-04:00,sl,10935.875,10827.339285714286,10935.75,10827.464285714286,11100.321428571428,56.285714285714285,0.8425531914893617,1673,-55,263,10888.25,10910.5,-108.53571428571377,-2170.7142857142753,-2175.2142857142753,10815.0,10860.0,10737.5,11045.61939474941,10617.243529322048,11020.14161263069,10642.246468832276,11125.0,11277.5,11050.0,10:00,above_vah,inside_both,below_week_val,neg,pos
long,2022-11-04 15:05:00-04:00,2022-11-04,2022-11-04 16:55:00-04:00,eod,10842.875,10871.125,10842.75,10777.017857142857,10939.214285714286,30.732142857142858,0.8662420382165605,443,13,8,10814.75,10830.25,28.25,565.0,560.5,10810.0,10845.0,10685.0,11117.192677098183,10547.00419527107,11099.441029781485,10564.424995951367,11125.0,11277.5,11050.0,15:00,in_va,inside_both,below_week_val,pos,pos
long,2022-11-04 14:15:00-04:00,2022-11-04,2022-11-04 15:05:00-04:00,tp,10728.875,10841.660714285714,10728.75,10645.482142857143,10841.785714285714,29.767857142857142,0.7962962962962963,719,70,14,10698.5,10714.0,112.78571428571377,2255.7142857142753,2251.2142857142753,10815.0,10862.5,10695.0,11083.363657718039,10580.202725712641,11082.959356785715,10580.599491479288,11125.0,11277.5,11050.0,14:00,in_va,inside_both,below_week_val,pos,pos
long,2022-11-07 14:10:00-05:00,2022-11-07,2022-11-07 14:35:00-05:00,tp,10966.125,11019.982142857141,10966.0,10927.19642857143,11020.107142857141,15.303571428571429,0.7843137254901961,450,-41,84,10937.25,10950.25,53.8571428571413,1077.142857142826,1072.642857142826,10920.0,10942.5,10880.0,11111.28723550967,10699.777444037527,11089.523303779239,10721.407076566331,11490.0,11600.0,11302.5,14:00,above_vah,inside_both,below_week_val,neg,pos
long,2022-11-07 13:00:00-05:00,2022-11-07,2022-11-07 14:15:00-05:00,tp,10916.625,10977.982142857141,10916.5,10876.07142857143,10978.107142857141,21.178571428571427,0.7422680412371134,344,13,214,10897.0,10910.0,61.3571428571413,1227.142857142826,1222.642857142826,10920.0,10942.5,10877.5,11096.778482591337,10714.196667455506,11073.50051156111,10737.330996566452,11490.0,11600.0,11302.5,13:00,in_va,inside_both,below_week_val,pos,pos
long,2022-11-08 15:30:00-05:00,2022-11-08,2022-11-08 16:00:00-05:00,sl,11140.125,11076.785714285714,11140.0,11076.910714285714,11235.428571428572,32.339285714285715,0.7432432432432432,206,-110,135,11096.75,11121.75,-63.339285714286234,-1266.7857142857247,-1271.2857142857247,11045.0,11132.5,11000.0,11286.046027683364,10805.636351834552,11254.25450460011,10837.248488812746,11490.0,11600.0,11302.5,15:00,above_vah,inside_both,below_week_val,neg,pos
long,2022-11-10 13:00:00-05:00,2022-11-10,2022-11-10 15:05:00-05:00,tp,11459.375,11540.625,11459.25,11401.25,11540.75,23.5,0.8807947019867549,1222,-3,89,11439.0,11448.5,81.25,1625.0,1620.5,11440.0,11490.0,11287.5,11509.793781864453,10696.390985047261,11495.092377526782,10710.427321232026,11490.0,11600.0,11302.5,13:00,in_va,inside_both,in_week_va,neg,pos
long,2022-11-14 13:25:00-05:00,2022-11-14,2022-11-14 14:45:00-05:00,sl,11881.625,11840.964285714286,11881.5,11841.089285714286,11941.821428571428,19.910714285714285,0.7157894736842105,325,-2,95,11862.25,11874.5,-40.660714285713766,-813.2142857142753,-817.7142857142753,11795.0,11812.5,11747.5,12001.021231596635,11596.536756668344,11991.671349437778,11605.82660367721,10800.0,11290.0,10662.5,13:00,above_vah,inside_both,above_week_vah,neg,pos
long,2022-11-14 11:45:00-05:00,2022-11-14,2022-11-14 15:50:00-05:00,sl,11818.125,11765.285714285714,11818.0,11765.410714285714,11900.428571428572,29.839285714285715,0.704,672,-6,369,11795.75,11816.0,-52.839285714286234,-1056.7857142857247,-1061.2857142857247,11790.0,11807.5,11760.0,11995.51984043894,11602.002823654282,11975.631622606132,11621.76334018344,10800.0,11290.0,10662.5,11:00,above_vah,inside_both,above_week_vah,neg,pos
long,2022-11-14 11:30:00-05:00,2022-11-14,2022-11-14 16:55:00-05:00,eod,11796.375,11768.375,11796.25,11704.94642857143,11918.857142857141,31.303571428571427,0.8395061728395061,876,-42,8,11745.25,11757.75,-28.0,-560.0,-564.5,11790.0,11807.5,11760.0,11973.229656155108,11624.149883721777,11964.617698998434,11632.706543909908,10800.0,11290.0,10662.5,11:00,in_va,inside_both,above_week_vah,neg,pos
long,2022-11-14 12:35:00-05:00,2022-11-14,2022-11-14 15:30:00-05:00,sl,11849.625,11804.57142857143,11849.5,11804.69642857143,11921.607142857141,27.303571428571427,0.7466666666666667,333,-80,167,11824.0,11839.0,-45.05357142857065,-901.071428571413,-905.571428571413,11795.0,11812.5,11757.5,11997.852000818928,11599.685637965506,11978.197464208415,11619.213973728418,10800.0,11290.0,10662.5,12:00,above_vah,inside_both,above_week_vah,neg,pos
long,2022-11-16 15:40:00-05:00,2022-11-16,2022-11-16 16:55:00-05:00,eod,11747.375,11771.375,11747.25,11695.785714285714,11820.428571428572,21.714285714285715,0.7851239669421488,1024,49,17,11726.0,11737.25,24.0,480.0,475.5,11760.0,11822.5,11720.0,12068.845390088067,11649.690981191674,12080.985727366426,11637.622604042632,10800.0,11290.0,10662.5,15:00,in_va,inside_both,above_week_vah,pos,pos
long,2022-11-17 10:15:00-05:00,2022-11-17,2022-11-17 13:20:00-05:00,tp,11659.375,11771.089285714286,11659.25,11577.392857142857,11771.214285714286,30.107142857142858,0.8778280542986425,1232,-29,10,11627.75,11635.25,111.71428571428623,2234.2857142857247,2229.7857142857247,11600.0,11670.0,11527.5,11842.003954357117,11481.568200671922,11863.331757846487,11460.640355779185,10800.0,11290.0,10662.5,10:00,in_va,inside_both,above_week_vah,neg,pos
long,2022-11-17 15:45:00-05:00,2022-11-17,2022-11-17 16:55:00-05:00,eod,11700.625,11746.375,11700.5,11644.160714285714,11777.428571428572,20.589285714285715,0.8404907975460123,908,-20,94,11688.25,11695.75,45.75,915.0,910.5,11657.5,11715.0,11577.5,11938.678699900554,11386.70638891591,11957.781768087825,11367.961559041716,10800.0,11290.0,10662.5,15:00,in_va,inside_both,above_week_vah,neg,pos
long,2022-11-23 09:50:00-05:00,2022-11-23,2022-11-23 11:50:00-05:00,sl,11844.375,11799.589285714286,11844.25,11799.714285714286,11908.321428571428,19.535714285714285,0.7404580152671756,528,-18,213,11833.25,11839.5,-44.785714285713766,-895.7142857142753,-900.2142857142753,11755.0,11785.0,11737.5,11804.284625333303,11684.764108773039,11809.967876163113,11679.085936700963,11022.5,11435.0,10805.0,09:00,above_vah,outside_both,above_week_vah,neg,pos
long,2022-11-18 15:00:00-05:00,2022-11-18,2022-11-18 16:55:00-05:00,eod,11687.875,11710.875,11687.75,11648.42857142857,11744.142857142859,17.071428571428573,0.7452830188679245,218,-76,63,11654.5,11672.0,23.0,460.0,455.5,11705.0,11745.0,11625.0,11983.75704096337,11601.618438328549,12014.88418047275,11570.731238966597,10800.0,11290.0,10662.5,15:00,in_va,inside_both,above_week_vah,neg,pos
long,2022-11-18 15:25:00-05:00,2022-11-18,2022-11-18 16:55:00-05:00,eod,11708.625,11710.875,11708.5,11658.035714285714,11776.928571428572,17.964285714285715,0.8796992481203008,429,-27,15,11695.5,11701.0,2.25,45.0,40.5,11705.0,11740.0,11625.0,11988.981671208623,11596.434081573603,12018.764370599976,11566.880958860203,10800.0,11290.0,10662.5,15:00,in_va,inside_both,above_week_vah,neg,pos
long,2022-11-22 10:45:00-05:00,2022-11-22,2022-11-22 15:30:00-05:00,tp,11642.125,11737.767857142859,11642.0,11574.30357142857,11737.892857142859,28.196428571428573,0.7752808988764045,808,-80,128,11630.25,11638.75,95.6428571428587,1912.857142857174,1908.357142857174,11605.0,11625.0,11572.5,11692.108172788629,11514.323861977024,11723.714260039378,11482.794632155084,11022.5,11435.0,10805.0,10:00,above_vah,inside_both,above_week_vah,neg,pos
long,2022-11-21 13:35:00-05:00,2022-11-21,2022-11-21 14:20:00-05:00,sl,11631.875,11588.785714285714,11631.75,11588.910714285714,11692.178571428572,17.589285714285715,0.7678571428571429,494,-3,40,11624.0,11629.25,-43.089285714286234,-861.7857142857247,-866.2857142857247,11602.5,11647.5,11565.0,11870.20232110768,11491.133725579035,11870.698459990643,11490.640192156006,11022.5,11435.0,10805.0,13:00,in_va,inside_both,above_week_vah,neg,pos
long,2022-11-22 15:00:00-05:00,2022-11-22,2022-11-22 16:55:00-05:00,eod,11717.875,11739.125,11717.75,11683.107142857143,11766.035714285714,13.642857142857142,0.8314606741573034,658,-26,33,11698.25,11707.25,21.25,425.0,420.5,11697.5,11707.5,11602.5,11753.813824921552,11452.768261248071,11791.304237340299,11415.369015340404,11022.5,11435.0,10805.0,15:00,above_vah,inside_both,above_week_vah,neg,pos
long,2022-11-30 14:00:00-05:00,2022-11-30,2022-11-30 14:25:00-05:00,tp,11795.125,11923.625,11795.0,11708.875,11923.75,42.625,0.8677248677248677,694,-16,151,11777.0,11788.5,128.5,2570.0,2565.5,11560.0,11572.5,11515.0,,,11693.321378451024,11360.13236615901,11765.0,11857.5,11625.0,14:00,above_vah,outside_both,in_week_va,neg,pos
long,2022-11-30 13:55:00-05:00,2022-11-30,2022-11-30 14:15:00-05:00,tp,11753.875,11894.660714285714,11753.75,11652.607142857143,11894.785714285714,39.892857142857146,0.802675585284281,1066,-21,163,11705.0,11717.0,140.78571428571377,2815.7142857142753,2811.2142857142753,11560.0,11572.5,11520.0,,,11692.861827650975,11360.591329272716,11765.0,11857.5,11625.0,13:00,above_vah,outside_both,in_week_va,neg,pos
long,2022-11-29 10:25:00-05:00,2022-11-29,2022-11-29 11:00:00-05:00,sl,11625.875,11574.375,11625.75,11574.5,11703.25,26.25,0.801980198019802,798,-78,19,11586.75,11611.5,-51.5,-1030.0,-1034.5,11600.0,11650.0,11567.5,11690.5860533062,11554.422636524954,11717.610666652095,11527.401510750951,11765.0,11857.5,11625.0,10:00,in_va,inside_both,in_week_va,neg,pos
long,2022-11-29 15:05:00-05:00,2022-11-29,2022-11-29 16:55:00-05:00,eod,11522.125,11519.125,11522.0,11483.375,11577.5,16.875,0.865979381443299,500,9,87,11510.75,11518.75,-3.0,-60.0,-64.5,11500.0,11605.0,11465.0,,,11796.431828235216,11448.590521171564,11765.0,11857.5,11625.0,15:00,in_va,inside_90_only,below_week_val,pos,pos
long,2022-11-30 09:40:00-05:00,2022-11-30,2022-11-30 11:00:00-05:00,sl,11575.375,11517.017857142857,11575.25,11517.142857142857,11654.464285714286,21.107142857142858,0.815028901734104,1101,-39,76,11566.25,11573.25,-58.35714285714312,-1167.1428571428623,-1171.6428571428623,11532.5,11565.0,11522.5,11577.406391970764,11475.899117330568,11574.759640865406,11478.542483696998,11765.0,11857.5,11625.0,09:00,above_vah,inside_14_only,below_week_val,neg,pos
long,2022-12-01 10:45:00-05:00,2022-12-01,2022-12-01 16:55:00-05:00,eod,12021.125,12036.375,12021.0,11943.160714285714,12137.928571428572,39.089285714285715,0.7888198757763976,818,-40,48,11965.5,11993.25,15.25,305.0,300.5,12065.0,12102.5,12000.0,12148.030192373988,11985.590377216444,12186.321879844161,11947.363687642532,11765.0,11857.5,11625.0,10:00,in_va,inside_both,above_week_vah,neg,pos
long,2022-12-02 10:10:00-05:00,2022-12-02,2022-12-02 16:55:00-05:00,eod,11943.125,11978.875,11943.0,11854.69642857143,12067.107142857141,35.80357142857143,0.8072289156626506,1099,-64,-71,11902.25,11912.0,35.75,715.0,710.5,11887.5,11910.0,11777.5,12098.672753390674,11784.562537408916,12124.66494580716,11758.982259643986,11765.0,11857.5,11625.0,10:00,above_vah,inside_both,above_week_vah,neg,neg
long,2022-12-02 11:20:00-05:00,2022-12-02,2022-12-02 15:00:00-05:00,tp,11913.875,11993.660714285714,11913.75,11862.857142857143,11993.785714285714,29.142857142857142,0.8152173913043478,622,-25,55,11894.5,11904.0,79.78571428571377,1595.7142857142753,1591.2142857142753,11895.0,11947.5,11805.0,12112.08408192513,11771.363746648562,12164.476510338982,11719.801614061562,11765.0,11857.5,11625.0,11:00,in_va,inside_both,above_week_vah,neg,pos
long,2022-12-05 10:40:00-05:00,2022-12-05,2022-12-05 11:30:00-05:00,sl,11924.625,11877.125,11924.5,11877.25,12001.75,30.0,0.8292682926829268,647,-3,187,11902.0,11914.5,-47.5,-950.0,-954.5,11957.5,12007.5,11910.0,12034.166840926478,11866.10026624221,12085.51713702173,11814.998598344098,11605.0,11790.0,11532.5,10:00,in_va,inside_both,above_week_vah,neg,pos
long,2022-12-06 11:20:00-05:00,2022-12-06,2022-12-06 12:15:00-05:00,sl,11636.625,11589.94642857143,11636.5,11590.07142857143,11707.107142857141,24.178571428571427,0.875,630,-13,16,11608.25,11631.75,-46.67857142857065,-933.571428571413,-938.071428571413,11630.0,11792.5,11590.0,11878.268276346638,11734.311220839381,11940.010591187936,11672.644689090748,11605.0,11790.0,11532.5,11:00,in_va,outside_both,in_week_va,neg,pos
long,2022-12-07 09:30:00-05:00,2022-12-07,2022-12-07 09:45:00-05:00,sl,11554.625,11473.07142857143,11554.5,11473.19642857143,11657.857142857141,22.053571428571427,0.7171314741035857,723,92,102,11511.5,11521.0,-81.55357142857065,-1631.071428571413,-1635.571428571413,11510.0,11555.0,11425.0,11570.35799343908,11505.412162499768,11570.848194647191,11504.924366472118,11605.0,11790.0,11532.5,09:00,in_va,inside_both,in_week_va,pos,pos
long,2022-12-08 12:50:00-05:00,2022-12-08,2022-12-08 13:40:00-05:00,tp,11630.625,11682.732142857141,11630.5,11597.32142857143,11682.857142857141,19.178571428571427,0.8813559322033898,391,-10,27,11608.75,11621.0,52.1071428571413,1042.142857142826,1037.642857142826,11635.0,11662.5,11547.5,11638.807755425762,11425.8653384893,11703.55783248043,11361.488964918566,11605.0,11790.0,11532.5,12:00,in_va,inside_both,in_week_va,neg,pos
long,2022-12-13 11:10:00-05:00,2022-12-13,2022-12-13 11:45:00-05:00,sl,12135.375,12039.482142857143,12135.25,12039.607142857143,12281.785714285714,50.892857142857146,0.8648648648648649,687,-43,13,12093.5,12121.75,-95.89285714285688,-1917.8571428571377,-1922.3571428571377,12272.5,12325.0,12107.5,12369.255388403904,11736.85956086602,12410.332273369695,11697.367120175264,12050.0,12102.5,11622.5,11:00,in_va,inside_both,above_week_vah,neg,pos
long,2022-12-14 13:30:00-05:00,2022-12-14,2022-12-14 14:00:00-05:00,sl,12033.875,11995.05357142857,12033.75,11995.17857142857,12089.392857142859,17.071428571428573,0.8631578947368421,377,-1,72,12015.5,12019.5,-38.82142857142935,-776.428571428587,-780.928571428587,12032.5,12047.5,11977.5,12079.299887257586,11803.167078349941,12115.613965424696,11766.914530155253,12050.0,12102.5,11622.5,13:00,in_va,inside_both,in_week_va,neg,pos
long,2022-12-14 15:00:00-05:00,2022-12-14,2022-12-14 16:55:00-05:00,eod,11913.625,11888.625,11913.5,11729.69642857143,12183.857142857141,86.55357142857143,0.7518072289156627,509,-218,97,11851.75,11892.0,-25.0,-500.0,-504.5,12030.0,12067.5,11897.5,12134.856846193145,11747.704254205175,12142.113245352597,11740.460150168241,12050.0,12102.5,11622.5,15:00,in_va,inside_both,in_week_va,neg,pos
long,2022-12-14 15:40:00-05:00,2022-12-14,2022-12-14 16:55:00-05:00,eod,11871.375,11888.625,11871.25,11752.44642857143,12064.607142857141,74.55357142857143,0.7365591397849462,525,-47,5,11836.5,11853.25,17.25,345.0,340.5,12030.0,12065.0,11890.0,12150.91891571487,11731.669399987943,12152.034552378549,11730.555653640542,12050.0,12102.5,11622.5,15:00,below_val,inside_both,in_week_va,neg,pos
long,2022-12-21 10:05:00-05:00,2022-12-21,2022-12-21 16:55:00-05:00,eod,11289.125,11355.375,11289.0,11208.464285714286,11398.071428571428,28.535714285714285,0.8857142857142857,1009,-79,30,11259.0,11268.75,66.25,1325.0,1320.5,11220.0,11250.0,11210.0,11290.025278031071,11120.63312351221,11296.402621798774,11114.269708420443,11630.0,11675.0,11470.0,10:00,above_vah,inside_both,below_week_val,neg,pos
long,2022-12-19 15:50:00-05:00,2022-12-19,2022-12-19 16:55:00-05:00,eod,11181.125,11184.875,11181.0,11135.517857142857,11245.714285714286,19.232142857142858,0.9035087719298246,426,11,38,11164.75,11180.75,3.75,75.0,70.5,11220.0,11277.5,11152.5,11539.418935660075,11135.13630864259,11541.31692343453,11133.244004467248,11630.0,11675.0,11470.0,15:00,in_va,inside_both,below_week_val,pos,pos
long,2022-12-20 09:55:00-05:00,2022-12-20,2022-12-20 16:55:00-05:00,eod,11168.875,11192.875,11168.75,11075.57142857143,11290.357142857141,28.428571428571427,0.8338983050847457,633,-26,-33,11133.75,11151.5,24.0,480.0,475.5,11125.0,11152.5,11072.5,11238.190658189757,11080.554251859128,11248.197352755264,11070.593631926622,11630.0,11675.0,11470.0,09:00,above_vah,inside_both,below_week_val,neg,neg
long,2022-12-21 09:45:00-05:00,2022-12-21,2022-12-21 11:00:00-05:00,tp,11268.875,11356.196428571428,11268.75,11201.964285714286,11356.321428571428,20.785714285714285,0.845,863,-18,191,11217.75,11238.5,87.32142857142753,1746.4285714285506,1741.9285714285506,11220.0,11242.5,11207.5,11261.01721040619,11149.577834983153,11268.441152143536,11142.170107783142,11630.0,11675.0,11470.0,09:00,above_vah,outside_both,below_week_val,neg,pos
long,2022-12-30 10:15:00-05:00,2022-12-30,2022-12-30 16:15:00-05:00,tp,10939.375,11045.660714285714,10939.25,10864.232142857143,11045.785714285714,31.517857142857142,0.7872340425531915,635,-127,74,10924.0,10933.5,106.28571428571377,2125.7142857142753,2121.2142857142753,10920.0,10970.0,10882.5,11108.487384505359,10833.855838981848,11116.722689764109,10825.709009124108,11705.0,12327.5,11482.5,10:00,in_va,inside_both,below_week_val,neg,pos
long,2022-12-30 10:45:00-05:00,2022-12-30,2022-12-30 13:20:00-05:00,sl,10966.125,10895.125,10966.0,10895.25,11069.5,32.75,0.8208092485549133,649,-64,78,10942.5,10946.75,-71.0,-1420.0,-1424.5,10920.0,10960.0,10882.5,11127.462749645449,10815.084334292264,11130.551384220646,10812.028882237211,11705.0,12327.5,11482.5,10:00,above_vah,inside_both,below_week_val,neg,pos
long,2022-12-30 15:45:00-05:00,2022-12-30,2022-12-30 16:55:00-05:00,eod,10986.625,11041.625,10986.5,10939.42857142857,11052.142857142859,18.571428571428573,0.8253968253968254,322,-12,45,10950.5,10966.0,55.0,1100.0,1095.5,10905.0,10952.5,10895.0,11171.427126473327,10771.592285538196,11206.75973612185,10736.639269202758,11705.0,12327.5,11482.5,15:00,above_vah,inside_both,below_week_val,neg,pos
long,2023-01-03 10:55:00-05:00,2023-01-03,2023-01-03 11:10:00-05:00,sl,10974.625,10894.30357142857,10974.5,10894.42857142857,11089.892857142859,35.32142857142857,0.9067357512953368,663,-6,136,10950.0,10966.0,-80.32142857142935,-1606.428571428587,-1610.928571428587,11125.0,11162.5,11010.0,11219.901115628507,10941.800412033987,11219.777561368306,10941.923105134023,11220.0,11285.0,11075.0,10:00,below_val,inside_both,below_week_val,neg,pos
long,2023-01-03 12:30:00-05:00,2023-01-03,2023-01-03 12:45:00-05:00,sl,10900.375,10847.32142857143,10900.25,10847.44642857143,10977.857142857141,24.803571428571427,0.7183098591549296,815,-15,120,10874.75,10888.0,-53.05357142857065,-1061.071428571413,-1065.571428571413,11125.0,11162.5,10952.5,11258.344788660806,10903.624687348925,11251.665651381823,10910.257271745375,11220.0,11285.0,11075.0,12:00,below_val,outside_both,below_week_val,neg,pos
long,2023-01-03 13:25:00-05:00,2023-01-03,2023-01-03 16:55:00-05:00,eod,10900.375,10940.875,10900.25,10839.375,10984.25,23.125,0.8563218390804598,675,-7,86,10862.0,10867.75,40.5,810.0,805.5,10875.0,11082.5,10852.5,11251.758219123196,10910.1653491914,11264.105995581041,10897.903635433418,11220.0,11285.0,11075.0,13:00,in_va,inside_90_only,below_week_val,neg,pos
long,2023-01-03 14:45:00-05:00,2023-01-03,2023-01-03 16:55:00-05:00,eod,10957.125,10940.875,10957.0,10891.625,11046.25,23.875,0.7958115183246073,493,21,116,10914.75,10929.25,-16.25,-325.0,-329.5,10905.0,11067.5,10852.5,11245.863910557964,10916.018575047474,11280.559194121794,10881.565113951541,11220.0,11285.0,11075.0,14:00,in_va,inside_both,below_week_val,pos,pos
long,2023-01-04 11:30:00-05:00,2023-01-04,2023-01-04 14:00:00-05:00,sl,11035.875,10963.875,11035.75,10964.0,11135.75,28.25,0.8871794871794871,682,-4,62,10980.75,11018.25,-72.0,-1440.0,-1444.5,10975.0,11032.5,10947.5,11148.929558947493,10826.538151588842,11150.868168823112,10824.615794163805,11220.0,11285.0,11075.0,11:00,above_vah,inside_both,below_week_val,neg,pos
long,2023-01-04 10:40:00-05:00,2023-01-04,2023-01-04 16:55:00-05:00,eod,10940.125,10983.625,10940.0,10846.285714285714,11080.928571428572,47.214285714285715,0.7024390243902439,280,-293,46,10912.75,10927.0,43.5,870.0,865.5,10980.0,11042.5,10955.0,11146.609647131023,10828.83861428735,11133.042552107507,10842.291968767098,11220.0,11285.0,11075.0,10:00,below_val,inside_both,below_week_val,neg,pos
long,2023-01-06 10:45:00-05:00,2023-01-06,2023-01-06 14:15:00-05:00,tp,10975.625,11110.910714285714,10975.5,10888.857142857143,11111.035714285714,48.892857142857146,0.8509316770186336,818,-34,111,10954.75,10971.25,135.28571428571377,2705.7142857142753,2701.2142857142753,10910.0,10932.5,10815.0,10986.177633846726,10742.54209325081,10990.11200388034,10738.627140386354,11220.0,11285.0,11075.0,10:00,above_vah,inside_both,below_week_val,neg,pos
long,2023-01-09 10:30:00-05:00,2023-01-09,2023-01-09 13:45:00-05:00,sl,11329.625,11269.607142857143,11329.5,11269.732142857143,11420.285714285714,31.017857142857142,0.8507462686567164,762,-1,184,11297.5,11312.25,-60.01785714285688,-1200.3571428571377,-1204.8571428571377,11292.5,11325.0,11175.0,11283.794929285981,11025.38795100733,11292.764689036385,11016.491072181705,10917.5,11042.5,10882.5,10:00,above_vah,outside_both,above_week_vah,neg,pos
long,2023-01-11 10:25:00-05:00,2023-01-11,2023-01-11 10:35:00-05:00,sl,11386.625,11340.32142857143,11386.5,11340.44642857143,11460.607142857141,28.053571428571427,0.7564102564102564,275,-48,111,11369.75,11373.75,-46.30357142857065,-926.071428571413,-930.571428571413,11340.0,11362.5,11300.0,11418.666317488824,11186.43876503106,11418.994891222215,11186.111417264925,10917.5,11042.5,10882.5,10:00,above_vah,inside_both,above_week_vah,neg,pos
long,2023-01-10 09:30:00-05:00,2023-01-10,2023-01-10 16:55:00-05:00,eod,11239.875,11281.125,11239.75,11111.625,11394.25,26.375,0.8981481481481481,1473,-42,-90,11219.0,11237.0,41.25,825.0,820.5,11165.0,11192.5,11135.0,11189.193382222256,11138.32330318004,11190.313756747659,11137.207135787568,10917.5,11042.5,10882.5,09:00,above_vah,outside_both,above_week_vah,neg,neg
long,2023-01-10 10:50:00-05:00,2023-01-10,2023-01-10 16:55:00-05:00,eod,11188.375,11281.125,11188.25,11103.17857142857,11319.892857142859,46.57142857142857,0.7914438502673797,763,-15,387,11168.25,11176.5,92.75,1855.0,1850.5,11165.0,11222.5,11142.5,11284.67544215188,11043.199789173843,11290.563963470984,11037.333379917627,10917.5,11042.5,10882.5,10:00,in_va,inside_both,above_week_vah,neg,pos
long,2023-01-10 12:35:00-05:00,2023-01-10,2023-01-10 16:55:00-05:00,eod,11232.625,11281.125,11232.5,11175.410714285714,11312.428571428572,22.839285714285715,0.8581560283687943,744,-24,35,11200.25,11207.25,48.5,970.0,965.5,11200.0,11217.5,11150.0,11300.385611597638,11027.548613189425,11322.139071016565,11005.876840468509,10917.5,11042.5,10882.5,12:00,above_vah,inside_both,above_week_vah,neg,pos
long,2023-01-12 13:50:00-05:00,2023-01-12,2023-01-12 15:05:00-05:00,sl,11565.125,11507.392857142857,11565.0,11507.517857142857,11649.214285714286,26.732142857142858,0.7181208053691275,720,-69,200,11542.75,11560.5,-57.73214285714312,-1154.6428571428623,-1159.1428571428623,11467.5,11527.5,11420.0,11612.04776101767,11353.616199671227,11647.948021047565,11317.7643669535,10917.5,11042.5,10882.5,13:00,above_vah,inside_both,above_week_vah,neg,pos
long,2023-01-13 13:30:00-05:00,2023-01-13,2023-01-13 15:20:00-05:00,tp,11542.625,11588.767857142859,11542.5,11510.55357142857,11588.892857142859,14.446428571428571,0.7671232876712328,495,-47,33,11525.75,11531.5,46.1428571428587,922.857142857174,918.357142857174,11510.0,11530.0,11460.0,11637.575360435256,11309.401882975952,11675.326511405921,11271.968560555748,10917.5,11042.5,10882.5,13:00,above_vah,inside_both,above_week_vah,neg,pos
long,2023-01-17 12:30:00-05:00,2023-01-17,2023-01-17 16:55:00-05:00,eod,11609.875,11623.125,11609.75,11575.392857142857,11661.714285714286,17.607142857142858,0.72,480,-33,219,11598.75,11607.75,13.25,265.0,260.5,11597.5,11622.5,11557.5,11712.431409673312,11450.659181251242,11740.959943143305,11422.216119624167,10872.5,11002.5,10817.5,12:00,in_va,inside_both,above_week_vah,neg,pos
long,2023-01-20 13:35:00-05:00,2023-01-20,2023-01-20 15:00:00-05:00,tp,11570.375,11631.803571428572,11570.25,11526.910714285714,11631.928571428572,18.339285714285715,0.751937984496124,884,2,121,11546.75,11560.0,61.42857142857247,1228.5714285714494,1224.0714285714494,11535.0,11552.5,11430.0,11526.450977502833,11295.597623242531,11587.284323707207,11234.949253633928,10872.5,11002.5,10817.5,13:00,above_vah,inside_90_only,above_week_vah,pos,pos
long,2023-01-18 13:50:00-05:00,2023-01-18,2023-01-18 15:30:00-05:00,sl,11535.375,11501.839285714286,11535.25,11501.964285714286,11586.071428571428,17.535714285714285,0.8611111111111112,262,-5,140,11528.75,11534.25,-33.535714285713766,-670.7142857142753,-675.2142857142753,11705.0,11745.0,11575.0,11804.216875307942,11514.703181195122,11857.052751667326,11462.191458245637,10872.5,11002.5,10817.5,13:00,below_val,inside_both,above_week_vah,neg,pos
long,2023-01-18 13:25:00-05:00,2023-01-18,2023-01-18 15:55:00-05:00,sl,11510.625,11474.80357142857,11510.5,11474.92857142857,11562.892857142859,16.821428571428573,0.7906976744186046,245,-3,133,11490.5,11499.75,-35.82142857142935,-716.428571428587,-720.928571428587,11705.0,11735.0,11575.0,11810.559236373278,11508.39973115214,11852.092317870407,11467.121459282838,10872.5,11002.5,10817.5,13:00,below_val,inside_both,above_week_vah,neg,pos
long,2023-01-20 11:25:00-05:00,2023-01-20,2023-01-20 14:15:00-05:00,tp,11536.125,11608.946428571428,11536.0,11484.964285714286,11609.071428571428,22.035714285714285,0.84,341,-92,43,11523.5,11527.0,72.82142857142753,1456.4285714285506,1451.9285714285506,11400.0,11470.0,11385.0,11516.607003544366,11305.411664525825,11551.685830058848,11270.439502568153,10872.5,11002.5,10817.5,11:00,above_vah,inside_90_only,above_week_vah,neg,pos
long,2023-01-20 11:10:00-05:00,2023-01-20,2023-01-20 13:35:00-05:00,tp,11510.875,11574.267857142859,11510.75,11469.80357142857,11574.392857142859,22.696428571428573,0.7446808510638298,328,-21,169,11490.0,11503.0,63.3928571428587,1267.857142857174,1263.357142857174,11400.0,11465.0,11385.0,11509.709101812838,11312.288591734994,11541.544370380836,11280.550125003036,10872.5,11002.5,10817.5,11:00,above_vah,inside_90_only,above_week_vah,neg,pos
long,2023-01-20 11:00:00-05:00,2023-01-20,2023-01-20 13:35:00-05:00,tp,11493.125,11571.803571428572,11493.0,11437.910714285714,11571.928571428572,23.839285714285715,0.8201438848920863,369,-56,226,11477.25,11486.75,78.67857142857247,1573.5714285714494,1569.0714285714494,11400.0,11460.0,11385.0,11502.057674120775,11319.916753650381,11534.334160424612,11287.738410797996,10872.5,11002.5,10817.5,11:00,above_vah,inside_both,above_week_vah,neg,pos
long,2023-01-19 13:35:00-05:00,2023-01-19,2023-01-19 15:55:00-05:00,sl,11408.125,11360.875,11408.0,11361.0,11474.75,19.75,0.9292035398230089,563,-14,44,11380.75,11388.75,-47.25,-945.0,-949.5,11365.0,11400.0,11322.5,11608.94389367129,11281.132535178382,11643.130660534835,11247.1683306579,10872.5,11002.5,10817.5,13:00,above_vah,inside_both,above_week_vah,neg,pos
long,2023-01-19 12:55:00-05:00,2023-01-19,2023-01-19 13:40:00-05:00,tp,11355.625,11409.375,11355.5,11318.0,11409.5,16.5,0.8488372093023255,275,-40,10,11344.0,11349.5,53.75,1075.0,1070.5,11365.0,11410.0,11327.5,11604.906512928963,11285.14363180553,11627.372270407624,11262.824130673454,10872.5,11002.5,10817.5,12:00,in_va,inside_both,above_week_vah,neg,pos
long,2023-01-19 13:00:00-05:00,2023-01-19,2023-01-19 14:20:00-05:00,tp,11376.625,11435.303571428572,11376.5,11335.285714285714,11435.428571428572,17.714285714285715,0.7,1029,-3,181,11349.5,11360.0,58.67857142857247,1173.5714285714494,1169.0714285714494,11365.0,11405.0,11322.5,11603.78517596503,11286.257668652928,11627.81040893967,11262.38884450644,10872.5,11002.5,10817.5,13:00,in_va,inside_both,above_week_vah,neg,pos
long,2023-01-20 10:05:00-05:00,2023-01-20,2023-01-20 12:20:00-05:00,tp,11474.875,11545.839285714286,11474.75,11427.642857142857,11545.964285714286,24.107142857142858,0.7096774193548387,251,-5,-22,11452.5,11473.0,70.96428571428623,1419.2857142857247,1414.7857142857247,11400.0,11435.0,11390.0,11493.361024915584,11328.586958862843,11508.579590778887,11313.41466825286,10872.5,11002.5,10817.5,10:00,above_vah,inside_both,above_week_vah,neg,neg
long,2023-01-23 11:15:00-05:00,2023-01-23,2023-01-23 14:45:00-05:00,sl,11949.625,11897.94642857143,11949.5,11898.07142857143,12024.607142857141,23.678571428571427,0.8620689655172413,319,-96,95,11930.25,11934.0,-51.67857142857065,-1033.571428571413,-1038.071428571413,11700.0,11827.5,11650.0,11780.484784783777,11601.185682323294,11822.419225076914,11559.344399816988,11467.5,11572.5,11275.0,11:00,above_vah,outside_both,above_week_vah,neg,pos
long,2023-01-24 10:50:00-05:00,2023-01-24,2023-01-24 16:55:00-05:00,eod,11922.125,11970.125,11922.0,11858.589285714286,12025.321428571428,39.910714285714285,0.7083333333333334,418,-234,70,11899.5,11910.0,48.0,960.0,955.5,11885.0,11925.0,11865.0,12017.61315075643,11778.406269702044,12046.439251882912,11749.76251289587,11467.5,11572.5,11275.0,10:00,in_va,inside_both,above_week_vah,neg,pos
long,2023-01-26 10:15:00-05:00,2023-01-26,2023-01-26 10:50:00-05:00,sl,12024.375,11954.589285714286,12024.25,11954.714285714286,12129.821428571428,36.035714285714285,0.8445945945945946,545,-8,281,11993.25,12004.0,-69.78571428571377,-1395.7142857142753,-1400.2142857142753,11990.0,12030.0,11930.0,12074.465055323742,11817.46569995328,12111.434989651405,11780.93951865982,11467.5,11572.5,11275.0,10:00,in_va,inside_both,above_week_vah,neg,pos
long,2023-01-26 13:35:00-05:00,2023-01-26,2023-01-26 15:55:00-05:00,tp,12030.375,12100.839285714286,12030.25,11980.142857142857,12100.964285714286,20.607142857142858,0.8283582089552238,1025,-11,231,12012.75,12016.5,70.46428571428623,1409.2857142857247,1404.7857142857247,11992.5,12022.5,11935.0,12128.529572661493,11764.0501232763,12184.655479344288,11708.597900272978,11467.5,11572.5,11275.0,13:00,above_vah,inside_both,above_week_vah,neg,pos
long,2023-01-27 11:30:00-05:00,2023-01-27,2023-01-27 14:20:00-05:00,tp,12185.375,12272.732142857141,12185.25,12125.32142857143,12272.857142857141,27.678571428571427,0.8181818181818182,496,-137,26,12166.5,12182.0,87.3571428571413,1747.142857142826,1742.642857142826,12035.0,12140.0,12020.0,12149.974037007441,11957.874261652676,12187.329022331005,11920.560315552657,11467.5,11572.5,11275.0,11:00,above_vah,inside_90_only,above_week_vah,neg,pos
long,2023-01-27 12:35:00-05:00,2023-01-27,2023-01-27 13:15:00-05:00,sl,12234.875,12203.482142857143,12234.75,12203.607142857143,12284.285714285714,18.392857142857142,0.8571428571428571,213,-5,66,12221.75,12228.0,-31.392857142856883,-627.8571428571377,-632.3571428571377,12170.0,12217.5,12075.0,12155.456104016635,11952.398217394433,12207.079726818896,11900.831309736832,11467.5,11572.5,11275.0,12:00,above_vah,outside_both,above_week_vah,neg,pos
long,2023-02-01 14:35:00-05:00,2023-02-01,2023-02-01 15:35:00-05:00,tp,12242.125,12494.267857142859,12242.0,12038.92857142857,12494.392857142859,49.32142857142857,0.8746177370030581,1183,-186,140,12216.25,12231.25,252.1428571428587,5042.857142857174,5038.357142857174,12130.0,12150.0,12107.5,12259.287219895363,12003.945876297115,12322.23552192013,11941.12457239069,11622.5,11720.0,11450.0,14:00,above_vah,inside_both,above_week_vah,neg,pos
long,2023-01-30 10:55:00-05:00,2023-01-30,2023-01-30 15:55:00-05:00,sl,12027.125,11960.785714285714,12027.0,11960.910714285714,12127.928571428572,34.839285714285715,0.7569444444444444,493,-55,165,12005.0,12013.25,-66.33928571428623,-1326.7857142857247,-1331.2857142857247,12080.0,12130.0,12057.5,12300.956772114636,12003.946102818009,12330.529434737215,11974.707375834241,11622.5,11720.0,11450.0,10:00,below_val,inside_both,above_week_vah,neg,pos
long,2023-01-31 09:30:00-05:00,2023-01-31,2023-01-31 15:50:00-05:00,tp,12024.625,12129.553571428572,12024.5,11944.160714285714,12129.678571428572,24.839285714285715,0.8032128514056225,1251,-72,302,12019.25,12024.25,104.92857142857247,2098.5714285714494,2094.0714285714494,11930.0,11987.5,11900.0,11993.608597611761,11969.647177386963,11994.663365600765,11968.593663110303,11622.5,11720.0,11450.0,09:00,above_vah,outside_both,above_week_vah,neg,pos
long,2023-01-31 10:55:00-05:00,2023-01-31,2023-01-31 15:55:00-05:00,tp,12074.125,12154.910714285714,12074.0,12024.982142857143,12155.035714285714,32.017857142857146,0.8055555555555556,310,-23,27,12062.75,12071.25,80.78571428571377,1615.7142857142753,1611.2142857142753,12000.0,12062.5,11960.0,12070.466607462145,11892.880522068152,12096.535885031391,11866.84223081569,11622.5,11720.0,11450.0,10:00,above_vah,inside_90_only,above_week_vah,neg,pos
long,2023-01-31 13:45:00-05:00,2023-01-31,2023-01-31 15:55:00-05:00,tp,12096.875,12144.196428571428,12096.75,12062.339285714286,12144.321428571428,13.160714285714286,0.7623762376237624,960,-6,303,12081.0,12096.25,47.32142857142753,946.4285714285506,941.9285714285506,12075.0,12095.0,11990.0,12109.90218210785,11853.491821111424,12154.653678226316,11808.79351726235,11622.5,11720.0,11450.0,13:00,above_vah,inside_both,above_week_vah,neg,pos
long,2023-01-31 12:15:00-05:00,2023-01-31,2023-01-31 15:55:00-05:00,tp,12084.375,12145.589285714286,12084.25,12041.892857142857,12145.714285714286,19.107142857142858,0.7130434782608696,817,-70,186,12077.0,12081.0,61.214285714286234,1224.2857142857247,1219.7857142857247,12000.0,12077.5,11960.0,12080.721783174129,11882.637535804932,12133.038927806425,11830.38257608024,11622.5,11720.0,11450.0,12:00,above_vah,inside_90_only,above_week_vah,neg,pos
long,2023-02-01 14:05:00-05:00,2023-02-01,2023-02-01 14:30:00-05:00,sl,12179.125,12079.75,12179.0,12079.875,12303.25,25.125,0.736,420,-7,-144,12148.0,12158.0,-99.375,-1987.5,-1992.0,12130.0,12147.5,12110.0,12261.870432598731,12001.367875222055,12315.176675613644,11948.169177483836,11622.5,11720.0,11450.0,14:00,above_vah,inside_both,above_week_vah,neg,neg
long,2023-02-01 15:05:00-05:00,2023-02-01,2023-02-01 16:55:00-05:00,eod,12443.875,12505.125,12443.75,12312.07142857143,12645.107142857141,69.67857142857143,0.7993079584775087,965,-94,273,12348.5,12386.25,61.25,1225.0,1220.5,12130.0,12155.0,12092.5,12267.015625050251,11996.233063189686,12325.73319549462,11937.63395536814,11622.5,11720.0,11450.0,15:00,above_vah,outside_both,above_week_vah,neg,pos
long,2023-02-02 10:30:00-05:00,2023-02-02,2023-02-02 16:00:00-05:00,tp,12790.625,12936.303571428572,12790.5,12689.035714285714,12936.428571428572,44.464285714285715,0.8664122137404581,480,-1,-336,12728.5,12748.25,145.67857142857247,2913.5714285714494,2909.0714285714494,12685.0,12745.0,12595.0,12739.52105428249,12445.062790230224,12778.350658590087,12406.763787251353,11622.5,11720.0,11450.0,10:00,above_vah,outside_both,above_week_vah,neg,neg
long,2023-02-02 12:10:00-05:00,2023-02-02,2023-02-02 13:55:00-05:00,tp,12810.625,12902.875,12810.5,12744.625,12903.0,26.625,0.8734939759036144,539,-59,71,12796.0,12803.0,92.25,1845.0,1840.5,12805.0,12840.0,12652.5,12776.577113294068,12408.51309728906,12828.377313609992,12357.420739754598,11622.5,11720.0,11450.0,12:00,in_va,inside_90_only,above_week_vah,neg,pos
long,2023-02-02 13:30:00-05:00,2023-02-02,2023-02-02 14:15:00-05:00,sl,12877.375,12835.25,12877.25,12835.375,12937.25,18.125,0.9117647058823529,734,-9,45,12854.5,12858.5,-42.125,-842.5,-847.0,12805.0,12857.5,12665.0,12797.078172299713,12388.292182501795,12846.405301712892,12339.63910168828,11622.5,11720.0,11450.0,13:00,above_vah,outside_both,above_week_vah,neg,pos
long,2023-02-03 10:10:00-05:00,2023-02-03,2023-02-03 13:45:00-05:00,sl,12755.375,12629.875,12755.25,12630.0,12928.75,48.25,0.7165109034267912,1344,-215,231,12741.25,12754.25,-125.5,-2510.0,-2514.5,12637.5,12722.5,12607.5,12724.103497273127,12520.80454011668,12761.5384700986,12483.65320474045,11622.5,11720.0,11450.0,10:00,above_vah,inside_90_only,above_week_vah,neg,pos
long,2023-02-03 11:10:00-05:00,2023-02-03,2023-02-03 11:55:00-05:00,sl,12837.375,12768.267857142857,12837.25,12768.392857142857,12950.964285714286,44.857142857142854,0.7247706422018348,394,-105,198,12817.25,12834.0,-69.10714285714312,-1382.1428571428623,-1386.6428571428623,12637.5,12747.5,12585.0,12771.39438482871,12473.871966343804,12792.859594472138,12452.569394385171,11622.5,11720.0,11450.0,11:00,above_vah,outside_both,above_week_vah,neg,pos
long,2023-02-03 14:35:00-05:00,2023-02-03,2023-02-03 15:00:00-05:00,sl,12672.875,12599.714285714286,12672.75,12599.839285714286,12780.571428571428,34.910714285714285,0.88125,719,-6,44,12644.25,12657.5,-73.16071428571377,-1463.2142857142753,-1467.7142857142753,12825.0,12872.5,12657.5,12786.162954383477,12459.21529534489,12855.190837779168,12390.71042268742,11622.5,11720.0,11450.0,14:00,in_va,inside_both,above_week_vah,neg,pos
long,2023-02-06 09:30:00-05:00,2023-02-06,2023-02-06 10:25:00-05:00,sl,12556.625,12483.392857142857,12556.5,12483.517857142857,12648.464285714286,18.982142857142858,0.8260869565217391,477,-87,167,12535.75,12538.0,-73.23214285714312,-1464.6428571428623,-1469.1428571428623,12502.5,12560.0,12465.0,12622.003548403867,12503.543345065274,12622.841135792094,12502.712894414197,11925.0,12125.0,11792.5,09:00,in_va,inside_both,above_week_vah,neg,pos
long,2023-02-06 15:50:00-05:00,2023-02-06,2023-02-06 16:55:00-05:00,eod,12520.375,12512.875,12520.25,12472.339285714286,12589.571428571428,21.410714285714285,0.7046979865771812,478,-1,67,12503.5,12517.0,-7.5,-150.0,-154.5,12545.0,12577.5,12507.5,12732.453876577198,12394.034118645888,12817.669281391816,12309.544799197065,11925.0,12125.0,11792.5,15:00,in_va,inside_both,above_week_vah,neg,pos
long,2023-02-07 11:05:00-05:00,2023-02-07,2023-02-07 12:45:00-05:00,tp,12553.375,12638.053571428572,12553.25,12492.785714285714,12638.178571428572,24.464285714285715,0.7802197802197802,1037,-6,412,12517.5,12537.75,84.67857142857247,1693.5714285714494,1689.0714285714494,12510.0,12537.5,12495.0,12616.797570815961,12400.277085792151,12629.009506204238,12388.073933862559,11925.0,12125.0,11792.5,11:00,above_vah,inside_both,above_week_vah,neg,pos
long,2023-02-07 11:30:00-05:00,2023-02-07,2023-02-07 12:45:00-05:00,tp,12585.875,12659.339285714286,12585.75,12534.642857142857,12659.464285714286,22.607142857142858,0.7333333333333333,866,-22,116,12553.5,12563.75,73.46428571428623,1469.2857142857247,1464.7857142857247,12510.0,12540.0,12490.0,12609.108418234508,12407.960707935405,12636.675236733097,12380.413716925543,11925.0,12125.0,11792.5,11:00,above_vah,inside_both,above_week_vah,neg,pos
long,2023-02-07 15:50:00-05:00,2023-02-07,2023-02-07 16:05:00-05:00,sl,12817.125,12741.80357142857,12817.0,12741.92857142857,12920.892857142859,28.821428571428573,0.9633507853403142,1041,-2,54,12735.0,12778.5,-75.32142857142935,-1506.428571428587,-1510.928571428587,12510.0,12635.0,12477.5,12628.575821669145,12388.507306469193,12696.958815776139,12320.173496965966,11925.0,12125.0,11792.5,15:00,above_vah,outside_both,above_week_vah,neg,pos
long,2023-02-07 14:00:00-05:00,2023-02-07,2023-02-07 15:25:00-05:00,tp,12567.625,12744.053571428572,12567.5,12450.535714285714,12744.178571428572,59.714285714285715,0.8921161825726142,832,45,132,12503.0,12545.75,176.42857142857247,3528.5714285714494,3524.0714285714494,12510.0,12585.0,12480.0,12613.773759808932,12403.298721917135,12671.73278189015,12345.38138697719,11925.0,12125.0,11792.5,14:00,in_va,inside_both,above_week_vah,pos,pos
long,2023-02-08 13:55:00-05:00,2023-02-08,2023-02-08 15:05:00-05:00,sl,12568.125,12524.464285714286,12568.0,12524.589285714286,12634.821428571428,23.410714285714285,0.8941176470588236,288,-28,39,12551.75,12564.5,-43.660714285713766,-873.2142857142753,-877.7142857142753,12730.0,12807.5,12597.5,12845.287615370044,12608.67932339789,12893.269461922673,12560.79634054008,11925.0,12125.0,11792.5,13:00,below_val,inside_90_only,above_week_vah,neg,pos
long,2023-02-09 10:45:00-05:00,2023-02-09,2023-02-09 11:20:00-05:00,sl,12651.875,12582.25,12651.75,12582.375,12758.75,37.625,0.7972972972972973,801,-59,259,12635.75,12650.75,-69.625,-1392.5,-1397.0,12687.5,12715.0,12647.5,12830.245596625431,12452.639068735012,12826.057216001687,12456.773623441524,11925.0,12125.0,11792.5,10:00,in_va,inside_both,above_week_vah,neg,pos
long,2023-02-10 13:15:00-05:00,2023-02-10,2023-02-10 14:00:00-05:00,sl,12349.625,12298.375,12349.5,12298.5,12422.75,22.25,0.9180327868852459,873,-5,216,12313.5,12329.5,-51.25,-1025.0,-1029.5,12330.0,12382.5,12275.0,12558.199053044727,12227.79834984076,12588.847609653365,12197.431667143785,11925.0,12125.0,11792.5,13:00,in_va,inside_both,above_week_vah,neg,pos
long,2023-02-10 14:50:00-05:00,2023-02-10,2023-02-10 16:55:00-05:00,eod,12323.625,12341.875,12323.5,12278.910714285714,12386.678571428572,18.589285714285715,0.7868852459016393,340,-45,59,12308.75,12317.75,18.25,365.0,360.5,12330.0,12372.5,12277.5,12586.595974825083,12199.662593749987,12608.928243176035,12177.535714641888,11925.0,12125.0,11792.5,14:00,in_va,inside_both,above_week_vah,neg,pos
long,2023-02-13 10:25:00-05:00,2023-02-13,2023-02-13 11:40:00-05:00,tp,12459.625,12543.339285714286,12459.5,12405.767857142857,12543.464285714286,30.232142857142858,0.7523809523809524,299,-105,269,12442.5,12454.25,83.71428571428623,1674.2857142857247,1669.7857142857247,12392.5,12447.5,12372.5,12484.977168540237,12259.42426914017,12488.894269783495,12255.526118556047,12122.5,12665.0,11870.0,10:00,above_vah,inside_both,in_week_va,neg,pos
long,2023-02-13 10:45:00-05:00,2023-02-13,2023-02-13 16:55:00-05:00,eod,12486.125,12544.875,12486.0,12425.42857142857,12574.892857142859,28.321428571428573,0.7538461538461538,672,-66,6,12459.75,12464.75,58.75,1175.0,1170.5,12392.5,12465.0,12387.5,12506.61858133313,12237.887555973753,12500.794245622077,12243.683713960034,12122.5,12665.0,11870.0,10:00,above_vah,inside_both,in_week_va,neg,pos
long,2023-02-14 09:55:00-05:00,2023-02-14,2023-02-14 10:35:00-05:00,sl,12585.625,12495.92857142857,12585.5,12496.05357142857,12723.142857142859,48.19642857142857,0.7086956521739131,408,-2,89,12513.5,12556.75,-89.69642857142935,-1793.928571428587,-1798.428571428587,12540.0,12570.0,12457.5,12604.160695396995,12415.174131974323,12613.325986815344,12406.060712671613,12122.5,12665.0,11870.0,09:00,above_vah,inside_both,in_week_va,neg,pos
long,2023-02-15 13:40:00-05:00,2023-02-15,2023-02-15 15:55:00-05:00,tp,12677.875,12728.660714285714,12677.75,12644.732142857143,12728.785714285714,18.017857142857142,0.7297297297297297,763,-29,310,12650.0,12673.5,50.785714285713766,1015.7142857142753,1011.2142857142753,12572.5,12617.5,12547.5,12739.437509715452,12432.435653920153,12767.409461997366,12404.607241336313,12122.5,12665.0,11870.0,13:00,above_vah,inside_both,above_week_vah,neg,pos
long,2023-02-14 13:00:00-05:00,2023-02-14,2023-02-14 16:55:00-05:00,eod,12578.125,12617.875,12578.0,12489.910714285714,12694.678571428572,28.589285714285715,0.8473282442748091,682,-24,432,12513.5,12547.25,39.75,795.0,790.5,12520.0,12555.0,12437.5,12668.070246866764,12351.626284622078,12681.982222754932,12337.793045305298,12122.5,12665.0,11870.0,13:00,above_vah,inside_both,in_week_va,neg,pos
long,2023-02-14 14:30:00-05:00,2023-02-14,2023-02-14 16:55:00-05:00,eod,12618.125,12617.875,12618.0,12565.410714285714,12697.178571428572,26.589285714285715,0.897196261682243,594,16,6,12589.25,12607.0,-0.25,-5.0,-9.5,12520.0,12580.0,12437.5,12672.741065394699,12346.981901177083,12704.487875950994,12315.414765674555,12122.5,12665.0,11870.0,14:00,above_vah,inside_both,in_week_va,pos,pos
long,2023-02-15 10:15:00-05:00,2023-02-15,2023-02-15 14:10:00-05:00,tp,12595.125,12710.803571428572,12595.0,12518.535714285714,12710.928571428572,39.464285714285715,0.8614457831325302,649,-1,198,12560.0,12590.0,115.67857142857247,2313.5714285714494,2309.0714285714494,12555.0,12595.0,12545.0,12686.76346634264,12484.83939737948,12702.099250468496,12469.582309720741,12122.5,12665.0,11870.0,10:00,in_va,inside_both,in_week_va,neg,pos
long,2023-02-15 11:00:00-05:00,2023-02-15,2023-02-15 14:00:00-05:00,tp,12588.625,12686.089285714286,12588.5,12524.392857142857,12686.214285714286,33.607142857142854,0.762962962962963,691,-167,210,12564.25,12584.0,97.46428571428623,1949.2857142857247,1944.7857142857247,12572.5,12597.5,12550.0,12709.300684388916,12462.417830376831,12722.185898422857,12449.598737567228,12122.5,12665.0,11870.0,11:00,in_va,inside_both,in_week_va,neg,pos
long,2023-02-15 11:25:00-05:00,2023-02-15,2023-02-15 15:55:00-05:00,tp,12632.625,12723.267857142859,12632.5,12569.55357142857,12723.392857142859,27.946428571428573,0.7733333333333333,807,-70,129,12603.0,12618.75,90.6428571428587,1812.857142857174,1808.357142857174,12572.5,12602.5,12555.0,12731.328181315092,12440.503368830745,12734.614587602298,12437.233826928312,12122.5,12665.0,11870.0,11:00,above_vah,inside_both,in_week_va,neg,pos
long,2023-02-16 10:45:00-05:00,2023-02-16,2023-02-16 15:05:00-05:00,sl,12664.625,12593.42857142857,12664.5,12593.55357142857,12768.642857142859,33.19642857142857,0.9210526315789473,777,-59,14,12639.5,12652.0,-71.19642857142935,-1423.928571428587,-1428.428571428587,12550.0,12645.0,12520.0,12846.56057854411,12426.67623567865,12847.761163352892,12425.496700542726,12122.5,12665.0,11870.0,10:00,above_vah,inside_both,in_week_va,neg,pos
long,2023-02-16 12:30:00-05:00,2023-02-16,2023-02-16 13:20:00-05:00,sl,12679.125,12626.17857142857,12679.0,12626.30357142857,12756.142857142859,24.446428571428573,0.7769784172661871,872,-28,107,12660.75,12668.5,-52.94642857142935,-1058.928571428587,-1063.428571428587,12645.0,12670.0,12545.0,12857.703286564554,12415.728891081822,12882.763224997858,12391.108324779512,12122.5,12665.0,11870.0,12:00,above_vah,inside_both,above_week_vah,neg,pos
long,2023-02-17 13:05:00-05:00,2023-02-17,2023-02-17 14:30:00-05:00,tp,12300.625,12360.410714285714,12300.5,12259.607142857143,12360.535714285714,19.142857142857142,0.8144329896907216,309,-63,-2,12282.5,12287.75,59.785714285713766,1195.7142857142753,1191.2142857142753,12315.0,12392.5,12305.0,12576.051409688635,12280.374596182708,12603.879213214452,12252.718117948827,12122.5,12665.0,11870.0,13:00,below_val,inside_both,in_week_va,neg,neg
long,2023-03-03 14:10:00-05:00,2023-03-03,2023-03-03 16:55:00-05:00,eod,12293.125,12324.375,12293.0,12267.357142857143,12331.285714285714,12.642857142857142,0.7413793103448276,382,-38,42,12280.5,12290.0,31.25,625.0,620.5,12195.0,12237.5,12115.0,12232.659135140302,11954.756206560243,12270.975302066767,11916.699754062038,12540.0,12672.5,12422.5,14:00,above_vah,outside_both,below_week_val,neg,pos
long,2023-02-22 12:15:00-05:00,2023-02-22,2023-02-22 14:05:00-05:00,tp,12120.625,12188.910714285714,12120.5,12073.732142857143,12189.035714285714,21.767857142857142,0.8305084745762712,637,-7,180,12100.5,12114.75,68.28571428571377,1365.7142857142753,1361.2142857142753,12100.0,12145.0,12080.0,12233.588633681293,11998.243189139585,12238.294368123414,11993.540851919166,12550.0,12727.5,12472.5,12:00,in_va,inside_both,below_week_val,neg,pos
long,2023-02-22 13:05:00-05:00,2023-02-22,2023-02-22 14:00:00-05:00,sl,12149.875,12120.30357142857,12149.75,12120.42857142857,12194.142857142859,15.071428571428571,0.7727272727272727,365,-38,163,12143.5,12149.0,-29.57142857142935,-591.428571428587,-595.928571428587,12100.0,12142.5,12080.0,12236.28285890304,11995.550908966057,12249.3914686133,11982.4517627846,12550.0,12727.5,12472.5,13:00,above_vah,inside_both,below_week_val,neg,pos
long,2023-02-22 16:50:00-05:00,2023-02-22,2023-02-22 16:55:00-05:00,eod,12176.125,12166.375,12176.0,12083.607142857143,12287.285714285714,18.892857142857142,0.9411764705882353,504,-13,7,12139.0,12157.75,-9.75,-195.0,-199.5,12100.0,12150.0,12080.0,,,,,12550.0,12727.5,12472.5,16:00,above_vah,no_bands,below_week_val,neg,pos
long,2023-03-03 12:55:00-05:00,2023-03-03,2023-03-03 14:30:00-05:00,tp,12265.125,12302.160714285714,12265.0,12239.982142857143,12302.285714285714,12.267857142857142,0.7903225806451613,242,-16,80,12252.25,12259.75,37.035714285713766,740.7142857142753,736.2142857142753,12195.0,12235.0,12135.0,12226.172962779232,11961.19841438411,12256.893311064676,11930.686294591518,12540.0,12672.5,12422.5,12:00,above_vah,outside_both,below_week_val,neg,pos
long,2023-02-24 11:05:00-05:00,2023-02-24,2023-02-24 11:50:00-05:00,tp,11943.875,12009.196428571428,11943.75,11901.589285714286,12009.321428571428,23.410714285714285,0.7391304347826086,651,-35,331,11936.0,11941.25,65.32142857142753,1306.4285714285506,1301.9285714285506,11950.0,12020.0,11925.0,12272.049344371188,11915.992428110236,12294.116026803933,11894.286344912682,12550.0,12727.5,12472.5,11:00,in_va,inside_both,below_week_val,neg,pos
long,2023-02-27 11:05:00-05:00,2023-02-27,2023-02-27 11:30:00-05:00,sl,12114.875,12076.0,12114.75,12076.125,12177.25,23.875,0.8852459016393442,230,-17,25,12103.25,12107.75,-38.875,-777.5,-782.0,12130.0,12177.5,12087.5,12208.341116622149,11923.245666953539,12228.46942036925,11903.335139141382,12540.0,12672.5,12422.5,11:00,in_va,inside_both,below_week_val,neg,pos
long,2023-02-28 11:05:00-05:00,2023-02-28,2023-02-28 11:45:00-05:00,sl,12103.625,12068.44642857143,12103.5,12068.57142857143,12162.607142857141,24.178571428571427,0.7368421052631579,217,-13,148,12089.25,12099.75,-35.17857142857065,-703.571428571413,-708.071428571413,12090.0,12102.5,12057.5,12171.4402264691,11980.05933940268,12192.372778844545,11959.195578640392,12540.0,12672.5,12422.5,11:00,above_vah,inside_both,below_week_val,neg,pos
long,2023-02-28 13:00:00-05:00,2023-02-28,2023-02-28 14:55:00-05:00,sl,12155.625,12128.5,12155.5,12128.625,12195.75,13.375,0.8571428571428571,296,-20,44,12146.25,12151.75,-27.125,-542.5,-547.0,12090.0,12112.5,12060.0,12209.554394389119,11942.070427832117,12218.035460634528,11933.617233306213,12540.0,12672.5,12422.5,13:00,above_vah,inside_both,below_week_val,neg,pos
long,2023-03-01 10:35:00-05:00,2023-03-01,2023-03-01 11:10:00-05:00,sl,12005.625,11937.392857142857,12005.5,11937.517857142857,12105.964285714286,32.482142857142854,0.75,1142,-1,85,11971.5,11986.25,-68.23214285714312,-1364.6428571428623,-1369.1428571428623,12052.5,12080.0,11970.0,12114.786035796107,11978.519967347338,12134.249070803824,11959.074292746718,12540.0,12672.5,12422.5,10:00,in_va,inside_both,below_week_val,neg,pos
long,2023-03-02 14:25:00-05:00,2023-03-02,2023-03-02 16:55:00-05:00,eod,12043.875,12052.125,12043.75,11991.642857142857,12117.964285714286,22.107142857142858,0.7703703703703704,436,-81,123,12011.25,12036.5,8.25,165.0,160.5,11907.5,11930.0,11865.0,12092.87656557889,11751.020618981525,12124.937752865882,11719.301169803952,12540.0,12672.5,12422.5,14:00,above_vah,inside_both,below_week_val,neg,pos
long,2023-03-01 16:15:00-05:00,2023-03-01,2023-03-01 16:55:00-05:00,eod,11982.875,11985.125,11982.75,11953.94642857143,12027.607142857141,16.053571428571427,0.847457627118644,317,-40,67,11974.0,11982.0,2.25,45.0,40.5,11960.0,12030.0,11942.5,12172.043457641234,11921.313617298165,12209.485443489715,11883.905028508088,12540.0,12672.5,12422.5,16:00,in_va,inside_both,below_week_val,neg,pos
long,2023-03-01 15:40:00-05:00,2023-03-01,2023-03-01 16:55:00-05:00,eod,11967.875,11985.125,11967.75,11936.69642857143,12014.857142857141,16.053571428571427,0.7066666666666667,383,-42,210,11951.5,11967.0,17.25,345.0,340.5,11970.0,12032.5,11942.5,12169.593085120778,11923.761804164405,12205.438224625057,11887.94863738247,12540.0,12672.5,12422.5,15:00,in_va,inside_both,below_week_val,neg,pos
long,2023-03-02 10:50:00-05:00,2023-03-02,2023-03-02 14:00:00-05:00,tp,11927.875,12006.732142857141,11927.75,11875.94642857143,12006.857142857141,27.303571428571427,0.8017241379310345,885,-4,225,11908.75,11924.75,78.8571428571413,1577.142857142826,1572.642857142826,11900.0,11915.0,11860.0,12048.111522405383,11795.30851447222,12073.5186822268,11770.172167914372,12540.0,12672.5,12422.5,10:00,above_vah,inside_both,below_week_val,neg,pos
long,2023-03-02 13:55:00-05:00,2023-03-02,2023-03-02 15:30:00-05:00,tp,11999.125,12061.910714285714,11999.0,11953.857142857143,12062.035714285714,17.892857142857142,0.8813559322033898,1026,-8,81,11954.25,11980.0,62.785714285713766,1255.7142857142753,1251.2142857142753,11907.5,11930.0,11875.0,12090.781762314897,11753.093093873813,12117.252245902593,11726.90475744853,12540.0,12672.5,12422.5,13:00,above_vah,inside_both,below_week_val,neg,pos
long,2023-03-03 09:40:00-05:00,2023-03-03,2023-03-03 09:50:00-05:00,tp,12144.375,12192.267857142859,12144.25,12110.55357142857,12192.392857142859,14.446428571428571,0.788235294117647,562,-24,215,12127.5,12141.75,47.8928571428587,957.857142857174,953.357142857174,12120.0,12150.0,12067.5,12158.931303787715,12027.984296338911,12173.719647056962,12013.296191335261,12540.0,12672.5,12422.5,09:00,in_va,inside_both,below_week_val,neg,pos
long,2023-03-03 12:45:00-05:00,2023-03-03,2023-03-03 14:05:00-05:00,tp,12242.375,12281.946428571428,12242.25,12214.839285714286,12282.071428571428,12.410714285714286,0.9047619047619048,710,-8,39,12232.25,12236.5,39.57142857142753,791.4285714285506,786.9285714285506,12195.0,12235.0,12140.0,12224.275046764851,11963.083465954785,12251.409937610264,11936.132500674663,12540.0,12672.5,12422.5,12:00,above_vah,inside_90_only,below_week_val,neg,pos
long,2023-03-06 10:40:00-05:00,2023-03-06,2023-03-06 12:40:00-05:00,sl,12470.625,12416.0,12470.5,12416.125,12550.75,25.875,0.875,1003,4,174,12428.75,12447.75,-54.625,-1092.5,-1097.0,12365.0,12395.0,12322.5,12417.284821791622,12268.13097618099,12449.86234630147,12235.648990798094,12095.0,12247.5,12055.0,10:00,above_vah,outside_both,above_week_vah,pos,pos
long,2023-03-07 12:15:00-05:00,2023-03-07,2023-03-07 13:40:00-05:00,sl,12262.125,12201.517857142857,12262.0,12201.642857142857,12346.714285714286,24.357142857142858,0.8851351351351351,686,-95,16,12238.75,12258.75,-60.60714285714312,-1212.1428571428623,-1216.6428571428623,12230.0,12327.5,12192.5,12412.68077687752,12232.840749165092,12438.206699954972,12207.321039672175,12095.0,12247.5,12055.0,12:00,in_va,inside_both,above_week_vah,neg,pos
long,2023-03-08 11:45:00-05:00,2023-03-08,2023-03-08 12:25:00-05:00,sl,12245.875,12191.660714285714,12245.75,12191.785714285714,12323.678571428572,23.964285714285715,0.8297872340425532,1728,-6,322,12232.25,12244.25,-54.214285714286234,-1084.2857142857247,-1088.7857142857247,12177.5,12200.0,12152.5,12267.606184455695,12093.209712657488,12291.449633236349,12069.385342158004,12095.0,12247.5,12055.0,11:00,above_vah,inside_both,in_week_va,neg,pos
long,2023-03-08 14:25:00-05:00,2023-03-08,2023-03-08 15:05:00-05:00,sl,12196.125,12164.517857142857,12196.0,12164.642857142857,12243.714285714286,16.357142857142858,0.7857142857142857,292,-22,82,12172.0,12187.25,-31.607142857143117,-632.1428571428623,-636.6428571428623,12175.0,12202.5,12150.0,12285.310057300805,12075.520005525865,12327.636431831274,12033.227498347456,12095.0,12247.5,12055.0,14:00,in_va,inside_both,in_week_va,neg,pos
long,2023-03-08 13:50:00-05:00,2023-03-08,2023-03-08 15:40:00-05:00,tp,12163.375,12220.553571428572,12163.25,12123.910714285714,12220.678571428572,18.089285714285715,0.7011494252873564,581,-111,39,12150.0,12154.75,57.17857142857247,1143.5714285714494,1139.0714285714494,12175.0,12207.5,12152.5,12282.146844199418,12078.680687589502,12318.632657680955,12042.224068148418,12095.0,12247.5,12055.0,13:00,in_va,inside_both,in_week_va,neg,pos
long,2023-03-14 09:35:00-04:00,2023-03-14,2023-03-14 16:55:00-04:00,eod,12256.125,12335.875,12256.0,12164.357142857143,12393.035714285714,45.392857142857146,0.9278350515463918,396,-12,65,12238.0,12244.0,79.75,1595.0,1590.5,12092.5,12165.0,12065.0,12230.729824757766,12050.2738281583,12243.730781143466,12037.416377240274,12090.0,12180.0,11955.0,09:00,above_vah,outside_both,above_week_vah,neg,pos
long,2023-03-10 14:00:00-05:00,2023-03-10,2023-03-10 16:55:00-05:00,eod,11850.875,11892.375,11850.75,11781.535714285714,11944.678571428572,24.714285714285715,0.8383838383838383,843,-23,213,11833.0,11844.75,41.5,830.0,825.5,11995.0,12027.5,11900.0,12112.021102441244,11915.29735193106,12150.051645051692,11877.294498390993,12095.0,12247.5,12055.0,14:00,below_val,outside_both,below_week_val,neg,pos
long,2023-03-10 14:45:00-05:00,2023-03-10,2023-03-10 15:40:00-05:00,sl,11893.375,11807.69642857143,11893.25,11807.82142857143,12012.107142857141,33.42857142857143,0.8903508771929824,1057,-28,72,11833.5,11877.25,-85.67857142857065,-1713.571428571413,-1718.071428571413,11995.0,12030.0,11870.0,12118.121510589106,11909.201385335145,12153.134548731297,11874.213839295113,12095.0,12247.5,12055.0,14:00,in_va,inside_90_only,below_week_val,neg,pos
long,2023-03-13 10:30:00-04:00,2023-03-13,2023-03-13 16:55:00-04:00,eod,12049.625,12072.875,12049.5,11906.214285714286,12262.821428571428,70.03571428571429,0.7749287749287749,302,-27,97,11995.5,12036.5,23.25,465.0,460.5,12005.0,12120.0,11905.0,11955.134929205578,11823.89667134731,11970.35667802949,11808.682602194867,12090.0,12180.0,11955.0,10:00,in_va,outside_both,in_week_va,neg,pos
long,2023-03-13 10:55:00-04:00,2023-03-13,2023-03-13 16:55:00-04:00,eod,12067.375,12072.875,12067.25,11941.232142857143,12256.535714285714,63.267857142857146,0.8299319727891157,537,-16,131,12021.0,12040.75,5.5,110.0,105.5,12005.0,12120.0,11922.5,11957.621961000097,11821.410894309218,11981.332976249407,11797.711841733146,12090.0,12180.0,11955.0,10:00,in_va,outside_both,in_week_va,neg,pos
long,2023-03-15 11:40:00-04:00,2023-03-15,2023-03-15 12:55:00-04:00,sl,12272.875,12200.0,12272.75,12200.125,12380.5,35.125,0.7142857142857143,587,-65,468,12240.25,12266.0,-72.875,-1457.5,-1462.0,12242.5,12257.5,12157.5,12428.874578396257,12118.57027889855,12444.610192703905,12102.994750485488,12090.0,12180.0,11955.0,11:00,above_vah,inside_both,above_week_vah,neg,pos
long,2023-03-15 15:55:00-04:00,2023-03-15,2023-03-15 16:55:00-04:00,eod,12391.625,12397.125,12391.5,12267.07142857143,12558.607142857141,42.67857142857143,0.9702380952380952,976,-1,88,12368.25,12386.0,5.5,110.0,105.5,12227.5,12292.5,12132.5,12472.454266516777,12075.433947689435,12492.597362538665,12055.495776971595,12090.0,12180.0,11955.0,15:00,above_vah,inside_both,above_week_vah,neg,pos
long,2023-03-16 09:55:00-04:00,2023-03-16,2023-03-16 10:55:00-04:00,tp,12417.375,12523.267857142859,12417.25,12341.67857142857,12523.392857142859,30.571428571428573,0.8486486486486486,755,-70,51,12375.5,12383.0,105.8928571428587,2117.857142857174,2113.357142857174,12407.5,12452.5,12372.5,12449.463438129967,12293.255570019643,12459.007233532058,12283.751805863267,12090.0,12180.0,11955.0,09:00,in_va,inside_both,above_week_vah,neg,pos
long,2023-03-16 10:40:00-04:00,2023-03-16,2023-03-16 11:05:00-04:00,tp,12444.125,12550.982142857141,12444.0,12372.69642857143,12551.107142857141,35.80357142857143,0.73224043715847,747,-23,263,12407.25,12419.75,106.8571428571413,2137.142857142826,2132.642857142826,12405.0,12430.0,12365.0,12461.501711280745,12281.267791148148,12486.69286465143,12256.182301531544,12090.0,12180.0,11955.0,10:00,above_vah,inside_both,above_week_vah,neg,pos
long,2023-03-16 14:55:00-04:00,2023-03-16,2023-03-16 16:55:00-04:00,eod,12689.125,12711.375,12689.0,12650.964285714286,12748.571428571428,21.535714285714285,0.775,432,-6,275,12685.5,12688.5,22.25,445.0,440.5,12630.0,12687.5,12415.0,12541.081000713233,12202.022295343319,12542.269095853557,12200.83918364265,12090.0,12180.0,11955.0,14:00,above_vah,outside_both,above_week_vah,neg,pos
long,2023-03-20 10:00:00-04:00,2023-03-20,2023-03-20 16:55:00-04:00,eod,12605.625,12700.875,12605.5,12528.410714285714,12715.428571428572,32.839285714285715,0.7884615384615384,612,-36,265,12565.25,12593.25,95.25,1905.0,1900.5,12567.5,12655.0,12550.0,12703.70050831397,12567.910778634046,12712.072961873975,12559.555204353464,12165.0,12412.5,12075.0,10:00,in_va,inside_both,above_week_vah,neg,pos
long,2023-03-20 10:20:00-04:00,2023-03-20,2023-03-20 16:55:00-04:00,eod,12608.875,12700.875,12608.75,12515.07142857143,12742.107142857141,39.67857142857143,0.8288288288288288,1157,-122,95,12576.75,12599.0,92.0,1840.0,1835.5,12577.5,12650.0,12550.0,12717.814969240568,12553.824773156997,12725.545019105215,12546.110307454233,12165.0,12412.5,12075.0,10:00,in_va,inside_both,above_week_vah,neg,pos
long,2023-03-20 10:45:00-04:00,2023-03-20,2023-03-20 16:55:00-04:00,eod,12635.375,12700.875,12635.25,12550.05357142857,12760.392857142859,39.94642857142857,0.7340425531914894,819,-188,38,12617.5,12628.0,65.5,1310.0,1305.5,12605.0,12647.5,12552.5,12731.142261483521,12540.524349392696,12738.790738423742,12532.891292159315,12165.0,12412.5,12075.0,10:00,in_va,inside_both,above_week_vah,neg,pos
long,2023-03-21 09:30:00-04:00,2023-03-21,2023-03-21 10:15:00-04:00,sl,12807.125,12760.94642857143,12807.0,12761.07142857143,12865.857142857141,12.928571428571429,0.7696969696969697,787,-15,330,12774.25,12789.75,-46.17857142857065,-923.571428571413,-928.071428571413,12725.0,12747.5,12682.5,12780.424092278312,12695.855979646045,12781.179544610553,12695.104918017367,12165.0,12412.5,12075.0,09:00,above_vah,outside_both,above_week_vah,neg,pos
long,2023-03-21 09:55:00-04:00,2023-03-21,2023-03-21 10:05:00-04:00,sl,12815.125,12775.75,12815.0,12775.875,12872.5,18.375,0.7578947368421053,570,-3,64,12788.25,12803.5,-39.375,-787.5,-792.0,12787.5,12815.0,12720.0,12832.89207269002,12643.692944150924,12838.519668516548,12638.098056020144,12165.0,12412.5,12075.0,09:00,in_va,inside_both,above_week_vah,neg,pos
long,2023-03-21 15:35:00-04:00,2023-03-21,2023-03-21 16:55:00-04:00,eod,12879.875,12876.125,12879.75,12835.875,12938.5,14.875,0.9344262295081968,686,-13,20,12852.0,12868.0,-3.75,-75.0,-79.5,12775.0,12815.0,12730.0,12954.283893050759,12523.006655397143,12941.755031995095,12535.462698470112,12165.0,12412.5,12075.0,15:00,above_vah,inside_both,above_week_vah,neg,pos
long,2023-03-22 10:20:00-04:00,2023-03-22,2023-03-22 14:00:00-04:00,tp,12901.375,12958.696428571428,12901.25,12862.089285714286,12958.821428571428,18.410714285714285,0.7884615384615384,1009,-1,493,12876.0,12895.75,57.32142857142753,1146.4285714285506,1141.9285714285506,12867.5,12887.5,12855.0,12943.6735668699,12805.096069155787,12954.967751497508,12793.805173777175,12165.0,12412.5,12075.0,10:00,above_vah,inside_both,above_week_vah,neg,pos
long,2023-03-22 11:20:00-04:00,2023-03-22,2023-03-22 12:20:00-04:00,sl,12922.125,12886.785714285714,12922.0,12886.910714285714,12974.428571428572,17.339285714285715,0.8266666666666667,623,6,70,12906.5,12918.25,-35.339285714286234,-706.7857142857247,-711.2857142857247,12867.5,12902.5,12830.0,12979.50486201147,12769.275209300638,12985.478130510019,12763.303680420137,12165.0,12412.5,12075.0,11:00,above_vah,inside_both,above_week_vah,pos,pos
long,2023-03-22 14:40:00-04:00,2023-03-22,2023-03-22 15:00:00-04:00,sl,13020.375,12903.44642857143,13020.25,12903.57142857143,13185.857142857141,48.92857142857143,0.7485714285714286,664,14,225,12981.5,12991.5,-116.92857142857065,-2338.571428571413,-2343.071428571413,12880.0,12942.5,12852.5,13036.19768471376,12712.598897467982,13029.206544226277,12719.58800189863,12165.0,12412.5,12075.0,14:00,above_vah,inside_both,above_week_vah,pos,pos
long,2023-03-23 14:55:00-04:00,2023-03-23,2023-03-23 16:55:00-04:00,eod,12804.625,12872.375,12804.5,12700.517857142857,12944.214285714286,35.732142857142854,0.7686832740213523,1069,115,36,12764.5,12776.0,67.75,1355.0,1350.5,12930.0,13017.5,12852.5,13017.095243885968,12538.875062461102,13008.21082384064,12547.651323447904,12165.0,12412.5,12075.0,14:00,below_val,inside_both,above_week_vah,pos,pos
long,2023-03-24 15:15:00-04:00,2023-03-24,2023-03-24 16:55:00-04:00,eod,12869.375,12922.625,12869.25,12817.05357142857,12942.392857142859,20.946428571428573,0.8057553956834532,874,-23,352,12850.25,12868.0,53.25,1065.0,1060.5,12800.0,12845.0,12775.0,13035.922784649867,12663.90803433617,13033.987690168742,12665.836251320887,12165.0,12412.5,12075.0,15:00,above_vah,inside_both,above_week_vah,neg,pos
long,2023-03-29 15:15:00-04:00,2023-03-29,2023-03-29 16:55:00-04:00,eod,12976.375,12960.125,12976.25,12943.732142857143,13023.285714285714,14.517857142857142,0.8117647058823529,340,-8,174,12937.25,12965.25,-16.25,-325.0,-329.5,12910.0,12935.0,12870.0,13046.367732667608,12591.102259428786,13047.085620505368,12590.392156101536,12640.0,12805.0,12227.5,15:00,above_vah,inside_both,above_week_vah,neg,pos
long,2023-03-27 13:40:00-04:00,2023-03-27,2023-03-27 14:00:00-04:00,sl,12826.625,12795.035714285714,12826.5,12795.160714285714,12874.178571428572,16.339285714285715,0.921875,587,-3,25,12815.5,12818.5,-31.589285714286234,-631.7857142857247,-636.2857142857247,12937.5,12962.5,12842.5,13057.995938876385,12784.04069115871,13058.56822680597,12783.468558227696,12640.0,12805.0,12227.5,13:00,below_val,inside_both,above_week_vah,neg,pos
long,2023-03-28 14:40:00-04:00,2023-03-28,2023-03-28 15:35:00-04:00,tp,12672.625,12706.732142857141,12672.5,12650.19642857143,12706.857142857141,12.053571428571429,0.7142857142857143,230,-15,57,12664.0,12671.25,34.1071428571413,682.142857142826,677.642857142826,12702.5,12717.5,12650.0,12958.81670928775,12632.111995861043,12964.133568325038,12626.810903696058,12640.0,12805.0,12227.5,14:00,in_va,inside_both,in_week_va,neg,pos
long,2023-03-29 11:00:00-04:00,2023-03-29,2023-03-29 12:20:00-04:00,tp,12873.875,12927.375,12873.75,12839.5,12927.5,19.5,0.7123287671232876,215,-72,103,12864.0,12871.75,53.5,1070.0,1065.5,12910.0,12925.0,12845.0,12980.089118134194,12656.662173150882,12984.46867414467,12652.330107427888,12640.0,12805.0,12227.5,11:00,in_va,inside_both,above_week_vah,neg,pos
long,2023-03-29 15:45:00-04:00,2023-03-29,2023-03-29 15:55:00-04:00,sl,12987.875,12960.017857142857,12987.75,12960.142857142857,13030.214285714286,14.857142857142858,0.7419354838709677,853,-14,249,12976.25,12982.75,-27.857142857143117,-557.1428571428623,-561.6428571428623,12910.0,12935.0,12860.0,13053.296212370802,12584.248909599968,13053.352245324953,12584.193484246473,12640.0,12805.0,12227.5,15:00,above_vah,inside_both,above_week_vah,neg,pos
long,2023-03-30 14:20:00-04:00,2023-03-30,2023-03-30 16:55:00-04:00,eod,13057.125,13089.625,13057.0,13027.089285714286,13100.571428571428,13.660714285714286,0.7971014492753623,941,-6,64,13040.75,13046.75,32.5,650.0,645.5,13057.5,13090.0,13035.0,13203.103437175228,12823.003199705294,13214.398355718109,12811.798624949148,12640.0,12805.0,12227.5,14:00,in_va,inside_both,above_week_vah,neg,pos
long,2023-03-31 10:30:00-04:00,2023-03-31,2023-03-31 12:25:00-04:00,tp,13167.875,13228.982142857141,13167.75,13126.07142857143,13229.107142857141,19.678571428571427,0.8333333333333334,248,-17,34,13140.0,13162.75,61.1071428571413,1222.142857142826,1217.642857142826,13142.5,13155.0,13095.0,13146.44927606534,13035.310081624177,13174.452568685936,13007.311601668445,12640.0,12805.0,12227.5,10:00,above_vah,inside_90_only,above_week_vah,neg,pos
long,2023-03-31 15:00:00-04:00,2023-03-31,2023-03-31 16:55:00-04:00,eod,13268.125,13307.875,13268.0,13233.625,13315.0,12.625,0.9111111111111111,297,-3,39,13247.0,13252.25,39.75,795.0,790.5,13227.5,13250.0,13135.0,13226.384494490505,12955.388600919869,13243.20656238096,12938.569424081414,12640.0,12805.0,12227.5,15:00,above_vah,outside_both,above_week_vah,neg,pos
long,2023-04-03 09:45:00-04:00,2023-04-03,2023-04-03 10:45:00-04:00,sl,13260.375,13207.107142857143,13260.25,13207.232142857143,13328.035714285714,14.767857142857142,0.8571428571428571,410,-290,7,13243.0,13247.75,-53.26785714285688,-1065.3571428571377,-1069.8571428571377,13215.0,13235.0,13202.5,13345.543892268395,13172.981875350273,13358.767470524022,13159.855426999553,12880.0,12957.5,12720.0,09:00,above_vah,inside_both,above_week_vah,neg,pos
long,2023-04-04 12:40:00-04:00,2023-04-04,2023-04-04 14:30:00-04:00,sl,13228.875,13193.982142857143,13228.75,13194.107142857143,13281.785714285714,18.392857142857142,0.8472222222222222,993,10,82,13215.0,13224.5,-34.89285714285688,-697.8571428571377,-702.3571428571377,13237.5,13302.5,13227.5,13395.507427477776,13151.184327792891,13414.169878917543,13132.554186813097,12880.0,12957.5,12720.0,12:00,in_va,inside_both,above_week_vah,pos,pos
long,2023-04-04 13:15:00-04:00,2023-04-04,2023-04-04 14:25:00-04:00,sl,13233.625,13198.732142857143,13233.5,13198.857142857143,13283.285714285714,15.142857142857142,0.8279569892473119,221,-3,94,13228.75,13232.5,-34.89285714285688,-697.8571428571377,-702.3571428571377,13237.5,13292.5,13215.0,13398.319416356799,13148.37720733399,13419.058211978545,13127.674316964452,12880.0,12957.5,12720.0,13:00,in_va,inside_both,above_week_vah,neg,pos
long,2023-04-04 15:50:00-04:00,2023-04-04,2023-04-04 16:55:00-04:00,eod,13206.625,13231.125,13206.5,13164.44642857143,13266.357142857141,17.803571428571427,0.8037383177570093,929,7,32,13191.25,13198.75,24.5,490.0,485.5,13237.5,13275.0,13187.5,13413.021559105631,13133.700518529206,13444.265181312834,13102.510988669303,12880.0,12957.5,12720.0,15:00,in_va,inside_both,above_week_vah,pos,pos
long,2023-04-05 13:15:00-04:00,2023-04-05,2023-04-05 14:35:00-04:00,tp,13041.125,13082.339285714286,13041.0,13013.517857142857,13082.464285714286,13.982142857142858,0.9636363636363636,494,-5,4,13024.25,13028.75,41.214285714286234,824.2857142857247,819.7857142857247,13042.5,13152.5,13007.5,13301.771919168328,13103.5345530359,13364.50453592607,13041.074557947582,12880.0,12957.5,12720.0,13:00,in_va,outside_both,above_week_vah,neg,pos
long,2023-04-05 13:55:00-04:00,2023-04-05,2023-04-05 16:55:00-04:00,eod,13057.625,13072.375,13057.5,13033.517857142857,13094.214285714286,12.732142857142858,0.7586206896551724,619,-5,221,13049.0,13054.25,14.75,295.0,290.5,13042.5,13147.5,13007.5,13299.037166032876,13106.257421556875,13372.25794478789,13033.354843635374,12880.0,12957.5,12720.0,13:00,in_va,inside_90_only,above_week_vah,neg,pos
long,2023-04-06 13:35:00-04:00,2023-04-06,2023-04-06 16:55:00-04:00,eod,13162.375,13163.375,13162.25,13130.125,13208.75,14.375,0.8536585365853658,596,0,184,13151.0,13161.0,1.0,20.0,15.5,13027.5,13082.5,12967.5,13145.671221794295,12939.664618581124,13205.039995753985,12880.568334691241,12880.0,12957.5,12720.0,13:00,above_vah,inside_90_only,above_week_vah,zero,pos
long,2023-04-10 11:35:00-04:00,2023-04-10,2023-04-10 12:00:00-04:00,sl,13077.875,13046.214285714286,13077.75,13046.339285714286,13125.821428571428,16.660714285714285,0.7049180327868853,250,-3,29,13062.75,13073.0,-31.660714285713766,-633.2142857142753,-637.7142857142753,12982.5,13065.0,12975.0,13242.446197329253,12965.521986066515,13281.205815221623,12927.114969248525,12910.0,13062.5,12635.0,11:00,above_vah,inside_both,above_week_vah,neg,pos
long,2023-04-11 14:25:00-04:00,2023-04-11,2023-04-11 15:35:00-04:00,sl,13126.625,13104.589285714286,13126.5,13104.714285714286,13159.071428571428,10.785714285714286,0.851063829787234,425,-14,56,13122.0,13125.75,-22.035714285713766,-440.7142857142753,-445.2142857142753,13085.0,13122.5,13062.5,13262.490722796209,13062.808746471517,13310.773798020911,13014.550425215957,12910.0,13062.5,12635.0,14:00,above_vah,inside_both,above_week_vah,neg,pos
long,2023-04-12 11:40:00-04:00,2023-04-12,2023-04-12 14:30:00-04:00,sl,13042.375,12993.732142857143,13042.25,12993.857142857143,13115.785714285714,25.142857142857142,0.9574468085106383,754,-4,5,13022.75,13029.25,-48.64285714285688,-972.8571428571377,-977.3571428571377,13075.0,13175.0,13035.0,13225.561691459847,13013.083045039968,13273.115636507173,12965.802886671774,12910.0,13062.5,12635.0,11:00,in_va,inside_both,in_week_va,neg,pos
long,2023-04-13 11:35:00-04:00,2023-04-13,2023-04-13 13:40:00-04:00,tp,13133.875,13185.732142857141,13133.75,13100.07142857143,13185.857142857141,18.428571428571427,0.7702702702702703,286,-6,252,13129.5,13132.75,51.8571428571413,1037.142857142826,1032.642857142826,13125.0,13140.0,13022.5,13098.144478612727,12887.485112039729,13143.584177578317,12842.29043918013,12910.0,13062.5,12635.0,11:00,in_va,inside_90_only,above_week_vah,neg,pos
long,2023-04-14 14:20:00-04:00,2023-04-14,2023-04-14 16:30:00-04:00,tp,13148.875,13205.089285714286,13148.75,13109.892857142857,13205.214285714286,17.607142857142858,0.7676767676767676,898,-67,299,13138.5,13142.0,56.214285714286234,1124.2857142857247,1119.7857142857247,13137.5,13185.0,13087.5,13283.383339211236,13036.688646885079,13317.233666330672,13002.94425853835,12910.0,13062.5,12635.0,14:00,in_va,inside_both,above_week_vah,neg,pos
long,2023-04-14 14:10:00-04:00,2023-04-14,2023-04-14 14:45:00-04:00,tp,13123.375,13170.410714285714,13123.25,13092.607142857143,13170.535714285714,16.642857142857142,0.864406779661017,459,-10,14,13106.25,13113.5,47.035714285713766,940.7142857142753,936.2142857142753,13137.5,13185.0,13087.5,13283.251400986837,13036.820172192534,13314.539261023783,13005.630231371593,12910.0,13062.5,12635.0,14:00,in_va,inside_both,above_week_vah,neg,pos
long,2023-04-14 15:35:00-04:00,2023-04-14,2023-04-14 16:55:00-04:00,eod,13169.125,13199.375,13169.0,13138.714285714286,13216.571428571428,17.285714285714285,0.7931034482758621,262,-48,61,13158.75,13163.75,30.25,605.0,600.5,13135.0,13172.5,13087.5,13306.722702936328,13013.422326576674,13332.686270626938,12987.540015072645,12910.0,13062.5,12635.0,15:00,in_va,inside_both,above_week_vah,neg,pos
long,2023-04-18 12:25:00-04:00,2023-04-18,2023-04-18 12:50:00-04:00,sl,13198.125,13168.089285714286,13198.0,13168.214285714286,13244.571428571428,16.785714285714285,0.7857142857142857,277,-71,56,13187.0,13197.25,-30.035714285713766,-600.7142857142753,-605.2142857142753,13177.5,13262.5,13152.5,13367.680847194204,13093.97279767569,13395.707677693721,13066.15490213246,13230.0,13320.0,13105.0,12:00,in_va,inside_both,in_week_va,neg,pos
long,2023-04-20 09:30:00-04:00,2023-04-20,2023-04-20 10:30:00-04:00,tp,13086.375,13153.839285714286,13086.25,13032.392857142857,13153.964285714286,13.857142857142858,0.8475609756097561,1676,-108,134,13057.5,13076.0,67.46428571428623,1349.2857142857247,1344.7857142857247,13060.0,13112.5,13025.0,13171.943235454019,13047.839508854393,13173.269019626929,13046.52547911371,13230.0,13320.0,13105.0,09:00,in_va,inside_both,below_week_val,neg,pos
long,2023-04-20 13:05:00-04:00,2023-04-20,2023-04-20 14:05:00-04:00,sl,13184.125,13158.82142857143,13184.0,13158.94642857143,13223.607142857141,14.553571428571429,0.7692307692307693,397,-9,208,13174.75,13180.0,-25.30357142857065,-506.071428571413,-510.571428571413,13137.5,13160.0,13092.5,13264.304425841781,12956.297194853227,13286.384047887785,12934.413331231757,13230.0,13320.0,13105.0,13:00,above_vah,inside_both,in_week_va,neg,pos
long,2023-04-21 11:30:00-04:00,2023-04-21,2023-04-21 16:55:00-04:00,eod,13078.375,13075.875,13078.25,13040.07142857143,13138.107142857141,21.678571428571427,0.7536231884057971,563,-178,31,13051.25,13074.0,-2.5,-50.0,-54.5,13060.0,13075.0,13022.5,13174.480935853435,12974.232692696796,13199.304901858492,12949.472251469158,13230.0,13320.0,13105.0,11:00,above_vah,inside_both,below_week_val,neg,pos
long,2023-04-24 13:10:00-04:00,2023-04-24,2023-04-24 14:15:00-04:00,tp,13020.125,13060.303571428572,13020.0,12991.535714285714,13060.428571428572,11.964285714285714,0.9253731343283582,507,4,5,13004.5,13014.25,40.17857142857247,803.5714285714494,799.0714285714494,13005.0,13077.5,12970.0,13165.196353532272,12988.313705311568,13193.773689772357,12959.73964691544,13125.0,13177.5,13050.0,13:00,in_va,inside_both,below_week_val,pos,pos
long,2023-04-27 10:10:00-04:00,2023-04-27,2023-04-27 12:10:00-04:00,tp,13077.375,13153.089285714286,13077.25,13024.892857142857,13153.214285714286,23.607142857142858,0.7916666666666666,1250,-170,93,13057.0,13067.75,75.71428571428623,1514.2857142857247,1509.7857142857247,13025.0,13052.5,13005.0,13090.596604966782,12910.960140431187,13106.257007627162,12895.396108555731,13125.0,13177.5,13050.0,10:00,above_vah,inside_both,in_week_va,neg,pos
long,2023-04-25 10:45:00-04:00,2023-04-25,2023-04-25 12:00:00-04:00,sl,12965.125,12913.80357142857,12965.0,12913.92857142857,13038.642857142859,22.571428571428573,0.7966101694915254,1085,-76,40,12948.5,12955.0,-51.32142857142935,-1026.428571428587,-1030.928571428587,12997.5,13025.0,12967.5,13116.506670874898,12921.806552384489,13134.746450810833,12903.652034456758,13125.0,13177.5,13050.0,10:00,below_val,inside_both,below_week_val,neg,pos
long,2023-04-25 16:00:00-04:00,2023-04-25,2023-04-25 16:55:00-04:00,eod,12927.375,12918.625,12927.25,12773.982142857143,13106.535714285714,26.017857142857142,0.8350877192982457,2003,-266,643,12880.25,12887.75,-8.75,-175.0,-179.5,12950.0,13027.5,12877.5,13152.530755203863,12885.950862947593,13196.277815576143,12842.40829858533,13125.0,13177.5,13050.0,16:00,in_va,inside_both,below_week_val,neg,pos
long,2023-04-25 14:25:00-04:00,2023-04-25,2023-04-25 15:40:00-04:00,sl,12857.375,12823.19642857143,12857.25,12823.32142857143,12907.607142857141,16.428571428571427,0.9583333333333334,221,1,31,12847.75,12855.5,-34.17857142857065,-683.571428571413,-688.071428571413,12950.0,13027.5,12915.0,13138.225563094657,12900.189185313235,13177.368559553865,12861.229163127677,13125.0,13177.5,13050.0,14:00,below_val,outside_both,below_week_val,pos,pos
long,2023-04-28 10:05:00-04:00,2023-04-28,2023-04-28 11:00:00-04:00,sl,13243.875,13191.535714285714,13243.75,13191.660714285714,13316.928571428572,21.089285714285715,0.7337662337662337,1760,-80,399,13212.25,13222.5,-52.339285714286234,-1046.7857142857247,-1051.2857142857247,13205.0,13220.0,13192.5,13316.832957497541,13164.33832691538,13324.678222348546,13156.517022490933,13125.0,13177.5,13050.0,10:00,above_vah,inside_both,above_week_vah,neg,pos
long,2023-04-28 15:40:00-04:00,2023-04-28,2023-04-28 16:55:00-04:00,eod,13297.625,13325.625,13297.5,13264.535714285714,13344.678571428572,14.214285714285714,0.7023809523809523,340,-52,116,13287.25,13292.0,28.0,560.0,555.5,13205.0,13265.0,13182.5,13376.336809656816,13105.01620701201,13409.129393330666,13072.323776017214,13125.0,13177.5,13050.0,15:00,above_vah,inside_both,above_week_vah,neg,pos
long,2023-05-01 10:45:00-04:00,2023-05-01,2023-05-01 11:15:00-04:00,sl,13306.625,13266.892857142857,13306.5,13267.017857142857,13365.464285714286,19.482142857142858,0.9512195121951219,549,5,15,13295.75,13303.75,-39.73214285714312,-794.6428571428623,-799.1428571428623,13300.0,13315.0,13287.5,13388.424455046317,13238.193126431359,13406.991346065932,13219.661068143525,13180.0,13197.5,13077.5,10:00,in_va,inside_both,above_week_vah,pos,pos
long,2023-05-02 14:35:00-04:00,2023-05-02,2023-05-02 16:55:00-04:00,eod,13188.375,13169.125,13188.25,13161.607142857143,13230.785714285714,15.892857142857142,0.7,312,4,265,13178.75,13184.5,-19.25,-385.0,-389.5,13130.0,13245.0,13115.0,13388.589020942027,13201.238576824722,13428.540975874363,13161.32191580216,13180.0,13197.5,13077.5,14:00,in_va,inside_90_only,in_week_va,pos,pos
long,2023-05-03 09:50:00-04:00,2023-05-03,2023-05-03 10:25:00-04:00,sl,13236.625,13193.982142857143,13236.5,13194.107142857143,13292.535714285714,13.642857142857142,0.9105691056910569,709,-11,69,13217.75,13230.5,-42.64285714285688,-852.8571428571377,-857.3571428571377,13210.0,13217.5,13190.0,13223.444908856141,13144.860188957215,13252.111069372582,13116.25864078075,13180.0,13197.5,13077.5,09:00,above_vah,inside_90_only,above_week_vah,neg,pos
long,2023-05-03 12:25:00-04:00,2023-05-03,2023-05-03 14:00:00-04:00,tp,13213.375,13252.267857142859,13213.25,13187.30357142857,13252.392857142859,13.196428571428571,0.7192982456140351,314,11,29,13206.25,13211.75,38.8928571428587,777.857142857174,773.357142857174,13200.0,13220.0,13190.0,13284.256551863577,13084.185612877534,13305.277907636348,13063.21163837109,13180.0,13197.5,13077.5,12:00,in_va,inside_both,above_week_vah,pos,pos
long,2023-05-05 13:30:00-04:00,2023-05-05,2023-05-05 14:40:00-04:00,tp,13297.375,13330.875,13297.25,13275.25,13331.0,11.75,0.7608695652173914,460,-17,101,13265.25,13291.5,33.5,670.0,665.5,13257.5,13290.0,13155.0,13228.544959510782,12957.83537384117,13248.206063813477,12938.313057324996,13180.0,13197.5,13077.5,13:00,above_vah,outside_both,above_week_vah,neg,pos
long,2023-05-05 10:30:00-04:00,2023-05-05,2023-05-05 14:00:00-04:00,tp,13252.875,13310.160714285714,13252.75,13213.732142857143,13310.285714285714,18.517857142857142,0.8795180722891566,884,43,-4,13238.5,13242.0,57.285714285713766,1145.7142857142753,1141.2142857142753,13157.5,13202.5,13100.0,13194.99870227254,12991.144827962124,13205.984053111664,12980.237022743206,13180.0,13197.5,13077.5,10:00,above_vah,outside_both,above_week_vah,pos,neg
long,2023-05-08 13:10:00-04:00,2023-05-08,2023-05-08 14:05:00-04:00,sl,13339.125,13316.92857142857,13339.0,13317.05357142857,13370.892857142859,9.946428571428571,0.92,506,-4,34,13325.25,13330.5,-22.19642857142935,-443.928571428587,-448.428571428587,13315.0,13322.5,13280.0,13393.552189578711,13218.007086616846,13420.767308328943,13190.811391902385,12950.0,13117.5,12837.5,13:00,above_vah,inside_both,above_week_vah,neg,pos
long,2023-05-10 11:20:00-04:00,2023-05-10,2023-05-10 13:15:00-04:00,sl,13362.875,13312.25,13362.75,13312.375,13440.75,27.625,0.9473684210526315,419,-2,63,13340.25,13348.0,-50.625,-1012.5,-1017.0,13402.5,13430.0,13335.0,13433.147987321216,13195.126809795871,13464.673028272122,13163.850002156609,12950.0,13117.5,12837.5,11:00,in_va,inside_both,above_week_vah,neg,pos
long,2023-05-10 13:45:00-04:00,2023-05-10,2023-05-10 14:35:00-04:00,tp,13298.125,13365.017857142859,13298.0,13251.30357142857,13365.142857142859,20.446428571428573,0.8839285714285714,755,-68,92,13278.5,13286.0,66.8928571428587,1337.857142857174,1333.357142857174,13340.0,13405.0,13315.0,13452.980776477418,13175.450187254619,13483.538668711786,13145.132912845233,12950.0,13117.5,12837.5,13:00,below_val,inside_both,above_week_vah,neg,pos
long,2023-05-11 14:40:00-04:00,2023-05-11,2023-05-11 15:40:00-04:00,sl,13468.125,13431.80357142857,13468.0,13431.92857142857,13520.142857142859,16.071428571428573,0.8426966292134831,679,-4,186,13440.25,13467.5,-36.32142857142935,-726.428571428587,-730.928571428587,13432.5,13450.0,13397.5,13523.282518689732,13312.849794449277,13550.434039225589,13285.735683146875,12950.0,13117.5,12837.5,14:00,above_vah,inside_both,above_week_vah,neg,pos
long,2023-05-11 11:25:00-04:00,2023-05-11,2023-05-11 13:50:00-04:00,sl,13434.625,13393.785714285714,13434.5,13393.910714285714,13494.678571428572,19.589285714285715,0.7325581395348837,531,-88,21,13418.75,13426.5,-40.839285714286234,-816.7857142857247,-821.2857142857247,13390.0,13427.5,13380.0,13497.032188431565,13339.063957129589,13530.045486718744,13306.096144404852,12950.0,13117.5,12837.5,11:00,above_vah,inside_both,above_week_vah,neg,pos
long,2023-05-16 09:40:00-04:00,2023-05-16,2023-05-16 16:55:00-04:00,eod,13500.125,13503.125,13500.0,13449.857142857143,13564.535714285714,14.392857142857142,0.8726114649681529,1480,-62,308,13480.25,13487.25,3.0,60.0,55.5,13460.0,13475.0,13445.0,13478.847821351765,13420.933332165256,13495.530953730215,13404.285204130962,13302.5,13352.5,13142.5,09:00,above_vah,outside_both,above_week_vah,neg,pos
long,2023-05-12 11:55:00-04:00,2023-05-12,2023-05-12 12:10:00-04:00,sl,13405.375,13371.142857142857,13405.25,13371.267857142857,13455.464285714286,16.232142857142858,0.7530864197530864,497,-63,95,13379.5,13399.25,-34.23214285714312,-684.6428571428623,-689.1428571428623,13475.0,13492.5,13405.0,13535.564865437098,13379.540485184685,13576.115762685637,13339.052816985912,12950.0,13117.5,12837.5,11:00,in_va,inside_both,above_week_vah,neg,pos
long,2023-05-12 13:20:00-04:00,2023-05-12,2023-05-12 13:55:00-04:00,sl,13366.625,13317.67857142857,13366.5,13317.80357142857,13430.142857142859,14.946428571428571,0.8985507246376812,1126,50,45,13341.0,13346.25,-48.94642857142935,-978.928571428587,-983.428571428587,13475.0,13492.5,13385.0,13538.029840550469,13377.079353587602,13576.718960377588,13338.4505598309,12950.0,13117.5,12837.5,13:00,below_val,inside_90_only,above_week_vah,pos,pos
long,2023-05-15 10:30:00-04:00,2023-05-15,2023-05-15 11:50:00-04:00,tp,13384.125,13446.625,13384.0,13341.625,13446.75,20.375,0.8,842,-213,47,13370.25,13377.5,62.5,1250.0,1245.5,13432.5,13440.0,13382.5,13471.1855151654,13316.001980358591,13484.605434188861,13302.628073057642,13302.5,13352.5,13142.5,10:00,in_va,inside_both,above_week_vah,neg,pos
long,2023-05-15 11:55:00-04:00,2023-05-15,2023-05-15 16:55:00-04:00,eod,13446.625,13463.875,13446.5,13416.660714285714,13490.928571428572,14.589285714285714,0.7536231884057971,275,-63,181,13430.25,13438.5,17.25,345.0,340.5,13430.0,13437.5,13387.5,13483.077430008458,13304.150838301486,13522.802096547219,13264.562372311364,13302.5,13352.5,13142.5,11:00,above_vah,inside_both,above_week_vah,neg,pos
long,2023-05-15 12:55:00-04:00,2023-05-15,2023-05-15 13:40:00-04:00,sl,13453.125,13424.357142857143,13453.0,13424.482142857143,13494.535714285714,13.017857142857142,0.7611940298507462,700,-45,90,13436.25,13449.5,-28.767857142856883,-575.3571428571377,-579.8571428571377,13432.5,13442.5,13390.0,13491.14802333752,13296.107915921863,13528.356569135556,13259.026943865618,13302.5,13352.5,13142.5,12:00,above_vah,inside_both,above_week_vah,neg,pos
long,2023-05-16 09:30:00-04:00,2023-05-16,2023-05-16 10:55:00-04:00,tp,13467.625,13527.910714285714,13467.5,13420.732142857143,13528.035714285714,13.767857142857142,0.8466666666666667,327,7,171,13436.75,13441.5,60.285714285713766,1205.7142857142753,1201.2142857142753,13460.0,13477.5,13442.5,13466.921041669448,13432.83508722443,13468.454727749475,13431.304619105764,13302.5,13352.5,13142.5,09:00,in_va,inside_90_only,above_week_vah,pos,pos
long,2023-05-16 10:25:00-04:00,2023-05-16,2023-05-16 16:55:00-04:00,eod,13505.125,13503.125,13505.0,13453.267857142857,13579.464285714286,22.732142857142858,0.8264462809917356,1223,-121,131,13484.25,13496.25,-2.0,-40.0,-44.5,13465.0,13490.0,13450.0,13512.754038337778,13387.098256788708,13531.348216947801,13368.543092256652,13302.5,13352.5,13142.5,10:00,above_vah,inside_both,above_week_vah,neg,pos
long,2023-05-18 10:05:00-04:00,2023-05-18,2023-05-18 10:30:00-04:00,tp,13731.375,13789.982142857141,13731.25,13689.32142857143,13790.107142857141,16.928571428571427,0.7563025210084033,1347,-74,453,13702.75,13713.5,58.6071428571413,1172.142857142826,1167.642857142826,13700.0,13717.5,13655.0,13693.56205999837,13600.975845835555,13711.099130006492,13583.455473211676,13302.5,13352.5,13142.5,10:00,above_vah,outside_both,above_week_vah,neg,pos
long,2023-05-18 10:20:00-04:00,2023-05-18,2023-05-18 11:35:00-04:00,tp,13765.125,13827.696428571428,13765.0,13721.339285714286,13827.821428571428,19.160714285714285,0.8508771929824561,1172,1,325,13731.5,13745.5,62.57142857142753,1251.4285714285506,1246.9285714285506,13700.0,13717.5,13645.0,13700.369296842651,13594.175090293405,13718.485944611057,13576.075691736462,13302.5,13352.5,13142.5,10:00,above_vah,outside_both,above_week_vah,pos,pos
long,2023-05-18 15:40:00-04:00,2023-05-18,2023-05-18 16:55:00-04:00,eod,13873.625,13912.375,13873.5,13831.910714285714,13930.428571428572,15.339285714285714,0.8151260504201681,1093,-11,-18,13847.25,13855.25,38.75,775.0,770.5,13812.5,13857.5,13735.0,13742.939583663174,13551.645335468025,13793.807976987022,13500.825374927348,13302.5,13352.5,13142.5,15:00,above_vah,outside_both,above_week_vah,neg,neg
long,2023-05-18 14:15:00-04:00,2023-05-18,2023-05-18 15:15:00-04:00,tp,13785.375,13840.410714285714,13785.25,13748.607142857143,13840.535714285714,18.642857142857142,0.8734177215189873,916,-7,24,13764.75,13773.75,55.035714285713766,1100.7142857142753,1096.2142857142753,13785.0,13855.0,13712.5,13742.902905696215,13551.681978513181,13772.725141149098,13521.888137388663,13302.5,13352.5,13142.5,14:00,in_va,outside_both,above_week_vah,neg,pos
long,2023-05-22 09:30:00-04:00,2023-05-22,2023-05-22 16:55:00-04:00,eod,13887.875,13915.375,13887.75,13837.285714285714,13947.928571428572,9.714285714285714,0.9695121951219512,474,-36,32,13862.75,13886.75,27.5,550.0,545.5,13857.5,13870.0,13845.0,13849.709156745046,13839.291707213448,13852.414824470123,13836.58740717136,13285.0,13400.0,13257.5,09:00,above_vah,outside_both,above_week_vah,neg,pos
long,2023-05-22 14:25:00-04:00,2023-05-22,2023-05-22 15:25:00-04:00,sl,13921.375,13899.57142857143,13921.25,13899.69642857143,13953.107142857141,10.303571428571429,0.8936170212765957,251,-15,47,13907.0,13915.25,-21.80357142857065,-436.071428571413,-440.571428571413,13905.0,13922.5,13870.0,13939.904675653233,13749.141781071896,13970.28495040202,13718.776863192204,13285.0,13400.0,13257.5,14:00,in_va,inside_both,above_week_vah,neg,pos
long,2023-05-23 13:05:00-04:00,2023-05-23,2023-05-23 13:30:00-04:00,sl,13811.125,13768.910714285714,13811.0,13769.035714285714,13869.928571428572,16.964285714285715,0.8235294117647058,768,-114,19,13789.75,13803.0,-42.214285714286234,-844.2857142857247,-848.7857142857247,13857.5,13872.5,13825.0,13993.23793141839,13753.734121702579,14025.02013450459,13722.144911765083,13285.0,13400.0,13257.5,13:00,below_val,inside_both,above_week_vah,neg,pos
long,2023-05-24 16:30:00-04:00,2023-05-24,2023-05-24 16:55:00-04:00,eod,13795.375,13842.125,13795.25,13740.55357142857,13879.642857142859,29.696428571428573,0.8099173553719008,804,-2,172,13777.25,13792.0,46.75,935.0,930.5,13610.0,13660.0,13582.5,13824.853265767088,13551.498672526597,13871.615291092943,13505.04225909734,13285.0,13400.0,13257.5,16:00,above_vah,inside_both,above_week_vah,neg,pos
long,2023-05-24 16:20:00-04:00,2023-05-24,2023-05-24 16:55:00-04:00,eod,13791.125,13842.125,13791.0,13626.67857142857,13984.892857142859,29.571428571428573,0.9193825042881647,3086,0,273,13750.0,13757.25,51.0,1020.0,1015.5,13610.0,13660.0,13585.0,13825.098331993806,13551.255207923285,13872.732331389552,13503.932519186057,13285.0,13400.0,13257.5,16:00,above_vah,inside_both,above_week_vah,zero,pos
long,2023-05-24 15:15:00-04:00,2023-05-24,2023-05-24 16:20:00-04:00,tp,13662.125,13729.767857142859,13662.0,13611.42857142857,13729.892857142859,17.321428571428573,0.8955223880597015,493,-81,8,13643.25,13654.25,67.6428571428587,1352.857142857174,1348.357142857174,13610.0,13645.0,13580.0,13815.83808550476,13560.454934332785,13862.40462554839,13514.192728597209,13285.0,13400.0,13257.5,15:00,above_vah,inside_both,above_week_vah,neg,pos
long,2023-05-25 12:15:00-04:00,2023-05-25,2023-05-25 16:55:00-04:00,eod,13977.375,13981.375,13977.25,13940.142857142857,14034.464285714286,20.107142857142858,0.7285714285714285,489,-89,10,13969.0,13976.75,4.0,80.0,75.5,13887.5,13947.5,13855.0,14019.015088207032,13778.50300222263,14060.402772810028,13737.448975658495,13285.0,13400.0,13257.5,12:00,above_vah,inside_both,above_week_vah,neg,pos
long,2023-05-25 12:00:00-04:00,2023-05-25,2023-05-25 14:00:00-04:00,tp,13959.625,14017.089285714286,13959.5,13922.142857142857,14017.214285714286,20.357142857142858,0.7241379310344828,600,-8,211,13938.5,13950.75,57.464285714286234,1149.2857142857247,1144.7857142857247,13887.5,13942.5,13855.0,14019.094017287984,13778.424709449857,14059.5571841003,13738.287747425615,13285.0,13400.0,13257.5,12:00,above_vah,inside_both,above_week_vah,neg,pos
long,2023-05-25 12:10:00-04:00,2023-05-25,2023-05-25 14:00:00-04:00,tp,13964.625,14019.839285714286,13964.5,13929.767857142857,14019.964285714286,20.732142857142858,0.7741935483870968,528,-17,64,13959.75,13964.25,55.214285714286234,1104.2857142857247,1099.7857142857247,13887.5,13947.5,13855.0,14020.418119199425,13777.111282144913,14060.255516231442,13737.595045088254,13285.0,13400.0,13257.5,12:00,above_vah,inside_both,above_week_vah,neg,pos
long,2023-06-02 09:30:00-04:00,2023-06-02,2023-06-02 09:50:00-04:00,sl,14618.875,14520.017857142857,14618.75,14520.142857142857,14740.214285714286,22.857142857142858,0.9556962025316456,2953,-1,143,14558.5,14570.0,-98.85714285714312,-1977.1428571428623,-1981.6428571428623,14507.5,14547.5,14502.5,14546.821039230681,14493.190378665886,14547.86256063112,14492.152187383894,13850.0,13955.0,13515.0,09:00,above_vah,outside_both,above_week_vah,neg,pos
long,2023-05-30 11:00:00-04:00,2023-05-30,2023-05-30 12:25:00-04:00,sl,14472.625,14416.392857142857,14472.5,14416.517857142857,14559.464285714286,30.982142857142858,0.7043478260869566,645,-40,65,14453.75,14469.0,-56.23214285714312,-1124.6428571428623,-1129.1428571428623,14437.5,14517.5,14415.0,14601.340672168202,14276.807941267496,14601.555523845669,14276.595203310015,13850.0,13955.0,13515.0,11:00,in_va,inside_both,above_week_vah,neg,pos
long,2023-06-01 13:10:00-04:00,2023-06-01,2023-06-01 15:00:00-04:00,tp,14471.875,14516.410714285714,14471.75,14440.482142857143,14516.535714285714,13.517857142857142,0.863013698630137,440,3,21,14467.0,14470.5,44.535714285713766,890.7142857142753,886.2142857142753,14295.0,14360.0,14252.5,14408.78185963149,14178.039809986749,14410.367267871505,14176.455427416493,13850.0,13955.0,13515.0,13:00,above_vah,outside_both,above_week_vah,pos,pos
long,2023-05-30 14:40:00-04:00,2023-05-30,2023-05-30 15:15:00-04:00,sl,14439.625,14400.125,14439.5,14400.25,14498.25,19.5,0.8555555555555555,640,0,104,14421.75,14434.25,-39.5,-790.0,-794.5,14437.5,14492.5,14372.5,14636.740896478987,14241.755985876101,14639.861292828904,14238.666288118811,13850.0,13955.0,13515.0,14:00,in_va,inside_both,above_week_vah,zero,pos
long,2023-05-31 10:45:00-04:00,2023-05-31,2023-05-31 11:30:00-04:00,sl,14314.125,14263.17857142857,14314.0,14263.30357142857,14392.142857142859,27.446428571428573,0.719626168224299,625,-6,151,14295.5,14311.75,-50.94642857142935,-1018.928571428587,-1023.428571428587,14342.5,14395.0,14325.0,14487.211331598372,14245.965292613935,14480.935810216282,14252.209115592555,13850.0,13955.0,13515.0,10:00,below_val,inside_both,above_week_vah,neg,pos
long,2023-05-31 12:00:00-04:00,2023-05-31,2023-05-31 12:25:00-04:00,sl,14307.375,14268.017857142857,14307.25,14268.142857142857,14367.214285714286,20.857142857142858,0.7469879518072289,291,-48,4,14286.75,14302.5,-39.35714285714312,-787.1428571428623,-791.6428571428623,14300.0,14365.0,14257.5,14500.726117686583,14232.518771314592,14511.55526019398,14221.744328091529,13850.0,13955.0,13515.0,12:00,in_va,inside_both,above_week_vah,neg,pos
long,2023-06-01 10:40:00-04:00,2023-06-01,2023-06-01 13:05:00-04:00,tp,14360.375,14468.125,14360.25,14283.375,14468.25,31.125,0.8333333333333334,881,-30,160,14298.5,14342.0,107.75,2155.0,2150.5,14295.0,14315.0,14275.0,14378.112288712451,14208.689539422296,14371.002503699216,14215.794724805419,13850.0,13955.0,13515.0,10:00,above_vah,inside_both,above_week_vah,neg,pos
long,2023-06-01 11:10:00-04:00,2023-06-01,2023-06-01 13:45:00-04:00,tp,14385.625,14475.982142857141,14385.5,14322.82142857143,14476.107142857141,27.928571428571427,0.8322147651006712,898,-11,104,14361.75,14370.0,90.3571428571413,1807.142857142826,1802.642857142826,14295.0,14325.0,14275.0,14383.475705121773,14203.329592841044,14388.795164411835,14198.013574941278,13850.0,13955.0,13515.0,11:00,above_vah,inside_90_only,above_week_vah,neg,pos
long,2023-06-02 10:10:00-04:00,2023-06-02,2023-06-02 16:55:00-04:00,eod,14531.625,14587.625,14531.5,14450.642857142857,14646.964285714286,34.607142857142854,0.8341463414634146,959,-80,233,14499.25,14519.0,56.0,1120.0,1115.5,14540.0,14557.5,14482.5,14603.408797733424,14436.783551576023,14604.373260026454,14435.822173015764,13850.0,13955.0,13515.0,10:00,in_va,inside_both,above_week_vah,neg,pos
long,2023-06-05 10:50:00-04:00,2023-06-05,2023-06-05 14:10:00-04:00,sl,14656.875,14605.44642857143,14656.75,14605.57142857143,14737.607142857141,29.678571428571427,0.7425742574257426,230,-54,11,14639.75,14652.25,-51.42857142857065,-1028.571428571413,-1033.071428571413,14607.5,14652.5,14572.5,14676.173828875972,14480.441339861403,14669.094770142894,14487.511178384651,13857.5,14047.5,13662.5,10:00,above_vah,inside_both,above_week_vah,neg,pos
long,2023-06-06 10:20:00-04:00,2023-06-06,2023-06-06 12:55:00-04:00,sl,14578.375,14535.42857142857,14578.25,14535.55357142857,14645.142857142859,24.196428571428573,0.8023255813953488,520,-3,110,14557.25,14574.5,-42.94642857142935,-858.928571428587,-863.428571428587,14547.5,14575.0,14520.0,14647.191991378666,14496.15264541036,14646.712260406113,14496.631677294421,13857.5,14047.5,13662.5,10:00,above_vah,inside_both,above_week_vah,neg,pos
long,2023-06-08 10:40:00-04:00,2023-06-08,2023-06-08 12:25:00-04:00,tp,14433.125,14521.625,14433.0,14376.125,14521.75,31.875,0.7153284671532847,982,-11,451,14406.75,14427.75,88.5,1770.0,1765.5,14360.0,14397.5,14317.5,14412.663986455122,14241.45057678257,14410.2530661401,14243.857797819663,13857.5,14047.5,13662.5,10:00,above_vah,outside_both,above_week_vah,neg,pos
long,2023-06-08 11:50:00-04:00,2023-06-08,2023-06-08 13:20:00-04:00,sl,14506.125,14465.44642857143,14506.0,14465.57142857143,14563.357142857141,16.928571428571427,0.7326732673267327,935,-109,64,14489.75,14497.25,-40.67857142857065,-813.571428571413,-818.071428571413,14360.0,14425.0,14302.5,14434.215453110783,14219.932178355843,14441.968048175473,14212.19147875017,13857.5,14047.5,13662.5,11:00,above_vah,outside_both,above_week_vah,neg,pos
long,2023-06-08 12:20:00-04:00,2023-06-08,2023-06-08 12:45:00-04:00,sl,14510.625,14478.982142857143,14510.5,14479.107142857143,14559.035714285714,17.142857142857142,0.7012987012987013,556,-9,313,14491.25,14502.75,-31.642857142856883,-632.8571428571377,-637.3571428571377,14360.0,14425.0,14275.0,14449.687378352957,14204.483992990588,14442.708165421078,14211.45249712874,13857.5,14047.5,13662.5,12:00,above_vah,outside_both,above_week_vah,neg,pos
long,2023-06-09 12:10:00-04:00,2023-06-09,2023-06-09 12:25:00-04:00,sl,14551.375,14504.625,14551.25,14504.75,14625.75,28.0,0.7252747252747253,608,-32,147,14536.5,14544.25,-46.75,-935.0,-939.5,14655.0,14682.5,14560.0,14671.919085156738,14411.387323616165,14670.719613988178,14412.5834587446,13857.5,14047.5,13662.5,12:00,below_val,inside_both,above_week_vah,neg,pos
long,2023-06-09 14:55:00-04:00,2023-06-09,2023-06-09 15:15:00-04:00,sl,14583.125,14550.392857142857,14583.0,14550.517857142857,14633.464285714286,17.982142857142858,0.7183098591549296,271,-71,113,14571.0,14581.25,-32.73214285714312,-654.6428571428623,-659.1428571428623,14600.0,14625.0,14507.5,14705.55617435472,14377.843787879307,14691.796006842536,14391.565684800098,13857.5,14047.5,13662.5,14:00,in_va,inside_both,above_week_vah,neg,pos
long,2023-06-12 11:15:00-04:00,2023-06-12,2023-06-12 13:40:00-04:00,tp,14815.375,14873.803571428572,14815.25,14778.285714285714,14873.928571428572,21.714285714285715,0.75,212,-22,40,14798.0,14810.5,58.42857142857247,1168.5714285714494,1164.0714285714494,14800.0,14812.5,14785.0,14900.436710414675,14471.362048562702,14899.758536011068,14472.029331588,14300.0,14492.5,14270.0,11:00,above_vah,inside_both,above_week_vah,neg,pos
long,2023-06-14 15:05:00-04:00,2023-06-14,2023-06-14 16:55:00-04:00,eod,15211.125,15233.375,15211.0,15092.0,15386.75,56.75,0.9525691699604744,1087,-58,27,15151.0,15161.5,22.25,445.0,440.5,15140.0,15185.0,15087.5,15224.326665002312,14978.7661312896,15241.523676075689,14961.582779930464,14300.0,14492.5,14270.0,15:00,above_vah,inside_both,above_week_vah,neg,pos
long,2023-06-15 09:40:00-04:00,2023-06-15,2023-06-15 10:45:00-04:00,tp,15183.875,15273.446428571428,15183.75,15119.214285714286,15273.571428571428,25.285714285714285,0.7303370786516854,1293,-199,264,15141.25,15157.5,89.57142857142753,1791.4285714285506,1786.9285714285506,15120.0,15152.5,15085.0,15268.771269817347,15105.942902399025,15269.492838901517,15105.225714785975,14300.0,14492.5,14270.0,09:00,above_vah,inside_both,above_week_vah,neg,pos
long,2023-06-15 10:25:00-04:00,2023-06-15,2023-06-15 13:55:00-04:00,tp,15265.375,15358.375,15265.25,15204.5,15358.5,32.5,0.8195488721804511,1169,-21,231,15250.5,15259.25,93.0,1860.0,1855.5,15120.0,15205.0,15085.0,15293.723380852012,15081.142304166455,15300.250530730635,15074.654788079395,14300.0,14492.5,14270.0,10:00,above_vah,inside_both,above_week_vah,neg,pos
long,2023-06-15 11:25:00-04:00,2023-06-15,2023-06-15 14:35:00-04:00,tp,15293.625,15372.303571428572,15293.5,15244.410714285714,15372.428571428572,29.839285714285715,0.7901234567901234,564,3,102,15267.25,15289.5,78.67857142857247,1573.5714285714494,1569.0714285714494,15250.0,15280.0,15147.5,15308.560621626697,15066.395157248839,15332.212212475653,15042.887182256614,14300.0,14492.5,14270.0,11:00,above_vah,inside_both,above_week_vah,pos,pos
long,2023-06-15 13:40:00-04:00,2023-06-15,2023-06-15 14:40:00-04:00,tp,15329.375,15390.446428571428,15329.25,15286.839285714286,15390.571428571428,18.910714285714285,0.7321428571428571,723,1,177,15310.0,15324.5,61.07142857142753,1221.4285714285506,1216.9285714285506,15287.5,15320.0,15180.0,15336.910662483555,15038.217261912003,15353.55220240475,15021.676771811448,14300.0,14492.5,14270.0,13:00,above_vah,inside_both,above_week_vah,pos,pos
long,2023-07-05 10:15:00-04:00,2023-07-05,2023-07-05 11:25:00-04:00,sl,15406.625,15359.910714285714,15406.5,15360.035714285714,15475.178571428572,22.214285714285715,0.72,1083,24,373,15373.0,15389.75,-46.714285714286234,-934.2857142857247,-938.7857142857247,15377.5,15397.5,15307.5,15408.630454441369,15229.58269379914,15404.884931321358,15233.315768049582,15060.0,15190.0,15010.0,10:00,above_vah,inside_14_only,above_week_vah,pos,pos
long,2023-06-30 09:45:00-04:00,2023-06-30,2023-06-30 16:55:00-04:00,eod,15327.375,15316.375,15327.25,15276.5,15396.5,18.5,0.8560606060606061,764,-96,91,15311.5,15322.25,-11.0,-220.0,-224.5,15252.5,15300.0,15170.0,15296.325396633343,15064.342369939306,15295.515058024543,15065.14507111203,15090.0,15350.0,14960.0,09:00,above_vah,outside_both,in_week_va,neg,pos
long,2023-06-20 10:40:00-04:00,2023-06-20,2023-06-20 12:40:00-04:00,tp,15165.375,15262.267857142859,15165.25,15101.17857142857,15262.392857142859,33.07142857142857,0.8053691275167785,886,-18,282,15147.25,15162.5,96.8928571428587,1937.857142857174,1933.357142857174,15235.0,15292.5,15210.0,15297.509678697183,15153.346409600068,15315.457960714839,15135.430810609852,14592.5,14682.5,14490.0,10:00,below_val,inside_both,above_week_vah,neg,pos
long,2023-06-20 15:40:00-04:00,2023-06-20,2023-06-20 16:05:00-04:00,sl,15268.625,15232.839285714286,15268.5,15232.964285714286,15320.071428571428,16.035714285714285,0.8292682926829268,511,-50,47,15243.75,15252.5,-35.785714285713766,-715.7142857142753,-720.2142857142753,15240.0,15290.0,15192.5,,,15383.863695184296,15067.149639956304,14592.5,14682.5,14490.0,15:00,in_va,inside_90_only,above_week_vah,neg,pos
long,2023-06-21 11:35:00-04:00,2023-06-21,2023-06-21 16:55:00-04:00,eod,15074.125,15037.875,15074.0,15021.42857142857,15152.892857142859,26.321428571428573,0.8174603174603174,750,-6,231,15054.25,15066.75,-36.25,-725.0,-729.5,15105.0,15250.0,15075.0,15329.805678603958,15116.432845189649,15344.54516594712,15101.734450600283,14592.5,14682.5,14490.0,11:00,below_val,outside_both,above_week_vah,neg,pos
long,2023-06-22 11:40:00-04:00,2023-06-22,2023-06-22 13:00:00-04:00,sl,15170.375,15106.57142857143,15170.25,15106.69642857143,15265.107142857141,31.303571428571427,0.8389261744966443,1447,-9,316,15135.0,15141.5,-63.80357142857065,-1276.071428571413,-1280.571428571413,14995.0,15092.5,14970.0,15135.727620686977,14884.139556502065,15140.998786504784,14878.888195237303,14592.5,14682.5,14490.0,11:00,above_vah,outside_both,above_week_vah,neg,pos
long,2023-06-22 13:55:00-04:00,2023-06-22,2023-06-22 15:50:00-04:00,tp,15153.625,15199.839285714286,15153.5,15124.642857142857,15199.964285714286,17.607142857142858,0.7636363636363637,301,-1,128,15132.25,15149.5,46.214285714286234,924.2857142857247,919.7857142857247,15125.0,15180.0,15035.0,15156.891095440527,14863.055596067145,15160.418103006792,14859.541839992267,14592.5,14682.5,14490.0,13:00,in_va,inside_both,above_week_vah,neg,pos
long,2023-06-22 14:50:00-04:00,2023-06-22,2023-06-22 16:20:00-04:00,tp,15174.125,15222.589285714286,15174.0,15140.767857142857,15222.714285714286,15.482142857142858,0.8026315789473685,470,-5,55,15154.5,15164.5,48.464285714286234,969.2857142857247,964.7857142857247,15125.0,15180.0,15045.0,,,15170.900406426448,14849.09892014378,14592.5,14682.5,14490.0,14:00,in_va,outside_both,above_week_vah,neg,pos
long,2023-06-22 15:50:00-04:00,2023-06-22,2023-06-22 16:55:00-04:00,eod,15214.125,15233.125,15214.0,15174.892857142857,15269.964285714286,16.857142857142858,0.851063829787234,603,-454,50,15182.5,15193.5,19.0,380.0,375.5,15125.0,15192.5,15062.5,,,15180.374128958958,14839.660791794213,14592.5,14682.5,14490.0,15:00,above_vah,outside_both,above_week_vah,neg,pos
long,2023-06-23 11:35:00-04:00,2023-06-23,2023-06-23 12:30:00-04:00,tp,15041.375,15113.910714285714,15041.25,14992.607142857143,15114.035714285714,24.142857142857142,0.8151260504201681,682,-2,293,15029.5,15038.75,72.53571428571377,1450.7142857142753,1446.2142857142753,15040.0,15082.5,15002.5,15333.48962586664,14944.50898943267,15335.427759734577,14942.594997550284,14592.5,14682.5,14490.0,11:00,in_va,inside_both,above_week_vah,neg,pos
long,2023-06-23 15:15:00-04:00,2023-06-23,2023-06-23 16:00:00-04:00,sl,15081.125,15044.160714285714,15081.0,15044.285714285714,15135.928571428572,18.214285714285715,0.7435897435897436,331,-186,39,15058.0,15066.75,-36.964285714286234,-739.2857142857247,-743.7857142857247,15055.0,15105.0,14990.0,,,15374.76657759608,14903.746195981383,14592.5,14682.5,14490.0,15:00,in_va,inside_90_only,above_week_vah,neg,pos
long,2023-06-26 14:30:00-04:00,2023-06-26,2023-06-26 15:45:00-04:00,sl,14930.125,14887.05357142857,14930.0,14887.17857142857,14992.892857142859,20.071428571428573,0.7920792079207921,333,-9,36,14913.0,14925.0,-43.07142857142935,-861.428571428587,-865.928571428587,14907.5,15067.5,14877.5,,,15182.595307328405,14907.298617332233,15090.0,15350.0,14960.0,14:00,in_va,inside_90_only,below_week_val,neg,pos
long,2023-06-27 11:25:00-04:00,2023-06-27,2023-06-27 13:20:00-04:00,tp,14982.375,15073.053571428572,14982.25,14918.160714285714,15073.178571428572,26.839285714285715,0.9271523178807947,1143,-18,12,14936.25,14979.0,90.67857142857247,1813.5714285714494,1809.0714285714494,14917.5,14947.5,14902.5,15010.351411622467,14780.678713151356,15016.613772432946,14774.435347636942,15090.0,15350.0,14960.0,11:00,above_vah,inside_both,in_week_va,neg,pos
long,2023-06-27 13:15:00-04:00,2023-06-27,2023-06-27 14:20:00-04:00,tp,15069.375,15125.946428571428,15069.25,15027.339285714286,15126.071428571428,14.910714285714286,0.7297297297297297,430,-37,52,15061.0,15068.5,56.57142857142753,1131.4285714285506,1126.9285714285506,14917.5,14970.0,14892.5,15013.569575165535,14777.470311097788,15032.017489455033,14759.078353915247,15090.0,15350.0,14960.0,13:00,above_vah,outside_both,in_week_va,neg,pos
long,2023-06-28 12:10:00-04:00,2023-06-28,2023-06-28 12:25:00-04:00,sl,15209.875,15162.32142857143,15209.75,15162.44642857143,15283.357142857141,26.303571428571427,0.7029702970297029,731,-14,273,15190.5,15195.0,-47.55357142857065,-951.071428571413,-955.571428571413,15062.5,15142.5,15025.0,15182.227921783298,14936.13857902097,15200.295561184857,14918.141588837341,15090.0,15350.0,14960.0,12:00,above_vah,outside_both,in_week_va,neg,pos
long,2023-06-30 14:25:00-04:00,2023-06-30,2023-06-30 14:45:00-04:00,sl,15362.125,15334.642857142857,15362.0,15334.767857142857,15400.214285714286,10.982142857142858,0.8115942028985508,613,-44,47,15346.5,15357.5,-27.482142857143117,-549.6428571428623,-554.1428571428623,15350.0,15375.0,15270.0,15375.910455474655,14985.507399755772,15371.940363664598,14989.44007347655,15090.0,15350.0,14960.0,14:00,in_va,inside_both,above_week_vah,neg,pos
long,2023-07-03 09:40:00-04:00,2023-07-03,2023-07-03 10:30:00-04:00,sl,15373.125,15344.07142857143,15373.0,15344.19642857143,15414.107142857141,12.303571428571429,0.8493150684931506,402,-2,164,15361.25,15368.5,-29.05357142857065,-581.071428571413,-585.571428571413,15350.0,15362.5,15340.0,15389.8919011077,15281.945520045845,15390.568244872893,15281.270883079358,15060.0,15190.0,15010.0,09:00,above_vah,inside_both,above_week_vah,neg,pos
long,2023-07-05 14:30:00-04:00,2023-07-05,2023-07-05 16:55:00-04:00,eod,15352.625,15354.375,15352.5,15327.107142857143,15393.785714285714,15.892857142857142,0.8409090909090909,270,-5,104,15343.25,15351.25,1.75,35.0,30.5,15370.0,15397.5,15325.0,,,15459.010727856392,15179.369867609128,15060.0,15190.0,15010.0,14:00,in_va,inside_90_only,above_week_vah,neg,pos
long,2023-07-07 11:55:00-04:00,2023-07-07,2023-07-07 12:35:00-04:00,tp,15280.375,15325.517857142859,15280.25,15250.30357142857,15325.642857142859,15.446428571428571,0.8095238095238095,445,-13,84,15262.25,15278.0,45.1428571428587,902.857142857174,898.357142857174,15225.0,15257.5,15202.5,15308.101244801113,15134.658624940772,15316.990833589745,15125.770058128548,15060.0,15190.0,15010.0,11:00,above_vah,inside_both,above_week_vah,neg,pos
long,2023-07-10 15:55:00-04:00,2023-07-10,2023-07-10 16:55:00-04:00,eod,15190.125,15192.875,15190.0,15155.69642857143,15240.107142857141,15.803571428571429,0.810126582278481,641,-106,100,15170.0,15176.0,2.75,55.0,50.5,15167.5,15185.0,15125.0,,,15317.16582279567,15044.031115150492,15117.5,15205.0,14940.0,15:00,above_vah,inside_90_only,in_week_va,neg,pos
long,2023-07-11 10:35:00-04:00,2023-07-11,2023-07-11 15:50:00-04:00,tp,15193.625,15273.267857142859,15193.5,15143.55357142857,15273.392857142859,29.946428571428573,0.7888888888888889,531,-80,159,15166.0,15179.5,79.6428571428587,1592.857142857174,1588.357142857174,15220.0,15232.5,15160.0,15265.628905909829,15128.906952110774,15275.30097082711,15119.240295380308,15117.5,15205.0,14940.0,10:00,in_va,inside_both,in_week_va,neg,pos
long,2023-07-11 11:45:00-04:00,2023-07-11,2023-07-11 15:45:00-04:00,tp,15192.625,15263.017857142859,15192.5,15143.30357142857,15263.142857142859,21.446428571428573,0.7894736842105263,649,-42,55,15180.75,15183.25,70.3928571428587,1407.857142857174,1403.357142857174,15190.0,15212.5,15152.5,15263.822214235615,15130.71263356368,15293.531820254359,15101.019639829987,15117.5,15205.0,14940.0,11:00,in_va,inside_both,in_week_va,neg,pos
long,2023-07-11 15:40:00-04:00,2023-07-11,2023-07-11 16:55:00-04:00,eod,15234.125,15262.375,15234.0,15202.357142857143,15279.785714285714,14.142857142857142,0.7901234567901234,644,-43,-36,15227.25,15231.75,28.25,565.0,560.5,15190.0,15227.5,15175.0,,,15323.178799583613,15071.389237767731,15117.5,15205.0,14940.0,15:00,above_vah,inside_90_only,above_week_vah,neg,neg
long,2023-07-12 12:30:00-04:00,2023-07-12,2023-07-12 16:55:00-04:00,eod,15407.125,15458.125,15407.0,15354.375,15488.0,28.375,0.7575757575757576,1228,-89,16,15382.75,15394.0,51.0,1020.0,1015.5,15455.0,15477.5,15362.5,15501.525906647888,15191.998969542725,15529.567373661923,15164.262355404799,15117.5,15205.0,14940.0,12:00,in_va,inside_both,above_week_vah,neg,pos
long,2023-07-17 15:15:00-04:00,2023-07-17,2023-07-17 16:00:00-04:00,sl,15873.125,15828.30357142857,15873.0,15828.42857142857,15930.392857142859,12.821428571428571,0.7721518987341772,1403,-59,100,15850.5,15857.25,-44.82142857142935,-896.428571428587,-900.928571428587,15795.0,15827.5,15737.5,,,15854.394075213197,15569.39119230267,15350.0,15395.0,15222.5,15:00,above_vah,outside_both,above_week_vah,neg,pos
long,2023-07-14 11:15:00-04:00,2023-07-14,2023-07-14 12:45:00-04:00,sl,15810.625,15760.214285714286,15810.5,15760.339285714286,15887.821428571428,27.160714285714285,0.72,376,-88,87,15793.5,15808.75,-50.410714285713766,-1008.2142857142753,-1012.7142857142753,15797.5,15852.5,15745.0,15779.923217431327,15641.658186406255,15806.903337192936,15614.715820879052,15117.5,15205.0,14940.0,11:00,in_va,outside_both,above_week_vah,neg,pos
long,2023-07-17 11:25:00-04:00,2023-07-17,2023-07-17 15:00:00-04:00,tp,15780.125,15836.232142857141,15780.0,15742.69642857143,15836.357142857141,19.053571428571427,0.7444444444444445,1250,-41,153,15759.75,15772.25,56.1071428571413,1122.142857142826,1117.642857142826,15755.0,15772.5,15717.5,15781.751507912675,15641.867505694332,15816.376652507373,15607.321606173804,15350.0,15395.0,15222.5,11:00,above_vah,inside_both,above_week_vah,neg,pos
long,2023-07-17 13:45:00-04:00,2023-07-17,2023-07-17 15:15:00-04:00,tp,15816.125,15855.589285714286,15816.0,15788.142857142857,15855.714285714286,11.857142857142858,0.8142857142857143,729,-20,9,15797.5,15802.5,39.464285714286234,789.2857142857247,784.7857142857247,15795.0,15805.0,15732.5,,,15838.200749753505,15585.547456797212,15350.0,15395.0,15222.5,13:00,above_vah,inside_90_only,above_week_vah,neg,pos
long,2023-07-18 11:45:00-04:00,2023-07-18,2023-07-18 14:05:00-04:00,tp,15876.625,15963.946428571428,15876.5,15809.964285714286,15964.071428571428,21.035714285714285,0.9326424870466321,1293,-6,75,15824.5,15837.75,87.32142857142753,1746.4285714285506,1741.9285714285506,15777.5,15810.0,15755.0,15878.231496503033,15763.304633120948,15920.720345875612,15720.845315528992,15350.0,15395.0,15222.5,11:00,above_vah,inside_both,above_week_vah,neg,pos
long,2023-07-18 10:45:00-04:00,2023-07-18,2023-07-18 11:45:00-04:00,tp,15800.875,15863.910714285714,15800.75,15760.482142857143,15864.035714285714,23.017857142857142,0.9436619718309859,837,-7,40,15774.25,15790.75,63.035714285713766,1260.7142857142753,1256.2142857142753,15777.5,15812.5,15750.0,15874.968447583711,15766.56541406535,15904.65701189277,15736.897484727138,15350.0,15395.0,15222.5,10:00,in_va,inside_both,above_week_vah,neg,pos
long,2023-07-18 12:25:00-04:00,2023-07-18,2023-07-18 14:20:00-04:00,tp,15908.125,15996.589285714286,15908.0,15843.517857142857,15996.714285714286,24.232142857142858,0.9876543209876543,1496,-16,9,15887.75,15895.0,88.46428571428623,1769.2857142857247,1764.7857142857247,15777.5,15822.5,15755.0,15873.905454267444,15767.627668550465,15924.70981102908,15716.858623244441,15350.0,15395.0,15222.5,12:00,above_vah,inside_90_only,above_week_vah,neg,pos
long,2023-07-18 13:30:00-04:00,2023-07-18,2023-07-18 14:20:00-04:00,tp,15947.875,15995.946428571428,15947.75,15916.589285714286,15996.071428571428,17.160714285714285,0.71875,1058,-172,117,15937.5,15944.0,48.07142857142753,961.4285714285506,956.9285714285506,15777.5,15842.5,15745.0,,,15933.32373131303,15708.250690046701,15350.0,15395.0,15222.5,13:00,above_vah,outside_both,above_week_vah,neg,pos
long,2023-07-19 11:30:00-04:00,2023-07-19,2023-07-19 12:20:00-04:00,sl,16048.875,16003.267857142857,16048.75,16003.392857142857,16118.964285714286,24.857142857142858,0.7790697674418605,727,-107,50,16037.0,16042.5,-45.60714285714312,-912.1428571428623,-916.6428571428623,15990.0,16022.5,15980.0,16057.03831909802,15904.140076029727,16101.387908389348,15859.969128664947,15350.0,15395.0,15222.5,11:00,above_vah,inside_both,above_week_vah,neg,pos
long,2023-07-19 15:15:00-04:00,2023-07-19,2023-07-19 15:35:00-04:00,sl,15991.625,15962.44642857143,15991.5,15962.57142857143,16036.607142857141,16.178571428571427,0.9433962264150944,461,-6,24,15968.25,15981.5,-29.17857142857065,-583.571428571413,-588.071428571413,15990.0,16042.5,15970.0,16082.360779905977,15878.91961511074,16140.949668479114,15820.56672493344,15350.0,15395.0,15222.5,15:00,in_va,inside_both,above_week_vah,neg,pos
long,2023-07-19 14:30:00-04:00,2023-07-19,2023-07-19 16:55:00-04:00,eod,15946.125,15939.375,15946.0,15903.80357142857,16007.642857142859,19.446428571428573,0.85,289,-15,59,15917.0,15931.5,-6.75,-135.0,-139.5,15990.0,16040.0,15970.0,16072.898490933196,15888.343789603576,16130.923407829128,15830.55259940292,15350.0,15395.0,15222.5,14:00,below_val,inside_both,above_week_vah,neg,pos
long,2023-07-19 15:00:00-04:00,2023-07-19,2023-07-19 16:00:00-04:00,sl,15964.875,15933.0,15964.75,15933.125,16014.25,17.875,0.8064516129032258,479,-47,132,15949.25,15954.5,-31.875,-637.5,-642.0,15990.0,16042.5,15970.0,16071.655453401387,15889.581820130292,16134.922018218342,15826.57009557692,15350.0,15395.0,15222.5,15:00,below_val,inside_both,above_week_vah,neg,pos
long,2023-07-20 11:00:00-04:00,2023-07-20,2023-07-20 12:30:00-04:00,sl,15756.125,15692.0,15756.0,15692.125,15849.5,29.625,0.8066666666666666,1068,-187,13,15730.25,15740.75,-64.125,-1282.5,-1287.0,15867.5,15892.5,15802.5,15988.517300909256,15785.057902489292,16022.60207015739,15751.199267332438,15350.0,15395.0,15222.5,11:00,below_val,inside_90_only,above_week_vah,neg,pos
long,2023-07-20 11:30:00-04:00,2023-07-20,2023-07-20 12:25:00-04:00,sl,15763.125,15717.375,15763.0,15717.5,15832.5,24.0,0.7339449541284404,850,-36,275,15743.0,15754.75,-45.75,-915.0,-919.5,15867.5,15900.0,15767.5,15981.68539571493,15791.844481671242,16027.369439753329,15746.463526666817,15350.0,15395.0,15222.5,11:00,below_val,inside_90_only,above_week_vah,neg,pos
long,2023-07-20 13:25:00-04:00,2023-07-20,2023-07-20 14:15:00-04:00,sl,15706.625,15659.142857142857,15706.5,15659.267857142857,15773.964285714286,20.232142857142858,0.8403361344537815,987,-37,168,15696.0,15704.75,-47.48214285714312,-949.6428571428623,-954.1428571428623,15750.0,15842.5,15685.0,15996.275864737521,15777.350812554489,16047.717649582886,15726.250316253141,15350.0,15395.0,15222.5,13:00,in_va,outside_both,above_week_vah,neg,pos
long,2023-07-20 15:30:00-04:00,2023-07-20,2023-07-20 16:55:00-04:00,eod,15580.125,15596.125,15580.0,15531.607142857143,15649.285714285714,20.892857142857142,0.7315436241610739,538,-2,-272,15559.25,15566.0,16.0,320.0,315.5,15750.0,15862.5,15667.5,16014.249130560662,15759.49678967252,16066.521074069113,15707.571642363826,15350.0,15395.0,15222.5,15:00,below_val,outside_both,above_week_vah,neg,neg
long,2023-07-25 14:30:00-04:00,2023-07-25,2023-07-25 14:55:00-04:00,sl,15723.625,15697.785714285714,15723.5,15697.910714285714,15760.428571428572,11.339285714285714,0.875,617,-4,134,15702.75,15719.25,-25.839285714286234,-516.7857142857247,-521.2857142857247,15620.0,15677.5,15600.0,15694.007149101977,15464.127570442704,15703.86779592987,15454.27957439014,15190.0,15602.5,15062.5,14:00,above_vah,outside_both,above_week_vah,neg,pos
long,2023-07-25 09:55:00-04:00,2023-07-25,2023-07-25 10:30:00-04:00,sl,15663.125,15620.285714285714,15663.0,15620.410714285714,15722.428571428572,16.839285714285715,0.7076923076923077,722,-105,53,15608.75,15648.0,-42.839285714286234,-856.7857142857247,-861.2857142857247,15612.5,15632.5,15582.5,15640.735069236905,15517.331304576985,15642.979635630269,15515.089617863388,15190.0,15602.5,15062.5,09:00,above_vah,outside_both,above_week_vah,neg,pos
long,2023-07-21 10:45:00-04:00,2023-07-21,2023-07-21 15:10:00-04:00,sl,15611.875,15528.392857142857,15611.75,15528.517857142857,15735.464285714286,40.482142857142854,0.7718446601941747,774,31,59,15570.75,15591.75,-83.48214285714312,-1669.6428571428623,-1674.1428571428623,15637.5,15710.0,15602.5,15745.328385572286,15539.506337004972,15764.848474444814,15520.100719037502,15350.0,15395.0,15222.5,10:00,in_va,inside_both,above_week_vah,pos,pos
long,2023-07-21 13:25:00-04:00,2023-07-21,2023-07-21 14:10:00-04:00,sl,15624.625,15587.892857142857,15624.5,15588.017857142857,15678.714285714286,17.732142857142858,0.7375,619,-52,123,15617.25,15621.75,-36.73214285714312,-734.6428571428623,-739.1428571428623,15595.0,15645.0,15570.0,15763.684350904916,15521.25801585258,15794.244692136774,15490.876888452303,15350.0,15395.0,15222.5,13:00,in_va,inside_both,above_week_vah,neg,pos
long,2023-07-24 10:10:00-04:00,2023-07-24,2023-07-24 16:55:00-04:00,eod,15552.875,15568.875,15552.75,15466.785714285714,15669.678571428572,30.964285714285715,0.8138528138528138,1684,71,23,15506.25,15521.75,16.0,320.0,315.5,15575.0,15610.0,15542.5,15631.356434230971,15502.223299132602,15637.843666782634,15495.745852501599,15190.0,15602.5,15062.5,10:00,in_va,inside_both,in_week_va,pos,pos
long,2023-07-24 11:10:00-04:00,2023-07-24,2023-07-24 16:55:00-04:00,eod,15581.375,15568.875,15581.25,15510.892857142857,15680.464285714286,28.857142857142858,0.8324022346368715,948,-53,119,15557.0,15577.0,-12.5,-250.0,-254.5,15562.5,15595.0,15537.5,15622.087319038263,15511.478431964557,15660.622984664375,15473.000896976322,15190.0,15602.5,15062.5,11:00,in_va,inside_both,in_week_va,neg,pos
long,2023-07-24 15:55:00-04:00,2023-07-24,2023-07-24 16:55:00-04:00,eod,15563.875,15568.875,15563.75,15520.464285714286,15622.821428571428,15.785714285714286,0.9230769230769231,1007,-4,-37,15555.5,15560.5,5.0,100.0,95.5,15557.5,15582.5,15537.5,15697.457479974779,15436.221966106645,15707.685162269581,15426.009712160778,15190.0,15602.5,15062.5,15:00,in_va,inside_both,in_week_va,neg,neg
long,2023-07-25 16:05:00-04:00,2023-07-25,2023-07-25 16:55:00-04:00,eod,15705.125,15726.875,15705.0,15627.67857142857,15808.142857142859,25.821428571428573,0.7923728813559322,783,-114,115,15694.0,15701.0,21.75,435.0,430.5,15620.0,15692.5,15600.0,15698.491291362463,15459.649181139124,15717.694813704395,15440.470296070069,15190.0,15602.5,15062.5,16:00,above_vah,inside_90_only,above_week_vah,neg,pos
long,2023-07-26 11:30:00-04:00,2023-07-26,2023-07-26 14:35:00-04:00,tp,15563.875,15618.839285714286,15563.75,15528.392857142857,15618.964285714286,19.857142857142858,0.75,297,-50,154,15550.75,15558.5,54.964285714286234,1099.2857142857247,1094.7857142857247,15622.5,15647.5,15577.5,15777.233944220912,15569.111020869434,15811.760476395302,15534.821588299217,15190.0,15602.5,15062.5,11:00,below_val,inside_90_only,in_week_va,neg,pos
long,2023-07-28 11:15:00-04:00,2023-07-28,2023-07-28 13:30:00-04:00,sl,15856.125,15810.535714285714,15856.0,15810.660714285714,15927.678571428572,26.339285714285715,0.7386363636363636,625,-37,96,15844.25,15853.0,-45.589285714286234,-911.7857142857247,-916.2857142857247,15815.0,15845.0,15720.0,15789.61767027262,15532.888227164232,15817.002164204165,15505.7708311227,15190.0,15602.5,15062.5,11:00,above_vah,outside_both,above_week_vah,neg,pos
long,2023-07-27 12:25:00-04:00,2023-07-27,2023-07-27 13:05:00-04:00,sl,15850.125,15810.839285714286,15850.0,15810.964285714286,15909.071428571428,20.035714285714285,0.872093023255814,539,-9,100,15833.5,15842.0,-39.285714285713766,-785.7142857142753,-790.2142857142753,15830.0,15855.0,15772.5,15897.57213829791,15563.010015257276,15930.05166146932,15530.960721801219,15190.0,15602.5,15062.5,12:00,in_va,inside_both,above_week_vah,neg,pos
long,2023-07-27 12:00:00-04:00,2023-07-27,2023-07-27 13:15:00-04:00,sl,15815.125,15763.69642857143,15815.0,15763.82142857143,15890.857142857141,24.678571428571427,0.8648648648648649,698,-59,93,15794.0,15810.0,-51.42857142857065,-1028.571428571413,-1033.071428571413,15795.0,15860.0,15772.5,15900.61731595143,15560.00517458494,15927.994885611326,15532.990253229324,15190.0,15602.5,15062.5,12:00,in_va,inside_both,above_week_vah,neg,pos
long,2023-07-28 11:20:00-04:00,2023-07-28,2023-07-28 13:20:00-04:00,sl,15867.625,15827.80357142857,15867.5,15827.92857142857,15932.892857142859,25.821428571428573,0.746031746031746,338,-62,105,15846.75,15856.75,-39.82142857142935,-796.428571428587,-800.928571428587,15815.0,15857.5,15722.5,15794.734645789375,15527.82116067144,15818.465510832084,15504.321757418635,15190.0,15602.5,15062.5,11:00,above_vah,outside_both,above_week_vah,neg,pos
long,2023-07-28 10:55:00-04:00,2023-07-28,2023-07-28 16:55:00-04:00,eod,15816.375,15845.875,15816.25,15757.732142857143,15903.785714285714,29.017857142857142,0.7846153846153846,725,-61,89,15798.0,15815.75,29.5,590.0,585.5,15812.5,15837.5,15710.0,15791.43226883799,15531.091327499898,15815.56608819486,15507.192900195341,15190.0,15602.5,15062.5,10:00,in_va,outside_both,above_week_vah,neg,pos
long,2023-07-28 11:40:00-04:00,2023-07-28,2023-07-28 12:55:00-04:00,sl,15885.625,15847.94642857143,15885.5,15848.07142857143,15944.857142857141,21.928571428571427,0.873015873015873,715,-36,15,15864.25,15875.5,-37.67857142857065,-753.571428571413,-758.071428571413,15815.0,15875.0,15725.0,15793.930942129871,15528.61702531255,15821.995819907406,15500.825881629076,15190.0,15602.5,15062.5,11:00,above_vah,outside_both,above_week_vah,neg,pos
long,2023-07-31 13:35:00-04:00,2023-07-31,2023-07-31 14:25:00-04:00,sl,15856.125,15820.732142857143,15856.0,15820.857142857143,15908.035714285714,16.892857142857142,0.9066666666666666,366,-2,25,15828.5,15839.5,-35.39285714285688,-707.8571428571377,-712.3571428571377,15850.0,15875.0,15827.5,15948.371381337867,15757.706626186642,15967.004949058351,15739.08950676049,15592.5,15872.5,15530.0,13:00,in_va,inside_both,in_week_va,neg,pos
long,2023-08-01 10:25:00-04:00,2023-08-01,2023-08-01 16:55:00-04:00,eod,15780.625,15808.375,15780.5,15733.017857142857,15854.464285714286,26.482142857142858,0.7553191489361702,815,-153,163,15756.0,15765.0,27.75,555.0,550.5,15787.5,15817.5,15760.0,15919.979367521812,15745.753539664862,15936.656581562593,15729.152518075904,15592.5,15872.5,15530.0,10:00,in_va,inside_both,in_week_va,neg,pos
long,2023-08-01 11:25:00-04:00,2023-08-01,2023-08-01 16:55:00-04:00,eod,15822.625,15808.375,15822.5,15773.30357142857,15894.642857142859,22.946428571428573,0.7164179104477612,829,-44,270,15807.25,15817.0,-14.25,-285.0,-289.5,15807.5,15822.5,15770.0,15932.228508306445,15733.560360989177,15951.304198732178,15714.571820828482,15592.5,15872.5,15530.0,11:00,in_va,inside_both,in_week_va,neg,pos
long,2023-08-01 13:00:00-04:00,2023-08-01,2023-08-01 13:30:00-04:00,sl,15836.125,15811.607142857143,15836.0,15811.732142857143,15874.285714285714,14.017857142857142,0.7755102040816326,370,-14,107,15822.75,15829.75,-24.517857142856883,-490.35714285713766,-494.85714285713766,15807.5,15825.0,15780.0,15955.289039702151,15710.605185225597,15967.513814238302,15698.436261477389,15592.5,15872.5,15530.0,13:00,above_vah,inside_both,in_week_va,neg,pos
long,2023-08-01 12:40:00-04:00,2023-08-01,2023-08-01 16:55:00-04:00,eod,15811.625,15808.375,15811.5,15787.785714285714,15850.428571428572,15.214285714285714,0.7021276595744681,381,-6,159,15799.5,15807.5,-3.25,-65.0,-69.5,15807.5,15825.0,15777.5,15953.395225412123,15712.490347329851,15965.371795282555,15700.568494285659,15592.5,15872.5,15530.0,12:00,in_va,inside_both,in_week_va,neg,pos
long,2023-08-03 12:45:00-04:00,2023-08-03,2023-08-03 13:35:00-04:00,sl,15520.625,15482.535714285714,15520.5,15482.660714285714,15576.928571428572,18.589285714285715,0.8765432098765432,404,-11,32,15496.5,15504.0,-38.089285714286234,-761.7857142857247,-766.2857142857247,15400.0,15472.5,15385.0,15544.79976149257,15264.764821888362,15547.128845797371,15262.449756406962,15592.5,15872.5,15530.0,12:00,above_vah,inside_both,below_week_val,neg,pos
long,2023-08-03 09:45:00-04:00,2023-08-03,2023-08-03 10:25:00-04:00,sl,15436.375,15362.125,15436.25,15362.25,15533.5,23.25,0.7201834862385321,1142,-296,59,15374.5,15409.5,-74.25,-1485.0,-1489.5,15400.0,15420.0,15355.0,15487.643650839273,15321.576908317289,15489.871983558824,15319.361987994535,15592.5,15872.5,15530.0,09:00,above_vah,inside_both,below_week_val,neg,pos
long,2023-08-03 12:40:00-04:00,2023-08-03,2023-08-03 13:55:00-04:00,sl,15502.875,15459.964285714286,15502.75,15460.089285714286,15564.071428571428,18.660714285714285,0.8518518518518519,303,-2,20,15474.25,15487.75,-42.910714285713766,-858.2142857142753,-862.7142857142753,15400.0,15470.0,15385.0,15545.841479787105,15263.729373725306,15546.300495243668,15263.273121095577,15592.5,15872.5,15530.0,12:00,above_vah,inside_both,below_week_val,neg,pos
long,2023-08-04 11:40:00-04:00,2023-08-04,2023-08-04 14:00:00-04:00,sl,15556.125,15502.142857142857,15556.0,15502.267857142857,15632.214285714286,22.482142857142858,0.7284768211920529,555,-147,3,15543.25,15546.25,-53.98214285714312,-1079.6428571428623,-1084.1428571428623,15527.5,15550.0,15462.5,15590.335097676618,15369.24040347739,15594.53921253449,15365.053702153107,15592.5,15872.5,15530.0,11:00,above_vah,inside_both,in_week_va,neg,pos
long,2023-08-04 16:05:00-04:00,2023-08-04,2023-08-04 16:55:00-04:00,eod,15375.375,15362.625,15375.25,15334.892857142857,15438.214285714286,22.607142857142858,0.9178082191780822,346,-68,17,15351.25,15362.25,-12.75,-255.0,-259.5,15527.5,15577.5,15440.0,15636.037605271875,15323.727196645295,15638.400511156151,15321.374077967692,15592.5,15872.5,15530.0,16:00,below_val,inside_both,below_week_val,neg,pos
long,2023-08-07 13:55:00-04:00,2023-08-07,2023-08-07 15:55:00-04:00,tp,15446.125,15490.482142857141,15446.0,15417.57142857143,15490.607142857141,16.178571428571427,0.7818181818181819,250,-19,22,15425.25,15436.75,44.3571428571413,887.142857142826,882.642857142826,15420.0,15440.0,15395.0,15524.802450816062,15271.866096395863,15537.778565147088,15258.949466957369,15557.5,15747.5,15522.5,13:00,above_vah,inside_both,below_week_val,neg,pos
long,2023-08-07 10:15:00-04:00,2023-08-07,2023-08-07 11:05:00-04:00,sl,15425.625,15364.285714285714,15425.5,15364.410714285714,15520.178571428572,33.589285714285715,0.7672413793103449,521,-2,61,15420.75,15424.5,-61.339285714286234,-1226.7857142857247,-1231.2857142857247,15420.0,15442.5,15397.5,15492.701940093053,15303.819452479052,15495.0882232076,15301.444108524796,15557.5,15747.5,15522.5,10:00,in_va,inside_both,below_week_val,neg,pos
long,2023-08-07 14:30:00-04:00,2023-08-07,2023-08-07 16:55:00-04:00,eod,15455.125,15490.375,15455.0,15411.142857142857,15515.464285714286,16.607142857142858,0.8492063492063492,240,-6,-49,15447.25,15451.5,35.25,705.0,700.5,15420.0,15442.5,15395.0,15549.84581074793,15246.937539827795,15548.017856893744,15248.757114005612,15557.5,15747.5,15522.5,14:00,above_vah,inside_both,below_week_val,neg,neg
long,2023-08-08 10:25:00-04:00,2023-08-08,2023-08-08 11:10:00-04:00,sl,15285.375,15221.892857142857,15285.25,15222.017857142857,15377.714285714286,29.232142857142858,0.7551020408163265,793,-24,39,15259.25,15273.0,-63.48214285714312,-1269.6428571428623,-1274.1428571428623,15360.0,15395.0,15257.5,15543.78746161553,15326.096099403816,15556.614465724406,15313.361423557946,15557.5,15747.5,15522.5,10:00,in_va,outside_both,below_week_val,neg,pos
long,2023-08-09 13:10:00-04:00,2023-08-09,2023-08-09 14:30:00-04:00,tp,15243.875,15306.017857142859,15243.75,15201.42857142857,15306.142857142859,20.071428571428573,0.7373737373737373,680,-170,209,15224.0,15233.25,62.1428571428587,1242.857142857174,1238.357142857174,15162.5,15310.0,15147.5,15448.000897297312,15265.06068386857,15458.747199272073,15254.32207681125,15557.5,15747.5,15522.5,13:00,in_va,outside_both,below_week_val,neg,pos
long,2023-08-09 12:30:00-04:00,2023-08-09,2023-08-09 14:10:00-04:00,tp,15214.375,15276.017857142859,15214.25,15173.30357142857,15276.142857142859,20.946428571428573,0.7912087912087912,323,-76,166,15186.0,15202.5,61.6428571428587,1232.857142857174,1228.357142857174,15162.5,15325.0,15147.5,15460.678534916742,15252.392124104485,15457.683868111024,15255.384646571258,15557.5,15747.5,15522.5,12:00,in_va,outside_both,below_week_val,neg,pos
long,2023-08-11 10:00:00-04:00,2023-08-11,2023-08-11 11:30:00-04:00,sl,15114.125,15040.82142857143,15114.0,15040.94642857143,15215.107142857141,28.053571428571427,0.7245762711864406,1029,1,485,15070.5,15090.75,-73.30357142857065,-1466.071428571413,-1470.571428571413,15080.0,15180.0,15052.5,15281.951828483952,15028.079750125828,15271.914566601736,15038.0339054386,15557.5,15747.5,15522.5,10:00,in_va,inside_both,below_week_val,pos,pos
long,2023-08-11 13:25:00-04:00,2023-08-11,2023-08-11 16:55:00-04:00,eod,15103.375,15103.625,15103.25,15060.19642857143,15164.607142857141,18.303571428571427,0.8392857142857143,598,-8,187,15088.5,15096.25,0.25,5.0,0.5,15060.0,15135.0,15042.5,15312.720148188997,14997.566186102988,15319.041015345143,14991.297654493268,15557.5,15747.5,15522.5,13:00,in_va,inside_both,below_week_val,neg,pos
long,2023-08-11 13:00:00-04:00,2023-08-11,2023-08-11 14:30:00-04:00,tp,15079.375,15135.875,15079.25,15042.5,15136.0,20.0,0.7176470588235294,450,13,68,15059.75,15069.25,56.5,1130.0,1125.5,15060.0,15137.5,15042.5,15320.464852423644,14989.885606507889,15315.599782658857,14994.710394444528,15557.5,15747.5,15522.5,13:00,in_va,inside_both,below_week_val,pos,pos
long,2023-08-14 10:30:00-04:00,2023-08-14,2023-08-14 16:05:00-04:00,tp,15178.625,15276.482142857141,15178.5,15112.32142857143,15276.607142857141,31.928571428571427,0.8456375838926175,532,-115,140,15152.75,15173.0,97.8571428571413,1957.142857142826,1952.642857142826,15080.0,15137.5,15047.5,15167.39934545387,15004.750256582947,15173.081547527594,14999.081410011904,15467.5,15755.0,15340.0,10:00,above_vah,outside_both,below_week_val,neg,pos
long,2023-08-14 15:40:00-04:00,2023-08-14,2023-08-14 16:55:00-04:00,eod,15252.125,15279.875,15252.0,15217.964285714286,15301.321428571428,15.285714285714286,0.8235294117647058,1285,-8,139,15237.5,15246.75,27.75,555.0,550.5,15207.5,15245.0,15120.0,15199.553230333915,14972.67194650474,15224.862337680623,14947.422325928592,15467.5,15755.0,15340.0,15:00,above_vah,outside_both,below_week_val,neg,pos
long,2023-08-15 11:00:00-04:00,2023-08-15,2023-08-15 15:25:00-04:00,sl,15171.125,15108.214285714286,15171.0,15108.339285714286,15260.571428571428,26.910714285714285,0.9090909090909091,1039,-13,95,15135.5,15160.5,-62.910714285713766,-1258.2142857142753,-1262.7142857142753,15142.5,15222.5,15110.0,15377.455497051966,15127.398480702379,15361.709633904244,15143.087151742464,15467.5,15755.0,15340.0,11:00,in_va,inside_both,below_week_val,neg,pos
long,2023-08-15 11:35:00-04:00,2023-08-15,2023-08-15 13:40:00-04:00,sl,15185.875,15146.392857142857,15185.75,15146.517857142857,15247.214285714286,22.232142857142858,0.7073170731707317,222,-14,196,15171.75,15178.0,-39.48214285714312,-789.6428571428623,-794.1428571428623,15170.0,15240.0,15137.5,15375.894487423218,15128.953820433586,15365.460631293252,15139.349778722244,15467.5,15755.0,15340.0,11:00,in_va,inside_both,below_week_val,neg,pos
long,2023-08-15 13:10:00-04:00,2023-08-15,2023-08-15 15:15:00-04:00,sl,15174.625,15133.107142857143,15174.5,15133.232142857143,15233.285714285714,17.517857142857142,0.9183673469387755,540,-7,38,15158.25,15167.25,-41.51785714285688,-830.3571428571377,-834.8571428571377,15170.0,15212.5,15122.5,15382.722706968096,15122.150402340592,15378.496316282848,15126.361441934017,15467.5,15755.0,15340.0,13:00,in_va,inside_both,below_week_val,neg,pos
long,2023-08-23 10:40:00-04:00,2023-08-23,2023-08-23 16:20:00-04:00,tp,15157.625,15245.696428571428,15157.5,15098.839285714286,15245.821428571428,29.660714285714285,0.723404255319149,1352,-81,292,15136.0,15144.0,88.07142857142753,1761.4285714285506,1756.9285714285506,15012.5,15077.5,14965.0,15094.664374048187,14877.846745620862,15080.297493868971,14892.169833091155,15420.0,15442.5,15207.5,10:00,above_vah,outside_both,below_week_val,neg,pos
long,2023-08-16 14:20:00-04:00,2023-08-16,2023-08-16 15:00:00-04:00,sl,15064.875,15011.232142857143,15064.75,15011.357142857143,15141.035714285714,22.892857142857142,0.7013888888888888,655,-8,449,15046.0,15058.0,-53.64285714285688,-1072.8571428571377,-1077.3571428571377,15115.0,15137.5,15047.5,15190.496662822183,14999.414490324763,15213.151524803412,14976.804983047366,15467.5,15755.0,15340.0,14:00,in_va,inside_both,below_week_val,neg,pos
long,2023-08-16 13:20:00-04:00,2023-08-16,2023-08-16 13:45:00-04:00,tp,15015.875,15060.446428571428,15015.75,14987.089285714286,15060.571428571428,16.160714285714285,0.7868852459016393,312,-10,171,15004.75,15012.25,44.57142857142753,891.4285714285506,886.9285714285506,15115.0,15137.5,15070.0,15204.909674691473,14985.030333095385,15208.328943443217,14981.617909669898,15467.5,15755.0,15340.0,13:00,below_val,inside_both,below_week_val,neg,pos
long,2023-08-16 13:40:00-04:00,2023-08-16,2023-08-16 14:10:00-04:00,sl,15041.875,15002.214285714286,15041.75,15002.339285714286,15097.571428571428,16.410714285714285,0.7154471544715447,444,1,17,15015.5,15022.5,-39.660714285713766,-793.2142857142753,-797.7142857142753,15115.0,15137.5,15062.5,15201.016877582335,14988.91533688139,15210.841835647409,14979.110048239312,15467.5,15755.0,15340.0,13:00,below_val,inside_both,below_week_val,pos,pos
long,2023-08-17 10:45:00-04:00,2023-08-17,2023-08-17 14:20:00-04:00,sl,14891.875,14842.839285714286,14891.75,14842.964285714286,14968.571428571428,28.035714285714285,0.8172043010752689,528,-85,142,14873.75,14876.5,-49.035714285713766,-980.7142857142753,-985.2142857142753,14967.5,14982.5,14902.5,15069.76783523484,14861.770501698798,15065.633301608494,14865.889249137097,15467.5,15755.0,15340.0,10:00,below_val,inside_both,below_week_val,neg,pos
long,2023-08-17 15:50:00-04:00,2023-08-17,2023-08-17 16:20:00-04:00,sl,14804.875,14744.125,14804.75,14744.25,14891.0,25.75,0.9517241379310345,550,1,71,14795.0,14802.0,-60.75,-1215.0,-1219.5,14880.0,14970.0,14860.0,15102.643666967033,14829.02019417533,15120.234767913942,14811.496258343663,15467.5,15755.0,15340.0,15:00,below_val,outside_both,below_week_val,pos,pos
long,2023-08-18 11:00:00-04:00,2023-08-18,2023-08-18 11:40:00-04:00,sl,14705.625,14650.75,14705.5,14650.875,14789.25,29.125,0.8918918918918919,830,-7,151,14680.25,14697.0,-54.875,-1097.5,-1102.0,14645.0,14687.5,14625.0,14839.474378089712,14534.019344411508,14821.230000665688,14552.122342914607,15467.5,15755.0,15340.0,11:00,above_vah,inside_both,below_week_val,neg,pos
long,2023-08-18 10:20:00-04:00,2023-08-18,2023-08-18 14:30:00-04:00,tp,14670.875,14762.339285714286,14670.75,14612.017857142857,14762.464285714286,32.982142857142854,0.8157894736842105,514,-21,187,14650.0,14656.5,91.46428571428623,1829.2857142857247,1824.7857142857247,14645.0,14695.0,14615.0,14821.54789232016,14551.80691465902,14808.891942755174,14564.364791023087,15467.5,15755.0,15340.0,10:00,in_va,inside_both,below_week_val,neg,pos
long,2023-08-18 11:50:00-04:00,2023-08-18,2023-08-18 15:45:00-04:00,tp,14716.875,14795.089285714286,14716.75,14663.392857142857,14795.214285714286,25.107142857142858,0.8076923076923077,539,-35,232,14705.75,14711.75,78.21428571428623,1564.2857142857247,1559.7857142857247,14645.0,14697.5,14632.5,14848.702992629123,14524.862244045198,14831.301696505834,14542.128694434296,15467.5,15755.0,15340.0,11:00,above_vah,inside_both,below_week_val,neg,pos
long,2023-08-21 12:20:00-04:00,2023-08-21,2023-08-21 13:25:00-04:00,tp,14869.875,14934.017857142859,14869.75,14826.55357142857,14934.142857142859,21.196428571428573,0.7523809523809524,378,-19,207,14852.5,14868.25,64.1428571428587,1282.857142857174,1278.357142857174,14832.5,14877.5,14800.0,14893.086717871987,14660.032037254694,14897.274407090417,14655.862658351236,15420.0,15442.5,15207.5,12:00,in_va,inside_both,below_week_val,neg,pos
long,2023-08-21 12:40:00-04:00,2023-08-21,2023-08-21 13:20:00-04:00,tp,14883.625,14930.553571428572,14883.5,14855.035714285714,14930.678571428572,18.714285714285715,0.7058823529411765,313,-30,151,14874.75,14880.5,46.92857142857247,938.5714285714494,934.0714285714494,14832.5,14877.5,14802.5,14889.849332142052,14663.255267790839,14899.777337613812,14653.370671678702,15420.0,15442.5,15207.5,12:00,above_vah,inside_both,below_week_val,neg,pos
long,2023-08-22 10:10:00-04:00,2023-08-22,2023-08-22 10:30:00-04:00,sl,15044.125,14987.607142857143,15044.0,14987.732142857143,15122.785714285714,22.517857142857142,0.7309941520467836,986,-63,331,15019.5,15035.5,-56.51785714285688,-1130.3571428571377,-1134.8571428571377,15042.5,15085.0,15000.0,15166.009557852376,14898.080435996038,15153.371371516068,14910.618548564518,15420.0,15442.5,15207.5,10:00,in_va,inside_both,below_week_val,neg,pos
long,2023-08-22 14:25:00-04:00,2023-08-22,2023-08-22 15:40:00-04:00,sl,14979.875,14935.464285714286,14979.75,14935.589285714286,15043.321428571428,19.410714285714285,0.8053097345132744,427,-63,35,14959.0,14964.25,-44.410714285713766,-888.2142857142753,-892.7142857142753,15042.5,15057.5,14957.5,15188.076842562967,14876.187888092452,15200.671186654059,14863.693270610305,15420.0,15442.5,15207.5,14:00,in_va,inside_both,below_week_val,neg,pos
long,2023-08-23 13:15:00-04:00,2023-08-23,2023-08-23 16:20:00-04:00,tp,15217.125,15265.625,15217.0,15182.0,15265.75,13.75,0.8804347826086957,1002,-19,102,15196.0,15202.0,48.5,970.0,965.5,15177.5,15207.5,15032.5,15100.606162421958,14871.923068834676,15106.876058919093,14865.672284054826,15420.0,15442.5,15207.5,13:00,above_vah,outside_both,in_week_va,neg,pos
long,2023-08-23 16:20:00-04:00,2023-08-23,2023-08-23 16:55:00-04:00,eod,15327.625,15355.625,15327.5,15183.660714285714,15494.178571428572,22.839285714285715,0.869980879541109,1585,4,140,15223.75,15233.25,28.0,560.0,555.5,15192.5,15242.5,15067.5,15149.691607200211,14822.987244890497,15139.568357302496,14833.07963739046,15420.0,15442.5,15207.5,16:00,above_vah,outside_both,in_week_va,pos,pos
long,2023-08-24 14:10:00-04:00,2023-08-24,2023-08-24 14:25:00-04:00,sl,15003.125,14967.5,15003.0,14967.625,15057.0,18.625,0.7283950617283951,371,-31,82,14977.5,14990.5,-35.625,-712.5,-717.0,15000.0,15242.5,14945.0,15478.96826180364,15212.196235167658,15465.34087521798,15225.805429126773,15420.0,15442.5,15207.5,14:00,in_va,outside_both,below_week_val,neg,pos
long,2023-08-28 10:20:00-04:00,2023-08-28,2023-08-28 10:50:00-04:00,sl,15090.125,15016.089285714286,15090.0,15016.214285714286,15200.071428571428,36.285714285714285,0.8782051282051282,756,-84,88,15066.75,15083.75,-74.03571428571377,-1480.7142857142753,-1485.2142857142753,15070.0,15092.5,15012.5,15196.51943720076,14735.218608890193,15169.846829827604,14761.423043323868,15105.0,15247.5,14867.5,10:00,in_va,inside_both,in_week_va,neg,pos
long,2023-08-29 10:00:00-04:00,2023-08-29,2023-08-29 11:30:00-04:00,tp,15229.625,15357.839285714286,15229.5,15128.017857142857,15357.964285714286,26.982142857142858,0.9411764705882353,3954,-14,404,15160.75,15175.0,128.21428571428623,2564.2857142857247,2559.7857142857247,15087.5,15120.0,15062.5,15169.44958171747,15005.400981510209,15156.887129420997,15017.945752517022,15105.0,15247.5,14867.5,10:00,above_vah,outside_both,in_week_va,neg,pos
long,2023-08-29 11:10:00-04:00,2023-08-29,2023-08-29 14:45:00-04:00,tp,15336.875,15411.589285714286,15336.75,15287.017857142857,15411.714285714286,25.232142857142858,0.7394957983193278,1154,-10,333,15311.25,15325.75,74.71428571428623,1494.2857142857247,1489.7857142857247,15300.0,15327.5,15107.5,15233.289572580054,14941.650843595424,15187.810687470514,14987.065718484497,15105.0,15247.5,14867.5,11:00,above_vah,outside_both,above_week_vah,neg,pos
long,2023-08-29 11:30:00-04:00,2023-08-29,2023-08-29 15:25:00-04:00,tp,15363.375,15428.517857142859,15363.25,15320.30357142857,15428.642857142859,22.446428571428573,0.8604651162790697,653,-48,66,15349.25,15354.0,65.1428571428587,1302.857142857174,1298.357142857174,15300.0,15355.0,15112.5,15233.839989836424,14941.101201035479,15190.282707522752,14984.597177729258,15105.0,15247.5,14867.5,11:00,above_vah,outside_both,above_week_vah,neg,pos
long,2023-08-29 12:20:00-04:00,2023-08-29,2023-08-29 15:15:00-04:00,tp,15380.125,15427.589285714286,15380.0,15348.642857142857,15427.714285714286,16.357142857142858,0.9016393442622951,419,-25,9,15368.25,15376.5,47.464285714286234,949.2857142857247,944.7857142857247,15300.0,15385.0,15125.0,15240.338643468853,14934.611694070802,15200.061037088632,14974.83261088051,15105.0,15247.5,14867.5,12:00,in_va,outside_both,above_week_vah,neg,pos
long,2023-08-30 12:05:00-04:00,2023-08-30,2023-08-30 13:55:00-04:00,sl,15505.875,15473.357142857143,15505.75,15473.482142857143,15557.285714285714,19.267857142857142,0.8301886792452831,508,-25,11,15489.25,15498.0,-32.51785714285688,-650.3571428571377,-654.8571428571377,15440.0,15472.5,15400.0,15602.431179255414,15241.171608564911,15536.692771091457,15306.871663553373,15105.0,15247.5,14867.5,12:00,above_vah,inside_both,above_week_vah,neg,pos
long,2023-08-31 09:55:00-04:00,2023-08-31,2023-08-31 12:45:00-04:00,sl,15566.625,15515.160714285714,15566.5,15515.285714285714,15642.678571428572,24.964285714285715,0.7207207207207207,747,-187,102,15515.75,15562.75,-51.464285714286234,-1029.2857142857247,-1033.7857142857247,15505.0,15535.0,15492.5,15580.702099122202,15424.63845838162,15571.990592400289,15433.338312698166,15105.0,15247.5,14867.5,09:00,above_vah,inside_both,above_week_vah,neg,pos
long,2023-08-31 12:05:00-04:00,2023-08-31,2023-08-31 12:20:00-04:00,sl,15576.875,15537.267857142857,15576.75,15537.392857142857,15635.964285714286,19.857142857142858,0.9259259259259259,432,-5,60,15566.75,15574.75,-39.60714285714312,-792.1428571428623,-796.6428571428623,15562.5,15585.0,15507.5,15683.817544645906,15321.660938822886,15623.61648675694,15381.781472509496,15105.0,15247.5,14867.5,12:00,in_va,inside_both,above_week_vah,neg,pos
long,2023-09-01 12:05:00-04:00,2023-09-01,2023-09-01 16:55:00-04:00,eod,15475.125,15511.125,15475.0,15436.857142857143,15533.035714285714,19.892857142857142,0.7052631578947368,720,-1,243,15463.0,15472.75,36.0,720.0,715.5,15545.0,15582.5,15492.5,15800.130222739466,15370.401445302134,15744.64567981369,15425.543491049357,15105.0,15247.5,14867.5,12:00,below_val,inside_both,above_week_vah,neg,pos
long,2023-09-01 15:25:00-04:00,2023-09-01,2023-09-01 16:55:00-04:00,eod,15513.125,15511.125,15513.0,15487.125,15552.25,13.375,0.7222222222222222,236,-74,52,15503.0,15511.75,-2.0,-40.0,-44.5,15495.0,15567.5,15475.0,15841.292912382933,15329.49284633548,15779.287288874433,15391.115719081581,15105.0,15247.5,14867.5,15:00,in_va,inside_both,above_week_vah,neg,pos
long,2023-09-05 10:20:00-04:00,2023-09-05,2023-09-05 16:55:00-04:00,eod,15510.875,15517.375,15510.75,15456.75,15594.75,30.0,0.8058252427184466,679,-95,77,15476.0,15507.0,6.5,130.0,125.5,15472.5,15487.5,15455.0,15622.074418676117,15371.136352238604,15588.835473184366,15404.312082393613,14960.0,15142.5,14837.5,10:00,above_vah,inside_both,above_week_vah,neg,pos
long,2023-09-05 13:40:00-04:00,2023-09-05,2023-09-05 14:25:00-04:00,tp,15546.125,15580.767857142859,15546.0,15523.92857142857,15580.892857142859,12.821428571428571,0.8333333333333334,306,-16,42,15538.25,15545.5,34.6428571428587,692.857142857174,688.357142857174,15472.5,15525.0,15447.5,15696.279281430088,15297.0726156641,15631.922279731758,15361.307220292552,14960.0,15142.5,14837.5,13:00,above_vah,inside_both,above_week_vah,neg,pos
long,2023-09-06 10:15:00-04:00,2023-09-06,2023-09-06 11:05:00-04:00,sl,15429.375,15361.660714285714,15429.25,15361.785714285714,15525.928571428572,29.214285714285715,0.901840490797546,1211,-27,152,15410.25,15415.5,-67.71428571428623,-1354.2857142857247,-1358.7857142857247,15490.0,15515.0,15467.5,15618.680724135165,15398.436643548703,15592.351758272504,15424.735068319982,14960.0,15142.5,14837.5,10:00,below_val,inside_both,above_week_vah,neg,pos
long,2023-09-07 10:40:00-04:00,2023-09-07,2023-09-07 11:55:00-04:00,sl,15271.125,15201.267857142857,15271.0,15201.392857142857,15375.214285714286,34.607142857142854,0.7455621301775148,799,-32,84,15227.5,15241.0,-69.85714285714312,-1397.1428571428623,-1401.6428571428623,15190.0,15245.0,15160.0,15515.14959447837,15073.65462746399,15470.951685014865,15117.317540216847,14960.0,15142.5,14837.5,10:00,above_vah,inside_both,above_week_vah,neg,pos
long,2023-09-07 10:35:00-04:00,2023-09-07,2023-09-07 16:55:00-04:00,eod,15239.875,15286.125,15239.75,15153.392857142857,15360.964285714286,34.857142857142854,0.9569377990430622,1643,-36,76,15211.25,15237.0,46.25,925.0,920.5,15190.0,15260.0,15160.0,15522.94769743097,15065.950917198274,15473.157195670557,15115.138726320352,14960.0,15142.5,14837.5,10:00,in_va,inside_both,above_week_vah,neg,pos
long,2023-09-07 14:00:00-04:00,2023-09-07,2023-09-07 14:25:00-04:00,sl,15292.625,15260.714285714286,15292.5,15260.839285714286,15341.821428571428,17.660714285714285,0.8620689655172413,282,6,35,15270.5,15281.25,-31.910714285713766,-638.2142857142753,-642.7142857142753,15252.5,15270.0,15185.0,15572.44957830368,15017.048235332017,15510.2451921128,15078.49966414541,14960.0,15142.5,14837.5,14:00,above_vah,inside_both,above_week_vah,pos,pos
long,2023-09-07 13:50:00-04:00,2023-09-07,2023-09-07 14:30:00-04:00,sl,15281.125,15249.017857142857,15281.0,15249.142857142857,15330.714285714286,17.857142857142858,0.7746478873239436,328,1,82,15249.25,15273.0,-32.10714285714312,-642.1428571428623,-646.6428571428623,15252.5,15270.0,15185.0,15575.276072487424,15014.255954646362,15508.888715204059,15079.839721483788,14960.0,15142.5,14837.5,13:00,above_vah,inside_both,above_week_vah,pos,pos
long,2023-09-08 09:30:00-04:00,2023-09-08,2023-09-08 16:55:00-04:00,eod,15339.375,15312.875,15339.25,15254.017857142857,15440.464285714286,15.982142857142858,0.8307210031347962,1965,-17,366,15284.25,15291.0,-26.5,-530.0,-534.5,15237.5,15285.0,15232.5,15290.677509842972,15268.57632788737,15290.447744680981,15268.805893890743,14960.0,15142.5,14837.5,09:00,above_vah,outside_both,above_week_vah,neg,pos
long,2023-09-08 11:10:00-04:00,2023-09-08,2023-09-08 14:55:00-04:00,sl,15337.125,15270.964285714286,15337.0,15271.089285714286,15431.821428571428,28.910714285714285,0.7806451612903226,971,7,30,15315.5,15321.75,-66.16071428571377,-1323.2142857142753,-1327.7142857142753,15345.0,15382.5,15287.5,15434.632047317293,15124.746569061934,15382.08096395765,15177.252101560214,14960.0,15142.5,14837.5,11:00,in_va,inside_both,above_week_vah,pos,pos
long,2023-09-08 16:00:00-04:00,2023-09-08,2023-09-08 16:55:00-04:00,eod,15307.625,15312.875,15307.5,15278.982142857143,15351.035714285714,15.017857142857142,0.847457627118644,258,-35,114,15288.0,15297.25,5.25,105.0,100.5,15325.0,15370.0,15285.0,15485.438722358624,15073.9839328427,15433.734519889324,15125.643318520262,14960.0,15142.5,14837.5,16:00,in_va,inside_both,above_week_vah,neg,pos
long,2023-09-08 15:55:00-04:00,2023-09-08,2023-09-08 16:55:00-04:00,eod,15295.125,15312.875,15295.0,15262.19642857143,15343.107142857141,15.303571428571429,0.7065217391304348,513,-29,137,15270.5,15284.0,17.75,355.0,350.5,15325.0,15370.0,15285.0,15482.68980803286,15076.730464431375,15432.482590184954,15126.894163061914,14960.0,15142.5,14837.5,15:00,in_va,inside_both,above_week_vah,neg,pos
long,2023-09-11 12:25:00-04:00,2023-09-11,2023-09-11 13:40:00-04:00,tp,15597.125,15655.482142857141,15597.0,15554.57142857143,15655.607142857141,16.178571428571427,0.8956521739130435,449,-3,-63,15577.75,15595.5,58.3571428571413,1167.142857142826,1162.642857142826,15570.0,15595.0,15547.5,15789.622985156906,15145.224203879521,15732.847638248817,15200.8890172229,15505.0,15637.5,15330.0,12:00,above_vah,inside_both,in_week_va,neg,neg
long,2023-09-11 15:20:00-04:00,2023-09-11,2023-09-11 16:55:00-04:00,eod,15690.125,15669.875,15690.0,15658.30357142857,15733.142857142859,11.446428571428571,0.8604651162790697,247,-44,7,15674.75,15679.25,-20.25,-405.0,-409.5,15575.0,15620.0,15540.0,15811.717707632395,15123.561657203005,15764.2024271125,15170.147532325533,15505.0,15637.5,15330.0,15:00,above_vah,inside_both,above_week_vah,neg,pos
long,2023-09-12 12:00:00-04:00,2023-09-12,2023-09-12 13:55:00-04:00,sl,15571.125,15536.357142857143,15571.0,15536.482142857143,15622.785714285714,17.267857142857142,0.9577464788732394,211,-3,68,15555.5,15566.5,-34.76785714285688,-695.3571428571377,-699.8571428571377,15645.0,15665.0,15575.0,15840.421795715676,15430.834063556962,15780.574830782141,15490.415593642832,15505.0,15637.5,15330.0,12:00,below_val,inside_both,in_week_va,neg,pos
long,2023-09-13 11:00:00-04:00,2023-09-13,2023-09-13 14:55:00-04:00,sl,15581.625,15526.5,15581.5,15526.625,15665.5,29.125,0.8648648648648649,837,-119,-34,15557.0,15569.0,-55.125,-1102.5,-1107.0,15480.0,15537.5,15460.0,15609.49655180873,15400.2684660709,15596.08689019008,15413.676181878986,15505.0,15637.5,15330.0,11:00,above_vah,inside_both,in_week_va,neg,neg
long,2023-09-14 10:40:00-04:00,2023-09-14,2023-09-14 16:55:00-04:00,eod,15645.625,15677.125,15645.5,15577.92857142857,15745.642857142859,32.57142857142857,0.9154929577464789,814,-32,11,15609.5,15623.25,31.5,630.0,625.5,15602.5,15625.0,15575.0,15709.514761030016,15483.75458556207,15701.39121583255,15491.853687313682,15505.0,15637.5,15330.0,10:00,above_vah,inside_both,above_week_vah,neg,pos
long,2023-09-14 12:50:00-04:00,2023-09-14,2023-09-14 14:15:00-04:00,sl,15701.875,15664.910714285714,15701.75,15665.035714285714,15755.678571428572,17.214285714285715,0.8095238095238095,293,-73,56,15685.25,15694.75,-36.964285714286234,-739.2857142857247,-743.7857142857247,15612.5,15640.0,15547.5,15739.60729512469,15453.752598785097,15726.592357744425,15466.728374702052,15505.0,15637.5,15330.0,12:00,above_vah,inside_both,above_week_vah,neg,pos
long,2023-09-18 13:30:00-04:00,2023-09-18,2023-09-18 14:25:00-04:00,sl,15454.125,15429.0,15454.0,15429.125,15491.25,12.375,0.8823529411764706,297,-7,6,15439.75,15449.75,-25.125,-502.5,-507.0,15410.0,15442.5,15385.0,15487.623282187375,15251.808650647477,15497.149231327914,15242.299266490327,15352.5,15422.5,15177.5,13:00,above_vah,inside_both,above_week_vah,neg,pos
long,2023-09-18 15:55:00-04:00,2023-09-18,2023-09-18 16:55:00-04:00,eod,15413.125,15425.125,15413.0,15383.80357142857,15457.392857142859,15.196428571428571,0.75,774,-13,188,15391.5,15402.25,12.0,240.0,235.5,15410.0,15440.0,15385.0,15480.864926861756,15258.55525364878,15525.642238420714,15213.855806816087,15352.5,15422.5,15177.5,15:00,in_va,inside_both,in_week_va,neg,pos
long,2023-09-19 13:00:00-04:00,2023-09-19,2023-09-19 13:45:00-04:00,tp,15317.375,15367.910714285714,15317.25,15282.107142857143,15368.035714285714,15.642857142857142,0.7037037037037037,385,-20,67,15310.75,15316.75,50.535714285713766,1010.7142857142753,1006.2142857142753,15280.0,15347.5,15250.0,15519.263733844089,15261.414425492232,15532.995628227029,15247.7450691933,15352.5,15422.5,15177.5,13:00,in_va,inside_both,in_week_va,neg,pos
long,2023-09-19 11:55:00-04:00,2023-09-19,2023-09-19 13:35:00-04:00,tp,15291.375,15342.517857142859,15291.25,15255.42857142857,15342.642857142859,15.571428571428571,0.7282608695652174,530,-12,203,15277.5,15284.25,51.1428571428587,1022.857142857174,1018.357142857174,15280.0,15352.5,15250.0,15518.051261756465,15262.621375713812,15534.41421077436,15246.332947184628,15352.5,15422.5,15177.5,11:00,in_va,inside_both,in_week_va,neg,pos
long,2023-09-19 12:50:00-04:00,2023-09-19,2023-09-19 13:30:00-04:00,tp,15291.875,15338.303571428572,15291.75,15260.035714285714,15338.428571428572,14.964285714285714,0.8533333333333334,276,-42,38,15275.25,15291.0,46.42857142857247,928.5714285714494,924.0714285714494,15280.0,15347.5,15250.0,15522.324562724994,15258.367536302989,15531.019931331866,15249.711768327848,15352.5,15422.5,15177.5,12:00,in_va,inside_both,in_week_va,neg,pos
long,2023-09-19 14:30:00-04:00,2023-09-19,2023-09-19 15:00:00-04:00,sl,15377.875,15346.82142857143,15377.75,15346.94642857143,15423.357142857141,14.803571428571429,0.8955223880597015,568,-4,66,15369.5,15375.5,-31.05357142857065,-621.071428571413,-625.571428571413,15280.0,15355.0,15252.5,15536.375244402494,15244.380844537345,15549.638192626553,15231.178298712779,15352.5,15422.5,15177.5,14:00,above_vah,inside_both,in_week_va,neg,pos
long,2023-10-11 16:00:00-04:00,2023-10-11,2023-10-11 16:55:00-04:00,eod,15400.875,15410.625,15400.75,15356.767857142857,15462.214285714286,17.482142857142858,0.76,487,-10,9,15363.75,15387.75,9.75,195.0,190.5,15325.0,15342.5,15287.5,15482.529695391524,15125.164169917405,15472.112706712825,15135.55176039638,14765.0,14880.0,14655.0,16:00,above_vah,inside_both,above_week_vah,neg,pos
long,2023-10-10 11:15:00-04:00,2023-10-10,2023-10-10 13:00:00-04:00,sl,15358.125,15312.07142857143,15358.0,15312.19642857143,15425.357142857141,21.553571428571427,0.9108910891089109,896,9,104,15303.25,15337.25,-46.05357142857065,-921.071428571413,-925.571428571413,15210.0,15262.5,15180.0,15306.415857808486,15089.122465747841,15295.70458783802,15099.829860057318,14765.0,14880.0,14655.0,11:00,above_vah,outside_both,above_week_vah,pos,pos
long,2023-10-09 14:40:00-04:00,2023-10-09,2023-10-09 15:50:00-04:00,sl,15204.875,15167.44642857143,15204.75,15167.57142857143,15261.357142857141,19.428571428571427,0.7415730337078652,519,-67,89,15179.75,15200.25,-37.42857142857065,-748.571428571413,-753.071428571413,15010.0,15055.0,14977.5,15301.317968678663,14852.039465980488,15267.036113128215,14886.033742967911,14765.0,14880.0,14655.0,14:00,above_vah,inside_both,above_week_vah,neg,pos
long,2023-09-22 11:35:00-04:00,2023-09-22,2023-09-22 11:55:00-04:00,sl,15026.375,14984.82142857143,15026.25,14984.94642857143,15087.857142857141,20.303571428571427,0.8651685393258427,380,-45,67,14982.25,15020.25,-41.55357142857065,-831.071428571413,-835.571428571413,14925.0,14972.5,14882.5,15018.767404767857,14768.95999873128,15031.874492253153,14755.92990852979,15352.5,15422.5,15177.5,11:00,above_vah,inside_90_only,below_week_val,neg,pos
long,2023-09-21 10:05:00-04:00,2023-09-21,2023-09-21 15:10:00-04:00,sl,14975.375,14903.375,14975.25,14903.5,15072.0,25.0,0.8724489795918368,2089,100,53,14934.0,14950.75,-72.0,-1440.0,-1444.5,14995.0,15032.5,14920.0,15185.60713113282,14936.642294116215,15198.123165505,14924.246799069038,15352.5,15422.5,15177.5,10:00,in_va,inside_both,below_week_val,pos,pos
long,2023-09-21 10:35:00-04:00,2023-09-21,2023-09-21 12:05:00-04:00,sl,15012.125,14932.357142857143,15012.0,14932.482142857143,15126.285714285714,34.767857142857146,0.900523560209424,1243,-15,147,14995.75,15004.0,-79.76785714285688,-1595.3571428571377,-1599.8571428571377,14965.0,15015.0,14930.0,15186.162534162833,14936.092240057322,15216.287419683778,14906.257481045976,15352.5,15422.5,15177.5,10:00,in_va,inside_both,below_week_val,neg,pos
long,2023-09-22 10:30:00-04:00,2023-09-22,2023-09-22 13:35:00-04:00,sl,14993.125,14923.05357142857,14993.0,14923.17857142857,15091.892857142859,29.071428571428573,0.9757575757575757,1417,2,17,14968.75,14987.0,-70.07142857142935,-1401.428571428587,-1405.928571428587,14925.0,14945.0,14897.5,14993.620560531966,14793.9591184094,15014.514874064542,14773.187548040843,15352.5,15422.5,15177.5,10:00,above_vah,inside_both,below_week_val,pos,pos
long,2023-09-21 12:30:00-04:00,2023-09-21,2023-09-21 14:50:00-04:00,sl,14959.625,14922.089285714286,14959.5,14922.214285714286,15015.321428571428,18.535714285714285,0.8023255813953488,1518,-87,132,14943.0,14950.5,-37.535714285713766,-750.7142857142753,-755.2142857142753,14965.0,15005.0,14935.0,15220.720144676963,14901.867446705653,15240.716312147611,14882.063858166784,15352.5,15422.5,15177.5,12:00,in_va,inside_both,below_week_val,neg,pos
long,2023-09-21 13:10:00-04:00,2023-09-21,2023-09-21 14:15:00-04:00,sl,14981.375,14951.19642857143,14981.25,14951.32142857143,15029.107142857141,17.928571428571427,0.7833333333333333,433,-5,102,14960.75,14972.25,-30.17857142857065,-603.571428571413,-608.071428571413,14967.5,15002.5,14935.0,15217.639524937926,14904.918397636435,15239.221759259519,14883.544017326725,15352.5,15422.5,15177.5,13:00,in_va,inside_both,below_week_val,neg,pos
long,2023-09-22 15:05:00-04:00,2023-09-22,2023-09-22 15:45:00-04:00,sl,14956.125,14885.910714285714,14956.0,14886.035714285714,15048.928571428572,22.964285714285715,0.8808290155440415,935,-61,65,14915.25,14933.0,-70.21428571428623,-1404.2857142857247,-1408.7857142857247,14920.0,14982.5,14870.0,15032.408651213284,14755.398887474179,15063.303664920137,14724.685365814374,15352.5,15422.5,15177.5,15:00,in_va,inside_both,below_week_val,neg,pos
long,2023-09-25 11:15:00-04:00,2023-09-25,2023-09-25 15:00:00-04:00,sl,14913.625,14853.80357142857,14913.5,14853.92857142857,14999.892857142859,26.821428571428573,0.8775510204081632,1299,-6,340,14849.75,14896.5,-59.82142857142935,-1196.428571428587,-1200.928571428587,14855.0,14880.0,14820.0,14951.318676388648,14749.692464961028,14967.043768199293,14734.022076015768,15555.0,15682.5,15517.5,11:00,above_vah,inside_both,below_week_val,neg,pos
long,2023-09-25 11:05:00-04:00,2023-09-25,2023-09-25 16:55:00-04:00,eod,14873.625,14950.875,14873.5,14803.035714285714,14971.928571428572,27.964285714285715,0.9034090909090909,885,-136,71,14847.5,14866.75,77.25,1545.0,1540.5,14855.0,14875.0,14815.0,14950.43678961122,14750.571283919566,14964.397793841492,14736.658845824506,15555.0,15682.5,15517.5,11:00,in_va,inside_both,below_week_val,neg,pos
long,2023-09-25 12:15:00-04:00,2023-09-25,2023-09-25 12:50:00-04:00,sl,14925.625,14883.464285714286,14925.5,14883.589285714286,14987.071428571428,19.660714285714285,0.7889908256880734,491,-12,140,14913.5,14917.5,-42.160714285713766,-843.2142857142753,-847.7142857142753,14855.0,14892.5,14807.5,14948.161978272168,14752.838181874078,14975.414361621783,14725.680601370499,15555.0,15682.5,15517.5,12:00,above_vah,inside_both,below_week_val,neg,pos
long,2023-09-25 15:55:00-04:00,2023-09-25,2023-09-25 16:55:00-04:00,eod,14936.875,14950.875,14936.75,14865.67857142857,15032.142857142859,24.321428571428573,0.8578680203045685,849,-47,199,14929.0,14936.25,14.0,280.0,275.5,14900.0,14915.0,14845.0,14976.605840994065,14724.493266796637,15013.02695394487,14688.198851944831,15555.0,15682.5,15517.5,15:00,above_vah,inside_both,below_week_val,neg,pos
long,2023-09-25 13:05:00-04:00,2023-09-25,2023-09-25 15:00:00-04:00,sl,14906.375,14859.55357142857,14906.25,14859.67857142857,14970.392857142859,17.571428571428573,0.8888888888888888,537,-16,85,14893.0,14905.25,-46.82142857142935,-936.428571428587,-940.928571428587,14855.0,14900.0,14815.0,14946.885466792883,14754.110252753813,14977.077883009899,14724.02286687302,15555.0,15682.5,15517.5,13:00,above_vah,inside_both,below_week_val,neg,pos
long,2023-09-25 15:35:00-04:00,2023-09-25,2023-09-25 16:55:00-04:00,eod,14911.125,14950.875,14911.0,14867.517857142857,14975.964285714286,21.482142857142858,0.7555555555555555,282,-117,15,14898.25,14905.25,39.75,795.0,790.5,14900.0,14915.0,14845.0,14973.598064507481,14727.490580133357,15009.970923753608,14691.244251126102,15555.0,15682.5,15517.5,15:00,in_va,inside_both,below_week_val,neg,pos
long,2023-09-28 11:30:00-04:00,2023-09-28,2023-09-28 12:25:00-04:00,tp,14851.875,14938.482142857141,14851.75,14794.94642857143,14938.607142857141,30.053571428571427,0.7518796992481203,536,-36,135,14829.5,14841.0,86.6071428571413,1732.142857142826,1727.642857142826,14767.5,14782.5,14700.0,14846.281596956076,14615.85335809645,14857.48417569243,14604.704833044783,15555.0,15682.5,15517.5,11:00,above_vah,inside_90_only,below_week_val,neg,pos
long,2023-09-26 10:40:00-04:00,2023-09-26,2023-09-26 11:15:00-04:00,sl,14789.125,14741.69642857143,14789.0,14741.82142857143,14862.107142857141,25.928571428571427,0.7340425531914894,594,-120,47,14770.25,14788.0,-47.42857142857065,-948.571428571413,-953.071428571413,14770.0,14847.5,14727.5,15006.420765011486,14770.046295144455,15029.619671130056,14747.042898501564,15555.0,15682.5,15517.5,10:00,in_va,inside_both,below_week_val,neg,pos
long,2023-09-26 12:20:00-04:00,2023-09-26,2023-09-26 13:35:00-04:00,sl,14772.125,14727.035714285714,14772.0,14727.160714285714,14835.928571428572,19.089285714285715,0.819047619047619,400,-94,-5,14754.5,14766.0,-45.089285714286234,-901.7857142857247,-906.2857142857247,14745.0,14830.0,14725.0,15031.31827705118,14745.358607632686,15051.127258118591,14725.716567346122,15555.0,15682.5,15517.5,12:00,in_va,inside_both,below_week_val,neg,neg
long,2023-09-26 16:05:00-04:00,2023-09-26,2023-09-26 16:55:00-04:00,eod,14729.375,14725.125,14729.25,14688.767857142857,14788.214285714286,18.482142857142858,0.8144329896907216,443,-43,47,14704.5,14711.5,-4.25,-85.0,-89.5,14762.5,14787.5,14677.5,15076.195787601846,14700.859303645419,15090.995981222755,14686.183839099234,15555.0,15682.5,15517.5,16:00,in_va,inside_both,below_week_val,neg,pos
long,2023-09-26 15:40:00-04:00,2023-09-26,2023-09-26 16:55:00-04:00,eod,14695.875,14725.125,14695.75,14660.80357142857,14747.142857142859,16.446428571428573,0.8625,254,-22,137,14675.0,14682.75,29.25,585.0,580.5,14762.5,14817.5,14690.0,15059.115049935748,14717.796092883591,15087.222315024574,14689.925702612582,15555.0,15682.5,15517.5,15:00,in_va,inside_90_only,below_week_val,neg,pos
long,2023-09-28 11:20:00-04:00,2023-09-28,2023-09-28 12:25:00-04:00,tp,14817.625,14930.410714285714,14817.5,14736.732142857143,14930.535714285714,32.267857142857146,0.9242424242424242,1372,-24,27,14791.75,14806.0,112.78571428571377,2255.7142857142753,2251.2142857142753,14767.5,14782.5,14705.0,14846.184071802423,14615.950412680422,14859.525394198248,14602.673463644616,15555.0,15682.5,15517.5,11:00,above_vah,inside_both,below_week_val,neg,pos
long,2023-09-27 15:00:00-04:00,2023-09-27,2023-09-27 15:40:00-04:00,sl,14777.875,14705.964285714286,14777.75,14706.089285714286,14875.071428571428,25.660714285714285,0.8138297872340425,1085,-74,47,14770.0,14772.0,-71.91071428571377,-1438.2142857142753,-1442.7142857142753,14765.0,14782.5,14675.0,14840.975495492035,14637.690997577205,14875.715899549903,14603.016526877318,15555.0,15682.5,15517.5,15:00,in_va,inside_both,below_week_val,neg,pos
long,2023-09-27 13:00:00-04:00,2023-09-27,2023-09-27 13:15:00-04:00,sl,14681.875,14638.25,14681.75,14638.375,14742.75,17.625,0.8839285714285714,561,-37,137,14670.5,14677.0,-43.625,-872.5,-877.0,14765.0,14785.0,14710.0,14823.728539026602,14654.905221269792,14851.436961291834,14627.249386456368,15555.0,15682.5,15517.5,13:00,below_val,inside_both,below_week_val,neg,pos
long,2023-09-28 09:50:00-04:00,2023-09-28,2023-09-28 11:30:00-04:00,tp,14733.375,14851.303571428572,14733.25,14646.910714285714,14851.428571428572,31.839285714285715,0.8969957081545065,1452,-7,251,14709.5,14720.5,117.92857142857247,2358.5714285714494,2354.0714285714494,14690.0,14740.0,14670.0,14801.896291974861,14660.024499059116,14816.06857353173,14645.920600332365,15555.0,15682.5,15517.5,09:00,in_va,inside_both,below_week_val,neg,pos
long,2023-09-28 10:45:00-04:00,2023-09-28,2023-09-28 11:40:00-04:00,tp,14774.625,14872.982142857141,14774.5,14712.57142857143,14873.107142857141,36.67857142857143,0.7009345794392523,748,-31,167,14743.75,14762.75,98.3571428571413,1967.142857142826,1962.642857142826,14690.0,14750.0,14680.0,14818.810637672272,14643.191766955373,14845.432997470814,14616.697862995094,15555.0,15682.5,15517.5,10:00,above_vah,inside_both,below_week_val,neg,pos
long,2023-09-29 11:20:00-04:00,2023-09-29,2023-09-29 11:30:00-04:00,sl,15006.125,14950.517857142857,15006.0,14950.642857142857,15087.964285714286,26.607142857142858,0.7910447761194029,619,-17,90,14985.75,15003.5,-55.60714285714312,-1112.1428571428623,-1116.6428571428623,14992.5,15040.0,14962.5,15084.93708471693,14793.758154798426,15096.564181787717,14782.22794051495,15555.0,15682.5,15517.5,11:00,in_va,inside_both,below_week_val,neg,pos
long,2023-09-29 13:25:00-04:00,2023-09-29,2023-09-29 14:00:00-04:00,sl,14865.625,14818.732142857143,14865.5,14818.857142857143,14936.785714285714,24.642857142857142,0.8936170212765957,774,-8,106,14843.75,14856.75,-46.89285714285688,-937.8571428571377,-942.3571428571377,14992.5,15037.5,14935.0,15112.183448542077,14766.738821302124,15111.904523794075,14767.015421909638,15555.0,15682.5,15517.5,13:00,below_val,inside_both,below_week_val,neg,pos
long,2023-09-29 14:55:00-04:00,2023-09-29,2023-09-29 16:55:00-04:00,eod,14902.625,14891.375,14902.5,14836.357142857143,14994.785714285714,26.142857142857142,0.9337349397590361,1187,-9,51,14861.25,14873.0,-11.25,-225.0,-229.5,14992.5,15042.5,14912.5,15100.693281457894,14778.133246568119,15126.655156277016,14752.387699073091,15555.0,15682.5,15517.5,14:00,below_val,inside_both,below_week_val,neg,pos
long,2023-09-29 14:20:00-04:00,2023-09-29,2023-09-29 15:50:00-04:00,tp,14849.375,14920.767857142859,14849.25,14800.05357142857,14920.892857142859,22.446428571428573,0.8416666666666667,433,-11,73,14834.25,14843.25,71.3928571428587,1427.857142857174,1423.357142857174,14992.5,15037.5,14925.0,15115.747312688038,14763.204653054454,15118.841129334143,14760.136615635809,15555.0,15682.5,15517.5,14:00,below_val,inside_both,below_week_val,neg,pos
long,2023-10-02 10:00:00-04:00,2023-10-02,2023-10-02 13:10:00-04:00,sl,14982.625,14873.517857142857,14982.5,14873.642857142857,15122.714285714286,31.357142857142858,0.7020057306590258,869,-39,184,14922.75,14939.5,-109.10714285714312,-2182.1428571428623,-2186.6428571428623,14940.0,14995.0,14892.5,14933.59559045848,14831.704585597032,14946.847926197795,14818.468046047446,15372.5,15460.0,14985.0,10:00,in_va,outside_both,below_week_val,neg,pos
long,2023-10-02 11:15:00-04:00,2023-10-02,2023-10-02 11:50:00-04:00,sl,15003.875,14947.25,15003.75,14947.375,15097.0,36.875,0.7578947368421053,407,-56,358,14982.5,14992.25,-56.625,-1132.5,-1137.0,14950.0,14987.5,14917.5,14950.835940908328,14814.484784871553,14981.980458737433,14783.377389910625,15372.5,15460.0,14985.0,11:00,above_vah,outside_both,in_week_va,neg,pos
long,2023-10-02 11:10:00-04:00,2023-10-02,2023-10-02 11:55:00-04:00,sl,14986.375,14913.625,14986.25,14913.75,15096.25,37.5,0.8187919463087249,1058,10,140,14947.75,14970.75,-72.75,-1455.0,-1459.5,14950.0,14987.5,14915.0,14948.04830704805,14817.269095997319,14980.85039286403,14784.506108796202,15372.5,15460.0,14985.0,11:00,in_va,outside_both,in_week_va,pos,pos
long,2023-10-06 11:55:00-04:00,2023-10-06,2023-10-06 14:45:00-04:00,tp,15048.125,15144.482142857141,15048.0,14982.07142857143,15144.607142857141,30.678571428571427,0.8461538461538461,529,-146,14,15039.25,15046.0,96.3571428571413,1927.142857142826,1922.642857142826,14872.5,14950.0,14740.0,14971.907918058578,14625.775207811774,14966.816060341784,14630.824321437576,15372.5,15460.0,14985.0,11:00,above_vah,outside_both,in_week_va,neg,pos
long,2023-10-02 13:50:00-04:00,2023-10-02,2023-10-02 14:25:00-04:00,sl,14926.625,14891.75,14926.5,14891.875,14981.75,20.625,0.7352941176470589,380,-8,123,14919.25,14926.25,-34.875,-697.5,-702.0,14950.0,14977.5,14890.0,14994.822510294423,14770.550645503026,15004.513719020193,14760.87098826333,15372.5,15460.0,14985.0,13:00,in_va,inside_both,below_week_val,neg,pos
long,2023-10-02 14:10:00-04:00,2023-10-02,2023-10-02 14:25:00-04:00,sl,14955.125,14886.482142857143,14955.0,14886.607142857143,15045.785714285714,22.392857142857142,0.9312169312169312,1365,-14,27,14926.0,14933.5,-68.64285714285688,-1372.8571428571377,-1377.3571428571377,14950.0,14977.5,14892.5,14999.347974748669,14766.030575199406,15005.821504819243,14759.56476128629,15372.5,15460.0,14985.0,14:00,in_va,inside_both,below_week_val,neg,pos
long,2023-10-02 15:20:00-04:00,2023-10-02,2023-10-02 16:55:00-04:00,eod,14929.125,14992.375,14929.0,14867.125,15016.75,25.875,0.832258064516129,364,-95,91,14888.25,14913.25,63.25,1265.0,1260.5,14950.0,14970.0,14885.0,15003.498537753805,14761.884959479188,15020.785076237007,14744.619025774424,15372.5,15460.0,14985.0,15:00,in_va,inside_both,below_week_val,neg,pos
long,2023-10-02 15:50:00-04:00,2023-10-02,2023-10-02 16:55:00-04:00,eod,14969.875,14992.375,14969.75,14903.05357142857,15062.142857142859,25.696428571428573,0.7514792899408284,1225,-112,82,14938.25,14951.75,22.5,450.0,445.5,14915.0,14967.5,14885.0,15000.9749025526,14764.405586620438,15028.777113985288,14736.636514176631,15372.5,15460.0,14985.0,15:00,above_vah,inside_both,below_week_val,neg,pos
long,2023-10-04 09:35:00-04:00,2023-10-04,2023-10-04 10:00:00-04:00,sl,14828.375,14772.125,14828.25,14772.25,14904.0,19.75,0.7411764705882353,1360,-67,159,14776.75,14811.0,-56.25,-1125.0,-1129.5,14780.0,14797.5,14672.5,14773.601510899454,14694.201943156251,14777.999139752757,14689.815864850663,15372.5,15460.0,14985.0,09:00,above_vah,outside_both,below_week_val,neg,pos
long,2023-10-03 12:00:00-04:00,2023-10-03,2023-10-03 13:45:00-04:00,sl,14753.125,14703.0,14753.0,14703.125,14825.5,22.625,0.7661290322580645,1297,-19,154,14726.0,14743.0,-50.125,-1002.5,-1007.0,14735.0,14912.5,14710.0,15084.61153404987,14788.828112086336,15097.673276932419,14775.86416347683,15372.5,15460.0,14985.0,12:00,in_va,outside_both,below_week_val,neg,pos
long,2023-10-03 15:55:00-04:00,2023-10-03,2023-10-03 16:55:00-04:00,eod,14719.875,14714.375,14719.75,14671.32142857143,14790.607142857141,22.428571428571427,0.7185185185185186,649,-9,658,14703.75,14716.75,-5.5,-110.0,-114.5,14750.0,14880.0,14650.0,15107.232491369921,14766.376519612657,15126.98839747978,14746.768527490512,15372.5,15460.0,14985.0,15:00,in_va,outside_both,below_week_val,neg,pos
long,2023-10-04 11:15:00-04:00,2023-10-04,2023-10-04 16:55:00-04:00,eod,14845.375,14902.375,14845.25,14771.44642857143,14956.857142857141,37.80357142857143,0.9183673469387755,674,-3,40,14803.25,14831.25,57.0,1140.0,1135.5,14780.0,14832.5,14722.5,14828.223654429528,14639.7232668664,14844.552685781446,14623.437124367101,15372.5,15460.0,14985.0,11:00,above_vah,outside_both,below_week_val,neg,pos
long,2023-10-06 11:30:00-04:00,2023-10-06,2023-10-06 14:05:00-04:00,tp,14979.625,15101.303571428572,14979.5,14890.035714285714,15101.428571428572,32.464285714285715,0.9612068965517241,1089,-24,91,14910.0,14926.5,121.67857142857247,2433.5714285714494,2429.0714285714494,14872.5,14947.5,14747.5,14966.104854082416,14631.529557407368,14955.300247178619,14642.243463995821,15372.5,15460.0,14985.0,11:00,above_vah,outside_both,below_week_val,neg,pos
long,2023-10-05 10:25:00-04:00,2023-10-05,2023-10-05 10:35:00-04:00,sl,14800.125,14736.07142857143,14800.0,14736.19642857143,14896.607142857141,32.80357142857143,0.7378048780487805,512,-6,98,14793.25,14798.5,-64.05357142857065,-1281.071428571413,-1285.571428571413,14907.5,14932.5,14860.0,14960.684886180425,14850.837647306744,14982.663634867298,14828.868480876657,15372.5,15460.0,14985.0,10:00,below_val,outside_both,below_week_val,neg,pos
long,2023-10-05 11:20:00-04:00,2023-10-05,2023-10-05 13:40:00-04:00,tp,14761.375,14848.339285714286,14761.25,14703.142857142857,14848.464285714286,29.107142857142858,0.8142857142857143,1171,-6,291,14731.5,14751.0,86.96428571428623,1739.2857142857247,1734.7857142857247,14907.5,14960.0,14787.5,14992.587692353656,14818.948750063695,15004.979802693706,14806.56204241445,15372.5,15460.0,14985.0,11:00,below_val,outside_both,below_week_val,neg,pos
long,2023-10-05 11:50:00-04:00,2023-10-05,2023-10-05 14:00:00-04:00,tp,14792.875,14878.446428571428,14792.75,14731.714285714286,14878.571428571428,24.785714285714285,0.7755102040816326,898,-144,14,14764.0,14774.0,85.57142857142753,1711.4285714285506,1706.9285714285506,14907.5,14960.0,14775.0,15010.33892532656,14801.205256242603,15012.457179446597,14799.08792563533,15372.5,15460.0,14985.0,11:00,in_va,outside_both,below_week_val,neg,pos
long,2023-10-05 12:10:00-04:00,2023-10-05,2023-10-05 14:30:00-04:00,tp,14812.625,14885.910714285714,14812.5,14763.857142857143,14886.035714285714,24.892857142857142,0.7714285714285715,797,-5,97,14788.75,14798.25,73.28571428571377,1465.7142857142753,1461.2142857142753,14907.5,14960.0,14775.0,15009.185502542496,14802.358176159396,15013.478943336027,14798.066607212748,15372.5,15460.0,14985.0,12:00,in_va,inside_both,below_week_val,neg,pos
long,2023-10-05 12:25:00-04:00,2023-10-05,2023-10-05 13:05:00-04:00,sl,14820.875,14776.464285714286,14820.75,14776.589285714286,14889.571428571428,24.660714285714285,0.7444444444444445,437,-93,183,14807.5,14818.0,-44.410714285713766,-888.2142857142753,-892.7142857142753,14907.5,14960.0,14777.5,15011.969733316384,14799.575159249618,15012.705866638631,14798.839346865503,15372.5,15460.0,14985.0,12:00,in_va,inside_both,below_week_val,neg,pos
long,2023-10-05 14:00:00-04:00,2023-10-05,2023-10-05 16:55:00-04:00,eod,14874.375,14860.625,14874.25,14834.464285714286,14934.571428571428,20.535714285714285,0.74,775,12,229,14848.75,14862.0,-13.75,-275.0,-279.5,14790.0,14875.0,14720.0,15016.66019410358,14794.886743401392,15023.24832956958,14788.301480219285,15372.5,15460.0,14985.0,14:00,in_va,inside_both,below_week_val,pos,pos
long,2023-10-06 11:00:00-04:00,2023-10-06,2023-10-06 11:55:00-04:00,tp,14917.125,15032.196428571428,14917.0,14841.589285714286,15032.321428571428,39.910714285714285,0.8258064516129032,497,-381,123,14872.25,14901.25,115.07142857142753,2301.4285714285506,2296.9285714285506,14872.5,14920.0,14742.5,14940.01941988801,14657.396014907072,14948.682690731832,14648.805468726392,15372.5,15460.0,14985.0,11:00,in_va,inside_both,below_week_val,neg,pos
long,2023-10-06 14:25:00-04:00,2023-10-06,2023-10-06 16:55:00-04:00,eod,15125.625,15139.375,15125.5,15092.410714285714,15174.178571428572,15.589285714285714,0.8421052631578947,517,-36,66,15102.0,15114.0,13.75,275.0,270.5,15042.5,15115.0,14777.5,14966.059494705296,14631.57453601082,14978.873061482147,14618.868533956838,15372.5,15460.0,14985.0,14:00,above_vah,outside_both,in_week_va,neg,pos
long,2023-10-09 12:15:00-04:00,2023-10-09,2023-10-09 13:30:00-04:00,tp,15074.625,15127.803571428572,15074.5,15038.410714285714,15127.928571428572,17.339285714285715,0.9605263157894737,298,-1,6,15058.75,15062.5,53.17857142857247,1063.5714285714494,1059.0714285714494,15010.0,15030.0,14980.0,15278.956982551555,14874.212873572098,15249.166677431447,14903.753278183585,14765.0,14880.0,14655.0,12:00,above_vah,inside_both,above_week_vah,neg,pos
long,2023-10-09 11:55:00-04:00,2023-10-09,2023-10-09 13:25:00-04:00,tp,15049.875,15101.339285714286,15049.75,15016.517857142857,15101.464285714286,18.482142857142858,0.7142857142857143,318,-134,68,15039.25,15042.5,51.464285714286234,1029.2857142857247,1024.7857142857247,15010.0,15027.5,14980.0,15279.967057536574,14873.211271754826,15250.871438946027,14902.062817320435,14765.0,14880.0,14655.0,11:00,above_vah,inside_both,above_week_vah,neg,pos
long,2023-10-09 13:25:00-04:00,2023-10-09,2023-10-09 13:40:00-04:00,tp,15103.875,15159.053571428572,15103.75,15064.535714285714,15159.178571428572,16.214285714285715,0.8811881188118812,803,-21,94,15077.0,15083.0,55.17857142857247,1103.5714285714494,1099.0714285714494,15010.0,15037.5,14980.0,15298.013547283228,14855.31616773411,15258.787248675293,14894.213410565882,14765.0,14880.0,14655.0,13:00,above_vah,inside_both,above_week_vah,neg,pos
long,2023-10-11 09:30:00-04:00,2023-10-11,2023-10-11 10:15:00-04:00,sl,15368.625,15301.42857142857,15368.5,15301.55357142857,15456.892857142859,21.446428571428573,0.7935779816513762,1184,-73,366,15335.0,15345.0,-67.19642857142935,-1343.928571428587,-1348.428571428587,15295.0,15325.0,15282.5,15329.733337851034,15277.529314755748,15329.50877635647,15277.75324250635,14765.0,14880.0,14655.0,09:00,above_vah,outside_both,above_week_vah,neg,pos
long,2023-10-11 10:50:00-04:00,2023-10-11,2023-10-11 11:40:00-04:00,sl,15356.625,15294.57142857143,15356.5,15294.69642857143,15444.607142857141,26.303571428571427,0.7486338797814208,2787,-21,691,15339.75,15344.5,-62.05357142857065,-1241.071428571413,-1245.571428571413,15327.5,15342.5,15295.0,15418.961740085078,15188.552727558757,15411.797316055654,15195.696932581035,14765.0,14880.0,14655.0,10:00,above_vah,inside_both,above_week_vah,neg,pos
long,2023-10-11 14:20:00-04:00,2023-10-11,2023-10-11 16:05:00-04:00,tp,15328.375,15408.017857142859,15328.25,15269.17857142857,15408.142857142859,20.821428571428573,0.9493670886075949,739,-9,53,15296.25,15310.75,79.6428571428587,1592.857142857174,1588.357142857174,15325.0,15340.0,15285.0,15493.348806762082,15114.37559159308,15453.909101106088,15153.703992880815,14765.0,14880.0,14655.0,14:00,in_va,inside_both,above_week_vah,neg,pos
long,2023-10-12 11:10:00-04:00,2023-10-12,2023-10-12 13:00:00-04:00,sl,15447.875,15393.160714285714,15447.75,15393.285714285714,15532.678571428572,30.464285714285715,0.8785046728971962,728,-8,243,15419.75,15439.0,-54.714285714286234,-1094.2857142857247,-1098.7857142857247,15422.5,15442.5,15390.0,15517.414233828575,15286.70689097664,15506.52618481764,15297.582575835431,14765.0,14880.0,14655.0,11:00,above_vah,inside_both,above_week_vah,neg,pos
long,2023-10-13 12:15:00-04:00,2023-10-13,2023-10-13 13:25:00-04:00,sl,15154.625,15100.982142857143,15154.5,15101.107142857143,15231.035714285714,23.142857142857142,0.8759124087591241,691,-2,169,15123.5,15140.25,-53.64285714285688,-1072.8571428571377,-1077.3571428571377,15325.0,15362.5,15207.5,15479.967857585118,15186.445961339807,15453.13496935875,15213.246931157197,14765.0,14880.0,14655.0,12:00,below_val,outside_both,above_week_vah,neg,pos
long,2023-10-16 09:55:00-04:00,2023-10-16,2023-10-16 10:30:00-04:00,tp,15227.625,15313.125,15227.5,15165.375,15313.25,23.625,0.7080745341614907,508,-276,6,15198.5,15213.0,85.5,1710.0,1705.5,15172.5,15202.5,15107.5,15222.717820028085,15060.993050469539,15230.656130467649,15053.090571228253,14870.0,14962.5,14740.0,09:00,above_vah,inside_90_only,above_week_vah,neg,pos
long,2023-10-16 15:25:00-04:00,2023-10-16,2023-10-16 15:50:00-04:00,sl,15332.375,15303.089285714286,15332.25,15303.214285714286,15378.071428571428,16.785714285714285,0.7413793103448276,794,-24,106,15305.0,15322.25,-29.285714285713766,-585.7142857142753,-590.2142857142753,15307.5,15325.0,15212.5,15355.067968591795,14929.240291545828,15318.780687369028,14965.363782655011,14870.0,14962.5,14740.0,15:00,above_vah,inside_14_only,above_week_vah,neg,pos
long,2023-10-16 13:00:00-04:00,2023-10-16,2023-10-16 13:20:00-04:00,sl,15305.125,15263.875,15305.0,15264.0,15362.25,16.25,0.92,859,-40,4,15276.5,15289.25,-41.25,-825.0,-829.5,15277.5,15320.0,15182.5,15315.766521930835,14968.364343037027,15287.137530300506,14996.864111820314,14870.0,14962.5,14740.0,13:00,in_va,inside_14_only,above_week_vah,neg,pos
long,2023-10-17 10:15:00-04:00,2023-10-17,2023-10-17 11:20:00-04:00,tp,15173.375,15245.803571428572,15173.25,15128.285714285714,15245.928571428572,27.714285714285715,0.7564102564102564,247,-160,141,15156.0,15162.75,72.42857142857247,1448.5714285714494,1444.0714285714494,15125.0,15207.5,15050.0,15367.13926567425,15076.788446501274,15375.643781955467,15068.376311724604,14870.0,14962.5,14740.0,10:00,in_va,inside_both,above_week_vah,neg,pos
long,2023-10-17 10:05:00-04:00,2023-10-17,2023-10-17 11:30:00-04:00,tp,15142.625,15257.803571428572,15142.5,15053.285714285714,15257.928571428572,26.214285714285715,0.8413284132841329,1804,-99,145,15130.25,15142.0,115.17857142857247,2303.5714285714494,2299.0714285714494,15125.0,15232.5,15050.0,15363.945502312574,15079.947517159122,15368.124589458219,15075.813825935524,14870.0,14962.5,14740.0,10:00,in_va,inside_both,above_week_vah,neg,pos
long,2023-10-17 15:50:00-04:00,2023-10-17,2023-10-17 16:55:00-04:00,eod,15237.125,15242.375,15237.0,15182.035714285714,15315.178571428572,23.214285714285715,0.8102189781021898,610,20,167,15215.75,15226.75,5.25,105.0,100.5,15210.0,15295.0,15180.0,15478.450012751888,14966.686828073345,15453.875418670092,14990.994477169688,14870.0,14962.5,14740.0,15:00,in_va,inside_both,above_week_vah,pos,pos
long,2023-10-18 10:15:00-04:00,2023-10-18,2023-10-18 10:35:00-04:00,sl,15200.625,15124.32142857143,15200.5,15124.44642857143,15308.357142857141,31.803571428571427,0.841025641025641,766,-108,146,15144.75,15190.5,-76.30357142857065,-1526.071428571413,-1530.571428571413,15155.0,15180.0,15127.5,15302.022678834915,15071.663710166875,15312.658064531446,15061.106297529332,14870.0,14962.5,14740.0,10:00,above_vah,inside_both,above_week_vah,neg,pos
long,2023-10-18 13:00:00-04:00,2023-10-18,2023-10-18 15:00:00-04:00,sl,15136.375,15041.660714285714,15136.25,15041.785714285714,15259.928571428572,29.214285714285715,0.7196969696969697,1544,-100,4,15112.75,15126.5,-94.71428571428623,-1894.2857142857247,-1898.7857142857247,15140.0,15172.5,15107.5,15375.434013742155,14998.790588589201,15354.277676235803,15019.791818946702,14870.0,14962.5,14740.0,13:00,in_va,inside_both,above_week_vah,neg,pos
long,2023-11-03 12:10:00-04:00,2023-11-03,2023-11-03 14:35:00-04:00,tp,15161.375,15207.232142857141,15161.25,15132.82142857143,15207.357142857141,17.678571428571427,0.7346938775510204,474,-30,82,15150.75,15160.5,45.8571428571413,917.142857142826,912.642857142826,15110.0,15147.5,15047.5,15159.80042544559,14862.281491652835,15169.866557265834,14852.269198355714,15127.5,15300.0,14980.0,12:00,above_vah,inside_90_only,in_week_va,neg,pos
long,2023-10-18 16:30:00-04:00,2023-10-18,2023-10-18 16:55:00-04:00,eod,15070.875,15061.125,15070.75,15042.875,15118.5,19.875,0.7560975609756098,372,-1,67,15042.75,15069.25,-9.75,-195.0,-199.5,15140.0,15172.5,15072.5,15405.998047014064,14968.450634747707,15394.472583936755,14979.891599186416,14870.0,14962.5,14740.0,16:00,below_val,inside_both,above_week_vah,neg,pos
long,2023-10-19 10:10:00-04:00,2023-10-19,2023-10-19 10:25:00-04:00,sl,15097.125,15026.339285714286,15097.0,15026.464285714286,15196.071428571428,28.535714285714285,0.7942583732057417,1724,-1,588,15060.5,15076.5,-70.78571428571377,-1415.7142857142753,-1420.2142857142753,15045.0,15090.0,15022.5,15143.529245510288,15005.318237021256,15152.413456430228,14996.449483303411,14870.0,14962.5,14740.0,10:00,above_vah,inside_both,above_week_vah,neg,pos
long,2023-10-19 11:40:00-04:00,2023-10-19,2023-10-19 12:00:00-04:00,tp,15044.875,15121.125,15044.75,14996.0,15121.25,27.75,0.8876404494382022,462,-18,58,15011.5,15029.75,76.25,1525.0,1520.5,15045.0,15065.0,14995.0,15211.787442796734,14937.178798818739,15192.86334486805,14956.069971639175,14870.0,14962.5,14740.0,11:00,in_va,inside_both,above_week_vah,neg,pos
long,2023-10-19 16:15:00-04:00,2023-10-19,2023-10-19 16:55:00-04:00,eod,14859.125,14850.375,14859.0,14815.05357142857,14929.142857142859,26.196428571428573,0.8395061728395061,402,5,0,14845.25,14851.0,-8.75,-175.0,-179.5,15045.0,15092.5,14975.0,15247.515272529216,14901.513130181896,15232.891755106524,14916.111204865076,14870.0,14962.5,14740.0,16:00,below_val,outside_both,in_week_va,pos,zero
long,2023-10-20 11:45:00-04:00,2023-10-20,2023-10-20 13:15:00-04:00,tp,14709.625,14785.839285714286,14709.5,14656.392857142857,14785.964285714286,23.357142857142858,0.8536585365853658,722,-57,38,14678.0,14686.25,76.21428571428623,1524.2857142857247,1519.7857142857247,14850.0,14885.0,14772.5,14989.695903168784,14723.4067949532,14969.565774817005,14743.520670215648,14870.0,14962.5,14740.0,11:00,below_val,outside_both,below_week_val,neg,pos
long,2023-10-20 12:45:00-04:00,2023-10-20,2023-10-20 14:35:00-04:00,sl,14750.625,14695.67857142857,14750.5,14695.80357142857,14828.642857142859,23.446428571428573,0.8740740740740741,853,-23,112,14725.0,14739.0,-54.94642857142935,-1098.928571428587,-1103.428571428587,14850.0,14885.0,14725.0,14995.005261575827,14718.10172332839,14972.69663525059,14740.392337642465,14870.0,14962.5,14740.0,12:00,in_va,inside_both,in_week_va,neg,pos
long,2023-10-20 12:55:00-04:00,2023-10-20,2023-10-20 14:15:00-04:00,sl,14772.875,14721.857142857143,14772.75,14721.982142857143,14847.035714285714,23.517857142857142,0.8153846153846154,863,-6,206,14750.5,14758.5,-51.01785714285688,-1020.3571428571377,-1024.8571428571377,14850.0,14885.0,14727.5,14993.783982172019,14719.32201666977,14971.69291159065,14741.395250894737,14870.0,14962.5,14740.0,12:00,in_va,inside_both,in_week_va,neg,pos
long,2023-10-23 12:55:00-04:00,2023-10-23,2023-10-23 14:20:00-04:00,sl,14850.625,14772.017857142857,14850.5,14772.142857142857,14951.964285714286,23.107142857142858,0.9557522123893806,1791,-32,58,14796.5,14803.25,-78.60714285714312,-1572.1428571428623,-1576.6428571428623,14612.5,14687.5,14522.5,14777.97444169271,14473.93495905401,14757.314125600817,14494.529693556833,15290.0,15460.0,15195.0,12:00,above_vah,outside_both,below_week_val,neg,pos
long,2023-10-23 11:10:00-04:00,2023-10-23,2023-10-23 12:55:00-04:00,tp,14725.125,14814.125,14725.0,14666.0,14814.25,30.25,0.8571428571428571,450,-63,90,14700.75,14710.25,89.0,1780.0,1775.5,14612.5,14687.5,14577.5,14757.171867911858,14494.671499680326,14741.537228038147,14510.256510858964,15290.0,15460.0,15195.0,11:00,above_vah,inside_both,below_week_val,neg,pos
long,2023-10-23 10:10:00-04:00,2023-10-23,2023-10-23 11:20:00-04:00,tp,14657.375,14748.053571428572,14657.25,14598.035714285714,14748.178571428572,31.714285714285715,0.8548387096774194,1124,0,221,14637.75,14651.0,90.67857142857247,1813.5714285714494,1809.0714285714494,14612.5,14647.5,14555.0,14696.868774648938,14554.783174154474,14711.443756801575,14540.254457048604,15290.0,15460.0,15195.0,10:00,above_vah,inside_both,below_week_val,zero,pos
long,2023-10-23 11:55:00-04:00,2023-10-23,2023-10-23 12:55:00-04:00,tp,14758.625,14825.482142857141,14758.5,14713.44642857143,14825.607142857141,22.053571428571427,0.7653061224489796,259,-98,59,14739.75,14749.0,66.8571428571413,1337.142857142826,1332.642857142826,14612.5,14687.5,14547.5,14778.201410667916,14473.708710541454,14760.970350063153,14490.885074967766,15290.0,15460.0,15195.0,11:00,above_vah,inside_both,below_week_val,neg,pos
long,2023-10-23 15:00:00-04:00,2023-10-23,2023-10-23 15:10:00-04:00,sl,14796.625,14753.55357142857,14796.5,14753.67857142857,14863.392857142859,24.071428571428573,0.8333333333333334,226,-20,56,14782.0,14793.5,-43.07142857142935,-861.428571428587,-865.928571428587,14795.0,14845.0,14627.5,14810.30907981593,14441.70296006471,14777.716180961324,14474.19239999401,15290.0,15460.0,15195.0,15:00,in_va,inside_14_only,below_week_val,neg,pos
long,2023-11-01 10:20:00-04:00,2023-11-01,2023-11-01 15:25:00-04:00,tp,14631.125,14746.803571428572,14631.0,14544.160714285714,14746.928571428572,29.089285714285715,0.8809523809523809,3520,-9,357,14577.25,14584.75,115.67857142857247,2313.5714285714494,2309.0714285714494,14567.5,14582.5,14480.0,14585.990763479247,14386.5682399544,14588.495190494348,14384.07558457848,15127.5,15300.0,14980.0,10:00,above_vah,outside_both,below_week_val,neg,pos
long,2023-10-25 15:20:00-04:00,2023-10-25,2023-10-25 16:55:00-04:00,eod,14482.375,14467.625,14482.25,14440.94642857143,14543.107142857141,19.553571428571427,0.7916666666666666,242,-2,41,14463.0,14474.75,-14.75,-295.0,-299.5,14622.5,14792.5,14562.5,14993.042919496263,14580.183743387612,14969.878463843226,14603.208797616782,15290.0,15460.0,15195.0,15:00,below_val,outside_both,below_week_val,neg,pos
long,2023-10-26 10:45:00-04:00,2023-10-26,2023-10-26 11:15:00-04:00,sl,14365.375,14270.392857142857,14365.25,14270.517857142857,14504.964285714286,44.982142857142854,0.8811881188118812,1126,-59,102,14301.0,14338.0,-94.98214285714312,-1899.6428571428623,-1904.1428571428623,14325.0,14380.0,14275.0,14542.482442888137,14346.757750548597,14548.159587750637,14341.098852285333,15290.0,15460.0,15195.0,10:00,in_va,inside_both,below_week_val,neg,pos
long,2023-10-26 13:00:00-04:00,2023-10-26,2023-10-26 14:50:00-04:00,tp,14191.125,14295.732142857141,14191.0,14114.44642857143,14295.857142857141,28.303571428571427,0.7040358744394619,729,-78,403,14155.25,14168.75,104.6071428571413,2092.142857142826,2087.642857142826,14325.0,14390.0,14255.0,14590.992222512592,14298.403883540308,14579.497536931804,14309.861624684017,15290.0,15460.0,15195.0,13:00,below_val,outside_both,below_week_val,neg,pos
long,2023-10-30 13:25:00-04:00,2023-10-30,2023-10-30 16:55:00-04:00,eod,14398.375,14412.625,14398.25,14342.285714285714,14477.678571428572,23.464285714285715,0.7133757961783439,990,-44,131,14381.5,14397.0,14.25,285.0,280.5,14337.5,14387.5,14325.0,14506.213511920929,14130.472699642436,14486.650065610165,14149.905752483717,15127.5,15300.0,14980.0,13:00,above_vah,inside_both,below_week_val,neg,pos
long,2023-10-30 13:20:00-04:00,2023-10-30,2023-10-30 15:20:00-04:00,tp,14370.625,14456.446428571428,14370.5,14307.839285714286,14456.571428571428,23.410714285714285,0.7682926829268293,756,-63,41,14338.75,14348.0,85.82142857142753,1716.4285714285506,1711.9285714285506,14337.5,14387.5,14325.0,14503.6098996702,14133.058958404974,14483.580600982992,14152.954758642793,15127.5,15300.0,14980.0,13:00,in_va,inside_both,below_week_val,neg,pos
long,2023-10-30 15:20:00-04:00,2023-10-30,2023-10-30 15:50:00-04:00,sl,14471.125,14423.857142857143,14471.0,14423.982142857143,14537.285714285714,19.267857142857142,0.782608695652174,621,-182,49,14440.0,14456.0,-47.26785714285688,-945.3571428571377,-949.8571428571377,14337.5,14405.0,14320.0,14502.482503374611,14134.178840425615,14505.016360172334,14131.661872184939,15127.5,15300.0,14980.0,15:00,above_vah,inside_both,below_week_val,neg,pos
long,2023-10-31 10:05:00-04:00,2023-10-31,2023-10-31 13:40:00-04:00,tp,14370.625,14475.803571428572,14370.5,14293.535714285714,14475.928571428572,28.464285714285715,0.7860696517412935,1527,3,132,14340.25,14348.0,105.17857142857247,2103.5714285714494,2099.0714285714494,14335.0,14410.0,14322.5,14475.40057677809,14356.875591181495,14479.953020223847,14352.325278807777,15127.5,15300.0,14980.0,10:00,in_va,inside_both,below_week_val,pos,pos
long,2023-10-31 13:30:00-04:00,2023-10-31,2023-10-31 16:55:00-04:00,eod,14449.375,14451.875,14449.25,14409.910714285714,14510.678571428572,22.089285714285715,0.8354430379746836,741,-16,174,14435.25,14444.75,2.5,50.0,45.5,14397.5,14437.5,14375.0,14553.457838944618,14278.854868875547,14541.499224823234,14290.807884977214,15127.5,15300.0,14980.0,13:00,above_vah,inside_both,below_week_val,neg,pos
long,2023-10-31 15:00:00-04:00,2023-10-31,2023-10-31 16:15:00-04:00,sl,14499.625,14465.285714285714,14499.5,14465.410714285714,14550.428571428572,16.839285714285715,0.7093023255813954,919,-17,526,14460.75,14487.75,-34.339285714286234,-686.7857142857247,-691.2857142857247,14397.5,14452.5,14367.5,14550.371351705322,14281.939911280495,14552.178671101028,14280.133437920083,15127.5,15300.0,14980.0,15:00,above_vah,inside_both,below_week_val,neg,pos
long,2023-11-01 14:30:00-04:00,2023-11-01,2023-11-01 14:40:00-04:00,sl,14661.625,14587.142857142857,14661.5,14587.267857142857,14761.214285714286,25.482142857142858,0.8761467889908257,1324,-2,180,14631.25,14642.75,-74.48214285714312,-1489.6428571428623,-1494.1428571428623,14600.0,14640.0,14542.5,14641.206725511784,14331.611811291385,14650.613430786692,14322.249320657063,15127.5,15300.0,14980.0,14:00,above_vah,outside_both,below_week_val,neg,pos
long,2023-11-02 13:05:00-04:00,2023-11-02,2023-11-02 16:30:00-04:00,sl_conflict,14966.875,14935.785714285714,14966.75,14935.910714285714,15012.928571428572,15.339285714285714,0.8805970149253731,388,-10,78,14954.75,14962.25,-31.089285714286234,-621.7857142857247,-626.2857142857247,14940.0,14965.0,14902.5,15049.734420996616,14633.394928324367,15039.011701098148,14644.003202115542,15127.5,15300.0,14980.0,13:00,above_vah,inside_both,below_week_val,neg,pos
long,2023-11-02 12:35:00-04:00,2023-11-02,2023-11-02 14:40:00-04:00,tp,14957.375,15006.303571428572,14957.25,14924.910714285714,15006.428571428572,16.839285714285715,0.7466666666666667,597,-6,100,14939.5,14946.75,48.92857142857247,978.5714285714494,974.0714285714494,14940.0,14965.0,14900.0,15039.648993517807,14643.372711667524,15037.522346094962,14645.476660883063,15127.5,15300.0,14980.0,12:00,in_va,inside_both,below_week_val,neg,pos
long,2023-11-02 13:10:00-04:00,2023-11-02,2023-11-02 16:30:00-04:00,sl_conflict,14975.375,14950.107142857143,14975.25,14950.232142857143,15015.535714285714,15.267857142857142,0.7555555555555555,898,18,116,14957.5,14968.75,-25.267857142856883,-505.35714285713766,-509.85714285713766,14940.0,14965.0,14905.0,15050.904716590841,14632.237123569816,15040.863863781551,14642.17080799937,15127.5,15300.0,14980.0,13:00,above_vah,inside_both,below_week_val,pos,pos
long,2023-11-02 15:35:00-04:00,2023-11-02,2023-11-02 16:05:00-04:00,sl,15006.625,14983.857142857143,15006.5,14983.982142857143,15039.785714285714,10.767857142857142,0.84,673,-7,38,14996.0,14999.75,-22.767857142856883,-455.35714285713766,-459.85714285713766,14940.0,14990.0,14895.0,15064.742649319764,14618.54688634621,15070.13956333038,14613.207574866086,15127.5,15300.0,14980.0,15:00,above_vah,inside_both,in_week_va,neg,pos
long,2023-11-03 10:55:00-04:00,2023-11-03,2023-11-03 14:35:00-04:00,tp,15111.375,15208.267857142859,15111.25,15046.55357142857,15208.392857142859,32.44642857142857,0.8723404255319149,631,-1,134,15075.5,15105.0,96.8928571428587,1937.857142857174,1933.357142857174,14960.0,15090.0,14927.5,15124.129825015336,14897.76130852488,15139.023476221491,14882.947315741556,15127.5,15300.0,14980.0,10:00,above_vah,inside_both,in_week_va,neg,pos
long,2023-11-03 14:25:00-04:00,2023-11-03,2023-11-03 16:55:00-04:00,eod,15206.125,15186.125,15206.0,15170.089285714286,15257.321428571428,15.410714285714286,0.8352941176470589,508,-124,6,15192.5,15194.0,-20.0,-400.0,-404.5,15182.5,15197.5,15062.5,15174.55820448823,14847.602644323231,15182.8591373438,14839.3461088562,15127.5,15300.0,14980.0,14:00,above_vah,outside_both,in_week_va,neg,pos
long,2023-11-07 13:05:00-05:00,2023-11-07,2023-11-07 15:55:00-05:00,sl,15388.875,15356.535714285714,15388.75,15356.660714285714,15437.928571428572,17.089285714285715,0.71875,404,-10,44,15360.25,15377.25,-32.339285714286234,-646.7857142857247,-651.2857142857247,15380.0,15402.5,15262.5,15409.895297328907,15052.890654530147,15397.266762796331,15065.445198990834,14325.0,14680.0,14145.0,13:00,in_va,inside_both,above_week_vah,neg,pos
long,2023-11-07 15:35:00-05:00,2023-11-07,2023-11-07 15:50:00-05:00,sl,15406.875,15384.517857142857,15406.75,15384.642857142857,15441.464285714286,12.607142857142858,0.7209302325581395,353,-59,118,15398.0,15402.75,-22.357142857143117,-447.14285714286234,-451.64285714286234,15380.0,15412.5,15282.5,15425.840594823097,15037.038779887584,15427.083762104774,15035.802896272613,14325.0,14680.0,14145.0,15:00,in_va,inside_both,above_week_vah,neg,pos
long,2023-11-08 15:40:00-05:00,2023-11-08,2023-11-08 16:55:00-05:00,eod,15388.875,15359.375,15388.75,15356.57142857143,15434.107142857141,13.178571428571429,0.7474747474747475,962,6,149,15380.0,15387.0,-29.5,-590.0,-594.5,15355.0,15380.0,15340.0,15538.915883264965,15225.70629878922,15543.055106638281,15221.57043768592,14325.0,14680.0,14145.0,15:00,above_vah,inside_both,above_week_vah,pos,pos
long,2023-11-08 14:05:00-05:00,2023-11-08,2023-11-08 14:55:00-05:00,sl,15379.875,15353.607142857143,15379.75,15353.732142857143,15420.285714285714,14.517857142857142,0.8431372549019608,419,-25,132,15346.25,15369.5,-26.267857142856883,-525.3571428571377,-529.8571428571377,15355.0,15382.5,15337.5,15532.045948733607,15232.570652907825,15522.223313514796,15242.385309250189,14325.0,14680.0,14145.0,14:00,in_va,inside_both,above_week_vah,neg,pos
long,2023-11-08 12:35:00-05:00,2023-11-08,2023-11-08 15:40:00-05:00,tp,15331.875,15393.017857142859,15331.75,15289.67857142857,15393.142857142859,19.321428571428573,0.7040816326530612,635,6,158,15317.25,15322.5,61.1428571428587,1222.857142857174,1218.357142857174,15355.0,15385.0,15340.0,15508.307776691054,15256.2895425544,15509.076185684116,15255.521757736038,14325.0,14680.0,14145.0,12:00,below_val,inside_both,above_week_vah,pos,pos
long,2023-11-09 11:00:00-05:00,2023-11-09,2023-11-09 13:00:00-05:00,sl,15401.625,15361.964285714286,15401.5,15362.089285714286,15465.321428571428,24.410714285714285,0.7246376811594203,309,-135,31,15380.5,15393.75,-39.660714285713766,-793.2142857142753,-797.7142857142753,15375.0,15395.0,15362.5,15474.70159536817,15289.503479239353,15501.58739753245,15262.696216534152,14325.0,14680.0,14145.0,11:00,above_vah,inside_both,above_week_vah,neg,pos
long,2023-11-14 10:00:00-05:00,2023-11-14,2023-11-14 12:05:00-05:00,sl,15884.625,15835.214285714286,15884.5,15835.339285714286,15958.571428571428,24.910714285714285,0.8571428571428571,446,-17,186,15853.5,15862.5,-49.410714285713766,-988.2142857142753,-992.7142857142753,15812.5,15862.5,15777.5,15860.471944890653,15509.558995405383,15870.233649297614,15499.954563588712,14417.5,14915.0,14307.5,10:00,above_vah,outside_both,above_week_vah,neg,pos
long,2023-11-14 11:10:00-05:00,2023-11-14,2023-11-14 11:50:00-05:00,sl,15890.125,15848.25,15890.0,15848.375,15950.75,19.125,0.7422680412371134,571,-19,59,15873.0,15877.25,-41.875,-837.5,-842.0,15812.5,15882.5,15777.5,15859.602857627035,15510.414080646458,15915.588052027086,15455.330873868052,14417.5,14915.0,14307.5,11:00,above_vah,inside_90_only,above_week_vah,neg,pos
long,2023-11-14 12:35:00-05:00,2023-11-14,2023-11-14 14:05:00-05:00,sl,15860.125,15830.839285714286,15860.0,15830.964285714286,15904.321428571428,15.285714285714286,0.7678571428571429,316,-57,17,15841.0,15853.0,-29.285714285713766,-585.7142857142753,-590.2142857142753,15865.0,15892.5,15802.5,15869.411145383316,15500.76381599326,15935.765493436036,15435.47851487745,14417.5,14915.0,14307.5,12:00,in_va,inside_both,above_week_vah,neg,pos
long,2023-11-20 13:00:00-05:00,2023-11-20,2023-11-20 16:55:00-05:00,eod,16053.625,16089.375,16053.5,15998.0,16121.25,12.25,0.9234972677595629,2484,-16,469,15995.5,16049.5,35.75,715.0,710.5,16012.5,16032.5,15927.5,15953.411929382522,15816.164911215585,16022.325160463173,15747.342724808825,15372.5,15417.5,15330.0,13:00,above_vah,outside_both,above_week_vah,neg,pos
long,2023-11-16 12:05:00-05:00,2023-11-16,2023-11-16 16:55:00-05:00,eod,15859.375,15898.625,15859.25,15819.25,15919.5,20.25,0.9,545,-28,11,15842.25,15850.0,39.25,785.0,780.5,15840.0,15875.0,15827.5,15902.145688524737,15794.62428028284,15975.425668787635,15721.373193176843,14417.5,14915.0,14307.5,12:00,in_va,inside_both,above_week_vah,neg,pos
long,2023-11-16 11:45:00-05:00,2023-11-16,2023-11-16 15:45:00-05:00,tp,15837.625,15903.517857142859,15837.5,15795.05357142857,15903.642857142859,23.696428571428573,0.8536585365853658,553,-17,78,15818.25,15828.75,65.8928571428587,1317.857142857174,1313.357142857174,15840.0,15875.0,15827.5,15903.697989001714,15793.072591853806,15971.116541310017,15725.680621632493,14417.5,14915.0,14307.5,11:00,in_va,inside_both,above_week_vah,neg,pos
long,2023-11-16 14:40:00-05:00,2023-11-16,2023-11-16 16:55:00-05:00,eod,15882.625,15898.625,15882.5,15854.625,15925.75,15.375,0.8727272727272727,665,-17,14,15867.25,15875.5,16.0,320.0,315.5,15860.0,15877.5,15832.5,15925.857774148111,15770.921543966164,15990.022422602386,15706.782194635181,14417.5,14915.0,14307.5,14:00,above_vah,inside_both,above_week_vah,neg,pos
long,2023-11-20 09:30:00-05:00,2023-11-20,2023-11-20 13:00:00-05:00,tp,15960.875,16053.910714285714,15960.75,15881.107142857143,16054.035714285714,13.642857142857142,0.9703703703703703,1631,-19,38,15915.0,15920.25,93.03571428571377,1860.7142857142753,1856.2142857142753,15910.0,15930.0,15867.5,15899.815384604562,15869.69064695057,15899.967746547454,15869.538486300566,15372.5,15417.5,15330.0,09:00,above_vah,outside_both,above_week_vah,neg,pos
long,2023-11-20 12:10:00-05:00,2023-11-20,2023-11-20 13:05:00-05:00,tp,16029.375,16065.589285714286,16029.25,16004.392857142857,16065.714285714286,11.607142857142858,0.78125,567,-1,172,16018.75,16021.25,36.214285714286234,724.2857142857247,719.7857142857247,16010.0,16022.5,15920.0,15951.263848846667,15818.310153816126,16021.199090627853,15748.467306937657,15372.5,15417.5,15330.0,12:00,above_vah,outside_both,above_week_vah,neg,pos
long,2023-11-21 12:45:00-05:00,2023-11-21,2023-11-21 13:10:00-05:00,sl,15982.375,15959.69642857143,15982.25,15959.82142857143,16015.357142857141,10.678571428571429,0.8518518518518519,381,-1,83,15972.0,15975.75,-22.67857142857065,-453.571428571413,-458.071428571413,15937.5,16010.0,15922.5,16152.779641347117,15950.021231430972,16214.892328747157,15888.203868347167,15372.5,15417.5,15330.0,12:00,in_va,inside_both,above_week_vah,neg,pos
long,2023-11-29 09:30:00-05:00,2023-11-29,2023-11-29 10:05:00-05:00,sl,16187.625,16132.482142857143,16187.5,16132.607142857143,16256.285714285714,13.892857142857142,0.9583333333333334,1899,-16,38,16149.75,16173.5,-55.14285714285688,-1102.8571428571377,-1107.3571428571377,16145.0,16165.0,16075.0,16152.477285733388,16046.303711037517,16151.882164219995,16046.895303597998,15865.0,15942.5,15820.0,09:00,above_vah,outside_both,above_week_vah,neg,pos
long,2023-11-22 11:40:00-05:00,2023-11-22,2023-11-22 14:35:00-05:00,sl,16077.625,16041.410714285714,16077.5,16041.535714285714,16134.428571428572,20.964285714285715,0.7846153846153846,437,-38,98,16065.25,16073.75,-36.214285714286234,-724.2857142857247,-728.7857142857247,16057.5,16110.0,16007.5,16135.647636444271,15903.017562030502,16187.051609958942,15851.93746737632,15372.5,15417.5,15330.0,11:00,in_va,inside_both,above_week_vah,neg,pos
long,2023-11-22 11:55:00-05:00,2023-11-22,2023-11-22 14:35:00-05:00,sl,16083.875,16047.0,16083.75,16047.125,16139.75,19.375,0.7631578947368421,359,-91,86,16076.5,16081.0,-36.875,-737.5,-742.0,16057.5,16105.0,16007.5,16129.437910124556,15909.188162987977,16193.575495840974,15845.454686268511,15372.5,15417.5,15330.0,11:00,in_va,inside_both,above_week_vah,neg,pos
long,2023-11-22 13:05:00-05:00,2023-11-22,2023-11-22 14:35:00-05:00,sl,16082.625,16053.089285714286,16082.5,16053.214285714286,16126.571428571428,14.785714285714286,0.8115942028985508,343,-2,107,16066.5,16077.25,-29.535714285713766,-590.7142857142753,-595.2142857142753,16057.5,16097.5,16020.0,16149.243919514463,15889.506944490942,16195.125490087072,15843.914458006164,15372.5,15417.5,15330.0,13:00,in_va,inside_both,above_week_vah,neg,pos
long,2023-11-27 10:05:00-05:00,2023-11-27,2023-11-27 16:55:00-05:00,eod,16044.125,16004.625,16044.0,15992.44642857143,16114.357142857141,18.803571428571427,0.8,1084,-83,31,16018.0,16036.25,-39.5,-790.0,-794.5,15997.5,16017.5,15980.0,16055.854123745388,15953.930194099585,16075.730446896046,15934.069078303784,15865.0,15942.5,15820.0,10:00,above_vah,inside_both,above_week_vah,neg,pos
long,2023-11-27 12:40:00-05:00,2023-11-27,2023-11-27 13:55:00-05:00,sl,16067.375,16045.839285714286,16067.25,16045.964285714286,16100.321428571428,11.785714285714286,0.8043478260869565,476,-9,68,16060.5,16064.25,-21.535714285713766,-430.7142857142753,-435.2142857142753,16015.0,16047.5,15990.0,16056.673876856476,15953.11106818078,16131.710474468906,15878.131880993731,15865.0,15942.5,15820.0,12:00,above_vah,inside_90_only,above_week_vah,neg,pos
long,2023-11-28 11:30:00-05:00,2023-11-28,2023-11-28 12:30:00-05:00,sl,16064.125,16017.839285714286,16064.0,16017.964285714286,16130.821428571428,20.785714285714285,0.831858407079646,1134,-33,97,16053.5,16058.0,-46.285714285713766,-925.7142857142753,-930.2142857142753,15987.5,16010.0,15967.5,16051.777514585747,15927.561370421281,16112.961041471566,15866.493484310124,15865.0,15942.5,15820.0,11:00,above_vah,inside_90_only,above_week_vah,neg,pos
long,2023-11-28 14:50:00-05:00,2023-11-28,2023-11-28 15:20:00-05:00,sl,16025.375,16000.69642857143,16025.25,16000.82142857143,16061.857142857141,12.178571428571429,0.8421052631578947,554,-2,86,16001.5,16014.75,-24.67857142857065,-493.571428571413,-498.071428571413,15987.5,16020.0,15967.5,,,16148.503026382818,15831.018676021036,15865.0,15942.5,15820.0,14:00,above_vah,inside_90_only,above_week_vah,neg,pos
long,2023-11-28 14:35:00-05:00,2023-11-28,2023-11-28 15:55:00-05:00,tp,16010.625,16047.910714285714,16010.5,15984.732142857143,16048.035714285714,11.767857142857142,0.9649122807017544,771,-2,32,15997.25,16009.0,37.285714285713766,745.7142857142753,741.2142857142753,15987.5,16017.5,15965.0,,,16142.833069504346,15836.677916318771,15865.0,15942.5,15820.0,14:00,in_va,inside_90_only,above_week_vah,neg,pos
long,2023-12-01 11:40:00-05:00,2023-12-01,2023-12-01 16:55:00-05:00,eod,15999.875,16030.125,15999.75,15917.94642857143,16113.607142857141,32.05357142857143,0.7379032258064516,3558,-65,604,15980.25,15999.0,30.25,605.0,600.5,15930.0,15957.5,15895.0,16029.6898383522,15860.668351386526,16071.908318695723,15818.512707974016,15865.0,15942.5,15820.0,11:00,above_vah,inside_both,above_week_vah,neg,pos
long,2023-11-30 14:45:00-05:00,2023-11-30,2023-11-30 15:05:00-05:00,sl,15925.625,15899.5,15925.5,15899.625,15963.25,11.875,0.7894736842105263,518,-266,27,15912.75,15918.25,-26.125,-522.5,-527.0,15895.0,15987.5,15860.0,16115.983773424743,15957.558156222934,16183.848108156051,15889.731897016452,15865.0,15942.5,15820.0,14:00,in_va,inside_90_only,in_week_va,neg,pos
long,2023-11-30 14:40:00-05:00,2023-11-30,2023-11-30 15:20:00-05:00,sl,15914.375,15886.339285714286,15914.25,15886.464285714286,15953.571428571428,11.535714285714286,0.8333333333333334,823,-24,54,15903.75,15911.75,-28.035714285713766,-560.7142857142753,-565.2142857142753,15895.0,15987.5,15860.0,16117.034881799693,15956.507637576055,16181.56479936747,15892.013924746567,15865.0,15942.5,15820.0,14:00,in_va,inside_90_only,in_week_va,neg,pos
long,2023-11-30 12:40:00-05:00,2023-11-30,2023-11-30 13:30:00-05:00,sl,15900.375,15865.44642857143,15900.25,15865.57142857143,15950.607142857141,15.678571428571429,0.8255813953488372,543,-16,38,15885.5,15899.5,-34.92857142857065,-698.571428571413,-703.071428571413,16040.0,16097.5,15925.0,16092.191031572465,15981.337549073314,16161.731646534374,15911.835950119179,15865.0,15942.5,15820.0,12:00,below_val,outside_both,in_week_va,neg,pos
long,2023-12-01 11:10:00-05:00,2023-12-01,2023-12-01 16:55:00-05:00,eod,15976.625,16030.125,15976.5,15905.267857142857,16077.964285714286,30.232142857142858,0.8066298342541437,971,-69,267,15933.0,15943.25,53.5,1070.0,1065.5,15930.0,15947.5,15892.5,16016.62212320032,15873.716616877762,16057.795362687242,15832.604658611486,15865.0,15942.5,15820.0,11:00,above_vah,inside_both,above_week_vah,neg,pos
long,2023-12-01 12:25:00-05:00,2023-12-01,2023-12-01 16:55:00-05:00,eod,16020.875,16030.125,16020.75,15964.92857142857,16106.142857142859,29.571428571428573,0.8672566371681416,766,-23,109,15994.25,16009.5,9.25,185.0,180.5,15930.0,15967.5,15895.0,16028.446262209836,15861.91007662124,16076.422680493466,15814.005065239548,15865.0,15942.5,15820.0,12:00,above_vah,inside_both,above_week_vah,neg,pos
long,2023-12-01 14:10:00-05:00,2023-12-01,2023-12-01 16:55:00-05:00,eod,16010.625,16030.125,16010.5,15972.714285714286,16065.321428571428,17.035714285714285,0.851063829787234,623,-6,71,15997.75,16007.0,19.5,390.0,385.5,15930.0,15990.0,15895.0,16043.025776766452,15847.352261849717,16094.687623327964,15795.767307489485,15865.0,15942.5,15820.0,14:00,above_vah,inside_both,above_week_vah,neg,pos
long,2023-12-04 11:25:00-05:00,2023-12-04,2023-12-04 11:55:00-05:00,tp,15769.875,15829.839285714286,15769.75,15731.267857142857,15829.964285714286,21.732142857142858,0.855072463768116,471,-118,97,15741.0,15763.5,59.964285714286234,1199.2857142857247,1194.7857142857247,15847.5,16002.5,15780.0,16098.304118565147,15795.158039909567,16138.315457548322,15755.565403199558,16062.5,16097.5,15975.0,11:00,below_val,inside_90_only,below_week_val,neg,pos
long,2023-12-04 15:30:00-05:00,2023-12-04,2023-12-04 16:55:00-05:00,eod,15854.875,15857.375,15854.75,15815.732142857143,15907.785714285714,14.017857142857142,0.7142857142857143,779,-110,60,15827.0,15838.5,2.5,50.0,45.5,15825.0,15882.5,15765.0,,,16184.681296145662,15709.684764110942,16062.5,16097.5,15975.0,15:00,in_va,inside_90_only,below_week_val,neg,pos
long,2023-12-05 10:00:00-05:00,2023-12-05,2023-12-05 16:55:00-05:00,eod,15925.625,15899.625,15925.5,15821.55357142857,16056.392857142859,26.946428571428573,0.884375,1676,-45,130,15865.5,15885.75,-26.0,-520.0,-524.5,15802.5,15827.5,15765.0,15897.712754513868,15751.20524769244,15911.405891710432,15737.56931814773,16062.5,16097.5,15975.0,10:00,above_vah,outside_both,below_week_val,neg,pos
long,2023-12-05 10:45:00-05:00,2023-12-05,2023-12-05 11:15:00-05:00,sl,15951.125,15896.839285714286,15951.0,15896.964285714286,16037.571428571428,32.535714285714285,0.794392523364486,855,-11,237,15901.75,15936.75,-54.285714285713766,-1085.7142857142753,-1090.2142857142753,15910.0,15937.5,15805.0,15922.405300081395,15726.615863477198,15945.135499085656,15703.98062746736,16062.5,16097.5,15975.0,10:00,above_vah,outside_both,below_week_val,neg,pos
long,2023-12-05 14:15:00-05:00,2023-12-05,2023-12-05 14:30:00-05:00,sl,15901.375,15867.25,15901.25,15867.375,15951.5,16.375,0.810126582278481,680,21,162,15878.5,15897.75,-34.125,-682.5,-687.0,15870.0,15925.0,15820.0,,,15993.517413290154,15655.800844860907,16062.5,16097.5,15975.0,14:00,in_va,inside_90_only,below_week_val,pos,pos
long,2023-12-05 15:55:00-05:00,2023-12-05,2023-12-05 16:55:00-05:00,eod,15911.875,15899.625,15911.75,15878.19642857143,15959.357142857141,14.053571428571429,0.7738095238095238,1289,139,235,15892.0,15906.25,-12.25,-245.0,-249.5,15870.0,15925.0,15832.5,,,16008.187205598591,15641.192340507094,16062.5,16097.5,15975.0,15:00,in_va,inside_90_only,below_week_val,pos,pos
long,2023-12-07 10:10:00-05:00,2023-12-07,2023-12-07 16:55:00-05:00,eod,15960.625,16017.875,15960.5,15877.67857142857,16072.892857142859,29.571428571428573,0.827433628318584,1159,-46,263,15913.5,15940.5,57.25,1145.0,1140.5,15912.5,15982.5,15882.5,16072.643380750818,15879.89232177995,16083.980069485191,15868.614906842653,16062.5,16097.5,15975.0,10:00,in_va,inside_both,below_week_val,neg,pos
long,2023-12-07 10:35:00-05:00,2023-12-07,2023-12-07 11:15:00-05:00,sl,16004.875,15953.0,16004.75,15953.125,16090.25,33.875,0.8125,808,-12,175,15992.75,16002.0,-51.875,-1037.5,-1042.0,15912.5,15995.0,15900.0,16082.553907813855,15870.03361183775,16100.734890723186,15851.9476880693,16062.5,16097.5,15975.0,10:00,above_vah,inside_both,in_week_va,neg,pos
long,2023-12-07 11:35:00-05:00,2023-12-07,2023-12-07 16:55:00-05:00,eod,16016.375,16017.875,16016.25,15972.25,16083.0,22.75,0.7954545454545454,292,-120,10,16002.25,16011.0,1.5,30.0,25.5,15992.5,16002.5,15912.5,16100.184734368688,15852.494967935181,16132.19809567623,15820.648988261393,16062.5,16097.5,15975.0,11:00,above_vah,inside_both,in_week_va,neg,pos
long,2023-12-07 12:15:00-05:00,2023-12-07,2023-12-07 16:55:00-05:00,eod,16043.875,16017.875,16043.75,15990.660714285714,16119.428571428572,22.589285714285715,0.8731343283582089,1103,-50,164,16022.75,16026.5,-26.0,-520.0,-524.5,15992.5,16007.5,15907.5,16093.912734749856,15858.73417444825,16138.390929448213,15814.488533677102,16062.5,16097.5,15975.0,12:00,above_vah,inside_both,in_week_va,neg,pos
long,2023-12-07 13:05:00-05:00,2023-12-07,2023-12-07 13:20:00-05:00,sl,16049.625,16023.357142857143,16049.5,16023.482142857143,16090.785714285714,15.267857142857142,0.7090909090909091,224,3,180,16036.75,16046.5,-26.267857142856883,-525.3571428571377,-529.8571428571377,15992.5,16022.5,15907.5,16101.117009430174,15851.567567267277,16142.698935411914,15810.20305209219,16062.5,16097.5,15975.0,13:00,above_vah,inside_both,in_week_va,pos,pos
long,2023-12-11 10:45:00-05:00,2023-12-11,2023-12-11 11:20:00-05:00,sl,16399.125,16345.75,16399.0,16345.875,16476.5,24.375,0.8102189781021898,284,-3,75,16381.75,16387.5,-53.375,-1067.5,-1072.0,16287.5,16367.5,16260.0,16374.604919029573,16009.916475836466,16380.425109942918,16004.166136503802,16017.5,16085.0,15950.0,10:00,above_vah,outside_both,above_week_vah,neg,pos
long,2023-12-12 11:20:00-05:00,2023-12-12,2023-12-12 12:00:00-05:00,sl,16514.125,16478.303571428572,16514.0,16478.428571428572,16567.392857142855,17.821428571428573,0.8072289156626506,828,-63,94,16490.5,16508.0,-35.82142857142753,-716.4285714285506,-720.9285714285506,16467.5,16502.5,16450.0,16534.266856918708,16365.536992988029,16563.4443462903,16336.379451157101,16017.5,16085.0,15950.0,11:00,above_vah,inside_both,above_week_vah,neg,pos
long,2023-12-12 09:45:00-05:00,2023-12-12,2023-12-12 11:20:00-05:00,tp,16436.875,16515.446428571428,16436.75,16380.589285714286,16515.571428571428,22.660714285714285,0.8920863309352518,1195,-38,117,16415.25,16433.5,78.57142857142753,1571.4285714285506,1566.9285714285506,16467.5,16500.0,16440.0,16500.022224417746,16399.75821373513,16502.775138289435,16397.00718192604,16017.5,16085.0,15950.0,09:00,below_val,inside_both,above_week_vah,neg,pos
long,2023-12-12 09:55:00-05:00,2023-12-12,2023-12-12 15:05:00-05:00,tp,16467.375,16554.553571428572,16467.25,16404.035714285714,16554.678571428572,24.214285714285715,0.9808917197452229,1023,-12,9,16437.0,16448.75,87.17857142857247,1743.5714285714494,1739.0714285714494,16467.5,16497.5,16430.0,16501.394918679558,16398.38645793222,16511.061275403186,16388.726709729337,16017.5,16085.0,15950.0,09:00,in_va,inside_both,above_week_vah,neg,pos
long,2023-12-12 10:55:00-05:00,2023-12-12,2023-12-12 15:05:00-05:00,tp,16496.875,16558.196428571428,16496.75,16456.714285714286,16558.321428571428,21.535714285714285,0.8641975308641975,547,2,32,16470.25,16488.5,61.32142857142753,1226.4285714285506,1221.9285714285506,16467.5,16487.5,16437.5,16558.705759169665,16341.1147986858,16552.553942879025,16347.262409213428,16017.5,16085.0,15950.0,10:00,above_vah,inside_both,above_week_vah,pos,pos
long,2023-12-13 14:00:00-05:00,2023-12-13,2023-12-13 14:40:00-05:00,tp,16668.125,16774.017857142855,16668.0,16575.928571428572,16774.142857142855,14.071428571428571,0.9561128526645768,293,-11,97,16640.75,16657.25,105.89285714285506,2117.8571428571013,2113.3571428571013,16605.0,16632.5,16597.5,16713.377110208734,16492.952629287047,16746.83894735378,16459.516478551803,16017.5,16085.0,15950.0,14:00,above_vah,inside_both,above_week_vah,neg,pos
long,2023-12-15 09:35:00-05:00,2023-12-15,2023-12-15 13:45:00-05:00,sl,16823.875,16765.053571428572,16823.75,16765.178571428572,16904.142857142855,21.821428571428573,0.7235294117647059,705,-275,328,16805.0,16820.0,-58.82142857142753,-1176.4285714285506,-1180.9285714285506,16797.5,16817.5,16780.0,16817.65660046518,16712.923338103436,16818.687060511715,16711.895609581676,16017.5,16085.0,15950.0,09:00,above_vah,outside_both,above_week_vah,neg,pos
long,2023-12-14 12:25:00-05:00,2023-12-14,2023-12-14 12:50:00-05:00,sl,16807.875,16773.571428571428,16807.75,16773.696428571428,16859.857142857145,18.053571428571427,0.9,373,-1,42,16792.0,16802.5,-34.30357142857247,-686.0714285714494,-690.5714285714494,16842.5,16862.5,16790.0,16902.931975886284,16680.35226385697,16935.673471079714,16647.723667015027,16017.5,16085.0,15950.0,12:00,in_va,inside_both,above_week_vah,neg,pos
long,2023-12-18 10:00:00-05:00,2023-12-18,2023-12-18 11:00:00-05:00,sl,16896.375,16860.875,16896.25,16861.0,16947.5,16.0,0.8641975308641975,832,-84,86,16876.25,16887.25,-35.5,-710.0,-714.5,16842.5,16867.5,16832.5,16897.470203287623,16764.125102051978,16897.9783290573,16763.617926388357,15857.5,16007.5,15790.0,10:00,above_vah,inside_both,above_week_vah,neg,pos
long,2023-12-15 13:20:00-05:00,2023-12-15,2023-12-15 13:40:00-05:00,sl,16827.875,16795.23214285714,16827.75,16795.35714285714,16877.035714285717,16.892857142857142,0.7681159420289855,501,-18,128,16818.0,16822.5,-32.6428571428587,-652.857142857174,-657.357142857174,16805.0,16857.5,16787.5,16894.657288341645,16636.126762251428,16912.840251979265,16617.99199768346,16017.5,16085.0,15950.0,13:00,in_va,inside_both,above_week_vah,neg,pos
long,2023-12-15 15:50:00-05:00,2023-12-15,2023-12-15 15:55:00-05:00,sl,16865.625,16820.160714285714,16865.5,16820.285714285714,16924.928571428572,14.214285714285714,0.9172932330827067,1367,-7,178,16830.75,16838.0,-45.464285714286234,-909.2857142857247,-913.7857142857247,16805.0,16852.5,16782.5,16891.647399643192,16639.128672391602,16934.57018419076,16596.319666781477,16017.5,16085.0,15950.0,15:00,above_vah,inside_both,above_week_vah,neg,pos
long,2023-12-18 11:15:00-05:00,2023-12-18,2023-12-18 13:25:00-05:00,tp,16897.125,16946.160714285717,16897.0,16864.10714285714,16946.285714285717,16.392857142857142,0.7386363636363636,751,-1,263,16881.0,16885.75,49.035714285717404,980.7142857143481,976.2142857143481,16842.5,16882.5,16832.5,16935.509169668396,16726.15726186602,16939.478216594198,16722.195636361772,15857.5,16007.5,15790.0,11:00,above_vah,inside_both,above_week_vah,neg,pos
long,2023-12-19 11:40:00-05:00,2023-12-19,2023-12-19 11:50:00-05:00,sl,17009.625,16985.428571428572,17009.5,16985.553571428572,17048.642857142855,15.196428571428571,0.918918918918919,212,-1,60,16998.25,17004.0,-24.196428571427532,-483.92857142855064,-488.42857142855064,16977.5,17000.0,16957.5,17032.819521012036,16841.325437349886,17055.680451079035,16818.5056380099,15857.5,16007.5,15790.0,11:00,above_vah,inside_both,above_week_vah,neg,pos
long,2023-12-21 13:20:00-05:00,2023-12-21,2023-12-21 15:50:00-05:00,tp,16864.125,16960.446428571428,16864.0,16791.214285714286,16960.571428571428,23.785714285714285,0.8201754385964912,911,-90,383,16838.5,16862.75,96.32142857142753,1926.4285714285506,1921.9285714285506,16875.0,16912.5,16835.0,17012.507743878872,16705.17229939815,17042.20885530979,16675.694969775646,15857.5,16007.5,15790.0,13:00,in_va,inside_both,above_week_vah,neg,pos
long,2023-12-21 15:15:00-05:00,2023-12-21,2023-12-21 15:50:00-05:00,tp,16908.125,16957.303571428572,16908.0,16876.535714285714,16957.428571428572,17.964285714285715,0.7166666666666667,316,-89,58,16901.75,16907.25,49.17857142857247,983.5714285714494,979.0714285714494,16875.0,16905.0,16835.0,17042.80833971597,16675.100002160187,17061.477743106137,16656.57126262573,15857.5,16007.5,15790.0,15:00,above_vah,inside_both,above_week_vah,neg,pos
long,2023-12-22 09:40:00-05:00,2023-12-22,2023-12-22 11:00:00-05:00,sl,17033.125,16982.75,17033.0,16982.875,17102.0,18.875,0.75177304964539,2443,-140,545,16999.5,17022.0,-50.375,-1007.5,-1012.0,17000.0,17020.0,16932.5,17035.376783687916,16913.47894494649,17039.394455411526,16909.473031339756,15857.5,16007.5,15790.0,09:00,above_vah,inside_both,above_week_vah,neg,pos
long,2023-12-22 12:35:00-05:00,2023-12-22,2023-12-22 14:05:00-05:00,sl,16999.875,16973.785714285714,16999.75,16973.910714285714,17039.928571428572,14.339285714285714,0.8085106382978723,361,-51,28,16989.25,16998.5,-26.089285714286234,-521.7857142857247,-526.2857142857247,16997.5,17032.5,16977.5,17074.70439047239,16874.266434324352,17107.716177444534,16841.35125963815,15857.5,16007.5,15790.0,12:00,in_va,inside_both,above_week_vah,neg,pos
long,2023-12-22 12:25:00-05:00,2023-12-22,2023-12-22 14:05:00-05:00,sl,16989.875,16958.428571428572,16989.75,16958.553571428572,17035.892857142855,14.946428571428571,0.759493670886076,459,-26,92,16980.25,16989.25,-31.446428571427532,-628.9285714285506,-633.4285714285506,16997.5,17032.5,16977.5,17058.312072368775,16890.610778674676,17106.68144835001,16842.38296049482,15857.5,16007.5,15790.0,12:00,in_va,inside_both,above_week_vah,neg,pos
long,2023-12-28 10:20:00-05:00,2023-12-28,2023-12-28 13:05:00-05:00,sl,17120.125,17096.839285714286,17120.0,17096.964285714286,17156.321428571428,13.285714285714286,0.7272727272727273,303,-49,102,17111.5,17118.0,-23.285714285713766,-465.7142857142753,-470.2142857142753,17147.5,17160.0,17125.0,17198.213401004534,17080.34023038705,17213.307071171883,17065.26284344553,16817.5,16885.0,16592.5,10:00,below_val,inside_both,above_week_vah,neg,pos
long,2023-12-28 12:30:00-05:00,2023-12-28,2023-12-28 13:00:00-05:00,sl,17128.125,17108.64285714286,17128.0,17108.76785714286,17156.714285714283,9.482142857142858,0.8780487804878049,432,0,12,17122.0,17125.0,-19.482142857141298,-389.64285714282596,-394.14285714282596,17120.0,17142.5,17107.5,17207.283989438358,17071.279427408866,17258.569684469814,17020.049059977962,16817.5,16885.0,16592.5,12:00,in_va,inside_both,above_week_vah,zero,pos
long,2024-01-03 12:25:00-05:00,2024-01-03,2024-01-03 14:05:00-05:00,sl,16580.125,16541.535714285714,16580.0,16541.660714285714,16634.928571428572,16.589285714285715,0.875,1070,-53,9,16557.5,16563.25,-38.589285714286234,-771.7857142857247,-776.2857142857247,16610.0,16642.5,16570.0,16790.273800203588,16551.65292764167,16836.714309208182,16505.55104084327,16977.5,17030.0,16875.0,12:00,in_va,inside_both,below_week_val,neg,pos
long,2024-01-03 12:55:00-05:00,2024-01-03,2024-01-03 14:00:00-05:00,sl,16600.625,16567.10714285714,16600.5,16567.23214285714,16648.285714285717,14.517857142857142,0.7741935483870968,1135,-4,387,16580.25,16589.75,-33.5178571428587,-670.357142857174,-674.857142857174,16610.0,16637.5,16567.5,16792.80900299544,16549.13621034838,16840.45734310663,16501.835299376013,16977.5,17030.0,16875.0,12:00,in_va,inside_both,below_week_val,neg,pos
long,2024-01-03 14:25:00-05:00,2024-01-03,2024-01-03 15:40:00-05:00,sl,16618.125,16545.26785714286,16618.0,16545.39285714286,16716.464285714283,25.857142857142858,0.7577092511013216,1164,-41,498,16598.75,16607.5,-72.8571428571413,-1457.142857142826,-1461.642857142826,16610.0,16622.5,16557.5,16815.40770091087,16526.70229143967,16859.29476455752,16483.1352314845,16977.5,17030.0,16875.0,14:00,in_va,inside_both,below_week_val,neg,pos
long,2024-01-08 09:30:00-05:00,2024-01-08,2024-01-08 09:55:00-05:00,tp,16545.625,16613.125,16545.5,16491.625,16613.25,13.875,0.783625730994152,1027,-171,370,16533.5,16541.25,67.5,1350.0,1345.5,16440.0,16485.0,16420.0,16514.00874821533,16462.996969515178,16516.630237208617,16460.38294236677,17115.0,17127.5,17080.0,09:00,above_vah,outside_both,below_week_val,neg,pos
long,2024-01-05 12:40:00-05:00,2024-01-05,2024-01-05 13:00:00-05:00,sl,16478.125,16447.39285714286,16478.0,16447.51785714286,16528.464285714283,19.982142857142858,0.7407407407407407,201,-15,102,16457.25,16476.5,-30.732142857141298,-614.642857142826,-619.142857142826,16465.0,16575.0,16442.5,16505.92146699264,16394.083563610857,16556.36797190209,16343.64165847694,16977.5,17030.0,16875.0,12:00,in_va,inside_both,below_week_val,neg,pos
long,2024-01-05 15:40:00-05:00,2024-01-05,2024-01-05 16:55:00-05:00,eod,16443.375,16464.875,16443.25,16403.10714285714,16501.035714285717,17.642857142857142,0.8571428571428571,432,-68,4,16422.75,16436.25,21.5,430.0,425.5,16470.0,16567.5,16435.0,16546.716052288488,16353.29269801642,16593.174330983373,16306.838655445605,16977.5,17030.0,16875.0,15:00,in_va,inside_both,below_week_val,neg,pos
long,2024-01-08 13:20:00-05:00,2024-01-08,2024-01-08 14:10:00-05:00,tp,16720.375,16750.196428571428,16720.25,16701.089285714286,16750.321428571428,10.910714285714286,0.7105263157894737,221,-13,94,16715.0,16719.25,29.821428571427532,596.4285714285506,591.9285714285506,16657.5,16720.0,16565.0,16577.46401978239,16399.722317967717,16628.345771187152,16348.985397129576,17115.0,17127.5,17080.0,13:00,above_vah,outside_both,below_week_val,neg,pos
long,2024-01-09 10:05:00-05:00,2024-01-09,2024-01-09 11:50:00-05:00,tp,16720.625,16805.375,16720.5,16659.375,16805.5,23.875,0.76,769,-231,2,16711.0,16714.5,84.75,1695.0,1690.5,16675.0,16717.5,16665.0,16843.698389508987,16614.194644806776,16849.334868413393,16608.598118904592,17115.0,17127.5,17080.0,10:00,above_vah,inside_both,below_week_val,neg,pos
long,2024-01-09 09:55:00-05:00,2024-01-09,2024-01-09 11:20:00-05:00,tp,16705.125,16780.839285714283,16705.0,16650.01785714286,16780.964285714283,20.982142857142858,0.8478260869565217,503,-106,22,16676.75,16703.5,75.7142857142826,1514.285714285652,1509.785714285652,16675.0,16720.0,16662.5,16838.26322831122,16619.591280000786,16839.135558750262,16618.72513289367,17115.0,17127.5,17080.0,09:00,in_va,inside_both,below_week_val,neg,pos
long,2024-01-09 12:40:00-05:00,2024-01-09,2024-01-09 13:30:00-05:00,sl,16831.625,16806.714285714286,16831.5,16806.839285714286,16870.071428571428,13.910714285714286,0.8571428571428571,241,-3,170,16824.25,16830.0,-24.910714285713766,-498.2142857142753,-502.7142857142753,16737.5,16762.5,16665.0,16862.839699617605,16595.189013872754,16896.136790492772,16562.12794246442,17115.0,17127.5,17080.0,12:00,above_vah,inside_both,below_week_val,neg,pos
long,2024-01-09 12:50:00-05:00,2024-01-09,2024-01-09 13:30:00-05:00,sl,16844.375,16812.875,16844.25,16813.0,16890.0,14.5,0.8461538461538461,706,-4,114,16831.75,16835.0,-31.5,-630.0,-634.5,16737.5,16762.5,16660.0,16865.38524860218,16592.661508479927,16895.31472222248,16562.94418367566,17115.0,17127.5,17080.0,12:00,above_vah,inside_both,below_week_val,neg,pos
long,2024-01-09 13:45:00-05:00,2024-01-09,2024-01-09 15:50:00-05:00,sl,16830.375,16787.160714285714,16830.25,16787.285714285714,16891.678571428572,18.464285714285715,0.7053571428571429,423,-120,123,16815.25,16822.5,-43.214285714286234,-864.2857142857247,-868.7857142857247,16737.5,16785.0,16660.0,16872.863521851225,16585.23624340723,16908.189653643793,16550.16051351381,17115.0,17127.5,17080.0,13:00,above_vah,inside_both,below_week_val,neg,pos
long,2024-01-10 10:40:00-05:00,2024-01-10,2024-01-10 14:10:00-05:00,tp,16885.625,16955.660714285717,16885.5,16838.73214285714,16955.785714285717,23.517857142857142,0.8627450980392157,817,-73,166,16857.25,16874.0,70.0357142857174,1400.714285714348,1396.214285714348,16857.5,16867.5,16825.0,16918.915742095414,16750.633463088194,16919.10066020129,16750.448660281614,17115.0,17127.5,17080.0,10:00,above_vah,inside_both,below_week_val,neg,pos
long,2024-01-10 14:00:00-05:00,2024-01-10,2024-01-10 14:55:00-05:00,tp,16934.125,16979.125,16934.0,16905.0,16979.25,16.25,0.7169811320754716,343,-64,13,16927.0,16932.5,45.0,900.0,895.5,16862.5,16897.5,16830.0,16937.69627039799,16731.86464473498,16963.779140784904,16705.798037420453,17115.0,17127.5,17080.0,14:00,above_vah,inside_both,below_week_val,neg,pos
long,2024-01-10 13:30:00-05:00,2024-01-10,2024-01-10 14:50:00-05:00,tp,16920.125,16970.125,16920.0,16886.125,16970.25,16.375,0.7894736842105263,445,-45,34,16908.5,16912.75,50.0,1000.0,995.5,16862.5,16897.5,16832.5,16927.00861314111,16742.545638072545,16959.94343870987,16709.631347876024,17115.0,17127.5,17080.0,13:00,above_vah,inside_both,below_week_val,neg,pos
long,2024-01-11 13:55:00-05:00,2024-01-11,2024-01-11 16:55:00-05:00,eod,16933.875,16958.125,16933.75,16884.714285714286,17003.571428571428,20.785714285714285,0.7560975609756098,263,-163,96,16886.5,16926.75,24.25,485.0,480.5,16792.5,16947.5,16757.5,17082.98532213197,16858.674137749604,17109.97711457309,16831.72604834903,17115.0,17127.5,17080.0,13:00,in_va,inside_both,below_week_val,neg,pos
long,2024-01-11 13:10:00-05:00,2024-01-11,2024-01-11 14:00:00-05:00,tp,16879.375,16944.267857142855,16879.25,16837.303571428572,16944.392857142855,23.196428571428573,0.8481012658227848,434,-7,94,16849.25,16871.25,64.89285714285506,1297.8571428571013,1293.3571428571013,16792.5,16950.0,16757.5,17078.72093943612,16862.931615883994,17102.538051598487,16839.153066563307,17115.0,17127.5,17080.0,13:00,in_va,inside_both,below_week_val,neg,pos
long,2024-01-11 13:00:00-05:00,2024-01-11,2024-01-11 14:00:00-05:00,tp,16865.875,16943.482142857145,16865.75,16811.196428571428,16943.607142857145,23.303571428571427,0.7320261437908496,509,-46,183,16848.0,16857.5,77.60714285714494,1552.1428571428987,1547.6428571428987,16792.5,16952.5,16757.5,17079.997657025073,16861.65696545826,17097.69072913675,16843.992540612217,17115.0,17127.5,17080.0,13:00,in_va,inside_both,below_week_val,neg,pos
long,2024-01-11 14:50:00-05:00,2024-01-11,2024-01-11 15:10:00-05:00,sl,16965.625,16935.5,16965.5,16935.625,17015.5,20.125,0.7755102040816326,380,-1,147,16947.25,16961.5,-30.125,-602.5,-607.0,16792.5,16947.5,16757.5,17096.775969371985,16844.905819268108,17115.961617533765,16825.75123503665,17115.0,17127.5,17080.0,14:00,above_vah,inside_both,below_week_val,neg,pos
long,2024-01-11 15:30:00-05:00,2024-01-11,2024-01-11 16:55:00-05:00,eod,16958.875,16958.125,16958.75,16926.678571428572,17010.392857142855,19.571428571428573,0.8703703703703703,409,-8,53,16952.5,16957.75,-0.75,-15.0,-19.5,16947.5,17022.5,16855.0,17114.660073861578,16827.050671349123,17129.27519309522,16812.459215795832,17115.0,17127.5,17080.0,15:00,in_va,inside_both,below_week_val,neg,pos
long,2024-01-12 09:40:00-05:00,2024-01-12,2024-01-12 10:00:00-05:00,sl,17036.125,16983.053571428572,17036.0,16983.178571428572,17110.892857142855,22.071428571428573,0.8444444444444444,595,-41,63,17008.0,17019.25,-53.07142857142753,-1061.4285714285506,-1065.9285714285506,16947.5,16982.5,16902.5,17037.02563068848,16929.309272011822,17047.41563305389,16918.949661380753,17115.0,17127.5,17080.0,09:00,above_vah,inside_both,below_week_val,neg,pos
long,2024-01-16 09:55:00-05:00,2024-01-16,2024-01-16 10:20:00-05:00,tp,16913.875,16994.339285714283,16913.75,16857.64285714286,16994.464285714283,24.607142857142858,0.8322147651006712,1066,-1,79,16879.0,16889.25,80.4642857142826,1609.285714285652,1604.785714285652,16880.0,16922.5,16857.5,17013.382449645847,16865.504624746703,17012.733538122884,16866.15180515032,16572.5,16647.5,16422.5,09:00,in_va,inside_both,above_week_vah,neg,pos
long,2024-01-16 13:30:00-05:00,2024-01-16,2024-01-16 13:40:00-05:00,sl,16947.125,16917.071428571428,16947.0,16917.196428571428,16996.857142857145,20.053571428571427,0.7441860465116279,266,-8,66,16932.0,16941.5,-30.053571428572468,-601.0714285714494,-605.5714285714494,16920.0,16972.5,16845.0,17054.22886764527,16824.767173874658,17082.900011865688,16796.172516464518,16572.5,16647.5,16422.5,13:00,in_va,inside_both,above_week_vah,neg,pos
long,2024-01-17 11:00:00-05:00,2024-01-17,2024-01-17 13:45:00-05:00,sl,16800.625,16740.285714285714,16800.5,16740.410714285714,16888.428571428572,27.839285714285715,0.9318181818181818,1341,-11,19,16769.25,16779.75,-60.339285714286234,-1206.7857142857247,-1211.2857142857247,16767.5,16837.5,16690.0,17070.56892930665,16733.513907538185,17066.04469726161,16737.997435351583,16572.5,16647.5,16422.5,11:00,in_va,inside_both,above_week_vah,neg,pos
long,2024-01-18 13:30:00-05:00,2024-01-18,2024-01-18 14:15:00-05:00,tp,16985.125,17063.339285714283,16985.0,16930.76785714286,17063.464285714283,24.232142857142858,0.9193548387096774,656,-74,28,16958.25,16970.0,78.2142857142826,1564.285714285652,1559.785714285652,17017.5,17072.5,16985.0,17087.857640052047,16770.12335849341,17118.389488989775,16739.837154689663,16572.5,16647.5,16422.5,13:00,in_va,inside_both,above_week_vah,neg,pos
long,2024-01-22 11:55:00-05:00,2024-01-22,2024-01-22 12:05:00-05:00,sl,17511.375,17478.35714285714,17511.25,17478.48214285714,17561.785714285717,17.767857142857142,0.7428571428571429,500,-83,197,17491.25,17504.25,-33.0178571428587,-660.357142857174,-664.857142857174,17532.5,17562.5,17487.5,17628.132134908057,17363.74206296138,17634.21095570807,17357.686130397713,16952.5,17012.5,16795.0,11:00,in_va,inside_both,above_week_vah,neg,pos
long,2024-01-23 12:45:00-05:00,2024-01-23,2024-01-23 14:55:00-05:00,tp,17463.375,17500.160714285717,17463.25,17438.85714285714,17500.285714285717,12.642857142857142,0.7586206896551724,332,4,80,17452.75,17457.0,36.785714285717404,735.7142857143481,731.2142857143481,17452.5,17477.5,17442.5,17582.68647154085,17360.48770813545,17599.547605975746,17343.657427527683,16952.5,17012.5,16795.0,12:00,in_va,inside_both,above_week_vah,pos,pos
long,2024-01-23 15:50:00-05:00,2024-01-23,2024-01-23 16:55:00-05:00,eod,17532.375,17552.375,17532.25,17487.821428571428,17590.107142857145,13.428571428571429,0.9133858267716536,1718,-31,63,17515.0,17522.75,20.0,400.0,395.5,17467.5,17485.0,17445.0,17608.200198330287,17335.02066836573,17630.635762378617,17312.62615867334,16952.5,17012.5,16795.0,15:00,above_vah,inside_both,above_week_vah,neg,pos
long,2024-01-24 11:45:00-05:00,2024-01-24,2024-01-24 12:50:00-05:00,tp,17724.875,17790.589285714283,17724.75,17680.76785714286,17790.714285714283,21.982142857142858,0.7184466019417476,484,-62,138,17711.0,17722.75,65.7142857142826,1314.285714285652,1309.785714285652,17650.0,17715.0,17632.5,17786.656040989423,17459.58768103392,17800.368139058322,17445.98447064821,16952.5,17012.5,16795.0,11:00,above_vah,inside_both,above_week_vah,neg,pos
long,2024-01-29 15:15:00-05:00,2024-01-29,2024-01-29 16:55:00-05:00,eod,17700.125,17700.125,17700.0,17654.76785714286,17760.714285714283,15.482142857142858,0.943089430894309,970,-14,16,17679.75,17694.75,0.0,0.0,-4.5,17545.0,17592.5,17530.0,17661.74341341507,17391.28692637466,17688.592579282293,17364.503934796463,17012.5,17090.0,16722.5,15:00,above_vah,outside_both,above_week_vah,neg,pos
long,2024-01-26 10:20:00-05:00,2024-01-26,2024-01-26 13:50:00-05:00,sl,17555.625,17504.23214285714,17555.5,17504.35714285714,17634.035714285717,27.392857142857142,0.7107438016528925,880,-76,247,17545.5,17554.0,-51.3928571428587,-1027.857142857174,-1032.357142857174,17535.0,17567.5,17512.5,17642.834006648874,17494.49435249926,17645.1810841051,17492.150178933054,16952.5,17012.5,16795.0,10:00,in_va,inside_both,above_week_vah,neg,pos
long,2024-01-26 14:35:00-05:00,2024-01-26,2024-01-26 16:35:00-05:00,sl,17543.625,17501.964285714286,17543.5,17502.089285714286,17603.071428571428,18.160714285714285,0.8640776699029126,668,15,184,17529.25,17541.25,-41.660714285713766,-833.2142857142753,-837.7142857142753,17540.0,17597.5,17510.0,17691.70695750432,17445.68186904511,17706.22566033845,17431.181129280845,16952.5,17012.5,16795.0,14:00,in_va,inside_both,above_week_vah,pos,pos
long,2024-01-29 14:10:00-05:00,2024-01-29,2024-01-29 15:00:00-05:00,tp,17614.875,17649.089285714283,17614.75,17590.89285714286,17649.214285714283,10.607142857142858,0.796875,911,-12,331,17597.75,17609.5,34.214285714282596,684.2857142856519,679.7857142856519,17545.0,17580.0,17530.0,17661.6856944651,17391.344503066564,17675.13737637289,17377.92597509327,17012.5,17090.0,16722.5,14:00,above_vah,inside_both,above_week_vah,neg,pos
long,2024-01-29 14:05:00-05:00,2024-01-29,2024-01-29 15:00:00-05:00,tp,17602.125,17634.339285714283,17602.0,17580.26785714286,17634.464285714283,10.732142857142858,0.9347826086956522,510,-1,17,17597.0,17601.0,32.214285714282596,644.2857142856519,639.7857142856519,17545.0,17580.0,17530.0,17656.049691922824,17396.966614731817,17673.577863362232,17379.481644421583,17012.5,17090.0,16722.5,14:00,above_vah,inside_both,above_week_vah,neg,pos
long,2024-02-02 10:40:00-05:00,2024-02-02,2024-02-02 14:15:00-05:00,tp,17653.625,17767.410714285717,17653.5,17577.73214285714,17767.535714285717,38.267857142857146,0.874251497005988,994,-5,148,17646.5,17651.0,113.7857142857174,2275.714285714348,2271.214285714348,17597.5,17627.5,17547.5,17678.477417644663,17457.86619990227,17708.15886570015,17428.386803909794,17012.5,17090.0,16722.5,10:00,above_vah,inside_both,above_week_vah,neg,pos
long,2024-01-30 13:25:00-05:00,2024-01-30,2024-01-30 13:50:00-05:00,sl,17596.875,17567.23214285714,17596.75,17567.35714285714,17641.535714285717,15.392857142857142,0.8524590163934426,436,-3,72,17584.5,17589.75,-29.642857142858702,-592.857142857174,-597.357142857174,17637.5,17697.5,17620.0,17782.284643322637,17579.644949758185,17818.92367570759,17543.086128811196,17012.5,17090.0,16722.5,13:00,below_val,inside_both,above_week_vah,neg,pos
long,2024-01-30 14:20:00-05:00,2024-01-30,2024-01-30 16:00:00-05:00,sl,17580.625,17547.589285714286,17580.5,17547.714285714286,17627.321428571428,14.035714285714286,0.9113924050632911,509,-49,33,17571.0,17577.25,-33.035714285713766,-660.7142857142753,-665.2142857142753,17637.5,17715.0,17620.0,17796.683960943785,17565.277155621607,17828.140192398198,17533.88978923796,17012.5,17090.0,16722.5,14:00,below_val,inside_both,above_week_vah,neg,pos
long,2024-01-31 13:15:00-05:00,2024-01-31,2024-01-31 13:25:00-05:00,sl,17400.625,17372.821428571428,17400.5,17372.946428571428,17443.607142857145,15.553571428571429,0.7857142857142857,284,6,49,17379.0,17394.5,-27.803571428572468,-556.0714285714494,-560.5714285714494,17355.0,17410.0,17320.0,17532.51030963073,17337.99004664646,17585.339743245884,17285.373046609042,17012.5,17090.0,16722.5,13:00,in_va,inside_both,above_week_vah,pos,pos
long,2024-01-31 11:00:00-05:00,2024-01-31,2024-01-31 13:15:00-05:00,tp,17324.875,17399.696428571428,17324.75,17274.964285714286,17399.821428571428,25.285714285714285,0.7966101694915254,792,-7,270,17296.75,17307.25,74.82142857142753,1496.4285714285506,1491.9285714285506,17375.0,17437.5,17340.0,17534.50058292186,17336.00777648629,17558.377676174703,17312.226695929374,17012.5,17090.0,16722.5,11:00,below_val,inside_90_only,above_week_vah,neg,pos
long,2024-01-31 12:00:00-05:00,2024-01-31,2024-01-31 14:00:00-05:00,sl,17358.875,17318.589285714286,17358.75,17318.714285714286,17417.321428571428,18.535714285714285,0.8064516129032258,772,33,118,17343.0,17350.75,-40.285714285713766,-805.7142857142753,-810.2142857142753,17375.0,17422.5,17320.0,17543.948976817323,17326.597375731806,17573.28378447316,17297.380526905283,17012.5,17090.0,16722.5,12:00,in_va,inside_both,above_week_vah,pos,pos
long,2024-02-01 10:05:00-05:00,2024-02-01,2024-02-01 10:55:00-05:00,sl,17352.875,17282.553571428572,17352.75,17282.678571428572,17450.392857142855,27.571428571428573,0.7903225806451613,686,-190,-62,17328.0,17337.75,-70.32142857142753,-1406.4285714285506,-1410.9285714285506,17315.0,17345.0,17302.5,17336.40206884413,17235.918858316803,17365.93772523072,17206.45445134687,17012.5,17090.0,16722.5,10:00,above_vah,inside_90_only,above_week_vah,neg,neg
long,2024-02-01 10:25:00-05:00,2024-02-01,2024-02-01 10:50:00-05:00,sl,17368.375,17300.714285714286,17368.25,17300.839285714286,17466.071428571428,30.410714285714285,0.8947368421052632,1161,-109,84,17344.25,17358.25,-67.66071428571377,-1353.2142857142753,-1357.7142857142753,17315.0,17347.5,17305.0,17353.748529172728,17218.614243179094,17377.36132452495,17195.05840941501,17012.5,17090.0,16722.5,10:00,above_vah,inside_90_only,above_week_vah,neg,pos
long,2024-02-01 11:30:00-05:00,2024-02-01,2024-02-01 12:10:00-05:00,tp,17310.625,17392.375,17310.5,17254.0,17392.5,25.5,0.937984496124031,627,-10,106,17273.5,17299.25,81.75,1635.0,1630.5,17315.0,17357.5,17300.0,17375.395481818618,17197.019509882193,17397.108697910557,17175.358672987797,17012.5,17090.0,16722.5,11:00,in_va,inside_both,above_week_vah,neg,pos
long,2024-02-01 12:00:00-05:00,2024-02-01,2024-02-01 14:45:00-05:00,tp,17352.875,17427.910714285717,17352.75,17299.98214285714,17428.035714285717,22.517857142857142,0.75,728,-27,38,17319.5,17335.0,75.0357142857174,1500.714285714348,1496.214285714348,17315.0,17352.5,17297.5,17380.430815472184,17191.996323058236,17407.201904839876,17165.289814090444,17012.5,17090.0,16722.5,12:00,above_vah,inside_both,above_week_vah,neg,pos
long,2024-02-01 12:45:00-05:00,2024-02-01,2024-02-01 16:00:00-05:00,tp,17381.875,17461.125,17381.75,17323.5,17461.25,21.25,0.9294871794871795,868,-8,53,17343.5,17354.0,79.25,1585.0,1580.5,17342.5,17357.5,17300.0,17373.3427694483,17199.067270456042,17410.840214559063,17161.66028113388,17012.5,17090.0,16722.5,12:00,above_vah,inside_90_only,above_week_vah,neg,pos
long,2024-02-01 14:05:00-05:00,2024-02-01,2024-02-01 16:05:00-05:00,tp,17404.625,17475.375,17404.5,17358.375,17475.5,24.875,0.8850574712643678,545,-50,88,17379.25,17390.5,70.75,1415.0,1410.5,17342.5,17372.5,17300.0,17383.1198181525,17189.31380710941,17428.042509353803,17144.499483756816,17012.5,17090.0,16722.5,14:00,above_vah,inside_90_only,above_week_vah,neg,pos
long,2024-02-02 14:30:00-05:00,2024-02-02,2024-02-02 16:00:00-05:00,sl,17767.375,17721.214285714286,17767.25,17721.339285714286,17835.071428571428,21.910714285714285,0.76,246,-105,5,17749.0,17756.5,-46.160714285713766,-923.2142857142753,-927.7142857142753,17597.5,17675.0,17472.5,17716.58525382568,17420.017777173816,17753.649791668566,17383.20555068452,17012.5,17090.0,16722.5,14:00,above_vah,outside_both,above_week_vah,neg,pos
long,2024-02-07 10:10:00-05:00,2024-02-07,2024-02-07 16:55:00-05:00,eod,17807.625,17856.125,17807.5,17731.589285714286,17909.571428571428,26.160714285714285,0.8918918918918919,2397,-2,226,17764.0,17775.5,48.5,970.0,965.5,17735.0,17780.0,17702.5,17816.741396340894,17607.308460305183,17835.453181275578,17588.726431889652,17532.5,17647.5,17440.0,10:00,above_vah,inside_both,above_week_vah,neg,pos
long,2024-02-05 14:30:00-05:00,2024-02-05,2024-02-05 15:05:00-05:00,sl,17727.625,17694.089285714286,17727.5,17694.214285714286,17777.321428571428,16.535714285714285,0.7671232876712328,497,-94,75,17702.25,17719.75,-33.535714285713766,-670.7142857142753,-675.2142857142753,17695.0,17732.5,17657.5,17832.351297773188,17577.619787915846,17851.43349097469,17558.57608695776,17532.5,17647.5,17440.0,14:00,in_va,inside_both,above_week_vah,neg,pos
long,2024-02-05 11:05:00-05:00,2024-02-05,2024-02-05 12:35:00-05:00,tp,17616.125,17705.267857142855,17616.0,17557.178571428572,17705.392857142855,30.571428571428573,0.8879310344827587,1020,-18,76,17593.25,17599.75,89.14285714285506,1782.8571428571013,1778.3571428571013,17712.5,17735.0,17660.0,17775.544040893143,17634.31245425924,17807.19109751853,17602.729235484883,17532.5,17647.5,17440.0,11:00,below_val,inside_90_only,in_week_va,neg,pos
long,2024-02-05 11:30:00-05:00,2024-02-05,2024-02-05 12:35:00-05:00,tp,17642.625,17719.875,17642.5,17587.875,17720.0,22.875,0.9384615384615385,872,-7,38,17627.0,17633.75,77.25,1545.0,1540.5,17712.5,17737.5,17630.0,17784.573773891156,17625.300935869836,17813.641196528522,17596.29214749404,17532.5,17647.5,17440.0,11:00,in_va,inside_both,in_week_va,neg,pos
long,2024-02-06 15:55:00-05:00,2024-02-06,2024-02-06 16:55:00-05:00,eod,17661.875,17650.125,17661.75,17615.85714285714,17725.785714285717,18.142857142857142,0.8991596638655462,978,-13,133,17652.75,17658.5,-11.75,-235.0,-239.5,17640.0,17670.0,17565.0,17865.543116957437,17578.22715585711,17875.181965414406,17568.60922480421,17532.5,17647.5,17440.0,15:00,in_va,inside_both,above_week_vah,neg,pos
long,2024-02-06 13:00:00-05:00,2024-02-06,2024-02-06 14:15:00-05:00,sl,17607.875,17566.785714285714,17607.75,17566.910714285714,17669.928571428572,21.339285714285715,0.7901234567901234,318,-94,41,17591.75,17607.0,-41.089285714286234,-821.7857142857247,-826.2857142857247,17640.0,17702.5,17565.0,17821.476575065277,17622.198068311085,17846.021256296586,17597.706651846554,17532.5,17647.5,17440.0,13:00,in_va,inside_90_only,in_week_va,neg,pos
long,2024-02-06 14:45:00-05:00,2024-02-06,2024-02-06 16:55:00-05:00,eod,17621.125,17650.125,17621.0,17588.928571428572,17672.142857142855,19.071428571428573,0.7833333333333333,453,-10,17,17606.5,17611.75,29.0,580.0,575.5,17640.0,17685.0,17565.0,17845.66084865433,17598.066277362985,17862.309791332755,17581.453464795213,17532.5,17647.5,17440.0,14:00,in_va,inside_both,in_week_va,neg,pos
long,2024-02-08 10:45:00-05:00,2024-02-08,2024-02-08 14:35:00-05:00,sl,17878.125,17829.625,17878.0,17829.75,17948.25,22.0,0.8333333333333334,1266,-138,50,17858.75,17875.5,-48.5,-970.0,-974.5,17842.5,17855.0,17825.0,17936.73399052176,17755.358409719374,17936.276150976464,17755.815723638585,17532.5,17647.5,17440.0,10:00,above_vah,inside_both,above_week_vah,neg,pos
long,2024-02-07 11:50:00-05:00,2024-02-07,2024-02-07 12:30:00-05:00,sl,17842.375,17798.375,17842.25,17798.5,17908.5,22.5,0.9431818181818182,538,-8,37,17828.75,17834.75,-44.0,-880.0,-884.5,17735.0,17817.5,17630.0,17853.143659085734,17571.15862836369,17864.49777920355,17559.883243177348,17532.5,17647.5,17440.0,11:00,above_vah,inside_both,above_week_vah,neg,pos
long,2024-02-23 09:30:00-05:00,2024-02-23,2024-02-23 09:55:00-05:00,sl,18135.875,18081.25,18135.75,18081.375,18205.75,15.625,0.7034883720930233,2315,-49,269,18103.25,18108.5,-54.625,-1092.5,-1097.0,18030.0,18067.5,18015.0,18109.152962348115,18019.863581956797,18110.911853340134,18018.112657000584,17845.0,18015.0,17682.5,09:00,above_vah,outside_both,above_week_vah,neg,pos
long,2024-02-13 10:20:00-05:00,2024-02-13,2024-02-13 14:00:00-05:00,sl,17705.125,17640.535714285714,17705.0,17640.660714285714,17802.928571428572,33.589285714285715,0.8066666666666666,910,0,151,17652.0,17684.0,-64.58928571428623,-1291.7857142857247,-1296.2857142857247,17655.0,17717.5,17587.5,17981.16486902938,17577.203920285014,17993.63539088623,17564.943101004355,17590.0,17772.5,17382.5,10:00,in_va,inside_both,in_week_va,zero,pos
long,2024-02-13 15:40:00-05:00,2024-02-13,2024-02-13 16:55:00-05:00,eod,17623.875,17699.625,17623.75,17563.76785714286,17706.214285714283,22.482142857142858,0.9006211180124224,650,-15,141,17569.5,17589.0,75.75,1515.0,1510.5,17655.0,17752.5,17595.0,18048.788000102228,17510.717930460858,18062.383991402774,17497.350567475496,17590.0,17772.5,17382.5,15:00,in_va,inside_both,in_week_va,neg,pos
long,2024-02-14 10:15:00-05:00,2024-02-14,2024-02-14 10:55:00-05:00,sl,17825.875,17757.089285714286,17825.75,17757.214285714286,17920.321428571428,26.035714285714285,0.7853107344632768,1347,-142,121,17787.75,17819.0,-68.78571428571377,-1375.7142857142753,-1380.2142857142753,17787.5,17805.0,17760.0,17837.924502232552,17650.82152577384,17849.679428228756,17639.125411577992,17590.0,17772.5,17382.5,10:00,above_vah,inside_both,above_week_vah,neg,pos
long,2024-02-14 13:35:00-05:00,2024-02-14,2024-02-14 14:00:00-05:00,sl,17808.625,17765.553571428572,17808.5,17765.678571428572,17871.142857142855,19.821428571428573,0.9479166666666666,586,-2,75,17802.75,17808.0,-43.07142857142753,-861.4285714285506,-865.9285714285506,17777.5,17807.5,17735.0,17877.592556456384,17611.351937255913,17890.990778871965,17598.020748319075,17590.0,17772.5,17382.5,13:00,above_vah,inside_both,above_week_vah,neg,pos
long,2024-02-14 11:20:00-05:00,2024-02-14,2024-02-14 15:40:00-05:00,tp,17756.875,17858.767857142855,17756.75,17683.303571428572,17858.892857142855,28.696428571428573,0.7777777777777778,884,-307,7,17730.5,17742.75,101.89285714285506,2037.8571428571013,2033.3571428571013,17787.5,17817.5,17737.5,17860.077244510176,17628.77961725703,17870.76064717239,17618.149665390232,17590.0,17772.5,17382.5,11:00,in_va,inside_both,in_week_va,neg,pos
long,2024-02-14 12:30:00-05:00,2024-02-14,2024-02-14 14:05:00-05:00,sl,17778.375,17737.0,17778.25,17737.125,17842.0,22.625,0.8076923076923077,423,-103,38,17754.25,17768.25,-41.375,-827.5,-832.0,17787.5,17807.5,17730.0,17877.290197207145,17611.652783752812,17885.515211454607,17603.468920584994,17590.0,17772.5,17382.5,12:00,in_va,inside_both,above_week_vah,neg,pos
long,2024-02-14 14:20:00-05:00,2024-02-14,2024-02-14 15:25:00-05:00,tp,17763.375,17828.625,17763.25,17720.25,17828.75,22.5,0.7407407407407407,433,-14,199,17754.25,17761.5,65.25,1305.0,1300.5,17777.5,17807.5,17737.5,17901.200100248592,17587.862505832338,17901.76552065479,17587.299914316092,17590.0,17772.5,17382.5,14:00,in_va,inside_both,in_week_va,neg,pos
long,2024-02-15 10:05:00-05:00,2024-02-15,2024-02-15 13:30:00-05:00,tp,17842.375,17931.446428571428,17842.25,17778.339285714286,17931.571428571428,25.410714285714285,0.88125,1503,7,61,17816.5,17831.25,89.07142857142753,1781.4285714285506,1776.9285714285506,17892.5,17920.0,17855.0,17932.436170575987,17829.099849352082,17947.830816449354,17813.717682367645,17590.0,17772.5,17382.5,10:00,below_val,inside_both,above_week_vah,pos,pos
long,2024-02-15 12:15:00-05:00,2024-02-15,2024-02-15 13:15:00-05:00,tp,17859.875,17913.160714285717,17859.75,17825.48214285714,17913.285714285717,19.267857142857142,0.7076923076923077,286,-156,97,17843.0,17851.5,53.285714285717404,1065.714285714348,1061.214285714348,17827.5,17887.5,17812.5,17974.19352707759,17787.37634133378,17979.50498132654,17782.06919254585,17590.0,17772.5,17382.5,12:00,in_va,inside_both,above_week_vah,neg,pos
long,2024-02-22 09:45:00-05:00,2024-02-22,2024-02-22 13:30:00-05:00,tp,17945.875,18030.375,17945.75,17881.5,18030.5,20.5,0.90625,1804,-1,193,17926.25,17936.25,84.5,1690.0,1685.5,17890.0,17915.0,17865.0,17922.301057216053,17683.972299771107,17940.691065070583,17665.773426329903,17845.0,18015.0,17682.5,09:00,above_vah,outside_both,in_week_va,neg,pos
long,2024-02-16 11:00:00-05:00,2024-02-16,2024-02-16 14:50:00-05:00,sl,17828.625,17769.35714285714,17828.5,17769.48214285714,17921.785714285717,34.267857142857146,0.7391304347826086,602,-68,121,17802.5,17819.5,-59.2678571428587,-1185.357142857174,-1189.857142857174,17765.0,17925.0,17720.0,18035.55956832489,17845.570547380004,18038.56275887067,17842.572207434383,17590.0,17772.5,17382.5,11:00,in_va,outside_both,above_week_vah,neg,pos
long,2024-02-16 13:35:00-05:00,2024-02-16,2024-02-16 14:00:00-05:00,tp,17846.625,17896.767857142855,17846.5,17814.928571428572,17896.892857142855,18.821428571428573,0.7894736842105263,349,-16,65,17836.0,17841.0,50.142857142855064,1002.8571428571013,998.3571428571013,17862.5,17952.5,17792.5,18035.499536859308,17845.630481885826,18057.038814659933,17824.12599322785,17590.0,17772.5,17382.5,13:00,in_va,inside_both,above_week_vah,neg,pos
long,2024-02-20 10:55:00-05:00,2024-02-20,2024-02-20 11:35:00-05:00,sl,17574.625,17525.160714285714,17574.5,17525.285714285714,17652.178571428572,28.464285714285715,0.851063829787234,540,-8,134,17529.75,17555.5,-49.464285714286234,-989.2857142857247,-993.7857142857247,17675.0,17787.5,17557.5,17879.525889358883,17571.622190913684,17871.00864861733,17580.078624146317,17845.0,18015.0,17682.5,10:00,in_va,inside_14_only,below_week_val,neg,pos
long,2024-02-20 14:45:00-05:00,2024-02-20,2024-02-20 16:55:00-05:00,eod,17570.625,17582.375,17570.5,17516.98214285714,17647.785714285717,23.767857142857142,0.9186991869918699,622,-29,39,17547.75,17555.0,11.75,235.0,230.5,17537.5,17595.0,17462.5,17888.73833070866,17562.47552034889,17898.388481516973,17552.894265283823,17845.0,18015.0,17682.5,14:00,in_va,inside_both,below_week_val,neg,pos
long,2024-02-20 12:30:00-05:00,2024-02-20,2024-02-20 14:45:00-05:00,tp,17493.875,17559.732142857145,17493.75,17449.446428571428,17559.857142857145,21.803571428571427,0.9230769230769231,501,-34,5,17466.0,17476.5,65.85714285714494,1317.1428571428987,1312.6428571428987,17570.0,17650.0,17460.0,17876.71980581179,17574.408240865916,17880.6237142642,17570.53220375767,17845.0,18015.0,17682.5,12:00,in_va,outside_both,below_week_val,neg,pos
long,2024-02-20 13:55:00-05:00,2024-02-20,2024-02-20 15:50:00-05:00,tp,17531.625,17595.767857142855,17531.5,17489.803571428572,17595.892857142855,22.696428571428573,0.8536585365853658,293,-3,121,17513.0,17522.0,64.14285714285506,1282.8571428571013,1278.3571428571013,17490.0,17627.5,17452.5,17875.664940872877,17575.45557476149,17896.94046524251,17554.331943672438,17845.0,18015.0,17682.5,13:00,in_va,outside_both,below_week_val,neg,pos
long,2024-02-20 15:05:00-05:00,2024-02-20,2024-02-20 15:30:00-05:00,sl,17584.625,17532.35714285714,17584.5,17532.48214285714,17661.035714285717,24.517857142857142,0.9043478260869565,629,-29,46,17570.25,17576.75,-52.2678571428587,-1045.357142857174,-1049.857142857174,17570.0,17595.0,17467.5,17900.18697719348,17551.10860968607,17911.239909113912,17540.134588445355,17845.0,18015.0,17682.5,15:00,in_va,inside_both,below_week_val,neg,pos
long,2024-02-21 16:25:00-05:00,2024-02-21,2024-02-21 16:55:00-05:00,eod,17642.625,17709.875,17642.5,17486.410714285714,17842.178571428572,43.589285714285715,0.8080808080808081,715,-2,89,17612.25,17614.5,67.25,1345.0,1340.5,17472.5,17517.5,17440.0,17692.43849718726,17385.857052869876,17707.024719912228,17371.343211656796,17845.0,18015.0,17682.5,16:00,above_vah,inside_both,below_week_val,neg,pos
long,2024-02-21 10:00:00-05:00,2024-02-21,2024-02-21 12:10:00-05:00,sl,17522.875,17437.946428571428,17522.75,17438.071428571428,17631.857142857145,24.428571428571427,0.7936507936507936,1063,-518,61,17502.25,17511.75,-84.92857142857247,-1698.5714285714494,-1703.0714285714494,17500.0,17527.5,17452.5,17647.15379065095,17430.917042179095,17636.25574212995,17441.761011090624,17845.0,18015.0,17682.5,10:00,in_va,inside_both,below_week_val,neg,pos
long,2024-02-21 12:45:00-05:00,2024-02-21,2024-02-21 14:00:00-05:00,sl,17461.875,17425.48214285714,17461.75,17425.60714285714,17516.785714285717,18.892857142857142,0.8607594936708861,379,-5,136,17446.75,17460.5,-36.3928571428587,-727.857142857174,-732.357142857174,17500.0,17512.5,17455.0,17671.09651922888,17407.093125093754,17670.117363239355,17408.06742219745,17845.0,18015.0,17682.5,12:00,in_va,inside_both,below_week_val,neg,pos
long,2024-02-21 15:35:00-05:00,2024-02-21,2024-02-21 16:20:00-05:00,sl_conflict,17488.125,17424.321428571428,17488.0,17424.446428571428,17574.357142857145,22.803571428571427,0.8315217391304348,219,23,162,17470.5,17486.5,-63.80357142857247,-1276.0714285714494,-1280.5714285714494,17472.5,17512.5,17442.5,17689.356721100627,17388.923536195893,17703.93361787406,17374.418974655982,17845.0,18015.0,17682.5,15:00,in_va,inside_both,below_week_val,pos,pos
long,2024-02-22 14:10:00-05:00,2024-02-22,2024-02-22 14:55:00-05:00,sl,18068.625,18038.25,18068.5,18038.375,18112.5,13.875,0.7215189873417721,302,-23,141,18058.25,18065.5,-30.375,-607.5,-612.0,17910.0,17970.0,17867.5,17970.207738430836,17636.56353109018,18004.787888953953,17602.342785350105,17845.0,18015.0,17682.5,14:00,above_vah,outside_both,above_week_vah,neg,pos
long,2024-02-22 14:20:00-05:00,2024-02-22,2024-02-22 14:40:00-05:00,sl,18083.125,18053.73214285714,18083.0,18053.85714285714,18125.535714285717,13.392857142857142,0.8055555555555556,627,10,290,18068.75,18075.25,-29.392857142858702,-587.857142857174,-592.357142857174,17910.0,17972.5,17867.5,17973.24628636147,17633.556563954982,18005.76153938823,17601.37925443867,17845.0,18015.0,17682.5,14:00,above_vah,outside_both,above_week_vah,pos,pos
long,2024-02-23 11:55:00-05:00,2024-02-23,2024-02-23 14:20:00-05:00,sl,18037.125,17991.14285714286,18037.0,17991.26785714286,18109.214285714283,26.482142857142858,0.9024390243902439,1009,16,173,18014.5,18019.25,-45.9821428571413,-919.642857142826,-924.142857142826,18040.0,18090.0,17990.0,18187.737353706038,17941.63510013417,18186.377407496984,17942.98888713254,17845.0,18015.0,17682.5,11:00,in_va,inside_both,above_week_vah,pos,pos
long,2024-02-26 11:50:00-05:00,2024-02-26,2024-02-26 12:00:00-05:00,sl,18055.625,18024.410714285714,18055.5,18024.535714285714,18104.928571428572,18.464285714285715,0.746031746031746,845,-27,117,18017.5,18050.75,-31.214285714286234,-624.2857142857247,-628.7857142857247,18020.0,18037.5,17985.0,18094.856924421154,17883.386441865587,18095.527703043488,17882.71776672698,17787.5,17965.0,17705.0,11:00,above_vah,inside_both,above_week_vah,neg,pos
long,2024-02-26 10:15:00-05:00,2024-02-26,2024-02-26 16:00:00-05:00,sl,18024.375,17966.821428571428,18024.25,17966.946428571428,18106.357142857145,24.803571428571427,0.7941176470588235,711,-113,83,18006.0,18015.5,-57.55357142857247,-1151.0714285714494,-1155.5714285714494,17987.5,18032.5,17975.0,18080.75223954761,17897.446896088208,18077.83983582528,17900.350166851273,17787.5,17965.0,17705.0,10:00,in_va,inside_both,above_week_vah,neg,pos
long,2024-02-27 14:10:00-05:00,2024-02-27,2024-02-27 14:55:00-05:00,tp,17986.625,18027.696428571428,17986.5,17959.589285714286,18027.821428571428,14.410714285714286,0.9423076923076923,338,1,25,17976.0,17986.25,41.07142857142753,821.4285714285506,816.9285714285506,18000.0,18022.5,17962.5,18100.226250342923,17867.588979803804,18117.985514045842,17849.898216188427,17787.5,17965.0,17705.0,14:00,in_va,inside_both,above_week_vah,pos,pos
long,2024-02-28 13:20:00-05:00,2024-02-28,2024-02-28 14:15:00-05:00,sl,17933.625,17906.89285714286,17933.5,17907.01785714286,17976.464285714283,16.482142857142858,0.7450980392156863,489,-19,225,17917.25,17925.0,-26.732142857141298,-534.642857142826,-539.142857142826,17920.0,17955.0,17900.0,18093.63674840391,17842.763130968946,18106.38758779612,17830.07494056763,17787.5,17965.0,17705.0,13:00,in_va,inside_both,in_week_va,neg,pos
long,2024-02-29 12:50:00-05:00,2024-02-29,2024-02-29 15:50:00-05:00,tp,18018.125,18081.375,18018.0,17974.625,18081.5,20.125,0.7473684210526316,355,-146,12,17993.75,18001.0,63.25,1265.0,1260.5,18000.0,18065.0,17967.5,18099.925960954686,17791.480019654125,18110.058938956954,17781.442440940053,17787.5,17965.0,17705.0,12:00,in_va,inside_both,above_week_vah,neg,pos
long,2024-02-29 14:55:00-05:00,2024-02-29,2024-02-29 15:55:00-05:00,tp,18037.375,18086.946428571428,18037.25,18002.714285714286,18087.071428571428,15.285714285714286,0.9487179487179487,355,-24,11,18023.5,18027.0,49.57142857142753,991.4285714285506,986.9285714285506,18020.0,18060.0,17977.5,18114.647210925697,17776.89736632945,18136.826729850447,17754.926661666148,17787.5,17965.0,17705.0,14:00,in_va,inside_both,above_week_vah,neg,pos
long,2024-03-01 11:00:00-05:00,2024-03-01,2024-03-01 13:05:00-05:00,tp,18216.625,18300.089285714283,18216.5,18160.51785714286,18300.214285714283,27.732142857142858,0.8032786885245902,700,-60,127,18184.75,18196.75,83.4642857142826,1669.285714285652,1664.785714285652,18125.0,18187.5,18107.5,18138.92790178446,18028.382470026165,18175.198873740395,17992.16310901864,17787.5,17965.0,17705.0,11:00,above_vah,outside_both,above_week_vah,neg,pos
long,2024-03-04 14:35:00-05:00,2024-03-04,2024-03-04 15:35:00-05:00,sl,18342.375,18296.053571428572,18342.25,18296.178571428572,18401.642857142855,13.321428571428571,0.8581081081081081,1600,-26,81,18321.25,18328.75,-46.32142857142753,-926.4285714285506,-930.9285714285506,18300.0,18325.0,18290.0,18443.37243528034,18207.68323039983,18433.967366470202,18217.083681336575,17490.0,17960.0,17372.5,14:00,above_vah,inside_both,above_week_vah,neg,pos
long,2024-03-04 13:40:00-05:00,2024-03-04,2024-03-04 14:35:00-05:00,tp,18300.625,18340.446428571428,18300.5,18274.464285714286,18340.571428571428,14.035714285714286,0.7884615384615384,284,-66,32,18294.25,18298.5,39.82142857142753,796.4285714285506,791.9285714285506,18305.0,18327.5,18290.0,18438.094070818363,18212.959003193497,18422.935675527577,18228.109955737003,17490.0,17960.0,17372.5,13:00,in_va,inside_both,above_week_vah,neg,pos
long,2024-03-04 14:15:00-05:00,2024-03-04,2024-03-04 15:45:00-05:00,sl,18309.625,18282.571428571428,18309.5,18282.696428571428,18349.357142857145,13.053571428571429,0.7704918032786885,400,-77,83,18302.0,18307.25,-27.053571428572468,-541.0714285714494,-545.5714285714494,18305.0,18325.0,18290.0,18441.471495230333,18209.58323709138,18434.169844189157,18216.88130303385,17490.0,17960.0,17372.5,14:00,in_va,inside_both,above_week_vah,neg,pos
long,2024-03-06 12:10:00-05:00,2024-03-06,2024-03-06 12:50:00-05:00,sl,18159.625,18123.696428571428,18159.5,18123.821428571428,18214.357142857145,19.178571428571427,0.7558139534883721,331,-6,55,18139.5,18148.75,-35.92857142857247,-718.5714285714494,-723.0714285714494,18092.5,18117.5,18025.0,18192.725354427428,17895.365971801813,18187.830998189198,17900.227616543852,17490.0,17960.0,17372.5,12:00,above_vah,inside_both,above_week_vah,neg,pos
long,2024-03-05 15:00:00-05:00,2024-03-05,2024-03-05 15:20:00-05:00,sl,17873.125,17835.73214285714,17873.0,17835.85714285714,17929.785714285717,19.642857142857142,0.810126582278481,413,-15,115,17857.0,17870.0,-37.3928571428587,-747.857142857174,-752.357142857174,17932.5,18062.5,17850.0,18360.575279628618,18018.377674018644,18354.27112990103,18024.643727770377,17490.0,17960.0,17372.5,15:00,in_va,outside_both,in_week_va,neg,pos
long,2024-03-05 15:45:00-05:00,2024-03-05,2024-03-05 16:05:00-05:00,tp,17898.375,17967.125,17898.25,17850.0,17967.25,20.75,0.7786885245901639,509,-39,117,17873.25,17883.25,68.75,1375.0,1370.5,17932.5,18050.0,17835.0,18360.257722396775,18018.693312252184,18359.94965616509,18018.999516839674,17490.0,17960.0,17372.5,15:00,in_va,outside_both,in_week_va,neg,pos
long,2024-03-06 11:50:00-05:00,2024-03-06,2024-03-06 13:30:00-05:00,sl,18120.625,18072.76785714286,18120.5,18072.89285714286,18189.964285714283,21.857142857142858,0.9150943396226415,1214,-14,48,18069.5,18108.25,-47.8571428571413,-957.142857142826,-961.642857142826,18092.5,18115.0,18027.5,18193.49279974738,17894.60365571305,18186.361772845557,17901.68702230002,17490.0,17960.0,17372.5,11:00,above_vah,inside_both,above_week_vah,neg,pos
long,2024-03-06 15:45:00-05:00,2024-03-06,2024-03-06 16:55:00-05:00,eod,18056.125,18040.125,18056.0,17992.875,18153.25,34.125,0.7132867132867133,926,-32,319,18038.0,18050.25,-16.0,-320.0,-324.5,18092.5,18105.0,18007.5,18232.170856382654,17856.18410439298,18222.20306156087,17866.085279323113,17490.0,17960.0,17372.5,15:00,in_va,inside_both,above_week_vah,neg,pos
long,2024-03-08 09:55:00-05:00,2024-03-08,2024-03-08 11:00:00-05:00,sl,18387.625,18334.321428571428,18387.5,18334.446428571428,18473.607142857145,33.05357142857143,0.7666666666666667,694,-79,163,18345.75,18375.25,-53.30357142857247,-1066.0714285714494,-1070.5714285714494,18320.0,18365.0,18302.5,18360.411494504468,18214.732633552507,18368.769278452422,18206.405414067438,17490.0,17960.0,17372.5,09:00,above_vah,outside_both,above_week_vah,neg,pos
long,2024-03-08 09:45:00-05:00,2024-03-08,2024-03-08 11:05:00-05:00,sl,18356.375,18270.26785714286,18356.25,18270.39285714286,18476.464285714283,34.357142857142854,0.8138528138528138,662,-62,233,18344.75,18353.0,-86.1071428571413,-1722.142857142826,-1726.642857142826,18320.0,18352.5,18290.0,18357.85987790646,18217.27491887427,18361.919555047443,18213.230087995416,17490.0,17960.0,17372.5,09:00,above_vah,inside_both,above_week_vah,neg,pos
long,2024-03-12 10:45:00-04:00,2024-03-12,2024-03-12 12:35:00-04:00,sl,18433.125,18364.0,18433.0,18364.125,18539.0,37.125,0.7906976744186046,487,-159,55,18422.0,18429.5,-69.125,-1382.5,-1387.0,18297.5,18367.5,18252.5,18390.55923172206,18165.230957015756,18392.468894809506,18163.32828129547,18012.5,18055.0,17905.0,10:00,above_vah,outside_both,above_week_vah,neg,pos
long,2024-03-08 14:20:00-05:00,2024-03-08,2024-03-08 15:25:00-05:00,sl,18118.875,18061.23214285714,18118.75,18061.35714285714,18204.035714285717,27.892857142857142,0.8,356,-25,185,18091.5,18101.5,-57.6428571428587,-1152.857142857174,-1157.357142857174,18320.0,18427.5,18185.0,18453.029295353383,18122.45353652199,18430.384631658446,18145.015388554482,17490.0,17960.0,17372.5,14:00,below_val,outside_both,above_week_vah,neg,pos
long,2024-03-11 10:50:00-04:00,2024-03-11,2024-03-11 11:30:00-04:00,sl,18255.125,18164.839285714286,18255.0,18164.964285714286,18387.821428571428,42.785714285714285,0.8578680203045685,228,-17,-9,18230.5,18247.5,-90.28571428571377,-1805.7142857142753,-1810.2142857142753,18225.0,18237.5,18152.5,18307.542808876886,17974.22260866496,18309.536819501005,17972.247088454857,18012.5,18055.0,17905.0,10:00,above_vah,inside_both,above_week_vah,neg,neg
long,2024-03-11 10:15:00-04:00,2024-03-11,2024-03-11 16:55:00-04:00,eod,18184.625,18244.125,18184.5,18106.48214285714,18302.785714285717,40.267857142857146,0.8875,213,-56,42,18155.5,18178.25,59.5,1190.0,1185.5,18225.0,18245.0,18147.5,18292.531591690797,17989.094627184142,18289.295143369574,17992.301063995554,18012.5,18055.0,17905.0,10:00,in_va,inside_both,above_week_vah,neg,pos
long,2024-03-12 10:20:00-04:00,2024-03-12,2024-03-12 16:55:00-04:00,eod,18356.125,18470.875,18356.0,18258.910714285714,18495.178571428572,42.089285714285715,0.8193832599118943,1226,-204,56,18311.5,18339.0,114.75,2295.0,2290.5,18297.5,18352.5,18255.0,18379.263619309604,18176.48523931522,18376.769559593,18178.97017338496,18012.5,18055.0,17905.0,10:00,above_vah,inside_both,above_week_vah,neg,pos
long,2024-03-12 13:15:00-04:00,2024-03-12,2024-03-12 15:25:00-04:00,tp,18384.125,18471.589285714283,18384.0,18322.89285714286,18471.714285714283,26.607142857142858,0.8263888888888888,694,-98,26,18355.75,18369.75,87.4642857142826,1749.285714285652,1744.785714285652,18297.5,18410.0,18255.0,18435.45226038275,18120.502189829313,18412.044843532687,18143.82396004526,18012.5,18055.0,17905.0,13:00,in_va,inside_both,above_week_vah,neg,pos
long,2024-03-13 10:40:00-04:00,2024-03-13,2024-03-13 11:30:00-04:00,sl,18381.375,18313.5,18381.25,18313.625,18477.75,28.875,0.8805031446540881,1223,-58,36,18344.75,18362.25,-67.875,-1357.5,-1362.0,18347.5,18420.0,18307.5,18548.06466442939,18351.612653974502,18548.438292849893,18351.23988523717,18012.5,18055.0,17905.0,10:00,in_va,inside_both,above_week_vah,neg,pos
long,2024-03-13 13:50:00-04:00,2024-03-13,2024-03-13 15:25:00-04:00,sl,18393.125,18345.428571428572,18393.0,18345.553571428572,18460.892857142855,20.446428571428573,0.8099173553719008,289,-50,57,18379.0,18392.25,-47.69642857142753,-953.9285714285506,-958.4285714285506,18347.5,18395.0,18320.0,18616.731688450564,18283.103626191805,18577.775584964882,18321.970095418474,18012.5,18055.0,17905.0,13:00,in_va,inside_both,above_week_vah,neg,pos
long,2024-03-18 10:20:00-04:00,2024-03-18,2024-03-18 11:15:00-04:00,sl,18358.125,18310.60714285714,18358.0,18310.73214285714,18432.035714285717,26.767857142857142,0.8214285714285714,205,-207,35,18335.75,18342.0,-47.5178571428587,-950.357142857174,-954.857142857174,18332.5,18355.0,18257.5,18351.334368569893,17997.22555660406,18350.61729396943,17997.933973796204,18305.0,18365.0,18057.5,10:00,above_vah,outside_both,in_week_va,neg,pos
long,2024-03-14 12:20:00-04:00,2024-03-14,2024-03-14 13:15:00-04:00,sl,18281.875,18220.071428571428,18281.75,18220.196428571428,18371.857142857145,28.553571428571427,0.8904109589041096,470,-17,80,18249.75,18263.75,-61.80357142857247,-1236.0714285714494,-1240.5714285714494,18290.0,18360.0,18237.5,18481.16303040109,18249.70080654537,18465.87697699914,18264.970430263114,18012.5,18055.0,17905.0,12:00,in_va,inside_both,above_week_vah,neg,pos
long,2024-03-14 13:55:00-04:00,2024-03-14,2024-03-14 14:55:00-04:00,sl,18292.625,18255.321428571428,18292.5,18255.446428571428,18352.107142857145,22.553571428571427,0.8208955223880597,408,4,49,18268.75,18284.5,-37.30357142857247,-746.0714285714494,-750.5714285714494,18290.0,18347.5,18225.0,18518.48035373727,18212.423592439587,18484.162953309024,18246.704108000504,18012.5,18055.0,17905.0,13:00,in_va,inside_both,above_week_vah,pos,pos
long,2024-03-15 13:55:00-04:00,2024-03-15,2024-03-15 14:25:00-04:00,sl,18081.125,18047.178571428572,18081.0,18047.303571428572,18135.392857142855,20.696428571428573,0.7205882352941176,218,-25,167,18065.0,18079.25,-33.94642857142753,-678.9285714285506,-683.4285714285506,18095.0,18162.5,18040.0,18409.4944330563,18010.14759756083,18375.13375277608,18044.294302483115,18012.5,18055.0,17905.0,13:00,in_va,inside_both,above_week_vah,neg,pos
long,2024-03-15 13:50:00-04:00,2024-03-15,2024-03-15 16:55:00-04:00,eod,18068.625,18063.375,18068.5,18018.60714285714,18139.535714285717,21.142857142857142,0.864,502,-47,30,18040.25,18068.0,-5.25,-105.0,-109.5,18095.0,18162.5,18040.0,18412.604699842283,18007.0566994382,18372.774184861104,18046.639176585715,18012.5,18055.0,17905.0,13:00,in_va,inside_both,above_week_vah,neg,pos
long,2024-03-15 13:05:00-04:00,2024-03-15,2024-03-15 15:25:00-04:00,tp,18033.375,18101.232142857145,18033.25,17986.696428571428,18101.357142857145,21.553571428571427,0.7235772357723578,398,-22,190,18012.0,18027.25,67.85714285714494,1357.1428571428987,1352.6428571428987,18095.0,18162.5,18040.0,18388.284829901622,18031.225121478725,18366.3343453725,18053.038913056906,18012.5,18055.0,17905.0,13:00,below_val,inside_14_only,in_week_va,neg,pos
long,2024-03-18 14:25:00-04:00,2024-03-18,2024-03-18 14:40:00-04:00,sl,18310.125,18272.571428571428,18310.0,18272.696428571428,18365.607142857145,18.303571428571427,0.8375,660,-31,116,18298.5,18302.5,-37.55357142857247,-751.0714285714494,-755.5714285714494,18290.0,18357.5,18262.5,18402.931017783212,17946.251845729137,18396.149485144346,17952.951503348242,18305.0,18365.0,18057.5,14:00,in_va,inside_both,in_week_va,neg,pos
long,2024-03-18 13:20:00-04:00,2024-03-18,2024-03-18 15:50:00-04:00,sl,18279.125,18237.85714285714,18279.0,18237.98214285714,18338.535714285717,18.517857142857142,0.90625,946,-2,133,18249.25,18261.25,-41.2678571428587,-825.357142857174,-829.857142857174,18292.5,18365.0,18272.5,18402.400311071127,17946.776145095737,18387.405917962347,17961.589507411416,18305.0,18365.0,18057.5,13:00,in_va,inside_both,in_week_va,neg,pos
long,2024-03-19 10:35:00-04:00,2024-03-19,2024-03-19 12:30:00-04:00,tp,18116.125,18205.196428571428,18116.0,18058.089285714286,18205.321428571428,31.410714285714285,0.7154471544715447,655,-59,91,18082.25,18106.25,89.07142857142753,1781.4285714285506,1776.9285714285506,18107.5,18147.5,18062.5,18312.92184521642,18058.472993472988,18303.613026492858,18067.738658478607,18305.0,18365.0,18057.5,10:00,in_va,inside_both,in_week_va,neg,pos
long,2024-03-19 12:15:00-04:00,2024-03-19,2024-03-19 12:50:00-04:00,tp,18184.875,18263.160714285717,18184.75,18126.98214285714,18263.285714285717,20.767857142857142,0.8136645962732919,792,-68,191,18149.5,18169.0,78.2857142857174,1565.714285714348,1561.214285714348,18130.0,18160.0,18077.5,18332.711070200658,18038.77550715705,18314.92112249633,18056.482984420374,18305.0,18365.0,18057.5,12:00,above_vah,inside_both,in_week_va,neg,pos
long,2024-03-19 16:40:00-04:00,2024-03-19,2024-03-19 16:55:00-04:00,eod,18285.375,18272.875,18285.25,18264.178571428572,18319.642857142855,13.321428571428571,0.8108108108108109,210,-12,69,18272.5,18284.75,-12.5,-250.0,-254.5,18250.0,18285.0,18127.5,18341.02515472161,18030.499964976323,18354.913378263383,18016.67612430623,18305.0,18365.0,18057.5,16:00,above_vah,inside_both,in_week_va,neg,pos
long,2024-03-20 10:20:00-04:00,2024-03-20,2024-03-20 14:00:00-04:00,tp,18285.625,18355.482142857145,18285.5,18236.196428571428,18355.607142857145,20.803571428571427,0.775,1015,-91,79,18261.25,18272.5,69.85714285714494,1397.1428571428987,1392.6428571428987,18260.0,18300.0,18245.0,18381.296590683894,18209.858903724926,18385.185675394576,18205.97937294,18305.0,18365.0,18057.5,10:00,in_va,inside_both,in_week_va,neg,pos
long,2024-03-20 14:45:00-04:00,2024-03-20,2024-03-20 16:55:00-04:00,eod,18444.875,18541.875,18444.75,18341.696428571428,18598.107142857145,50.30357142857143,0.9452054794520548,1030,-3,137,18362.0,18404.75,97.0,1940.0,1935.5,18262.5,18322.5,18245.0,18414.091418503776,18177.144639681213,18428.294622509227,18162.976327267654,18305.0,18365.0,18057.5,14:00,above_vah,outside_both,above_week_vah,neg,pos
long,2024-03-20 15:15:00-04:00,2024-03-20,2024-03-20 16:55:00-04:00,eod,18482.375,18541.875,18482.25,18373.821428571428,18643.607142857145,52.92857142857143,0.8803418803418803,902,-18,29,18430.0,18471.75,59.5,1190.0,1185.5,18262.5,18342.5,18245.0,18437.299431065985,18153.99363992419,18441.604288943367,18149.69935736095,18305.0,18365.0,18057.5,15:00,above_vah,outside_both,above_week_vah,neg,pos
long,2024-03-21 14:25:00-04:00,2024-03-21,2024-03-21 14:35:00-04:00,sl,18616.375,18582.464285714286,18616.25,18582.589285714286,18668.571428571428,18.660714285714285,0.8507462686567164,416,-12,132,18598.5,18614.5,-33.910714285713766,-678.2142857142753,-682.7142857142753,18650.0,18690.0,18630.0,18796.20635656751,18434.3895191516,18801.95294066968,18428.687753961975,18305.0,18365.0,18057.5,14:00,below_val,inside_both,above_week_vah,neg,pos
long,2024-03-22 10:00:00-04:00,2024-03-22,2024-03-22 10:25:00-04:00,sl,18557.875,18510.5,18557.75,18510.625,18624.25,19.375,0.9565217391304348,1206,-1,37,18537.25,18544.5,-47.375,-947.5,-952.0,18530.0,18562.5,18500.0,18633.648151277783,18483.724412098552,18633.701194570098,18483.67148942568,18305.0,18365.0,18057.5,10:00,in_va,inside_both,above_week_vah,neg,pos
long,2024-03-25 09:50:00-04:00,2024-03-25,2024-03-25 11:40:00-04:00,tp,18483.875,18543.303571428572,18483.75,18443.785714285714,18543.428571428572,19.714285714285715,0.8160919540229885,759,-57,94,18471.5,18480.75,59.42857142857247,1188.5714285714494,1184.0714285714494,18465.0,18527.5,18415.0,18608.952074076624,18414.30237972398,18610.652574782827,18412.611451562323,18330.0,18407.5,18190.0,09:00,in_va,inside_both,above_week_vah,neg,pos
long,2024-03-26 10:00:00-04:00,2024-03-26,2024-03-26 10:25:00-04:00,sl,18606.625,18568.196428571428,18606.5,18568.321428571428,18662.357142857145,17.678571428571427,0.7555555555555555,710,-62,120,18588.0,18594.75,-38.42857142857247,-768.5714285714494,-773.0714285714494,18570.0,18602.5,18557.5,18613.25527537028,18489.079211251425,18622.568858815554,18479.783308254024,18330.0,18407.5,18190.0,10:00,above_vah,inside_both,above_week_vah,neg,pos
long,2024-03-26 11:05:00-04:00,2024-03-26,2024-03-26 13:00:00-04:00,sl,18566.375,18533.64285714286,18566.25,18533.76785714286,18619.964285714283,21.232142857142858,0.8958333333333334,352,-9,40,18561.75,18566.0,-32.7321428571413,-654.642857142826,-659.142857142826,18602.5,18607.5,18557.5,18626.03760478593,18476.32114718007,18651.725420544764,18450.682095904875,18330.0,18407.5,18190.0,11:00,in_va,inside_both,above_week_vah,neg,pos
long,2024-03-26 11:50:00-04:00,2024-03-26,2024-03-26 12:50:00-04:00,sl,18578.375,18540.696428571428,18578.25,18540.821428571428,18630.607142857145,14.928571428571429,0.8958333333333334,652,-16,81,18569.0,18575.0,-37.67857142857247,-753.5714285714494,-758.0714285714494,18567.5,18602.5,18555.0,18641.004293701677,18461.382870289057,18655.831186273237,18446.584124359742,18330.0,18407.5,18190.0,11:00,in_va,inside_both,above_week_vah,neg,pos
long,2024-03-26 13:05:00-04:00,2024-03-26,2024-03-26 15:15:00-04:00,sl,18550.625,18527.625,18550.5,18527.75,18586.25,13.0,0.7021276595744681,378,-28,135,18542.5,18548.25,-23.0,-460.0,-464.5,18570.0,18585.0,18540.0,18646.06677692574,18456.329997433684,18670.339639431735,18432.103213333798,18330.0,18407.5,18190.0,13:00,in_va,inside_both,above_week_vah,neg,pos
long,2024-03-27 12:20:00-04:00,2024-03-27,2024-03-27 15:10:00-04:00,sl,18435.375,18402.964285714286,18435.25,18403.089285714286,18484.821428571428,17.410714285714285,0.8833333333333333,463,-48,4,18420.25,18428.5,-32.410714285713766,-648.2142857142753,-652.7142857142753,18412.5,18497.5,18387.5,18629.50553808355,18417.288000227072,18656.46400933631,18390.455126570167,18330.0,18407.5,18190.0,12:00,in_va,inside_both,above_week_vah,neg,pos
long,2024-03-27 15:35:00-04:00,2024-03-27,2024-03-27 16:55:00-04:00,eod,18476.625,18505.375,18476.5,18417.23214285714,18554.535714285717,18.767857142857142,0.92,765,-3,130,18450.25,18461.5,28.75,575.0,570.5,18412.5,18467.5,18390.0,18676.583536416634,18370.429334932305,18691.601556213544,18355.48128301908,18330.0,18407.5,18190.0,15:00,above_vah,inside_both,above_week_vah,neg,pos
long,2024-03-27 15:50:00-04:00,2024-03-27,2024-03-27 16:55:00-04:00,eod,18500.625,18505.375,18500.5,18458.625,18562.75,20.375,0.7340425531914894,312,-104,108,18493.0,18500.25,4.75,95.0,90.5,18412.5,18480.0,18392.5,18667.239794161083,18379.729545358747,18685.872207479628,18361.183939125654,18330.0,18407.5,18190.0,15:00,above_vah,inside_both,above_week_vah,neg,pos
long,2024-03-28 13:35:00-04:00,2024-03-28,2024-03-28 16:55:00-04:00,eod,18473.375,18464.875,18473.25,18443.5,18516.5,13.5,0.7464788732394366,474,-20,90,18464.5,18470.0,-8.5,-170.0,-174.5,18490.0,18512.5,18480.0,18587.212566738115,18418.56061507137,18606.786197452337,18398.99253738523,18330.0,18407.5,18190.0,13:00,below_val,inside_both,above_week_vah,neg,pos
long,2024-04-04 12:05:00-04:00,2024-04-04,2024-04-04 13:40:00-04:00,sl,18558.875,18532.178571428572,18558.75,18532.303571428572,18597.892857142855,12.696428571428571,0.7794117647058824,606,-12,291,18545.0,18552.25,-26.696428571427532,-533.9285714285506,-538.4285714285506,18537.5,18547.5,18485.0,18612.889505062925,18316.70358677431,18625.103942536887,18304.59027064612,18277.5,18537.5,18055.0,12:00,above_vah,inside_both,above_week_vah,neg,pos
long,2024-04-01 15:50:00-04:00,2024-04-01,2024-04-01 16:55:00-04:00,eod,18498.375,18497.625,18498.25,18450.839285714286,18563.071428571428,17.410714285714285,0.7596899224806202,1105,-212,158,18480.75,18491.25,-0.75,-15.0,-19.5,18475.0,18552.5,18425.0,,,18619.644629938215,18346.083992767268,18277.5,18537.5,18055.0,15:00,in_va,inside_90_only,in_week_va,neg,pos
long,2024-04-01 13:40:00-04:00,2024-04-01,2024-04-01 15:55:00-04:00,tp,18463.375,18511.910714285717,18463.25,18429.73214285714,18512.035714285717,15.267857142857142,0.75,578,-66,82,18456.5,18461.25,48.535714285717404,970.7142857143481,966.2142857143481,18585.0,18607.5,18477.5,,,18602.39309151406,18363.30242778265,18277.5,18537.5,18055.0,13:00,below_val,inside_90_only,in_week_va,neg,pos
long,2024-04-02 11:10:00-04:00,2024-04-02,2024-04-02 15:35:00-04:00,tp,18257.875,18328.982142857145,18257.75,18210.571428571428,18329.107142857145,24.178571428571427,0.9680851063829787,680,-1,26,18238.75,18252.5,71.10714285714494,1422.1428571428987,1417.6428571428987,18242.5,18332.5,18202.5,18557.301907087724,18228.375779465612,18575.610290398814,18210.275741206595,18277.5,18537.5,18055.0,11:00,in_va,inside_both,in_week_va,neg,pos
long,2024-04-02 12:55:00-04:00,2024-04-02,2024-04-02 15:40:00-04:00,tp,18290.375,18331.232142857145,18290.25,18263.321428571428,18331.357142857145,14.178571428571429,0.7735849056603774,272,-101,13,18265.5,18285.0,40.857142857144936,817.1428571428987,812.6428571428987,18242.5,18287.5,18212.5,18559.38247812699,18226.31888483043,18590.493568229467,18195.56183154144,18277.5,18537.5,18055.0,12:00,above_vah,inside_both,in_week_va,neg,pos
long,2024-04-02 13:45:00-04:00,2024-04-02,2024-04-02 15:40:00-04:00,tp,18290.875,18330.553571428572,18290.75,18263.535714285714,18330.678571428572,12.714285714285714,0.8360655737704918,440,-23,10,18278.25,18287.75,39.67857142857247,793.5714285714494,789.0714285714494,18242.5,18287.5,18212.5,18570.222748119333,18215.601974535,18600.20977288012,18185.956194991177,18277.5,18537.5,18055.0,13:00,above_vah,inside_both,in_week_va,neg,pos
long,2024-04-02 15:00:00-04:00,2024-04-02,2024-04-02 15:45:00-04:00,tp,18294.875,18339.017857142855,18294.75,18263.178571428572,18339.142857142855,12.821428571428571,0.8170731707317073,378,-111,63,18284.5,18290.75,44.142857142855064,882.8571428571013,878.3571428571013,18280.0,18292.5,18220.0,18585.353376047173,18200.643529557994,18613.7718368554,18172.548464081636,18277.5,18537.5,18055.0,15:00,above_vah,inside_both,in_week_va,neg,pos
long,2024-04-03 16:00:00-04:00,2024-04-03,2024-04-03 16:55:00-04:00,eod,18392.875,18387.625,18392.75,18343.214285714286,18467.821428571428,25.535714285714285,0.712,621,-34,170,18371.25,18378.75,-5.25,-105.0,-109.5,18415.0,18447.5,18327.5,18434.370230206838,18151.13926876787,18463.644814749936,18122.030649870736,18277.5,18537.5,18055.0,16:00,in_va,inside_both,in_week_va,neg,pos
long,2024-04-04 11:35:00-04:00,2024-04-04,2024-04-04 12:05:00-04:00,tp,18510.375,18547.946428571428,18510.25,18486.214285714286,18548.071428571428,13.785714285714286,0.7083333333333334,416,-19,224,18499.0,18509.25,37.57142857142753,751.4285714285506,746.9285714285506,18537.5,18550.0,18482.5,18625.554525048865,18304.14341843364,18624.58339937891,18305.106504311763,18277.5,18537.5,18055.0,11:00,in_va,inside_both,in_week_va,neg,pos
long,2024-04-05 09:50:00-04:00,2024-04-05,2024-04-05 11:45:00-04:00,tp,18224.875,18344.410714285717,18224.75,18142.35714285714,18344.535714285717,37.392857142857146,0.8263157894736842,500,-218,-116,18180.5,18190.25,119.5357142857174,2390.714285714348,2386.214285714348,18137.5,18165.0,18105.0,18181.303186632864,18030.351902507173,18182.839112713682,18028.821607336784,18277.5,18537.5,18055.0,09:00,above_vah,outside_both,in_week_va,neg,neg
long,2024-04-05 10:45:00-04:00,2024-04-05,2024-04-05 12:55:00-04:00,tp,18268.875,18389.446428571428,18268.75,18188.464285714286,18389.571428571428,40.535714285714285,0.8888888888888888,584,-130,61,18218.75,18240.0,120.57142857142753,2411.4285714285506,2406.9285714285506,18137.5,18195.0,18087.5,18214.726153194682,17997.05146901092,18217.432689940844,17994.354854790457,18277.5,18537.5,18055.0,10:00,above_vah,outside_both,in_week_va,neg,pos
long,2024-04-05 15:50:00-04:00,2024-04-05,2024-04-05 16:55:00-04:00,eod,18325.875,18310.875,18325.75,18268.678571428572,18408.642857142855,25.821428571428573,0.917910447761194,798,-15,47,18295.0,18311.75,-15.0,-300.0,-304.5,18290.0,18385.0,18185.0,18286.808858286277,17925.23302875689,18263.069817606935,17948.88503893813,18277.5,18537.5,18055.0,15:00,in_va,outside_both,in_week_va,neg,pos
long,2024-04-08 10:50:00-04:00,2024-04-08,2024-04-08 11:00:00-04:00,sl,18372.125,18336.160714285714,18372.0,18336.285714285714,18432.678571428572,24.964285714285715,0.875,304,-16,93,18358.5,18363.0,-35.964285714286234,-719.2857142857247,-723.7857142857247,18302.5,18330.0,18280.0,,,18413.74131725785,18227.596363371562,18490.0,18567.5,18460.0,10:00,above_vah,inside_90_only,below_week_val,neg,pos
long,2024-04-08 10:20:00-04:00,2024-04-08,2024-04-08 12:20:00-04:00,sl,18321.875,18263.160714285714,18321.75,18263.285714285714,18411.928571428572,31.714285714285715,0.7387387387387387,452,-89,42,18280.25,18321.0,-58.714285714286234,-1174.2857142857247,-1178.7857142857247,18297.5,18322.5,18280.0,,,18396.455079978376,18244.86444704878,18490.0,18567.5,18460.0,10:00,in_va,inside_90_only,below_week_val,neg,pos
long,2024-04-08 12:55:00-04:00,2024-04-08,2024-04-08 16:55:00-04:00,eod,18315.625,18311.375,18315.5,18279.196428571428,18372.607142857145,20.803571428571427,0.7076923076923077,341,-62,54,18304.25,18310.75,-4.25,-85.0,-89.5,18300.0,18332.5,18277.5,,,18424.0450684668,18217.303432921235,18490.0,18567.5,18460.0,12:00,in_va,inside_90_only,below_week_val,neg,pos
long,2024-04-08 15:30:00-04:00,2024-04-08,2024-04-08 15:40:00-04:00,sl,18330.125,18297.839285714286,18330.0,18297.964285714286,18377.321428571428,15.285714285714286,0.8,366,-44,93,18307.25,18318.0,-32.285714285713766,-645.7142857142753,-650.2142857142753,18300.0,18325.0,18280.0,,,18459.32311728633,18182.062432283794,18490.0,18567.5,18460.0,15:00,above_vah,inside_90_only,below_week_val,neg,pos
long,2024-04-09 10:55:00-04:00,2024-04-09,2024-04-09 15:30:00-04:00,tp,18217.125,18349.017857142855,18217.0,18123.803571428572,18349.142857142855,38.94642857142857,0.9039301310043668,1242,-58,194,18182.5,18212.75,131.89285714285506,2637.8571428571013,2633.3571428571013,18347.5,18402.5,18277.5,18482.155441293176,18220.988752083733,18473.813998312064,18229.294024055387,18490.0,18567.5,18460.0,10:00,below_val,outside_both,below_week_val,neg,pos
long,2024-04-09 15:25:00-04:00,2024-04-09,2024-04-09 16:55:00-04:00,eod,18328.375,18384.625,18328.25,18253.125,18427.25,23.875,0.9178082191780822,853,-23,58,18276.5,18296.25,56.25,1125.0,1120.5,18260.0,18340.0,18200.0,18530.807492839846,18172.54767048804,18514.856435050333,18188.429559686036,18490.0,18567.5,18460.0,15:00,in_va,inside_both,below_week_val,neg,pos
long,2024-04-09 15:20:00-04:00,2024-04-09,2024-04-09 15:30:00-04:00,tp,18278.625,18346.589285714283,18278.5,18231.51785714286,18346.714285714283,21.232142857142858,0.8173913043478261,399,-30,126,18254.0,18267.5,67.9642857142826,1359.285714285652,1354.785714285652,18260.0,18342.5,18200.0,18535.754617742412,18167.621997809274,18516.51666927968,18186.77652473242,18490.0,18567.5,18460.0,15:00,in_va,inside_both,below_week_val,neg,pos
long,2024-04-11 11:00:00-04:00,2024-04-11,2024-04-11 13:00:00-04:00,tp,18264.625,18352.267857142855,18264.5,18206.553571428572,18352.392857142855,29.946428571428573,0.7586206896551724,809,-8,390,18252.5,18264.25,87.64285714285506,1752.8571428571013,1748.3571428571013,18250.0,18272.5,18202.5,18371.454594124298,18086.469869563367,18346.554404231443,18111.270541855192,18490.0,18567.5,18460.0,11:00,in_va,inside_both,below_week_val,neg,pos
long,2024-04-11 11:55:00-04:00,2024-04-11,2024-04-11 13:15:00-04:00,tp,18317.125,18406.553571428572,18317.0,18252.035714285714,18406.678571428572,24.714285714285715,0.8415300546448088,1378,-31,188,18268.25,18288.25,89.42857142857247,1788.5714285714494,1784.0714285714494,18250.0,18277.5,18207.5,18369.935136225762,18087.9832547048,18353.305135307102,18104.546791158587,18490.0,18567.5,18460.0,11:00,above_vah,inside_both,below_week_val,neg,pos
long,2024-04-11 12:45:00-04:00,2024-04-11,2024-04-11 13:05:00-04:00,tp,18320.125,18378.125,18320.0,18283.0,18378.25,21.25,0.7,335,-77,26,18306.5,18314.5,58.0,1160.0,1155.5,18250.0,18277.5,18195.0,18364.634426655506,18093.262779139422,18352.572012514865,18105.276983908047,18490.0,18567.5,18460.0,12:00,above_vah,inside_both,below_week_val,neg,pos
long,2024-04-12 11:15:00-04:00,2024-04-12,2024-04-12 12:30:00-04:00,sl,18241.625,18187.214285714286,18241.5,18187.339285714286,18323.821428571428,28.160714285714285,0.7235772357723578,1080,-75,57,18216.75,18226.75,-54.410714285713766,-1088.2142857142753,-1092.7142857142753,18300.0,18342.5,18207.5,18589.370179153044,18193.94040867607,18568.534855869162,18214.562988605983,18490.0,18567.5,18460.0,11:00,in_va,inside_both,below_week_val,neg,pos
long,2024-04-15 09:50:00-04:00,2024-04-15,2024-04-15 10:05:00-04:00,sl,18320.125,18273.0,18320.0,18273.125,18389.75,22.875,0.7017543859649122,511,-13,154,18308.0,18315.25,-47.125,-942.5,-947.0,18275.0,18315.0,18230.0,18376.260950760756,18131.853076576546,18378.87542284582,18129.26181144704,18280.0,18492.5,18210.0,09:00,above_vah,inside_both,in_week_va,neg,pos
long,2024-04-16 14:05:00-04:00,2024-04-16,2024-04-16 14:20:00-04:00,sl,17978.625,17852.73214285714,17978.5,17852.85714285714,18147.285714285717,43.142857142857146,0.8625730994152047,1440,-190,143,17907.5,17949.5,-125.8928571428587,-2517.857142857174,-2522.357142857174,17867.5,17910.0,17857.5,18039.145368083147,17704.16661688102,17990.784083067723,17752.509639593012,18280.0,18492.5,18210.0,14:00,above_vah,inside_both,below_week_val,neg,pos
long,2024-04-15 15:45:00-04:00,2024-04-15,2024-04-15 16:55:00-04:00,eod,17904.375,17874.875,17904.25,17836.821428571428,18001.107142857145,29.428571428571427,0.8193548387096774,572,-144,23,17886.75,17903.5,-29.5,-590.0,-594.5,18215.0,18352.5,18047.5,18512.9477505698,17996.379555924806,18463.69725158825,18045.192890498492,18280.0,18492.5,18210.0,15:00,below_val,outside_both,below_week_val,neg,pos
long,2024-04-16 11:50:00-04:00,2024-04-16,2024-04-16 12:00:00-04:00,sl,17933.125,17874.946428571428,17933.0,17875.071428571428,18016.607142857145,25.678571428571427,0.9057971014492754,1081,-51,67,17912.5,17931.5,-58.17857142857247,-1163.5714285714494,-1168.0714285714494,17867.5,17900.0,17852.5,17975.067759063397,17768.220028761705,17960.596760154713,17782.685563097373,18280.0,18492.5,18210.0,11:00,above_vah,inside_both,below_week_val,neg,pos
long,2024-04-16 11:20:00-04:00,2024-04-16,2024-04-16 13:30:00-04:00,sl,17909.125,17846.803571428572,17909.0,17846.928571428572,18001.642857142855,30.571428571428573,0.7482993197278912,464,-143,174,17892.25,17900.25,-62.32142857142753,-1246.4285714285506,-1250.9285714285506,17867.5,17897.5,17852.5,17971.931846883424,17771.35475675106,17955.582454559917,17787.69797517817,18280.0,18492.5,18210.0,11:00,above_vah,inside_both,below_week_val,neg,pos
long,2024-04-16 12:45:00-04:00,2024-04-16,2024-04-16 13:30:00-04:00,sl,17920.125,17871.178571428572,17920.0,17871.303571428572,17994.392857142855,25.696428571428573,0.8627450980392157,353,-6,37,17910.5,17918.0,-48.94642857142753,-978.9285714285506,-983.4285714285506,17867.5,17907.5,17857.5,17997.271840285175,17746.024332297868,17965.330956697017,17777.953154293624,18280.0,18492.5,18210.0,12:00,above_vah,inside_both,below_week_val,neg,pos
long,2024-04-16 14:30:00-04:00,2024-04-16,2024-04-16 16:55:00-04:00,eod,17897.125,17893.875,17897.0,17803.053571428572,18043.142857142855,52.19642857142857,0.8594594594594595,701,-69,20,17864.5,17895.5,-3.25,-65.0,-69.5,17865.0,17910.0,17857.5,18052.83243783801,17690.484715669987,17995.677440800606,17747.618129701517,18280.0,18492.5,18210.0,14:00,in_va,inside_both,below_week_val,neg,pos
long,2024-04-16 14:50:00-04:00,2024-04-16,2024-04-16 16:55:00-04:00,eod,17936.375,17893.875,17936.25,17851.375,18067.75,46.625,0.8176795580110497,559,-23,329,17897.5,17917.0,-42.5,-850.0,-854.5,17865.0,17910.0,17857.5,18059.136463041694,17684.183071007286,18000.37936587721,17742.91798017704,18280.0,18492.5,18210.0,14:00,above_vah,inside_both,below_week_val,neg,pos
long,2024-04-25 16:45:00-04:00,2024-04-25,2024-04-25 16:55:00-04:00,eod,17824.625,17816.375,17824.5,17759.303571428572,17930.892857142855,41.19642857142857,0.7669902912621359,218,-21,22,17792.25,17813.75,-8.25,-165.0,-169.5,17370.0,17502.5,17317.5,17704.436020702284,17159.034418810617,17658.27625888912,17204.7914386959,18300.0,18332.5,18150.0,16:00,above_vah,outside_both,below_week_val,neg,pos
long,2024-04-17 14:40:00-04:00,2024-04-17,2024-04-17 15:00:00-04:00,sl,17789.375,17677.875,17789.25,17678.0,17931.0,30.5,0.9667673716012085,1570,-5,49,17747.5,17759.0,-111.5,-2230.0,-2234.5,17930.0,17970.0,17732.5,18143.197082425177,17708.707870474816,18080.169236364014,17771.51371643778,18280.0,18492.5,18210.0,14:00,in_va,inside_both,below_week_val,neg,pos
long,2024-04-18 10:40:00-04:00,2024-04-18,2024-04-18 12:45:00-04:00,sl,17703.625,17639.553571428572,17703.5,17639.678571428572,17805.392857142855,38.07142857142857,0.7477477477477478,301,-232,131,17673.25,17692.75,-64.07142857142753,-1281.4285714285506,-1285.9285714285506,17685.0,17732.5,17612.5,17768.654304150932,17567.64846727811,17749.552752267642,17586.73948104502,18280.0,18492.5,18210.0,10:00,in_va,inside_both,below_week_val,neg,pos
long,2024-04-18 10:05:00-04:00,2024-04-18,2024-04-18 13:15:00-04:00,sl,17642.125,17559.946428571428,17642.0,17560.071428571428,17759.107142857145,35.17857142857143,0.8775510204081632,847,26,70,17610.25,17627.5,-82.17857142857247,-1643.5714285714494,-1648.0714285714494,17690.0,17772.5,17620.0,17729.16665632248,17607.114330204942,17730.79212686236,17605.489756419305,18280.0,18492.5,18210.0,10:00,in_va,inside_both,below_week_val,pos,pos
long,2024-04-18 10:30:00-04:00,2024-04-18,2024-04-18 12:50:00-04:00,sl,17676.625,17612.85714285714,17676.5,17612.98214285714,17778.285714285717,38.267857142857146,0.8434782608695652,863,-3,210,17648.25,17670.5,-63.7678571428587,-1275.357142857174,-1279.857142857174,17610.0,17700.0,17582.5,17751.79529141887,17584.49817907801,17744.859449190375,17591.43019487852,18280.0,18492.5,18210.0,10:00,in_va,inside_both,below_week_val,neg,pos
long,2024-04-19 13:50:00-04:00,2024-04-19,2024-04-19 14:00:00-04:00,sl,17332.625,17269.25,17332.5,17269.375,17425.25,29.625,0.8258064516129032,386,2,108,17290.25,17322.0,-63.375,-1267.5,-1272.0,17450.0,17505.0,17295.0,17691.88977041629,17332.43446256038,17644.454739557743,17379.7747830119,18280.0,18492.5,18210.0,13:00,in_va,inside_14_only,below_week_val,pos,pos
long,2024-04-19 12:40:00-04:00,2024-04-19,2024-04-19 14:40:00-04:00,sl,17243.125,17174.446428571428,17243.0,17174.571428571428,17340.607142857145,29.178571428571427,0.8292682926829268,561,-106,45,17223.75,17241.75,-68.67857142857247,-1373.5714285714494,-1378.0714285714494,17450.0,17505.0,17327.5,17662.131841304774,17362.13297597157,17625.70625177071,17398.485836926175,18280.0,18492.5,18210.0,12:00,below_val,outside_both,below_week_val,neg,pos
long,2024-04-19 13:45:00-04:00,2024-04-19,2024-04-19 14:05:00-04:00,sl,17300.875,17238.339285714286,17300.75,17238.464285714286,17392.821428571428,29.785714285714285,0.9407407407407408,396,-2,31,17269.5,17290.0,-62.535714285713766,-1250.7142857142753,-1255.2142857142753,17450.0,17505.0,17295.0,17692.674539947922,17331.651259926475,17643.166016517247,17381.06093294384,18280.0,18492.5,18210.0,13:00,in_va,outside_both,below_week_val,neg,pos
long,2024-04-22 09:45:00-04:00,2024-04-22,2024-04-22 10:05:00-04:00,sl,17327.875,17263.785714285714,17327.75,17263.910714285714,17410.428571428572,18.839285714285715,0.8,1054,-162,92,17284.0,17307.5,-64.08928571428623,-1281.7857142857247,-1286.2857142857247,17290.0,17302.5,17260.0,17325.02717443677,17143.202590618585,17327.31893533847,17140.92534481016,18300.0,18332.5,18150.0,09:00,above_vah,outside_both,below_week_val,neg,pos
long,2024-04-22 13:25:00-04:00,2024-04-22,2024-04-22 13:50:00-04:00,tp,17344.125,17409.375,17344.0,17298.125,17409.5,19.625,0.9439252336448598,838,-23,4,17328.0,17331.5,65.25,1305.0,1300.5,17292.5,17312.5,17225.0,17448.728736808676,17020.284504268933,17398.305089705682,17070.388788239383,18300.0,18332.5,18150.0,13:00,above_vah,inside_both,below_week_val,neg,pos
long,2024-04-22 11:25:00-04:00,2024-04-22,2024-04-22 12:15:00-04:00,tp,17206.125,17286.767857142855,17206.0,17152.303571428572,17286.892857142855,27.196428571428573,0.8739495798319328,1095,-6,6,17185.75,17189.75,80.64285714285506,1612.8571428571013,1608.3571428571013,17285.0,17325.0,17230.0,17385.134895097995,17083.47556812307,17372.066998321876,17096.46069808858,18300.0,18332.5,18150.0,11:00,below_val,inside_both,below_week_val,neg,pos
long,2024-04-22 11:55:00-04:00,2024-04-22,2024-04-22 13:20:00-04:00,tp,17251.375,17313.589285714283,17251.25,17213.01785714286,17313.714285714283,24.232142857142858,0.7941176470588235,287,-6,68,17235.75,17244.75,62.214285714282596,1244.285714285652,1239.785714285652,17285.0,17305.0,17212.5,17396.83467760534,17071.849887339948,17377.93097098649,17090.633865472075,18300.0,18332.5,18150.0,11:00,in_va,inside_both,below_week_val,neg,pos
long,2024-04-22 13:45:00-04:00,2024-04-22,2024-04-22 14:30:00-04:00,tp,17379.625,17444.660714285717,17379.5,17332.98214285714,17444.785714285717,18.767857142857142,0.8688524590163934,928,-14,98,17352.5,17359.25,65.0357142857174,1300.714285714348,1296.214285714348,17292.5,17312.5,17220.0,17455.45203751344,17013.603786251013,17403.541130324946,17065.185910598808,18300.0,18332.5,18150.0,13:00,above_vah,inside_both,below_week_val,neg,pos
long,2024-04-23 10:25:00-04:00,2024-04-23,2024-04-23 16:55:00-04:00,eod,17565.375,17656.375,17565.25,17485.464285714286,17681.821428571428,36.785714285714285,0.7319587628865979,1096,6,80,17515.0,17546.0,91.0,1820.0,1815.5,17502.5,17532.5,17395.0,17482.833721115316,17290.677010443094,17497.802565559086,17275.779668089315,18300.0,18332.5,18150.0,10:00,above_vah,outside_both,below_week_val,pos,pos
long,2024-04-25 16:35:00-04:00,2024-04-25,2024-04-25 16:55:00-04:00,eod,17797.375,17816.375,17797.25,17730.821428571428,17905.607142857145,41.92857142857143,0.8514851485148515,245,-26,9,17767.5,17795.5,19.0,380.0,375.5,17370.0,17500.0,17317.5,17701.03275684103,17162.407989341693,17656.36863028154,17206.68242332628,18300.0,18332.5,18150.0,16:00,above_vah,outside_both,below_week_val,neg,pos
long,2024-04-25 16:00:00-04:00,2024-04-25,2024-04-25 16:55:00-04:00,eod,17782.375,17816.375,17782.25,17506.946428571428,18098.607142857145,41.05357142857143,0.8885416666666667,1793,-207,17,17766.5,17776.25,34.0,680.0,675.5,17370.0,17487.5,17317.5,17689.512454146563,17173.827777892784,17647.681440963912,17215.293817292368,18300.0,18332.5,18150.0,16:00,above_vah,outside_both,below_week_val,neg,pos
long,2024-04-24 15:20:00-04:00,2024-04-24,2024-04-24 16:05:00-04:00,sl,17672.625,17620.5,17672.5,17620.625,17745.75,21.375,0.7894736842105263,276,-157,150,17649.5,17658.5,-52.125,-1042.5,-1047.0,17735.0,17747.5,17627.5,17936.984344154058,17453.39564244312,17874.97566125494,17515.136820450694,18300.0,18332.5,18150.0,15:00,in_va,inside_both,below_week_val,neg,pos
long,2024-04-25 13:35:00-04:00,2024-04-25,2024-04-25 16:00:00-04:00,tp,17546.875,17635.732142857145,17546.75,17481.946428571428,17635.857142857145,24.303571428571427,0.9698795180722891,824,1,31,17474.75,17515.5,88.85714285714494,1777.1428571428987,1772.6428571428987,17370.0,17445.0,17320.0,17657.512041698785,17205.54898812426,17622.20865258798,17240.544356690054,18300.0,18332.5,18150.0,13:00,above_vah,inside_both,below_week_val,pos,pos
long,2024-04-25 10:10:00-04:00,2024-04-25,2024-04-25 13:00:00-04:00,tp,17411.375,17518.375,17411.25,17337.5,17518.5,33.5,0.7923497267759563,951,-21,189,17371.5,17381.5,107.0,2140.0,2135.5,17357.5,17445.0,17310.0,17559.46655953347,17302.739027692893,17568.451059904422,17293.83291669958,18300.0,18332.5,18150.0,10:00,in_va,inside_both,below_week_val,neg,pos
long,2024-04-25 11:25:00-04:00,2024-04-25,2024-04-25 12:55:00-04:00,tp,17406.625,17500.803571428572,17406.5,17341.910714285714,17500.928571428572,29.839285714285715,0.8133333333333334,413,-150,114,17382.25,17395.0,94.17857142857247,1883.5714285714494,1879.0714285714494,17370.0,17430.0,17317.5,17607.216039327308,17255.40616004765,17593.781094909424,17268.72388515583,18300.0,18332.5,18150.0,11:00,in_va,inside_both,below_week_val,neg,pos
long,2024-04-25 15:15:00-04:00,2024-04-25,2024-04-25 15:40:00-04:00,sl,17597.375,17538.26785714286,17597.25,17538.39285714286,17683.464285714283,27.357142857142858,0.837037037037037,641,2,36,17575.25,17583.5,-59.1071428571413,-1182.142857142826,-1186.642857142826,17370.0,17472.5,17317.5,17700.492503978225,17162.94352852161,17645.321215396718,17217.633449993446,18300.0,18332.5,18150.0,15:00,above_vah,inside_both,below_week_val,pos,pos
long,2024-04-26 14:55:00-04:00,2024-04-26,2024-04-26 16:55:00-04:00,eod,17867.875,17836.625,17867.75,17822.23214285714,17929.285714285717,16.017857142857142,0.8416666666666667,817,-86,15,17852.75,17857.75,-31.25,-625.0,-629.5,17827.5,17895.0,17755.0,18018.65962945126,17496.443472213603,17954.474482363472,17560.199013105437,18300.0,18332.5,18150.0,14:00,in_va,inside_both,below_week_val,neg,pos
long,2024-04-29 10:30:00-04:00,2024-04-29,2024-04-29 11:05:00-04:00,sl,17912.125,17862.321428571428,17912.0,17862.446428571428,17992.857142857145,31.303571428571427,0.7912087912087912,979,-1,248,17895.5,17907.0,-49.80357142857247,-996.0714285714494,-1000.5714285714494,17895.0,17930.0,17867.5,18005.399988162986,17753.246771259874,17994.747431818934,17763.848952124743,17875.0,17965.0,17430.0,10:00,in_va,inside_both,in_week_va,neg,pos
long,2024-04-29 13:25:00-04:00,2024-04-29,2024-04-29 14:05:00-04:00,sl,17924.375,17893.696428571428,17924.25,17893.821428571428,17969.607142857145,14.928571428571429,0.9375,489,5,35,17901.25,17913.75,-30.678571428572468,-613.5714285714494,-618.0714285714494,17895.0,17915.0,17870.0,18092.792931145923,17666.26710573239,18036.042448643584,17722.74921765235,17875.0,17965.0,17430.0,13:00,above_vah,inside_both,in_week_va,pos,pos
long,2024-04-29 15:50:00-04:00,2024-04-29,2024-04-29 16:55:00-04:00,eod,17894.375,17911.875,17894.25,17836.0,17976.5,24.0,0.8258064516129032,811,-37,101,17847.75,17871.75,17.5,350.0,345.5,17895.0,17922.5,17860.0,18136.655475988016,17622.61198497172,18061.61746947721,17697.29513998842,17875.0,17965.0,17430.0,15:00,in_va,inside_both,in_week_va,neg,pos
long,2024-04-30 15:45:00-04:00,2024-04-30,2024-04-30 15:50:00-04:00,sl,17705.375,17663.089285714286,17705.25,17663.214285714286,17767.321428571428,20.035714285714285,0.8333333333333334,563,-8,137,17695.25,17704.5,-42.285714285713766,-845.7142857142753,-850.2142857142753,17835.0,17917.5,17735.0,18117.98986994113,17630.637013019063,18054.820657852248,17693.537318652958,17875.0,17965.0,17430.0,15:00,below_val,inside_both,in_week_va,neg,pos
long,2024-05-01 14:25:00-04:00,2024-05-01,2024-05-01 14:40:00-04:00,tp,17559.125,17686.267857142855,17559.0,17462.553571428572,17686.392857142855,30.946428571428573,0.8137931034482758,1220,-18,192,17518.5,17536.75,127.14285714285506,2542.8571428571013,2538.3571428571013,17485.0,17505.0,17445.0,17701.64033905811,17307.6951529959,17632.910874242873,17376.394195253397,17875.0,17965.0,17430.0,14:00,above_vah,inside_both,in_week_va,neg,pos
long,2024-05-01 14:00:00-04:00,2024-05-01,2024-05-01 14:40:00-04:00,tp,17518.125,17622.446428571428,17518.0,17435.339285714286,17622.571428571428,21.910714285714285,0.752895752895753,1087,-62,246,17476.25,17517.5,104.32142857142753,2086.4285714285506,2081.9285714285506,17452.5,17492.5,17432.5,17689.705043278587,17319.6251657105,17625.010000032937,17384.291572203423,17875.0,17965.0,17430.0,14:00,above_vah,inside_both,in_week_va,neg,pos
long,2024-05-02 11:50:00-04:00,2024-05-02,2024-05-02 12:35:00-04:00,sl,17556.375,17493.696428571428,17556.25,17493.821428571428,17648.107142857145,29.428571428571427,0.85,575,-16,53,17514.5,17533.5,-62.67857142857247,-1253.5714285714494,-1258.0714285714494,17500.0,17582.5,17487.5,17693.375508294906,17365.054020157175,17670.64106833989,17387.648495195786,17875.0,17965.0,17430.0,11:00,in_va,inside_both,in_week_va,neg,pos
long,2024-05-03 09:40:00-04:00,2024-05-03,2024-05-03 10:20:00-04:00,sl,17973.125,17900.73214285714,17973.0,17900.85714285714,18075.035714285717,29.892857142857142,0.8524590163934426,548,-67,225,17934.25,17962.25,-72.3928571428587,-1447.857142857174,-1452.357142857174,17932.5,17967.5,17765.0,17999.524359537492,17701.477615966938,17993.58870193027,17707.342372916675,17875.0,17965.0,17430.0,09:00,above_vah,inside_both,above_week_vah,neg,pos
long,2024-05-03 11:30:00-04:00,2024-05-03,2024-05-03 16:55:00-04:00,eod,17978.625,18025.375,17978.5,17910.26785714286,18082.964285714283,36.232142857142854,0.9769230769230769,867,-3,6,17926.25,17949.75,46.75,935.0,930.5,17935.0,17985.0,17905.0,18059.25266698184,17642.46275538027,18042.23296443367,17659.27915979693,17875.0,17965.0,17430.0,11:00,in_va,inside_both,above_week_vah,neg,pos
long,2024-05-03 14:05:00-04:00,2024-05-03,2024-05-03 16:55:00-04:00,eod,18013.125,18025.375,18013.0,17979.625,18062.25,15.875,0.7916666666666666,738,-51,14,17997.0,18004.75,12.25,245.0,240.5,17935.0,17995.0,17915.0,18101.4195500703,17600.799550221505,18079.177227146698,17622.776191493034,17875.0,17965.0,17430.0,14:00,above_vah,inside_both,above_week_vah,neg,pos
long,2024-05-03 12:35:00-04:00,2024-05-03,2024-05-03 12:55:00-04:00,sl,18004.375,17965.071428571428,18004.25,17965.196428571428,18062.357142857145,19.053571428571427,0.782608695652174,417,-10,129,17984.5,17998.75,-39.30357142857247,-786.0714285714494,-790.5714285714494,17935.0,17990.0,17905.0,18097.052236353436,17605.114696944507,18058.95668222672,17642.755204636018,17875.0,17965.0,17430.0,12:00,above_vah,inside_both,above_week_vah,neg,pos
long,2024-05-06 12:55:00-04:00,2024-05-06,2024-05-06 15:45:00-04:00,tp,18117.625,18164.410714285717,18117.5,18083.85714285714,18164.535714285717,13.392857142857142,0.891566265060241,383,-27,27,18108.25,18117.0,46.785714285717404,935.7142857143481,931.2142857143481,18097.5,18115.0,18062.5,18204.19531442092,17895.905175036627,18181.195460470935,17918.842993611415,17732.5,17802.5,17362.5,12:00,above_vah,inside_both,above_week_vah,neg,pos
long,2024-05-06 11:40:00-04:00,2024-05-06,2024-05-06 12:15:00-04:00,sl,18111.375,18088.839285714286,18111.25,18088.964285714286,18147.571428571428,14.035714285714286,0.725,365,-32,85,18094.5,18111.0,-22.535714285713766,-450.7142857142753,-455.2142857142753,18097.5,18112.5,18055.0,18170.891484409553,17929.119177712804,18161.47265405906,17938.512603524818,17732.5,17802.5,17362.5,11:00,in_va,inside_both,above_week_vah,neg,pos
long,2024-05-06 13:40:00-04:00,2024-05-06,2024-05-06 15:50:00-04:00,tp,18127.875,18168.375,18127.75,18100.375,18168.5,13.375,0.7230769230769231,290,-105,149,18108.0,18119.25,40.5,810.0,805.5,18097.5,18120.0,18070.0,18207.094012870963,17893.014294977358,18195.92258252679,17904.155593657462,17732.5,17802.5,17362.5,13:00,above_vah,inside_both,above_week_vah,neg,pos
long,2024-05-06 15:35:00-04:00,2024-05-06,2024-05-06 15:55:00-04:00,tp,18149.625,18187.410714285717,18149.5,18122.73214285714,18187.535714285717,11.267857142857142,0.8333333333333334,337,-10,108,18145.25,18148.25,37.785714285717404,755.7142857143481,751.2142857143481,18097.5,18122.5,18050.0,18237.37800127686,17862.811988767662,18220.897407427048,17879.248131038563,17732.5,17802.5,17362.5,15:00,above_vah,inside_both,above_week_vah,neg,pos
long,2024-05-07 10:55:00-04:00,2024-05-07,2024-05-07 13:45:00-04:00,sl,18250.375,18212.375,18250.25,18212.5,18306.75,18.75,0.8048780487804879,1043,-27,168,18226.5,18236.0,-38.0,-760.0,-764.5,18192.5,18220.0,18180.0,18295.82630118963,18101.043286414493,18295.281578046088,18101.587239340675,17732.5,17802.5,17362.5,10:00,above_vah,inside_both,above_week_vah,neg,pos
long,2024-05-07 15:05:00-04:00,2024-05-07,2024-05-07 16:55:00-04:00,eod,18203.625,18197.625,18203.5,18174.89285714286,18248.714285714283,16.607142857142858,0.7547169811320755,295,-43,88,18185.75,18197.75,-6.0,-120.0,-124.5,18192.5,18235.0,18165.0,18343.674115658083,18053.263126896833,18355.73216119933,18041.22213096353,17732.5,17802.5,17362.5,15:00,in_va,inside_both,above_week_vah,neg,pos
long,2024-05-08 10:20:00-04:00,2024-05-08,2024-05-08 13:00:00-04:00,sl,18194.375,18148.303571428572,18194.25,18148.428571428572,18260.892857142855,20.821428571428573,0.7804878048780488,1265,-1,243,18162.25,18179.0,-46.07142857142753,-921.4285714285506,-925.9285714285506,18162.5,18215.0,18117.5,18270.51431153196,18011.1925209112,18263.99076346858,18017.675112517532,17732.5,17802.5,17362.5,10:00,in_va,inside_both,above_week_vah,neg,pos
long,2024-05-08 10:40:00-04:00,2024-05-08,2024-05-08 11:15:00-04:00,sl,18218.875,18175.410714285714,18218.75,18175.535714285714,18283.678571428572,21.714285714285715,0.7373737373737373,716,-41,254,18201.25,18213.5,-43.464285714286234,-869.2857142857247,-873.7857142857247,18197.5,18215.0,18127.5,18265.89627886748,18015.78156041818,18275.230511162034,18006.505930755255,17732.5,17802.5,17362.5,10:00,above_vah,inside_both,above_week_vah,neg,pos
long,2024-05-09 10:50:00-04:00,2024-05-09,2024-05-09 11:55:00-04:00,sl,18220.125,18173.660714285714,18220.0,18173.785714285714,18292.928571428572,26.714285714285715,0.7325581395348837,366,-144,102,18204.25,18213.5,-46.464285714286234,-929.2857142857247,-933.7857142857247,18160.0,18182.5,18125.0,18254.819553289126,18092.77775977591,18270.161112165897,18077.458133379147,17732.5,17802.5,17362.5,10:00,above_vah,inside_both,above_week_vah,neg,pos
long,2024-05-09 16:05:00-04:00,2024-05-09,2024-05-09 16:55:00-04:00,eod,18226.125,18220.625,18226.0,18200.48214285714,18264.535714285717,13.017857142857142,0.9423076923076923,759,-15,1,18215.75,18218.0,-5.5,-110.0,-114.5,18215.0,18232.5,18167.5,18347.795032222162,17999.935199723503,18339.04356350177,18008.67415723729,17732.5,17802.5,17362.5,16:00,in_va,inside_both,above_week_vah,neg,pos
long,2024-05-10 12:45:00-04:00,2024-05-10,2024-05-10 13:45:00-04:00,sl,18248.625,18207.553571428572,18248.5,18207.678571428572,18307.642857142855,18.321428571428573,0.8235294117647058,870,-18,210,18226.5,18243.5,-41.07142857142753,-821.4285714285506,-825.9285714285506,18227.5,18290.0,18212.5,18361.118002620424,18134.136313597213,18378.10111696316,18117.20291930413,17732.5,17802.5,17362.5,12:00,in_va,inside_both,above_week_vah,neg,pos
long,2024-05-10 15:50:00-04:00,2024-05-10,2024-05-10 16:55:00-04:00,eod,18265.125,18239.125,18265.0,18232.10714285714,18310.535714285717,12.642857142857142,0.8488372093023255,743,-87,56,18259.5,18263.0,-26.0,-520.0,-524.5,18227.5,18275.0,18215.0,18367.098183852624,18128.173640043628,18416.32146158031,18079.094469207248,17732.5,17802.5,17362.5,15:00,in_va,inside_both,above_week_vah,neg,pos
long,2024-05-13 11:50:00-04:00,2024-05-13,2024-05-13 13:05:00-04:00,sl,18295.125,18267.946428571428,18295.0,18268.071428571428,18336.857142857145,14.928571428571429,0.8627450980392157,220,-32,25,18283.5,18288.0,-27.178571428572468,-543.5714285714494,-548.0714285714494,18292.5,18310.0,18272.5,18389.03565874375,18182.253398407574,18425.018601927706,18146.452021208563,17900.0,18027.5,17570.0,11:00,in_va,inside_both,above_week_vah,neg,pos
long,2024-05-14 10:20:00-04:00,2024-05-14,2024-05-14 16:55:00-04:00,eod,18343.625,18410.375,18343.5,18264.678571428572,18446.392857142855,24.071428571428573,0.9642857142857143,2077,-20,68,18303.25,18314.5,66.75,1335.0,1330.5,18285.0,18312.5,18272.5,18341.331844403718,18218.953710073576,18354.219991108734,18206.073844880306,17900.0,18027.5,17570.0,10:00,above_vah,inside_90_only,above_week_vah,neg,pos
long,2024-05-14 14:10:00-04:00,2024-05-14,2024-05-14 15:50:00-04:00,tp,18375.875,18431.160714285717,18375.75,18333.48214285714,18431.285714285717,13.267857142857142,0.8740157480314961,1179,-38,56,18364.0,18370.75,55.285714285717404,1105.714285714348,1101.214285714348,18305.0,18335.0,18277.5,18345.2496004182,18215.038471484073,18412.719926367183,18147.61149981322,17900.0,18027.5,17570.0,14:00,above_vah,inside_90_only,above_week_vah,neg,pos
long,2024-05-14 13:40:00-04:00,2024-05-14,2024-05-14 14:10:00-04:00,tp,18337.625,18377.017857142855,18337.5,18309.678571428572,18377.142857142855,11.821428571428571,0.8732394366197183,489,-4,15,18325.0,18334.75,39.392857142855064,787.8571428571013,783.3571428571013,18305.0,18327.5,18272.5,18344.484656693825,18215.802923680025,18408.398679874637,18151.929969610683,17900.0,18027.5,17570.0,13:00,above_vah,inside_both,above_week_vah,neg,pos
long,2024-05-15 12:25:00-04:00,2024-05-15,2024-05-15 13:15:00-04:00,tp,18612.375,18650.910714285717,18612.25,18586.35714285714,18651.035714285717,12.892857142857142,0.7192982456140351,1008,-25,218,18596.25,18603.5,38.535714285717404,770.7142857143481,766.2142857143481,18510.0,18585.0,18455.0,18554.7105204671,18365.53129273835,18614.190394849247,18306.369552696073,17900.0,18027.5,17570.0,12:00,above_vah,inside_90_only,above_week_vah,neg,pos
long,2024-05-15 12:50:00-04:00,2024-05-15,2024-05-15 13:35:00-04:00,tp,18625.125,18657.482142857145,18625.0,18604.821428571428,18657.607142857145,12.428571428571429,0.7894736842105263,356,-9,135,18617.25,18623.25,32.357142857144936,647.1428571428987,642.6428571428987,18510.0,18590.0,18455.0,18556.123906581193,18364.125466267968,18616.318483148058,18304.25284670049,17900.0,18027.5,17570.0,12:00,above_vah,outside_both,above_week_vah,neg,pos
long,2024-05-15 13:50:00-04:00,2024-05-15,2024-05-15 16:55:00-04:00,eod,18677.875,18694.375,18677.75,18648.035714285714,18719.928571428572,12.464285714285714,0.8767123287671232,514,-14,78,18667.0,18670.25,16.5,330.0,325.5,18510.0,18597.5,18455.0,18554.695325344535,18365.546406588208,18634.997054420608,18285.67417972335,17900.0,18027.5,17570.0,13:00,above_vah,outside_both,above_week_vah,neg,pos
long,2024-05-17 10:20:00-04:00,2024-05-17,2024-05-17 12:45:00-04:00,sl,18652.125,18614.535714285714,18652.0,18614.660714285714,18707.178571428572,17.839285714285715,0.9058823529411765,791,0,148,18636.75,18642.25,-37.589285714286234,-751.7857142857247,-756.2857142857247,18655.0,18662.5,18632.5,18687.4071479083,18602.61866047412,18720.069477387253,18569.979971749945,17900.0,18027.5,17570.0,10:00,in_va,inside_both,above_week_vah,zero,pos
long,2024-05-17 11:50:00-04:00,2024-05-17,2024-05-17 14:00:00-04:00,sl,18643.125,18605.910714285714,18643.0,18606.035714285714,18695.678571428572,15.714285714285714,0.8736842105263158,365,-13,19,18631.5,18637.75,-37.214285714286234,-744.2857142857247,-748.7857142857247,18650.0,18665.0,18632.5,18697.17572347289,18592.85715533295,18743.941171378683,18546.125555915736,17900.0,18027.5,17570.0,11:00,in_va,inside_both,above_week_vah,neg,pos
long,2024-05-20 12:40:00-04:00,2024-05-20,2024-05-20 13:25:00-04:00,sl,18777.625,18753.51785714286,18777.5,18753.64285714286,18812.964285714283,11.607142857142858,0.7758620689655172,492,-51,134,18765.75,18772.0,-24.107142857141298,-482.14285714282596,-486.64285714282596,18742.5,18767.5,18690.0,18688.371560968837,18587.899969199247,18746.187100957326,18530.111565376767,18200.0,18260.0,18155.0,12:00,above_vah,outside_both,above_week_vah,neg,pos
long,2024-05-20 12:35:00-04:00,2024-05-20,2024-05-20 13:40:00-04:00,sl,18766.375,18738.26785714286,18766.25,18738.39285714286,18805.464285714283,11.357142857142858,0.8904109589041096,647,-3,49,18759.25,18762.5,-28.107142857141298,-562.142857142826,-566.642857142826,18742.5,18765.0,18687.5,18688.671634286267,18587.60003672352,18744.27905624013,18532.01871453858,18200.0,18260.0,18155.0,12:00,above_vah,outside_both,above_week_vah,neg,pos
long,2024-05-20 14:25:00-04:00,2024-05-20,2024-05-20 16:55:00-04:00,eod,18750.125,18745.125,18750.0,18716.01785714286,18799.714285714283,15.732142857142858,0.8571428571428571,605,-7,24,18742.25,18748.75,-5.0,-100.0,-104.5,18745.0,18792.5,18710.0,18722.222650097276,18554.064768338467,18771.504326926217,18504.80622224158,18200.0,18260.0,18155.0,14:00,in_va,inside_90_only,above_week_vah,neg,pos
long,2024-05-20 15:25:00-04:00,2024-05-20,2024-05-20 15:45:00-04:00,sl,18779.125,18754.964285714286,18779.0,18755.089285714286,18814.321428571428,11.410714285714286,0.7450980392156863,355,-8,11,18770.5,18774.5,-24.160714285713766,-483.2142857142753,-487.7142857142753,18745.0,18790.0,18722.5,18718.23245910059,18558.05308650848,18791.263197091903,18485.05662605277,18200.0,18260.0,18155.0,15:00,in_va,inside_90_only,above_week_vah,neg,pos
long,2024-05-21 09:50:00-04:00,2024-05-21,2024-05-21 13:55:00-04:00,tp,18717.625,18775.410714285717,18717.5,18676.48214285714,18775.535714285717,17.017857142857142,0.7523809523809524,757,24,128,18704.5,18714.0,57.785714285717404,1155.714285714348,1151.214285714348,18705.0,18737.5,18680.0,18795.361219665792,18636.04717191422,18792.009069191427,18639.388726908895,18200.0,18260.0,18155.0,09:00,in_va,inside_both,above_week_vah,pos,pos
long,2024-05-21 10:25:00-04:00,2024-05-21,2024-05-21 13:55:00-04:00,tp,18730.875,18773.375,18730.75,18705.625,18773.5,17.625,0.8787878787878788,427,-7,64,18714.5,18725.0,42.5,850.0,845.5,18705.0,18722.5,18680.0,18792.96301714306,18638.43779419665,18818.671156508004,18612.810913137535,18200.0,18260.0,18155.0,10:00,above_vah,inside_both,above_week_vah,neg,pos
long,2024-05-21 11:20:00-04:00,2024-05-21,2024-05-21 11:50:00-04:00,sl,18762.625,18737.821428571428,18762.5,18737.946428571428,18799.857142857145,12.803571428571429,0.8823529411764706,396,-1,157,18746.75,18758.75,-24.803571428572468,-496.07142857144936,-500.57142857144936,18750.0,18760.0,18707.5,18793.781370432265,18637.622027559122,18831.29533061572,18600.226641528636,18200.0,18260.0,18155.0,11:00,above_vah,inside_both,above_week_vah,neg,pos
long,2024-05-22 15:30:00-04:00,2024-05-22,2024-05-22 16:20:00-04:00,sl_conflict,18774.875,18715.25,18774.75,18715.375,18858.5,24.375,0.7714285714285715,696,-37,159,18750.25,18759.5,-59.625,-1192.5,-1197.0,18810.0,18837.5,18760.0,18885.349642342746,18721.18749111453,18962.108812359766,18644.46505236681,18200.0,18260.0,18155.0,15:00,in_va,inside_both,above_week_vah,neg,pos
long,2024-05-22 14:45:00-04:00,2024-05-22,2024-05-22 16:20:00-04:00,tp,18730.625,18826.875,18730.5,18664.5,18827.0,30.5,0.8717948717948718,688,1,92,18705.0,18711.5,96.25,1925.0,1920.5,18810.0,18837.5,18777.5,18887.602610540773,18718.93560102068,18946.561724036255,18660.004701002166,18200.0,18260.0,18155.0,14:00,below_val,inside_both,above_week_vah,pos,pos
long,2024-05-27 11:45:00-04:00,2024-05-27,2024-05-27 16:55:00-04:00,eod,18938.125,,18938.0,18923.0,18960.5,7.5,0.7142857142857143,205,-20,44,18921.5,18933.5,,,,18880.0,18910.0,18857.5,18944.328785739395,18805.449762514345,18970.382898046566,18779.407035684508,18690.0,18762.5,18362.5,11:00,above_vah,inside_both,above_week_vah,neg,pos
long,2024-05-24 13:50:00-04:00,2024-05-24,2024-05-24 14:55:00-04:00,sl,18900.375,18873.35714285714,18900.25,18873.48214285714,18941.535714285717,14.517857142857142,0.7678571428571429,482,1,21,18884.25,18896.5,-27.017857142858702,-540.357142857174,-544.857142857174,18895.0,18917.5,18760.0,18857.313665567955,18591.820140887387,18889.353736647205,18559.909427181818,18200.0,18260.0,18155.0,13:00,in_va,outside_both,above_week_vah,pos,pos
long,2024-05-28 10:40:00-04:00,2024-05-28,2024-05-28 14:30:00-04:00,sl,18911.625,18853.23214285714,18911.5,18853.35714285714,18996.535714285717,26.892857142857142,0.8235294117647058,996,-30,122,18894.0,18903.0,-58.3928571428587,-1167.857142857174,-1172.357142857174,18917.5,18932.5,18880.0,18997.49522802441,18873.58000538085,19027.96481231704,18843.15945990309,18690.0,18762.5,18362.5,10:00,in_va,inside_both,above_week_vah,neg,pos
long,2024-05-28 12:10:00-04:00,2024-05-28,2024-05-28 13:00:00-04:00,sl,18935.125,18904.339285714286,18935.0,18904.464285714286,18977.821428571428,12.285714285714286,0.922077922077922,760,-19,40,18917.75,18929.75,-30.785714285713766,-615.7142857142753,-620.2142857142753,18917.5,18932.5,18887.5,19010.197598042632,18860.8980790013,19048.113411645903,18823.04328843484,18690.0,18762.5,18362.5,12:00,above_vah,inside_both,above_week_vah,neg,pos
long,2024-06-05 10:25:00-04:00,2024-06-05,2024-06-05 11:15:00-04:00,tp,18891.875,18966.339285714283,18891.75,18845.64285714286,18966.464285714283,28.607142857142858,0.7848101265822784,204,7,107,18867.75,18879.75,74.4642857142826,1489.285714285652,1484.785714285652,18832.5,18860.0,18787.5,18923.07286657162,18632.738042123638,18922.259481745394,18633.54528840002,18747.5,18855.0,18680.0,10:00,above_vah,inside_both,above_week_vah,pos,pos
long,2024-05-29 13:25:00-04:00,2024-05-29,2024-05-29 13:35:00-04:00,sl,18851.625,18817.839285714286,18851.5,18817.964285714286,18901.571428571428,16.535714285714285,0.7945205479452054,496,-55,34,18837.75,18847.75,-33.785714285713766,-675.7142857142753,-680.2142857142753,18840.0,18875.0,18812.5,19033.547288029476,18683.014538049385,19069.842367406924,18647.07426004682,18690.0,18762.5,18362.5,13:00,in_va,inside_both,above_week_vah,neg,pos
long,2024-06-05 10:20:00-04:00,2024-06-05,2024-06-05 11:15:00-04:00,tp,18876.375,18972.053571428572,18876.25,18808.035714285714,18972.178571428572,27.714285714285715,0.8118279569892473,991,-11,-103,18859.5,18865.5,95.67857142857247,1913.5714285714494,1909.0714285714494,18832.5,18857.5,18787.5,18908.21524064428,18647.4835387433,18916.922799457352,18638.841695176132,18747.5,18855.0,18680.0,10:00,above_vah,inside_both,above_week_vah,neg,neg
long,2024-05-29 15:20:00-04:00,2024-05-29,2024-05-29 15:50:00-04:00,sl,18854.125,18816.446428571428,18854.0,18816.571428571428,18908.107142857145,16.678571428571427,0.9195402298850575,380,4,33,18833.0,18846.5,-37.67857142857247,-753.5714285714494,-758.0714285714494,18830.0,18872.5,18817.5,19091.431938134,18625.695737470305,19109.803932127797,18607.503338309743,18690.0,18762.5,18362.5,15:00,in_va,inside_both,above_week_vah,pos,pos
long,2024-05-30 11:30:00-04:00,2024-05-30,2024-05-30 15:20:00-04:00,sl,18688.875,18645.5,18688.75,18645.625,18756.0,24.125,0.725,463,-56,40,18668.0,18682.75,-43.375,-867.5,-872.0,18720.0,18760.0,18680.0,18822.30096261655,18689.25424287924,18853.228583565044,18658.35628910868,18690.0,18762.5,18362.5,11:00,in_va,inside_90_only,in_week_va,neg,pos
long,2024-05-30 12:30:00-04:00,2024-05-30,2024-05-30 14:15:00-04:00,sl,18701.375,18665.0,18701.25,18665.125,18754.25,16.875,0.782051282051282,287,-34,4,18684.0,18698.5,-36.375,-727.5,-732.0,18685.0,18740.0,18657.5,18821.470027085423,18690.084381339282,18866.752468461324,18644.845376936686,18690.0,18762.5,18362.5,12:00,in_va,inside_both,in_week_va,neg,pos
long,2024-05-31 14:40:00-04:00,2024-05-31,2024-05-31 15:30:00-04:00,tp,18362.125,18435.089285714283,18362.0,18307.39285714286,18435.214285714283,18.607142857142858,0.8627450980392157,528,-10,29,18328.25,18345.5,72.9642857142826,1459.285714285652,1454.785714285652,18335.0,18537.5,18242.5,18732.218421601217,18465.823579824955,18741.75537976295,18456.28969777057,18690.0,18762.5,18362.5,14:00,in_va,outside_both,below_week_val,neg,pos
long,2024-06-04 14:20:00-04:00,2024-06-04,2024-06-04 15:00:00-04:00,sl,18723.375,18664.928571428572,18723.25,18665.053571428572,18804.392857142855,22.946428571428573,0.8343949044585988,701,-41,180,18697.0,18709.75,-58.44642857142753,-1168.9285714285506,-1173.4285714285506,18625.0,18637.5,18585.0,18812.218975213244,18487.977905650143,18800.5278697321,18499.65366292384,18747.5,18855.0,18680.0,14:00,above_vah,inside_both,in_week_va,neg,pos
long,2024-06-04 12:25:00-04:00,2024-06-04,2024-06-04 14:15:00-04:00,tp,18607.875,18674.125,18607.75,18562.5,18674.25,21.25,0.7391304347826086,439,3,127,18586.75,18606.5,66.25,1325.0,1320.5,18600.0,18632.5,18580.0,18801.638188088305,18498.54480220537,18772.963820143472,18527.181526135435,18747.5,18855.0,18680.0,12:00,in_va,inside_both,below_week_val,pos,pos
long,2024-06-04 15:40:00-04:00,2024-06-04,2024-06-04 16:55:00-04:00,eod,18694.125,18706.375,18694.0,18629.678571428572,18785.642857142855,27.321428571428573,0.9735099337748344,583,-9,8,18654.25,18677.25,12.25,245.0,240.5,18625.0,18652.5,18580.0,18800.093464226273,18500.087498137513,18816.186893565093,18484.015196423647,18747.5,18855.0,18680.0,15:00,above_vah,inside_both,in_week_va,neg,pos
long,2024-06-05 11:00:00-04:00,2024-06-05,2024-06-05 13:05:00-04:00,tp,18943.375,19020.160714285717,18943.25,18893.73214285714,19020.285714285717,27.517857142857142,0.8787878787878788,701,-6,110,18920.0,18929.5,76.7857142857174,1535.714285714348,1531.214285714348,18832.5,18862.5,18735.0,18940.023206334252,18615.915625211666,18936.044494174774,18619.864310350535,18747.5,18855.0,18680.0,11:00,above_vah,outside_both,above_week_vah,neg,pos
long,2024-06-05 11:10:00-04:00,2024-06-05,2024-06-05 14:30:00-04:00,tp,18959.125,19036.660714285717,18959.0,18906.10714285714,19036.785714285717,24.892857142857142,0.8699186991869918,693,2,125,18943.0,18948.5,77.5357142857174,1550.714285714348,1546.214285714348,18832.5,18862.5,18727.5,18953.00083502364,18603.035937642035,18937.667444878312,18618.2536079254,18747.5,18855.0,18680.0,11:00,above_vah,outside_both,above_week_vah,pos,pos
long,2024-06-07 12:50:00-04:00,2024-06-07,2024-06-07 14:00:00-04:00,sl,19123.375,19074.303571428572,19123.25,19074.428571428572,19189.892857142855,17.821428571428573,0.937007874015748,403,-14,11,19103.75,19115.0,-49.07142857142753,-981.4285714285506,-985.9285714285506,19090.0,19097.5,19022.5,19211.471128877274,18898.489936694637,19186.86330585159,18923.06130416416,18747.5,18855.0,18680.0,12:00,above_vah,inside_both,above_week_vah,neg,pos
long,2024-06-07 11:20:00-04:00,2024-06-07,2024-06-07 13:20:00-04:00,tp,19061.625,19149.910714285717,19061.5,18999.35714285714,19150.035714285717,26.392857142857142,0.8551724137931035,781,-93,18,19039.5,19044.0,88.2857142857174,1765.714285714348,1761.214285714348,19030.0,19080.0,19000.0,19184.63418617662,18925.287121482907,19162.646741164717,18947.241992929252,18747.5,18855.0,18680.0,11:00,in_va,inside_both,above_week_vah,neg,pos
long,2024-06-07 12:55:00-04:00,2024-06-07,2024-06-07 14:00:00-04:00,sl,19141.875,19104.410714285714,19141.75,19104.535714285714,19197.178571428572,18.214285714285715,0.7934782608695652,386,-34,135,19107.75,19127.5,-37.464285714286234,-749.2857142857247,-753.7857142857247,19090.0,19097.5,19020.0,19214.512223007005,18895.45334783048,19189.692234373495,18920.236566592528,18747.5,18855.0,18680.0,12:00,above_vah,inside_both,above_week_vah,neg,pos
long,2024-06-07 14:40:00-04:00,2024-06-07,2024-06-07 15:10:00-04:00,sl,19067.875,19019.410714285714,19067.75,19019.535714285714,19143.428571428572,27.464285714285715,0.8152173913043478,315,-15,53,19044.0,19056.5,-48.464285714286234,-969.2857142857247,-973.7857142857247,19037.5,19095.0,19005.0,19226.788828871,18883.194929292284,19216.942791417707,18893.026380214655,18747.5,18855.0,18680.0,14:00,in_va,inside_both,above_week_vah,neg,pos
long,2024-06-10 10:25:00-04:00,2024-06-10,2024-06-10 11:30:00-04:00,tp,19034.875,19095.946428571428,19034.75,18995.464285714286,19096.071428571428,22.035714285714285,0.8125,831,-43,170,19017.25,19023.75,61.07142857142753,1221.4285714285506,1216.9285714285506,19000.0,19022.5,18990.0,19098.579510662912,18920.569498135843,19105.06334976051,18914.099798596195,18915.0,18952.5,18607.5,10:00,above_vah,inside_both,above_week_vah,neg,pos
long,2024-06-10 15:10:00-04:00,2024-06-10,2024-06-10 16:55:00-04:00,eod,19121.125,19107.625,19121.0,19065.589285714286,19199.821428571428,23.410714285714285,0.7857142857142857,1128,-57,159,19095.75,19101.5,-13.5,-270.0,-274.5,19105.0,19117.5,19025.0,,,19188.89126134206,18830.454693773907,18915.0,18952.5,18607.5,15:00,above_vah,inside_90_only,above_week_vah,neg,pos
long,2024-06-11 10:35:00-04:00,2024-06-11,2024-06-11 13:50:00-04:00,tp,19091.875,19161.232142857145,19091.75,19050.571428571428,19161.357142857145,28.428571428571427,0.7592592592592593,284,-81,52,19056.75,19087.5,69.35714285714494,1387.1428571428987,1382.6428571428987,19060.0,19090.0,19047.5,19192.056750550644,18973.91275519126,19186.928114294027,18979.028038245444,18915.0,18952.5,18607.5,10:00,above_vah,inside_both,above_week_vah,neg,pos
long,2024-06-11 15:55:00-04:00,2024-06-11,2024-06-11 16:55:00-04:00,eod,19242.625,19247.375,19242.5,19202.76785714286,19299.964285714283,17.732142857142858,0.7962962962962963,1202,1,98,19219.25,19222.5,4.75,95.0,90.5,19060.0,19140.0,19042.5,19211.250316872585,18954.769162305467,19257.816685047383,18908.32403691523,18915.0,18952.5,18607.5,15:00,above_vah,inside_90_only,above_week_vah,pos,pos
long,2024-06-11 15:50:00-04:00,2024-06-11,2024-06-11 16:55:00-04:00,eod,19220.875,19247.375,19220.75,19172.660714285714,19286.178571428572,17.339285714285715,0.7751937984496124,892,-106,124,19197.75,19208.0,26.5,530.0,525.5,19060.0,19135.0,19042.5,19218.022116700642,18948.014993911853,19257.5700594273,18908.57002040714,18915.0,18952.5,18607.5,15:00,above_vah,inside_90_only,above_week_vah,neg,pos
long,2024-06-12 14:55:00-04:00,2024-06-12,2024-06-12 15:30:00-04:00,sl,19517.625,19440.23214285714,19517.5,19440.35714285714,19633.785714285717,39.142857142857146,0.7052631578947368,621,31,286,19488.5,19514.25,-77.3928571428587,-1547.857142857174,-1552.357142857174,19507.5,19545.0,19467.5,19541.52117015787,19109.08985039616,19559.92611595025,19090.831464964827,18915.0,18952.5,18607.5,14:00,in_va,inside_both,above_week_vah,pos,pos
long,2024-06-12 16:15:00-04:00,2024-06-12,2024-06-12 16:55:00-04:00,eod,19557.125,19610.125,19557.0,19429.303571428572,19731.142857142855,46.44642857142857,0.8945868945868946,597,-10,37,19495.25,19530.75,53.0,1060.0,1055.5,19507.5,19540.0,19465.0,19518.194571754197,19132.23069684368,19570.454114878787,19080.387301508636,18915.0,18952.5,18607.5,16:00,above_vah,inside_90_only,above_week_vah,neg,pos
long,2024-06-13 11:40:00-04:00,2024-06-13,2024-06-13 12:00:00-04:00,sl,19606.125,19566.535714285714,19606.0,19566.660714285714,19669.928571428572,24.589285714285715,0.8028169014084507,455,1,126,19591.5,19595.25,-39.589285714286234,-791.7857142857247,-796.2857142857247,19637.5,19660.0,19582.5,19760.57609278742,19486.59101182301,19734.78248309334,19512.349812770386,18915.0,18952.5,18607.5,11:00,in_va,inside_both,above_week_vah,pos,pos
long,2024-06-18 12:50:00-04:00,2024-06-18,2024-06-18 14:00:00-04:00,sl,20193.125,20162.071428571428,20193.0,20162.196428571428,20236.857142857145,13.053571428571429,0.9078947368421053,408,-9,-8,20178.5,20183.5,-31.053571428572468,-621.0714285714494,-625.5714285714494,20177.5,20212.5,20170.0,20305.970332836147,20072.555178715633,20313.662600411168,20064.86462548596,19065.0,19155.0,18665.0,12:00,in_va,inside_both,above_week_vah,neg,neg
long,2024-06-18 14:55:00-04:00,2024-06-18,2024-06-18 16:55:00-04:00,eod,20200.375,20209.875,20200.25,20168.428571428572,20248.892857142855,16.821428571428573,0.7164179104477612,423,-29,56,20181.5,20192.25,9.5,190.0,185.5,20187.5,20212.5,20172.5,20312.716296594026,20065.8107184041,20352.34479924697,20026.191047599306,19065.0,19155.0,18665.0,14:00,in_va,inside_both,above_week_vah,neg,pos
long,2024-06-28 10:10:00-04:00,2024-06-28,2024-06-28 10:35:00-04:00,sl,20264.125,20204.39285714286,20264.0,20204.51785714286,20352.714285714283,29.232142857142858,0.967479674796748,1103,-9,8,20235.0,20247.75,-59.7321428571413,-1194.642857142826,-1199.142857142826,20132.5,20140.0,20062.5,20117.809443410035,20020.197628079477,20132.62585134001,20005.383434804036,19097.5,19565.0,18972.5,10:00,above_vah,outside_both,above_week_vah,neg,pos
long,2024-06-20 10:55:00-04:00,2024-06-20,2024-06-20 11:50:00-04:00,sl,20216.125,20155.785714285714,20216.0,20155.910714285714,20306.178571428572,30.089285714285715,0.8925619834710744,716,50,7,20187.5,20195.5,-60.339285714286234,-1206.7857142857247,-1211.2857142857247,20232.5,20282.5,20160.0,20311.645488685925,20165.152519338382,20335.988062838416,20140.8276799188,19065.0,19155.0,18665.0,10:00,in_va,inside_both,above_week_vah,pos,pos
long,2024-06-28 10:00:00-04:00,2024-06-28,2024-06-28 10:55:00-04:00,sl,20219.625,20119.625,20219.5,20119.75,20347.5,28.25,0.9531772575250836,1533,-4,271,20160.0,20175.5,-100.0,-2000.0,-2004.5,20132.5,20140.0,20080.0,20114.419347438175,20023.587217323155,20123.522684992484,20014.485240473,19097.5,19565.0,18972.5,10:00,above_vah,outside_both,above_week_vah,neg,pos
long,2024-06-20 14:00:00-04:00,2024-06-20,2024-06-20 15:00:00-04:00,sl,20064.125,19995.339285714286,20064.0,19995.464285714286,20166.071428571428,33.535714285714285,0.8723404255319149,433,-10,3,20027.5,20046.5,-68.78571428571377,-1375.7142857142753,-1380.2142857142753,20212.5,20342.5,20120.0,20362.254067907,20114.580810894804,20380.62028739642,20096.22797207725,19065.0,19155.0,18665.0,14:00,below_val,outside_both,above_week_vah,neg,pos
long,2024-06-27 09:35:00-04:00,2024-06-27,2024-06-27 09:50:00-04:00,sl,20093.375,20023.26785714286,20093.25,20023.39285714286,20184.714285714283,21.607142857142858,0.7654867256637168,1503,-79,325,20068.0,20072.75,-70.1071428571413,-1402.142857142826,-1406.642857142826,19992.5,20007.5,19927.5,20012.02184638394,19932.267718802254,20020.021631919142,19924.282639858604,19097.5,19565.0,18972.5,09:00,above_vah,outside_both,above_week_vah,neg,pos
long,2024-06-21 13:50:00-04:00,2024-06-21,2024-06-21 16:55:00-04:00,eod,19987.875,20009.625,19987.75,19946.39285714286,20049.464285714283,20.357142857142858,0.8602150537634409,322,-17,124,19973.75,19983.75,21.75,435.0,430.5,20005.0,20027.5,19952.5,20174.78054719235,19895.940199309385,20188.736157804913,19882.009989738403,19065.0,19155.0,18665.0,13:00,in_va,inside_both,above_week_vah,neg,pos
long,2024-06-25 11:10:00-04:00,2024-06-25,2024-06-25 12:55:00-04:00,sl,19921.875,19859.571428571428,19921.75,19859.696428571428,20010.107142857145,26.303571428571427,0.8611111111111112,878,-24,2,19903.0,19917.0,-62.30357142857247,-1246.0714285714494,-1250.5714285714494,19830.0,19880.0,19790.0,19884.638360020785,19698.07517870345,19919.2268322115,19663.621885866985,19097.5,19565.0,18972.5,11:00,above_vah,outside_both,above_week_vah,neg,pos
long,2024-06-24 14:35:00-04:00,2024-06-24,2024-06-24 15:55:00-04:00,sl,19800.875,19744.464285714286,19800.75,19744.589285714286,19879.571428571428,22.660714285714285,0.8865248226950354,513,2,63,19791.5,19797.25,-56.410714285713766,-1128.2142857142753,-1132.7142857142753,19905.0,19985.0,19865.0,20132.902462444166,19799.884528390212,20160.906314963107,19772.00278315059,19097.5,19565.0,18972.5,14:00,below_val,inside_both,above_week_vah,pos,pos
long,2024-06-25 10:00:00-04:00,2024-06-25,2024-06-25 15:25:00-04:00,tp,19875.625,19968.875,19875.5,19805.125,19969.0,23.125,0.87,1313,-13,83,19817.25,19852.5,93.25,1865.0,1860.5,19830.0,19845.0,19800.0,19870.972761165285,19711.68736939399,19882.500137132032,19700.20504494703,19097.5,19565.0,18972.5,10:00,above_vah,inside_90_only,above_week_vah,neg,pos
long,2024-06-25 11:30:00-04:00,2024-06-25,2024-06-25 12:30:00-04:00,sl,19944.875,19906.821428571428,19944.75,19906.946428571428,20006.857142857145,24.303571428571427,0.8032786885245902,524,-66,62,19936.5,19943.75,-38.05357142857247,-761.0714285714494,-765.5714285714494,19830.0,19885.0,19790.0,19890.17683376933,19692.558350528056,19923.398121821716,19659.466898573704,19097.5,19565.0,18972.5,11:00,above_vah,outside_both,above_week_vah,neg,pos
long,2024-06-25 14:25:00-04:00,2024-06-25,2024-06-25 14:45:00-04:00,sl,19964.625,19920.14285714286,19964.5,19920.26785714286,20025.214285714283,16.482142857142858,0.8928571428571429,682,-98,1,19937.5,19952.5,-44.4821428571413,-889.642857142826,-894.142857142826,19830.0,19910.0,19792.5,19955.109168587365,19627.879785551086,19974.505426207736,19608.55933277013,19097.5,19565.0,18972.5,14:00,above_vah,inside_90_only,above_week_vah,neg,pos
long,2024-06-26 09:45:00-04:00,2024-06-26,2024-06-26 11:10:00-04:00,sl,19977.875,19919.51785714286,19977.75,19919.64285714286,20057.964285714283,22.107142857142858,0.7672955974842768,1116,-86,229,19929.25,19954.5,-58.3571428571413,-1167.142857142826,-1171.642857142826,19932.5,20000.0,19905.0,19997.73601715113,19902.070240113706,20010.63670308106,19889.196201152787,19097.5,19565.0,18972.5,09:00,in_va,inside_both,above_week_vah,neg,pos
long,2024-06-26 11:50:00-04:00,2024-06-26,2024-06-26 12:45:00-04:00,sl,20026.875,19955.285714285714,20026.75,19955.410714285714,20126.678571428572,28.589285714285715,0.896551724137931,1214,4,11,20007.0,20024.0,-71.58928571428623,-1431.7857142857247,-1436.2857142857247,19995.0,20012.5,19945.0,20032.289292372094,19867.58833629571,20066.855065497566,19833.093960388203,19097.5,19565.0,18972.5,11:00,above_vah,inside_both,above_week_vah,pos,pos
long,2024-06-27 09:30:00-04:00,2024-06-27,2024-06-27 11:30:00-04:00,sl,20049.875,19971.535714285714,20049.75,19971.660714285714,20145.928571428572,18.089285714285715,0.9080459770114943,1460,-9,218,20007.75,20015.25,-78.33928571428623,-1566.7857142857247,-1571.2857142857247,19972.5,20005.0,19947.5,19996.339438155414,19947.92129691135,19996.08299425809,19948.17726936908,19097.5,19565.0,18972.5,09:00,above_vah,outside_both,above_week_vah,neg,pos
long,2024-06-27 10:10:00-04:00,2024-06-27,2024-06-27 10:50:00-04:00,sl,20111.125,20019.839285714286,20111.0,20019.964285714286,20234.821428571428,32.785714285714285,0.9083333333333333,1504,-9,50,20075.5,20101.5,-91.28571428571377,-1825.7142857142753,-1830.2142857142753,20075.0,20100.0,19980.0,20036.256525556422,19908.077592015135,20052.360205675534,19892.003516470413,19097.5,19565.0,18972.5,10:00,above_vah,outside_both,above_week_vah,neg,pos
long,2024-06-27 12:30:00-04:00,2024-06-27,2024-06-27 14:00:00-04:00,sl,20046.375,20006.89285714286,20046.25,20007.01785714286,20108.964285714283,23.482142857142858,0.8,357,-59,37,20022.0,20039.0,-39.4821428571413,-789.642857142826,-794.142857142826,20022.5,20095.0,19985.0,20080.915406839253,19863.500810424015,20105.408057273242,19839.05318662285,19097.5,19565.0,18972.5,12:00,in_va,inside_both,above_week_vah,neg,pos
long,2024-06-27 16:00:00-04:00,2024-06-27,2024-06-27 16:55:00-04:00,eod,20071.875,20067.375,20071.75,20025.446428571428,20138.107142857145,20.053571428571427,0.8715596330275229,621,-134,68,20042.75,20058.0,-4.5,-90.0,-94.5,20045.0,20085.0,20002.5,20125.82906945838,19818.669715879783,20152.223232002016,19792.32407565792,19097.5,19565.0,18972.5,16:00,in_va,inside_both,above_week_vah,neg,pos
long,2024-06-27 13:25:00-04:00,2024-06-27,2024-06-27 14:00:00-04:00,sl,20053.125,20022.678571428572,20053.0,20022.803571428572,20099.642857142855,16.446428571428573,0.7741935483870968,349,-47,96,20045.75,20051.75,-30.446428571427532,-608.9285714285506,-613.4285714285506,20045.0,20095.0,19992.5,20102.406865958343,19842.048860627983,20115.592294100094,19828.887672224315,19097.5,19565.0,18972.5,13:00,in_va,inside_both,above_week_vah,neg,pos
long,2024-06-28 09:35:00-04:00,2024-06-28,2024-06-28 10:00:00-04:00,tp,20087.625,20186.160714285717,20087.5,20015.35714285714,20186.285714285717,26.642857142857142,0.8695652173913043,1160,-1,268,20070.75,20076.5,98.5357142857174,1970.714285714348,1966.214285714348,20125.0,20140.0,20075.0,20095.72370207979,20042.280068185333,20100.728045959797,20037.276472320158,19097.5,19565.0,18972.5,09:00,in_va,inside_both,above_week_vah,neg,pos
long,2024-07-02 15:55:00-04:00,2024-07-02,2024-07-02 16:55:00-04:00,eod,20256.125,20239.875,20256.0,20217.553571428572,20309.392857142855,14.946428571428571,0.7570093457943925,560,-93,91,20235.5,20253.25,-16.25,-325.0,-329.5,20220.0,20240.0,20050.0,20164.09116155023,19860.77587176766,20195.127383521944,19829.833335285744,20195.0,20282.5,20010.0,15:00,above_vah,outside_both,in_week_va,neg,pos
long,2024-07-02 10:30:00-04:00,2024-07-02,2024-07-02 13:15:00-04:00,tp,20082.375,20188.232142857145,20082.25,20016.446428571428,20188.357142857145,40.30357142857143,0.8888888888888888,256,-6,99,20069.0,20072.5,105.85714285714494,2117.1428571428987,2112.6428571428987,20052.5,20092.5,19982.5,20105.604727713995,19919.085759302434,20117.93454337936,19906.793162239923,20195.0,20282.5,20010.0,10:00,in_va,inside_both,in_week_va,neg,pos
long,2024-07-01 11:10:00-04:00,2024-07-01,2024-07-01 16:55:00-04:00,eod,19943.625,20042.375,19943.5,19843.89285714286,20090.464285714283,47.357142857142854,0.8651162790697674,907,-55,61,19893.75,19922.25,98.75,1975.0,1970.5,19912.5,19982.5,19892.5,20009.251704229966,19929.00815389199,20060.791053272642,19877.482353065294,20195.0,20282.5,20010.0,11:00,in_va,inside_both,below_week_val,neg,pos
long,2024-07-01 15:50:00-04:00,2024-07-01,2024-07-01 16:55:00-04:00,eod,20059.625,20042.375,20059.5,19994.75,20145.0,20.75,0.9666666666666667,1522,-3,33,20018.25,20027.75,-17.25,-345.0,-349.5,20010.0,20025.0,19915.0,20093.150399943763,19845.131512737888,20124.2450554166,19814.045031157733,20195.0,20282.5,20010.0,15:00,above_vah,inside_both,in_week_va,neg,pos
long,2024-07-02 10:50:00-04:00,2024-07-02,2024-07-02 13:55:00-04:00,tp,20113.375,20210.053571428572,20113.25,20051.535714285714,20210.178571428572,35.214285714285715,0.853448275862069,913,-82,157,20088.5,20108.0,96.67857142857247,1933.5714285714494,1929.0714285714494,20080.0,20097.5,19987.5,20107.15112246562,19917.54403247559,20129.588095351835,19895.17478751052,20195.0,20282.5,20010.0,10:00,above_vah,inside_90_only,in_week_va,neg,pos
long,2024-07-02 11:35:00-04:00,2024-07-02,2024-07-02 11:55:00-04:00,sl,20149.375,20097.375,20149.25,20097.5,20225.0,24.0,0.7073170731707317,509,-42,156,20124.75,20131.0,-52.0,-1040.0,-1044.5,20080.0,20130.0,20007.5,20093.150998104004,19931.50189626473,20138.64554754013,19886.144676016123,20195.0,20282.5,20010.0,11:00,above_vah,outside_both,in_week_va,neg,pos
long,2024-07-02 13:05:00-04:00,2024-07-02,2024-07-02 14:10:00-04:00,tp,20162.875,20223.482142857145,20162.75,20118.446428571428,20223.607142857145,16.553571428571427,0.9821428571428571,777,0,4,20149.5,20156.25,60.607142857144936,1212.1428571428987,1207.6428571428987,20080.0,20130.0,20015.0,20133.27191811424,19891.502084682113,20164.437353342397,19860.430724985017,20195.0,20282.5,20010.0,13:00,above_vah,inside_90_only,in_week_va,zero,pos
long,2024-07-02 13:50:00-04:00,2024-07-02,2024-07-02 15:55:00-04:00,tp,20201.375,20249.303571428572,20201.25,20168.785714285714,20249.428571428572,15.714285714285714,0.7252747252747253,1059,1,343,20179.5,20188.75,47.92857142857247,958.5714285714494,954.0714285714494,20080.0,20152.5,20012.5,20160.69758704859,19864.159202474493,20175.859972557013,19849.042585923202,20195.0,20282.5,20010.0,13:00,above_vah,outside_both,in_week_va,pos,pos
long,2024-07-03 09:30:00-04:00,2024-07-03,2024-07-03 11:10:00-04:00,tp,20261.875,20339.303571428572,20261.75,20200.035714285714,20339.428571428572,15.964285714285714,0.883495145631068,1503,-7,382,20253.25,20256.75,77.42857142857247,1548.5714285714494,1544.0714285714494,20242.5,20272.5,20232.5,20245.86895422164,20210.387932520593,20245.40611909398,20210.85022454873,20195.0,20282.5,20010.0,09:00,in_va,outside_both,in_week_va,neg,pos
long,2024-07-03 11:05:00-04:00,2024-07-03,2024-07-03 12:15:00-04:00,tp,20324.125,20406.375,20324.0,20269.75,20406.5,28.25,0.7606837606837606,838,-33,423,20313.25,20320.75,82.25,1645.0,1640.5,20250.0,20280.0,20235.0,20295.071067309134,20161.24355412607,20329.096287001503,20127.25826027203,20195.0,20282.5,20010.0,11:00,above_vah,inside_90_only,above_week_vah,neg,pos
long,2024-07-03 11:50:00-04:00,2024-07-03,2024-07-03 12:25:00-04:00,tp,20365.125,20420.982142857145,20365.0,20327.196428571428,20421.107142857145,18.303571428571427,0.8875,250,-16,32,20346.25,20356.25,55.857142857144936,1117.1428571428987,1112.6428571428987,20250.0,20302.5,20230.0,20303.325201251122,20152.999105741455,20338.770616431782,20117.595282883445,20195.0,20282.5,20010.0,11:00,above_vah,outside_both,above_week_vah,neg,pos
long,2024-07-05 09:55:00-04:00,2024-07-05,2024-07-05 11:45:00-04:00,tp,20513.875,20593.982142857145,20513.75,20458.571428571428,20594.107142857145,25.178571428571427,0.8721804511278195,1057,-12,234,20454.5,20496.0,80.10714285714494,1602.1428571428987,1597.6428571428987,20435.0,20475.0,20427.5,20504.142452351625,20318.792182227746,20499.25586760645,20323.664364080232,20195.0,20282.5,20010.0,09:00,above_vah,outside_both,above_week_vah,neg,pos
long,2024-07-05 11:10:00-04:00,2024-07-05,2024-07-05 16:55:00-04:00,eod,20563.125,20591.375,20563.0,20507.14285714286,20648.464285714283,29.607142857142858,0.7966101694915254,713,-10,147,20542.5,20552.0,28.25,565.0,560.5,20435.0,20515.0,20425.0,20500.072158087885,20322.85047956223,20534.284025846766,20288.73944907226,20195.0,20282.5,20010.0,11:00,above_vah,outside_both,above_week_vah,neg,pos
long,2024-07-05 11:30:00-04:00,2024-07-05,2024-07-05 13:40:00-04:00,tp,20571.625,20630.767857142855,20571.5,20535.553571428572,20630.892857142855,23.446428571428573,0.7096774193548387,231,-14,114,20563.25,20569.25,59.142857142855064,1182.8571428571013,1178.3571428571013,20435.0,20520.0,20425.0,20505.209452468578,20317.72832702467,20539.31114946723,20283.727142573734,20195.0,20282.5,20010.0,11:00,above_vah,outside_both,above_week_vah,neg,pos
long,2024-07-05 12:10:00-04:00,2024-07-05,2024-07-05 16:55:00-04:00,eod,20607.625,20591.375,20607.5,20566.178571428572,20667.642857142855,18.821428571428573,0.7551020408163265,567,-32,170,20596.25,20607.0,-16.25,-325.0,-329.5,20435.0,20532.5,20425.0,20512.55741011378,20310.402027009684,20548.1885372597,20274.87592030799,20195.0,20282.5,20010.0,12:00,above_vah,outside_both,above_week_vah,neg,pos
long,2024-07-08 12:50:00-04:00,2024-07-08,2024-07-08 15:55:00-04:00,tp,20634.375,20678.089285714283,20634.25,20606.76785714286,20678.214285714283,16.482142857142858,0.7708333333333334,213,-58,113,20619.5,20628.75,43.714285714282596,874.2857142856519,869.7857142856519,20625.0,20637.5,20600.0,20706.48059998459,20517.66641102229,20758.18405882952,20466.065695025416,19967.5,20072.5,19877.5,12:00,in_va,inside_both,above_week_vah,neg,pos
long,2024-07-08 15:40:00-04:00,2024-07-08,2024-07-08 15:55:00-04:00,tp,20639.375,20684.232142857145,20639.25,20607.196428571428,20684.357142857145,13.053571428571429,0.948051948051948,316,-19,10,20621.25,20628.25,44.857142857144936,897.1428571428987,892.6428571428987,20625.0,20642.5,20602.5,,,20800.321769893275,20424.011718174854,19967.5,20072.5,19877.5,15:00,in_va,inside_90_only,above_week_vah,neg,pos
long,2024-07-10 09:45:00-04:00,2024-07-10,2024-07-10 10:40:00-04:00,sl,20774.375,20737.10714285714,20774.25,20737.23214285714,20824.035714285717,12.767857142857142,0.7117117117117117,937,-314,203,20757.5,20771.75,-37.2678571428587,-745.357142857174,-749.857142857174,20755.0,20765.0,20725.0,20797.702521971038,20648.181840788788,20798.14023409791,20647.74560998367,19967.5,20072.5,19877.5,09:00,above_vah,inside_both,above_week_vah,neg,pos
long,2024-07-09 12:05:00-04:00,2024-07-09,2024-07-09 12:40:00-04:00,sl,20713.125,20672.553571428572,20713.0,20672.678571428572,20773.642857142855,20.321428571428573,0.8941176470588236,453,0,24,20701.75,20708.25,-40.57142857142753,-811.4285714285506,-815.9285714285506,20727.5,20747.5,20700.0,20791.86296902088,20616.01532902839,20829.01498194096,20578.93278593089,19967.5,20072.5,19877.5,12:00,in_va,inside_both,above_week_vah,zero,pos
long,2024-07-09 13:30:00-04:00,2024-07-09,2024-07-09 16:55:00-04:00,eod,20651.125,20687.625,20651.0,20605.428571428572,20720.642857142855,24.071428571428573,0.7888888888888889,741,-104,48,20633.25,20643.75,36.5,730.0,725.5,20727.5,20745.0,20687.5,,,20858.71320099318,20549.29009899782,19967.5,20072.5,19877.5,13:00,below_val,inside_90_only,above_week_vah,neg,pos
long,2024-07-10 12:20:00-04:00,2024-07-10,2024-07-10 13:05:00-04:00,tp,20806.125,20860.482142857145,20806.0,20765.071428571428,20860.607142857145,13.678571428571429,0.9279279279279279,1139,12,44,20792.5,20796.5,54.357142857144936,1087.1428571428987,1082.6428571428987,20760.0,20775.0,20730.0,20833.78411364248,20612.22235778942,20874.33876040003,20571.80495758427,19967.5,20072.5,19877.5,12:00,above_vah,inside_both,above_week_vah,pos,pos
long,2024-07-10 15:45:00-04:00,2024-07-10,2024-07-10 16:55:00-04:00,eod,20901.625,20896.375,20901.5,20864.678571428572,20951.642857142855,13.321428571428571,0.9484536082474226,900,-8,31,20883.25,20890.5,-5.25,-105.0,-109.5,20760.0,20812.5,20695.0,20869.823299274747,20576.305137317126,20923.379109729358,20522.93057243937,19967.5,20072.5,19877.5,15:00,above_vah,inside_90_only,above_week_vah,neg,pos
long,2024-07-11 13:25:00-04:00,2024-07-11,2024-07-11 13:45:00-04:00,sl,20482.875,20417.625,20482.75,20417.75,20581.25,33.5,0.813953488372093,346,-107,22,20444.25,20468.5,-65.25,-1305.0,-1309.5,20882.5,20982.5,20547.5,20981.852327327677,20809.40482059532,21030.334797357154,20760.92641078274,19967.5,20072.5,19877.5,13:00,below_val,outside_both,above_week_vah,neg,pos
long,2024-07-12 09:45:00-04:00,2024-07-12,2024-07-12 10:35:00-04:00,tp,20494.625,20612.696428571428,20494.5,20404.714285714286,20612.821428571428,28.535714285714285,0.812,1176,-103,57,20465.75,20479.0,118.07142857142753,2361.4285714285506,2356.9285714285506,20440.0,20457.5,20420.0,20482.499636910532,20394.27154881219,20483.292562207334,20393.47905984925,19967.5,20072.5,19877.5,09:00,above_vah,outside_both,above_week_vah,neg,pos
long,2024-07-12 10:30:00-04:00,2024-07-12,2024-07-12 13:45:00-04:00,tp,20598.125,20724.267857142855,20598.0,20508.303571428572,20724.392857142855,36.69642857142857,0.892018779342723,1314,-16,7,20557.0,20587.0,126.14285714285506,2522.8571428571013,2518.3571428571013,20440.0,20505.0,20387.5,20528.111327732135,20348.684957360656,20521.859307662213,20354.93353704583,19967.5,20072.5,19877.5,10:00,above_vah,outside_both,above_week_vah,neg,pos
long,2024-07-15 10:00:00-04:00,2024-07-15,2024-07-15 11:10:00-04:00,tp,20665.625,20767.482142857145,20665.5,20593.321428571428,20767.607142857145,29.928571428571427,0.8636363636363636,431,-82,81,20620.5,20640.5,101.85714285714494,2037.1428571428987,2032.6428571428987,20625.0,20637.5,20597.5,20665.27245221588,20484.91527566647,20664.657575165573,20485.528064342514,20010.0,20347.5,19815.0,10:00,above_vah,outside_both,above_week_vah,neg,pos
long,2024-07-16 14:55:00-04:00,2024-07-16,2024-07-16 16:55:00-04:00,eod,20590.125,20588.375,20590.0,20541.339285714286,20662.571428571428,23.910714285714285,0.71,209,-73,3,20581.75,20588.75,-1.75,-35.0,-39.5,20515.0,20587.5,20485.0,,,20825.31709843069,20449.387539043426,20010.0,20347.5,19815.0,14:00,above_vah,inside_90_only,above_week_vah,neg,pos
long,2024-07-17 13:30:00-04:00,2024-07-17,2024-07-17 14:00:00-04:00,sl,20079.875,20013.571428571428,20079.75,20013.696428571428,20174.107142857145,28.303571428571427,0.869281045751634,625,-15,40,20051.0,20063.5,-66.30357142857247,-1326.0714285714494,-1330.5714285714494,20125.0,20245.0,20007.5,20769.109174413054,20082.520343837477,20732.59899544028,20118.448427648007,20010.0,20347.5,19815.0,13:00,in_va,outside_both,in_week_va,neg,pos
long,2024-07-17 14:15:00-04:00,2024-07-17,2024-07-17 15:05:00-04:00,sl,20061.125,20008.25,20061.0,20008.375,20141.0,27.375,0.8260869565217391,330,-34,54,20046.75,20056.75,-52.875,-1057.5,-1062.0,20042.5,20235.0,20007.5,20799.978900150636,20052.142785449305,20752.78518233186,20098.58407653112,20010.0,20347.5,19815.0,14:00,in_va,inside_14_only,in_week_va,neg,pos
long,2024-07-18 12:05:00-04:00,2024-07-18,2024-07-18 16:55:00-04:00,eod,19837.375,19934.625,19837.25,19733.14285714286,19987.214285714283,45.857142857142854,0.9256198347107438,792,0,106,19797.75,19819.25,97.25,1945.0,1940.5,20065.0,20160.0,19957.5,20302.44197733288,19856.30395959595,20252.268739950465,19906.167677850975,20010.0,20347.5,19815.0,12:00,below_val,outside_both,in_week_va,zero,pos
long,2024-07-18 12:55:00-04:00,2024-07-18,2024-07-18 14:30:00-04:00,sl,19913.625,19828.946428571428,19913.5,19829.071428571428,20035.857142857145,37.92857142857143,0.9206349206349206,487,-68,16,19895.25,19903.75,-84.67857142857247,-1693.5714285714494,-1698.0714285714494,20065.0,20160.0,19912.5,20314.322636476267,19844.496592339692,20272.939654675596,19885.62428217428,20010.0,20347.5,19815.0,12:00,in_va,inside_both,in_week_va,neg,pos
long,2024-07-22 13:30:00-04:00,2024-07-22,2024-07-22 16:55:00-04:00,eod,20010.625,19980.625,20010.5,19953.571428571428,20089.607142857145,22.178571428571427,0.7549668874172185,321,-204,80,19985.5,19990.25,-30.0,-600.0,-604.5,19912.5,20012.5,19865.0,20138.129028318835,19751.554766545363,20095.223241176507,19794.41755060608,20635.0,20782.5,20500.0,13:00,in_va,inside_both,below_week_val,neg,pos
long,2024-07-23 11:10:00-04:00,2024-07-23,2024-07-23 12:20:00-04:00,sl,20053.125,19975.375,20053.0,19975.5,20166.75,36.25,0.9520958083832335,733,-48,4,20037.25,20042.25,-77.75,-1555.0,-1559.5,20010.0,20022.5,19952.5,20112.404283177228,19826.247265113652,20077.30472264439,19861.306422263628,20635.0,20782.5,20500.0,11:00,above_vah,inside_both,below_week_val,neg,pos
long,2024-07-22 15:35:00-04:00,2024-07-22,2024-07-22 16:55:00-04:00,eod,20020.125,19980.625,20020.0,19963.089285714286,20099.071428571428,22.160714285714285,0.8231292517006803,706,86,51,20012.0,20016.5,-39.5,-790.0,-794.5,20000.0,20022.5,19877.5,20151.03726538164,19738.65946699073,20119.15095379349,19770.51381996092,20635.0,20782.5,20500.0,15:00,in_va,inside_both,below_week_val,pos,pos
long,2024-07-31 14:40:00-04:00,2024-07-31,2024-07-31 15:25:00-04:00,sl,19536.875,19444.01785714286,19536.75,19444.14285714286,19668.714285714283,39.357142857142854,0.9026548672566371,547,-21,161,19511.75,19523.75,-92.8571428571413,-1857.142857142826,-1861.642857142826,19465.0,19492.5,19340.0,19520.926346869583,18716.74069893437,19528.049713779437,18709.805321253196,20625.0,20797.5,20055.0,14:00,above_vah,outside_both,below_week_val,neg,pos
long,2024-07-31 10:05:00-04:00,2024-07-31,2024-07-31 13:40:00-04:00,sl,19444.375,19365.89285714286,19444.25,19366.01785714286,19560.964285714283,38.482142857142854,0.9151515151515152,703,-16,73,19431.75,19443.5,-78.4821428571413,-1569.642857142826,-1574.142857142826,19360.0,19427.5,19212.5,19459.508508704992,18776.537689518027,19438.97026783193,18796.533915904245,20625.0,20797.5,20055.0,10:00,above_vah,inside_14_only,below_week_val,neg,pos
long,2024-07-24 13:05:00-04:00,2024-07-24,2024-07-24 14:20:00-04:00,sl,19351.875,19290.35714285714,19351.75,19290.48214285714,19439.035714285717,26.017857142857142,0.952054794520548,518,-3,35,19321.5,19336.0,-61.5178571428587,-1230.357142857174,-1234.857142857174,19392.5,19620.0,19307.5,20113.49135919558,19474.334809638804,20082.37840334091,19504.96850469576,20635.0,20782.5,20500.0,13:00,in_va,outside_both,below_week_val,neg,pos
long,2024-07-24 15:30:00-04:00,2024-07-24,2024-07-24 15:50:00-04:00,sl,19267.875,19184.571428571428,19267.75,19184.696428571428,19378.357142857145,27.553571428571427,0.8589743589743589,588,-77,47,19248.25,19255.5,-83.30357142857247,-1666.0714285714494,-1670.5714285714494,19350.0,19600.0,19240.0,20128.871851855947,19459.191236518196,20117.340716886232,19470.54474706129,20635.0,20782.5,20500.0,15:00,in_va,outside_both,below_week_val,neg,pos
long,2024-07-25 12:10:00-04:00,2024-07-25,2024-07-25 14:40:00-04:00,sl,19288.625,19178.89285714286,19288.5,19179.01785714286,19450.464285714283,52.482142857142854,0.927038626609442,573,-38,94,19245.75,19278.75,-109.7321428571413,-2194.642857142826,-2199.142857142826,19192.5,19255.0,19087.5,19421.73903223631,19065.671794701404,19385.727635591527,19101.58601224836,20635.0,20782.5,20500.0,12:00,above_vah,inside_both,below_week_val,neg,pos
long,2024-07-26 10:20:00-04:00,2024-07-26,2024-07-26 16:55:00-04:00,eod,19145.875,19175.625,19145.75,19034.696428571428,19313.357142857145,56.55357142857143,0.8921161825726142,467,-13,183,19130.5,19145.5,29.75,595.0,590.5,19110.0,19167.5,19065.0,19264.736211084277,18893.90702679679,19238.198222135343,18920.212013781493,20635.0,20782.5,20500.0,10:00,in_va,inside_both,below_week_val,neg,pos
long,2024-07-26 12:00:00-04:00,2024-07-26,2024-07-26 14:40:00-04:00,sl,19212.125,19139.48214285714,19212.0,19139.60714285714,19322.035714285717,37.642857142857146,0.7535211267605634,467,-211,23,19137.75,19192.25,-72.6428571428587,-1452.857142857174,-1457.357142857174,19110.0,19155.0,19062.5,19326.242379749474,18832.940878633497,19276.313004755237,18882.43187668556,20635.0,20782.5,20500.0,12:00,above_vah,inside_both,below_week_val,neg,pos
long,2024-07-26 15:20:00-04:00,2024-07-26,2024-07-26 16:55:00-04:00,eod,19160.625,19175.625,19160.5,19081.964285714286,19273.821428571428,34.785714285714285,0.8571428571428571,398,0,51,19131.25,19151.0,15.0,300.0,295.5,19110.0,19187.5,19065.0,19355.564428654663,18803.876275573333,19334.3265877461,18824.927649502155,20635.0,20782.5,20500.0,15:00,in_va,inside_both,below_week_val,zero,pos
long,2024-08-19 12:50:00-04:00,2024-08-19,2024-08-19 14:40:00-04:00,tp,19698.125,19761.589285714283,19698.0,19653.76785714286,19761.714285714283,19.482142857142858,0.9245283018867925,484,-1,70,19641.5,19682.0,63.464285714282596,1269.285714285652,1264.785714285652,19607.5,19647.5,19562.5,19801.54927747701,19406.955748136428,19762.972917099443,19445.531124649064,18505.0,18552.5,18062.5,12:00,above_vah,inside_both,above_week_vah,neg,pos
long,2024-08-13 12:45:00-04:00,2024-08-13,2024-08-13 16:55:00-04:00,eod,19054.625,19099.125,19054.5,19006.089285714286,19123.071428571428,20.160714285714285,0.7777777777777778,396,-68,20,19036.5,19042.5,44.5,890.0,885.5,18897.5,18925.0,18652.5,19081.275907287345,18369.41976739087,18969.04287977999,18480.48703948878,18935.0,19520.0,18805.0,12:00,above_vah,inside_14_only,in_week_va,neg,pos
long,2024-08-13 12:55:00-04:00,2024-08-13,2024-08-13 13:45:00-04:00,sl,19073.875,19037.160714285714,19073.75,19037.285714285714,19129.928571428572,19.714285714285715,0.8611111111111112,261,-19,34,19013.75,19064.25,-36.714285714286234,-734.2857142857247,-738.7857142857247,18897.5,18927.5,18632.5,19093.881767114926,18356.944843613135,18974.669916834275,18474.91845001478,18935.0,19520.0,18805.0,12:00,above_vah,inside_14_only,in_week_va,neg,pos
long,2024-08-02 10:45:00-04:00,2024-08-02,2024-08-02 16:55:00-04:00,eod,18541.125,18513.125,18541.0,18364.625,18800.5,83.125,0.8883248730964467,506,-16,-16,18487.0,18529.0,-28.0,-560.0,-564.5,18710.0,18787.5,18515.0,19050.70521021712,18564.240124286538,19049.39112877744,18565.532550373693,20625.0,20797.5,20055.0,10:00,in_va,outside_both,below_week_val,neg,neg
long,2024-08-02 14:20:00-04:00,2024-08-02,2024-08-02 16:55:00-04:00,eod,18511.625,18513.125,18511.5,18423.071428571428,18636.607142857145,36.67857142857143,0.8310502283105022,367,-6,60,18475.5,18494.25,1.5,30.0,25.5,18475.0,18627.5,18420.0,19156.66948671515,18460.0220818446,19123.788476856298,18492.36123041669,20625.0,20797.5,20055.0,14:00,in_va,inside_both,below_week_val,neg,pos
long,2024-08-05 11:20:00-04:00,2024-08-05,2024-08-05 14:10:00-04:00,sl,18187.625,18002.14285714286,18187.5,18002.26785714286,18486.714285714283,113.98214285714286,0.791095890410959,270,-87,47,18142.25,18181.25,-185.4821428571413,-3709.642857142826,-3714.142857142826,17975.0,18062.5,17600.0,18646.127581064433,17435.94995051363,18618.872667260708,17461.804449114414,19965.0,20085.0,19202.5,11:00,above_vah,inside_both,below_week_val,neg,pos
long,2024-08-05 16:05:00-04:00,2024-08-05,2024-08-05 16:55:00-04:00,eod,18162.625,18146.625,18162.5,18020.64285714286,18371.964285714283,67.60714285714286,0.8409785932721713,467,-133,217,18102.5,18128.0,-16.0,-320.0,-324.5,17970.0,18197.5,17812.5,18743.396740717744,17343.678686320065,18687.265767208977,17396.925531512617,19965.0,20085.0,19202.5,16:00,in_va,inside_both,below_week_val,neg,pos
long,2024-08-06 12:50:00-04:00,2024-08-06,2024-08-06 15:00:00-04:00,sl,18421.875,18323.946428571428,18421.75,18324.071428571428,18558.607142857145,39.17857142857143,0.8309352517985612,1092,-4,190,18372.25,18380.5,-97.92857142857247,-1958.5714285714494,-1963.0714285714494,18200.0,18310.0,18070.0,18390.064434102846,17835.60737654339,18288.30507892235,17936.98121058822,19965.0,20085.0,19202.5,12:00,above_vah,outside_both,below_week_val,neg,pos
long,2024-08-06 14:15:00-04:00,2024-08-06,2024-08-06 15:00:00-04:00,sl,18439.625,18371.875,18439.5,18372.0,18539.5,32.5,0.9448275862068966,396,-4,43,18424.25,18438.0,-67.75,-1355.0,-1359.5,18200.0,18335.0,18070.0,18382.953911669123,17842.690960356293,18303.914769617026,17921.430658099296,19965.0,20085.0,19202.5,14:00,above_vah,outside_both,below_week_val,neg,pos
long,2024-08-06 16:15:00-04:00,2024-08-06,2024-08-06 16:50:00-04:00,sl,18238.875,18075.714285714286,18238.75,18075.839285714286,18461.321428571428,59.660714285714285,0.7607655502392344,564,63,6,18159.75,18190.0,-163.16071428571377,-3263.2142857142753,-3267.7142857142753,18320.0,18375.0,18132.5,18422.5105546532,17803.284179976003,18322.484787481775,17902.930993809052,19965.0,20085.0,19202.5,16:00,in_va,inside_both,below_week_val,pos,pos
long,2024-08-08 10:45:00-04:00,2024-08-08,2024-08-08 16:55:00-04:00,eod,18427.375,18557.875,18427.25,18298.51785714286,18620.714285714283,64.73214285714286,0.9163498098859315,659,-90,-2,18390.0,18410.0,130.5,2610.0,2605.5,18180.0,18407.5,18017.5,18370.869039345518,17711.102594694257,18318.628668403926,17762.28236384988,19965.0,20085.0,19202.5,10:00,above_vah,outside_both,below_week_val,neg,neg
long,2024-08-07 12:20:00-04:00,2024-08-07,2024-08-07 12:50:00-04:00,sl,18393.875,18285.76785714286,18393.75,18285.89285714286,18551.714285714283,50.107142857142854,0.7918367346938775,472,-61,36,18358.0,18366.5,-108.1071428571413,-2162.142857142826,-2166.642857142826,18520.0,18547.5,18390.0,18705.17268829021,17851.913511963226,18596.43319301279,17958.56551770889,19965.0,20085.0,19202.5,12:00,in_va,inside_both,below_week_val,neg,pos
long,2024-08-08 10:00:00-04:00,2024-08-08,2024-08-08 13:25:00-04:00,tp,18275.375,18481.232142857145,18275.25,18129.571428571428,18481.357142857145,60.42857142857143,0.7169811320754716,730,-21,33,18216.5,18247.0,205.85714285714494,4117.142857142899,4112.642857142899,18180.0,18250.0,17982.5,18342.716157423918,17738.683907227885,18290.7082217026,17789.63596014217,19965.0,20085.0,19202.5,10:00,above_vah,inside_both,below_week_val,neg,pos
long,2024-08-07 15:00:00-04:00,2024-08-07,2024-08-07 15:55:00-04:00,sl,18128.375,17973.23214285714,18128.25,17973.35714285714,18331.535714285717,48.392857142857146,0.9180327868852459,883,-72,11,18030.25,18056.0,-155.1428571428587,-3102.857142857174,-3107.357142857174,18520.0,18547.5,18277.5,18709.74057623858,17847.43331449246,18622.317052776187,17933.178554552924,19965.0,20085.0,19202.5,15:00,below_val,inside_both,below_week_val,neg,pos
long,2024-08-08 12:00:00-04:00,2024-08-08,2024-08-08 14:05:00-04:00,tp,18433.625,18550.625,18433.5,18356.75,18550.75,40.5,0.7777777777777778,331,-128,69,18401.5,18419.75,117.0,2340.0,2335.5,18395.0,18437.5,18107.5,18463.33419617835,17620.514696937287,18357.097047445943,17724.594982928276,19965.0,20085.0,19202.5,12:00,in_va,inside_14_only,below_week_val,neg,pos
long,2024-08-08 13:25:00-04:00,2024-08-08,2024-08-08 15:35:00-04:00,sl,18495.875,18406.928571428572,18495.75,18407.053571428572,18622.642857142855,38.19642857142857,0.8952380952380953,877,-57,101,18452.0,18460.25,-88.94642857142753,-1778.9285714285506,-1783.4285714285506,18395.0,18467.5,18152.5,18498.283848413215,17586.274604433936,18380.9583148162,17701.218155127117,19965.0,20085.0,19202.5,13:00,above_vah,inside_14_only,below_week_val,neg,pos
long,2024-08-09 13:10:00-04:00,2024-08-09,2024-08-09 16:55:00-04:00,eod,18589.125,18602.375,18589.0,18524.75,18679.5,26.25,0.9130434782608695,576,-23,63,18547.0,18566.5,13.25,265.0,260.5,18470.0,18550.0,18455.0,18839.524814428052,18171.098375309197,18717.647853377843,18292.272629449584,19965.0,20085.0,19202.5,13:00,above_vah,inside_both,below_week_val,neg,pos
long,2024-08-09 10:45:00-04:00,2024-08-09,2024-08-09 16:55:00-04:00,eod,18507.375,18602.375,18507.25,18393.25,18679.5,58.25,0.7686832740213523,491,-2,286,18457.5,18491.25,95.0,1900.0,1895.5,18470.0,18537.5,18430.0,18712.482751868967,18297.407950493893,18653.6561953549,18355.89533028919,19965.0,20085.0,19202.5,10:00,in_va,inside_both,below_week_val,neg,pos
long,2024-08-12 14:55:00-04:00,2024-08-12,2024-08-12 15:35:00-04:00,sl,18647.125,18604.48214285714,18647.0,18604.60714285714,18712.285714285717,22.892857142857142,0.8045977011494253,284,-28,50,18616.5,18643.25,-42.6428571428587,-852.857142857174,-857.357142857174,18620.0,18707.5,18600.0,18951.37143082682,18293.02322580536,18825.554650285903,18418.578468077863,18935.0,19520.0,18805.0,14:00,in_va,inside_both,below_week_val,neg,pos
long,2024-08-13 09:45:00-04:00,2024-08-13,2024-08-13 12:15:00-04:00,tp,18903.875,19006.125,18903.75,18831.5,19006.25,30.25,0.9766081871345029,704,-1,30,18862.5,18887.75,102.25,2045.0,2040.5,18855.0,18877.5,18732.5,18906.90792249275,18541.976605983473,18869.794285764077,18578.70474635923,18935.0,19520.0,18805.0,09:00,above_vah,inside_14_only,in_week_va,neg,pos
long,2024-08-13 10:45:00-04:00,2024-08-13,2024-08-13 12:50:00-04:00,tp,18947.375,19063.053571428572,18947.25,18865.410714285714,19063.178571428572,34.089285714285715,0.8963730569948186,233,-55,9,18890.75,18922.5,115.67857142857247,2313.5714285714494,2309.0714285714494,18897.5,18915.0,18777.5,18967.16379561082,18482.34660576216,18918.990144376647,18530.019881164313,18935.0,19520.0,18805.0,10:00,above_vah,inside_14_only,in_week_va,neg,pos
long,2024-08-14 11:50:00-04:00,2024-08-14,2024-08-14 12:15:00-04:00,sl,19175.875,19114.98214285714,19175.75,19115.10714285714,19264.035714285717,27.642857142857142,0.7793103448275862,298,-63,148,19105.5,19163.5,-60.8928571428587,-1217.857142857174,-1222.357142857174,19110.0,19152.5,19037.5,19368.869840428015,18868.342597006154,19275.158129922544,18961.867006509565,18935.0,19520.0,18805.0,11:00,above_vah,inside_both,in_week_va,neg,pos
long,2024-08-14 11:30:00-04:00,2024-08-14,2024-08-14 12:20:00-04:00,sl,19133.625,19071.089285714286,19133.5,19071.214285714286,19231.321428571428,35.535714285714285,0.7323943661971831,409,-4,130,19121.5,19131.25,-62.535714285713766,-1250.7142857142753,-1255.2142857142753,19105.0,19150.0,19032.5,19346.64280753592,18890.525204868423,19265.869723386353,18971.13684836646,18935.0,19520.0,18805.0,11:00,in_va,inside_both,in_week_va,neg,pos
long,2024-08-14 14:55:00-04:00,2024-08-14,2024-08-14 15:10:00-04:00,sl,19110.125,19071.035714285714,19110.0,19071.160714285714,19167.428571428572,18.589285714285715,0.8172043010752689,438,-6,91,19087.5,19091.75,-39.089285714286234,-781.7857142857247,-786.2857142857247,19080.0,19150.0,19045.0,19452.309218497972,18785.069988692496,19325.833817603034,18911.292604004975,18935.0,19520.0,18805.0,14:00,in_va,inside_both,in_week_va,neg,pos
long,2024-08-14 14:20:00-04:00,2024-08-14,2024-08-14 15:10:00-04:00,sl,19085.875,19045.714285714286,19085.75,19045.839285714286,19147.071428571428,21.410714285714285,0.7912087912087912,249,1,105,19065.5,19079.0,-40.160714285713766,-803.2142857142753,-807.7142857142753,19065.0,19150.0,19042.5,19452.51878699754,18784.860839056157,19321.686841045197,18915.431292027046,18935.0,19520.0,18805.0,14:00,in_va,inside_both,in_week_va,pos,pos
long,2024-08-15 11:40:00-04:00,2024-08-15,2024-08-15 16:55:00-04:00,eod,19541.125,19568.125,19541.0,19495.553571428572,19608.142857142855,21.696428571428573,0.7563025210084033,500,-22,315,19516.75,19521.25,27.0,540.0,535.5,19492.5,19527.5,19330.0,19582.96743263987,18918.22894917743,19488.432093212734,19011.76406326331,18935.0,19520.0,18805.0,11:00,above_vah,inside_14_only,above_week_vah,neg,pos
long,2024-08-15 12:15:00-04:00,2024-08-15,2024-08-15 12:45:00-04:00,sl,19555.625,19516.089285714286,19555.5,19516.214285714286,19614.571428571428,19.785714285714285,0.7613636363636364,737,-59,116,19540.0,19547.0,-39.535714285713766,-790.7142857142753,-795.2142857142753,19492.5,19547.5,19337.5,19601.207043117494,18900.182321776032,19499.21269122281,19001.097528707065,18935.0,19520.0,18805.0,12:00,above_vah,inside_14_only,above_week_vah,neg,pos
long,2024-08-15 15:30:00-04:00,2024-08-15,2024-08-15 15:50:00-04:00,sl,19595.375,19561.48214285714,19595.25,19561.60714285714,19644.285714285717,15.392857142857142,0.717948717948718,357,-23,76,19586.25,19592.0,-33.8928571428587,-677.857142857174,-682.357142857174,19582.5,19592.5,19372.5,19638.44421002864,18863.339140417876,19531.27560030489,18969.373859261425,18935.0,19520.0,18805.0,15:00,above_vah,inside_14_only,above_week_vah,neg,pos
long,2024-08-16 12:10:00-04:00,2024-08-16,2024-08-16 16:55:00-04:00,eod,19610.375,19603.875,19610.25,19563.035714285714,19679.928571428572,22.464285714285715,0.9607843137254902,568,-4,24,19567.75,19591.0,-6.5,-130.0,-134.5,19570.0,19585.0,19490.0,19786.770078922924,19285.702989062727,19713.49007001039,19358.740519441053,18935.0,19520.0,18805.0,12:00,above_vah,inside_both,above_week_vah,neg,pos
long,2024-08-16 11:35:00-04:00,2024-08-16,2024-08-16 12:55:00-04:00,tp,19554.875,19644.660714285717,19554.75,19496.98214285714,19644.785714285717,32.267857142857146,0.8416666666666667,408,-6,118,19532.0,19542.25,89.7857142857174,1795.714285714348,1791.214285714348,19525.0,19577.5,19477.5,19762.286193276082,19310.10585920764,19705.26182756358,19366.941535196744,18935.0,19520.0,18805.0,11:00,in_va,inside_both,above_week_vah,neg,pos
long,2024-08-19 10:50:00-04:00,2024-08-19,2024-08-19 14:40:00-04:00,tp,19652.875,19766.053571428572,19652.75,19578.535714285714,19766.178571428572,39.214285714285715,0.7401129943502824,802,-5,61,19609.75,19633.0,113.17857142857247,2263.5714285714494,2259.0714285714494,19607.5,19622.5,19570.0,19745.192638181677,19463.310950092397,19713.563566122535,19494.939215472663,18505.0,18552.5,18062.5,10:00,above_vah,inside_both,above_week_vah,neg,pos
long,2024-08-19 14:25:00-04:00,2024-08-19,2024-08-19 14:40:00-04:00,tp,19743.125,19779.696428571428,19743.0,19717.589285714286,19779.821428571428,11.410714285714286,0.7096774193548387,577,-43,135,19726.25,19733.25,36.57142857142753,731.4285714285506,726.9285714285506,19607.5,19660.0,19562.5,19850.81669416585,19357.689587980956,19791.218274960745,19417.286487167214,18505.0,18552.5,18062.5,14:00,above_vah,inside_both,above_week_vah,neg,pos
long,2024-08-19 15:50:00-04:00,2024-08-19,2024-08-19 16:55:00-04:00,eod,19838.375,19853.375,19838.25,19753.89285714286,19938.964285714283,16.357142857142858,0.9124579124579124,759,-2,14,19782.75,19786.25,15.0,300.0,295.5,19607.5,19675.0,19562.5,19822.987623550096,19385.5179488344,19774.667245007528,19433.837094997187,18505.0,18552.5,18062.5,15:00,above_vah,outside_both,above_week_vah,neg,pos
long,2024-08-20 09:30:00-04:00,2024-08-20,2024-08-20 10:35:00-04:00,sl,19863.875,19802.76785714286,19863.75,19802.89285714286,19938.714285714283,14.107142857142858,0.9633507853403142,1135,-7,83,19823.5,19828.75,-61.1071428571413,-1222.142857142826,-1226.642857142826,19875.0,19897.5,19850.0,19867.265428233495,19804.00935903622,19860.429784802633,19810.832693591947,18505.0,18552.5,18062.5,09:00,in_va,inside_14_only,above_week_vah,neg,pos
long,2024-08-20 11:55:00-04:00,2024-08-20,2024-08-20 12:50:00-04:00,sl,19852.875,19789.303571428572,19852.75,19789.428571428572,19943.642857142855,27.571428571428573,0.7931034482758621,390,-196,21,19825.5,19849.0,-63.57142857142753,-1271.4285714285506,-1275.9285714285506,19817.5,19877.5,19777.5,20008.660391528545,19662.86900424536,19997.64317531498,19673.866381867258,18505.0,18552.5,18062.5,11:00,in_va,inside_both,above_week_vah,neg,pos
long,2024-08-20 15:45:00-04:00,2024-08-20,2024-08-20 15:55:00-04:00,sl,19843.625,19809.839285714286,19843.5,19809.964285714286,19891.821428571428,14.785714285714286,0.9012345679012346,458,-4,62,19832.5,19838.0,-33.785714285713766,-675.7142857142753,-680.2142857142753,19850.0,19865.0,19780.0,20064.19087112022,19607.438517836013,20034.223322885962,19637.3521038042,18505.0,18552.5,18062.5,15:00,in_va,inside_both,above_week_vah,neg,pos
long,2024-08-21 10:35:00-04:00,2024-08-21,2024-08-21 10:50:00-04:00,sl,19931.375,19828.25,19931.25,19828.375,20070.25,36.125,0.7484276729559748,1029,-96,270,19898.75,19911.25,-103.125,-2062.5,-2067.0,19852.5,19870.0,19802.5,19978.31554445331,19668.69036493238,19945.7747814762,19701.17003812918,18505.0,18552.5,18062.5,10:00,above_vah,inside_both,above_week_vah,neg,pos
long,2024-08-21 15:50:00-04:00,2024-08-21,2024-08-21 16:55:00-04:00,eod,19911.875,19917.625,19911.75,19857.0,19990.25,23.75,0.8540145985401459,375,-54,33,19869.5,19888.25,5.75,115.0,110.5,19865.0,19900.0,19822.5,20041.95687955837,19605.168505673137,20014.943317161724,19632.13135467399,18505.0,18552.5,18062.5,15:00,above_vah,inside_both,above_week_vah,neg,pos
long,2024-08-27 09:50:00-04:00,2024-08-27,2024-08-27 11:00:00-04:00,tp,19550.625,19685.839285714283,19550.5,19452.89285714286,19685.964285714283,37.857142857142854,0.7927272727272727,920,-18,76,19513.25,19528.5,135.2142857142826,2704.285714285652,2699.785714285652,19510.0,19582.5,19455.0,19598.430178462135,19474.134298981764,19615.463669837536,19457.123026340316,19077.5,19427.5,18525.0,09:00,in_va,inside_both,above_week_vah,neg,pos
long,2024-08-27 15:45:00-04:00,2024-08-27,2024-08-27 15:50:00-04:00,sl,19665.125,19632.571428571428,19665.0,19632.696428571428,19713.107142857145,15.803571428571429,0.7654320987654321,279,-12,160,19650.75,19659.75,-32.55357142857247,-651.0714285714494,-655.5714285714494,19650.0,19687.5,19575.0,19734.272761983604,19338.468910502485,19733.77032864586,19338.970688458874,19077.5,19427.5,18525.0,15:00,in_va,inside_both,above_week_vah,neg,pos
long,2024-08-29 09:45:00-04:00,2024-08-29,2024-08-29 14:25:00-04:00,sl,19616.125,19498.01785714286,19616.0,19498.14285714286,19772.964285714283,39.107142857142854,0.8508771929824561,1143,-65,249,19580.5,19593.25,-118.1071428571413,-2362.142857142826,-2366.642857142826,19465.0,19592.5,19355.0,19535.727161265633,19272.88612084164,19546.70887640958,19262.010150749404,19077.5,19427.5,18525.0,09:00,above_vah,outside_both,above_week_vah,neg,pos
long,2024-08-28 11:25:00-04:00,2024-08-28,2024-08-28 13:55:00-04:00,sl,19386.375,19317.553571428572,19386.25,19317.678571428572,19493.892857142855,39.07142857142857,0.7441860465116279,236,-94,48,19361.0,19373.75,-68.82142857142753,-1376.4285714285506,-1380.9285714285506,19550.0,19667.5,19517.5,19739.827620647924,19521.976577412355,19776.379085168926,19485.444192770727,19077.5,19427.5,18525.0,11:00,below_val,outside_both,in_week_va,neg,pos
long,2024-08-30 11:50:00-04:00,2024-08-30,2024-08-30 12:30:00-04:00,sl,19470.125,19396.0,19470.0,19396.125,19583.75,39.875,0.7935483870967742,487,-34,122,19458.25,19468.0,-74.125,-1482.5,-1487.0,19550.0,19625.0,19490.0,19703.596220718235,19301.993248208575,19707.231971084122,19298.378642140353,19077.5,19427.5,18525.0,11:00,below_val,inside_both,above_week_vah,neg,pos
long,2024-08-30 15:20:00-04:00,2024-08-30,2024-08-30 15:55:00-04:00,tp,19549.875,19615.982142857145,19549.75,19502.946428571428,19616.107142857145,19.553571428571427,0.8062015503875969,253,-6,19,19521.5,19530.75,66.10714285714494,1322.1428571428987,1317.6428571428987,19472.5,19550.0,19420.0,19730.52321497208,19275.22285226992,19747.251695699797,19258.591658743026,19077.5,19427.5,18525.0,15:00,in_va,inside_both,above_week_vah,neg,pos
long,2024-09-03 14:30:00-04:00,2024-09-03,2024-09-03 15:35:00-04:00,sl,19069.875,19003.35714285714,19069.75,19003.48214285714,19165.535714285717,29.517857142857142,0.783625730994152,649,-55,247,19041.5,19062.75,-66.5178571428587,-1330.357142857174,-1334.857142857174,19155.0,19380.0,19032.5,19759.639844937352,19313.34621553154,19790.83014786936,19282.342151872952,19850.0,19922.5,19692.5,14:00,in_va,outside_both,below_week_val,neg,pos
long,2024-09-04 10:55:00-04:00,2024-09-04,2024-09-04 11:30:00-04:00,sl,19091.875,18990.660714285714,19091.75,18990.785714285714,19250.178571428572,57.464285714285715,0.8631578947368421,405,-24,-14,19045.25,19072.0,-101.21428571428623,-2024.2857142857247,-2028.7857142857247,18885.0,18962.5,18855.0,19120.163795600525,18748.601940557637,19107.64522788697,18761.047004391465,19850.0,19922.5,19692.5,10:00,above_vah,inside_both,below_week_val,neg,neg
long,2024-09-04 10:30:00-04:00,2024-09-04,2024-09-04 15:05:00-04:00,sl,19037.625,18913.446428571428,19037.5,18913.571428571428,19224.607142857145,63.17857142857143,0.7346938775510204,220,-29,8,18949.0,19002.0,-124.17857142857247,-2483.5714285714494,-2488.0714285714494,18885.0,18947.5,18855.0,19082.588680609257,18785.956429931317,19077.80777284369,18790.709266173257,19850.0,19922.5,19692.5,10:00,above_vah,inside_both,below_week_val,neg,pos
long,2024-09-04 12:20:00-04:00,2024-09-04,2024-09-04 14:20:00-04:00,sl,19042.625,18978.89285714286,19042.5,18979.01785714286,19141.464285714283,35.482142857142854,0.7244094488188977,358,-62,60,19010.5,19034.0,-63.7321428571413,-1274.642857142826,-1279.142857142826,18885.0,19000.0,18855.0,19141.165272068793,18727.723776119605,19148.786921725485,18720.146877654304,19850.0,19922.5,19692.5,12:00,above_vah,inside_both,below_week_val,neg,pos
long,2024-09-04 15:20:00-04:00,2024-09-04,2024-09-04 16:55:00-04:00,eod,18951.375,18964.375,18951.25,18891.160714285714,19041.678571428572,30.339285714285715,0.8721804511278195,233,-4,21,18925.0,18949.5,13.0,260.0,255.5,19020.0,19065.0,18905.0,19176.83126618189,18692.26719805167,19176.805878242285,18692.29243692374,19850.0,19922.5,19692.5,15:00,in_va,inside_both,below_week_val,neg,pos
long,2024-09-05 10:20:00-04:00,2024-09-05,2024-09-05 10:45:00-04:00,sl,19130.125,19005.39285714286,19130.0,19005.51785714286,19306.464285714283,51.982142857142854,0.9320388349514563,664,-5,57,19084.75,19122.5,-124.7321428571413,-2494.642857142826,-2499.142857142826,18907.5,19012.5,18882.5,19046.787022704313,18804.80033478021,19061.038453743906,18790.6073312638,19850.0,19922.5,19692.5,10:00,above_vah,outside_both,below_week_val,neg,pos
long,2024-09-05 13:40:00-04:00,2024-09-05,2024-09-05 15:15:00-04:00,sl,18979.625,18905.339285714286,18979.5,18905.464285714286,19082.321428571428,28.785714285714285,0.8877551020408163,365,-12,50,18947.25,18973.5,-74.28571428571377,-1485.7142857142753,-1490.2142857142753,18937.5,19005.0,18870.0,19125.924730559203,18725.98707295794,19148.019561188852,18703.982825949348,19850.0,19922.5,19692.5,13:00,in_va,inside_both,below_week_val,neg,pos
long,2024-09-11 13:45:00-04:00,2024-09-11,2024-09-11 15:20:00-04:00,tp,19065.125,19188.767857142855,19065.0,18976.803571428572,19188.892857142855,35.69642857142857,0.9342723004694836,358,-37,15,19005.5,19019.75,123.64285714285506,2472.8571428571013,2468.3571428571013,18800.0,18935.0,18692.5,19096.28202611069,18641.65829666866,19092.72253562338,18645.205123280753,19600.0,19687.5,19462.5,13:00,above_vah,inside_both,below_week_val,neg,pos
long,2024-09-06 13:20:00-04:00,2024-09-06,2024-09-06 13:35:00-04:00,sl,18542.125,18472.446428571428,18542.0,18472.571428571428,18645.357142857145,33.92857142857143,0.8903225806451613,538,-15,128,18517.0,18535.0,-69.67857142857247,-1393.5714285714494,-1398.0714285714494,18472.5,18800.0,18430.0,19079.494736991524,18775.044815759302,19104.54229355815,18750.00387511644,19850.0,19922.5,19692.5,13:00,in_va,outside_both,below_week_val,neg,pos
long,2024-09-09 11:25:00-04:00,2024-09-09,2024-09-09 12:30:00-04:00,tp,18568.625,18683.160714285717,18568.5,18491.35714285714,18683.285714285717,37.642857142857146,0.7831325301204819,482,-52,12,18538.75,18555.25,114.5357142857174,2290.714285714348,2286.214285714348,18650.0,18675.0,18545.0,18796.58986411421,18211.923828611216,18776.900586914864,18231.347552249725,19600.0,19687.5,19462.5,11:00,in_va,inside_both,below_week_val,neg,pos
long,2024-09-10 10:25:00-04:00,2024-09-10,2024-09-10 11:55:00-04:00,sl,18780.875,18654.696428571428,18780.75,18654.821428571428,18961.357142857145,54.67857142857143,0.8808777429467085,1179,-5,35,18729.5,18742.25,-126.17857142857247,-2523.5714285714494,-2528.0714285714494,18757.5,18815.0,18690.0,18883.792382482887,18597.194006336955,18858.044526095095,18622.893477399142,19600.0,19687.5,19462.5,10:00,in_va,inside_both,below_week_val,neg,pos
long,2024-09-10 15:25:00-04:00,2024-09-10,2024-09-10 16:45:00-04:00,sl,18858.625,18821.678571428572,18858.5,18821.803571428572,18912.392857142855,17.196428571428573,0.8271604938271605,284,-60,19,18837.25,18842.25,-36.94642857142753,-738.9285714285506,-743.4285714285506,18757.5,18800.0,18665.0,18942.959459195237,18538.138116289178,18949.959094054506,18531.1516351312,19600.0,19687.5,19462.5,15:00,above_vah,inside_both,below_week_val,neg,pos
long,2024-09-11 12:00:00-04:00,2024-09-11,2024-09-11 13:45:00-04:00,tp,18861.875,19038.125,18861.75,18734.625,19038.25,49.375,0.9037267080745341,875,-124,102,18796.0,18825.0,176.25,3525.0,3520.5,18800.0,18925.0,18697.5,19077.842768994014,18660.031951011002,19061.955040490844,18675.863154510967,19600.0,19687.5,19462.5,12:00,in_va,inside_both,below_week_val,neg,pos
long,2024-09-11 13:25:00-04:00,2024-09-11,2024-09-11 14:25:00-04:00,tp,18985.625,19095.482142857145,18985.5,18914.946428571428,19095.607142857145,39.55357142857143,0.7090909090909091,526,-17,174,18973.75,18985.25,109.85714285714494,2197.1428571428987,2192.6428571428987,18800.0,18932.5,18720.0,19072.975828964813,18664.88157555041,19081.317733442404,18656.569349712987,19600.0,19687.5,19462.5,13:00,above_vah,inside_both,below_week_val,neg,pos
long,2024-09-17 10:40:00-04:00,2024-09-17,2024-09-17 10:55:00-04:00,sl,19817.875,19752.803571428572,19817.75,19752.928571428572,19922.142857142855,39.57142857142857,0.7777777777777778,409,-9,33,19780.25,19808.5,-65.07142857142753,-1301.4285714285506,-1305.9285714285506,19782.5,19812.5,19750.0,19963.32473337052,19483.15613327032,19925.253647883565,19520.948825747717,18937.5,19162.5,18715.0,10:00,above_vah,inside_both,above_week_vah,neg,pos
long,2024-09-20 11:30:00-04:00,2024-09-20,2024-09-20 15:35:00-04:00,tp,19946.125,20056.017857142855,19946.0,19868.178571428572,20056.142857142855,32.32142857142857,0.7745098039215687,684,-162,117,19922.5,19934.25,109.89285714285506,2197.8571428571013,2193.3571428571013,20040.0,20067.5,19987.5,20223.97277608232,19874.744193922004,20211.170945583362,19887.528796003946,18937.5,19162.5,18715.0,11:00,below_val,inside_both,above_week_vah,neg,pos
long,2024-09-20 14:50:00-04:00,2024-09-20,2024-09-20 15:35:00-04:00,tp,19982.625,20052.517857142855,19982.5,19934.053571428572,20052.642857142855,21.696428571428573,0.8416666666666667,258,-53,149,19953.75,19961.0,69.89285714285506,1397.8571428571013,1393.3571428571013,20017.5,20065.0,19975.0,20278.938534030385,19819.852407661,20273.461657187,19825.321913846088,18937.5,19162.5,18715.0,14:00,in_va,inside_both,above_week_vah,neg,pos
long,2024-09-23 11:50:00-04:00,2024-09-23,2024-09-23 12:10:00-04:00,sl,20120.125,20081.464285714286,20120.0,20081.589285714286,20181.571428571428,23.160714285714285,0.7160493827160493,497,-8,239,20106.75,20119.75,-38.660714285713766,-773.2142857142753,-777.7142857142753,20075.0,20105.0,20052.5,20219.931318949082,19873.257514628476,20237.199022247063,19856.042920231303,18660.0,18867.5,18582.5,11:00,above_vah,inside_both,above_week_vah,neg,pos
long,2024-09-25 09:55:00-04:00,2024-09-25,2024-09-25 12:05:00-04:00,sl,20232.125,20173.839285714286,20232.0,20173.964285714286,20311.321428571428,21.285714285714285,0.7354838709677419,547,-88,-12,20209.75,20214.25,-58.285714285713766,-1165.7142857142753,-1170.2142857142753,20127.5,20192.5,20117.5,20230.164309317177,20096.18415159796,20259.233515804364,20067.17867047395,18660.0,18867.5,18582.5,09:00,above_vah,inside_90_only,above_week_vah,neg,neg
long,2024-09-25 11:35:00-04:00,2024-09-25,2024-09-25 11:50:00-04:00,sl,20232.375,20182.696428571428,20232.25,20182.821428571428,20306.857142857145,25.178571428571427,0.7089552238805971,359,-4,70,20208.5,20219.5,-49.67857142857247,-993.5714285714494,-998.0714285714494,20230.0,20267.5,20152.5,20268.017556336064,20058.41388627019,20337.23340291444,19989.349774310467,18660.0,18867.5,18582.5,11:00,in_va,inside_both,above_week_vah,neg,pos
long,2024-09-25 12:20:00-04:00,2024-09-25,2024-09-25 12:55:00-04:00,sl,20209.625,20173.196428571428,20209.5,20173.321428571428,20269.107142857145,23.428571428571427,0.847457627118644,221,-3,128,20197.25,20203.0,-36.42857142857247,-728.5714285714494,-733.0714285714494,20230.0,20267.5,20167.5,20257.800356425574,20068.60868808821,20355.153095400965,19971.469365280547,18660.0,18867.5,18582.5,12:00,in_va,inside_both,above_week_vah,neg,pos
long,2024-09-25 13:55:00-04:00,2024-09-25,2024-09-25 14:15:00-04:00,sl,20200.875,20156.589285714286,20200.75,20156.714285714286,20269.571428571428,24.785714285714285,0.7209302325581395,234,-35,29,20181.25,20190.0,-44.285714285713766,-885.7142857142753,-890.2142857142753,20185.0,20250.0,20160.0,20277.29467719745,20049.157102664878,20392.266253573467,19934.437566380242,18660.0,18867.5,18582.5,13:00,in_va,inside_both,above_week_vah,neg,pos
long,2024-10-09 11:50:00-04:00,2024-10-09,2024-10-09 12:05:00-04:00,sl,20443.375,20399.803571428572,20443.25,20399.928571428572,20508.392857142855,21.821428571428573,0.9340659340659341,871,-1,66,20426.25,20437.0,-43.57142857142753,-871.4285714285506,-875.9285714285506,20270.0,20330.0,20210.0,20431.84881479674,20136.43168837476,20455.584572852225,20112.70090299642,20075.0,20275.0,20037.5,11:00,above_vah,inside_90_only,above_week_vah,neg,pos
long,2024-09-27 13:00:00-04:00,2024-09-27,2024-09-27 13:15:00-04:00,sl,20281.125,20241.696428571428,20281.0,20241.821428571428,20340.607142857145,20.428571428571427,0.8222222222222222,417,-1,110,20252.25,20268.5,-39.42857142857247,-788.5714285714494,-793.0714285714494,20315.0,20382.5,20277.5,20482.12746708628,20241.285552031866,20558.821495153432,20164.711020242034,18660.0,18867.5,18582.5,13:00,in_va,inside_both,above_week_vah,neg,pos
long,2024-09-30 11:25:00-04:00,2024-09-30,2024-09-30 11:40:00-04:00,sl,20226.875,20175.51785714286,20226.75,20175.64285714286,20307.714285714283,29.857142857142858,0.9540229885057471,330,-4,12,20194.25,20210.0,-51.3571428571413,-1027.142857142826,-1031.642857142826,20175.0,20222.5,20155.0,20296.745745814085,20075.82361324938,20352.79457528653,20019.812255138186,19660.0,20002.5,19550.0,11:00,above_vah,inside_both,above_week_vah,neg,pos
long,2024-09-30 11:00:00-04:00,2024-09-30,2024-09-30 14:15:00-04:00,sl,20203.375,20139.928571428572,20203.25,20140.053571428572,20299.892857142855,33.44642857142857,0.7251908396946565,413,1,49,20180.5,20189.0,-63.44642857142753,-1268.9285714285506,-1273.4285714285506,20175.0,20227.5,20155.0,20289.63476653036,20082.92983849852,20330.161138734547,20042.430560139957,19660.0,20002.5,19550.0,11:00,in_va,inside_both,above_week_vah,pos,pos
long,2024-10-01 13:55:00-04:00,2024-10-01,2024-10-01 16:55:00-04:00,eod,19999.375,19962.125,19999.25,19905.839285714286,20135.821428571428,43.160714285714285,0.9134615384615384,492,-10,113,19955.0,19985.5,-37.25,-745.0,-749.5,19930.0,20035.0,19830.0,20345.159176460238,20140.177073517967,20459.64384431074,20025.798399521023,19660.0,20002.5,19550.0,13:00,in_va,outside_both,in_week_va,neg,pos
long,2024-10-01 11:25:00-04:00,2024-10-01,2024-10-01 14:15:00-04:00,tp,19893.375,20046.339285714283,19893.25,19784.89285714286,20046.464285714283,44.857142857142854,0.9323308270676691,432,-18,8,19837.0,19850.75,152.9642857142826,3059.285714285652,3054.785714285652,19927.5,20147.5,19817.5,20354.18316870169,20131.161435999733,20411.860163593898,20073.53784045841,19660.0,20002.5,19550.0,11:00,in_va,outside_both,in_week_va,neg,pos
long,2024-10-01 13:30:00-04:00,2024-10-01,2024-10-01 14:30:00-04:00,tp,19913.375,20072.875,19913.25,19799.0,20073.0,45.5,0.7781456953642384,818,-86,177,19860.75,19877.0,159.5,3190.0,3185.5,19950.0,20042.5,19830.0,20356.09510301691,20129.251271819234,20442.030089966065,20043.395846444506,19660.0,20002.5,19550.0,13:00,in_va,outside_both,in_week_va,neg,pos
long,2024-10-02 11:15:00-04:00,2024-10-02,2024-10-02 12:55:00-04:00,sl,20085.125,19999.73214285714,20085.0,19999.85714285714,20215.535714285717,45.392857142857146,0.8166666666666667,891,-9,190,20049.25,20065.25,-85.3928571428587,-1707.857142857174,-1712.357142857174,19950.0,19995.0,19895.0,20093.389357413813,19811.987102911564,20117.342162575664,19788.057395922482,19660.0,20002.5,19550.0,11:00,above_vah,inside_both,above_week_vah,neg,pos
long,2024-10-02 10:15:00-04:00,2024-10-02,2024-10-02 16:55:00-04:00,eod,19997.625,20056.125,19997.5,19900.071428571428,20140.107142857145,45.17857142857143,0.7887931034482759,608,-158,72,19952.5,19974.5,58.5,1170.0,1165.5,19950.0,19967.5,19907.5,20059.343286904812,19846.000342108597,20077.449646029403,19827.91144331103,19660.0,20002.5,19550.0,10:00,above_vah,inside_both,in_week_va,neg,pos
long,2024-10-02 10:45:00-04:00,2024-10-02,2024-10-02 16:55:00-04:00,eod,20051.625,20056.125,20051.5,19946.035714285714,20207.928571428572,50.964285714285715,0.7807017543859649,765,-128,96,20004.5,20027.25,4.5,90.0,85.5,19950.0,19972.5,19895.0,20069.656321811977,19835.697252268845,20095.85508753113,19809.52375054749,19660.0,20002.5,19550.0,10:00,above_vah,inside_both,above_week_vah,neg,pos
long,2024-10-03 10:00:00-04:00,2024-10-03,2024-10-03 10:10:00-04:00,sl,20091.125,19987.410714285714,20091.0,19987.535714285714,20228.928571428572,34.464285714285715,0.9645390070921985,1456,-6,61,20073.75,20083.75,-103.71428571428623,-2074.2857142857247,-2078.7857142857247,19965.0,20005.0,19915.0,20121.13685244165,19847.579831433188,20139.606657381777,19829.242866349097,19660.0,20002.5,19550.0,10:00,above_vah,inside_both,above_week_vah,neg,pos
long,2024-10-04 10:40:00-04:00,2024-10-04,2024-10-04 16:55:00-04:00,eod,20092.625,20202.125,20092.5,19987.428571428572,20253.892857142855,56.32142857142857,0.8421052631578947,447,-24,42,20052.75,20068.0,109.5,2190.0,2185.5,20227.5,20260.0,20055.0,20347.10681772386,19839.987145072253,20362.9986141779,19824.306691892565,19660.0,20002.5,19550.0,10:00,in_va,inside_both,above_week_vah,neg,pos
long,2024-10-04 12:35:00-04:00,2024-10-04,2024-10-04 16:55:00-04:00,eod,20160.875,20202.125,20160.75,20076.160714285714,20278.678571428572,33.339285714285715,0.8810572687224669,849,-8,113,20142.25,20160.5,41.25,825.0,820.5,20100.0,20150.0,20010.0,20362.951989461682,19824.35269655175,20404.309906439557,19783.544794018104,19660.0,20002.5,19550.0,12:00,above_vah,inside_both,above_week_vah,neg,pos
long,2024-10-08 10:30:00-04:00,2024-10-08,2024-10-08 15:30:00-04:00,tp,20207.625,20301.625,20207.5,20146.5,20301.75,33.25,0.728,712,-62,138,20190.5,20199.5,94.0,1880.0,1875.5,20087.5,20202.5,20027.5,20234.034666309275,19887.026989553426,20218.262825785605,19902.7309680528,20075.0,20275.0,20037.5,10:00,above_vah,inside_both,in_week_va,neg,pos
long,2024-10-08 14:35:00-04:00,2024-10-08,2024-10-08 15:35:00-04:00,tp,20259.125,20315.375,20259.0,20218.0,20315.5,15.5,0.7153284671532847,431,-34,138,20235.0,20248.5,56.25,1125.0,1120.5,20232.5,20272.5,20090.0,20196.080735151216,19924.81761506594,20311.63983615585,19809.755734059658,20075.0,20275.0,20037.5,14:00,in_va,inside_90_only,in_week_va,neg,pos
long,2024-10-09 10:15:00-04:00,2024-10-09,2024-10-09 11:30:00-04:00,tp,20320.625,20403.446428571428,20320.5,20265.714285714286,20403.571428571428,28.285714285714285,0.7027027027027027,540,-82,87,20266.5,20307.75,82.82142857142753,1656.4285714285506,1651.9285714285506,20270.0,20292.5,20247.5,20406.07188731114,20162.203215555142,20405.964896724807,20162.310183726782,20075.0,20275.0,20037.5,10:00,above_vah,inside_both,above_week_vah,neg,pos
long,2024-10-09 14:25:00-04:00,2024-10-09,2024-10-09 16:55:00-04:00,eod,20456.375,20449.125,20456.25,20390.375,20545.0,22.875,0.8814432989690721,755,-1,138,20417.0,20424.0,-7.25,-145.0,-149.5,20412.5,20447.5,20277.5,20390.661324168843,20177.610550161193,20491.06166771176,20077.23124064182,20075.0,20275.0,20037.5,14:00,above_vah,inside_90_only,above_week_vah,neg,pos
long,2024-10-10 13:20:00-04:00,2024-10-10,2024-10-10 13:50:00-04:00,sl,20464.375,20411.571428571428,20464.25,20411.696428571428,20544.607142857145,27.803571428571427,0.7967479674796748,686,-1,188,20437.75,20457.25,-52.80357142857247,-1056.0714285714494,-1060.5714285714494,20377.5,20442.5,20355.0,20604.544174404797,20204.639296905712,20642.769840134537,20166.581867659737,20075.0,20275.0,20037.5,13:00,above_vah,inside_both,above_week_vah,neg,pos
long,2024-10-11 10:05:00-04:00,2024-10-11,2024-10-11 16:55:00-04:00,eod,20414.125,20413.125,20414.0,20330.01785714286,20522.964285714283,24.982142857142858,0.8860759493670886,1825,-42,11,20358.0,20380.0,-1.0,-20.0,-24.5,20367.5,20387.5,20325.0,20533.758719182377,20239.948647391502,20537.932448892683,20235.793863182626,20075.0,20275.0,20037.5,10:00,above_vah,inside_both,above_week_vah,neg,pos
long,2024-10-15 12:05:00-04:00,2024-10-15,2024-10-15 15:00:00-04:00,sl,20388.875,20305.35714285714,20388.75,20305.48214285714,20510.035714285717,38.017857142857146,0.8894736842105263,479,-56,29,20350.75,20372.0,-83.5178571428587,-1670.357142857174,-1674.857142857174,20627.5,20657.5,20412.5,20765.94146031613,20504.35022051615,20819.08070047889,20451.228360001674,19950.0,20145.0,19885.0,12:00,below_val,outside_both,above_week_vah,neg,pos
long,2024-10-16 14:20:00-04:00,2024-10-16,2024-10-16 16:15:00-04:00,sl,20377.375,20321.160714285714,20377.25,20321.285714285714,20451.178571428572,17.964285714285715,0.9056603773584906,880,6,41,20328.5,20349.25,-56.214285714286234,-1124.2857142857247,-1128.7857142857247,20310.0,20357.5,20265.0,20491.233294053964,20195.40229440886,20564.548165011292,20122.159465873225,19950.0,20145.0,19885.0,14:00,above_vah,inside_both,above_week_vah,pos,pos
long,2024-10-16 12:55:00-04:00,2024-10-16,2024-10-16 16:55:00-04:00,eod,20335.375,20327.875,20335.25,20299.625,20389.25,18.375,0.8227848101265823,498,-24,48,20304.75,20325.25,-7.5,-150.0,-154.5,20300.0,20332.5,20225.0,20496.563131758714,20190.07769403742,20540.579738788503,20146.104339664606,19950.0,20145.0,19885.0,12:00,above_vah,inside_both,above_week_vah,neg,pos
long,2024-10-17 11:05:00-04:00,2024-10-17,2024-10-17 16:55:00-04:00,eod,20424.375,20383.375,20424.25,20324.39285714286,20568.714285714283,44.607142857142854,0.8524590163934426,612,-34,132,20400.25,20418.75,-41.0,-820.0,-824.5,20442.5,20500.0,20372.5,20679.898653665474,20222.62268568594,20725.304112728914,20177.758496904797,19950.0,20145.0,19885.0,11:00,in_va,inside_both,above_week_vah,neg,pos
long,2024-10-18 12:40:00-04:00,2024-10-18,2024-10-18 14:00:00-04:00,sl,20489.375,20456.928571428572,20489.25,20457.053571428572,20538.892857142855,17.446428571428573,0.8709677419354839,209,2,18,20483.0,20488.5,-32.44642857142753,-648.9285714285506,-653.4285714285506,20490.0,20502.5,20450.0,20577.17249550559,20273.025990978407,20645.57278427308,20204.902261125986,19950.0,20145.0,19885.0,12:00,in_va,inside_both,above_week_vah,pos,pos
long,2024-10-21 11:55:00-04:00,2024-10-21,2024-10-21 16:35:00-04:00,tp,20456.375,20545.589285714283,20456.25,20398.01785714286,20545.714285714283,31.232142857142858,0.7482517482517482,322,-1,205,20425.5,20441.75,89.2142857142826,1784.285714285652,1779.785714285652,20425.0,20477.5,20352.5,20614.996573680783,20297.36405369942,20659.412171047035,20253.070964174618,20437.5,20487.5,20215.0,11:00,in_va,inside_both,in_week_va,neg,pos
long,2024-10-22 13:30:00-04:00,2024-10-22,2024-10-22 13:55:00-04:00,tp,20516.625,20569.589285714283,20516.5,20482.26785714286,20569.714285714283,18.982142857142858,0.8125,253,-96,10,20488.75,20512.0,52.964285714282596,1059.285714285652,1054.785714285652,20495.0,20507.5,20435.0,20653.899683432875,20288.114196762737,20734.914913864304,20207.636405325717,20437.5,20487.5,20215.0,13:00,above_vah,inside_both,above_week_vah,neg,pos
long,2024-10-22 12:50:00-04:00,2024-10-22,2024-10-22 13:40:00-04:00,tp,20490.625,20560.982142857145,20490.5,20439.696428571428,20561.107142857145,19.803571428571427,0.7762237762237763,665,-12,65,20461.5,20472.5,70.35714285714494,1407.1428571428987,1402.6428571428987,20472.5,20507.5,20432.5,20644.007092246968,20297.941162457853,20722.46666329214,20220.00207666884,20437.5,20487.5,20215.0,12:00,in_va,inside_both,above_week_vah,neg,pos
long,2024-10-22 15:05:00-04:00,2024-10-22,2024-10-22 16:55:00-04:00,eod,20538.125,20518.875,20538.0,20506.839285714286,20587.321428571428,18.160714285714285,0.8909090909090909,266,1,13,20525.5,20532.75,-19.25,-385.0,-389.5,20495.0,20515.0,20405.0,20686.15045016126,20256.07737523388,20736.975538254595,20205.589450709544,20437.5,20487.5,20215.0,15:00,above_vah,inside_both,above_week_vah,pos,pos
long,2024-10-23 10:25:00-04:00,2024-10-23,2024-10-23 11:10:00-04:00,sl,20418.125,20328.89285714286,20418.0,20329.01785714286,20543.714285714283,36.732142857142854,0.7767441860465116,842,-143,102,20376.5,20404.75,-89.2321428571413,-1784.642857142826,-1789.142857142826,20432.5,20517.5,20412.5,20589.343046701695,20364.944921324175,20636.753991826165,20317.72806555058,20437.5,20487.5,20215.0,10:00,in_va,inside_both,in_week_va,neg,pos
long,2024-10-23 13:25:00-04:00,2024-10-23,2024-10-23 13:50:00-04:00,sl,20191.125,20137.410714285714,20191.0,20137.535714285714,20272.678571428572,28.214285714285715,0.8828828828828829,407,-15,98,20174.0,20186.0,-53.714285714286234,-1074.2857142857247,-1078.7857142857247,20432.5,20500.0,20317.5,20636.543476407267,20317.937719168454,20711.287142090794,20243.50003661848,20437.5,20487.5,20215.0,13:00,below_val,outside_both,below_week_val,neg,pos
long,2024-10-23 16:15:00-04:00,2024-10-23,2024-10-23 16:55:00-04:00,eod,20286.875,20274.375,20286.75,20229.589285714286,20372.321428571428,28.410714285714285,0.9401709401709402,608,-14,11,20253.0,20267.0,-12.5,-250.0,-254.5,20175.0,20397.5,20080.0,20662.50031326545,20292.087143546007,20738.425237411087,20216.473038330543,20437.5,20487.5,20215.0,16:00,in_va,inside_90_only,in_week_va,neg,pos
long,2024-10-24 10:30:00-04:00,2024-10-24,2024-10-24 11:45:00-04:00,sl,20364.625,20273.678571428572,20364.5,20273.803571428572,20496.642857142855,41.44642857142857,0.975,940,-3,24,20342.25,20360.0,-90.94642857142753,-1818.9285714285506,-1823.4285714285506,20335.0,20375.0,20312.5,20452.361687178236,20195.022479975698,20490.71623011604,20156.852437968457,20437.5,20487.5,20215.0,10:00,in_va,inside_both,in_week_va,neg,pos
long,2024-10-29 15:05:00-04:00,2024-10-29,2024-10-29 15:55:00-04:00,sl,20715.125,20682.464285714286,20715.0,20682.589285714286,20761.321428571428,13.910714285714286,0.8192771084337349,505,-17,117,20694.25,20707.25,-32.660714285713766,-653.2142857142753,-657.7142857142753,20490.0,20615.0,20440.0,20648.221595187566,20370.05349286187,20705.23957833008,20313.045934244576,20482.5,20517.5,20292.5,15:00,above_vah,outside_both,above_week_vah,neg,pos
long,2024-10-29 11:55:00-04:00,2024-10-29,2024-10-29 14:20:00-04:00,tp,20621.625,20688.553571428572,20621.5,20577.160714285714,20688.678571428572,22.839285714285715,0.7920792079207921,562,-11,235,20599.5,20611.0,66.92857142857247,1338.5714285714494,1334.0714285714494,20490.0,20570.0,20440.0,20615.35103105888,20402.918047307194,20681.534513311362,20336.746665296454,20482.5,20517.5,20292.5,11:00,above_vah,inside_90_only,above_week_vah,neg,pos
long,2024-10-29 10:20:00-04:00,2024-10-29,2024-10-29 15:20:00-04:00,tp,20587.625,20729.196428571428,20587.5,20483.964285714286,20729.321428571428,38.285714285714285,0.7372262773722628,1326,-96,98,20560.25,20571.75,141.57142857142753,2831.4285714285506,2826.9285714285506,20490.0,20530.0,20480.0,20604.80515814386,20413.4619921337,20631.91488235714,20386.357224356758,20482.5,20517.5,20292.5,10:00,above_vah,inside_both,above_week_vah,neg,pos
long,2024-10-30 10:15:00-04:00,2024-10-30,2024-10-30 11:10:00-04:00,sl,20679.125,20624.125,20679.0,20624.25,20766.0,32.25,0.8936170212765957,612,-37,39,20661.5,20671.25,-55.0,-1100.0,-1104.5,20660.0,20720.0,20542.5,20799.097670896906,20570.60851941527,20829.400751032903,20540.37421596327,20482.5,20517.5,20292.5,10:00,in_va,inside_both,above_week_vah,neg,pos
long,2024-11-01 10:10:00-04:00,2024-11-01,2024-11-01 14:20:00-04:00,sl,20215.125,20136.73214285714,20215.0,20136.85714285714,20329.035714285717,35.892857142857146,0.8153846153846154,1239,-27,407,20176.25,20200.75,-78.3928571428587,-1567.857142857174,-1572.357142857174,20100.0,20135.0,20065.0,20181.97863614916,19930.16773111079,20182.245058959594,19929.90165345921,20482.5,20517.5,20292.5,10:00,above_vah,outside_both,below_week_val,neg,pos
long,2024-10-31 10:15:00-04:00,2024-10-31,2024-10-31 10:45:00-04:00,sl,20187.125,20087.14285714286,20187.0,20087.26785714286,20330.964285714283,44.232142857142854,0.7634408602150538,276,-24,43,20155.0,20183.0,-99.9821428571413,-1999.642857142826,-2004.142857142826,20390.0,20460.0,20255.0,20595.235828270597,20278.370854900328,20626.190070543038,20247.62944474182,20482.5,20517.5,20292.5,10:00,below_val,outside_both,below_week_val,neg,pos
long,2024-11-01 13:50:00-04:00,2024-11-01,2024-11-01 14:05:00-04:00,sl,20196.625,20145.785714285714,20196.5,20145.910714285714,20276.178571428572,29.089285714285715,0.7864077669902912,224,-12,111,20176.5,20187.25,-50.839285714286234,-1016.7857142857247,-1021.2857142857247,20240.0,20275.0,20132.5,20215.375048701186,19896.814584627144,20266.87167081092,19845.384677957885,20482.5,20517.5,20292.5,13:00,in_va,inside_both,below_week_val,neg,pos
long,2024-11-01 15:05:00-04:00,2024-11-01,2024-11-01 15:50:00-04:00,sl,20193.625,20137.35714285714,20193.5,20137.48214285714,20273.285714285717,23.767857142857142,0.7769784172661871,216,-57,22,20164.75,20179.75,-56.2678571428587,-1125.357142857174,-1129.857142857174,20240.0,20267.5,20140.0,20214.080820636307,19898.10713598019,20259.39670343438,19852.8499612868,20482.5,20517.5,20292.5,15:00,in_va,inside_both,below_week_val,neg,pos
long,2024-11-04 10:15:00-05:00,2024-11-04,2024-11-04 11:50:00-05:00,sl,20161.125,20082.660714285714,20161.0,20082.785714285714,20278.428571428572,39.214285714285715,0.7257142857142858,1055,-42,115,20120.5,20141.25,-78.46428571428623,-1569.2857142857247,-1573.7857142857247,20122.5,20190.0,20100.0,20283.188104917754,20007.591857167292,20290.301550658638,20000.496044935513,20490.0,20552.5,20332.5,10:00,in_va,inside_both,below_week_val,neg,pos
long,2024-11-05 09:30:00-05:00,2024-11-05,2024-11-05 10:00:00-05:00,tp,20210.625,20308.232142857145,20210.5,20129.821428571428,20308.357142857145,17.178571428571427,0.8694029850746269,558,1,111,20150.0,20169.0,97.60714285714494,1952.1428571428987,1947.6428571428987,20140.0,20165.0,20110.0,20158.811100502116,20107.95119001353,20160.504127955544,20106.261334006784,20490.0,20552.5,20332.5,09:00,above_vah,outside_both,below_week_val,pos,pos
long,2024-11-05 10:20:00-05:00,2024-11-05,2024-11-05 10:55:00-05:00,sl,20305.375,20242.910714285714,20305.25,20243.035714285714,20400.178571428572,32.714285714285715,0.816,657,-57,78,20279.5,20294.25,-62.464285714286234,-1249.2857142857247,-1253.7857142857247,20140.0,20235.0,20045.0,20253.816542989367,20013.12371551764,20272.257948159964,19994.71685552414,20490.0,20552.5,20332.5,10:00,above_vah,outside_both,below_week_val,neg,pos
long,2024-11-06 12:45:00-05:00,2024-11-06,2024-11-06 14:10:00-05:00,tp,20822.625,20882.625,20822.5,20781.625,20882.75,19.375,0.8854166666666666,796,-1,290,20795.75,20822.0,60.0,1200.0,1195.5,20797.5,20807.5,20667.5,20824.339292111094,20225.333697751474,20862.753729609372,20187.517258724267,20490.0,20552.5,20332.5,12:00,above_vah,inside_both,above_week_vah,neg,pos
long,2024-11-07 10:45:00-05:00,2024-11-07,2024-11-07 15:00:00-05:00,tp,21150.375,21236.125,21150.25,21091.0,21236.25,26.75,0.9477611940298507,1070,-4,31,21104.5,21125.5,85.75,1715.0,1710.5,21110.0,21125.0,20965.0,21118.637313687705,20810.811096773334,21151.574358887516,20778.005758987743,20490.0,20552.5,20332.5,10:00,above_vah,inside_90_only,above_week_vah,neg,pos
long,2024-11-08 12:30:00-05:00,2024-11-08,2024-11-08 16:55:00-05:00,eod,21223.375,21226.625,21223.25,21184.64285714286,21277.714285714283,15.857142857142858,0.8369565217391305,426,-18,31,21200.0,21210.5,3.25,65.0,60.5,21200.0,21225.0,21177.5,21368.758570899856,21042.260187569107,21417.52303002981,20993.587053028987,20490.0,20552.5,20332.5,12:00,in_va,inside_both,above_week_vah,neg,pos
long,2024-11-11 10:30:00-05:00,2024-11-11,2024-11-11 12:45:00-05:00,sl,21216.625,21158.553571428572,21216.5,21158.678571428572,21303.892857142855,29.571428571428573,0.7746478873239436,770,-2,314,21186.0,21201.0,-58.07142857142753,-1161.4285714285506,-1165.9285714285506,21282.5,21340.0,21200.0,21402.393625034463,21107.671926880594,21409.67222102036,21100.4125678925,20540.0,20787.5,20202.5,10:00,in_va,inside_both,above_week_vah,neg,pos
long,2024-11-11 15:05:00-05:00,2024-11-11,2024-11-11 16:05:00-05:00,tp,21190.625,21230.839285714283,21190.5,21163.01785714286,21230.964285714283,12.982142857142858,0.9,286,-22,11,21166.75,21179.0,40.214285714282596,804.2857142856519,799.7857142856519,21170.0,21260.0,21122.5,21441.642601638927,21068.52668353432,21479.619027608387,21030.650627529656,20540.0,20787.5,20202.5,15:00,in_va,inside_both,above_week_vah,neg,pos
long,2024-11-13 13:45:00-05:00,2024-11-13,2024-11-13 14:15:00-05:00,sl,21259.125,21209.089285714286,21259.0,21209.214285714286,21327.571428571428,18.785714285714285,0.7727272727272727,819,11,136,21226.0,21241.5,-50.035714285713766,-1000.7142857142753,-1005.2142857142753,21130.0,21182.5,21100.0,21328.988737525102,21007.898505519443,21380.325549343503,20956.608356918885,20540.0,20787.5,20202.5,13:00,above_vah,inside_both,above_week_vah,pos,pos
long,2024-11-12 11:50:00-05:00,2024-11-12,2024-11-12 12:50:00-05:00,sl,21187.125,21117.071428571428,21187.0,21117.196428571428,21283.357142857145,26.553571428571427,0.8177339901477833,804,-14,114,21155.5,21170.5,-70.05357142857247,-1401.0714285714494,-1405.5714285714494,21210.0,21235.0,21190.0,21363.99229244754,21060.535941836955,21386.76101925009,21037.7715081349,20540.0,20787.5,20202.5,11:00,below_val,inside_both,above_week_vah,neg,pos
long,2024-11-13 12:10:00-05:00,2024-11-13,2024-11-13 13:55:00-05:00,tp,21195.625,21267.375,21195.5,21152.25,21267.5,28.75,0.7297297297297297,545,-2,420,21169.25,21184.5,71.75,1435.0,1430.5,21130.0,21170.0,21102.5,21321.437109008373,21015.443269891824,21352.42360234056,20984.484942108636,20540.0,20787.5,20202.5,12:00,above_vah,inside_both,above_week_vah,neg,pos
long,2024-11-13 12:45:00-05:00,2024-11-13,2024-11-13 15:50:00-05:00,sl,21202.125,21146.214285714286,21202.0,21146.339285714286,21284.571428571428,26.910714285714285,0.7588652482269503,422,-27,51,21187.75,21200.75,-55.910714285713766,-1118.2142857142753,-1122.7142857142753,21130.0,21175.0,21102.5,21315.151740427,21021.72292531118,21356.95766750182,20979.954998240904,20540.0,20787.5,20202.5,12:00,above_vah,inside_both,above_week_vah,neg,pos
long,2024-12-02 10:00:00-05:00,2024-12-02,2024-12-02 16:55:00-05:00,eod,21175.375,21210.875,21175.25,21117.803571428572,21261.892857142855,29.196428571428573,0.7076923076923077,495,-58,167,21162.25,21174.75,35.5,710.0,705.5,20955.0,21115.0,20940.0,21133.936659136576,20900.28651097881,21131.386274676028,20902.830653631623,20615.0,20790.0,20545.0,10:00,above_vah,outside_both,above_week_vah,neg,pos
long,2024-12-02 09:45:00-05:00,2024-12-02,2024-12-02 11:45:00-05:00,tp,21149.375,21236.375,21149.25,21086.75,21236.5,24.75,0.9210526315789473,1004,-28,57,21129.0,21138.25,87.0,1740.0,1735.5,20955.0,21072.5,20940.0,21118.923771137368,20915.262656454728,21105.170396403228,20928.982371196762,20615.0,20790.0,20545.0,09:00,above_vah,outside_both,above_week_vah,neg,pos
long,2024-11-14 11:35:00-05:00,2024-11-14,2024-11-14 12:00:00-05:00,sl,21123.125,21078.51785714286,21123.0,21078.64285714286,21190.214285714283,22.857142857142858,0.7422680412371134,302,-106,69,21108.25,21115.5,-44.6071428571413,-892.142857142826,-896.642857142826,21095.0,21150.0,21080.0,21298.443248628853,21005.48352174693,21329.444853445922,20974.523294390696,20540.0,20787.5,20202.5,11:00,in_va,inside_both,above_week_vah,neg,pos
long,2024-11-18 10:30:00-05:00,2024-11-18,2024-11-18 13:40:00-05:00,sl,20690.625,20616.035714285714,20690.5,20616.160714285714,20798.178571428572,33.339285714285715,0.8988095238095238,614,-59,4,20631.0,20657.5,-74.58928571428623,-1491.7857142857247,-1496.2857142857247,20530.0,20600.0,20507.5,20660.970724609837,20399.551125681926,20679.652069481912,20380.918626569783,21220.0,21265.0,20315.0,10:00,above_vah,outside_both,in_week_va,neg,pos
long,2024-11-18 11:35:00-05:00,2024-11-18,2024-11-18 11:45:00-05:00,sl,20722.625,20686.714285714286,20722.5,20686.839285714286,20778.071428571428,19.910714285714285,0.9384615384615385,496,-8,14,20691.5,20708.0,-35.910714285713766,-718.2142857142753,-722.7142857142753,20682.5,20715.0,20557.5,20669.955461834088,20390.58988068056,20710.683097765876,20349.96873452993,21220.0,21265.0,20315.0,11:00,above_vah,outside_both,in_week_va,neg,pos
long,2024-11-18 12:55:00-05:00,2024-11-18,2024-11-18 13:45:00-05:00,sl,20661.375,20603.964285714286,20661.25,20604.089285714286,20739.571428571428,21.160714285714285,0.9527027027027027,482,-1,42,20626.25,20633.25,-57.410714285713766,-1148.2142857142753,-1152.7142857142753,20682.5,20710.0,20562.5,20703.88275235991,20356.751299201085,20725.70066408247,20334.99043436061,21220.0,21265.0,20315.0,12:00,in_va,inside_both,in_week_va,neg,pos
long,2024-11-19 13:25:00-05:00,2024-11-19,2024-11-19 13:45:00-05:00,tp,20727.875,20776.732142857145,20727.75,20697.696428571428,20776.857142857145,19.053571428571427,0.7407407407407407,364,-4,153,20720.5,20725.0,48.857142857144936,977.1428571428987,972.6428571428987,20675.0,20697.5,20550.0,20776.512917934353,20376.50676311193,20805.00609684692,20348.163780908453,21220.0,21265.0,20315.0,13:00,above_vah,inside_both,in_week_va,neg,pos
long,2024-11-20 11:50:00-05:00,2024-11-20,2024-11-20 12:10:00-05:00,sl,20695.875,20635.696428571428,20695.75,20635.821428571428,20787.857142857145,32.17857142857143,0.7804878048780488,419,-65,105,20657.0,20672.25,-60.17857142857247,-1203.5714285714494,-1208.0714285714494,20615.0,20737.5,20477.5,20875.326700201225,20632.430576937477,20915.088295450438,20592.671376445745,21220.0,21265.0,20315.0,11:00,in_va,inside_both,in_week_va,neg,pos
long,2024-11-20 10:45:00-05:00,2024-11-20,2024-11-20 15:50:00-05:00,tp,20621.125,20739.982142857145,20621.0,20542.446428571428,20740.107142857145,40.55357142857143,0.8448275862068966,990,-23,24,20585.25,20591.5,118.85714285714494,2377.1428571428987,2372.6428571428987,20795.0,20842.5,20612.5,20847.4766988791,20660.27890091244,20894.682128248365,20613.07631462717,21220.0,21265.0,20315.0,10:00,in_va,inside_90_only,in_week_va,neg,pos
long,2024-11-20 11:45:00-05:00,2024-11-20,2024-11-20 12:20:00-05:00,sl,20672.125,20601.60714285714,20672.0,20601.73214285714,20774.035714285717,31.767857142857142,0.810126582278481,428,-191,58,20627.5,20644.5,-70.5178571428587,-1410.357142857174,-1414.857142857174,20615.0,20742.5,20477.5,20875.111909244453,20632.645354957844,20910.882554332024,20596.87686426119,21220.0,21265.0,20315.0,11:00,in_va,inside_both,in_week_va,neg,pos
long,2024-11-20 15:30:00-05:00,2024-11-20,2024-11-20 16:20:00-05:00,sl,20720.375,20634.321428571428,20720.25,20634.446428571428,20826.607142857145,20.553571428571427,0.9848484848484849,1003,-3,35,20688.75,20709.0,-86.05357142857247,-1721.0714285714494,-1725.5714285714494,20615.0,20707.5,20530.0,20907.859402741513,20599.899833773623,20938.76923651854,20568.99186163105,21220.0,21265.0,20315.0,15:00,above_vah,inside_both,in_week_va,neg,pos
long,2024-11-21 10:45:00-05:00,2024-11-21,2024-11-21 12:40:00-05:00,tp,20637.375,20837.017857142855,20637.25,20511.678571428572,20837.142857142855,74.32142857142857,0.9348837209302325,633,-9,98,20554.0,20597.5,199.64285714285506,3992.8571428571013,3988.3571428571013,20650.0,20770.0,20600.0,20982.421317299475,20633.028353413272,21011.170102009917,20604.468578604225,21220.0,21265.0,20315.0,10:00,in_va,inside_both,in_week_va,neg,pos
long,2024-11-22 12:50:00-05:00,2024-11-22,2024-11-22 14:15:00-05:00,sl,20855.125,20808.053571428572,20855.0,20808.178571428572,20927.892857142855,26.071428571428573,0.7592592592592593,206,-3,52,20826.5,20852.0,-47.07142857142753,-941.4285714285506,-945.9285714285506,20822.5,20835.0,20770.0,20926.201066183654,20658.814858200618,20945.051269713753,20639.966921000967,21220.0,21265.0,20315.0,12:00,above_vah,inside_both,in_week_va,neg,pos
long,2024-11-26 15:45:00-05:00,2024-11-26,2024-11-26 16:55:00-05:00,eod,20985.375,20998.625,20985.25,20951.696428571428,21033.357142857145,14.553571428571429,0.7281553398058253,848,-1,548,20961.5,20983.75,13.25,265.0,260.5,20957.5,20980.0,20925.0,21081.578589149278,20756.939145176988,21113.738321327164,20724.839696897994,21192.5,21247.5,21005.0,15:00,above_vah,inside_both,below_week_val,neg,pos
long,2024-11-26 12:50:00-05:00,2024-11-26,2024-11-26 13:15:00-05:00,sl,20978.625,20948.928571428572,20978.5,20949.053571428572,21026.142857142855,18.196428571428573,0.9130434782608695,321,-21,19,20965.5,20968.5,-29.696428571427532,-593.9285714285506,-598.4285714285506,20957.5,20990.0,20927.5,21066.07156852487,20772.41709765934,21090.128296887156,20748.40546399412,21192.5,21247.5,21005.0,12:00,in_va,inside_both,below_week_val,neg,pos
long,2024-11-26 15:25:00-05:00,2024-11-26,2024-11-26 15:55:00-05:00,tp,20956.875,21002.839285714283,20956.75,20927.14285714286,21002.964285714283,16.607142857142858,0.8888888888888888,276,-22,43,20948.0,20952.75,45.964285714282596,919.2857142856519,914.7857142856519,20957.5,20982.5,20925.0,21075.908177810576,20762.598927244835,21105.661248656477,20732.901628975174,21192.5,21247.5,21005.0,15:00,in_va,inside_both,below_week_val,neg,pos
long,2024-11-27 13:10:00-05:00,2024-11-27,2024-11-27 16:55:00-05:00,eod,20783.125,20806.375,20783.0,20735.60714285714,20849.785714285717,19.392857142857142,0.9310344827586207,465,-9,34,20752.25,20759.75,23.25,465.0,460.5,20710.0,20882.5,20687.5,21135.505362927895,20799.901671309046,21151.330903719136,20784.123233145317,21192.5,21247.5,21005.0,13:00,in_va,outside_both,below_week_val,neg,pos
long,2024-11-27 13:50:00-05:00,2024-11-27,2024-11-27 15:40:00-05:00,sl,20811.375,20778.678571428572,20811.25,20778.803571428572,20861.142857142855,17.446428571428573,0.7878787878787878,374,-87,72,20796.25,20802.0,-32.69642857142753,-653.9285714285506,-658.4285714285506,20710.0,20875.0,20687.5,21160.826245066473,20774.65615342471,21164.9763179697,20770.518432664176,21192.5,21247.5,21005.0,13:00,in_va,inside_both,below_week_val,neg,pos
long,2024-12-02 10:10:00-05:00,2024-12-02,2024-12-02 16:55:00-05:00,eod,21190.625,21210.875,21190.5,21131.714285714286,21279.571428571428,30.285714285714285,0.7950819672131147,680,-166,117,21174.75,21185.0,20.25,405.0,400.5,20955.0,21125.0,20940.0,21156.524180667257,20877.754270120036,21149.23940908691,20885.021212959546,20615.0,20790.0,20545.0,10:00,above_vah,outside_both,above_week_vah,neg,pos
long,2024-12-02 11:35:00-05:00,2024-12-02,2024-12-02 16:55:00-05:00,eod,21222.375,21210.875,21222.25,21162.339285714286,21306.071428571428,23.910714285714285,0.8404907975460123,1352,-6,321,21188.0,21204.5,-11.5,-230.0,-234.5,21180.0,21202.5,21052.5,21170.904679132775,20863.408966468458,21182.756656520807,20851.585995595044,20615.0,20790.0,20545.0,11:00,above_vah,outside_both,above_week_vah,neg,pos
long,2024-12-03 11:25:00-05:00,2024-12-03,2024-12-03 11:40:00-05:00,sl,21251.125,21199.428571428572,21251.0,21199.553571428572,21326.642857142855,24.196428571428573,0.7117117117117117,835,-141,32,21210.25,21234.0,-51.69642857142753,-1033.9285714285506,-1038.4285714285506,21215.0,21227.5,21182.5,21344.451878026764,21024.88157864833,21356.72790217107,21012.636228648556,20615.0,20790.0,20545.0,11:00,above_vah,inside_both,above_week_vah,neg,pos
long,2024-12-03 12:45:00-05:00,2024-12-03,2024-12-03 15:55:00-05:00,tp,21226.375,21276.553571428572,21226.25,21191.660714285714,21276.678571428572,15.839285714285714,0.8795180722891566,503,-2,114,21213.75,21216.25,50.17857142857247,1003.5714285714494,999.0714285714494,21215.0,21230.0,21187.5,21351.803713884765,21017.54811284834,21358.660567853483,21010.708392124656,20615.0,20790.0,20545.0,12:00,in_va,inside_both,above_week_vah,neg,pos
long,2024-12-04 14:15:00-05:00,2024-12-04,2024-12-04 15:50:00-05:00,tp,21498.375,21541.232142857145,21498.25,21470.196428571428,21541.357142857145,15.053571428571429,0.7575757575757576,731,-2,365,21482.75,21496.75,42.857142857144936,857.1428571428987,852.6428571428987,21482.5,21492.5,21420.0,,,21587.04297252264,21155.445203370335,20615.0,20790.0,20545.0,14:00,above_vah,inside_90_only,above_week_vah,neg,pos
long,2024-12-05 12:10:00-05:00,2024-12-05,2024-12-05 13:15:00-05:00,sl,21559.625,21525.321428571428,21559.5,21525.446428571428,21607.357142857145,13.803571428571429,0.8160919540229885,975,-16,110,21541.25,21548.5,-34.30357142857247,-686.0714285714494,-690.5714285714494,21525.0,21532.5,21505.0,21668.238758456497,21384.375270334636,21686.26677637538,21366.36273932488,20615.0,20790.0,20545.0,12:00,above_vah,inside_both,above_week_vah,neg,pos
long,2024-12-06 12:05:00-05:00,2024-12-06,2024-12-06 16:55:00-05:00,eod,21624.125,21633.875,21624.0,21578.678571428572,21690.642857142855,21.321428571428573,0.9117647058823529,407,-18,184,21614.75,21622.75,9.75,195.0,190.5,21610.0,21645.0,21517.5,21622.312513056302,21322.67030357466,21643.019463367993,21302.00020694231,20615.0,20790.0,20545.0,12:00,in_va,inside_90_only,above_week_vah,neg,pos
long,2024-12-09 09:45:00-05:00,2024-12-09,2024-12-09 10:10:00-05:00,sl,21645.125,21605.964285714286,21645.0,21606.089285714286,21700.321428571428,16.410714285714285,0.83,1135,-31,139,21611.75,21642.5,-39.160714285713766,-783.2142857142753,-787.7142857142753,21617.5,21647.5,21595.0,21671.537667214987,21577.49530013627,21699.519519752397,21549.538022582597,20957.5,21005.0,20850.0,09:00,in_va,inside_both,above_week_vah,neg,pos
long,2024-12-11 09:45:00-05:00,2024-12-11,2024-12-11 11:25:00-05:00,tp,21669.875,21749.696428571428,21669.75,21611.589285714286,21749.821428571428,21.910714285714285,0.7486033519553073,584,-84,-56,21643.5,21648.75,79.82142857142753,1596.4285714285506,1591.9285714285506,21442.5,21585.0,21407.5,21625.917429815272,21399.09084628379,21655.415399878777,21369.80499108144,20957.5,21005.0,20850.0,09:00,above_vah,outside_both,above_week_vah,neg,neg
long,2024-12-10 10:00:00-05:00,2024-12-10,2024-12-10 10:50:00-05:00,sl,21577.625,21520.785714285714,21577.5,21520.910714285714,21656.178571428572,22.089285714285715,0.8378378378378378,448,-67,98,21544.5,21577.0,-56.839285714286234,-1136.7857142857247,-1141.2857142857247,21525.0,21575.0,21490.0,21596.901070309315,21409.27619402912,21625.089122158555,21381.166032327907,20957.5,21005.0,20850.0,10:00,above_vah,inside_both,above_week_vah,neg,pos
long,2024-12-10 11:55:00-05:00,2024-12-10,2024-12-10 14:30:00-05:00,sl,21484.625,21434.571428571428,21484.5,21434.696428571428,21560.107142857145,25.803571428571427,0.7818181818181819,726,-87,133,21467.5,21479.5,-50.05357142857247,-1001.0714285714494,-1005.5714285714494,21525.0,21587.5,21490.0,21654.431257371478,21351.904976263966,21680.342866515002,21326.064966927435,20957.5,21005.0,20850.0,11:00,below_val,inside_both,above_week_vah,neg,pos
long,2024-12-11 09:40:00-05:00,2024-12-11,2024-12-11 10:05:00-05:00,tp,21636.625,21710.660714285717,21636.5,21582.85714285714,21710.785714285717,20.642857142857142,0.8472222222222222,461,-52,110,21606.75,21623.75,74.0357142857174,1480.714285714348,1476.214285714348,21442.5,21580.0,21407.5,21631.614085049678,21393.43515472355,21654.650609634267,21370.56428185002,20957.5,21005.0,20850.0,09:00,above_vah,inside_90_only,above_week_vah,neg,pos
long,2024-12-11 10:05:00-05:00,2024-12-11,2024-12-11 13:30:00-05:00,tp,21724.125,21808.946428571428,21724.0,21664.964285714286,21809.071428571428,26.035714285714285,0.9701492537313433,1544,1,26,21695.75,21699.25,84.82142857142753,1696.4285714285506,1691.9285714285506,21672.5,21700.0,21520.0,21650.774041700173,21374.412974046652,21689.079591111753,21336.382873293995,20957.5,21005.0,20850.0,10:00,above_vah,outside_both,above_week_vah,pos,pos
long,2024-12-13 11:15:00-05:00,2024-12-13,2024-12-13 16:55:00-05:00,eod,21734.875,21760.375,21734.75,21635.23214285714,21875.535714285717,41.267857142857146,0.9535864978902954,1115,-11,-7,21680.25,21707.0,25.5,510.0,505.5,21810.0,21905.0,21755.0,21888.00470901201,21538.197486511646,21939.537509339207,21487.05481302649,20957.5,21005.0,20850.0,11:00,below_val,inside_both,above_week_vah,neg,neg
long,2024-12-13 13:25:00-05:00,2024-12-13,2024-12-13 15:30:00-05:00,tp,21741.625,21820.125,21741.5,21687.375,21820.25,24.625,0.7209302325581395,600,-112,175,21711.75,21738.0,78.5,1570.0,1565.5,21715.0,21812.5,21667.5,,,21950.87060659684,21475.807512492804,20957.5,21005.0,20850.0,13:00,in_va,inside_90_only,above_week_vah,neg,pos
long,2024-12-13 15:25:00-05:00,2024-12-13,2024-12-13 16:10:00-05:00,sl,21811.125,21773.01785714286,21811.0,21773.14285714286,21862.964285714283,14.107142857142858,0.8952380952380953,420,0,72,21803.5,21808.0,-38.1071428571413,-762.142857142826,-766.642857142826,21802.5,21845.0,21710.0,,,21961.413371874703,21465.34456076472,20957.5,21005.0,20850.0,15:00,in_va,inside_90_only,above_week_vah,zero,pos
long,2024-12-17 15:50:00-05:00,2024-12-17,2024-12-17 16:55:00-05:00,eod,22322.875,22304.625,22322.75,22277.678571428572,22386.892857142855,19.071428571428573,0.9626168224299065,425,-2,29,22301.0,22307.0,-18.25,-365.0,-369.5,22302.5,22347.5,22270.0,22543.96550528166,22199.723698576676,22565.7249996461,22178.034364021576,21217.5,21515.0,21080.0,15:00,in_va,inside_both,above_week_vah,neg,pos
long,2024-12-18 10:10:00-05:00,2024-12-18,2024-12-18 11:20:00-05:00,sl,22310.625,22252.035714285714,22310.5,22252.160714285714,22398.428571428572,29.589285714285715,0.8461538461538461,378,-74,24,22289.5,22306.0,-58.589285714286234,-1171.7857142857247,-1176.2857142857247,22287.5,22330.0,22242.5,22364.404951687757,22220.90990591336,22411.60764423698,22173.758532715136,21217.5,21515.0,21080.0,10:00,in_va,inside_both,above_week_vah,neg,pos
long,2024-12-19 13:55:00-05:00,2024-12-19,2024-12-19 14:30:00-05:00,sl,21598.375,21487.053571428572,21598.25,21487.178571428572,21749.392857142855,40.07142857142857,0.9442508710801394,757,-15,11,21562.0,21591.5,-111.32142857142753,-2226.4285714285506,-2230.9285714285506,21547.5,21612.5,21477.5,21785.73175535598,21351.859223874995,21819.050309235638,21318.874977577976,21217.5,21515.0,21080.0,13:00,in_va,inside_both,above_week_vah,neg,pos
long,2024-12-19 15:20:00-05:00,2024-12-19,2024-12-19 15:30:00-05:00,sl,21528.875,21454.535714285714,21528.75,21454.660714285714,21632.178571428572,29.339285714285715,0.7105263157894737,201,-147,80,21514.75,21526.0,-74.33928571428623,-1486.7857142857247,-1491.2857142857247,21477.5,21597.5,21465.0,21878.280300358216,21260.239281010417,21835.2024744002,21302.88487800936,21217.5,21515.0,21080.0,15:00,in_va,inside_both,above_week_vah,neg,pos
long,2024-12-20 09:35:00-05:00,2024-12-20,2024-12-20 10:30:00-05:00,tp,21306.125,21518.375,21306.0,21142.5,21518.5,49.0,0.8553191489361702,1629,-297,96,21211.5,21239.0,212.25,4245.0,4240.5,21207.5,21295.0,21117.5,21434.43872389072,21185.30226631663,21449.939599159123,21169.94403103178,21217.5,21515.0,21080.0,09:00,above_vah,inside_both,in_week_va,neg,pos
long,2024-12-20 11:00:00-05:00,2024-12-20,2024-12-20 16:55:00-05:00,eod,21598.875,21552.375,21598.75,21442.553571428572,21815.892857142855,60.94642857142857,0.8808290155440415,719,-156,78,21536.0,21551.5,-46.5,-930.0,-934.5,21207.5,21355.0,21112.5,21496.51681576314,21123.79542076742,21528.500524544175,21092.106027992122,21217.5,21515.0,21080.0,11:00,above_vah,outside_both,above_week_vah,neg,pos
long,2024-12-23 13:35:00-05:00,2024-12-23,2024-12-23 15:00:00-05:00,sl,21753.875,21701.178571428572,21753.75,21701.303571428572,21830.892857142855,24.696428571428573,0.7931034482758621,581,-44,64,21739.5,21753.25,-52.69642857142753,-1053.9285714285506,-1058.4285714285506,21670.0,21727.5,21590.0,21803.102674531267,21369.46632008904,21768.00756327883,21404.45266969324,21715.0,21822.5,21525.0,13:00,above_vah,inside_both,in_week_va,neg,pos
long,2024-12-23 11:00:00-05:00,2024-12-23,2024-12-23 14:15:00-05:00,tp,21607.375,21767.517857142855,21607.25,21500.553571428572,21767.642857142855,53.69642857142857,0.8304347826086956,1670,-57,170,21544.25,21587.25,160.14285714285506,3202.8571428571013,3198.3571428571013,21550.0,21652.5,21532.5,21744.46226106677,21427.925003740074,21741.3277107789,21431.049839887033,21715.0,21822.5,21525.0,11:00,in_va,inside_both,in_week_va,neg,pos
long,2024-12-23 11:15:00-05:00,2024-12-23,2024-12-23 13:35:00-05:00,tp,21630.375,21745.160714285717,21630.25,21558.48214285714,21745.285714285717,43.267857142857146,0.752,573,-23,88,21613.75,21617.5,114.7857142857174,2295.714285714348,2291.214285714348,21550.0,21650.0,21532.5,21789.780498719843,21382.74720975696,21757.35440129343,21415.07281695337,21715.0,21822.5,21525.0,11:00,in_va,inside_both,in_week_va,neg,pos
long,2024-12-24 10:40:00-05:00,2024-12-24,2024-12-24 13:00:00-05:00,tp,21958.375,22041.375,21958.25,21902.875,22041.5,27.875,0.8717948717948718,691,-4,-53,21926.75,21941.25,83.0,1660.0,1655.5,21920.0,21947.5,21802.5,21951.886273767745,21612.126028087376,21953.866647185725,21610.153729956455,21715.0,21822.5,21525.0,10:00,above_vah,outside_both,above_week_vah,neg,neg
long,2024-12-24 12:50:00-05:00,2024-12-24,2024-12-24 16:55:00-05:00,eod,22007.125,,22007.0,21953.89285714286,22082.464285714283,22.357142857142858,0.8984375,528,-32,59,21972.75,21985.75,,,,21975.0,22000.0,21845.0,22033.572674076477,21530.772717046268,21979.75735016995,21584.368600424634,21715.0,21822.5,21525.0,12:00,above_vah,inside_14_only,above_week_vah,neg,pos
long,2024-12-26 10:20:00-05:00,2024-12-26,2024-12-26 16:55:00-05:00,eod,21981.125,21984.125,21981.0,21897.089285714286,22103.321428571428,38.410714285714285,0.7572815533980582,912,-60,162,21968.0,21980.5,3.0,60.0,55.5,21950.0,21995.0,21930.0,22120.960058554934,21887.32702125262,22154.650684379998,21853.766289206393,21715.0,21822.5,21525.0,10:00,in_va,inside_both,above_week_vah,neg,pos
long,2024-12-26 12:10:00-05:00,2024-12-26,2024-12-26 12:45:00-05:00,sl,22055.125,22020.928571428572,22055.0,22021.053571428572,22105.892857142855,16.946428571428573,0.7532467532467533,592,-45,103,22040.25,22047.0,-34.19642857142753,-683.9285714285506,-688.4285714285506,21977.5,22010.0,21932.5,22230.45814598,21778.251102309216,22195.38369084679,21813.19032832732,21715.0,21822.5,21525.0,12:00,above_vah,inside_both,above_week_vah,neg,pos
long,2024-12-27 10:50:00-05:00,2024-12-27,2024-12-27 11:50:00-05:00,sl,21615.125,21526.464285714286,21615.0,21526.589285714286,21758.571428571428,55.160714285714285,0.7007299270072993,630,-27,24,21568.75,21604.75,-88.66071428571377,-1773.2142857142753,-1777.7142857142753,21717.5,22007.5,21597.5,22094.53861234944,21736.40494784285,22106.41862821845,21724.599640558117,21715.0,21822.5,21525.0,10:00,in_va,outside_both,in_week_va,neg,pos
long,2024-12-27 13:50:00-05:00,2024-12-27,2024-12-27 16:55:00-05:00,eod,21668.625,21719.625,21668.5,21593.053571428572,21773.142857142855,29.196428571428573,0.9179487179487179,308,-3,-4,21637.75,21651.25,51.0,1020.0,1015.5,21592.5,21702.5,21500.0,22150.830780261706,21680.466778461978,22136.655528920444,21694.552887417303,21715.0,21822.5,21525.0,13:00,in_va,outside_both,in_week_va,neg,neg
long,2024-12-27 13:00:00-05:00,2024-12-27,2024-12-27 14:55:00-05:00,tp,21600.875,21701.017857142855,21600.75,21535.428571428572,21701.142857142855,35.07142857142857,0.8405797101449275,242,-27,4,21551.0,21572.75,100.14285714285506,2002.8571428571013,1998.3571428571013,21530.0,21715.0,21500.0,22171.42922013449,21659.997873793374,22135.244942598296,21695.95460313623,21715.0,21822.5,21525.0,13:00,in_va,outside_both,in_week_va,neg,pos
long,2024-12-30 11:15:00-05:00,2024-12-30,2024-12-30 12:45:00-05:00,tp,21411.125,21562.125,21411.0,21310.375,21562.25,50.625,0.8611111111111112,306,-27,-43,21363.0,21387.5,151.0,3020.0,3015.5,21357.5,21417.5,21267.5,,,21863.966768548453,21266.84657752259,22302.5,22450.0,21547.5,11:00,in_va,inside_90_only,below_week_val,neg,neg
long,2024-12-31 14:05:00-05:00,2024-12-31,2024-12-31 16:55:00-05:00,eod,21254.875,21234.125,21254.75,21173.339285714286,21371.821428571428,35.660714285714285,0.8704663212435233,392,-12,35,21222.75,21251.25,-20.75,-415.0,-419.5,21380.0,21507.5,21317.5,,,21608.17882270269,21236.551700938166,22302.5,22450.0,21547.5,14:00,below_val,inside_90_only,below_week_val,neg,pos
long,2025-01-02 09:50:00-05:00,2025-01-02,2025-01-02 10:30:00-05:00,sl,21379.625,21236.73214285714,21379.5,21236.85714285714,21575.285714285717,53.142857142857146,0.8233695652173914,787,-317,81,21348.0,21373.0,-142.8928571428587,-2857.857142857174,-2862.357142857174,21367.5,21410.0,21227.5,21392.041700035683,21190.193786512267,21417.957604119852,21164.415670022277,22302.5,22450.0,21547.5,09:00,in_va,inside_both,below_week_val,neg,pos
long,2025-01-03 09:35:00-05:00,2025-01-03,2025-01-03 10:20:00-05:00,sl,21413.625,21285.035714285714,21413.5,21285.160714285714,21570.428571428572,28.589285714285715,0.7855421686746988,593,-353,66,21346.25,21357.5,-128.58928571428623,-2571.7857142857247,-2576.2857142857247,21232.5,21272.5,21215.0,21331.634645822825,21144.813283938154,21335.70590293116,21140.763297266134,22302.5,22450.0,21547.5,09:00,above_vah,outside_both,below_week_val,neg,pos
long,2025-01-03 11:30:00-05:00,2025-01-03,2025-01-03 16:55:00-05:00,eod,21452.625,21492.875,21452.5,21379.821428571428,21566.107142857145,40.92857142857143,0.8015267175572519,863,-222,69,21424.5,21434.5,40.25,805.0,800.5,21377.5,21435.0,21282.5,21468.667023311726,21008.49683727382,21431.900664077184,21045.07110927784,22302.5,22450.0,21547.5,11:00,above_vah,inside_14_only,below_week_val,neg,pos
long,2025-01-06 09:45:00-05:00,2025-01-06,2025-01-06 13:00:00-05:00,sl,21829.875,21748.589285714286,21829.75,21748.714285714286,21948.071428571428,37.285714285714285,0.7450980392156863,339,-5,277,21779.75,21826.75,-81.28571428571377,-1625.7142857142753,-1630.2142857142753,21732.5,21812.5,21657.5,,,21804.513290875537,21422.02838293415,21980.0,22067.5,21647.5,09:00,above_vah,outside_both,in_week_va,neg,pos
long,2025-01-06 15:20:00-05:00,2025-01-06,2025-01-06 16:55:00-05:00,eod,21726.625,21780.375,21726.5,21665.053571428572,21813.642857142855,25.696428571428573,0.710691823899371,1001,4,235,21703.0,21719.75,53.75,1075.0,1070.5,21860.0,21890.0,21715.0,,,21907.96790982241,21319.71504821925,21980.0,22067.5,21647.5,15:00,in_va,inside_90_only,in_week_va,pos,pos
long,2025-01-08 11:35:00-05:00,2025-01-08,2025-01-08 12:05:00-05:00,sl,21392.125,21318.64285714286,21392.0,21318.76785714286,21504.464285714283,39.232142857142854,0.7065217391304348,386,-7,98,21303.0,21369.0,-73.4821428571413,-1469.642857142826,-1474.142857142826,21337.5,21380.0,21290.0,,,21509.987332121156,21221.138501035606,21980.0,22067.5,21647.5,11:00,above_vah,inside_90_only,below_week_val,neg,pos
long,2025-01-10 15:50:00-05:00,2025-01-10,2025-01-10 16:55:00-05:00,eod,21042.125,20997.625,21042.0,20952.589285714286,21167.321428571428,35.910714285714285,0.7,274,-79,50,21011.5,21038.0,-44.5,-890.0,-894.5,21075.0,21185.0,20952.5,,,21486.29987550252,21009.63707196852,21980.0,22067.5,21647.5,15:00,in_va,inside_90_only,below_week_val,neg,pos
long,2025-01-13 09:50:00-05:00,2025-01-13,2025-01-13 15:55:00-05:00,tp,20808.875,20948.517857142855,20808.75,20707.303571428572,20948.642857142855,38.44642857142857,0.7018633540372671,491,-103,-10,20765.0,20785.5,139.64285714285506,2792.8571428571013,2788.3571428571013,20765.0,20827.5,20705.0,,,21065.075334671503,20699.16852967795,21375.0,21480.0,21212.5,09:00,in_va,inside_90_only,below_week_val,neg,neg
long,2025-01-13 11:40:00-05:00,2025-01-13,2025-01-13 12:00:00-05:00,sl,20817.125,20721.60714285714,20817.0,20721.73214285714,20955.535714285717,43.267857142857146,0.8252032520325203,467,-16,122,20766.5,20782.5,-95.5178571428587,-1910.357142857174,-1914.857142857174,20762.5,20835.0,20730.0,,,21139.79231219156,20625.27708531191,21375.0,21480.0,21212.5,11:00,in_va,inside_90_only,below_week_val,neg,pos
long,2025-01-14 09:35:00-05:00,2025-01-14,2025-01-14 09:50:00-05:00,sl,21111.875,21016.821428571428,21111.75,21016.946428571428,21256.357142857145,49.80357142857143,0.7022222222222222,270,-13,108,21072.25,21090.5,-95.05357142857247,-1901.0714285714494,-1905.5714285714494,21040.0,21097.5,21020.0,,,21111.74675992366,20952.154608309447,21375.0,21480.0,21212.5,09:00,above_vah,outside_both,below_week_val,neg,pos
long,2025-01-14 10:05:00-05:00,2025-01-14,2025-01-14 10:35:00-05:00,sl,21065.875,20961.571428571428,21065.75,20961.696428571428,21218.607142857145,48.80357142857143,0.8152610441767069,539,-44,173,21006.5,21030.25,-104.30357142857247,-2086.0714285714494,-2090.5714285714494,21040.0,21100.0,21010.0,,,21169.180830736062,20894.936547278594,21375.0,21480.0,21212.5,10:00,in_va,inside_90_only,below_week_val,neg,pos
long,2025-01-14 12:40:00-05:00,2025-01-14,2025-01-14 13:45:00-05:00,tp,20869.375,20985.375,20869.25,20789.75,20985.5,36.75,0.7411167512690355,242,-32,-1,20853.75,20864.75,116.0,2320.0,2315.5,21042.5,21127.5,20960.0,,,21232.680513567324,20831.67568702116,21375.0,21480.0,21212.5,12:00,below_val,inside_90_only,below_week_val,neg,neg
long,2025-01-14 13:35:00-05:00,2025-01-14,2025-01-14 14:55:00-05:00,sl,20954.875,20902.089285714286,20954.75,20902.214285714286,21037.821428571428,30.535714285714285,0.8586956521739131,484,-76,37,20936.25,20946.0,-52.785714285713766,-1055.7142857142753,-1060.2142857142753,21042.5,21127.5,20930.0,,,21228.909268188847,20835.432748729927,21375.0,21480.0,21212.5,13:00,in_va,inside_90_only,below_week_val,neg,pos
long,2025-01-14 15:50:00-05:00,2025-01-14,2025-01-14 16:55:00-05:00,eod,20894.125,20977.375,20894.0,20796.196428571428,21036.857142857145,45.05357142857143,0.8565217391304348,698,-53,133,20822.25,20855.0,83.25,1665.0,1660.5,20990.0,21125.0,20905.0,,,21254.521071271574,20809.917271746166,21375.0,21480.0,21212.5,15:00,below_val,inside_90_only,below_week_val,neg,pos
long,2025-01-15 09:45:00-05:00,2025-01-15,2025-01-15 11:50:00-05:00,sl,21344.625,21248.071428571428,21344.5,21248.196428571428,21479.857142857145,39.05357142857143,0.8138528138528138,971,-153,14,21281.5,21329.0,-96.55357142857247,-1931.0714285714494,-1935.5714285714494,21280.0,21330.0,21002.5,,,21317.786806540553,20911.82029366722,21375.0,21480.0,21212.5,09:00,above_vah,outside_both,in_week_va,neg,pos
long,2025-01-15 10:15:00-05:00,2025-01-15,2025-01-15 11:30:00-05:00,sl,21406.375,21312.946428571428,21406.25,21313.071428571428,21543.357142857145,43.92857142857143,0.8284313725490197,994,-19,77,21364.0,21391.25,-93.42857142857247,-1868.5714285714494,-1873.0714285714494,21280.0,21390.0,21220.0,,,21359.2293491668,20870.91159709916,21375.0,21480.0,21212.5,10:00,above_vah,outside_both,in_week_va,neg,pos
long,2025-01-15 12:25:00-05:00,2025-01-15,2025-01-15 14:25:00-05:00,tp,21326.375,21413.232142857145,21326.25,21271.196428571428,21413.357142857145,32.05357142857143,0.8125,228,-26,25,21311.25,21321.5,86.85714285714494,1737.1428571428987,1732.6428571428987,21280.0,21380.0,21250.0,,,21413.21728144547,20817.619115509802,21375.0,21480.0,21212.5,12:00,in_va,inside_90_only,in_week_va,neg,pos
long,2025-01-16 10:55:00-05:00,2025-01-16,2025-01-16 11:40:00-05:00,sl,21424.875,21324.035714285714,21424.75,21324.160714285714,21574.678571428572,49.339285714285715,0.9348837209302325,402,-1,77,21394.5,21416.0,-100.83928571428623,-2016.7857142857247,-2021.2857142857247,21387.5,21465.0,21360.0,,,21614.722845329517,21257.185752918293,21375.0,21480.0,21212.5,10:00,in_va,inside_90_only,in_week_va,neg,pos
long,2025-01-16 15:05:00-05:00,2025-01-16,2025-01-16 15:15:00-05:00,sl,21391.625,21354.48214285714,21391.5,21354.60714285714,21452.785714285717,24.392857142857142,0.7164179104477612,243,-2,44,21380.0,21388.0,-37.1428571428587,-742.857142857174,-747.357142857174,21387.5,21450.0,21337.5,,,21672.06898745815,21200.15376130424,21375.0,21480.0,21212.5,15:00,in_va,inside_90_only,in_week_va,neg,pos
long,2025-01-17 11:20:00-05:00,2025-01-17,2025-01-17 16:55:00-05:00,eod,21618.625,21588.875,21618.5,21555.678571428572,21713.392857142855,32.07142857142857,0.8870967741935484,442,-36,3,21593.5,21598.0,-29.75,-595.0,-599.5,21560.0,21607.5,21487.5,,,21787.163357934463,21077.874987709667,21375.0,21480.0,21212.5,11:00,above_vah,inside_90_only,above_week_vah,neg,pos
long,2025-01-21 11:05:00-05:00,2025-01-21,2025-01-21 16:00:00-05:00,tp,21648.875,21773.017857142855,21648.75,21570.553571428572,21773.142857142855,46.19642857142857,0.8116883116883117,674,-7,466,21639.5,21644.0,124.14285714285506,2482.8571428571013,2478.3571428571013,21620.0,21692.5,21575.0,,,21845.19633343606,21549.227953347043,21337.5,21790.0,21200.0,11:00,in_va,inside_90_only,in_week_va,neg,pos
long,2025-01-21 11:50:00-05:00,2025-01-21,2025-01-21 13:15:00-05:00,tp,21667.375,21764.625,21667.25,21601.75,21764.75,32.0,0.782051282051282,666,-36,212,21631.0,21647.5,97.25,1945.0,1940.5,21620.0,21680.0,21575.0,,,21858.74627820003,21535.69563934775,21337.5,21790.0,21200.0,11:00,in_va,inside_90_only,in_week_va,neg,pos
long,2025-01-21 12:25:00-05:00,2025-01-21,2025-01-21 13:15:00-05:00,tp,21695.875,21769.517857142855,21695.75,21646.428571428572,21769.642857142855,24.571428571428573,0.71875,1103,-3,222,21674.5,21679.5,73.64285714285506,1472.8571428571013,1468.3571428571013,21620.0,21677.5,21582.5,,,21872.56131426318,21521.898578977783,21337.5,21790.0,21200.0,12:00,above_vah,inside_90_only,in_week_va,neg,pos
long,2025-01-21 13:10:00-05:00,2025-01-21,2025-01-21 14:15:00-05:00,sl,21755.875,21719.071428571428,21755.75,21719.196428571428,21810.107142857145,17.803571428571427,0.8705882352941177,622,-2,45,21741.0,21746.0,-36.80357142857247,-736.0714285714494,-740.5714285714494,21620.0,21697.5,21585.0,,,21871.499253408176,21522.959257912393,21337.5,21790.0,21200.0,13:00,above_vah,inside_90_only,in_week_va,neg,pos
long,2025-01-22 11:25:00-05:00,2025-01-22,2025-01-22 14:40:00-05:00,sl,22052.125,22007.196428571428,22052.0,22007.321428571428,22120.857142857145,24.178571428571427,0.7727272727272727,1210,-49,59,22035.75,22042.75,-44.92857142857247,-898.5714285714494,-903.0714285714494,22012.5,22042.5,21920.0,,,22049.06766712664,21638.554386642718,21337.5,21790.0,21200.0,11:00,above_vah,outside_both,above_week_vah,neg,pos
long,2025-02-13 15:05:00-05:00,2025-02-13,2025-02-13 16:55:00-05:00,eod,22082.375,22074.875,22082.25,22041.25,22143.5,20.25,0.7142857142857143,248,-40,-4,22067.25,22075.5,-7.5,-150.0,-154.5,21950.0,22005.0,21850.0,22064.983208114663,21666.84034522173,22052.168900834007,21679.64981857303,21550.0,21697.5,21245.0,15:00,above_vah,outside_both,above_week_vah,neg,neg
long,2025-01-23 15:55:00-05:00,2025-01-23,2025-01-23 16:55:00-05:00,eod,22042.625,22021.625,22042.5,21983.946428571428,22120.357142857145,19.303571428571427,0.9135802469135802,923,11,157,22016.25,22027.75,-21.0,-420.0,-424.5,21937.5,21975.0,21902.5,,,22166.848173314105,21707.697955259082,21337.5,21790.0,21200.0,15:00,above_vah,inside_90_only,above_week_vah,pos,pos
long,2025-01-23 13:10:00-05:00,2025-01-23,2025-01-23 15:50:00-05:00,tp,21954.625,22000.910714285717,21954.5,21922.35714285714,22001.035714285717,14.392857142857142,0.8904109589041096,612,-10,43,21938.75,21941.5,46.285714285717404,925.7142857143481,921.2142857143481,21937.5,21960.0,21895.0,,,22147.52906531696,21726.932484491394,21337.5,21790.0,21200.0,13:00,in_va,inside_90_only,above_week_vah,neg,pos
long,2025-02-13 10:40:00-05:00,2025-02-13,2025-02-13 11:30:00-05:00,sl,22052.875,21981.51785714286,22052.75,21981.64285714286,22170.964285714283,47.107142857142854,0.7155172413793104,984,-40,91,22028.0,22038.0,-71.3571428571413,-1427.142857142826,-1431.642857142826,21885.0,21955.0,21837.5,21990.950821575756,21740.844804591503,22005.901463493254,21725.89980249092,21550.0,21697.5,21245.0,10:00,above_vah,outside_both,above_week_vah,neg,pos
long,2025-01-24 11:25:00-05:00,2025-01-24,2025-01-24 11:55:00-05:00,sl,22013.375,21980.39285714286,22013.25,21980.51785714286,22067.714285714283,21.732142857142858,0.7924528301886793,226,-1,94,22001.25,22008.0,-32.9821428571413,-659.642857142826,-664.142857142826,22005.0,22032.5,21990.0,22149.219047939856,21916.637154374454,22179.33003365025,21886.556561035322,21337.5,21790.0,21200.0,11:00,in_va,inside_both,above_week_vah,neg,pos
long,2025-01-24 14:50:00-05:00,2025-01-24,2025-01-24 15:25:00-05:00,sl,21893.625,21857.553571428572,21893.5,21857.678571428572,21950.642857142855,21.321428571428573,0.7605633802816901,693,-4,228,21867.5,21885.75,-36.07142857142753,-721.4285714285506,-725.9285714285506,22005.0,22047.5,21975.0,,,22214.43612517712,21851.485903664525,21337.5,21790.0,21200.0,14:00,below_val,inside_90_only,above_week_vah,neg,pos
long,2025-01-27 10:25:00-05:00,2025-01-27,2025-01-27 11:20:00-05:00,sl,21367.875,21229.696428571428,21367.75,21229.821428571428,21573.107142857145,67.42857142857143,0.7363013698630136,1075,-90,156,21332.75,21348.25,-138.17857142857247,-2763.5714285714494,-2768.0714285714494,21300.0,21352.5,20997.5,21991.52289216511,21043.971216064412,22021.923061223937,21014.65757265852,21400.0,21682.5,20975.0,10:00,above_vah,inside_both,in_week_va,neg,pos
long,2025-01-28 10:20:00-05:00,2025-01-28,2025-01-28 14:40:00-05:00,tp,21437.375,21609.553571428572,21437.25,21317.160714285714,21609.678571428572,52.339285714285715,0.8120567375886525,655,-265,133,21393.25,21418.5,172.17857142857247,3443.5714285714494,3439.0714285714494,21300.0,21365.0,21247.5,21392.133289092973,21215.12390930436,21413.616708598365,21193.642254495822,21400.0,21682.5,20975.0,10:00,above_vah,outside_both,in_week_va,neg,pos
long,2025-01-27 16:00:00-05:00,2025-01-27,2025-01-27 16:55:00-05:00,eod,21321.375,21304.375,21321.25,21204.714285714286,21483.821428571428,46.035714285714285,0.7791798107255521,1204,-129,40,21267.5,21291.75,-17.0,-340.0,-344.5,21200.0,21335.0,21115.0,,,22101.7559632632,20937.67796054162,21400.0,21682.5,20975.0,16:00,in_va,inside_90_only,in_week_va,neg,pos
long,2025-01-28 10:00:00-05:00,2025-01-28,2025-01-28 12:05:00-05:00,tp,21356.625,21517.482142857145,21356.5,21238.196428571428,21517.607142857145,42.80357142857143,0.8803680981595092,1203,-17,161,21302.25,21319.5,160.85714285714494,3217.1428571428987,3212.6428571428987,21300.0,21357.5,21232.5,21410.82602944545,21196.432704416013,21392.566951346224,21214.690282673113,21400.0,21682.5,20975.0,10:00,in_va,inside_both,in_week_va,neg,pos
long,2025-01-28 10:10:00-05:00,2025-01-28,2025-01-28 12:05:00-05:00,tp,21374.625,21528.410714285717,21374.5,21268.60714285714,21528.535714285717,48.142857142857146,0.8715953307392996,724,8,60,21356.75,21367.25,153.7857142857174,3075.714285714348,3071.214285714348,21300.0,21360.0,21247.5,21395.193896558398,21212.063553244174,21411.04168758482,21196.21706399129,21400.0,21682.5,20975.0,10:00,above_vah,inside_both,in_week_va,pos,pos
long,2025-01-28 12:00:00-05:00,2025-01-28,2025-01-28 14:40:00-05:00,tp,21496.125,21598.982142857145,21496.0,21431.696428571428,21599.107142857145,38.80357142857143,0.9029126213592233,725,-23,6,21467.25,21481.75,102.85714285714494,2057.1428571428987,2052.6428571428987,21435.0,21475.0,21297.5,21414.078216059992,21193.180784943463,21454.261028152087,21153.001273558784,21400.0,21682.5,20975.0,12:00,above_vah,outside_both,in_week_va,neg,pos
long,2025-01-28 10:55:00-05:00,2025-01-28,2025-01-28 14:40:00-05:00,tp,21455.625,21604.017857142855,21455.5,21357.803571428572,21604.142857142855,50.94642857142857,0.93,318,-2,116,21441.5,21453.25,148.39285714285506,2967.8571428571013,2963.3571428571013,21300.0,21410.0,21242.5,21418.32158292349,21188.937766639756,21425.152495457063,21182.107415212842,21400.0,21682.5,20975.0,10:00,above_vah,outside_both,in_week_va,neg,pos
long,2025-01-28 11:55:00-05:00,2025-01-28,2025-01-28 13:15:00-05:00,tp,21472.625,21579.660714285717,21472.5,21404.48214285714,21579.785714285717,39.267857142857146,0.712,274,-86,76,21439.75,21469.25,107.0357142857174,2140.714285714348,2136.214285714348,21435.0,21475.0,21295.0,21407.717493372358,21199.540985146894,21451.065778007185,21156.196261238583,21400.0,21682.5,20975.0,11:00,in_va,outside_both,in_week_va,neg,pos
long,2025-01-29 13:25:00-05:00,2025-01-29,2025-01-29 14:00:00-05:00,sl,21492.625,21416.571428571428,21492.5,21416.696428571428,21605.107142857145,36.80357142857143,0.874251497005988,364,-25,10,21457.75,21472.0,-76.05357142857247,-1521.0714285714494,-1525.5714285714494,21515.0,21592.5,21470.0,,,21759.283213317,21399.522816930807,21400.0,21682.5,20975.0,13:00,in_va,inside_90_only,in_week_va,neg,pos
long,2025-01-30 09:45:00-05:00,2025-01-30,2025-01-30 10:00:00-05:00,sl,21735.875,21600.839285714286,21735.75,21600.964285714286,21908.821428571428,38.285714285714285,0.8844221105527639,1575,-144,38,21650.25,21668.75,-135.03571428571377,-2700.7142857142753,-2705.2142857142753,21650.0,21670.0,21617.5,21739.340189742812,21483.23065089241,21721.97876766918,21500.52972421009,21400.0,21682.5,20975.0,09:00,above_vah,inside_14_only,above_week_vah,neg,pos
long,2025-01-31 10:30:00-05:00,2025-01-31,2025-01-31 13:15:00-05:00,sl,21927.375,21854.910714285714,21927.25,21855.035714285714,22040.178571428572,40.714285714285715,0.825503355704698,230,-9,95,21898.25,21923.5,-72.46428571428623,-1449.2857142857247,-1453.7857142857247,21785.0,21852.5,21720.0,21900.385323706407,21483.82292986563,21901.14275658338,21483.07126265489,21400.0,21682.5,20975.0,10:00,above_vah,outside_both,above_week_vah,neg,pos
long,2025-01-31 12:20:00-05:00,2025-01-31,2025-01-31 13:15:00-05:00,sl,21922.875,21868.053571428572,21922.75,21868.178571428572,22003.392857142855,26.071428571428573,0.8235294117647058,203,-81,20,21899.75,21914.75,-54.82142857142753,-1096.4285714285506,-1100.9285714285506,21900.0,21965.0,21795.0,21886.741902137335,21497.36249613951,21934.435908645537,21450.031541897897,21400.0,21682.5,20975.0,12:00,in_va,inside_90_only,above_week_vah,neg,pos
long,2025-02-05 16:10:00-05:00,2025-02-05,2025-02-05 16:55:00-05:00,eod,21784.625,21770.375,21784.5,21739.321428571428,21851.857142857145,22.178571428571427,0.8461538461538461,456,-28,58,21752.0,21781.75,-14.25,-285.0,-289.5,21710.0,21780.0,21552.5,21746.622964950395,21387.87455176849,21782.805363548425,21351.747054996118,22005.0,22087.5,21845.0,16:00,above_vah,outside_both,below_week_val,neg,pos
long,2025-02-03 10:20:00-05:00,2025-02-03,2025-02-03 16:55:00-05:00,eod,21310.375,21553.125,21310.25,21043.73214285714,21646.535714285717,69.76785714285714,0.9028901734104047,941,-23,-132,21211.5,21252.0,242.75,4855.0,4850.5,21210.0,21282.5,21125.0,21653.43107802332,21134.427424050635,21681.216475896697,21107.09994231207,22005.0,22087.5,21845.0,10:00,above_vah,inside_both,below_week_val,neg,neg
long,2025-02-03 14:10:00-05:00,2025-02-03,2025-02-03 15:40:00-05:00,sl,21501.125,21436.875,21501.0,21437.0,21600.25,35.25,0.8538461538461538,728,0,52,21430.5,21474.5,-64.25,-1285.0,-1289.5,21400.0,21475.0,21197.5,,,21732.26493800661,21056.892782333725,22005.0,22087.5,21845.0,14:00,above_vah,inside_90_only,below_week_val,zero,pos
long,2025-02-04 10:15:00-05:00,2025-02-04,2025-02-04 12:25:00-05:00,sl,21661.125,21576.053571428572,21661.0,21576.178571428572,21784.892857142855,39.07142857142857,0.7512953367875648,541,-190,90,21638.25,21656.0,-85.07142857142753,-1701.4285714285506,-1705.9285714285506,21420.0,21530.0,21335.0,21655.69340769014,21319.43399327329,21665.26106871883,21309.924928106277,22005.0,22087.5,21845.0,10:00,above_vah,inside_90_only,below_week_val,neg,pos
long,2025-02-05 11:05:00-05:00,2025-02-05,2025-02-05 12:05:00-05:00,tp,21624.125,21739.589285714283,21624.0,21549.51785714286,21739.714285714283,41.232142857142854,0.7294117647058823,394,-12,-1,21597.5,21605.0,115.4642857142826,2309.285714285652,2304.785714285652,21585.0,21590.0,21515.0,21719.69018818871,21414.76646173661,21719.692463343028,21414.764190034526,22005.0,22087.5,21845.0,11:00,above_vah,inside_both,below_week_val,neg,neg
long,2025-02-07 09:30:00-05:00,2025-02-07,2025-02-07 10:00:00-05:00,sl,21945.625,21833.85714285714,21945.5,21833.98214285714,22092.785714285717,35.767857142857146,0.7168674698795181,551,-101,238,21847.0,21930.0,-111.7678571428587,-2235.357142857174,-2239.857142857174,21865.0,21880.0,21842.5,21893.169040735247,21838.09430745126,21891.76288860675,21839.497841435776,22005.0,22087.5,21845.0,09:00,above_vah,outside_both,in_week_va,neg,pos
long,2025-02-07 13:00:00-05:00,2025-02-07,2025-02-07 14:10:00-05:00,sl,21686.625,21598.125,21686.5,21598.25,21822.0,47.25,0.7180851063829787,219,-33,53,21653.5,21684.75,-88.5,-1770.0,-1774.5,21655.0,21822.5,21595.0,22021.427511391692,21710.074643917145,22047.327582380567,21684.222796810787,22005.0,22087.5,21845.0,13:00,in_va,inside_90_only,below_week_val,neg,pos
long,2025-02-11 10:25:00-05:00,2025-02-11,2025-02-11 12:00:00-05:00,sl,21838.375,21771.803571428572,21838.25,21771.928571428572,21936.142857142855,31.571428571428573,0.7125748502994012,573,-82,-25,21781.75,21819.75,-66.57142857142753,-1331.4285714285506,-1335.9285714285506,21785.0,21812.5,21750.0,21947.215940590828,21595.947767619447,21950.46242347072,21592.72083470057,21550.0,21697.5,21245.0,10:00,above_vah,inside_both,above_week_vah,neg,neg
long,2025-02-12 16:45:00-05:00,2025-02-12,2025-02-12 16:55:00-05:00,eod,21855.875,21861.625,21855.75,21820.571428571428,21910.107142857145,19.178571428571427,0.8840579710144928,296,-14,38,21834.75,21850.25,5.75,115.0,110.5,21790.0,21837.5,21670.0,21978.593357571695,21366.721025550618,21990.162109724813,21355.28060864279,21550.0,21697.5,21245.0,16:00,above_vah,inside_both,above_week_vah,neg,pos
long,2025-02-11 13:30:00-05:00,2025-02-11,2025-02-11 16:55:00-05:00,eod,21803.875,21792.375,21803.75,21757.464285714286,21866.571428571428,16.535714285714285,0.9180327868852459,422,-2,37,21790.75,21796.0,-11.5,-230.0,-234.5,21785.0,21815.0,21725.0,21976.540701881844,21566.79959679918,21992.733653238185,21550.704157605833,21550.0,21697.5,21245.0,13:00,in_va,inside_both,above_week_vah,neg,pos
long,2025-02-13 10:15:00-05:00,2025-02-13,2025-02-13 15:55:00-05:00,tp,21972.875,22103.303571428572,21972.75,21888.160714285714,22103.428571428572,46.089285714285715,0.847457627118644,900,0,270,21937.5,21951.0,130.42857142857247,2608.5714285714494,2604.0714285714494,21885.0,21937.5,21847.5,21969.340963140894,21762.44651115933,21980.410082095594,21751.3815677982,21550.0,21697.5,21245.0,10:00,above_vah,inside_90_only,above_week_vah,zero,pos
long,2025-02-13 13:35:00-05:00,2025-02-13,2025-02-13 13:40:00-05:00,sl,21972.375,21921.785714285714,21972.25,21921.910714285714,22048.678571428572,26.089285714285715,0.7407407407407407,285,-72,75,21943.25,21959.5,-50.589285714286234,-1011.7857142857247,-1016.2857142857247,21885.0,21997.5,21852.5,22016.984291116973,21714.82115563208,22030.612900963646,21701.19768689337,21550.0,21697.5,21245.0,13:00,in_va,inside_both,above_week_vah,neg,pos
long,2025-02-14 13:30:00-05:00,2025-02-14,2025-02-14 16:55:00-05:00,eod,22181.875,22203.375,22181.75,22138.089285714286,22242.571428571428,17.160714285714285,0.8032786885245902,545,-19,82,22162.25,22171.75,21.5,430.0,425.5,22132.5,22150.0,22102.5,22241.428245124494,21941.770919525818,22265.82764483567,21917.4079401236,21550.0,21697.5,21245.0,13:00,above_vah,inside_both,above_week_vah,neg,pos
long,2025-02-14 12:50:00-05:00,2025-02-14,2025-02-14 15:35:00-05:00,tp,22152.125,22208.160714285717,22152.0,22114.35714285714,22208.285714285717,18.642857142857142,0.8045977011494253,331,-63,90,22139.25,22147.5,56.035714285717404,1120.714285714348,1116.214285714348,22132.5,22142.5,22100.0,22243.36083522048,21939.84121415361,22278.88957804175,21904.36550410387,21550.0,21697.5,21245.0,12:00,above_vah,inside_both,above_week_vah,neg,pos
long,2025-02-14 12:45:00-05:00,2025-02-14,2025-02-14 13:45:00-05:00,tp,22134.375,22196.017857142855,22134.25,22090.178571428572,22196.142857142855,17.821428571428573,0.9351851851851852,484,-10,37,22112.5,22118.75,61.642857142855064,1232.8571428571013,1228.3571428571013,22132.5,22142.5,22100.0,22242.430517040426,21940.77014367345,22274.200854261642,21909.0472291557,21550.0,21697.5,21245.0,12:00,in_va,inside_both,above_week_vah,neg,pos
long,2025-02-18 15:55:00-05:00,2025-02-18,2025-02-18 16:55:00-05:00,eod,22238.625,22224.125,22238.5,22174.839285714286,22319.071428571428,16.910714285714285,0.9685863874345549,1403,-5,160,22208.0,22224.75,-14.5,-290.0,-294.5,22170.0,22222.5,22135.0,22412.110334568344,22081.04570580087,22449.59474559278,22043.599187162137,21587.5,21845.0,21452.5,15:00,above_vah,inside_both,above_week_vah,neg,pos
long,2025-02-18 14:45:00-05:00,2025-02-18,2025-02-18 16:00:00-05:00,tp,22175.125,22246.196428571428,22175.0,22127.214285714286,22246.321428571428,23.535714285714285,0.7227722772277227,371,-48,6,22160.5,22171.25,71.07142857142753,1421.4285714285506,1416.9285714285506,22182.5,22227.5,22125.0,22422.79363344605,22070.373206497454,22435.932924442845,22057.24719779772,21587.5,21845.0,21452.5,14:00,in_va,inside_both,above_week_vah,neg,pos
long,2025-02-18 15:50:00-05:00,2025-02-18,2025-02-18 16:55:00-05:00,eod,22192.375,22224.125,22192.25,22148.196428571428,22251.607142857145,15.303571428571429,0.7464788732394366,728,-7,134,22179.0,22186.75,31.75,635.0,630.5,22170.0,22222.5,22132.5,22412.73674632378,22080.419927274957,22455.727886959507,22037.472245688972,21587.5,21845.0,21452.5,15:00,in_va,inside_both,above_week_vah,neg,pos
long,2025-02-19 11:40:00-05:00,2025-02-19,2025-02-19 16:55:00-05:00,eod,22237.875,22222.125,22237.75,22192.85714285714,22304.535714285717,21.892857142857142,0.8631578947368421,796,-25,19,22215.75,22224.25,-15.75,-315.0,-319.5,22215.0,22222.5,22145.0,22358.015573825254,22073.586747501904,22375.26249928086,22056.353014740434,21587.5,21845.0,21452.5,11:00,above_vah,inside_both,above_week_vah,neg,pos
long,2025-02-19 14:10:00-05:00,2025-02-19,2025-02-19 15:25:00-05:00,sl,22270.125,22218.339285714286,22270.0,22218.464285714286,22339.321428571428,17.785714285714285,0.9558823529411765,637,-19,2,22253.5,22264.25,-51.785714285713766,-1035.7142857142753,-1040.2142857142753,22212.5,22250.0,22165.0,22384.387876698413,22047.234617599657,22395.005518662038,22036.62509739102,21587.5,21845.0,21452.5,14:00,above_vah,inside_both,above_week_vah,neg,pos
long,2025-02-19 14:50:00-05:00,2025-02-19,2025-02-19 15:05:00-05:00,sl,22298.125,22264.410714285714,22298.0,22264.535714285714,22347.928571428572,16.464285714285715,0.8873239436619719,607,-14,25,22286.0,22295.5,-33.714285714286234,-674.2857142857247,-678.7857142857247,22212.5,22255.0,22165.0,22391.70043478413,22039.92765311046,22403.153219532203,22028.483628943315,21587.5,21845.0,21452.5,14:00,above_vah,inside_both,above_week_vah,neg,pos
long,2025-02-20 11:05:00-05:00,2025-02-20,2025-02-20 16:55:00-05:00,eod,22053.875,22135.625,22053.75,21971.01785714286,22180.214285714283,43.732142857142854,0.8208092485549133,629,-51,50,22012.75,22030.5,81.75,1635.0,1630.5,22197.5,22235.0,22052.5,22349.188438279867,22082.634392558055,22362.873173946027,22068.95750849917,21587.5,21845.0,21452.5,11:00,in_va,outside_both,above_week_vah,neg,pos
long,2025-02-24 11:15:00-05:00,2025-02-24,2025-02-24 15:50:00-05:00,sl,21545.875,21474.10714285714,21545.75,21474.23214285714,21662.535714285717,45.267857142857146,0.75,805,-24,36,21504.75,21529.25,-71.7678571428587,-1435.357142857174,-1439.857142857174,21770.0,21812.5,21525.0,21877.25482898479,21535.77567655163,21895.253417675725,21517.85362478537,21790.0,22012.5,21657.5,11:00,in_va,inside_both,below_week_val,neg,pos
long,2025-02-24 12:15:00-05:00,2025-02-24,2025-02-24 14:50:00-05:00,sl,21643.125,21554.76785714286,21643.0,21554.89285714286,21767.714285714283,36.607142857142854,0.9615384615384616,1379,-15,22,21593.25,21625.0,-88.3571428571413,-1767.142857142826,-1771.642857142826,21600.0,21715.0,21437.5,21881.53077332188,21531.517915175184,21909.51178724706,21503.655887287838,21790.0,22012.5,21657.5,12:00,in_va,inside_both,below_week_val,neg,pos
long,2025-02-25 10:35:00-05:00,2025-02-25,2025-02-25 11:30:00-05:00,sl,21118.125,20992.660714285714,21118.0,20992.785714285714,21311.178571428572,67.96428571428571,0.7297297297297297,1616,-58,223,21059.75,21092.5,-125.46428571428623,-2509.2857142857247,-2513.7857142857247,21427.5,21450.0,21230.0,21558.851077484684,21259.621561400792,21562.81903205326,21255.660319702656,21790.0,22012.5,21657.5,10:00,below_val,outside_both,below_week_val,neg,pos
long,2025-02-25 11:45:00-05:00,2025-02-25,2025-02-25 13:05:00-05:00,tp,21115.625,21272.946428571428,21115.5,21008.964285714286,21273.071428571428,51.035714285714285,0.8600823045267489,650,-93,59,21073.25,21096.0,157.32142857142753,3146.4285714285506,3141.9285714285506,21057.5,21350.0,20992.5,21561.483095324125,21256.99399633278,21574.135125532255,21244.36337046236,21790.0,22012.5,21657.5,11:00,in_va,outside_both,below_week_val,neg,pos
long,2025-02-25 12:25:00-05:00,2025-02-25,2025-02-25 16:55:00-05:00,eod,21192.375,21195.875,21192.25,21099.25,21329.75,44.5,0.8131313131313131,408,-4,15,21149.5,21172.5,3.5,70.0,65.5,21057.5,21337.5,20997.5,21571.26573126461,21247.227910372014,21589.63050689597,21228.89420373535,21790.0,22012.5,21657.5,12:00,in_va,outside_both,below_week_val,neg,pos
long,2025-02-25 13:35:00-05:00,2025-02-25,2025-02-25 14:10:00-05:00,sl,21243.125,21145.071428571428,21243.0,21145.196428571428,21375.607142857145,34.80357142857143,0.8830188679245283,493,-90,66,21223.25,21238.25,-98.05357142857247,-1961.0714285714494,-1965.5714285714494,21057.5,21327.5,21030.0,21597.447578663057,21221.090356663524,21587.205196915405,21231.315410646843,21790.0,22012.5,21657.5,13:00,in_va,inside_both,below_week_val,neg,pos
long,2025-02-28 10:10:00-05:00,2025-02-28,2025-02-28 12:50:00-05:00,sl,20693.125,20558.589285714286,20693.0,20558.714285714286,20895.321428571428,68.03571428571429,0.7655677655677655,770,-109,36,20631.25,20664.25,-134.53571428571377,-2690.7142857142753,-2695.2142857142753,20620.0,20647.5,20557.5,20758.41957599328,20465.341279265474,20741.987009497163,20481.739600048517,21790.0,22012.5,21657.5,10:00,above_vah,inside_both,below_week_val,neg,pos
long,2025-03-04 13:05:00-05:00,2025-03-04,2025-03-04 14:20:00-05:00,tp,20420.375,20613.839285714283,20420.25,20284.01785714286,20613.964285714283,57.482142857142854,0.8255813953488372,212,-30,8,20330.75,20413.0,193.4642857142826,3869.285714285652,3864.785714285652,20330.0,20407.5,20175.0,20647.186061362383,20227.131561035796,20693.577676741454,20181.16531840712,22212.5,22282.5,22055.0,13:00,above_vah,inside_both,below_week_val,neg,pos
long,2025-03-04 11:40:00-05:00,2025-03-04,2025-03-04 13:10:00-05:00,tp,20251.625,20463.875,20251.5,20109.5,20464.0,70.5,0.7396449704142012,480,16,144,20210.0,20243.0,212.25,4245.0,4240.5,20200.0,20360.0,20090.0,20675.15803626905,20199.41606600815,20677.83077145203,20196.767837596628,22212.5,22282.5,22055.0,11:00,in_va,inside_both,below_week_val,pos,pos
long,2025-03-05 12:20:00-05:00,2025-03-05,2025-03-05 14:05:00-05:00,tp,20451.375,20634.517857142855,20451.25,20327.678571428572,20634.642857142855,59.82142857142857,0.7224080267558528,310,-51,108,20414.75,20437.25,183.14285714285506,3662.8571428571013,3658.3571428571013,20350.0,20520.0,20312.5,20683.461907521803,20275.11714232722,20694.200803645203,20264.43903388821,22212.5,22282.5,22055.0,12:00,in_va,inside_both,below_week_val,neg,pos
long,2025-03-05 13:55:00-05:00,2025-03-05,2025-03-05 16:55:00-05:00,eod,20590.625,20611.625,20590.5,20499.23214285714,20742.035714285717,60.267857142857146,0.76,305,-18,156,20570.75,20585.5,21.0,420.0,415.5,20500.0,20572.5,20367.5,20687.93009204762,20270.67425002768,20701.743683991564,20256.93885013046,22212.5,22282.5,22055.0,13:00,above_vah,inside_both,below_week_val,neg,pos
long,2025-03-06 13:15:00-05:00,2025-03-06,2025-03-06 13:35:00-05:00,sl,20189.625,20108.51785714286,20189.5,20108.64285714286,20321.214285714283,50.857142857142854,0.7133757961783439,229,1,166,20155.0,20183.25,-81.1071428571413,-1622.142857142826,-1626.642857142826,20405.0,20490.0,20250.0,20762.263784343235,20162.186042334917,20773.212615817254,20151.397232959047,22212.5,22282.5,22055.0,13:00,below_val,inside_both,below_week_val,pos,pos
long,2025-03-06 14:45:00-05:00,2025-03-06,2025-03-06 16:55:00-05:00,eod,20157.625,20173.375,20157.5,20005.25,20361.5,51.75,0.7950310559006211,516,-20,122,20073.5,20114.25,15.75,315.0,310.5,20405.0,20530.0,20177.5,20842.11549485509,20083.501400499503,20800.62110593705,20124.38933025413,22212.5,22282.5,22055.0,14:00,below_val,inside_both,below_week_val,neg,pos
long,2025-03-07 09:30:00-05:00,2025-03-07,2025-03-07 10:30:00-05:00,sl,20102.375,19961.178571428572,20102.25,19961.303571428572,20305.642857142855,62.44642857142857,0.8170347003154574,447,-110,2,20070.5,20084.5,-141.19642857142753,-2823.9285714285506,-2828.4285714285506,20180.0,20225.0,20125.0,20181.11183332245,20029.939481983856,20179.332843259985,20031.706478953976,22212.5,22282.5,22055.0,09:00,below_val,inside_both,below_week_val,neg,pos
long,2025-03-07 14:20:00-05:00,2025-03-07,2025-03-07 15:35:00-05:00,sl,20269.125,20148.196428571428,20269.0,20148.321428571428,20445.107142857145,55.42857142857143,0.9583333333333334,578,6,13,20218.5,20242.0,-120.92857142857247,-2418.5714285714494,-2423.0714285714494,20170.0,20215.0,19977.5,20378.697190663377,19833.686149755,20350.029254487614,19862.16082054202,22212.5,22282.5,22055.0,14:00,above_vah,inside_both,below_week_val,pos,pos
long,2025-03-07 14:15:00-05:00,2025-03-07,2025-03-07 15:40:00-05:00,sl,20206.125,20103.214285714286,20206.0,20103.339285714286,20365.071428571428,56.410714285714285,0.7738693467336684,249,-67,31,20161.5,20193.0,-102.91071428571377,-2058.2142857142753,-2062.7142857142753,20170.0,20217.5,19977.5,20371.84096605504,19840.49615300628,20344.17898639683,19867.971648949042,22212.5,22282.5,22055.0,14:00,in_va,inside_both,below_week_val,neg,pos
long,2025-03-07 13:35:00-05:00,2025-03-07,2025-03-07 16:55:00-05:00,eod,20139.875,20207.125,20139.75,19984.089285714286,20374.821428571428,79.41071428571429,0.788235294117647,542,-77,275,20097.75,20128.25,67.25,1345.0,1340.5,20070.0,20227.5,19967.5,20324.218613120986,19887.797459022393,20332.442732432588,19879.62878275371,22212.5,22282.5,22055.0,13:00,in_va,inside_both,below_week_val,neg,pos
long,2025-03-17 14:25:00-04:00,2025-03-17,2025-03-17 15:50:00-04:00,sl,19917.875,19866.76785714286,19917.75,19866.89285714286,19998.214285714283,29.607142857142858,0.7570093457943925,418,-12,223,19882.0,19904.5,-51.1071428571413,-1022.142857142826,-1026.642857142826,19695.0,19817.5,19660.0,19951.824946037006,19418.87067154672,19888.502493462882,19482.079834531665,20175.0,20570.0,20057.5,14:00,above_vah,inside_14_only,below_week_val,neg,pos
long,2025-03-10 12:30:00-04:00,2025-03-10,2025-03-10 13:00:00-04:00,sl,19633.625,19514.303571428572,19633.5,19514.428571428572,19804.642857142855,52.07142857142857,0.7353951890034365,428,49,57,19571.75,19620.25,-119.32142857142753,-2386.4285714285506,-2390.9285714285506,19590.0,19892.5,19525.0,20344.744507654712,19745.725368039526,20362.96877694958,19727.795333133676,21200.0,21660.0,20925.0,12:00,in_va,outside_both,below_week_val,pos,pos
long,2025-03-10 15:20:00-04:00,2025-03-10,2025-03-10 16:55:00-04:00,eod,19446.375,19471.875,19446.25,19343.125,19598.25,48.875,0.7759336099585062,427,-63,24,19412.0,19430.0,25.5,510.0,505.5,19590.0,19800.0,19275.0,20520.450766147536,19572.85592142527,20421.736448075197,19669.97647754232,21200.0,21660.0,20925.0,15:00,in_va,outside_both,below_week_val,neg,pos
long,2025-03-11 14:40:00-04:00,2025-03-11,2025-03-11 15:50:00-04:00,sl,19599.625,19448.73214285714,19599.5,19448.85714285714,19816.785714285717,66.64285714285714,0.7925531914893617,293,-47,136,19586.25,19599.0,-150.8928571428587,-3017.857142857174,-3022.357142857174,19472.5,19550.0,19350.0,19716.647199203897,19177.487285366755,19660.694321231193,19233.295051366495,21200.0,21660.0,20925.0,14:00,above_vah,inside_both,below_week_val,neg,pos
long,2025-03-11 10:50:00-04:00,2025-03-11,2025-03-11 16:55:00-04:00,eod,19409.125,19401.125,19409.0,19178.571428571428,19748.607142857145,109.17857142857143,0.7946257197696737,1166,-56,181,19332.0,19384.5,-8.0,-160.0,-164.5,19540.0,19575.0,19392.5,19616.64531384492,19277.229819081804,19597.453805268247,19296.37155510388,21200.0,21660.0,20925.0,10:00,in_va,inside_both,below_week_val,neg,pos
long,2025-03-11 14:10:00-04:00,2025-03-11,2025-03-11 14:50:00-04:00,tp,19484.375,19658.446428571428,19484.25,19371.339285714286,19658.571428571428,61.410714285714285,0.8878923766816144,229,-2,83,19414.25,19446.0,174.07142857142753,3481.4285714285506,3476.9285714285506,19472.5,19540.0,19330.0,19677.64583058617,19216.387505200837,19641.146042893328,19252.792631878965,21200.0,21660.0,20925.0,14:00,in_va,inside_both,below_week_val,neg,pos
long,2025-03-17 09:35:00-04:00,2025-03-17,2025-03-17 10:30:00-04:00,sl,19823.625,19708.678571428572,19823.5,19708.803571428572,19975.392857142855,37.19642857142857,0.796969696969697,779,-17,32,19697.75,19788.75,-114.94642857142753,-2298.9285714285506,-2303.4285714285506,19602.5,19695.0,19555.0,19743.73485291545,19626.588472689615,19742.859569023647,19627.46219061945,20175.0,20570.0,20057.5,09:00,above_vah,outside_both,below_week_val,neg,pos
long,2025-03-13 13:50:00-04:00,2025-03-13,2025-03-13 14:40:00-04:00,tp,19224.375,19357.875,19224.25,19135.0,19358.0,44.5,0.8020833333333334,369,3,88,19185.75,19213.25,133.5,2670.0,2665.5,19497.5,19580.0,19345.0,19743.312438294786,19403.700517177705,19736.806789158647,19410.20566777757,21200.0,21660.0,20925.0,13:00,below_val,outside_both,below_week_val,pos,pos
long,2025-03-14 12:40:00-04:00,2025-03-14,2025-03-14 13:35:00-04:00,sl,19678.875,19620.714285714286,19678.75,19620.839285714286,19769.571428571428,32.910714285714285,0.8260869565217391,398,-8,80,19638.0,19660.5,-58.160714285713766,-1163.2142857142753,-1167.7142857142753,19495.0,19605.0,19397.5,19600.37375730999,19158.822455700916,19620.226470307523,19139.14516868004,21200.0,21660.0,20925.0,12:00,above_vah,outside_both,below_week_val,neg,pos
long,2025-03-14 14:30:00-04:00,2025-03-14,2025-03-14 16:55:00-04:00,eod,19665.375,19667.375,19665.25,19599.910714285714,19762.178571428572,31.589285714285715,0.9361702127659575,215,-4,53,19633.75,19643.25,2.0,40.0,35.5,19630.0,19702.5,19490.0,19696.525456195013,19063.52038908963,19652.589511422477,19107.068099467055,21200.0,21660.0,20925.0,14:00,in_va,inside_14_only,below_week_val,neg,pos
long,2025-03-18 14:45:00-04:00,2025-03-18,2025-03-18 15:45:00-04:00,sl,19548.375,19469.910714285714,19548.25,19470.035714285714,19661.678571428572,35.214285714285715,0.8556701030927835,211,-11,23,19524.25,19547.25,-78.46428571428623,-1569.2857142857247,-1573.7857142857247,19485.0,19690.0,19400.0,20073.714385278712,19451.485081449493,20026.86491385137,19498.00617839069,20175.0,20570.0,20057.5,14:00,in_va,inside_both,below_week_val,neg,pos
long,2025-03-24 10:45:00-04:00,2025-03-24,2025-03-24 16:55:00-04:00,eod,20356.875,20357.125,20356.75,20297.446428571428,20446.857142857145,30.803571428571427,0.8717948717948718,432,-32,15,20330.0,20350.0,0.25,5.0,0.5,20325.0,20350.0,20200.0,20424.27370705168,19527.169136503493,20400.66751626007,19550.11601461678,19472.5,19697.5,19405.0,10:00,above_vah,inside_both,above_week_vah,neg,pos
long,2025-03-24 13:25:00-04:00,2025-03-24,2025-03-24 15:50:00-04:00,tp,20337.375,20393.910714285717,20337.25,20300.98214285714,20394.035714285717,20.517857142857142,0.7761194029850746,258,-15,82,20322.5,20335.0,56.535714285717404,1130.714285714348,1126.214285714348,20337.5,20375.0,20245.0,20457.39773172363,19494.97025429168,20422.54524851653,19528.8493197944,19472.5,19697.5,19405.0,13:00,in_va,inside_both,above_week_vah,neg,pos
long,2025-03-25 16:00:00-04:00,2025-03-25,2025-03-25 16:55:00-04:00,eod,20501.125,20517.125,20501.0,20468.178571428572,20552.392857142855,18.571428571428573,0.7761194029850746,935,-77,338,20477.25,20495.25,16.0,320.0,315.5,20425.0,20480.0,20395.0,20592.705784016096,20166.2071345304,20640.500489342227,20118.515509507408,19472.5,19697.5,19405.0,16:00,above_vah,inside_both,above_week_vah,neg,pos
long,2025-03-25 12:50:00-04:00,2025-03-25,2025-03-25 13:25:00-04:00,sl,20458.375,20419.375,20458.25,20419.5,20515.75,18.75,0.7608695652173914,402,-65,108,20441.5,20448.25,-39.0,-780.0,-784.5,20425.0,20467.5,20362.5,20564.00767411593,20194.843350338997,20571.213931401544,20187.65263500893,19472.5,19697.5,19405.0,12:00,in_va,inside_both,above_week_vah,neg,pos
long,2025-03-26 10:50:00-04:00,2025-03-26,2025-03-26 11:50:00-04:00,sl,20304.125,20217.125,20304.0,20217.25,20432.5,41.75,0.8262910798122066,901,-7,13,20281.75,20296.25,-87.0,-1740.0,-1744.5,20460.0,20532.5,20322.5,20674.563846994482,20282.286126614425,20661.08746595082,20295.71111057433,19472.5,19697.5,19405.0,10:00,below_val,inside_both,above_week_vah,neg,pos
long,2025-03-26 12:25:00-04:00,2025-03-26,2025-03-26 12:55:00-04:00,sl,20205.375,20146.85714285714,20205.25,20146.98214285714,20294.035714285717,30.517857142857142,0.9016393442622951,397,-2,51,20178.5,20204.75,-58.5178571428587,-1170.357142857174,-1174.857142857174,20280.0,20460.0,20227.5,20671.147102570125,20285.689840040417,20685.953191894117,20270.94021912664,19472.5,19697.5,19405.0,12:00,below_val,outside_both,above_week_vah,neg,pos
long,2025-03-27 10:25:00-04:00,2025-03-27,2025-03-27 12:55:00-04:00,sl,20120.875,20008.785714285714,20120.75,20008.910714285714,20283.928571428572,51.339285714285715,0.8825910931174089,733,-46,80,20076.75,20102.75,-112.08928571428623,-2241.7857142857247,-2246.2857142857247,20075.0,20107.5,20015.0,20223.80844908813,19895.602945543334,20214.475850398547,19904.906743500298,19472.5,19697.5,19405.0,10:00,above_vah,inside_both,above_week_vah,neg,pos
long,2025-03-27 15:10:00-04:00,2025-03-27,2025-03-27 15:50:00-04:00,sl,20096.625,20019.910714285714,20096.5,20020.035714285714,20204.428571428572,31.464285714285715,0.8378378378378378,290,-6,17,20060.25,20072.0,-76.71428571428623,-1534.2857142857247,-1538.7857142857247,20075.0,20112.5,20015.0,20314.775518509177,19804.916603745,20318.000767215537,19801.70130827125,19472.5,19697.5,19405.0,15:00,in_va,inside_both,above_week_vah,neg,pos
long,2025-04-02 16:10:00-04:00,2025-04-02,2025-04-02 16:25:00-04:00,sl,19948.125,19630.053571428572,19948.0,19630.178571428572,20328.392857142855,62.57142857142857,0.705932932072227,678,-48,98,19909.25,19922.75,-318.07142857142753,-6361.428571428551,-6365.928571428551,19747.5,19855.0,19572.5,19834.854589970586,19094.40853582246,19813.839287837858,19115.134311902737,19695.0,19855.0,19557.5,16:00,above_vah,outside_both,above_week_vah,neg,pos
long,2025-03-28 13:55:00-04:00,2025-03-28,2025-03-28 15:35:00-04:00,sl,19482.875,19422.98214285714,19482.75,19423.10714285714,19569.035714285717,26.642857142857142,0.900709219858156,243,-17,87,19455.75,19478.0,-59.8928571428587,-1197.857142857174,-1202.357142857174,19600.0,19865.0,19440.0,20157.987255726726,19750.956019013873,20175.982818009863,19733.038073265354,19472.5,19697.5,19405.0,13:00,in_va,outside_both,in_week_va,neg,pos
long,2025-03-31 12:25:00-04:00,2025-03-31,2025-03-31 15:10:00-04:00,tp,19285.625,19429.303571428572,19285.5,19183.410714285714,19429.428571428572,41.839285714285715,0.9795081967213115,213,-6,25,19267.25,19272.25,143.67857142857247,2873.5714285714494,2869.0714285714494,19220.0,19250.0,19117.5,19546.283683659778,18983.077670426883,19514.962170377323,19014.084528767267,19695.0,19855.0,19557.5,12:00,above_vah,inside_both,below_week_val,neg,pos
long,2025-03-31 11:20:00-04:00,2025-03-31,2025-03-31 14:30:00-04:00,tp,19216.125,19384.517857142855,19216.0,19102.178571428572,19384.642857142855,54.82142857142857,0.8461538461538461,207,0,-75,19156.75,19168.0,168.39285714285506,3367.8571428571013,3363.3571428571013,19150.0,19250.0,19102.5,19519.385655255366,19009.70548207985,19501.05225989178,19027.85470072745,19695.0,19855.0,19557.5,11:00,in_va,inside_both,below_week_val,zero,neg
long,2025-04-03 12:10:00-04:00,2025-04-03,2025-04-03 13:55:00-04:00,sl,18944.875,18818.071428571428,18944.75,18818.196428571428,19131.357142857145,60.05357142857143,0.7848101265822784,357,-30,60,18893.0,18937.75,-126.80357142857247,-2536.0714285714494,-2540.5714285714494,18910.0,19027.5,18830.0,19337.442165046887,18741.262474806426,19305.610156206792,18772.71553610691,19695.0,19855.0,19557.5,12:00,in_va,inside_both,below_week_val,neg,pos
long,2025-04-07 10:10:00-04:00,2025-04-07,2025-04-07 16:55:00-04:00,eod,17957.625,17628.625,17957.5,17056.660714285714,19055.178571428572,196.83928571428572,0.8020143884892086,686,7,-275,17256.0,17278.0,-329.0,-6580.0,-6584.5,16750.0,17087.5,16622.5,17571.946542033085,16839.13558841119,17585.250015390782,16826.256902435816,20080.0,20410.0,19835.0,10:00,above_vah,outside_both,below_week_val,pos,neg
long,2025-04-07 11:40:00-04:00,2025-04-07,2025-04-07 16:55:00-04:00,eod,17538.375,17628.625,17538.25,17125.196428571428,18180.107142857145,228.80357142857142,0.8094117647058824,241,-41,60,17344.5,17440.25,90.25,1805.0,1800.5,16750.0,17355.0,16620.0,17664.031761519123,16749.99070174532,17619.306482165768,16793.287877788418,20080.0,20410.0,19835.0,11:00,above_vah,inside_both,below_week_val,neg,pos
long,2025-04-08 15:50:00-04:00,2025-04-08,2025-04-08 16:55:00-04:00,eod,17225.375,17231.875,17225.25,16870.910714285714,17689.428571428572,109.83928571428571,0.924314096499527,615,-1,208,17027.0,17143.75,6.5,130.0,125.5,18130.0,18342.5,17685.0,18480.03002591861,17308.692566628313,18378.55361741802,17407.25195817978,20080.0,20410.0,19835.0,15:00,below_val,outside_both,below_week_val,neg,pos
long,2025-04-09 09:35:00-04:00,2025-04-09,2025-04-09 13:15:00-04:00,tp,17435.375,17838.446428571428,17435.25,17132.464285714286,17838.571428571428,100.53571428571429,0.7855392156862745,284,-297,24,17330.25,17373.5,403.07142857142753,8061.428571428551,8056.928571428551,17000.0,17237.5,16860.0,17289.26824291954,17151.30985618147,17274.360524185857,17166.197244634848,20080.0,20410.0,19835.0,09:00,above_vah,outside_both,below_week_val,neg,pos
long,2025-04-09 15:20:00-04:00,2025-04-09,2025-04-09 16:55:00-04:00,eod,19150.875,19353.375,19150.75,18923.98214285714,19520.785714285717,143.26785714285714,0.7104622871046229,247,-14,186,19027.25,19112.25,202.5,4050.0,4045.5,17462.5,17680.0,16775.0,17625.04251996928,16815.993488574088,17475.386979654686,16965.44493736144,20080.0,20410.0,19835.0,15:00,above_vah,outside_both,below_week_val,neg,pos
long,2025-04-11 13:40:00-04:00,2025-04-11,2025-04-11 16:55:00-04:00,eod,18823.875,18820.375,18823.75,18652.98214285714,19071.535714285717,77.01785714285714,0.7204968944099379,390,17,85,18755.5,18781.5,-3.5,-70.0,-74.5,,,,19077.303499997462,17842.37299115189,18782.95213263965,18135.356133360787,20080.0,20410.0,19835.0,13:00,unknown,inside_14_only,below_week_val,pos,pos
long,2025-04-11 11:25:00-04:00,2025-04-11,2025-04-11 12:35:00-04:00,tp,18416.625,18694.410714285717,18416.5,18241.10714285714,18694.535714285717,102.64285714285714,0.7452054794520548,306,5,103,18358.25,18406.75,277.7857142857174,5555.714285714348,5551.214285714348,,,,18718.960820090157,18199.049996899157,18648.072130771645,18269.609176324877,20080.0,20410.0,19835.0,11:00,unknown,inside_both,below_week_val,pos,pos
long,2025-04-11 12:30:00-04:00,2025-04-11,2025-04-11 16:55:00-04:00,eod,18665.125,18820.375,18665.0,18498.839285714286,18901.571428571428,70.41071428571429,0.8110403397027601,290,3,12,18571.0,18638.25,155.25,3105.0,3100.5,,,,18864.421546586927,18054.2654113898,18695.11521272502,18222.784763400938,20080.0,20410.0,19835.0,12:00,unknown,inside_both,below_week_val,pos,pos
long,2025-04-14 13:20:00-04:00,2025-04-14,2025-04-14 16:25:00-04:00,sl,18920.125,18795.946428571428,18920.0,18796.071428571428,19111.357142857145,67.42857142857143,0.7777777777777778,253,-3,36,18845.0,18885.25,-124.17857142857247,-2483.5714285714494,-2488.0714285714494,19140.0,19205.0,18952.5,19742.516701649274,18320.906635639032,19480.724912227946,18577.0969628439,19400.0,19712.5,18675.0,13:00,below_val,inside_both,in_week_va,neg,pos
long,2025-04-14 14:40:00-04:00,2025-04-14,2025-04-14 15:50:00-04:00,sl,19039.375,18970.98214285714,19039.25,18971.10714285714,19146.035714285717,38.642857142857146,0.782608695652174,299,-18,28,19000.0,19015.5,-68.3928571428587,-1367.857142857174,-1372.357142857174,19140.0,19205.0,18920.0,19977.059147510394,18091.38260785569,19585.34763709701,18474.712811772868,19400.0,19712.5,18675.0,14:00,in_va,inside_both,in_week_va,neg,pos
long,2025-04-16 11:20:00-04:00,2025-04-16,2025-04-16 12:05:00-04:00,sl,18704.625,18559.946428571428,18704.5,18560.071428571428,18893.857142857145,44.92857142857143,0.8533653846153846,879,3,122,18655.0,18679.5,-144.67857142857247,-2893.5714285714494,-2898.0714285714494,18630.0,18675.0,18525.0,19148.671123795688,18377.51408108565,19093.571044834272,18431.58492502052,19400.0,19712.5,18675.0,11:00,above_vah,inside_both,in_week_va,pos,pos
long,2025-04-17 12:05:00-04:00,2025-04-17,2025-04-17 16:55:00-04:00,eod,18410.125,18427.625,18410.0,18253.089285714286,18630.821428571428,63.910714285714285,0.7258771929824561,557,30,119,18341.75,18397.25,17.5,350.0,345.5,18385.0,18512.5,18325.0,18785.324298249623,18084.17765244702,18670.746990986016,18197.955939660784,19400.0,19712.5,18675.0,12:00,in_va,inside_both,below_week_val,pos,pos
long,2025-04-21 10:35:00-04:00,2025-04-21,2025-04-21 11:20:00-04:00,sl,17970.125,17875.10714285714,17970.0,17875.23214285714,18116.285714285717,51.517857142857146,0.8472906403940886,329,1,149,17919.75,17942.0,-95.0178571428587,-1900.357142857174,-1904.857142857174,18102.5,18302.5,18047.5,18650.166373750828,17910.43641484597,18574.102912404487,17985.267770090813,17250.0,18265.0,16555.0,10:00,below_val,inside_14_only,in_week_va,pos,pos
long,2025-04-24 13:50:00-04:00,2025-04-24,2025-04-24 16:00:00-04:00,tp,19271.625,19363.553571428572,19271.5,19209.285714285714,19363.678571428572,29.964285714285715,0.708029197080292,281,-29,40,19249.0,19266.0,91.92857142857247,1838.5714285714494,1834.0714285714494,19165.0,19277.5,18860.0,19484.390450166415,18241.67441566936,19176.910740597985,18548.7428002134,17250.0,18265.0,16555.0,13:00,in_va,inside_14_only,above_week_vah,neg,pos
long,2025-04-25 12:20:00-04:00,2025-04-25,2025-04-25 13:20:00-04:00,tp,19420.625,19523.732142857145,19420.5,19351.071428571428,19523.857142857145,33.92857142857143,0.7880794701986755,493,-61,86,19391.0,19405.75,103.10714285714494,2062.1428571428987,2057.6428571428987,19340.0,19392.5,19265.0,19662.713086394768,18987.52820811,19554.581801218847,19095.405198236145,17250.0,18265.0,16555.0,12:00,above_vah,inside_both,above_week_vah,neg,pos
long,2025-04-28 14:20:00-04:00,2025-04-28,2025-04-28 15:20:00-04:00,tp,19403.625,19500.803571428572,19403.5,19336.035714285714,19500.928571428572,29.964285714285715,0.7792207792207793,398,-55,25,19351.75,19385.5,97.17857142857247,1943.5714285714494,1939.0714285714494,19490.0,19622.5,19362.5,19831.469239339804,19271.62274215092,19897.54123260957,19205.572711215435,18387.5,18955.0,18125.0,14:00,in_va,inside_both,above_week_vah,neg,pos
long,2025-04-29 13:35:00-04:00,2025-04-29,2025-04-29 14:05:00-04:00,tp,19585.625,19683.910714285717,19585.5,19522.48214285714,19684.035714285717,35.517857142857146,0.7586206896551724,234,-2,43,19568.75,19577.0,98.2857142857174,1965.714285714348,1961.214285714348,19560.0,19585.0,19495.0,19727.109071884555,19184.102878694637,19801.687632204485,19109.742499060576,18387.5,18955.0,18125.0,13:00,above_vah,inside_both,above_week_vah,neg,pos
long,2025-04-29 14:00:00-04:00,2025-04-29,2025-04-29 15:40:00-04:00,sl,19679.125,19618.98214285714,19679.0,19619.10714285714,19771.285714285717,32.392857142857146,0.8108108108108109,446,-72,2,19653.75,19667.5,-60.1428571428587,-1202.857142857174,-1207.357142857174,19560.0,19587.5,19490.0,19749.251875743532,19162.024853937222,19818.387531495475,19093.09145557299,18387.5,18955.0,18125.0,14:00,above_vah,inside_both,above_week_vah,neg,pos
long,2025-04-30 16:05:00-04:00,2025-04-30,2025-04-30 16:55:00-04:00,eod,19763.375,19848.375,19763.25,19631.428571428572,19952.142857142855,57.07142857142857,0.7266009852216748,632,-4,207,19658.0,19742.75,85.0,1700.0,1695.5,19500.0,19595.0,19287.5,19860.205880193298,19059.219031057477,20024.2359062779,18897.806560992834,18387.5,18955.0,18125.0,16:00,above_vah,inside_both,above_week_vah,neg,pos
long,2025-05-01 10:20:00-04:00,2025-05-01,2025-05-01 11:15:00-04:00,tp,19978.375,20123.910714285717,19978.25,19884.73214285714,20124.035714285717,52.267857142857146,0.8633879781420765,737,-7,92,19909.75,19959.0,145.5357142857174,2910.714285714348,2906.214285714348,19930.0,19980.0,19907.5,20096.13679772926,19724.130778141844,20168.639938502976,19652.072363958923,18387.5,18955.0,18125.0,10:00,in_va,inside_both,above_week_vah,neg,pos
long,2025-05-01 10:55:00-04:00,2025-05-01,2025-05-01 11:50:00-04:00,sl,20072.875,19998.75,20072.75,19998.875,20192.75,46.125,0.956140350877193,669,-4,19,20049.0,20052.75,-74.125,-1482.5,-1487.0,19930.0,19992.5,19907.5,20111.90625595086,19708.45804810772,20161.626495157525,19659.042787585287,18387.5,18955.0,18125.0,10:00,above_vah,inside_both,above_week_vah,neg,pos
long,2025-05-02 10:25:00-04:00,2025-05-02,2025-05-02 16:55:00-04:00,eod,20179.375,20204.375,20179.25,20090.35714285714,20314.285714285717,46.142857142857146,0.8228571428571428,289,-43,79,20150.5,20174.0,25.0,500.0,495.5,19930.0,20100.0,19865.0,20216.42438709177,19675.39851475636,20244.26889812971,19647.958692246768,18387.5,18955.0,18125.0,10:00,above_vah,inside_both,above_week_vah,neg,pos
long,2025-05-06 12:10:00-04:00,2025-05-06,2025-05-06 13:40:00-04:00,sl,20005.875,19848.553571428572,20005.75,19848.678571428572,20199.392857142855,36.57142857142857,0.8421985815602837,349,-42,-535,19948.0,19952.5,-157.32142857142753,-3146.4285714285506,-3150.9285714285506,19900.0,19967.5,19830.0,20242.758301790203,19597.460254557845,20237.040759800788,19603.107405074956,19255.0,19590.0,18375.0,12:00,above_vah,inside_both,above_week_vah,neg,neg
long,2025-05-08 11:05:00-04:00,2025-05-08,2025-05-08 11:40:00-04:00,tp,20059.375,20225.946428571428,20059.25,19943.964285714286,20226.071428571428,51.535714285714285,0.8727272727272727,475,-32,188,20016.75,20040.0,166.57142857142753,3331.4285714285506,3326.9285714285506,20080.0,20187.5,20040.0,20266.908911254206,19854.650121690433,20360.116239256862,19762.39275678377,19255.0,19590.0,18375.0,11:00,in_va,inside_both,above_week_vah,neg,pos
long,2025-05-08 14:30:00-04:00,2025-05-08,2025-05-08 15:45:00-04:00,sl,20303.625,20240.125,20303.5,20240.25,20393.25,26.5,0.935064935064935,557,-30,85,20270.25,20288.0,-63.5,-1270.0,-1274.5,20290.0,20337.5,20112.5,20334.306880580287,19787.939068135638,20525.68731979373,19598.50916605746,19255.0,19590.0,18375.0,14:00,in_va,inside_both,above_week_vah,neg,pos
long,2025-05-09 09:55:00-04:00,2025-05-09,2025-05-09 10:15:00-04:00,sl,20254.375,20204.01785714286,20254.25,20204.14285714286,20326.714285714283,22.357142857142858,0.7851851851851852,260,-39,-17,20240.75,20249.75,-50.3571428571413,-1007.142857142826,-1011.642857142826,20240.0,20255.0,20175.0,20302.029573951444,20081.482864490095,20335.308867753385,20048.31997500103,19255.0,19590.0,18375.0,09:00,in_va,inside_both,above_week_vah,neg,neg
long,2025-05-12 10:10:00-04:00,2025-05-12,2025-05-12 10:25:00-04:00,sl,20836.875,20743.60714285714,20836.75,20743.73214285714,20975.035714285717,45.267857142857146,0.8520408163265306,212,-18,58,20795.75,20821.25,-93.2678571428587,-1865.357142857174,-1869.857142857174,20917.5,20965.0,20777.5,20997.442016276083,20070.95470238032,21056.837815873096,20013.752279865803,19515.0,19930.0,19110.0,10:00,in_va,inside_both,above_week_vah,neg,pos
long,2025-05-12 12:40:00-04:00,2025-05-12,2025-05-12 13:05:00-04:00,tp,20849.375,20916.339285714283,20849.25,20805.89285714286,20916.464285714283,23.857142857142858,0.7816091954022989,495,-45,337,20834.0,20838.75,66.9642857142826,1339.285714285652,1334.785714285652,20790.0,20920.0,20747.5,21057.18025507401,20013.42248631156,21142.76410037964,19930.999094206298,19515.0,19930.0,19110.0,12:00,in_va,inside_both,above_week_vah,neg,pos
long,2025-05-13 11:15:00-04:00,2025-05-13,2025-05-13 16:55:00-04:00,eod,21272.625,21254.625,21272.5,21213.303571428572,21363.892857142855,32.19642857142857,0.7910447761194029,756,-1,299,21240.0,21260.0,-18.0,-360.0,-364.5,21210.0,21265.0,20970.0,21114.233938124,20847.514216417214,21178.060261026036,20783.832231649285,19515.0,19930.0,19110.0,11:00,above_vah,outside_both,above_week_vah,neg,pos
long,2025-05-13 12:35:00-04:00,2025-05-13,2025-05-13 15:55:00-04:00,sl,21322.375,21274.125,21322.25,21274.25,21394.0,23.75,0.8135593220338984,438,-2,154,21303.25,21309.25,-48.25,-965.0,-969.5,21287.5,21310.0,21010.0,21141.29581034584,20820.513542459103,21232.08530895504,20729.92935705345,19515.0,19930.0,19110.0,12:00,above_vah,outside_both,above_week_vah,neg,pos
long,2025-05-13 14:55:00-04:00,2025-05-13,2025-05-13 15:55:00-04:00,sl,21327.625,21272.928571428572,21327.5,21273.053571428572,21403.142857142855,21.196428571428573,0.7297297297297297,1040,-23,137,21307.75,21314.5,-54.69642857142753,-1093.9285714285506,-1098.4285714285506,21287.5,21347.5,21057.5,21137.019759332634,20824.779923524296,21374.918165754698,20587.419505357364,19515.0,19930.0,19110.0,14:00,in_va,inside_90_only,above_week_vah,neg,pos
long,2025-05-14 12:30:00-04:00,2025-05-14,2025-05-14 12:40:00-04:00,sl,21412.375,21364.0,21412.25,21364.125,21480.25,19.875,0.7676056338028169,503,-12,373,21390.5,21396.75,-48.375,-967.5,-972.0,21340.0,21367.5,21285.0,21444.894654544194,21124.97169642275,21553.26785826964,21016.90355807333,19515.0,19930.0,19110.0,12:00,above_vah,inside_both,above_week_vah,neg,pos
long,2025-05-14 14:30:00-04:00,2025-05-14,2025-05-14 16:55:00-04:00,eod,21390.375,21399.625,21390.25,21320.928571428572,21484.142857142855,24.571428571428573,0.7909090909090909,2260,-27,620,21360.5,21375.25,9.25,185.0,180.5,21340.0,21385.0,21307.5,21452.765861969372,21117.12264606934,21697.85300937291,20872.725407242924,19515.0,19930.0,19110.0,14:00,above_vah,inside_both,above_week_vah,neg,pos
long,2025-05-16 13:30:00-04:00,2025-05-16,2025-05-16 13:50:00-04:00,sl,21472.375,21438.76785714286,21472.25,21438.89285714286,21523.964285714283,18.357142857142858,0.7733333333333333,361,-4,89,21460.5,21465.25,-33.6071428571413,-672.142857142826,-676.642857142826,21430.0,21452.5,21385.0,21589.244606772154,21274.909459990748,21787.54931360931,21077.2629206329,19515.0,19930.0,19110.0,13:00,above_vah,inside_both,above_week_vah,neg,pos
long,2025-05-19 13:00:00-04:00,2025-05-19,2025-05-19 14:15:00-04:00,sl,21523.875,21471.51785714286,21523.75,21471.64285714286,21597.714285714283,21.857142857142858,0.816,502,-19,25,21505.25,21512.0,-52.3571428571413,-1047.142857142826,-1051.642857142826,21420.0,21477.5,21245.0,21534.610345384044,21070.126508766753,21639.140085373838,20966.559017291722,20140.0,20197.5,19872.5,13:00,above_vah,inside_both,above_week_vah,neg,pos
long,2025-05-19 11:35:00-04:00,2025-05-19,2025-05-19 13:05:00-04:00,tp,21449.875,21539.696428571428,21449.75,21388.339285714286,21539.821428571428,28.660714285714285,0.8120805369127517,338,-7,126,21421.25,21435.0,89.82142857142753,1796.4285714285506,1791.9285714285506,21420.0,21457.5,21230.0,21528.363453832517,21076.31589455851,21583.511274985653,21021.67573666946,20140.0,20197.5,19872.5,11:00,in_va,inside_both,above_week_vah,neg,pos
long,2025-05-19 12:50:00-04:00,2025-05-19,2025-05-19 16:55:00-04:00,eod,21483.375,21516.875,21483.25,21432.803571428572,21555.892857142855,22.196428571428573,0.8421052631578947,202,-1,-32,21450.0,21476.25,33.5,670.0,665.5,21420.0,21477.5,21250.0,21541.12756599978,21063.66928242498,21632.967069900216,20972.675207071796,20140.0,20197.5,19872.5,12:00,above_vah,inside_both,above_week_vah,neg,neg
long,2025-05-20 10:35:00-04:00,2025-05-20,2025-05-20 14:25:00-04:00,sl,21439.125,21356.464285714286,21439.0,21356.589285714286,21562.321428571428,40.910714285714285,0.7988826815642458,1356,-40,108,21401.0,21416.25,-82.66071428571377,-1653.2142857142753,-1657.7142857142753,21427.5,21460.0,21387.5,21647.134712189472,21283.49427930877,21690.836427940656,21240.00379088659,20140.0,20197.5,19872.5,10:00,in_va,inside_both,above_week_vah,neg,pos
long,2025-05-20 12:35:00-04:00,2025-05-20,2025-05-20 13:50:00-04:00,sl,21458.375,21416.625,21458.25,21416.75,21521.5,21.75,0.76,405,8,122,21435.75,21445.75,-41.75,-835.0,-839.5,21420.0,21447.5,21395.0,21656.693973800684,21273.981221313657,21752.604163397053,21178.534602833985,20140.0,20197.5,19872.5,12:00,above_vah,inside_both,above_week_vah,pos,pos
long,2025-05-22 12:10:00-04:00,2025-05-22,2025-05-22 12:45:00-04:00,sl,21301.875,21240.25,21301.75,21240.375,21397.5,34.375,0.7479674796747967,509,-26,48,21241.25,21281.25,-61.625,-1232.5,-1237.0,21175.0,21260.0,21157.5,21317.486732160334,20999.44113149217,21377.38031589088,20939.620394654514,20140.0,20197.5,19872.5,12:00,above_vah,inside_both,above_week_vah,neg,pos
long,2025-05-23 12:20:00-04:00,2025-05-23,2025-05-23 14:05:00-04:00,tp,20975.125,21080.982142857145,20975.0,20903.821428571428,21081.107142857145,34.92857142857143,0.8717948717948718,283,-1,69,20943.25,20964.5,105.85714285714494,2117.1428571428987,2112.6428571428987,20935.0,20990.0,20787.5,21350.20361385439,20715.63439415257,21445.67342254897,20621.809413998755,20140.0,20197.5,19872.5,12:00,in_va,inside_both,above_week_vah,neg,pos
long,2025-05-27 12:20:00-04:00,2025-05-27,2025-05-27 13:20:00-04:00,tp,21423.875,21466.803571428572,21423.75,21396.035714285714,21466.928571428572,15.464285714285714,0.8846153846153846,268,-5,40,21409.5,21419.75,42.92857142857247,858.5714285714494,854.0714285714494,21370.0,21402.5,21260.0,21403.589371904323,21139.546044964412,21515.470473959787,21027.79110385284,21325.0,21517.5,21192.5,12:00,above_vah,inside_90_only,in_week_va,neg,pos
long,2025-05-28 11:00:00-04:00,2025-05-28,2025-05-28 14:50:00-04:00,sl,21466.875,21401.464285714286,21466.75,21401.589285714286,21558.821428571428,26.910714285714285,0.852760736196319,763,-35,100,21447.5,21464.0,-65.41071428571377,-1308.2142857142753,-1312.7142857142753,21450.0,21505.0,21432.5,21604.967957176577,21377.413035594505,21707.852557278115,21274.663588069794,21325.0,21517.5,21192.5,11:00,in_va,inside_both,in_week_va,neg,pos
long,2025-06-02 09:30:00-04:00,2025-06-02,2025-06-02 10:00:00-04:00,sl,21405.375,21258.553571428572,21405.25,21258.678571428572,21579.892857142855,28.071428571428573,0.9270216962524654,537,-13,70,21357.25,21388.25,-146.82142857142753,-2936.4285714285506,-2940.9285714285506,21227.5,21282.5,21215.0,21374.60585215718,21282.165462620665,21378.40803588366,21278.37773569739,21422.5,21542.5,21190.0,09:00,above_vah,outside_both,in_week_va,neg,pos
long,2025-05-30 13:05:00-04:00,2025-05-30,2025-05-30 15:05:00-04:00,tp,21183.625,21338.803571428572,21183.5,21080.660714285714,21338.928571428572,52.589285714285715,0.8181818181818182,514,-10,112,21149.0,21165.0,155.17857142857247,3103.5714285714494,3099.0714285714494,21370.0,21392.5,21295.0,21537.546883702234,21229.474516374972,21635.17519898888,21131.85989690062,21325.0,21517.5,21192.5,13:00,below_val,inside_90_only,below_week_val,neg,pos
long,2025-06-04 12:45:00-04:00,2025-06-04,2025-06-04 16:55:00-04:00,eod,21748.875,21747.875,21748.75,21709.14285714286,21810.714285714283,22.357142857142858,0.8266666666666667,352,-20,119,21720.0,21738.75,-1.0,-20.0,-24.5,21730.0,21762.5,21700.0,21888.31858802691,21525.71388618908,21966.815026257005,21447.353840973872,21422.5,21542.5,21190.0,12:00,in_va,inside_both,above_week_vah,neg,pos
long,2025-06-05 11:15:00-04:00,2025-06-05,2025-06-05 12:15:00-04:00,sl,21909.875,21822.285714285714,21909.75,21822.410714285714,22044.678571428572,47.589285714285715,0.824468085106383,673,-46,185,21845.5,21898.0,-87.58928571428623,-1751.7857142857247,-1756.2857142857247,21750.0,21820.0,21725.0,21924.70994799735,21635.87131318198,21988.886328369474,21571.883970274528,21422.5,21542.5,21190.0,11:00,above_vah,inside_both,above_week_vah,neg,pos
long,2025-06-12 11:00:00-04:00,2025-06-12,2025-06-12 11:20:00-04:00,sl,21969.375,21908.339285714286,21969.25,21908.464285714286,22056.071428571428,26.035714285714285,0.8070175438596491,445,-1,-48,21941.25,21956.0,-61.035714285713766,-1220.7142857142753,-1225.2142857142753,21917.5,21947.5,21822.5,21959.18482847711,21753.75168390248,22075.712797980075,21637.50993232239,21450.0,21517.5,21297.5,11:00,above_vah,inside_90_only,above_week_vah,neg,neg
long,2025-06-12 10:10:00-04:00,2025-06-12,2025-06-12 16:55:00-04:00,eod,21914.125,21908.875,21914.0,21858.053571428572,21998.642857142855,28.696428571428573,0.7796610169491526,224,65,15,21886.75,21892.5,-5.25,-105.0,-109.5,21832.5,21885.0,21797.5,21972.370188787227,21740.59870969208,22019.096186661267,21693.987480985586,21450.0,21517.5,21297.5,10:00,above_vah,inside_both,above_week_vah,pos,pos
long,2025-06-12 12:25:00-04:00,2025-06-12,2025-06-12 15:50:00-04:00,sl,21955.875,21897.446428571428,21955.75,21897.571428571428,22041.857142857145,27.928571428571427,0.7388535031847133,558,-14,165,21922.5,21951.5,-58.42857142857247,-1168.5714285714494,-1173.0714285714494,21917.5,21952.5,21835.0,22002.950482814733,21710.093527487727,22117.269179314648,21596.05562245786,21450.0,21517.5,21297.5,12:00,above_vah,inside_both,above_week_vah,neg,pos
long,2025-06-24 10:40:00-04:00,2025-06-24,2025-06-24 12:40:00-04:00,tp,22336.375,22415.017857142855,22336.25,22284.928571428572,22415.142857142855,27.571428571428573,0.7889908256880734,474,-40,234,22293.75,22326.0,78.64285714285506,1572.8571428571013,1568.3571428571013,22302.5,22330.0,22270.0,22371.880653770157,21987.44160030609,22431.679026073274,21928.217431903267,21870.0,21975.0,21775.0,10:00,above_vah,inside_both,above_week_vah,neg,pos
long,2025-06-24 11:00:00-04:00,2025-06-24,2025-06-24 14:00:00-04:00,tp,22343.625,22427.696428571428,22343.5,22286.464285714286,22427.821428571428,27.285714285714285,0.7466666666666667,369,-21,305,22336.5,22340.25,84.07142857142753,1681.4285714285506,1676.9285714285506,22302.5,22337.5,22277.5,22397.17953624228,21962.385646135004,22474.377489690054,21885.92897316456,21870.0,21975.0,21775.0,11:00,above_vah,inside_both,above_week_vah,neg,pos
long,2025-06-25 15:55:00-04:00,2025-06-25,2025-06-25 16:55:00-04:00,eod,22463.375,22472.375,22463.25,22414.625,22529.25,17.375,0.7555555555555555,630,-24,170,22454.75,22462.75,9.0,180.0,175.5,22442.5,22487.5,22395.0,22638.194806771615,22268.869201336223,22936.068114649872,21972.20069243644,21870.0,21975.0,21775.0,15:00,in_va,inside_both,above_week_vah,neg,pos
long,2025-06-25 15:05:00-04:00,2025-06-25,2025-06-25 16:55:00-04:00,eod,22445.375,22472.375,22445.25,22415.160714285714,22489.928571428572,14.589285714285714,0.7466666666666667,226,-27,131,22423.5,22435.75,27.0,540.0,535.5,22420.0,22492.5,22395.0,22645.65426270345,22261.439916435655,22877.275252230113,22030.755757179428,21870.0,21975.0,21775.0,15:00,in_va,inside_both,above_week_vah,neg,pos
long,2025-06-26 12:00:00-04:00,2025-06-26,2025-06-26 15:50:00-04:00,tp,22629.125,22690.767857142855,22629.0,22586.928571428572,22690.892857142855,19.821428571428573,0.7307692307692307,370,-41,95,22612.0,22618.75,61.642857142855064,1232.8571428571013,1228.3571428571013,22560.0,22605.0,22530.0,22664.042518088227,22361.10280625048,22758.3587868058,22267.12006179014,21870.0,21975.0,21775.0,12:00,above_vah,inside_both,above_week_vah,neg,pos
long,2025-06-30 12:30:00-04:00,2025-06-30,2025-06-30 13:35:00-04:00,sl,22848.625,22816.214285714286,22848.5,22816.339285714286,22897.321428571428,16.660714285714285,0.796875,233,-41,25,22836.25,22845.25,-32.410714285713766,-648.2142857142753,-652.7142857142753,22820.0,22860.0,22807.5,22981.26221768624,22631.367417414956,23115.710283349657,22497.69235428238,21945.0,21995.0,21782.5,12:00,in_va,inside_both,above_week_vah,neg,pos
long,2025-06-30 14:55:00-04:00,2025-06-30,2025-06-30 15:50:00-04:00,tp,22849.625,22919.910714285717,22849.5,22801.60714285714,22920.035714285717,22.642857142857142,0.8620689655172413,594,-1,62,22826.0,22848.25,70.2857142857174,1405.714285714348,1401.214285714348,22820.0,22852.5,22805.0,23002.564151894017,22610.187957628605,23248.531895304557,22365.63439364284,21945.0,21995.0,21782.5,14:00,in_va,inside_both,above_week_vah,neg,pos
long,2025-06-30 15:20:00-04:00,2025-06-30,2025-06-30 16:55:00-04:00,eod,22878.875,22866.625,22878.75,22835.98214285714,22941.535714285717,20.017857142857142,0.8113207547169812,495,-6,131,22860.75,22873.5,-12.25,-245.0,-249.5,22820.0,22857.5,22807.5,23003.178356181874,22609.577284678046,23284.88179996065,22329.493480973026,21945.0,21995.0,21782.5,15:00,above_vah,inside_both,above_week_vah,neg,pos
long,2025-07-01 09:45:00-04:00,2025-07-01,2025-07-01 10:25:00-04:00,sl,22819.625,22769.76785714286,22819.5,22769.89285714286,22888.214285714283,19.107142857142858,0.7375886524822695,456,-114,266,22811.0,22818.75,-49.8571428571413,-997.142857142826,-1001.642857142826,22800.0,22850.0,22785.0,22906.550388220676,22762.561876313648,22957.643382754013,22711.612999249883,21945.0,21995.0,21782.5,09:00,in_va,inside_both,above_week_vah,neg,pos
long,2025-07-02 10:00:00-04:00,2025-07-02,2025-07-02 10:45:00-04:00,tp,22732.875,22817.232142857145,22732.75,22675.446428571428,22817.357142857145,27.303571428571427,0.7446808510638298,454,-67,120,22725.75,22728.25,84.35714285714494,1687.1428571428987,1682.6428571428987,22715.0,22745.0,22652.5,22753.041707394786,22593.059582238107,22809.274191043107,22536.920027435594,21945.0,21995.0,21782.5,10:00,in_va,inside_both,above_week_vah,neg,pos
long,2025-07-03 11:10:00-04:00,2025-07-03,2025-07-03 12:50:00-04:00,sl,23069.375,23040.51785714286,23069.25,23040.64285714286,23114.214285714283,16.357142857142858,0.76,217,19,13,23060.25,23067.75,-28.857142857141298,-577.142857142826,-581.642857142826,23045.0,23070.0,22910.0,23056.441538334195,22728.738515386067,23106.267203914336,22679.08504080528,21945.0,21995.0,21782.5,11:00,in_va,inside_90_only,above_week_vah,pos,pos
long,2025-07-07 12:00:00-04:00,2025-07-07,2025-07-07 12:15:00-04:00,sl,22948.625,22909.01785714286,22948.5,22909.14285714286,23006.964285714283,19.107142857142858,0.851063829787234,540,-3,99,22922.5,22933.5,-39.6071428571413,-792.142857142826,-796.642857142826,22920.0,22955.0,22900.0,23064.304412086964,22785.88817118006,23148.685104324453,22701.641718654326,22420.0,22817.5,22315.0,12:00,in_va,inside_both,above_week_vah,neg,pos
long,2025-07-07 11:25:00-04:00,2025-07-07,2025-07-07 12:20:00-04:00,sl,22920.625,22880.76785714286,22920.5,22880.89285714286,22982.214285714283,22.107142857142858,0.7051282051282052,267,-8,220,22905.25,22918.0,-39.8571428571413,-797.142857142826,-801.642857142826,22930.0,22972.5,22915.0,23060.637366953328,22789.549382478155,23109.489482628986,22740.774984746648,22420.0,22817.5,22315.0,11:00,in_va,inside_both,above_week_vah,neg,pos
long,2025-07-08 10:30:00-04:00,2025-07-08,2025-07-08 10:55:00-04:00,sl,22922.625,22842.0,22922.5,22842.125,23032.75,29.875,0.9359605911330049,846,-46,10,22881.0,22895.75,-80.625,-1612.5,-1617.0,22917.5,22952.5,22890.0,22996.529066746993,22778.227710081115,23087.36194273438,22687.77700899869,22420.0,22817.5,22315.0,10:00,in_va,inside_both,above_week_vah,neg,pos
long,2025-07-08 12:20:00-04:00,2025-07-08,2025-07-08 12:35:00-04:00,sl,22947.125,22897.285714285714,22947.0,22897.410714285714,23015.678571428572,19.089285714285715,0.8548387096774194,436,-50,31,22936.75,22942.75,-49.839285714286234,-996.7857142857247,-1001.2857142857247,22907.5,22935.0,22877.5,23021.677686319843,22753.18490210116,23164.437807396353,22611.025437286076,22420.0,22817.5,22315.0,12:00,above_vah,inside_both,above_week_vah,neg,pos
long,2025-07-08 11:45:00-04:00,2025-07-08,2025-07-08 16:55:00-04:00,eod,22894.375,22903.125,22894.25,22851.821428571428,22964.607142857145,27.928571428571427,0.7910447761194029,215,-22,128,22888.75,22892.5,8.75,175.0,170.5,22907.5,22937.5,22877.5,23029.036883390552,22745.85666849396,23129.04669266093,22646.2676456287,22420.0,22817.5,22315.0,11:00,in_va,inside_both,above_week_vah,neg,pos
long,2025-07-08 15:45:00-04:00,2025-07-08,2025-07-08 16:55:00-04:00,eod,22896.875,22903.125,22896.75,22858.89285714286,22950.714285714283,16.107142857142858,0.8651685393258427,206,-14,10,22886.75,22893.5,6.25,125.0,120.5,22905.0,22932.5,22880.0,,,23371.85611315488,22404.479833954163,22420.0,22817.5,22315.0,15:00,in_va,inside_90_only,above_week_vah,neg,pos
long,2025-07-09 11:20:00-04:00,2025-07-09,2025-07-09 15:50:00-04:00,tp,22971.625,23056.910714285717,22971.5,22917.98214285714,23057.035714285717,32.017857142857146,0.9770114942528736,434,-57,27,22952.0,22964.0,85.2857142857174,1705.714285714348,1701.214285714348,23082.5,23110.0,22947.5,23070.7935324883,22811.508889823745,23142.63288235766,22739.905578508056,22420.0,22817.5,22315.0,11:00,in_va,inside_both,above_week_vah,neg,pos
long,2025-07-11 09:55:00-04:00,2025-07-11,2025-07-11 16:55:00-04:00,eod,22963.875,22937.875,22963.75,22898.98214285714,23057.035714285717,28.517857142857142,0.75625,710,-78,194,22935.5,22950.0,-26.0,-520.0,-524.5,22890.0,22940.0,22875.0,23068.292312950554,22857.197721671437,23109.035478775015,22816.622327031768,22420.0,22817.5,22315.0,09:00,above_vah,inside_both,above_week_vah,neg,pos
long,2025-07-11 10:10:00-04:00,2025-07-11,2025-07-11 11:15:00-04:00,sl,22978.375,22910.14285714286,22978.25,22910.26785714286,23077.964285714283,31.732142857142858,0.7032258064516129,447,-99,97,22956.75,22972.25,-68.2321428571413,-1364.642857142826,-1369.142857142826,22890.0,22950.0,22875.0,23085.823023739864,22839.739198402654,23136.39453982003,22789.375924441072,22420.0,22817.5,22315.0,10:00,above_vah,inside_both,above_week_vah,neg,pos
long,2025-07-11 11:35:00-04:00,2025-07-11,2025-07-11 15:05:00-04:00,sl,22979.875,22934.98214285714,22979.75,22935.10714285714,23047.785714285717,23.392857142857142,0.8791208791208791,317,-11,61,22970.0,22975.5,-44.8928571428587,-897.857142857174,-902.357142857174,22955.0,22975.0,22887.5,23093.965043782828,22831.6307053653,23177.57806297308,22748.36198576515,22420.0,22817.5,22315.0,11:00,above_vah,inside_both,above_week_vah,neg,pos
long,2025-07-14 12:05:00-04:00,2025-07-14,2025-07-14 16:55:00-04:00,eod,23024.875,23036.125,23024.75,22983.23214285714,23084.535714285717,18.267857142857142,0.875,392,-15,90,23009.0,23018.75,11.25,225.0,220.5,23002.5,23017.5,22887.5,23032.31355075014,22848.454992226016,23142.346743679078,22738.444580248197,22827.5,22945.0,22712.5,12:00,above_vah,inside_both,above_week_vah,neg,pos
long,2025-07-15 10:10:00-04:00,2025-07-15,2025-07-15 10:40:00-04:00,sl,23189.375,23132.26785714286,23189.25,23132.39285714286,23274.464285714283,28.357142857142858,0.8861788617886179,433,-14,74,23154.0,23185.5,-57.1071428571413,-1142.142857142826,-1146.642857142826,23162.5,23197.5,23130.0,23276.820822294147,22960.220448375618,23327.35664716296,22910.041855660707,22827.5,22945.0,22712.5,10:00,in_va,inside_both,above_week_vah,neg,pos
long,2025-07-17 11:00:00-04:00,2025-07-17,2025-07-17 16:55:00-04:00,eod,23216.375,23265.375,23216.25,23170.321428571428,23285.607142857145,23.428571428571427,0.9456521739130435,988,18,33,23179.0,23198.5,49.0,980.0,975.5,23150.0,23157.5,23075.0,23187.990615987164,22975.649919409272,23275.826489130275,22887.95473423734,22827.5,22945.0,22712.5,11:00,above_vah,inside_90_only,above_week_vah,pos,pos
long,2025-07-17 10:45:00-04:00,2025-07-17,2025-07-17 12:20:00-04:00,tp,23192.625,23270.517857142855,23192.5,23141.178571428572,23270.642857142855,26.821428571428573,0.7155963302752294,402,-84,83,23173.25,23178.75,77.89285714285506,1557.8571428571013,1553.3571428571013,23150.0,23157.5,23082.5,23172.763485209798,22990.852660674023,23250.811497970644,22912.92965852874,22827.5,22945.0,22712.5,10:00,above_vah,inside_90_only,above_week_vah,neg,pos
long,2025-07-15 15:40:00-04:00,2025-07-15,2025-07-15 15:55:00-04:00,sl,23110.125,23072.071428571428,23110.0,23072.196428571428,23168.357142857145,20.553571428571427,0.85,313,3,124,23089.25,23098.5,-38.05357142857247,-761.0714285714494,-765.5714285714494,23155.0,23185.0,23117.5,,,23634.255710436362,22605.31222790532,22827.5,22945.0,22712.5,15:00,below_val,inside_90_only,above_week_vah,pos,pos
long,2025-07-17 10:00:00-04:00,2025-07-17,2025-07-17 10:20:00-04:00,sl,23172.375,23125.446428571428,23172.25,23125.571428571428,23242.107142857145,23.178571428571427,0.8207547169811321,246,-36,168,23153.5,23158.5,-46.92857142857247,-938.5714285714494,-943.0714285714494,23122.5,23140.0,23072.5,23168.397582102294,22995.211570852232,23216.51471673909,22947.171506116476,22827.5,22945.0,22712.5,10:00,above_vah,inside_90_only,above_week_vah,neg,pos
long,2025-07-17 15:00:00-04:00,2025-07-17,2025-07-17 16:00:00-04:00,sl,23268.625,23238.196428571428,23268.5,23238.321428571428,23311.357142857145,12.678571428571429,0.7380952380952381,232,-64,31,23253.5,23264.75,-30.428571428572468,-608.5714285714494,-613.0714285714494,23255.0,23277.5,23127.5,23190.90134462229,22972.743852929732,23458.827894569156,22705.246444760465,22827.5,22945.0,22712.5,15:00,in_va,inside_90_only,above_week_vah,neg,pos
long,2025-07-18 11:45:00-04:00,2025-07-18,2025-07-18 12:20:00-04:00,sl,23246.625,23210.76785714286,23246.5,23210.89285714286,23301.214285714283,19.107142857142858,0.7794117647058824,483,-75,14,23229.75,23239.25,-35.8571428571413,-717.142857142826,-721.642857142826,23275.0,23307.5,23222.5,23395.043390872208,23171.599887973163,23480.870102980116,23085.903936273815,22827.5,22945.0,22712.5,11:00,in_va,inside_both,above_week_vah,neg,pos
long,2025-07-21 12:30:00-04:00,2025-07-21,2025-07-21 15:10:00-04:00,sl,23387.875,23362.446428571428,23387.75,23362.571428571428,23426.357142857145,13.428571428571429,0.8571428571428571,368,-57,75,23377.75,23380.5,-25.428571428572468,-508.57142857144936,-513.0714285714494,23392.5,23425.0,23302.5,23334.961379315464,23149.882541276893,23463.72129911529,23021.27626137062,22905.0,23005.0,22880.0,12:00,in_va,inside_90_only,above_week_vah,neg,pos
long,2025-07-23 16:10:00-04:00,2025-07-23,2025-07-23 16:55:00-04:00,eod,23402.125,23411.125,23402.0,23311.125,23517.75,24.875,0.7617328519855595,523,-128,8,23369.0,23378.25,9.0,180.0,175.5,23225.0,23282.5,23180.0,23359.387235324833,23101.375772314736,23452.639592403273,23008.37396968538,22905.0,23005.0,22880.0,16:00,above_vah,inside_90_only,above_week_vah,neg,pos
long,2025-07-22 11:30:00-04:00,2025-07-22,2025-07-22 12:25:00-04:00,sl,23232.375,23181.160714285714,23232.25,23181.285714285714,23305.928571428572,22.714285714285715,0.7293233082706767,578,-184,186,23212.0,23228.0,-51.214285714286234,-1024.2857142857247,-1028.7857142857247,23215.0,23287.5,23110.0,23428.971023702823,23264.032487284614,23493.063413320677,23199.942842875553,22905.0,23005.0,22880.0,11:00,in_va,inside_90_only,above_week_vah,neg,pos
long,2025-07-22 13:25:00-04:00,2025-07-22,2025-07-22 14:15:00-04:00,sl,23243.625,23199.60714285714,23243.5,23199.73214285714,23306.035714285717,18.767857142857142,0.7596899224806202,584,-6,97,23220.25,23235.0,-44.0178571428587,-880.357142857174,-884.857142857174,23220.0,23242.5,23112.5,23441.3302411837,23251.673799174423,23618.323564050635,23074.68805729532,22905.0,23005.0,22880.0,13:00,above_vah,inside_90_only,above_week_vah,neg,pos
long,2025-07-23 14:20:00-04:00,2025-07-23,2025-07-23 15:40:00-04:00,sl,23309.875,23271.785714285714,23309.75,23271.910714285714,23364.428571428572,16.839285714285715,0.9010989010989011,842,-5,72,23292.5,23300.0,-38.089285714286234,-761.7857142857247,-766.2857142857247,23225.0,23270.0,23192.5,23359.946052855692,23100.81845623888,23451.109829394936,23009.899622460583,22905.0,23005.0,22880.0,14:00,above_vah,inside_both,above_week_vah,neg,pos
long,2025-07-24 13:10:00-04:00,2025-07-24,2025-07-24 15:55:00-04:00,sl,23411.125,23375.803571428572,23411.0,23375.928571428572,23461.142857142855,15.071428571428571,0.8651685393258427,530,-26,151,23367.75,23399.5,-35.32142857142753,-706.4285714285506,-710.9285714285506,23355.0,23390.0,23347.5,23512.888472567098,23272.523245970067,23586.74105693652,23198.788169583673,22905.0,23005.0,22880.0,13:00,above_vah,inside_both,above_week_vah,neg,pos
long,2025-07-25 11:15:00-04:00,2025-07-25,2025-07-25 12:20:00-04:00,tp,23414.125,23455.160714285717,23414.0,23387.98214285714,23455.285714285717,15.267857142857142,0.76,218,-24,76,23400.5,23408.75,41.035714285717404,820.7142857143481,816.2142857143481,23405.0,23415.0,23367.5,23485.487723349343,23269.647650462037,23527.403404597913,23227.794677007598,22905.0,23005.0,22880.0,11:00,in_va,inside_both,above_week_vah,neg,pos
long,2025-07-28 16:00:00-04:00,2025-07-28,2025-07-28 16:55:00-04:00,eod,23502.375,23509.125,23502.25,23478.0,23537.5,11.0,0.75,240,-128,45,23487.5,23493.25,6.75,135.0,130.5,23487.5,23512.5,23460.0,23565.23861839413,23355.359887978575,23639.261103512796,23281.416241603893,23255.0,23280.0,23027.5,16:00,in_va,inside_both,above_week_vah,neg,pos
long,2025-07-28 13:30:00-04:00,2025-07-28,2025-07-28 14:05:00-04:00,sl,23481.875,23449.428571428572,23481.75,23449.553571428572,23527.892857142855,13.946428571428571,0.8271604938271605,382,-21,101,23466.75,23477.0,-32.44642857142753,-648.9285714285506,-653.4285714285506,23485.0,23517.5,23475.0,23569.44650804719,23351.156480000704,23635.34500873644,23285.328165485513,23255.0,23280.0,23027.5,13:00,in_va,inside_both,above_week_vah,neg,pos
long,2025-07-28 15:55:00-04:00,2025-07-28,2025-07-28 16:55:00-04:00,eod,23491.625,23509.125,23491.5,23467.01785714286,23526.714285714283,10.732142857142858,0.7297297297297297,1313,-1,661,23481.75,23484.5,17.5,350.0,345.5,23485.0,23512.5,23460.0,23558.18472185263,23362.406271663098,23638.241601071713,23282.434658208804,23255.0,23280.0,23027.5,15:00,in_va,inside_both,above_week_vah,neg,pos
long,2025-07-30 16:05:00-04:00,2025-07-30,2025-07-30 16:55:00-04:00,eod,23650.125,23661.625,23650.0,23506.25,23852.5,58.75,0.8271276595744681,693,-40,46,23552.75,23576.5,11.5,230.0,225.5,23482.5,23552.5,23467.5,23586.812717177883,23352.3360223419,23656.81001477437,23282.443033742555,23255.0,23280.0,23027.5,16:00,above_vah,inside_90_only,above_week_vah,neg,pos
long,2025-07-29 12:55:00-04:00,2025-07-29,2025-07-29 13:50:00-04:00,sl,23507.375,23464.51785714286,23507.25,23464.64285714286,23569.714285714283,19.857142857142858,0.9574468085106383,528,-1,33,23477.5,23486.5,-42.8571428571413,-857.142857142826,-861.642857142826,23560.0,23607.5,23485.0,23694.5350123997,23410.32686175151,23752.613597732918,23352.459961326855,23255.0,23280.0,23027.5,12:00,in_va,inside_both,above_week_vah,neg,pos
long,2025-07-30 10:50:00-04:00,2025-07-30,2025-07-30 11:10:00-04:00,sl,23532.625,23492.285714285714,23532.5,23492.410714285714,23594.678571428572,22.089285714285715,0.735632183908046,306,-42,293,23492.75,23526.25,-40.339285714286234,-806.7857142857247,-811.2857142857247,23482.5,23507.5,23472.5,23564.492860778173,23374.62261800274,23600.305891350803,23338.86295550905,23255.0,23280.0,23027.5,10:00,above_vah,inside_both,above_week_vah,neg,pos
long,2025-07-31 09:50:00-04:00,2025-07-31,2025-07-31 10:35:00-04:00,sl,23682.125,23611.26785714286,23682.0,23611.39285714286,23781.714285714283,29.107142857142858,0.7081339712918661,427,-84,106,23645.75,23665.75,-70.8571428571413,-1417.142857142826,-1421.642857142826,23795.0,23817.5,23675.0,23810.95323127515,23598.2761269147,23821.40475873578,23587.862229310074,23255.0,23280.0,23027.5,09:00,in_va,inside_both,above_week_vah,neg,pos
long,2025-07-31 12:05:00-04:00,2025-07-31,2025-07-31 13:10:00-04:00,sl,23594.375,23541.553571428572,23594.25,23541.678571428572,23677.642857142855,30.821428571428573,0.7333333333333333,219,6,39,23574.0,23584.5,-52.82142857142753,-1056.4285714285506,-1060.9285714285506,23570.0,23697.5,23492.5,23833.7494345023,23575.561999522688,23891.548330779693,23517.9712033677,23255.0,23280.0,23027.5,12:00,in_va,inside_both,above_week_vah,pos,pos
long,2025-07-31 15:40:00-04:00,2025-07-31,2025-07-31 15:50:00-04:00,sl,23410.125,23342.821428571428,23410.0,23342.946428571428,23506.107142857145,29.053571428571427,0.9617834394904459,832,-2,78,23391.0,23398.0,-67.30357142857247,-1346.0714285714494,-1350.5714285714494,23570.0,23812.5,23487.5,23848.061893588645,23561.30107125578,23907.097902153164,23502.47761693364,23255.0,23280.0,23027.5,15:00,below_val,outside_both,above_week_vah,neg,pos
long,2025-07-31 16:45:00-04:00,2025-07-31,2025-07-31 16:55:00-04:00,eod,23352.875,23329.375,23352.75,23285.48214285714,23467.035714285717,47.017857142857146,0.7653061224489796,371,11,44,23330.25,23352.5,-23.5,-470.0,-474.5,23570.0,23817.5,23437.5,23871.428288951112,23538.018804657844,23929.090640540646,23480.564061572917,23255.0,23280.0,23027.5,16:00,below_val,outside_both,above_week_vah,pos,pos
long,2025-08-01 11:40:00-04:00,2025-08-01,2025-08-01 12:55:00-04:00,sl,22993.625,22909.196428571428,22993.5,22909.321428571428,23119.357142857145,41.67857142857143,0.9147727272727273,339,-39,59,22930.0,22967.0,-84.42857142857247,-1688.5714285714494,-1693.0714285714494,22932.5,23097.5,22837.5,23436.107091796985,22981.998757716072,23461.477925118426,22956.89109941612,23255.0,23280.0,23027.5,11:00,in_va,inside_both,below_week_val,neg,pos
long,2025-08-04 13:10:00-04:00,2025-08-04,2025-08-04 13:40:00-04:00,sl,23283.125,23261.0,23283.0,23261.125,23317.0,12.125,0.7073170731707317,224,-54,34,23268.0,23276.5,-22.125,-442.5,-447.0,23250.0,23280.0,23080.0,23203.76295391602,22761.301690653014,23237.577623834524,22727.815005754932,23392.5,23427.5,23232.5,13:00,above_vah,outside_both,in_week_va,neg,pos
long,2025-08-05 13:45:00-04:00,2025-08-05,2025-08-05 14:15:00-04:00,sl,23232.625,23193.178571428572,23232.5,23193.303571428572,23294.142857142855,22.446428571428573,0.7325581395348837,214,-2,62,23218.5,23223.25,-39.44642857142753,-788.9285714285506,-793.4285714285506,23345.0,23400.0,23190.0,23488.502919389895,23210.511828842966,23494.8967801118,23204.1186526666,23392.5,23427.5,23232.5,13:00,in_va,inside_both,in_week_va,neg,pos
long,2025-08-06 15:20:00-04:00,2025-08-06,2025-08-06 15:50:00-04:00,sl,23439.375,23416.25,23439.25,23416.375,23475.75,13.625,0.825,355,0,80,23425.0,23433.75,-23.125,-462.5,-467.0,23370.0,23395.0,23180.0,23308.43383589401,22953.280225364888,23316.516365766136,22945.22464394525,23392.5,23427.5,23232.5,15:00,above_vah,outside_both,above_week_vah,zero,pos
long,2025-08-11 09:55:00-04:00,2025-08-11,2025-08-11 13:40:00-04:00,sl,23744.875,23694.285714285714,23744.75,23694.410714285714,23816.678571428572,21.589285714285715,0.8461538461538461,493,-57,21,23712.5,23738.25,-50.589285714286234,-1011.7857142857247,-1016.2857142857247,23722.5,23737.5,23695.0,23851.147938760518,23630.28135412006,23839.47811875401,23641.92674486796,23487.5,23692.5,23345.0,09:00,above_vah,inside_both,above_week_vah,neg,pos
long,2025-08-11 11:10:00-04:00,2025-08-11,2025-08-11 13:40:00-04:00,sl,23747.125,23697.964285714286,23747.0,23698.089285714286,23816.321428571428,20.410714285714285,0.808695652173913,535,-27,17,23725.0,23737.5,-49.160714285713766,-983.2142857142753,-987.7142857142753,23730.0,23757.5,23717.5,23882.915567444186,23598.580226857655,23879.906598394173,23601.582897020195,23487.5,23692.5,23345.0,11:00,in_va,inside_both,above_week_vah,neg,pos
long,2025-08-12 11:05:00-04:00,2025-08-12,2025-08-12 12:45:00-04:00,tp,23810.125,23893.767857142855,23810.0,23758.178571428572,23893.892857142855,32.07142857142857,0.7878787878787878,487,-1,-34,23794.25,23808.25,83.64285714285506,1672.8571428571013,1668.3571428571013,23750.0,23802.5,23677.5,23839.036088520646,23523.926336590455,23846.589489860817,23516.405875756704,23487.5,23692.5,23345.0,11:00,above_vah,inside_both,above_week_vah,neg,neg
long,2025-08-12 11:55:00-04:00,2025-08-12,2025-08-12 14:20:00-04:00,tp,23868.125,23927.696428571428,23868.0,23830.839285714286,23927.821428571428,22.660714285714285,0.7428571428571429,375,-7,65,23854.25,23859.5,59.57142857142753,1191.4285714285506,1186.9285714285506,23750.0,23807.5,23650.0,23860.29040311516,23502.764712408476,23852.05376117054,23510.965434223264,23487.5,23692.5,23345.0,11:00,above_vah,outside_both,above_week_vah,neg,pos
long,2025-08-12 12:45:00-04:00,2025-08-12,2025-08-12 15:35:00-04:00,tp,23895.625,23939.303571428572,23895.5,23865.035714285714,23939.428571428572,13.464285714285714,0.7441860465116279,346,-6,35,23879.0,23888.0,43.67857142857247,873.5714285714494,869.0714285714494,23850.0,23887.5,23717.5,23868.779583855023,23494.312553124244,23864.920044266113,23498.155261198077,23487.5,23692.5,23345.0,12:00,above_vah,outside_both,above_week_vah,neg,pos
long,2025-08-14 10:30:00-04:00,2025-08-14,2025-08-14 11:20:00-04:00,sl,23973.125,23916.964285714286,23973.0,23917.089285714286,24062.571428571428,33.660714285714285,0.7350427350427351,650,-3,174,23959.0,23970.0,-56.160714285713766,-1123.2142857142753,-1127.7142857142753,23930.0,23962.5,23895.0,24012.670065004782,23773.07836640019,24025.5311998409,23760.254856474,23487.5,23692.5,23345.0,10:00,above_vah,inside_both,above_week_vah,neg,pos
long,2025-08-13 11:40:00-04:00,2025-08-13,2025-08-13 12:30:00-04:00,sl,23954.375,23902.696428571428,23954.25,23902.821428571428,24032.607142857145,26.928571428571427,0.8157894736842105,480,-11,111,23942.0,23950.75,-51.67857142857247,-1033.5714285714494,-1038.0714285714494,23955.0,24007.5,23907.5,24170.76199355832,23823.736868526066,24165.804330720963,23828.674943600334,23487.5,23692.5,23345.0,11:00,in_va,inside_both,above_week_vah,neg,pos
long,2025-08-18 14:50:00-04:00,2025-08-18,2025-08-18 16:55:00-04:00,eod,23795.625,23787.875,23795.5,23768.5,23835.75,13.25,0.8793103448275862,225,8,30,23774.25,23784.25,-7.75,-155.0,-159.5,23760.0,23787.5,23742.5,23962.659064502484,23602.539635250145,23939.800967339306,23625.37035658388,23205.0,23540.0,23122.5,14:00,above_vah,inside_both,above_week_vah,pos,pos
long,2025-08-22 10:05:00-04:00,2025-08-22,2025-08-22 16:55:00-04:00,eod,23570.625,23582.625,23570.5,23426.39285714286,23771.214285714283,56.607142857142854,0.8284313725490197,1030,-22,336,23495.75,23511.0,12.0,240.0,235.5,23250.0,23315.0,23165.0,23357.438104797828,23128.982674887106,23355.792716801916,23130.62503937781,23205.0,23540.0,23122.5,10:00,above_vah,outside_both,above_week_vah,neg,pos
long,2025-08-22 10:00:00-04:00,2025-08-22,2025-08-22 16:55:00-04:00,eod,23486.625,23582.625,23486.5,23218.714285714286,23804.321428571428,50.035714285714285,0.7679403541472507,1088,59,-51,23473.75,23483.75,96.0,1920.0,1915.5,23250.0,23282.5,23177.5,23358.313530274638,23128.108858060343,23349.62582406181,23136.780600059858,23205.0,23540.0,23122.5,10:00,above_vah,outside_both,in_week_va,pos,neg
long,2025-08-20 11:20:00-04:00,2025-08-20,2025-08-20 15:20:00-04:00,tp,23215.375,23338.946428571428,23215.25,23131.839285714286,23339.071428571428,40.410714285714285,0.9277777777777778,341,-3,0,23171.25,23215.0,123.57142857142753,2471.4285714285506,2466.9285714285506,23425.0,23485.0,23127.5,23585.655877862326,23314.319881620882,23590.282625497133,23309.702447204203,23205.0,23540.0,23122.5,11:00,in_va,outside_both,in_week_va,neg,zero
long,2025-08-20 11:15:00-04:00,2025-08-20,2025-08-20 12:25:00-04:00,tp,23173.625,23295.910714285717,23173.5,23090.98214285714,23296.035714285717,40.017857142857146,0.9428571428571428,541,-11,67,23141.25,23157.0,122.2857142857174,2445.714285714348,2441.214285714348,23425.0,23485.0,23125.0,23586.123417998795,23313.85328259977,23590.24518127672,23309.739816052836,23205.0,23540.0,23122.5,11:00,in_va,outside_both,in_week_va,neg,pos
long,2025-08-20 11:05:00-04:00,2025-08-20,2025-08-20 11:35:00-04:00,tp,23123.375,23261.875,23123.25,23029.25,23262.0,44.75,0.8577981651376146,727,-7,68,23099.0,23109.25,138.5,2770.0,2765.5,23425.0,23485.0,23135.0,23583.361448210486,23316.60969279652,23585.117526408954,23314.857149422212,23205.0,23540.0,23122.5,11:00,below_val,outside_both,in_week_va,neg,pos
long,2025-08-20 15:10:00-04:00,2025-08-20,2025-08-20 16:55:00-04:00,eod,23311.875,23318.875,23311.75,23247.214285714286,23405.321428571428,29.035714285714285,0.7771428571428571,372,-36,128,23292.0,23298.5,7.0,140.0,135.5,23247.5,23312.5,23077.5,23648.473273454667,23251.628931677536,23626.263629250167,23273.7938699077,23205.0,23540.0,23122.5,15:00,in_va,inside_both,in_week_va,neg,pos
long,2025-08-22 09:40:00-04:00,2025-08-22,2025-08-22 10:00:00-04:00,tp,23322.375,23425.732142857145,23322.25,23242.571428571428,23425.857142857145,23.928571428571427,0.7869565217391304,266,-71,74,23295.25,23312.75,103.35714285714494,2067.1428571428987,2062.6428571428987,23250.0,23275.0,23207.5,23308.723246287613,23177.608016743132,23322.02370733617,23164.331996138586,23205.0,23540.0,23122.5,09:00,above_vah,outside_both,in_week_va,neg,pos
long,2025-08-25 09:55:00-04:00,2025-08-25,2025-08-25 11:30:00-04:00,tp,23519.375,23606.375,23519.25,23456.375,23606.5,24.375,0.8258064516129032,880,-56,4,23496.25,23518.25,87.0,1740.0,1735.5,23480.0,23520.0,23450.0,23674.674012356805,23404.414133451977,23660.370262705776,23418.665266241856,23932.5,23965.0,23752.5,09:00,in_va,inside_both,below_week_val,neg,pos
long,2025-08-25 10:45:00-04:00,2025-08-25,2025-08-25 15:55:00-04:00,sl,23571.875,23502.39285714286,23571.75,23502.51785714286,23671.214285714283,30.232142857142858,0.7710843373493976,256,-153,57,23544.75,23567.0,-69.4821428571413,-1389.642857142826,-1394.142857142826,23540.0,23565.0,23485.0,23759.794490888464,23319.606773683503,23696.18567079741,23382.981606426056,23932.5,23965.0,23752.5,10:00,above_vah,inside_both,below_week_val,neg,pos
long,2025-08-25 11:20:00-04:00,2025-08-25,2025-08-25 13:40:00-04:00,sl,23598.875,23560.321428571428,23598.75,23560.446428571428,23660.107142857145,23.053571428571427,0.7532467532467533,392,-38,240,23586.0,23593.75,-38.55357142857247,-771.0714285714494,-775.5714285714494,23540.0,23590.0,23492.5,23747.115077070514,23332.2395458185,23704.493050176698,23374.704786042694,23932.5,23965.0,23752.5,11:00,above_vah,inside_both,below_week_val,neg,pos
long,2025-08-25 15:05:00-04:00,2025-08-25,2025-08-25 15:50:00-04:00,sl,23568.375,23538.10714285714,23568.25,23538.23214285714,23610.535714285717,12.267857142857142,0.8356164383561644,553,-1,45,23558.25,23566.0,-30.267857142858702,-605.357142857174,-609.857142857174,23540.0,23610.0,23522.5,23756.030346713946,23323.357071317347,23735.222129619353,23344.088744631714,23932.5,23965.0,23752.5,15:00,in_va,inside_both,below_week_val,neg,pos
long,2025-08-26 10:20:00-04:00,2025-08-26,2025-08-26 13:50:00-04:00,sl,23540.875,23479.553571428572,23540.75,23479.678571428572,23634.392857142855,32.57142857142857,0.8134328358208955,332,0,44,23497.75,23518.5,-61.32142857142753,-1226.4285714285506,-1230.9285714285506,23497.5,23512.5,23455.0,23642.07058193149,23331.11681920376,23602.859178931383,23370.275667269998,23932.5,23965.0,23752.5,10:00,above_vah,inside_both,below_week_val,zero,pos
long,2025-08-27 11:35:00-04:00,2025-08-27,2025-08-27 11:40:00-04:00,sl,23605.625,23577.660714285714,23605.5,23577.785714285714,23648.428571428572,15.214285714285714,0.8703703703703703,339,-14,38,23598.25,23605.0,-27.964285714286234,-559.2857142857247,-563.7857142857247,23600.0,23620.0,23550.0,23752.31033632721,23396.597580113146,23727.166125308817,23421.67096236811,23932.5,23965.0,23752.5,11:00,in_va,inside_both,below_week_val,neg,pos
long,2025-08-27 12:45:00-04:00,2025-08-27,2025-08-27 16:20:00-04:00,sl_conflict,23595.375,23549.464285714286,23595.25,23549.589285714286,23660.071428571428,19.160714285714285,0.926605504587156,511,-35,26,23567.0,23573.0,-45.910714285713766,-918.2142857142753,-922.7142857142753,23600.0,23625.0,23555.0,23752.819445026344,23396.08990552303,23737.50032769356,23411.36587041262,23932.5,23965.0,23752.5,12:00,in_va,inside_both,below_week_val,neg,pos
long,2025-08-28 10:40:00-04:00,2025-08-28,2025-08-28 16:55:00-04:00,eod,23693.875,23761.875,23693.75,23625.875,23806.75,45.125,0.71900826446281,553,-20,289,23651.25,23676.75,68.0,1360.0,1355.5,23625.0,23692.5,23587.5,23795.784690151355,23387.111719396235,23746.478221963098,23436.213267564628,23932.5,23965.0,23752.5,10:00,above_vah,inside_both,below_week_val,neg,pos
long,2025-08-29 13:45:00-04:00,2025-08-29,2025-08-29 16:55:00-04:00,eod,23455.375,23454.375,23455.25,23418.76785714286,23513.464285714283,21.732142857142858,0.7702702702702703,255,-5,52,23428.75,23444.0,-1.0,-20.0,-24.5,23472.5,23562.5,23405.0,23916.07338301108,23498.63985965079,23906.06455989265,23508.602349525252,23932.5,23965.0,23752.5,13:00,in_va,outside_both,below_week_val,neg,pos
long,2025-09-02 13:30:00-04:00,2025-09-02,2025-09-02 15:50:00-04:00,tp,23191.625,23268.696428571428,23191.5,23137.339285714286,23268.821428571428,23.160714285714285,0.8970588235294118,246,-2,20,23152.75,23179.5,77.07142857142753,1541.4285714285506,1536.9285714285506,23235.0,23262.5,23075.0,23684.45364075323,22921.162906112833,23644.69850842166,22960.238037031882,23760.0,23822.5,23262.5,13:00,in_va,inside_both,below_week_val,neg,pos
long,2025-09-02 12:55:00-04:00,2025-09-02,2025-09-02 13:30:00-04:00,tp,23126.375,23193.946428571428,23126.25,23082.214285714286,23194.071428571428,23.785714285714285,0.79,488,-2,166,23111.5,23126.0,67.57142857142753,1351.4285714285506,1346.9285714285506,23235.0,23262.5,23072.5,23651.612917190403,22953.441897463963,23633.441275349353,22971.302717999813,23760.0,23822.5,23262.5,12:00,in_va,inside_both,below_week_val,neg,pos
long,2025-09-02 13:20:00-04:00,2025-09-02,2025-09-02 13:35:00-04:00,tp,23145.375,23208.125,23145.25,23103.75,23208.25,21.5,0.8105263157894737,315,-7,29,23135.0,23143.5,62.75,1255.0,1250.5,23235.0,23262.5,23075.0,23682.68038190355,22922.90583382155,23640.288099133697,22964.573007392348,23760.0,23822.5,23262.5,13:00,in_va,inside_both,below_week_val,neg,pos
long,2025-09-03 10:30:00-04:00,2025-09-03,2025-09-03 13:40:00-04:00,sl,23475.375,23387.589285714286,23475.25,23387.714285714286,23607.321428571428,44.535714285714285,0.9382022471910112,503,-5,62,23436.5,23460.75,-87.78571428571377,-1755.7142857142753,-1760.2142857142753,23440.0,23452.5,23382.5,23577.765791641774,23225.523989767164,23524.474316154243,23278.71535959493,23760.0,23822.5,23262.5,10:00,above_vah,inside_both,in_week_va,neg,pos
long,2025-09-03 15:30:00-04:00,2025-09-03,2025-09-03 15:55:00-04:00,tp,23374.125,23434.482142857145,23374.0,23332.946428571428,23434.607142857145,19.553571428571427,0.8804347826086957,273,-16,-4,23343.25,23356.5,60.357142857144936,1207.1428571428987,1202.6428571428987,23425.0,23472.5,23357.5,23586.232281008437,23217.07340432315,23574.364791757725,23228.918601024623,23760.0,23822.5,23262.5,15:00,in_va,inside_both,in_week_va,neg,neg
long,2025-09-04 10:20:00-04:00,2025-09-04,2025-09-04 13:50:00-04:00,tp,23477.625,23596.267857142855,23477.5,23399.428571428572,23596.392857142855,40.82142857142857,0.8662420382165605,767,-35,88,23440.75,23470.75,118.64285714285506,2372.8571428571013,2368.3571428571013,23497.5,23512.5,23460.0,23627.714392817197,23308.690780889592,23578.13398360022,23358.218929076003,23760.0,23822.5,23262.5,10:00,in_va,inside_both,in_week_va,neg,pos
long,2025-09-04 16:10:00-04:00,2025-09-04,2025-09-04 16:55:00-04:00,eod,23692.625,23683.875,23692.5,23651.589285714286,23749.571428571428,16.160714285714285,0.7540983606557377,354,5,43,23666.25,23680.25,-8.75,-175.0,-179.5,23530.0,23565.0,23442.5,23655.432548800094,23281.001841676378,23632.8976835228,23303.512953715217,23760.0,23822.5,23262.5,16:00,above_vah,outside_both,in_week_va,pos,pos
long,2025-09-05 15:55:00-04:00,2025-09-05,2025-09-05 16:55:00-04:00,eod,23691.375,23673.125,23691.25,23628.89285714286,23776.714285714283,23.107142857142858,0.727810650887574,262,-177,265,23666.0,23675.5,-18.25,-365.0,-369.5,23645.0,23757.5,23517.5,24018.700165306454,23541.449436016,24028.982719984822,23531.249141775057,23760.0,23822.5,23262.5,15:00,in_va,inside_both,in_week_va,neg,pos
long,2025-09-11 11:10:00-04:00,2025-09-11,2025-09-11 16:55:00-04:00,eod,24016.875,24006.625,24016.75,23982.01785714286,24075.214285714283,23.732142857142858,0.75,313,-60,128,24007.0,24015.0,-10.25,-205.0,-209.5,23975.0,24012.5,23940.0,24102.2047203494,23733.6667375076,24098.81235831725,23737.042227747846,23600.0,23612.5,23442.5,11:00,above_vah,inside_both,above_week_vah,neg,pos
long,2025-09-11 11:15:00-04:00,2025-09-11,2025-09-11 16:55:00-04:00,eod,24039.875,24006.625,24039.75,23989.875,24113.75,24.125,0.7265625,1247,-64,350,24014.25,24020.0,-33.25,-665.0,-669.5,23975.0,24012.5,23940.0,24095.25586330494,23740.581034658717,24098.97752373164,23736.877883777768,23600.0,23612.5,23442.5,11:00,above_vah,inside_both,above_week_vah,neg,pos
long,2025-09-12 10:45:00-04:00,2025-09-12,2025-09-12 14:50:00-04:00,tp,24094.875,24150.875,24094.75,24059.0,24151.0,20.5,0.75,406,-22,108,24080.25,24088.25,56.0,1120.0,1115.5,24017.5,24052.5,24007.5,24154.041431855163,23893.618792292717,24152.905077226995,23894.753539813893,23600.0,23612.5,23442.5,10:00,above_vah,inside_both,above_week_vah,neg,pos
long,2025-09-12 13:45:00-04:00,2025-09-12,2025-09-12 14:50:00-04:00,tp,24113.625,24143.553571428572,24113.5,24093.035714285714,24143.678571428572,9.714285714285714,0.875,296,-1,72,24105.0,24111.25,29.928571428572468,598.5714285714494,594.0714285714494,24102.5,24122.5,24032.5,24171.88901293659,23875.796452427003,24176.450547979013,23871.241368605588,23600.0,23612.5,23442.5,13:00,in_va,inside_both,above_week_vah,neg,pos
long,2025-09-16 12:25:00-04:00,2025-09-16,2025-09-16 16:55:00-04:00,eod,24285.625,24292.375,24285.5,24259.428571428572,24325.892857142855,14.321428571428571,0.7547169811320755,420,-31,69,24275.75,24279.0,6.75,135.0,130.5,24295.0,24332.5,24265.0,24433.855014713034,24207.070740935735,24457.965627752146,24183.00741962969,23430.0,23735.0,23307.5,12:00,in_va,inside_both,above_week_vah,neg,pos
long,2025-09-22 10:20:00-04:00,2025-09-22,2025-09-22 12:10:00-04:00,tp,24890.375,24951.660714285717,24890.25,24850.60714285714,24951.785714285717,21.892857142857142,0.7931034482758621,816,-7,282,24875.0,24888.0,61.285714285717404,1225.714285714348,1221.214285714348,24847.5,24882.5,24817.5,24887.99229552597,24400.511154072592,24913.2417927297,24375.611164325474,23840.0,23990.0,23762.5,10:00,above_vah,inside_90_only,above_week_vah,neg,pos
long,2025-09-22 12:10:00-04:00,2025-09-22,2025-09-22 14:15:00-04:00,tp,24954.625,25005.160714285717,24954.5,24919.35714285714,25005.285714285717,15.642857142857142,0.7701149425287356,450,-121,80,24918.25,24937.75,50.535714285717404,1010.7142857143481,1006.2142857143481,24915.0,24935.0,24842.5,24919.9138034002,24369.031508661537,24936.099411473086,24353.069944286057,23840.0,23990.0,23762.5,12:00,above_vah,outside_both,above_week_vah,neg,pos
long,2025-09-29 10:05:00-04:00,2025-09-29,2025-09-29 11:10:00-04:00,sl,24969.375,24893.0,24969.25,24893.125,25074.25,28.875,0.780373831775701,1108,-61,309,24953.5,24961.25,-76.375,-1527.5,-1532.0,24885.0,24942.5,24845.0,24900.360475337406,24677.13756955302,24939.71522928172,24637.97958343976,24252.5,24322.5,24162.5,10:00,above_vah,outside_both,above_week_vah,neg,pos
long,2025-09-23 12:45:00-04:00,2025-09-23,2025-09-23 12:55:00-04:00,sl,24948.125,24918.125,24948.0,24918.25,24993.75,16.0,0.7230769230769231,329,13,155,24937.75,24943.0,-30.0,-600.0,-604.5,24955.0,24975.0,24922.5,25091.399273766598,24905.86790140841,25123.385181560938,24873.88807069347,23840.0,23990.0,23762.5,12:00,in_va,inside_both,above_week_vah,pos,pos
long,2025-09-29 09:40:00-04:00,2025-09-29,2025-09-29 11:35:00-04:00,sl,24914.625,24847.571428571428,24914.5,24847.696428571428,25000.607142857145,19.303571428571427,0.8208955223880597,568,-127,91,24903.0,24913.75,-67.05357142857247,-1341.0714285714494,-1345.5714285714494,24872.5,24907.5,24837.5,24889.320690327302,24688.12215730398,24894.27186136561,24683.19574137373,24252.5,24322.5,24162.5,09:00,above_vah,outside_both,above_week_vah,neg,pos
long,2025-09-26 12:15:00-04:00,2025-09-26,2025-09-26 14:20:00-04:00,tp,24623.125,24717.017857142855,24623.0,24562.053571428572,24717.142857142855,33.19642857142857,0.8571428571428571,202,-167,1,24586.0,24601.25,93.89285714285506,1877.8571428571013,1873.3571428571013,24602.5,24665.0,24557.5,24760.710342927152,24529.12062207604,24773.73640608999,24516.10446546823,23840.0,23990.0,23762.5,12:00,in_va,inside_both,above_week_vah,neg,pos
long,2025-10-01 13:00:00-04:00,2025-10-01,2025-10-01 14:15:00-04:00,tp,24971.375,25015.839285714283,24971.25,24939.39285714286,25015.964285714283,12.857142857142858,0.8227848101265823,466,-84,21,24951.5,24961.0,44.464285714282596,889.2857142856519,884.7857142856519,24887.5,24952.5,24785.0,24939.530264124736,24662.026574717584,24961.02182508723,24640.600124620894,24252.5,24322.5,24162.5,13:00,above_vah,outside_both,above_week_vah,neg,pos
long,2025-09-29 13:50:00-04:00,2025-09-29,2025-09-29 15:15:00-04:00,sl,24846.875,24804.785714285714,24846.75,24804.910714285714,24907.428571428572,18.839285714285715,0.803921568627451,387,-46,65,24826.0,24838.75,-42.089285714286234,-841.7857142857247,-846.2857142857247,24855.0,24925.0,24802.5,24956.67174284692,24621.107849883632,24989.709586526624,24588.235190436884,24252.5,24322.5,24162.5,13:00,in_va,inside_both,above_week_vah,neg,pos
long,2025-09-30 10:45:00-04:00,2025-09-30,2025-09-30 13:20:00-04:00,sl,24829.125,24748.64285714286,24829.0,24748.76785714286,24951.214285714283,41.982142857142854,0.7958115183246073,1139,1,314,24792.0,24809.25,-80.4821428571413,-1609.642857142826,-1614.142857142826,24792.5,24810.0,24755.0,24893.09434758736,24738.682706570096,24935.023799644016,24696.76888060605,24252.5,24322.5,24162.5,10:00,above_vah,inside_both,above_week_vah,pos,pos
long,2025-09-30 15:20:00-04:00,2025-09-30,2025-09-30 15:50:00-04:00,tp,24852.375,24906.625,24852.25,24815.0,24906.75,17.25,0.8351648351648352,338,3,165,24839.75,24847.25,54.25,1085.0,1080.5,24792.5,24830.0,24762.5,24926.391643687683,24705.39781956665,24963.177065333508,24668.62610695772,24252.5,24322.5,24162.5,15:00,above_vah,inside_both,above_week_vah,pos,pos
long,2025-10-01 10:15:00-04:00,2025-10-01,2025-10-01 13:05:00-04:00,tp,24857.875,24973.482142857145,24857.75,24783.821428571428,24973.607142857145,41.92857142857143,0.7883211678832117,669,-173,178,24816.25,24841.5,115.60714285714494,2312.1428571428987,2307.6428571428987,24777.5,24835.0,24755.0,24894.553100761666,24706.867475198083,24934.191993213557,24667.348672795088,24252.5,24322.5,24162.5,10:00,above_vah,inside_both,above_week_vah,neg,pos
long,2025-10-01 12:30:00-04:00,2025-10-01,2025-10-01 13:25:00-04:00,tp,24952.125,24988.410714285717,24952.0,24929.35714285714,24988.535714285717,13.892857142857142,0.8648648648648649,324,-36,23,24941.75,24946.75,36.285714285717404,725.7142857143481,721.2142857143481,24887.5,24947.5,24782.5,24930.09348777842,24671.43476139192,24955.68560657276,24645.920176519638,24252.5,24322.5,24162.5,12:00,above_vah,inside_90_only,above_week_vah,neg,pos
long,2025-10-02 11:50:00-04:00,2025-10-02,2025-10-02 16:55:00-04:00,eod,25062.875,25104.875,25062.75,25001.696428571428,25151.857142857145,28.053571428571427,0.9624060150375939,438,-2,127,25044.75,25053.25,42.0,840.0,835.5,25030.0,25085.0,25017.5,25259.33791039003,24915.74534286678,25282.74969624308,24892.478687246607,24252.5,24322.5,24162.5,11:00,in_va,inside_both,above_week_vah,neg,pos
long,2025-10-03 14:15:00-04:00,2025-10-03,2025-10-03 16:55:00-04:00,eod,25006.875,24981.875,25006.75,24931.071428571428,25121.857142857145,39.42857142857143,0.8375,447,2,79,24973.75,24983.75,-25.0,-500.0,-504.5,25117.5,25162.5,25060.0,25268.38419959881,24970.268751629177,25281.018150201522,24957.64912722823,24252.5,24322.5,24162.5,14:00,below_val,inside_both,above_week_vah,pos,pos
long,2025-10-06 11:45:00-04:00,2025-10-06,2025-10-06 16:55:00-04:00,eod,25202.125,25183.875,25202.0,25157.464285714286,25265.821428571428,19.285714285714285,0.9519230769230769,624,4,42,25163.5,25194.25,-18.25,-365.0,-369.5,25162.5,25187.5,25122.5,25304.723354237427,24892.36000136592,25329.54459515167,24867.767390420933,24625.0,24852.5,24510.0,11:00,above_vah,inside_both,above_week_vah,pos,pos
long,2025-10-07 12:30:00-04:00,2025-10-07,2025-10-07 14:00:00-04:00,sl,25074.375,24993.089285714286,25074.25,24993.214285714286,25197.571428571428,42.285714285714285,0.8928571428571429,321,-9,100,25039.0,25070.0,-81.28571428571377,-1625.7142857142753,-1630.2142857142753,25237.5,25267.5,25085.0,25337.379485589776,25083.831320478155,25353.878036712278,25067.36741781662,24625.0,24852.5,24510.0,12:00,below_val,inside_90_only,above_week_vah,neg,pos
long,2025-10-08 09:30:00-04:00,2025-10-08,2025-10-08 10:00:00-04:00,tp,25123.625,25206.267857142855,25123.5,25057.303571428572,25206.392857142855,16.696428571428573,0.7172131147540983,351,-38,406,25086.5,25100.0,82.64285714285506,1652.8571428571013,1648.3571428571013,25087.5,25095.0,25060.0,25084.16066911314,25050.343727530682,25085.629143882084,25048.876716566967,24625.0,24852.5,24510.0,09:00,above_vah,outside_both,above_week_vah,neg,pos
long,2025-10-08 15:15:00-04:00,2025-10-08,2025-10-08 15:55:00-04:00,tp,25306.875,25343.875,25306.75,25281.875,25344.0,12.375,0.8909090909090909,880,-18,69,25291.0,25297.5,37.0,740.0,735.5,25210.0,25275.0,25112.5,25220.063026492706,24914.57684035853,25222.524670837633,24912.11764983027,24625.0,24852.5,24510.0,15:00,above_vah,outside_both,above_week_vah,neg,pos
long,2025-10-08 15:00:00-04:00,2025-10-08,2025-10-08 15:50:00-04:00,tp,25283.125,25325.482142857145,25283.0,25253.696428571428,25325.607142857145,13.303571428571429,0.746268656716418,294,-57,24,25270.75,25280.75,42.357142857144936,847.1428571428987,842.6428571428987,25210.0,25275.0,25112.5,25217.800776598015,24916.83683519696,25222.220974948188,24912.42104298954,24625.0,24852.5,24510.0,15:00,above_vah,outside_both,above_week_vah,neg,pos
long,2025-10-08 15:50:00-04:00,2025-10-08,2025-10-08 16:55:00-04:00,eod,25330.875,25353.875,25330.75,25296.25,25377.0,11.75,0.7843137254901961,1288,-71,104,25311.75,25318.5,23.0,460.0,455.5,25210.0,25285.0,25112.5,25212.279202041445,24922.35290573678,25218.309249626524,24916.328869024608,24625.0,24852.5,24510.0,15:00,above_vah,outside_both,above_week_vah,neg,pos
long,2025-10-09 11:45:00-04:00,2025-10-09,2025-10-09 13:15:00-04:00,sl,25250.625,25189.160714285714,25250.5,25189.285714285714,25337.928571428572,26.214285714285715,0.8940397350993378,869,-45,95,25226.5,25235.75,-61.464285714286234,-1229.2857142857247,-1233.7857142857247,25267.5,25312.5,25205.0,25463.38836848129,25219.71949257464,25472.674290734205,25210.4427265912,24625.0,24852.5,24510.0,11:00,in_va,inside_both,above_week_vah,neg,pos
long,2025-10-10 13:25:00-04:00,2025-10-10,2025-10-10 14:45:00-04:00,sl,24713.625,24608.0,24713.5,24608.125,24878.5,59.625,0.7464788732394366,454,-144,-10,24623.75,24688.75,-105.625,-2112.5,-2117.0,25337.5,25387.5,24805.0,25432.710207512227,25167.661569355136,25447.941724916112,25152.445546423383,24625.0,24852.5,24510.0,13:00,below_val,outside_both,in_week_va,neg,neg
long,2025-10-14 09:50:00-04:00,2025-10-14,2025-10-14 10:35:00-04:00,tp,24545.875,24727.732142857145,24545.75,24412.071428571428,24727.857142857145,48.42857142857143,0.753968253968254,597,-126,79,24475.25,24519.5,181.85714285714494,3637.1428571428987,3632.6428571428987,24635.0,24725.0,24485.0,24965.185859938923,24578.711704448186,24973.771506560533,24570.217673220974,24827.5,25030.0,24732.5,09:00,in_va,outside_both,below_week_val,neg,pos
long,2025-10-15 09:55:00-04:00,2025-10-15,2025-10-15 11:40:00-04:00,sl,25014.125,24937.964285714286,25014.0,24938.089285714286,25128.071428571428,38.160714285714285,0.7724867724867724,332,1,58,24941.75,24994.5,-76.16071428571377,-1523.2142857142753,-1527.7142857142753,24960.0,25017.5,24910.0,25067.000998654556,24692.38427265506,25081.360216665344,24678.166478799263,24827.5,25030.0,24732.5,09:00,in_va,inside_both,in_week_va,pos,pos
long,2025-10-20 09:30:00-04:00,2025-10-20,2025-10-20 10:40:00-04:00,tp,25186.125,25296.517857142855,25186.0,25095.053571428572,25296.642857142855,19.696428571428573,0.7723342939481268,1042,-63,258,25170.0,25179.5,110.39285714285506,2207.8571428571013,2203.3571428571013,25095.0,25127.5,25045.0,25123.03883293777,25029.474914433387,25124.959602987674,25027.56068229659,25210.0,25355.0,25050.0,09:00,above_vah,outside_both,in_week_va,neg,pos
long,2025-10-16 14:40:00-04:00,2025-10-16,2025-10-16 16:55:00-04:00,eod,24765.375,24794.125,24765.25,24637.964285714286,24953.571428571428,61.035714285714285,0.7212121212121212,304,-66,61,24697.75,24728.0,28.75,575.0,570.5,25065.0,25145.0,24902.5,25280.913148796175,24706.565438659523,25209.370848052393,24777.81066114386,24827.5,25030.0,24732.5,14:00,below_val,inside_14_only,in_week_va,neg,pos
long,2025-10-17 12:20:00-04:00,2025-10-17,2025-10-17 13:10:00-04:00,sl,24936.875,24858.35714285714,24936.75,24858.48214285714,25065.035714285717,50.017857142857146,0.706766917293233,402,-75,63,24915.0,24936.25,-78.5178571428587,-1570.357142857174,-1574.857142857174,24740.0,24885.0,24680.0,24986.727463927065,24544.22278937391,24925.25971726701,24605.54674748193,24827.5,25030.0,24732.5,12:00,above_vah,inside_14_only,in_week_va,neg,pos
long,2025-10-20 10:25:00-04:00,2025-10-20,2025-10-20 16:55:00-04:00,eod,25281.875,25326.625,25281.75,25211.928571428572,25385.892857142855,34.32142857142857,0.8926174496644296,754,-50,125,25248.75,25253.0,44.75,895.0,890.5,25227.5,25252.5,25095.0,25193.650315517236,24959.103779071593,25216.59485867364,24936.237334503498,25210.0,25355.0,25050.0,10:00,above_vah,outside_both,in_week_va,neg,pos
long,2025-10-20 11:45:00-04:00,2025-10-20,2025-10-20 16:55:00-04:00,eod,25334.625,25326.625,25334.5,25287.14285714286,25401.714285714283,19.857142857142858,0.7478260869565218,476,-146,88,25318.75,25322.0,-8.0,-160.0,-164.5,25317.5,25327.5,25122.5,25277.38383752976,24875.655269047285,25242.93246534952,24909.989375718487,25210.0,25355.0,25050.0,11:00,above_vah,outside_both,in_week_va,neg,pos
long,2025-10-20 13:00:00-04:00,2025-10-20,2025-10-20 16:00:00-04:00,sl,25336.375,25293.35714285714,25336.25,25293.48214285714,25397.035714285717,18.017857142857142,0.8627450980392157,549,-13,37,25311.75,25318.5,-43.0178571428587,-860.357142857174,-864.857142857174,25312.5,25345.0,25147.5,25355.444230294353,24797.860578085365,25267.825377705554,24885.1811938058,25210.0,25355.0,25050.0,13:00,in_va,inside_14_only,in_week_va,neg,pos
long,2025-10-21 10:55:00-04:00,2025-10-21,2025-10-21 16:00:00-04:00,sl,25298.125,25241.446428571428,25298.0,25241.571428571428,25388.857142857145,34.42857142857143,0.8076923076923077,539,-2,159,25272.5,25286.0,-56.67857142857247,-1133.5714285714494,-1138.0714285714494,25280.0,25290.0,25225.0,25412.72876636205,25214.859497940535,25444.55090174952,25183.07003060246,25210.0,25355.0,25050.0,10:00,above_vah,inside_both,in_week_va,neg,pos
long,2025-10-22 11:45:00-04:00,2025-10-22,2025-10-22 12:20:00-04:00,sl,25102.375,25011.89285714286,25102.25,25012.01785714286,25240.714285714283,48.232142857142854,0.9055555555555556,208,3,91,25032.25,25071.75,-90.4821428571413,-1809.642857142826,-1814.142857142826,25257.5,25290.0,25117.5,25431.586803481074,25099.1648399339,25392.25413313423,25138.497121087275,25210.0,25355.0,25050.0,11:00,below_val,inside_14_only,in_week_va,pos,pos
long,2025-10-23 09:45:00-04:00,2025-10-23,2025-10-23 13:00:00-04:00,tp,25137.375,25246.517857142855,25137.25,25059.553571428572,25246.642857142855,31.696428571428573,0.9378238341968912,1923,-7,61,25117.0,25131.75,109.14285714285506,2182.8571428571013,2178.3571428571013,25030.0,25092.5,24997.5,25107.527952082706,24948.786096993255,25099.147580196928,24957.15852024355,25210.0,25355.0,25050.0,09:00,above_vah,outside_both,in_week_va,neg,pos
long,2025-10-23 10:35:00-04:00,2025-10-23,2025-10-23 16:55:00-04:00,eod,25186.875,25277.875,25186.75,25116.51785714286,25299.214285714283,42.232142857142854,0.8015873015873016,260,-136,110,25161.0,25179.75,91.0,1820.0,1815.5,25150.0,25170.0,25040.0,25131.127135058847,24925.20929742748,25147.697309967833,24908.65483903823,25210.0,25355.0,25050.0,10:00,above_vah,outside_both,in_week_va,neg,pos
long,2025-10-23 10:20:00-04:00,2025-10-23,2025-10-23 16:55:00-04:00,eod,25155.375,25277.875,25155.25,25044.0,25306.5,40.0,0.8047138047138047,285,-79,63,25136.75,25146.25,122.5,2450.0,2445.5,25115.0,25132.5,24987.5,25106.73042372105,24949.582868913272,25134.44547109971,24921.894108770044,25210.0,25355.0,25050.0,10:00,above_vah,outside_both,in_week_va,neg,pos
long,2025-10-23 11:50:00-04:00,2025-10-23,2025-10-23 16:55:00-04:00,eod,25197.125,25277.875,25197.0,25121.589285714286,25309.571428571428,37.160714285714285,0.703030303030303,482,-40,109,25185.75,25194.25,80.75,1615.0,1610.5,25150.0,25195.0,25065.0,25224.39010102403,24832.03478974671,25170.27760091154,24886.0959651037,25210.0,25355.0,25050.0,11:00,above_vah,inside_14_only,in_week_va,neg,pos
long,2025-10-23 12:50:00-04:00,2025-10-23,2025-10-23 13:05:00-04:00,sl,25237.125,25199.25,25237.0,25199.375,25297.25,22.625,0.8181818181818182,284,5,94,25228.5,25232.5,-37.875,-757.5,-762.0,25150.0,25225.0,25080.0,25289.424131741453,24767.062442664654,25194.137389719544,24862.25880688612,25210.0,25355.0,25050.0,12:00,above_vah,inside_14_only,in_week_va,pos,pos
long,2025-10-23 13:35:00-04:00,2025-10-23,2025-10-23 16:55:00-04:00,eod,25268.625,25277.875,25268.5,25201.51785714286,25359.714285714283,24.232142857142858,0.8512820512820513,561,-13,113,25236.5,25245.75,9.25,185.0,180.5,25150.0,25240.0,25092.5,25282.371552333574,24774.108332824893,25201.02239301066,24855.380333899644,25210.0,25355.0,25050.0,13:00,above_vah,inside_14_only,in_week_va,neg,pos
long,2025-10-24 11:20:00-04:00,2025-10-24,2025-10-24 16:55:00-04:00,eod,25539.375,25510.125,25539.25,25482.0,25627.0,30.5,0.824,1960,-9,184,25531.5,25536.0,-29.25,-585.0,-589.5,25512.5,25532.5,25457.5,25607.820299711773,25137.725736315784,25593.112982177576,25152.3241920372,25210.0,25355.0,25050.0,11:00,above_vah,inside_both,above_week_vah,neg,pos
long,2025-10-24 12:45:00-04:00,2025-10-24,2025-10-24 15:55:00-04:00,sl,25548.875,25502.98214285714,25548.75,25503.10714285714,25613.035714285717,18.642857142857142,0.7589285714285714,368,-47,35,25534.75,25546.5,-45.8928571428587,-917.857142857174,-922.357142857174,25522.5,25542.5,25467.5,25710.22007480091,25036.08391216628,25617.97346835669,25127.64772021596,25210.0,25355.0,25050.0,12:00,above_vah,inside_both,above_week_vah,neg,pos
long,2025-10-27 11:10:00-04:00,2025-10-27,2025-10-27 15:50:00-04:00,tp,25893.375,25954.232142857145,25893.25,25854.446428571428,25954.357142857145,22.303571428571427,0.8904109589041096,534,0,117,25889.25,25892.0,60.857142857144936,1217.1428571428987,1212.6428571428987,25835.0,25887.5,25817.5,25950.853639988116,25376.745157723217,25945.164496646787,25382.3669765324,24920.0,24970.0,24697.5,11:00,above_vah,inside_both,above_week_vah,zero,pos
long,2025-10-28 11:55:00-04:00,2025-10-28,2025-10-28 12:30:00-04:00,tp,26060.625,26115.053571428572,26060.5,26025.785714285714,26115.178571428572,19.964285714285715,0.703125,340,-22,32,26035.75,26053.0,54.42857142857247,1088.5714285714494,1084.0714285714494,26042.5,26077.5,26015.0,26168.22888415963,25887.235069133603,26190.500950086138,25865.003825852546,24920.0,24970.0,24697.5,11:00,in_va,inside_both,above_week_vah,neg,pos
long,2025-10-28 14:15:00-04:00,2025-10-28,2025-10-28 15:25:00-04:00,tp,26177.375,26229.875,26177.25,26139.875,26230.0,15.375,0.8777777777777778,606,-7,6,26154.0,26158.25,52.5,1050.0,1045.5,26042.5,26115.0,25995.0,26282.601860841645,25773.071727583407,26239.92087205559,25815.674486048185,24920.0,24970.0,24697.5,14:00,above_vah,inside_both,above_week_vah,neg,pos
long,2025-10-29 09:55:00-04:00,2025-10-29,2025-10-29 10:05:00-04:00,sl,26318.875,26271.214285714286,26318.75,26271.339285714286,26383.821428571428,17.660714285714285,0.9098360655737705,650,-3,21,26276.25,26298.5,-47.660714285713766,-953.2142857142753,-957.7142857142753,26272.5,26295.0,26250.0,26335.61696876895,26103.13084919267,26349.48488105695,26089.312302997678,24920.0,24970.0,24697.5,09:00,above_vah,inside_both,above_week_vah,neg,pos
long,2025-10-29 14:50:00-04:00,2025-10-29,2025-10-29 16:00:00-04:00,tp,26192.625,26374.660714285717,26192.5,26067.60714285714,26374.785714285717,57.392857142857146,0.7471590909090909,697,-12,267,26083.0,26141.0,182.0357142857174,3640.714285714348,3636.214285714348,26272.5,26292.5,26230.0,26466.872515384166,25972.342537543132,26453.560050411033,25985.607613668515,24920.0,24970.0,24697.5,14:00,below_val,inside_both,above_week_vah,neg,pos
long,2025-10-30 16:40:00-04:00,2025-10-30,2025-10-30 16:55:00-04:00,eod,26132.375,26149.125,26132.25,26034.946428571428,26280.107142857145,50.55357142857143,0.863849765258216,526,-3,-6,26092.0,26096.25,16.75,335.0,330.5,26060.0,26140.0,25950.0,26401.219817901838,25945.688282382824,26422.228549991014,25924.756266898567,24920.0,24970.0,24697.5,16:00,in_va,inside_both,above_week_vah,neg,neg
long,2025-10-30 16:35:00-04:00,2025-10-30,2025-10-30 16:55:00-04:00,eod,26086.375,26149.125,26086.25,25979.73214285714,26242.035714285717,49.267857142857146,0.9783549783549783,430,-9,2,26070.75,26080.5,62.75,1255.0,1250.5,26060.0,26140.0,25950.0,26405.7225248844,25941.202017724867,26423.252387094828,25923.736168492844,24920.0,24970.0,24697.5,16:00,in_va,inside_both,above_week_vah,neg,pos
long,2025-10-30 16:15:00-04:00,2025-10-30,2025-10-30 16:30:00-04:00,sl,26030.625,25950.60714285714,26030.5,25950.73214285714,26153.035714285717,42.767857142857146,0.8354430379746836,341,-28,17,26002.0,26014.0,-80.0178571428587,-1600.357142857174,-1604.857142857174,26060.0,26142.5,25947.5,26397.597736553424,25949.297137146095,26417.650876791395,25929.317224022947,24920.0,24970.0,24697.5,16:00,in_va,inside_both,above_week_vah,neg,pos
long,2025-10-31 10:35:00-04:00,2025-10-31,2025-10-31 11:40:00-04:00,sl,26147.625,26080.089285714286,26147.5,26080.214285714286,26256.071428571428,41.285714285714285,0.8290598290598291,711,10,191,26095.0,26133.5,-67.53571428571377,-1350.7142857142753,-1355.2142857142753,26100.0,26182.5,26070.0,26290.526025807587,26058.14817006788,26311.578918554085,26037.135455747764,24920.0,24970.0,24697.5,10:00,in_va,inside_both,above_week_vah,pos,pos
long,2025-10-31 14:00:00-04:00,2025-10-31,2025-10-31 15:25:00-04:00,tp,25978.125,26083.375,25978.0,25908.5,26083.5,36.0,0.7407407407407407,276,3,184,25949.5,25974.5,105.25,2105.0,2100.5,26160.0,26242.5,26042.5,26383.54109967242,25965.310610967525,26375.94001689564,25972.897187445884,24920.0,24970.0,24697.5,14:00,below_val,inside_both,above_week_vah,pos,pos
long,2025-11-04 09:50:00-05:00,2025-11-04,2025-11-04 12:05:00-05:00,sl,25852.375,25720.5,25852.25,25720.625,26029.75,45.875,0.8515406162464986,1118,-75,107,25817.5,25849.75,-131.875,-2637.5,-2642.0,25762.5,25787.5,25687.5,26171.498535599607,25680.87411465539,26182.485022341574,25670.04226641197,25312.5,25345.0,25032.5,09:00,above_vah,inside_both,above_week_vah,neg,pos
long,2025-11-05 11:25:00-05:00,2025-11-05,2025-11-05 13:50:00-05:00,tp,25743.125,25866.017857142855,25743.0,25663.678571428572,25866.142857142855,43.82142857142857,0.7636363636363637,750,-9,195,25700.5,25728.25,122.89285714285506,2457.8571428571013,2453.3571428571013,25525.0,25675.0,25405.0,25684.362804304954,25435.033063367162,25704.641064058775,25414.78235451948,25312.5,25345.0,25032.5,11:00,above_vah,outside_both,above_week_vah,neg,pos
long,2025-11-05 09:50:00-05:00,2025-11-05,2025-11-05 12:35:00-05:00,tp,25668.125,25813.910714285717,25668.0,25561.23214285714,25814.035714285717,39.267857142857146,0.8445229681978799,514,-29,-28,25653.0,25667.75,145.7857142857174,2915.714285714348,2911.214285714348,25525.0,25577.5,25447.5,25638.07692266452,25481.25605904024,25647.19593060455,25472.149440572233,25312.5,25345.0,25032.5,09:00,above_vah,outside_both,above_week_vah,neg,neg
long,2025-11-07 09:50:00-05:00,2025-11-07,2025-11-07 10:40:00-05:00,sl,24998.375,24879.89285714286,24998.25,24880.01785714286,25166.714285714283,50.232142857142854,0.7417417417417418,494,-80,221,24975.5,24997.5,-118.4821428571413,-2369.642857142826,-2374.142857142826,25100.0,25315.0,25040.0,25367.54558801845,25054.899473048325,25381.18989725926,25041.363514010285,25312.5,25345.0,25032.5,09:00,below_val,outside_both,below_week_val,neg,pos
long,2025-11-07 13:10:00-05:00,2025-11-07,2025-11-07 14:30:00-05:00,tp,24874.625,24987.875,24874.5,24806.25,24988.0,45.25,0.7524752475247525,208,-49,80,24844.0,24861.0,113.25,2265.0,2260.5,24800.0,25067.5,24720.0,25497.957441074504,24925.523227619804,25483.29966904149,24940.064601486818,25312.5,25345.0,25032.5,13:00,in_va,outside_both,below_week_val,neg,pos
long,2025-11-07 14:20:00-05:00,2025-11-07,2025-11-07 14:40:00-05:00,tp,24959.125,25065.517857142855,24959.0,24889.928571428572,25065.642857142855,37.57142857142857,0.8082191780821918,403,-30,129,24948.75,24956.75,106.39285714285506,2127.8571428571013,2123.3571428571013,24940.0,25042.5,24740.0,25509.34340220167,24914.227683030047,25502.049035744018,24921.464124526392,25312.5,25345.0,25032.5,14:00,in_va,inside_both,below_week_val,neg,pos
long,2025-11-10 10:20:00-05:00,2025-11-10,2025-11-10 10:50:00-05:00,sl,25655.375,25585.10714285714,25655.25,25585.23214285714,25759.785714285717,34.517857142857146,0.8344827586206897,373,3,24,25629.5,25647.0,-70.2678571428587,-1405.357142857174,-1409.857142857174,25540.0,25657.5,25510.0,25633.894901172505,25132.76745834649,25635.41264075826,25131.268260574678,25970.0,26252.5,25960.0,10:00,in_va,outside_both,below_week_val,pos,pos
long,2025-11-10 11:55:00-05:00,2025-11-10,2025-11-10 13:15:00-05:00,tp,25521.375,25657.125,25521.25,25425.5,25657.25,40.25,0.8931623931623932,460,-35,-70,25491.25,25517.25,135.75,2715.0,2710.5,25540.0,25622.5,25457.5,25719.57141011069,25048.13763614077,25686.604544426944,25080.701754544665,25970.0,26252.5,25960.0,11:00,in_va,inside_both,below_week_val,neg,neg
long,2025-11-11 09:55:00-05:00,2025-11-11,2025-11-11 10:20:00-05:00,sl,25627.125,25533.428571428572,25627.0,25533.553571428572,25748.892857142855,28.446428571428573,0.7237762237762237,1144,-100,266,25618.75,25626.75,-93.69642857142753,-1873.9285714285506,-1878.4285714285506,25620.0,25657.5,25567.5,25802.200732022917,25523.915817250792,25801.50644291434,25524.606981879548,25970.0,26252.5,25960.0,09:00,in_va,inside_both,below_week_val,neg,pos
long,2025-11-11 11:15:00-05:00,2025-11-11,2025-11-11 13:50:00-05:00,tp,25558.625,25676.446428571428,25558.5,25477.339285714286,25676.571428571428,36.910714285714285,0.8524590163934426,689,-3,31,25513.25,25541.25,117.82142857142753,2356.4285714285506,2351.9285714285506,25620.0,25635.0,25517.5,25860.639021463445,25465.740515164933,25853.356971936017,25472.98979359382,25970.0,26252.5,25960.0,11:00,in_va,inside_both,below_week_val,neg,pos
long,2025-11-12 11:25:00-05:00,2025-11-12,2025-11-12 11:45:00-05:00,sl,25582.375,25490.98214285714,25582.25,25491.10714285714,25714.785714285717,41.392857142857146,0.8451327433628318,783,-17,26,25541.0,25580.0,-91.3928571428587,-1827.857142857174,-1832.357142857174,25595.0,25707.5,25527.5,25922.77481875749,25515.393988226686,25918.631912469064,25519.51768946821,25970.0,26252.5,25960.0,11:00,in_va,inside_both,below_week_val,neg,pos
long,2025-11-12 12:35:00-05:00,2025-11-12,2025-11-12 16:55:00-05:00,eod,25609.875,25624.875,25609.75,25527.89285714286,25730.964285714283,39.357142857142854,0.8090452261306532,818,8,143,25553.75,25576.25,15.0,300.0,295.5,25595.0,25660.0,25500.0,25947.651866917808,25490.632261254763,25937.62047561507,25500.6171505787,25970.0,26252.5,25960.0,12:00,in_va,inside_both,below_week_val,pos,pos
long,2025-11-14 09:35:00-05:00,2025-11-14,2025-11-14 10:35:00-05:00,tp,24801.125,25062.946428571428,24801.0,24590.839285714286,25063.071428571428,51.910714285714285,0.8948863636363636,1359,-8,490,24749.25,24789.25,261.82142857142753,5236.428571428551,5231.928571428551,24722.5,24982.5,24627.5,25124.283683611324,24687.250018863393,25129.345136826418,24682.262003375068,25970.0,26252.5,25960.0,09:00,in_va,inside_both,below_week_val,neg,pos
long,2025-11-18 14:35:00-05:00,2025-11-18,2025-11-18 15:45:00-05:00,sl,24795.125,24635.928571428572,24795.0,24636.053571428572,25014.892857142855,60.94642857142857,0.9261083743842364,440,-5,61,24654.5,24786.5,-159.19642857142753,-3183.9285714285506,-3188.4285714285506,24740.0,24807.5,24547.5,25132.9716527784,24492.48857456025,25097.518177889266,24527.67549534796,25710.0,25890.0,25092.5,14:00,in_va,inside_both,below_week_val,neg,pos
long,2025-11-21 14:00:00-05:00,2025-11-21,2025-11-21 15:25:00-05:00,sl,24522.375,24402.48214285714,24522.25,24402.60714285714,24710.535714285717,68.64285714285714,0.7850877192982456,229,-32,81,24498.25,24522.0,-119.8928571428587,-2397.857142857174,-2402.357142857174,24200.0,24265.0,24030.0,24535.05909567774,23743.96832464015,24404.94781763231,23873.38210280638,25710.0,25890.0,25092.5,14:00,above_vah,inside_14_only,below_week_val,neg,pos
long,2025-11-21 11:55:00-05:00,2025-11-21,2025-11-21 16:55:00-05:00,eod,24372.375,24348.875,24372.25,24189.23214285714,24639.535714285717,84.26785714285714,0.9774436090225563,228,-4,28,24298.75,24345.25,-23.5,-470.0,-474.5,24200.0,24255.0,24075.0,24482.494129822102,23796.251500493527,24366.382147063385,23911.74103072418,25710.0,25890.0,25092.5,11:00,above_vah,inside_14_only,below_week_val,neg,pos
long,2025-11-21 09:50:00-05:00,2025-11-21,2025-11-21 10:00:00-05:00,sl,24280.625,24112.964285714286,24280.5,24113.089285714286,24512.571428571428,64.66071428571429,0.7068607068607069,992,-5,83,24228.75,24279.25,-167.66071428571377,-3353.2142857142753,-3357.7142857142753,24200.0,24257.5,24122.5,24329.817381029294,23948.109780546038,24279.729240972043,23997.929408356198,25710.0,25890.0,25092.5,09:00,above_vah,inside_14_only,below_week_val,neg,pos
long,2025-11-21 13:45:00-05:00,2025-11-21,2025-11-21 15:55:00-05:00,sl,24510.125,24301.51785714286,24510.0,24301.64285714286,24782.964285714283,64.60714285714286,0.7481259370314842,672,-2,-99,24372.0,24392.0,-208.6071428571413,-4172.142857142826,-4176.642857142826,24200.0,24265.0,24042.5,24511.69936822894,23767.202825380566,24397.864750550285,23880.427199018322,25710.0,25890.0,25092.5,13:00,above_vah,inside_14_only,below_week_val,neg,neg
long,2025-11-24 10:00:00-05:00,2025-11-24,2025-11-24 12:35:00-05:00,tp,24734.125,24906.339285714283,24734.0,24620.14285714286,24906.464285714283,58.607142857142854,0.7259786476868327,306,-12,210,24624.0,24722.75,172.2142857142826,3444.285714285652,3439.785714285652,24652.5,24717.5,24477.5,24670.128921294454,24202.165845116222,24613.878399764384,24258.018956014927,25595.0,25762.5,25197.5,10:00,above_vah,outside_both,below_week_val,neg,pos
long,2025-11-24 12:15:00-05:00,2025-11-24,2025-11-24 15:50:00-05:00,tp,24875.875,24970.410714285717,24875.75,24808.35714285714,24970.535714285717,27.392857142857142,0.8,383,-52,126,24841.75,24866.75,94.5357142857174,1890.714285714348,1886.214285714348,24867.5,24890.0,24540.0,24827.464648175872,24045.941697094095,24699.932936957648,24172.572395192867,25595.0,25762.5,25197.5,12:00,in_va,outside_both,below_week_val,neg,pos
long,2025-11-25 12:20:00-05:00,2025-11-25,2025-11-25 15:50:00-05:00,tp,25011.625,25129.839285714283,25011.5,24929.01785714286,25129.964285714283,35.982142857142854,0.9635416666666666,340,-3,43,24979.75,24993.5,118.2142857142826,2364.285714285652,2359.785714285652,24855.0,24952.5,24772.5,25294.013027540503,24527.38698845956,25151.67986888211,24669.118604890493,25595.0,25762.5,25197.5,12:00,above_vah,inside_both,below_week_val,neg,pos
long,2025-11-26 11:00:00-05:00,2025-11-26,2025-11-26 16:55:00-05:00,eod,25291.625,25313.875,25291.5,25215.053571428572,25416.142857142855,48.19642857142857,0.775,495,-137,36,25240.75,25270.5,22.25,445.0,440.5,25195.0,25235.0,25160.0,25420.220936849386,24867.76725226094,25367.221575813743,24920.435134177817,25595.0,25762.5,25197.5,11:00,above_vah,inside_both,in_week_va,neg,pos
long,2025-11-26 12:40:00-05:00,2025-11-26,2025-11-26 13:05:00-05:00,sl,25366.875,25318.571428571428,25366.75,25318.696428571428,25437.857142857145,23.053571428571427,0.8636363636363636,332,-12,71,25326.5,25351.75,-48.30357142857247,-966.0714285714494,-970.5714285714494,25195.0,25262.5,25137.5,25545.408712869616,24743.362450466535,25417.381448490014,24870.588981328863,25595.0,25762.5,25197.5,12:00,above_vah,inside_both,in_week_va,neg,pos
long,2025-12-01 10:50:00-05:00,2025-12-01,2025-12-01 16:55:00-05:00,eod,25409.875,25399.625,25409.75,25288.64285714286,25581.714285714283,50.857142857142854,0.8794788273615635,540,2,86,25363.25,25389.0,-10.25,-205.0,-209.5,25320.0,25372.5,25262.5,,,,,24740.0,24885.0,24015.0,10:00,above_vah,no_bands,above_week_vah,pos,pos
long,2025-12-02 10:00:00-05:00,2025-12-02,2025-12-02 10:30:00-05:00,sl,25634.875,25561.0,25634.75,25561.125,25742.25,33.875,0.7107843137254902,446,-64,119,25583.75,25613.0,-73.875,-1477.5,-1482.0,25592.5,25612.5,25445.0,,,,,24740.0,24885.0,24015.0,10:00,above_vah,no_bands,above_week_vah,neg,pos
long,2025-12-02 10:45:00-05:00,2025-12-02,2025-12-02 11:10:00-05:00,sl,25650.125,25570.14285714286,25650.0,25570.26785714286,25773.464285714283,43.732142857142854,0.7793103448275862,550,-61,5,25635.0,25647.25,-79.9821428571413,-1599.642857142826,-1604.142857142826,25635.0,25655.0,25490.0,,,,,24740.0,24885.0,24015.0,10:00,in_va,no_bands,above_week_vah,neg,pos
long,2025-12-02 11:35:00-05:00,2025-12-02,2025-12-02 16:55:00-05:00,eod,25501.875,25603.625,25501.75,25393.785714285714,25660.928571428572,51.214285714285715,0.9177489177489178,271,-16,26,25459.75,25484.25,101.75,2035.0,2030.5,25635.0,25662.5,25492.5,,,,,24740.0,24885.0,24015.0,11:00,in_va,no_bands,above_week_vah,neg,pos
long,2025-12-03 10:00:00-05:00,2025-12-03,2025-12-03 16:55:00-05:00,eod,25570.125,25645.625,25570.0,25418.875,25784.5,63.375,0.7923497267759563,1234,-59,132,25474.0,25538.0,75.5,1510.0,1505.5,25480.0,25625.0,25422.5,,,,,24740.0,24885.0,24015.0,10:00,in_va,no_bands,above_week_vah,neg,pos
long,2025-12-03 11:30:00-05:00,2025-12-03,2025-12-03 16:55:00-05:00,eod,25612.125,25645.625,25612.0,25519.714285714286,25745.321428571428,41.035714285714285,0.8457943925233645,465,-57,80,25578.0,25605.5,33.5,670.0,665.5,25530.0,25597.5,25467.5,,,,,24740.0,24885.0,24015.0,11:00,above_vah,no_bands,above_week_vah,neg,pos
long,2025-12-04 10:35:00-05:00,2025-12-04,2025-12-04 11:00:00-05:00,sl,25628.625,25538.25,25628.5,25538.375,25773.5,54.875,0.8441558441558441,554,-71,111,25585.75,25608.5,-90.375,-1807.5,-1812.0,25590.0,25650.0,25550.0,,,,,24740.0,24885.0,24015.0,10:00,in_va,no_bands,above_week_vah,neg,pos
long,2025-12-04 11:45:00-05:00,2025-12-04,2025-12-04 14:20:00-05:00,sl,25617.375,25533.10714285714,25617.25,25533.23214285714,25737.035714285717,35.767857142857146,0.9362745098039216,401,-13,79,25580.25,25600.5,-84.2678571428587,-1685.357142857174,-1689.857142857174,25570.0,25642.5,25547.5,,,,,24740.0,24885.0,24015.0,11:00,in_va,no_bands,above_week_vah,neg,pos
long,2025-12-24 11:30:00-05:00,2025-12-24,2025-12-24 16:55:00-05:00,eod,25867.875,,25867.75,25839.85714285714,25906.285714285717,10.642857142857142,0.8028169014084507,1212,-12,132,25831.0,25860.75,,,,25807.5,25825.0,25790.0,,,,,25700.0,25742.5,25480.0,11:00,above_vah,no_bands,above_week_vah,neg,pos
long,2025-12-10 12:50:00-05:00,2025-12-10,2025-12-10 13:20:00-05:00,sl,25668.625,25624.035714285714,25668.5,25624.160714285714,25730.678571428572,17.839285714285715,0.918918918918919,359,-17,17,25650.75,25658.25,-44.589285714286234,-891.7857142857247,-896.2857142857247,25630.0,25665.0,25592.5,,,,,24930.0,25247.5,24580.0,12:00,above_vah,no_bands,above_week_vah,neg,pos
long,2025-12-10 14:30:00-05:00,2025-12-10,2025-12-10 16:55:00-05:00,eod,25741.875,25800.375,25741.75,25605.375,25927.5,49.375,0.7170731707317073,470,-44,139,25710.25,25741.0,58.5,1170.0,1165.5,25630.0,25680.0,25600.0,,,,,24930.0,25247.5,24580.0,14:00,above_vah,no_bands,above_week_vah,neg,pos
long,2025-12-11 10:05:00-05:00,2025-12-11,2025-12-11 16:05:00-05:00,tp,25537.625,25730.410714285717,25537.5,25396.23214285714,25730.535714285717,51.767857142857146,0.9046321525885559,739,-81,108,25434.0,25464.0,192.7857142857174,3855.714285714348,3851.214285714348,25590.0,25635.0,25437.5,,,,,24930.0,25247.5,24580.0,10:00,in_va,no_bands,above_week_vah,neg,pos
long,2025-12-12 12:15:00-05:00,2025-12-12,2025-12-12 15:30:00-05:00,sl,25295.375,25192.464285714286,25295.25,25192.589285714286,25453.321428571428,55.410714285714285,0.9587628865979382,363,0,52,25197.75,25277.25,-102.91071428571377,-2058.2142857142753,-2062.7142857142753,25572.5,25730.0,25262.5,,,,,24930.0,25247.5,24580.0,12:00,in_va,no_bands,above_week_vah,zero,pos
long,2025-12-22 11:05:00-05:00,2025-12-22,2025-12-22 16:55:00-05:00,eod,25692.125,25700.125,25692.0,25648.446428571428,25764.357142857145,28.803571428571427,0.7384615384615385,324,-8,106,25677.25,25690.0,8.0,160.0,155.5,25685.0,25735.0,25665.0,,,,,25700.0,25742.5,25480.0,11:00,in_va,no_bands,in_week_va,neg,pos
long,2025-12-30 10:45:00-05:00,2025-12-30,2025-12-30 11:20:00-05:00,tp,25710.875,25787.946428571428,25710.75,25660.464285714286,25788.071428571428,27.035714285714285,0.7216494845360825,436,-104,72,25699.25,25703.75,77.07142857142753,1541.4285714285506,1536.9285714285506,25695.0,25735.0,25690.0,,,,,25150.0,25215.0,24952.5,10:00,in_va,no_bands,above_week_vah,neg,pos
long,2025-12-30 11:15:00-05:00,2025-12-30,2025-12-30 11:40:00-05:00,sl,25766.625,25735.75,25766.5,25735.875,25818.75,21.625,0.7111111111111111,234,-24,102,25758.25,25766.0,-30.875,-617.5,-622.0,25695.0,25737.5,25690.0,,,,,25150.0,25215.0,24952.5,11:00,above_vah,no_bands,above_week_vah,neg,pos
long,2026-01-02 09:45:00-05:00,2026-01-02,2026-01-02 10:10:00-05:00,sl,25754.875,25656.75,25754.75,25656.875,25885.0,32.375,0.7412790697674418,976,-1,-358,25678.75,25733.5,-98.125,-1962.5,-1967.0,25690.0,25735.0,25650.0,,,,,25150.0,25215.0,24952.5,09:00,above_vah,no_bands,above_week_vah,neg,neg
long,2026-01-05 11:45:00-05:00,2026-01-05,2026-01-05 12:00:00-05:00,sl,25701.875,25655.553571428572,25701.75,25655.678571428572,25771.142857142855,23.321428571428573,0.7727272727272727,501,-16,134,25683.5,25696.5,-46.32142857142753,-926.4285714285506,-930.9285714285506,25652.5,25690.0,25570.0,,,,,25697.5,25817.5,25635.0,11:00,above_vah,no_bands,in_week_va,neg,pos
long,2026-01-06 09:45:00-05:00,2026-01-06,2026-01-06 14:20:00-05:00,tp,25710.625,25812.446428571428,25710.5,25635.214285714286,25812.571428571428,26.785714285714285,0.7797356828193832,845,-83,155,25648.5,25677.75,101.82142857142753,2036.4285714285506,2031.9285714285506,25632.5,25670.0,25602.5,,,,,25697.5,25817.5,25635.0,09:00,above_vah,no_bands,in_week_va,neg,pos
long,2026-01-06 14:10:00-05:00,2026-01-06,2026-01-06 16:55:00-05:00,eod,25807.125,25831.125,25807.0,25779.25,25849.75,15.0,0.8064516129032258,273,-5,62,25801.25,25805.75,24.0,480.0,475.5,25757.5,25780.0,25655.0,,,,,25697.5,25817.5,25635.0,14:00,above_vah,no_bands,in_week_va,neg,pos
long,2026-01-09 11:05:00-05:00,2026-01-09,2026-01-09 16:55:00-05:00,eod,25885.125,25931.625,25885.0,25778.01785714286,26049.964285714283,57.982142857142854,0.855072463768116,455,-90,19,25865.0,25879.0,46.5,930.0,925.5,25675.0,25790.0,25665.0,,,,,25697.5,25817.5,25635.0,11:00,above_vah,no_bands,above_week_vah,neg,pos
long,2026-01-09 10:55:00-05:00,2026-01-09,2026-01-09 15:20:00-05:00,tp,25812.375,25981.375,25812.25,25703.25,25981.5,60.25,0.7087378640776699,357,-136,63,25776.25,25808.25,169.0,3380.0,3375.5,25675.0,25785.0,25665.0,,,,,25697.5,25817.5,25635.0,10:00,above_vah,no_bands,in_week_va,neg,pos
long,2026-01-13 11:50:00-05:00,2026-01-13,2026-01-13 12:15:00-05:00,sl,26015.625,25961.964285714286,26015.5,25962.089285714286,26102.071428571428,33.160714285714285,0.963855421686747,299,-4,46,25975.75,26002.75,-53.660714285713766,-1073.2142857142753,-1077.7142857142753,25910.0,25987.5,25872.5,,,,,25700.0,25805.0,25562.5,11:00,above_vah,no_bands,above_week_vah,neg,pos
long,2026-01-13 10:50:00-05:00,2026-01-13,2026-01-13 16:55:00-05:00,eod,25887.375,25898.125,25887.25,25763.839285714286,26058.071428571428,47.410714285714285,0.961038961038961,1089,-20,94,25832.5,25881.25,10.75,215.0,210.5,25987.5,25997.5,25875.0,,,,,25700.0,25805.0,25562.5,10:00,in_va,no_bands,above_week_vah,neg,pos
long,2026-01-13 11:30:00-05:00,2026-01-13,2026-01-13 13:00:00-05:00,sl,25945.875,25856.696428571428,25945.75,25856.821428571428,26071.607142857145,36.92857142857143,0.7783018867924528,547,7,75,25914.5,25924.5,-89.17857142857247,-1783.5714285714494,-1788.0714285714494,25910.0,25987.5,25865.0,,,,,25700.0,25805.0,25562.5,11:00,in_va,no_bands,above_week_vah,pos,pos
long,2026-01-13 14:50:00-05:00,2026-01-13,2026-01-13 15:25:00-05:00,sl,25872.625,25828.160714285714,25872.5,25828.285714285714,25939.928571428572,23.214285714285715,0.75,384,-8,171,25830.5,25871.25,-44.464285714286234,-889.2857142857247,-893.7857142857247,25895.0,25955.0,25825.0,,,,,25700.0,25805.0,25562.5,14:00,in_va,no_bands,above_week_vah,neg,pos
long,2026-01-13 15:50:00-05:00,2026-01-13,2026-01-13 16:55:00-05:00,eod,25889.875,25898.125,25889.75,25823.428571428572,25978.142857142855,22.071428571428573,0.8212290502793296,430,-48,13,25872.75,25885.25,8.25,165.0,160.5,25840.0,25955.0,25825.0,,,,,25700.0,25805.0,25562.5,15:00,in_va,no_bands,above_week_vah,neg,pos
long,2026-01-14 12:05:00-05:00,2026-01-14,2026-01-14 15:35:00-05:00,tp,25500.375,25626.196428571428,25500.25,25413.214285714286,25626.321428571428,39.035714285714285,0.8390243902439024,391,-65,37,25459.75,25484.5,125.82142857142753,2516.4285714285506,2511.9285714285506,25500.0,25722.5,25472.5,,,,,25700.0,25805.0,25562.5,12:00,in_va,no_bands,below_week_val,neg,pos
long,2026-01-26 10:15:00-05:00,2026-01-26,2026-01-26 16:55:00-05:00,eod,25871.375,25861.125,25871.25,25796.821428571428,25977.857142857145,32.17857142857143,0.7206703910614525,827,-183,33,25821.5,25844.0,-10.25,-205.0,-209.5,25832.5,25850.0,25652.5,,,,,25900.0,26017.5,25707.5,10:00,above_vah,no_bands,in_week_va,neg,pos
long,2026-01-16 13:05:00-05:00,2026-01-16,2026-01-16 16:55:00-05:00,eod,25701.625,25681.125,25701.5,25654.089285714286,25770.071428571428,21.160714285714285,0.8454545454545455,253,-26,-8,25678.75,25688.75,-20.5,-410.0,-414.5,25707.5,25827.5,25645.0,,,,,25700.0,25805.0,25562.5,13:00,in_va,no_bands,in_week_va,neg,neg
long,2026-01-21 14:25:00-05:00,2026-01-21,2026-01-21 16:55:00-05:00,eod,25429.625,25509.375,25429.5,25195.410714285714,25714.678571428572,51.089285714285715,0.7434679334916865,411,-58,-307,25282.5,25297.0,79.75,1595.0,1590.5,25205.0,25322.5,25105.0,,,,,25675.0,25825.0,25567.5,14:00,above_vah,no_bands,below_week_val,neg,neg
long,2026-01-22 12:30:00-05:00,2026-01-22,2026-01-22 14:55:00-05:00,sl,25704.625,25657.160714285714,25704.5,25657.285714285714,25773.928571428572,22.214285714285715,0.8205128205128205,588,-26,73,25672.75,25695.0,-47.464285714286234,-949.2857142857247,-953.7857142857247,25675.0,25707.5,25582.5,,,,,25675.0,25825.0,25567.5,12:00,in_va,no_bands,in_week_va,neg,pos
long,2026-01-23 09:55:00-05:00,2026-01-23,2026-01-23 10:40:00-05:00,tp,25663.875,25784.517857142855,25663.75,25580.803571428572,25784.642857142855,37.94642857142857,0.8274111675126904,806,-67,86,25592.75,25652.5,120.64285714285506,2412.8571428571013,2408.3571428571013,25625.0,25635.0,25570.0,,,,,25675.0,25825.0,25567.5,09:00,above_vah,no_bands,in_week_va,neg,pos
long,2026-01-23 10:20:00-05:00,2026-01-23,2026-01-23 16:55:00-05:00,eod,25747.375,25680.375,25747.25,25626.410714285714,25915.428571428572,47.339285714285715,0.7824773413897281,1065,-135,-37,25711.75,25719.5,-67.0,-1340.0,-1344.5,25625.0,25657.5,25557.5,,,,,25675.0,25825.0,25567.5,10:00,above_vah,no_bands,in_week_va,neg,neg
long,2026-01-27 15:10:00-05:00,2026-01-27,2026-01-27 15:45:00-05:00,sl,26110.125,26083.26785714286,26110.0,26083.39285714286,26147.214285714283,10.607142857142858,0.8732394366197183,465,-3,68,26093.5,26099.75,-26.857142857141298,-537.142857142826,-541.642857142826,26085.0,26102.5,26002.5,,,,,25900.0,26017.5,25707.5,15:00,above_vah,no_bands,above_week_vah,neg,pos
long,2026-01-29 11:10:00-05:00,2026-01-29,2026-01-29 15:35:00-05:00,tp,25662.625,25910.267857142855,25662.5,25483.678571428572,25910.392857142855,69.07142857142857,0.7763157894736842,1148,44,2,25577.0,25619.75,247.64285714285506,4952.857142857101,4948.357142857101,25797.5,26107.5,25537.5,,,,,25900.0,26017.5,25707.5,11:00,in_va,no_bands,below_week_val,pos,pos
long,2026-02-02 10:10:00-05:00,2026-02-02,2026-02-02 16:55:00-05:00,eod,25874.375,25873.125,25874.25,25765.26785714286,26034.964285714283,51.732142857142854,0.7090163934426229,373,-94,62,25832.75,25869.0,-1.25,-25.0,-29.5,25400.0,25612.5,25187.5,,,,,25702.5,25830.0,25295.0,10:00,above_vah,no_bands,above_week_vah,neg,pos
long,2026-02-03 14:10:00-05:00,2026-02-03,2026-02-03 16:55:00-05:00,eod,25322.875,25421.125,25322.75,25185.321428571428,25501.607142857145,41.42857142857143,0.9319899244332494,841,-8,69,25231.75,25260.0,98.25,1965.0,1960.5,,,,,,,,25702.5,25830.0,25295.0,14:00,unknown,no_bands,in_week_va,neg,pos
long,2026-02-05 10:35:00-05:00,2026-02-05,2026-02-05 16:35:00-05:00,sl,24665.875,24455.60714285714,24665.75,24455.73214285714,24983.785714285717,108.01785714285714,0.9050925925925926,604,-69,91,24578.75,24664.0,-210.2678571428587,-4205.357142857174,-4209.857142857174,24795.0,24920.0,24555.0,,,,,25702.5,25830.0,25295.0,10:00,in_va,no_bands,below_week_val,neg,pos
long,2026-02-05 11:15:00-05:00,2026-02-05,2026-02-05 16:35:00-05:00,sl,24676.125,24458.48214285714,24676.0,24458.60714285714,24985.035714285717,91.64285714285714,0.908256880733945,374,-1,68,24558.5,24611.5,-217.6428571428587,-4352.857142857174,-4357.357142857174,24600.0,24895.0,24555.0,,,,,25702.5,25830.0,25295.0,11:00,in_va,no_bands,below_week_val,neg,pos
long,2026-02-06 12:25:00-05:00,2026-02-06,2026-02-06 15:45:00-05:00,tp,25069.375,25159.875,25069.25,25011.375,25160.0,32.875,0.825,565,-2,290,25033.75,25051.75,90.5,1810.0,1805.5,24847.5,25015.0,24712.5,,,,,25702.5,25830.0,25295.0,12:00,above_vah,no_bands,below_week_val,neg,pos
long,2026-02-09 11:40:00-05:00,2026-02-09,2026-02-09 13:20:00-05:00,sl,25364.625,25326.428571428572,25364.5,25326.553571428572,25426.892857142855,24.446428571428573,0.819672131147541,300,3,105,25352.0,25361.25,-38.19642857142753,-763.9285714285506,-768.4285714285506,25120.0,25272.5,25047.5,,,,,25845.0,26075.0,25597.5,11:00,above_vah,no_bands,below_week_val,pos,pos
long,2026-02-25 16:30:00-05:00,2026-02-25,2026-02-25 16:55:00-05:00,eod,25477.625,25461.625,25477.5,25355.160714285714,25626.678571428572,26.839285714285715,0.7980535279805353,1041,-34,41,25435.0,25447.25,-16.0,-320.0,-324.5,25297.5,25402.5,25267.5,,,,,25355.0,25450.0,24910.0,16:00,above_vah,no_bands,above_week_vah,neg,pos
long,2026-02-10 12:10:00-05:00,2026-02-10,2026-02-10 13:20:00-05:00,sl,25364.875,25310.714285714286,25364.75,25310.839285714286,25452.571428571428,33.910714285714285,0.7070707070707071,384,-40,80,25336.5,25363.75,-54.160714285713766,-1083.2142857142753,-1087.7142857142753,25330.0,25402.5,25325.0,,,,,25845.0,26075.0,25597.5,12:00,in_va,no_bands,below_week_val,neg,pos
long,2026-02-10 13:55:00-05:00,2026-02-10,2026-02-10 15:10:00-05:00,sl,25312.625,25248.51785714286,25312.5,25248.64285714286,25404.214285714283,27.857142857142858,0.745945945945946,715,-12,517,25292.25,25307.0,-64.1071428571413,-1282.142857142826,-1286.642857142826,25370.0,25402.5,25320.0,,,,,25845.0,26075.0,25597.5,13:00,below_val,no_bands,below_week_val,neg,pos
long,2026-02-11 10:50:00-05:00,2026-02-11,2026-02-11 16:55:00-05:00,eod,25260.625,25278.625,25260.5,25057.39285714286,25539.464285714283,75.85714285714286,0.9031007751937985,928,-80,53,25181.0,25206.5,18.0,360.0,355.5,25172.5,25352.5,25065.0,,,,,25845.0,26075.0,25597.5,10:00,in_va,no_bands,below_week_val,neg,pos
long,2026-02-11 12:40:00-05:00,2026-02-11,2026-02-11 13:10:00-05:00,sl,25304.125,25228.85714285714,25304.0,25228.98214285714,25419.535714285717,40.517857142857146,0.7906976744186046,343,-2,117,25289.75,25298.25,-75.2678571428587,-1505.357142857174,-1509.857142857174,25242.5,25345.0,25120.0,,,,,25845.0,26075.0,25597.5,12:00,in_va,no_bands,below_week_val,neg,pos
long,2026-02-13 12:10:00-05:00,2026-02-13,2026-02-13 14:55:00-05:00,sl,24952.125,24859.98214285714,24952.0,24860.10714285714,25095.535714285717,51.642857142857146,0.828125,653,1,32,24901.0,24940.75,-92.1428571428587,-1842.857142857174,-1847.357142857174,24737.5,24830.0,24700.0,,,,,25845.0,26075.0,25597.5,12:00,above_vah,no_bands,below_week_val,pos,pos
long,2026-02-13 10:25:00-05:00,2026-02-13,2026-02-13 16:55:00-05:00,eod,24848.625,24773.375,24848.5,24680.160714285714,25108.428571428572,91.58928571428571,0.7291139240506329,966,11,308,24789.0,24820.0,-75.25,-1505.0,-1509.5,24737.5,24807.5,24707.5,,,,,25845.0,26075.0,25597.5,10:00,above_vah,no_bands,below_week_val,pos,pos
long,2026-02-19 11:15:00-05:00,2026-02-19,2026-02-19 11:40:00-05:00,sl,24943.125,24850.60714285714,24943.0,24850.73214285714,25086.535714285717,51.267857142857146,0.7121212121212122,212,-17,101,24920.75,24936.25,-92.5178571428587,-1850.357142857174,-1854.857142857174,24870.0,24932.5,24827.5,,,,,24800.0,25232.5,24545.0,11:00,above_vah,no_bands,in_week_va,neg,pos
long,2026-02-20 13:40:00-05:00,2026-02-20,2026-02-20 16:55:00-05:00,eod,25071.125,25077.375,25071.0,24960.946428571428,25242.107142857145,61.05357142857143,0.8571428571428571,232,-3,94,25024.0,25045.5,6.25,125.0,120.5,24915.0,25050.0,24857.5,,,,,24800.0,25232.5,24545.0,13:00,above_vah,no_bands,in_week_va,neg,pos
long,2026-02-24 12:05:00-05:00,2026-02-24,2026-02-24 14:15:00-05:00,sl,25050.875,25000.14285714286,25050.75,25000.26785714286,25131.964285714283,30.732142857142858,0.9176470588235294,343,-7,37,25004.25,25040.0,-50.7321428571413,-1014.642857142826,-1019.142857142826,25010.0,25045.0,24840.0,,,,,25355.0,25450.0,24910.0,12:00,above_vah,no_bands,in_week_va,neg,pos
long,2026-02-24 10:25:00-05:00,2026-02-24,2026-02-24 16:55:00-05:00,eod,25011.875,25016.125,25011.75,24866.26785714286,25225.714285714283,68.48214285714286,0.7774294670846394,1701,-135,28,24913.0,24965.25,4.25,85.0,80.5,24870.0,24897.5,24782.5,,,,,25355.0,25450.0,24910.0,10:00,above_vah,no_bands,in_week_va,neg,pos
long,2026-02-23 15:30:00-05:00,2026-02-23,2026-02-23 16:55:00-05:00,eod,24746.875,24786.125,24746.75,24681.25,24835.5,23.25,0.8457446808510638,575,26,12,24734.75,24741.75,39.25,785.0,780.5,24735.0,24892.5,24675.0,,,,,25355.0,25450.0,24910.0,15:00,in_va,no_bands,below_week_val,pos,pos
long,2026-02-25 09:30:00-05:00,2026-02-25,2026-02-25 09:50:00-05:00,tp,25223.125,25333.696428571428,25223.0,25134.464285714286,25333.821428571428,22.285714285714285,0.7191977077363897,1024,19,624,25166.5,25177.5,110.57142857142753,2211.4285714285506,2206.9285714285506,25075.0,25135.0,25020.0,,,,,25355.0,25450.0,24910.0,09:00,above_vah,no_bands,in_week_va,pos,pos
long,2026-02-25 10:25:00-05:00,2026-02-25,2026-02-25 10:55:00-05:00,sl,25334.375,25266.089285714286,25334.25,25266.214285714286,25440.571428571428,38.285714285714285,0.7034482758620689,417,-81,173,25308.25,25315.75,-68.28571428571377,-1365.7142857142753,-1370.2142857142753,25315.0,25362.5,25125.0,,,,,25355.0,25450.0,24910.0,10:00,in_va,no_bands,in_week_va,neg,pos
long,2026-02-27 14:00:00-05:00,2026-02-27,2026-02-27 16:55:00-05:00,eod,24943.875,24952.625,24943.75,24872.428571428572,25042.892857142855,27.821428571428573,0.8823529411764706,257,-5,25,24921.5,24943.25,8.75,175.0,170.5,24977.5,25015.0,24890.0,,,,,25355.0,25450.0,24910.0,14:00,in_va,no_bands,in_week_va,neg,pos
long,2026-03-02 11:05:00-05:00,2026-03-02,2026-03-02 11:25:00-05:00,sl,24977.875,24860.678571428572,24977.75,24860.803571428572,25154.142857142855,59.44642857142857,0.7939914163090128,639,-42,19,24930.75,24947.75,-117.19642857142753,-2343.9285714285506,-2348.4285714285506,24640.0,24882.5,24610.0,,,,,24860.0,25032.5,24712.5,11:00,above_vah,no_bands,in_week_va,neg,pos
long,2026-03-03 11:00:00-05:00,2026-03-03,2026-03-03 13:20:00-05:00,tp,24519.375,24750.696428571428,24519.25,24362.089285714286,24750.821428571428,74.41071428571429,0.8181818181818182,939,-68,130,24405.5,24472.75,231.32142857142753,4626.428571428551,4621.928571428551,24525.0,24607.5,24407.5,,,,,24860.0,25032.5,24712.5,11:00,in_va,no_bands,below_week_val,neg,pos
long,2026-03-04 10:15:00-05:00,2026-03-04,2026-03-04 16:55:00-05:00,eod,25032.875,25137.875,25032.75,24908.303571428572,25222.642857142855,65.44642857142857,0.8830645161290323,465,-35,8,24995.0,25009.75,105.0,2100.0,2095.5,,,,,,,,24860.0,25032.5,24712.5,10:00,unknown,no_bands,above_week_vah,neg,pos
long,2026-03-05 09:30:00-05:00,2026-03-05,2026-03-05 10:30:00-05:00,sl,25093.875,24945.535714285714,25093.75,24945.660714285714,25281.428571428572,39.589285714285715,0.9658314350797267,1375,8,20,25031.75,25048.0,-148.33928571428623,-2966.7857142857247,-2971.2857142857247,25087.5,25147.5,25002.5,,,,,24860.0,25032.5,24712.5,09:00,in_va,no_bands,above_week_vah,pos,pos
long,2026-03-05 09:50:00-05:00,2026-03-05,2026-03-05 10:20:00-05:00,sl,25143.125,25030.75,25143.0,25030.875,25303.75,48.625,0.8435114503816794,207,-53,33,25088.75,25133.75,-112.375,-2247.5,-2252.0,25087.5,25130.0,25005.0,,,,,24860.0,25032.5,24712.5,09:00,above_vah,no_bands,above_week_vah,neg,pos
long,2026-03-05 12:00:00-05:00,2026-03-05,2026-03-05 12:15:00-05:00,sl,25110.875,24982.85714285714,25110.75,24982.98214285714,25290.535714285717,52.017857142857146,0.8741935483870967,808,-59,50,25041.5,25098.0,-128.0178571428587,-2560.357142857174,-2564.857142857174,25060.0,25127.5,24985.0,,,,,24860.0,25032.5,24712.5,12:00,in_va,no_bands,above_week_vah,neg,pos
long,2026-03-09 15:25:00-04:00,2026-03-09,2026-03-09 16:55:00-04:00,eod,24952.625,24957.875,24952.5,24797.285714285714,25156.928571428572,49.214285714285715,0.7350993377483444,502,-93,53,24863.75,24908.75,5.25,105.0,100.5,24385.0,24602.5,24000.0,,,,,24997.5,25087.5,24767.5,15:00,above_vah,no_bands,in_week_va,neg,pos
long,2026-03-06 10:00:00-05:00,2026-03-06,2026-03-06 15:35:00-05:00,sl,24764.375,24625.73214285714,24764.25,24625.85714285714,24964.535714285717,61.892857142857146,0.8128491620111732,272,-15,351,24680.25,24742.5,-138.6428571428587,-2772.857142857174,-2777.357142857174,24690.0,24930.0,24612.5,,,,,24860.0,25032.5,24712.5,10:00,in_va,no_bands,in_week_va,neg,pos
long,2026-03-09 10:40:00-04:00,2026-03-09,2026-03-09 15:15:00-04:00,tp,24535.625,24777.160714285717,24535.5,24378.60714285714,24777.285714285717,84.89285714285714,0.7275862068965517,217,-70,7,24474.0,24495.75,241.5357142857174,4830.714285714348,4826.214285714348,24385.0,24502.5,24272.5,,,,,24997.5,25087.5,24767.5,10:00,above_vah,no_bands,below_week_val,neg,pos
long,2026-03-09 10:00:00-04:00,2026-03-09,2026-03-09 12:25:00-04:00,tp,24468.875,24710.767857142855,24468.75,24288.803571428572,24710.892857142855,62.19642857142857,0.8,765,-193,28,24362.25,24414.0,241.89285714285506,4837.857142857101,4833.357142857101,24385.0,24505.0,24240.0,,,,,24997.5,25087.5,24767.5,10:00,in_va,no_bands,below_week_val,neg,pos
long,2026-03-09 15:15:00-04:00,2026-03-09,2026-03-09 15:35:00-04:00,tp,24792.625,24998.625,24792.5,24624.0,24998.75,37.75,0.9142335766423357,894,-74,105,24688.25,24708.25,206.0,4120.0,4115.5,24385.0,24580.0,24000.0,,,,,24997.5,25087.5,24767.5,15:00,above_vah,no_bands,in_week_va,neg,pos
long,2026-03-10 10:35:00-04:00,2026-03-10,2026-03-10 15:30:00-04:00,sl,25091.875,24975.214285714286,25091.75,24975.339285714286,25270.821428571428,62.660714285714285,0.7018348623853211,372,-37,4,25024.75,25081.75,-116.66071428571377,-2333.2142857142753,-2337.7142857142753,24975.0,25037.5,24907.5,,,,,24997.5,25087.5,24767.5,10:00,above_vah,no_bands,above_week_vah,neg,pos
long,2026-03-11 12:30:00-04:00,2026-03-11,2026-03-11 13:35:00-04:00,sl,24999.125,24907.375,24999.0,24907.5,25132.25,41.75,0.8533333333333334,803,-15,123,24951.25,24963.25,-91.75,-1835.0,-1839.5,24985.0,25062.5,24910.0,,,,,24997.5,25087.5,24767.5,12:00,in_va,no_bands,in_week_va,neg,pos
long,2026-03-12 11:35:00-04:00,2026-03-12,2026-03-12 16:10:00-04:00,sl,24693.125,24527.303571428572,24693.0,24527.428571428572,24910.142857142855,51.57142857142857,0.707983193277311,359,-49,57,24620.75,24645.75,-165.82142857142753,-3316.4285714285506,-3320.9285714285506,24605.0,24790.0,24577.5,,,,,24997.5,25087.5,24767.5,11:00,in_va,no_bands,below_week_val,neg,pos
long,2026-03-16 15:05:00-04:00,2026-03-16,2026-03-16 15:25:00-04:00,sl,24785.625,24664.625,24785.5,24664.75,24930.5,24.25,0.8430379746835444,607,4,19,24751.5,24764.5,-121.0,-2420.0,-2424.5,24707.5,24742.5,24625.0,,,,,24800.0,25140.0,24697.5,15:00,above_vah,no_bands,in_week_va,pos,pos
long,2026-03-23 10:15:00-04:00,2026-03-23,2026-03-23 11:35:00-04:00,sl,24643.375,24538.5,24643.25,24538.625,24812.25,64.375,0.8628571428571429,766,-34,377,24570.0,24623.75,-104.875,-2097.5,-2102.0,24590.0,24765.0,24010.0,,,,,24985.0,25180.0,24607.5,10:00,in_va,no_bands,in_week_va,neg,pos
long,2026-03-24 16:20:00-04:00,2026-03-24,2026-03-24 16:55:00-04:00,eod,24490.875,24403.625,24490.75,24214.01785714286,24809.714285714283,42.232142857142854,0.9749739311783108,846,2,10,24341.25,24364.0,-87.25,-1745.0,-1749.5,24290.0,24312.5,24180.0,,,,,24985.0,25180.0,24607.5,16:00,above_vah,no_bands,below_week_val,pos,pos
long,2026-03-25 12:20:00-04:00,2026-03-25,2026-03-25 16:55:00-04:00,eod,24418.375,24367.625,24418.25,24300.553571428572,24585.392857142855,49.44642857142857,0.8621908127208481,697,-68,21,24364.5,24393.25,-50.75,-1015.0,-1019.5,24450.0,24502.5,24382.5,,,,,24985.0,25180.0,24607.5,12:00,in_va,no_bands,below_week_val,neg,pos
long,2026-03-31 12:35:00-04:00,2026-03-31,2026-03-31 15:15:00-04:00,tp,23668.875,23899.696428571428,23668.75,23484.464285714286,23899.821428571428,46.785714285714285,0.8920863309352518,1628,-56,10,23654.5,23664.0,230.82142857142753,4616.428571428551,4611.928571428551,,,,,,,,24675.0,24767.5,24502.5,12:00,unknown,no_bands,below_week_val,neg,pos
long,2026-03-27 12:45:00-04:00,2026-03-27,2026-03-27 13:15:00-04:00,sl,23509.375,23437.071428571428,23509.25,23437.196428571428,23611.357142857145,30.053571428571427,0.7734806629834254,481,-99,66,23474.0,23484.25,-72.30357142857247,-1446.0714285714494,-1450.5714285714494,23500.0,23647.5,23452.5,,,,,24985.0,25180.0,24607.5,12:00,in_va,no_bands,below_week_val,neg,pos
