date,strat,tp,mae_pre,flat_pnl
2020-12-01,FB,0,1500.0,-895.0
2020-12-01,OD,0,740.0,-325.0
2020-12-02,FB,0,735.0,-225.0
2020-12-02,OD,0,245.0,15.0
2020-12-03,FB,0,1740.0,-1435.0
2020-12-03,OD,0,185.0,270.0
2020-12-07,B2,0,935.0,-485.0
2020-12-07,FB,0,935.0,-740.0
2020-12-07,OD,0,285.0,-35.0
2020-12-08,FB,0,170.0,350.0
2020-12-08,OD,0,530.0,-455.0
2020-12-09,RV,0,1395.0,-875.0
2020-12-09,RV,1,40.0,1485.0
2020-12-09,RV,0,620.0,405.0
2020-12-09,OD,0,955.0,-790.0
2020-12-10,OD,0,885.0,-850.0
2020-12-13,OD,0,530.0,-460.0
2020-12-14,FB,0,1215.0,-335.0
2020-12-14,OD,0,1015.0,-490.0
2020-12-15,FB,0,465.0,-170.0
2020-12-15,OD,1,115.0,815.0
2020-12-16,RV,1,535.0,1055.0
2020-12-16,FB,0,525.0,-310.0
2020-12-16,B2,1,30.0,440.0
2020-12-16,OD,1,115.0,1275.0
2020-12-17,FB,0,825.0,-615.0
2020-12-17,OD,0,560.0,-485.0
2020-12-18,RV,1,640.0,790.0
2020-12-20,OD,0,425.0,-230.0
2020-12-21,FB,1,125.0,780.0
2020-12-21,OD,0,410.0,-300.0
2020-12-22,RV,0,1215.0,-345.0
2020-12-22,OD,0,1660.0,-1175.0
2020-12-23,OD,0,400.0,305.0
2020-12-24,FB,0,935.0,-155.0
2020-12-27,OD,1,20.0,820.0
2020-12-28,OD,0,55.0,500.0
2020-12-29,B2,0,545.0,145.0
2020-12-29,OD,1,150.0,915.0
2020-12-30,RV,0,375.0,580.0
2020-12-30,OD,0,415.0,-255.0
2020-12-31,RV,0,905.0,-675.0
2021-01-03,OD,1,450.0,1505.0
2021-01-04,OD,0,125.0,95.0
2021-01-05,RV,0,1565.0,-1000.0
2021-01-05,OD,0,895.0,-575.0
2021-01-06,FB,1,235.0,1465.0
2021-01-06,OD,1,160.0,1340.0
2021-01-07,RV,1,350.0,1630.0
2021-01-07,FB,0,255.0,910.0
2021-01-07,OD,0,145.0,260.0
2021-01-08,B2,0,2115.0,-905.0
2021-01-10,OD,0,965.0,-830.0
2021-01-11,B2,0,1640.0,-975.0
2021-01-11,OD,0,690.0,-675.0
2021-01-12,RV,1,70.0,465.0
2021-01-12,RV,1,95.0,1790.0
2021-01-12,RV,0,1665.0,-1125.0
2021-01-12,OD,0,490.0,-315.0
2021-01-13,FB,1,750.0,1870.0
2021-01-13,RV,1,865.0,1390.0
2021-01-13,B2,0,755.0,-410.0
2021-01-13,OD,0,235.0,-145.0
2021-01-14,FB,0,910.0,-570.0
2021-01-14,OD,0,895.0,-545.0
2021-01-15,RV,1,190.0,-725.0
2021-01-17,OD,1,60.0,1180.0
2021-01-18,OD,1,50.0,1765.0
2021-01-19,FB,1,150.0,1110.0
2021-01-19,OD,1,435.0,1090.0
2021-01-20,FB,1,10.0,2725.0
2021-01-20,RV,1,425.0,1150.0
2021-01-20,OD,1,25.0,740.0
2021-01-21,RV,0,1110.0,495.0
2021-01-21,FB,0,1400.0,-190.0
2021-01-21,OD,0,1105.0,-870.0
2021-01-22,FB,0,495.0,240.0
2021-01-24,OD,1,0.0,1520.0
2021-01-25,FB,0,2410.0,-2005.0
2021-01-25,RV,1,390.0,-305.0
2021-01-25,OD,0,1580.0,-1535.0
2021-01-26,FB,0,1350.0,-1220.0
2021-01-26,OD,0,540.0,-445.0
2021-01-27,RV,1,820.0,3415.0
2021-01-27,B2,1,245.0,560.0
2021-01-27,OD,1,410.0,510.0
2021-01-28,FB,1,690.0,4245.0
2021-01-28,OD,0,2035.0,-1910.0
2021-01-31,OD,1,760.0,2205.0
2021-02-01,FB,1,1490.0,2650.0
2021-02-01,B2,0,1240.0,-830.0
2021-02-01,OD,1,220.0,2265.0
2021-02-02,RV,1,450.0,1515.0
2021-02-02,FB,1,950.0,1105.0
2021-02-02,B2,1,345.0,580.0
2021-02-02,OD,1,20.0,1770.0
2021-02-03,RV,0,2710.0,-2230.0
2021-02-03,OD,0,890.0,-870.0
2021-02-04,FB,0,130.0,30.0
2021-02-04,OD,1,420.0,800.0
2021-02-05,RV,1,545.0,1445.0
2021-02-07,OD,0,45.0,380.0
2021-02-08,RV,0,1350.0,-660.0
2021-02-08,FB,0,585.0,-515.0
2021-02-08,RV,0,420.0,-295.0
2021-02-08,OD,0,285.0,-70.0
2021-02-09,RV,0,845.0,-315.0
2021-02-09,FB,0,845.0,-570.0
2021-02-09,B2,0,690.0,-80.0
2021-02-09,OD,1,45.0,1540.0
2021-02-10,B2,1,775.0,-645.0
2021-02-10,RV,0,320.0,65.0
2021-02-10,OD,1,510.0,1375.0
2021-02-11,B2,0,130.0,475.0
2021-02-11,OD,0,675.0,-615.0
2021-02-12,FB,0,775.0,-645.0
2021-02-14,OD,0,245.0,-205.0
2021-02-15,OD,0,20.0,230.0
2021-02-16,RV,1,450.0,1110.0
2021-02-16,RV,0,235.0,380.0
2021-02-16,OD,1,460.0,380.0
2021-02-17,RV,1,345.0,380.0
2021-02-17,RV,1,110.0,2085.0
2021-02-17,B2,0,2490.0,-1885.0
2021-02-17,RV,0,1805.0,-1455.0
2021-02-17,OD,0,625.0,-540.0
2021-02-18,B2,1,135.0,1615.0
2021-02-18,B2,0,365.0,290.0
2021-02-18,OD,0,1205.0,-870.0
2021-02-21,OD,0,995.0,-760.0
2021-02-22,FB,0,1785.0,-1765.0
2021-02-22,RV,1,440.0,790.0
2021-02-22,B2,1,1240.0,1890.0
2021-02-22,OD,1,155.0,2240.0
2021-02-23,RV,0,3315.0,-1920.0
2021-02-23,FB,0,2985.0,-2820.0
2021-02-23,OD,1,165.0,-240.0
2021-02-24,OD,0,905.0,-490.0
2021-02-25,RV,1,345.0,3170.0
2021-02-25,OD,1,390.0,2085.0
2021-02-26,FB,0,2385.0,-2315.0
2021-02-26,B2,0,4315.0,-3220.0
2021-02-28,OD,1,170.0,1845.0
2021-03-01,FB,1,100.0,1645.0
2021-03-01,OD,0,825.0,-735.0
2021-03-02,RV,1,500.0,1150.0
2021-03-02,OD,1,510.0,1615.0
2021-03-03,RV,1,25.0,3075.0
2021-03-03,B2,1,295.0,1400.0
2021-03-03,OD,0,910.0,-455.0
2021-03-04,B2,1,1175.0,3000.0
2021-03-04,FB,0,4355.0,-3440.0
2021-03-04,OD,1,1545.0,215.0
2021-03-05,FB,0,1140.0,-830.0
2021-03-07,OD,1,30.0,-1030.0
2021-03-08,FB,0,3520.0,-3185.0
2021-03-08,OD,1,965.0,425.0
2021-03-09,RV,1,245.0,2880.0
2021-03-09,B2,1,220.0,2270.0
2021-03-09,FB,1,235.0,2140.0
2021-03-09,OD,0,980.0,-740.0
2021-03-10,OD,1,740.0,2385.0
2021-03-11,OD,0,1255.0,-1000.0
2021-03-14,OD,1,0.0,165.0
2021-03-15,OD,1,390.0,1680.0
2021-03-16,FB,1,260.0,-665.0
2021-03-16,B2,0,385.0,50.0
2021-03-16,B2,0,2290.0,-1355.0
2021-03-16,OD,0,1320.0,-1060.0
2021-03-17,RV,1,775.0,660.0
2021-03-17,RV,1,1045.0,2275.0
2021-03-17,OD,1,10.0,45.0
2021-03-18,OD,0,685.0,-350.0
2021-03-19,RV,1,730.0,-440.0
2021-03-21,OD,1,640.0,1810.0
2021-03-22,RV,1,715.0,1690.0
2021-03-22,FB,1,20.0,3030.0
2021-03-22,B2,1,420.0,1255.0
2021-03-22,OD,0,405.0,-310.0
2021-03-23,RV,0,2230.0,-2030.0
2021-03-23,OD,1,25.0,370.0
2021-03-24,RV,0,1770.0,-875.0
2021-03-24,OD,0,545.0,-535.0
2021-03-25,RV,1,415.0,2400.0
2021-03-25,OD,1,460.0,1175.0
2021-03-26,FB,1,415.0,-100.0
2021-03-26,RV,0,1760.0,-135.0
2021-03-28,OD,0,1655.0,-1460.0
2021-03-29,FB,0,1090.0,-985.0
2021-03-29,OD,0,925.0,-870.0
2021-03-30,OD,0,70.0,15.0
2021-03-31,RV,1,15.0,1860.0
2021-03-31,FB,1,90.0,1405.0
2021-03-31,OD,1,75.0,1170.0
2021-04-01,RV,0,595.0,-55.0
2021-04-01,FB,0,625.0,-120.0
2021-04-01,OD,0,15.0,310.0
2021-04-04,OD,0,55.0,40.0
2021-04-05,FB,1,395.0,2490.0
2021-04-05,RV,1,375.0,795.0
2021-04-05,OD,0,685.0,-665.0
2021-04-06,RV,1,650.0,600.0
2021-04-06,FB,0,1855.0,-1795.0
2021-04-06,B2,0,455.0,75.0
2021-04-06,OD,0,740.0,-670.0
2021-04-07,FB,0,880.0,95.0
2021-04-07,OD,1,35.0,1660.0
2021-04-08,OD,1,80.0,375.0
2021-04-09,RV,0,1165.0,-795.0
2021-04-11,OD,0,675.0,-340.0
2021-04-12,RV,0,1350.0,-255.0
2021-04-12,FB,0,755.0,-470.0
2021-04-12,OD,0,205.0,-155.0
2021-04-13,RV,1,950.0,1130.0
2021-04-13,FB,0,835.0,120.0
2021-04-13,OD,0,160.0,5.0
2021-04-14,RV,1,215.0,1590.0
2021-04-14,RV,1,280.0,500.0
2021-04-14,OD,0,630.0,-595.0
2021-04-15,RV,1,730.0,915.0
2021-04-15,FB,0,910.0,635.0
2021-04-15,B2,0,910.0,355.0
2021-04-15,OD,0,530.0,-465.0
2021-04-18,OD,1,500.0,435.0
2021-04-19,B2,1,320.0,1585.0
2021-04-19,B2,0,1020.0,-775.0
2021-04-19,OD,0,355.0,-235.0
2021-04-20,FB,0,2155.0,-1960.0
2021-04-20,RV,1,130.0,465.0
2021-04-20,B2,0,990.0,715.0
2021-04-20,OD,0,805.0,-520.0
2021-04-21,RV,1,855.0,1415.0
2021-04-21,FB,1,605.0,1295.0
2021-04-21,B2,1,90.0,1175.0
2021-04-21,OD,0,295.0,320.0
2021-04-22,FB,0,790.0,-620.0
2021-04-22,B2,1,300.0,365.0
2021-04-22,OD,0,640.0,-435.0
2021-04-23,FB,1,180.0,2460.0
2021-04-25,OD,0,385.0,-195.0
2021-04-26,FB,1,695.0,1205.0
2021-04-26,B2,0,620.0,610.0
2021-04-26,OD,0,25.0,285.0
2021-04-27,B2,0,1225.0,-765.0
2021-04-27,RV,0,765.0,-335.0
2021-04-27,OD,0,325.0,-190.0
2021-04-28,OD,1,40.0,775.0
2021-04-29,B2,1,10.0,695.0
2021-04-29,OD,0,810.0,-790.0
2021-04-30,RV,0,1430.0,-270.0
2021-04-30,RV,1,500.0,915.0
2021-05-02,OD,0,130.0,-55.0
2021-05-03,RV,0,3020.0,-2760.0
2021-05-03,OD,0,865.0,-855.0
2021-05-04,B2,1,40.0,1030.0
2021-05-04,RV,0,1145.0,-755.0
2021-05-04,OD,1,150.0,365.0
2021-05-05,OD,0,615.0,-305.0
2021-05-06,RV,1,25.0,2160.0
2021-05-06,B2,0,3285.0,-2930.0
2021-05-06,RV,1,425.0,-1560.0
2021-05-06,OD,0,220.0,5.0
2021-05-09,OD,0,400.0,-290.0
2021-05-10,OD,0,3130.0,-1975.0
2021-05-11,RV,0,2310.0,-1530.0
2021-05-11,OD,0,1025.0,-680.0
2021-05-12,B2,1,1215.0,750.0
2021-05-12,OD,1,475.0,-30.0
2021-05-13,FB,0,4050.0,-3695.0
2021-05-13,B2,1,500.0,1935.0
2021-05-13,OD,1,590.0,1650.0
2021-05-14,FB,1,80.0,1620.0
2021-05-16,OD,0,875.0,-705.0
2021-05-17,OD,1,0.0,1615.0
2021-05-18,RV,0,2485.0,-2430.0
2021-05-18,OD,0,1580.0,-1415.0
2021-05-19,RV,0,2220.0,-1775.0
2021-05-19,RV,0,2055.0,-1335.0
2021-05-19,OD,1,190.0,325.0
2021-05-20,FB,1,85.0,3010.0
2021-05-20,RV,1,0.0,1480.0
2021-05-20,B2,1,180.0,1665.0
2021-05-20,OD,1,0.0,290.0
2021-05-21,RV,0,1615.0,-1350.0
2021-05-21,RV,0,535.0,-180.0
2021-05-23,OD,1,530.0,330.0
2021-05-24,RV,1,10.0,1725.0
2021-05-24,FB,1,40.0,900.0
2021-05-24,OD,1,640.0,1320.0
2021-05-25,RV,0,385.0,235.0
2021-05-25,OD,0,380.0,-50.0
2021-05-26,OD,0,485.0,-415.0
2021-05-27,FB,0,935.0,-265.0
2021-05-27,OD,0,200.0,-135.0
2021-05-28,FB,0,480.0,-240.0
2021-05-30,OD,0,510.0,-440.0
2021-05-31,OD,0,195.0,-55.0
2021-06-01,FB,0,955.0,-610.0
2021-06-01,RV,1,300.0,390.0
2021-06-01,RV,0,1085.0,-845.0
2021-06-01,OD,0,35.0,235.0
2021-06-02,FB,0,940.0,-785.0
2021-06-02,B2,0,1725.0,-1430.0
2021-06-02,OD,0,55.0,190.0
2021-06-03,RV,0,1680.0,-425.0
2021-06-03,B2,0,670.0,-505.0
2021-06-03,FB,0,675.0,-240.0
2021-06-03,OD,0,840.0,-770.0
2021-06-04,FB,1,0.0,2640.0
2021-06-06,OD,0,680.0,-495.0
2021-06-07,OD,0,75.0,245.0
2021-06-08,OD,0,350.0,-55.0
2021-06-09,OD,0,145.0,-110.0
2021-06-10,OD,0,155.0,-30.0
2021-06-13,OD,0,185.0,-155.0
2021-06-14,RV,0,810.0,-375.0
2021-06-14,FB,0,160.0,345.0
2021-06-14,OD,0,115.0,375.0
2021-06-15,OD,0,165.0,-35.0
2021-06-16,FB,0,720.0,-635.0
2021-06-16,RV,0,1015.0,-930.0
2021-06-16,RV,0,2925.0,-2750.0
2021-06-17,B2,1,495.0,1265.0
2021-06-17,RV,1,760.0,1365.0
2021-06-17,B2,0,2000.0,390.0
2021-06-17,OD,0,440.0,-40.0
2021-06-18,B2,0,1160.0,-1050.0
2021-06-20,OD,0,660.0,-655.0
2021-06-21,RV,0,1515.0,-970.0
2021-06-21,OD,0,385.0,-345.0
2021-06-22,FB,1,150.0,875.0
2021-06-22,OD,0,160.0,390.0
2021-06-23,RV,0,1145.0,-565.0
2021-06-23,FB,0,1105.0,-1055.0
2021-06-23,OD,1,45.0,1330.0
2021-06-24,RV,0,285.0,335.0
2021-06-24,FB,0,1335.0,-885.0
2021-06-24,B2,0,675.0,-515.0
2021-06-24,B2,0,1115.0,-580.0
2021-06-24,OD,0,530.0,-45.0
2021-06-25,RV,0,315.0,-35.0
2021-06-27,OD,0,535.0,-495.0
2021-06-28,FB,0,525.0,290.0
2021-06-28,B2,0,465.0,190.0
2021-06-28,OD,0,525.0,-425.0
2021-06-29,FB,0,790.0,610.0
2021-06-29,B2,0,160.0,355.0
2021-06-29,RV,0,445.0,545.0
2021-06-29,OD,0,90.0,-85.0
2021-06-30,OD,0,115.0,25.0
2021-07-01,RV,1,60.0,905.0
2021-07-01,RV,0,660.0,-480.0
2021-07-01,OD,0,295.0,-235.0
2021-07-02,B2,0,640.0,655.0
2021-07-02,FB,0,285.0,380.0
2021-07-04,OD,0,345.0,-255.0
2021-07-05,OD,0,125.0,-75.0
2021-07-06,RV,0,950.0,-625.0
2021-07-06,FB,0,940.0,-555.0
2021-07-06,B2,0,2415.0,-1635.0
2021-07-06,RV,0,1675.0,-1670.0
2021-07-06,B2,0,260.0,445.0
2021-07-06,OD,0,250.0,150.0
2021-07-07,OD,0,495.0,-460.0
2021-07-08,RV,0,2470.0,-2055.0
2021-07-08,OD,0,665.0,-660.0
2021-07-09,FB,1,105.0,650.0
2021-07-11,OD,0,410.0,-340.0
2021-07-12,OD,0,280.0,-275.0
2021-07-13,RV,0,2255.0,-2185.0
2021-07-13,FB,1,0.0,-1790.0
2021-07-13,B2,0,1910.0,-1815.0
2021-07-13,OD,0,595.0,-380.0
2021-07-14,RV,0,675.0,-285.0
2021-07-14,B2,0,1220.0,-810.0
2021-07-14,OD,1,540.0,245.0
2021-07-15,RV,1,55.0,2265.0
2021-07-15,B2,1,770.0,300.0
2021-07-15,OD,0,785.0,235.0
2021-07-16,RV,1,365.0,1040.0
2021-07-18,OD,0,860.0,-675.0
2021-07-19,RV,1,1160.0,755.0
2021-07-19,OD,1,155.0,180.0
2021-07-20,RV,0,1750.0,-1735.0
2021-07-20,FB,1,135.0,1380.0
2021-07-20,B2,1,165.0,1090.0
2021-07-20,B2,0,1315.0,-590.0
2021-07-20,OD,0,680.0,-655.0
2021-07-21,FB,1,230.0,840.0
2021-07-21,B2,1,910.0,1010.0
2021-07-21,OD,0,70.0,430.0
2021-07-22,FB,0,550.0,540.0
2021-07-22,B2,0,1285.0,-525.0
2021-07-22,RV,0,390.0,595.0
2021-07-22,OD,0,220.0,-90.0
2021-07-23,RV,1,115.0,1275.0
2021-07-23,B2,1,75.0,1340.0
2021-07-23,FB,1,345.0,1810.0
2021-07-23,RV,1,35.0,1055.0
2021-07-23,B2,0,110.0,340.0
2021-07-25,OD,0,340.0,-270.0
2021-07-26,RV,0,345.0,280.0
2021-07-26,FB,0,605.0,-90.0
2021-07-26,OD,0,515.0,-365.0
2021-07-27,B2,1,275.0,815.0
2021-07-27,RV,1,20.0,960.0
2021-07-27,RV,0,1475.0,-875.0
2021-07-27,OD,0,275.0,-145.0
2021-07-28,RV,1,105.0,1420.0
2021-07-28,OD,0,680.0,-570.0
2021-07-29,FB,0,410.0,25.0
2021-07-29,B2,0,2820.0,-2600.0
2021-07-29,OD,0,1265.0,-970.0
2021-07-30,FB,1,35.0,575.0
2021-07-30,RV,0,755.0,135.0
2021-08-01,OD,1,225.0,520.0
2021-08-02,B2,0,1300.0,-800.0
2021-08-02,OD,0,370.0,-230.0
2021-08-03,B2,0,3090.0,-2430.0
2021-08-03,RV,0,2225.0,-1565.0
2021-08-03,FB,0,525.0,-145.0
2021-08-03,OD,0,225.0,345.0
2021-08-04,FB,0,1060.0,-755.0
2021-08-04,OD,0,125.0,-60.0
2021-08-05,RV,0,425.0,545.0
2021-08-05,FB,0,545.0,560.0
2021-08-05,OD,0,355.0,-260.0
2021-08-06,RV,0,60.0,585.0
2021-08-06,RV,0,130.0,300.0
2021-08-08,OD,1,535.0,1375.0
2021-08-09,OD,0,490.0,-435.0
2021-08-10,RV,0,750.0,130.0
2021-08-10,OD,0,270.0,-45.0
2021-08-11,OD,0,175.0,-90.0
2021-08-12,B2,0,1980.0,-1935.0
2021-08-12,RV,0,1305.0,-1000.0
2021-08-12,OD,0,220.0,130.0
2021-08-13,B2,0,165.0,180.0
2021-08-13,FB,0,270.0,195.0
2021-08-13,RV,0,815.0,-320.0
2021-08-13,B2,0,390.0,275.0
2021-08-15,OD,0,470.0,-375.0
2021-08-16,RV,0,3150.0,-2955.0
2021-08-16,RV,0,1320.0,-810.0
2021-08-16,OD,0,555.0,-470.0
2021-08-17,RV,1,735.0,1545.0
2021-08-17,OD,1,280.0,525.0
2021-08-18,FB,0,790.0,-580.0
2021-08-18,RV,0,105.0,355.0
2021-08-18,OD,0,350.0,-175.0
2021-08-19,RV,0,2020.0,-965.0
2021-08-19,RV,1,215.0,1380.0
2021-08-19,OD,0,365.0,-205.0
2021-08-20,FB,1,15.0,1085.0
2021-08-20,B2,1,65.0,1210.0
2021-08-22,OD,0,275.0,380.0
2021-08-23,RV,1,10.0,1680.0
2021-08-23,FB,1,140.0,2435.0
2021-08-23,B2,0,95.0,565.0
2021-08-23,OD,1,125.0,590.0
2021-08-24,FB,0,395.0,-110.0
2021-08-24,RV,0,595.0,140.0
2021-08-24,OD,0,140.0,420.0
2021-08-25,RV,0,1110.0,-865.0
2021-08-25,OD,0,475.0,-370.0
2021-08-26,RV,0,1535.0,-980.0
2021-08-26,RV,1,595.0,615.0
2021-08-26,OD,1,370.0,690.0
2021-08-27,RV,0,2435.0,-1275.0
2021-08-27,FB,0,1215.0,155.0
2021-08-29,OD,0,195.0,-135.0
2021-08-30,B2,1,100.0,1455.0
2021-08-30,FB,1,50.0,1820.0
2021-08-30,OD,1,295.0,1375.0
2021-08-31,RV,0,605.0,-185.0
2021-08-31,OD,1,200.0,495.0
2021-09-01,RV,0,60.0,245.0
2021-09-01,FB,0,755.0,-315.0
2021-09-01,OD,0,240.0,785.0
2021-09-02,B2,0,815.0,-645.0
2021-09-02,OD,0,110.0,175.0
2021-09-03,RV,0,730.0,365.0
2021-09-05,OD,0,330.0,585.0
2021-09-06,OD,0,150.0,-115.0
2021-09-07,RV,0,190.0,730.0
2021-09-07,RV,0,905.0,-620.0
2021-09-07,OD,0,155.0,190.0
2021-09-08,B2,0,695.0,-340.0
2021-09-08,RV,0,750.0,-435.0
2021-09-08,OD,0,610.0,-565.0
2021-09-09,OD,1,80.0,1220.0
2021-09-12,OD,0,430.0,-340.0
2021-09-13,B2,0,1565.0,-1505.0
2021-09-13,OD,0,260.0,-125.0
2021-09-14,OD,0,340.0,-245.0
2021-09-15,FB,0,35.0,225.0
2021-09-15,OD,0,270.0,-265.0
2021-09-16,RV,0,1645.0,-1310.0
2021-09-16,B2,0,1880.0,-1545.0
2021-09-16,OD,0,630.0,215.0
2021-09-17,B2,1,660.0,150.0
2021-09-17,RV,1,75.0,1405.0
2021-09-19,OD,0,430.0,-235.0
2021-09-20,RV,1,110.0,1920.0
2021-09-20,RV,1,185.0,1960.0
2021-09-20,B2,1,15.0,485.0
2021-09-20,OD,1,250.0,1760.0
2021-09-21,OD,1,1265.0,1890.0
2021-09-22,RV,1,20.0,1055.0
2021-09-22,FB,1,115.0,1425.0
2021-09-22,B2,1,950.0,-310.0
2021-09-22,RV,0,2090.0,145.0
2021-09-22,OD,1,400.0,1465.0
2021-09-23,FB,0,1060.0,355.0
2021-09-23,B2,0,285.0,-110.0
2021-09-23,OD,0,715.0,-585.0
2021-09-24,FB,1,115.0,1240.0
2021-09-24,RV,0,195.0,765.0
2021-09-26,OD,1,105.0,1220.0
2021-09-27,B2,0,2015.0,-1415.0
2021-09-27,RV,0,1360.0,-1220.0
2021-09-27,OD,0,645.0,-600.0
2021-09-28,B2,0,1800.0,525.0
2021-09-28,OD,1,430.0,295.0
2021-09-29,RV,1,465.0,1730.0
2021-09-29,RV,0,415.0,150.0
2021-09-29,OD,1,160.0,1435.0
2021-09-30,FB,0,1540.0,-970.0
2021-09-30,RV,0,3010.0,-2615.0
2021-09-30,B2,1,2020.0,890.0
2021-09-30,OD,0,2915.0,-2300.0
2021-10-01,RV,0,2420.0,-1940.0
2021-10-03,OD,0,615.0,-615.0
2021-10-04,B2,1,310.0,1115.0
2021-10-04,RV,1,85.0,440.0
2021-10-04,B2,0,1560.0,-1280.0
2021-10-04,OD,0,1265.0,-1150.0
2021-10-05,FB,1,400.0,3440.0
2021-10-05,B2,1,250.0,1535.0
2021-10-05,OD,0,785.0,-525.0
2021-10-06,RV,1,2520.0,965.0
2021-10-06,FB,0,2330.0,430.0
2021-10-06,OD,1,290.0,675.0
2021-10-07,FB,0,1160.0,-965.0
2021-10-07,B2,0,2130.0,-1575.0
2021-10-07,OD,0,480.0,-320.0
2021-10-10,OD,0,800.0,-115.0
2021-10-11,FB,1,185.0,235.0
2021-10-11,RV,0,2030.0,-1545.0
2021-10-11,OD,0,660.0,-430.0
2021-10-12,RV,0,1275.0,160.0
2021-10-12,OD,0,325.0,-5.0
2021-10-13,RV,1,125.0,460.0
2021-10-13,OD,1,90.0,1655.0
2021-10-14,FB,0,30.0,465.0
2021-10-14,OD,0,750.0,-630.0
2021-10-15,RV,0,500.0,440.0
2021-10-15,B2,1,290.0,1020.0
2021-10-17,OD,0,1245.0,-1155.0
2021-10-18,RV,1,245.0,1155.0
2021-10-18,FB,1,560.0,1995.0
2021-10-18,OD,0,40.0,70.0
2021-10-19,RV,0,320.0,545.0
2021-10-19,FB,0,205.0,20.0
2021-10-19,OD,0,565.0,-405.0
2021-10-20,B2,0,260.0,255.0
2021-10-20,OD,0,390.0,-75.0
2021-10-21,RV,1,100.0,1320.0
2021-10-21,FB,1,295.0,615.0
2021-10-21,B2,0,245.0,20.0
2021-10-21,OD,1,430.0,690.0
2021-10-22,RV,0,1370.0,-335.0
2021-10-24,OD,1,465.0,1145.0
2021-10-25,FB,0,2035.0,-1355.0
2021-10-25,RV,1,260.0,2090.0
2021-10-25,OD,1,85.0,1455.0
2021-10-26,RV,0,2120.0,-1985.0
2021-10-26,FB,0,2650.0,-2455.0
2021-10-26,B2,0,1875.0,-1445.0
2021-10-26,OD,0,625.0,-615.0
2021-10-27,FB,1,330.0,1580.0
2021-10-27,B2,1,715.0,1240.0
2021-10-27,B2,0,1715.0,-1135.0
2021-10-27,OD,0,375.0,-200.0
2021-10-28,FB,0,550.0,460.0
2021-10-28,RV,0,1245.0,-905.0
2021-10-28,OD,0,665.0,-360.0
2021-10-29,RV,1,290.0,1265.0
2021-10-29,FB,1,610.0,1755.0
2021-10-31,OD,0,160.0,50.0
2021-11-01,RV,0,755.0,-80.0
2021-11-01,OD,0,595.0,-515.0
2021-11-02,RV,0,765.0,-85.0
2021-11-02,FB,0,1340.0,-595.0
2021-11-02,B2,0,720.0,360.0
2021-11-02,OD,0,170.0,165.0
2021-11-03,RV,1,275.0,1770.0
2021-11-03,OD,0,310.0,-215.0
2021-11-04,FB,1,195.0,1265.0
2021-11-04,OD,0,455.0,-205.0
2021-11-05,FB,0,2475.0,-1630.0
2021-11-05,B2,0,1255.0,-315.0
2021-11-05,RV,0,510.0,-5.0
2021-11-07,OD,0,850.0,600.0
2021-11-08,OD,1,255.0,1310.0
2021-11-09,RV,1,660.0,1690.0
2021-11-09,B2,1,800.0,515.0
2021-11-09,RV,0,445.0,460.0
2021-11-09,OD,0,950.0,-835.0
2021-11-10,RV,1,970.0,2565.0
2021-11-10,OD,0,675.0,-540.0
2021-11-11,OD,0,360.0,-280.0
2021-11-12,RV,1,480.0,2150.0
2021-11-12,FB,1,125.0,1045.0
2021-11-12,B2,0,515.0,435.0
2021-11-14,OD,0,450.0,-370.0
2021-11-15,OD,0,215.0,105.0
2021-11-16,B2,1,1035.0,840.0
2021-11-16,FB,1,155.0,1810.0
2021-11-16,OD,0,685.0,-505.0
2021-11-17,RV,1,410.0,-165.0
2021-11-17,B2,1,125.0,55.0
2021-11-17,FB,0,1215.0,-995.0
2021-11-17,B2,0,1135.0,-635.0
2021-11-17,OD,1,0.0,1510.0
2021-11-18,RV,1,575.0,1845.0
2021-11-18,FB,0,1050.0,-685.0
2021-11-18,B2,1,50.0,990.0
2021-11-18,OD,1,70.0,1310.0
2021-11-19,RV,0,1320.0,-940.0
2021-11-19,FB,0,1475.0,-1020.0
2021-11-19,B2,0,1690.0,-735.0
2021-11-21,OD,0,0.0,155.0
2021-11-22,RV,1,165.0,875.0
2021-11-22,FB,0,1850.0,-1740.0
2021-11-22,B2,0,205.0,215.0
2021-11-22,B2,1,465.0,1490.0
2021-11-22,OD,0,1685.0,-1280.0
2021-11-23,RV,1,145.0,3055.0
2021-11-23,B2,1,525.0,-370.0
2021-11-23,RV,1,755.0,900.0
2021-11-23,B2,1,750.0,1605.0
2021-11-23,RV,0,1960.0,-1265.0
2021-11-23,OD,1,670.0,335.0
2021-11-24,B2,1,520.0,1440.0
2021-11-24,FB,0,1095.0,-485.0
2021-11-24,B2,0,1360.0,770.0
2021-11-24,OD,1,75.0,1270.0
2021-11-25,OD,0,1215.0,-1005.0
2021-11-26,RV,1,1415.0,1590.0
2021-11-26,RV,1,100.0,1590.0
2021-11-28,OD,0,860.0,-465.0
2021-11-29,FB,1,280.0,2585.0
2021-11-29,B2,1,125.0,2155.0
2021-11-29,OD,0,510.0,-445.0
2021-11-30,RV,1,70.0,-4625.0
2021-11-30,FB,0,4430.0,-4330.0
2021-11-30,B2,1,585.0,-1730.0
2021-11-30,OD,1,300.0,2325.0
2021-12-01,FB,0,1575.0,-810.0
2021-12-01,RV,1,210.0,3555.0
2021-12-01,OD,1,655.0,-315.0
2021-12-02,RV,1,1730.0,960.0
2021-12-02,OD,1,1680.0,-240.0
2021-12-03,RV,1,1100.0,1180.0
2021-12-03,B2,1,1365.0,-1585.0
2021-12-05,OD,1,5.0,395.0
2021-12-06,RV,1,310.0,-3235.0
2021-12-06,OD,1,5.0,1945.0
2021-12-07,FB,1,640.0,1245.0
2021-12-07,OD,1,130.0,805.0
2021-12-08,B2,0,2470.0,-2285.0
2021-12-08,OD,0,150.0,-35.0
2021-12-09,OD,0,620.0,-565.0
2021-12-12,OD,0,65.0,55.0
2021-12-13,RV,0,990.0,-290.0
2021-12-13,OD,0,570.0,-20.0
2021-12-14,B2,1,590.0,-2885.0
2021-12-14,OD,0,765.0,-230.0
2021-12-15,RV,1,145.0,2455.0
2021-12-15,B2,1,840.0,3660.0
2021-12-15,OD,1,545.0,2180.0
2021-12-16,OD,1,5.0,-620.0
2021-12-17,RV,1,315.0,-2305.0
2021-12-17,FB,1,510.0,-145.0
2021-12-17,B2,1,750.0,240.0
2021-12-19,OD,1,95.0,-930.0
2021-12-20,RV,1,90.0,1760.0
2021-12-20,RV,1,570.0,-1110.0
2021-12-20,OD,1,720.0,1885.0
2021-12-21,RV,1,60.0,685.0
2021-12-21,RV,0,2625.0,-2195.0
2021-12-21,FB,1,120.0,1900.0
2021-12-21,OD,0,575.0,-420.0
2021-12-22,FB,1,610.0,1840.0
2021-12-22,B2,1,1555.0,1250.0
2021-12-22,OD,0,300.0,-270.0
2021-12-23,RV,1,700.0,770.0
2021-12-23,B2,1,250.0,1140.0
2021-12-23,FB,1,250.0,1480.0
2021-12-26,OD,0,575.0,-380.0
2021-12-27,RV,1,560.0,1710.0
2021-12-27,FB,1,125.0,1840.0
2021-12-27,B2,0,190.0,560.0
2021-12-27,OD,1,235.0,1540.0
2021-12-28,RV,0,1885.0,-1215.0
2021-12-28,B2,0,1505.0,-210.0
2021-12-28,OD,0,715.0,-640.0
2021-12-29,FB,0,2480.0,-1930.0
2021-12-29,OD,1,25.0,1380.0
2021-12-30,FB,0,1060.0,-910.0
2021-12-30,B2,0,2925.0,-2600.0
2021-12-30,OD,0,1315.0,-585.0
2021-12-31,RV,0,335.0,110.0
2022-01-02,OD,0,140.0,-10.0
2022-01-03,RV,0,3470.0,-1530.0
2022-01-03,RV,0,2180.0,-2005.0
2022-01-03,OD,1,120.0,640.0
2022-01-04,RV,1,440.0,-755.0
2022-01-04,OD,0,535.0,-365.0
2022-01-05,RV,1,690.0,800.0
2022-01-05,B2,1,1310.0,2655.0
2022-01-05,B2,1,380.0,1580.0
2022-01-05,OD,0,2415.0,-2340.0
2022-01-06,RV,1,690.0,2610.0
2022-01-06,RV,0,1675.0,75.0
2022-01-06,OD,0,940.0,-900.0
2022-01-07,RV,0,1370.0,-585.0
2022-01-09,OD,1,55.0,1875.0
2022-01-10,RV,1,830.0,-3580.0
2022-01-10,OD,1,920.0,1915.0
2022-01-11,B2,1,115.0,5125.0
2022-01-11,RV,1,755.0,1540.0
2022-01-11,FB,1,405.0,900.0
2022-01-11,OD,1,445.0,640.0
2022-01-12,B2,0,1085.0,-145.0
2022-01-12,OD,0,1225.0,-1155.0
2022-01-13,B2,1,1790.0,2090.0
2022-01-13,RV,1,115.0,3395.0
2022-01-13,B2,1,145.0,2805.0
2022-01-13,OD,0,1665.0,-1550.0
2022-01-14,RV,1,1905.0,-1160.0
2022-01-16,OD,1,1375.0,860.0
2022-01-17,OD,0,1685.0,-1550.0
2022-01-18,RV,0,2035.0,-140.0
2022-01-18,B2,1,1750.0,275.0
2022-01-18,OD,0,2010.0,-1495.0
2022-01-19,RV,1,2460.0,265.0
2022-01-19,OD,1,885.0,1970.0
2022-01-20,B2,1,1185.0,-2375.0
2022-01-20,FB,1,1240.0,-985.0
2022-01-20,OD,0,2515.0,-1795.0
2022-01-21,RV,1,170.0,3335.0
2022-01-21,RV,1,3110.0,4010.0
2022-01-23,OD,0,1030.0,-1020.0
2022-01-24,RV,1,725.0,7380.0
2022-01-24,OD,0,3815.0,-3405.0
2022-01-25,B2,1,235.0,3185.0
2022-01-25,OD,1,465.0,495.0
2022-01-26,FB,1,1670.0,510.0
2022-01-26,OD,0,3835.0,-3405.0
2022-01-28,FB,1,0.0,390.0
2022-01-28,B2,1,3945.0,3445.0
2022-01-30,OD,1,625.0,2330.0
2022-01-31,FB,1,160.0,3125.0
2022-01-31,B2,1,795.0,2280.0
2022-01-31,OD,0,855.0,-700.0
2022-02-01,OD,1,155.0,2250.0
2022-02-02,B2,0,3150.0,-2150.0
2022-02-02,OD,1,810.0,-100.0
2022-02-03,RV,1,80.0,130.0
2022-02-03,OD,1,1395.0,-225.0
2022-02-04,FB,1,10.0,1560.0
2022-02-06,OD,1,685.0,1755.0
2022-02-07,OD,0,1555.0,-1470.0
2022-02-08,RV,1,445.0,790.0
2022-02-08,FB,1,355.0,1315.0
2022-02-08,B2,1,600.0,1095.0
2022-02-08,OD,1,435.0,250.0
2022-02-09,FB,0,350.0,350.0
2022-02-09,OD,0,780.0,-670.0
2022-02-10,RV,0,3285.0,-1965.0
2022-02-10,RV,0,3135.0,-2850.0
2022-02-10,RV,0,3050.0,-2980.0
2022-02-10,OD,0,1320.0,-1110.0
2022-02-11,RV,1,255.0,2875.0
2022-02-11,B2,1,545.0,2190.0
2022-02-11,RV,1,265.0,2275.0
2022-02-13,OD,0,1755.0,-1575.0
2022-02-14,FB,1,775.0,-3255.0
2022-02-14,OD,1,555.0,-760.0
2022-02-15,OD,1,290.0,1650.0
2022-02-16,B2,0,4155.0,-3760.0
2022-02-16,RV,0,2335.0,-1940.0
2022-02-16,OD,0,1060.0,-950.0
2022-02-18,RV,1,205.0,2710.0
2022-02-18,B2,1,1220.0,1430.0
2022-02-21,OD,1,190.0,-630.0
2022-02-22,RV,1,970.0,-3035.0
2022-02-22,FB,1,280.0,-2865.0
2022-02-22,OD,1,1040.0,1835.0
2022-02-23,B2,1,430.0,1710.0
2022-02-23,B2,1,170.0,2010.0
2022-02-23,OD,0,2365.0,-2175.0
2022-02-24,RV,1,25.0,-3035.0
2022-02-24,OD,1,0.0,-1405.0
2022-02-27,OD,1,185.0,125.0
2022-02-28,FB,1,205.0,-975.0
2022-02-28,RV,1,2225.0,2255.0
2022-02-28,OD,1,1585.0,-470.0
2022-03-01,OD,0,1800.0,-1340.0
2022-03-02,RV,0,2490.0,-555.0
2022-03-02,B2,1,30.0,505.0
2022-03-02,FB,0,405.0,505.0
2022-03-02,OD,0,475.0,90.0
2022-03-03,B2,1,90.0,1725.0
2022-03-03,OD,1,5045.0,-920.0
2022-03-04,RV,1,160.0,2325.0
2022-03-04,RV,1,1365.0,1840.0
2022-03-06,OD,1,1650.0,-140.0
2022-03-07,RV,1,225.0,2665.0
2022-03-07,OD,1,430.0,-85.0
2022-03-08,RV,1,2010.0,-2240.0
2022-03-08,FB,1,840.0,-3805.0
2022-03-08,B2,1,795.0,-7205.0
2022-03-08,OD,1,140.0,3295.0
2022-03-09,FB,1,1705.0,1280.0
2022-03-09,OD,0,1170.0,-1055.0
2022-03-10,OD,0,1970.0,-1565.0
2022-03-13,OD,1,80.0,-270.0
2022-03-14,B2,0,1295.0,-380.0
2022-03-14,OD,0,1155.0,-465.0
2022-03-15,FB,1,450.0,85.0
2022-03-15,RV,1,450.0,2680.0
2022-03-15,B2,1,430.0,2765.0
2022-03-15,OD,1,430.0,2410.0
2022-03-16,FB,0,3905.0,-3675.0
2022-03-16,B2,1,145.0,4950.0
2022-03-16,OD,0,1080.0,-720.0
2022-03-17,FB,1,510.0,1855.0
2022-03-17,B2,1,1285.0,-405.0
2022-03-17,OD,0,1170.0,-935.0
2022-03-18,RV,1,430.0,3000.0
2022-03-18,FB,1,175.0,3115.0
2022-03-20,OD,0,1295.0,-1285.0
2022-03-21,RV,0,3505.0,-3165.0
2022-03-21,RV,1,440.0,1095.0
2022-03-21,FB,0,3030.0,-2260.0
2022-03-21,B2,1,3040.0,1185.0
2022-03-21,OD,1,1355.0,1330.0
2022-03-22,FB,1,245.0,1895.0
2022-03-22,RV,1,275.0,1895.0
2022-03-22,OD,0,595.0,-175.0
2022-03-23,RV,1,1070.0,570.0
2022-03-23,B2,1,1310.0,330.0
2022-03-23,B2,0,2180.0,-1810.0
2022-03-23,OD,1,635.0,580.0
2022-03-24,FB,1,335.0,2030.0
2022-03-24,OD,1,580.0,675.0
2022-03-25,B2,0,2875.0,-2665.0
2022-03-25,RV,0,1800.0,-520.0
2022-03-27,OD,0,1115.0,-970.0
2022-03-28,RV,1,580.0,330.0
2022-03-28,B2,1,685.0,-2310.0
2022-03-28,FB,0,2400.0,-1760.0
2022-03-28,B2,1,40.0,2070.0
2022-03-28,OD,1,295.0,1605.0
2022-03-29,OD,0,880.0,-830.0
2022-03-30,FB,0,1380.0,-965.0
2022-03-30,OD,1,215.0,-3800.0
2022-04-01,RV,1,110.0,2500.0
2022-04-01,RV,0,1080.0,605.0
2022-04-03,OD,1,695.0,35.0
2022-04-04,FB,1,355.0,1605.0
2022-04-04,RV,1,825.0,1265.0
2022-04-04,B2,1,220.0,1470.0
2022-04-04,OD,0,380.0,-215.0
2022-04-05,B2,1,360.0,720.0
2022-04-05,RV,1,240.0,1940.0
2022-04-05,OD,0,1125.0,-1040.0
2022-04-06,RV,0,2790.0,-845.0
2022-04-06,OD,1,1420.0,1525.0
2022-04-07,RV,0,1960.0,-700.0
2022-04-07,B2,0,5510.0,-4955.0
2022-04-07,OD,1,615.0,1470.0
2022-04-08,B2,0,3365.0,-2240.0
2022-04-08,RV,1,535.0,1775.0
2022-04-10,OD,0,2005.0,-1770.0
2022-04-11,OD,0,1340.0,-1190.0
2022-04-12,OD,1,170.0,1955.0
2022-04-13,FB,1,625.0,2560.0
2022-04-13,RV,1,785.0,2115.0
2022-04-13,OD,1,335.0,655.0
2022-04-14,B2,1,805.0,1440.0
2022-04-14,B2,1,1335.0,1840.0
2022-04-14,RV,1,415.0,1355.0
2022-04-17,OD,1,1150.0,155.0
2022-04-18,FB,1,295.0,-2745.0
2022-04-18,B2,0,2550.0,395.0
2022-04-18,OD,0,645.0,-425.0
2022-04-19,RV,1,310.0,2405.0
2022-04-19,FB,1,55.0,2085.0
2022-04-19,B2,1,255.0,1510.0
2022-04-19,OD,1,900.0,2180.0
2022-04-20,B2,0,2335.0,-235.0
2022-04-20,OD,1,110.0,-95.0
2022-04-21,B2,0,4180.0,-4145.0
2022-04-21,OD,0,1915.0,-1430.0
2022-04-24,OD,0,1300.0,-1140.0
2022-04-25,RV,1,240.0,-185.0
2022-04-25,FB,0,1865.0,-1480.0
2022-04-25,OD,1,480.0,-145.0
2022-04-26,RV,1,1355.0,1850.0
2022-04-26,OD,1,500.0,2360.0
2022-04-27,RV,1,2485.0,3015.0
2022-04-27,B2,1,1470.0,1650.0
2022-04-27,FB,1,2380.0,-395.0
2022-04-27,B2,0,4595.0,-1060.0
2022-04-27,OD,1,645.0,2110.0
2022-04-28,RV,1,2025.0,3900.0
2022-04-28,B2,1,55.0,4600.0
2022-04-28,FB,1,490.0,2195.0
2022-04-28,OD,1,510.0,2240.0
2022-04-29,RV,0,4670.0,-4050.0
2022-04-29,B2,1,560.0,2745.0
2022-05-01,OD,1,1410.0,15.0
2022-05-02,RV,1,410.0,2880.0
2022-05-02,OD,1,215.0,2090.0
2022-05-03,FB,0,1490.0,-1365.0
2022-05-03,OD,0,640.0,-310.0
2022-05-04,B2,1,880.0,-990.0
2022-05-04,RV,0,2845.0,-2820.0
2022-05-04,OD,0,605.0,-545.0
2022-05-05,OD,0,1300.0,-1280.0
2022-05-06,B2,1,320.0,-3085.0
2022-05-08,OD,0,2100.0,-1575.0
2022-05-09,RV,1,325.0,2165.0
2022-05-09,OD,0,2460.0,-2210.0
2022-05-10,RV,1,240.0,-3310.0
2022-05-10,OD,1,635.0,1970.0
2022-05-11,RV,1,1340.0,-2145.0
2022-05-11,OD,1,1485.0,-435.0
2022-05-12,RV,1,3560.0,3930.0
2022-05-12,OD,1,15.0,3130.0
2022-05-13,RV,1,130.0,2340.0
2022-05-13,FB,1,1110.0,-1665.0
2022-05-15,OD,1,235.0,-855.0
2022-05-16,OD,1,365.0,1805.0
2022-05-17,OD,0,1045.0,-925.0
2022-05-18,B2,1,790.0,2100.0
2022-05-18,OD,1,1365.0,215.0
2022-05-19,FB,1,295.0,410.0
2022-05-19,OD,1,40.0,2060.0
2022-05-22,OD,1,40.0,-360.0
2022-05-23,FB,1,255.0,1040.0
2022-05-23,B2,1,865.0,1070.0
2022-05-23,OD,0,1400.0,-1060.0
2022-05-24,B2,1,20.0,1060.0
2022-05-24,RV,0,3465.0,-915.0
2022-05-24,B2,0,4025.0,-1475.0
2022-05-24,B2,0,3745.0,-2745.0
2022-05-24,OD,0,1525.0,-710.0
2022-05-25,FB,1,565.0,1920.0
2022-05-25,OD,1,615.0,-140.0
2022-05-26,RV,1,280.0,2510.0
2022-05-26,FB,1,205.0,4180.0
2022-05-26,B2,0,1890.0,-1415.0
2022-05-26,OD,0,1155.0,-675.0
2022-05-27,FB,1,355.0,1750.0
2022-05-30,OD,0,1395.0,-1155.0
2022-05-31,RV,0,2465.0,-2125.0
2022-05-31,B2,0,2800.0,-1715.0
2022-05-31,OD,0,840.0,-670.0
2022-06-01,FB,0,3820.0,-3815.0
2022-06-01,RV,0,770.0,-310.0
2022-06-01,OD,1,680.0,1880.0
2022-06-02,FB,1,150.0,3070.0
2022-06-02,RV,1,620.0,1115.0
2022-06-02,B2,1,225.0,1505.0
2022-06-02,OD,0,1595.0,-1420.0
2022-06-03,RV,0,1750.0,725.0
2022-06-05,OD,1,375.0,1650.0
2022-06-06,B2,0,2795.0,-1480.0
2022-06-06,OD,0,965.0,-610.0
2022-06-07,FB,1,195.0,2215.0
2022-06-07,RV,0,1980.0,630.0
2022-06-07,B2,1,2005.0,475.0
2022-06-07,OD,0,1000.0,-915.0
2022-06-08,FB,0,2280.0,-2235.0
2022-06-08,RV,1,410.0,295.0
2022-06-08,OD,0,1295.0,-1275.0
2022-06-09,OD,1,460.0,-5.0
2022-06-12,OD,0,1200.0,-1060.0
2022-06-13,RV,1,65.0,2335.0
2022-06-13,OD,1,365.0,2325.0
2022-06-14,B2,1,3275.0,-1145.0
2022-06-14,OD,1,55.0,255.0
2022-06-15,OD,1,15.0,180.0
2022-06-16,RV,1,785.0,1050.0
2022-06-16,OD,1,345.0,65.0
2022-06-19,OD,0,1210.0,-1120.0
2022-06-20,OD,1,185.0,1595.0
2022-06-21,RV,1,435.0,1330.0
2022-06-21,FB,1,135.0,-150.0
2022-06-21,OD,0,430.0,-245.0
2022-06-22,FB,1,685.0,3345.0
2022-06-22,RV,1,515.0,3400.0
2022-06-22,RV,0,3465.0,-2495.0
2022-06-22,OD,1,975.0,-20.0
2022-06-23,FB,0,2635.0,-2300.0
2022-06-23,OD,1,520.0,2350.0
2022-06-24,RV,1,235.0,2690.0
2022-06-24,FB,0,1340.0,-615.0
2022-06-24,RV,0,1610.0,40.0
2022-06-26,OD,1,785.0,1830.0
2022-06-27,B2,0,2285.0,-615.0
2022-06-27,OD,0,1055.0,-1015.0
2022-06-28,B2,1,1465.0,1655.0
2022-06-28,OD,0,440.0,-290.0
2022-06-29,RV,1,1180.0,180.0
2022-06-29,OD,0,1105.0,-1010.0
2022-07-01,RV,1,1150.0,2045.0
2022-07-03,OD,0,1545.0,-1370.0
2022-07-04,OD,0,1335.0,-1275.0
2022-07-05,RV,0,3220.0,-1640.0
2022-07-05,FB,1,2425.0,2090.0
2022-07-05,RV,1,520.0,2075.0
2022-07-05,RV,0,1040.0,-875.0
2022-07-05,OD,1,665.0,-55.0
2022-07-06,OD,1,975.0,435.0
2022-07-07,RV,1,245.0,1210.0
2022-07-07,B2,1,1035.0,1195.0
2022-07-07,FB,1,245.0,1755.0
2022-07-07,OD,0,705.0,-545.0
2022-07-10,OD,0,425.0,-300.0
2022-07-11,RV,0,2145.0,-1750.0
2022-07-11,OD,0,625.0,-400.0
2022-07-12,RV,0,4095.0,-3075.0
2022-07-12,FB,0,4095.0,-3750.0
2022-07-12,OD,1,230.0,430.0
2022-07-13,RV,0,2790.0,-910.0
2022-07-13,RV,0,2645.0,-2045.0
2022-07-13,OD,1,435.0,655.0
2022-07-14,B2,0,3870.0,-3590.0
2022-07-14,B2,1,1355.0,2300.0
2022-07-14,FB,0,370.0,275.0
2022-07-14,RV,1,15.0,315.0
2022-07-14,OD,0,555.0,-375.0
2022-07-15,B2,1,820.0,1295.0
2022-07-15,FB,0,1175.0,-135.0
2022-07-17,OD,1,740.0,1860.0
2022-07-18,OD,0,215.0,-145.0
2022-07-19,RV,1,1085.0,1660.0
2022-07-19,FB,1,40.0,3320.0
2022-07-19,B2,1,360.0,2190.0
2022-07-19,OD,0,425.0,10.0
2022-07-20,FB,1,535.0,2240.0
2022-07-20,RV,1,110.0,3100.0
2022-07-20,B2,0,2210.0,-745.0
2022-07-20,B2,1,305.0,-345.0
2022-07-20,OD,1,760.0,195.0
2022-07-21,RV,1,250.0,2780.0
2022-07-21,FB,0,1200.0,-415.0
2022-07-21,OD,0,515.0,-260.0
2022-07-22,FB,0,1350.0,-995.0
2022-07-22,B2,0,3360.0,-2555.0
2022-07-24,OD,1,650.0,1550.0
2022-07-25,B2,1,1635.0,-165.0
2022-07-25,RV,1,725.0,1735.0
2022-07-25,OD,0,495.0,105.0
2022-07-26,OD,1,115.0,490.0
2022-07-27,FB,1,260.0,1660.0
2022-07-27,B2,1,1290.0,2705.0
2022-07-27,OD,1,615.0,6280.0
2022-07-29,FB,0,2600.0,-2365.0
2022-07-31,OD,0,605.0,-80.0
2022-08-01,RV,1,285.0,1730.0
2022-08-01,FB,1,1535.0,-2580.0
2022-08-01,RV,0,2680.0,-2660.0
2022-08-01,OD,0,1405.0,-1380.0
2022-08-02,RV,0,2045.0,-365.0
2022-08-02,FB,0,1850.0,-405.0
2022-08-02,B2,0,1665.0,-1280.0
2022-08-02,OD,0,1240.0,-185.0
2022-08-03,FB,1,335.0,3325.0
2022-08-03,B2,1,1375.0,1585.0
2022-08-03,OD,0,190.0,40.0
2022-08-04,B2,0,560.0,550.0
2022-08-04,OD,0,100.0,90.0
2022-08-05,RV,0,2380.0,-1505.0
2022-08-07,OD,1,130.0,1225.0
2022-08-08,RV,1,280.0,735.0
2022-08-08,FB,0,1620.0,-1315.0
2022-08-08,B2,0,3575.0,-2480.0
2022-08-08,OD,0,700.0,-620.0
2022-08-09,B2,0,1810.0,-1390.0
2022-08-09,RV,1,325.0,1330.0
2022-08-09,RV,0,525.0,-345.0
2022-08-09,OD,0,680.0,-610.0
2022-08-10,OD,1,45.0,1575.0
2022-08-11,FB,0,3375.0,-3050.0
2022-08-11,OD,1,340.0,1220.0
2022-08-12,FB,1,15.0,1945.0
2022-08-14,OD,0,880.0,-700.0
2022-08-15,RV,1,955.0,1130.0
2022-08-15,FB,1,1525.0,810.0
2022-08-15,OD,0,395.0,-375.0
2022-08-16,B2,1,495.0,530.0
2022-08-16,RV,0,2485.0,-2330.0
2022-08-16,OD,0,130.0,-50.0
2022-08-17,RV,0,2625.0,-2605.0
2022-08-17,B2,0,2025.0,-1375.0
2022-08-17,OD,0,620.0,-525.0
2022-08-18,OD,0,680.0,-555.0
2022-08-19,RV,0,65.0,250.0
2022-08-21,OD,0,640.0,-380.0
2022-08-22,B2,1,780.0,1155.0
2022-08-22,OD,0,1155.0,-1045.0
2022-08-23,RV,1,1410.0,-10.0
2022-08-23,OD,0,1305.0,-1050.0
2022-08-24,RV,1,665.0,1085.0
2022-08-24,FB,0,1165.0,-585.0
2022-08-24,OD,1,350.0,2480.0
2022-08-25,FB,0,1905.0,-500.0
2022-08-25,OD,0,565.0,-540.0
2022-08-26,B2,1,340.0,2570.0
2022-08-28,OD,0,1570.0,-935.0
2022-08-29,RV,1,930.0,1930.0
2022-08-29,OD,1,330.0,1840.0
2022-08-30,B2,1,180.0,1165.0
2022-08-30,B2,1,1440.0,355.0
2022-08-30,OD,1,275.0,2000.0
2022-08-31,B2,1,235.0,270.0
2022-08-31,OD,0,1275.0,-1235.0
2022-09-01,RV,1,580.0,410.0
2022-09-01,OD,0,565.0,-350.0
2022-09-02,B2,0,4390.0,-3675.0
2022-09-02,B2,0,3845.0,-2455.0
2022-09-04,OD,1,10.0,0.0
2022-09-05,FB,0,290.0,-20.0
2022-09-05,OD,1,530.0,600.0
2022-09-06,RV,1,785.0,1920.0
2022-09-06,B2,1,1025.0,1680.0
2022-09-06,OD,0,1205.0,-1105.0
2022-09-07,FB,1,1050.0,3450.0
2022-09-07,RV,1,1535.0,1625.0
2022-09-07,B2,1,330.0,1825.0
2022-09-07,RV,0,60.0,450.0
2022-09-07,OD,1,430.0,1740.0
2022-09-08,OD,1,45.0,525.0
2022-09-11,OD,0,735.0,-660.0
2022-09-12,FB,1,10.0,1200.0
2022-09-12,B2,1,1620.0,970.0
2022-09-12,OD,0,610.0,130.0
2022-09-13,B2,1,110.0,3100.0
2022-09-13,RV,1,575.0,2505.0
2022-09-13,OD,0,570.0,-490.0
2022-09-14,RV,1,170.0,-430.0
2022-09-14,FB,0,1880.0,-1870.0
2022-09-14,B2,0,2960.0,-2295.0
2022-09-14,OD,0,930.0,-745.0
2022-09-15,RV,1,610.0,3820.0
2022-09-15,OD,0,650.0,-525.0
2022-09-16,RV,1,1355.0,-1000.0
2022-09-18,OD,0,935.0,-840.0
2022-09-19,FB,1,925.0,-115.0
2022-09-19,RV,1,880.0,1675.0
2022-09-19,OD,0,335.0,-285.0
2022-09-20,RV,1,1310.0,2435.0
2022-09-20,RV,0,1135.0,-845.0
2022-09-20,OD,0,210.0,-5.0
2022-09-21,FB,0,4840.0,-4785.0
2022-09-21,RV,1,505.0,580.0
2022-09-21,OD,1,1365.0,1885.0
2022-09-22,B2,1,180.0,-360.0
2022-09-22,OD,0,1090.0,-750.0
2022-09-23,FB,0,1690.0,-1600.0
2022-09-26,FB,1,95.0,-2400.0
2022-09-26,B2,0,3710.0,-2455.0
2022-09-26,RV,0,1010.0,-495.0
2022-09-26,OD,1,190.0,2365.0
2022-09-27,RV,0,2900.0,-1990.0
2022-09-27,B2,1,535.0,1285.0
2022-09-27,OD,0,1560.0,-1505.0
2022-09-28,B2,1,505.0,3405.0
2022-09-28,FB,1,925.0,625.0
2022-09-28,OD,0,775.0,-585.0
2022-09-29,RV,0,725.0,-555.0
2022-09-29,B2,0,2855.0,-2270.0
2022-09-29,OD,0,680.0,-515.0
2022-09-30,RV,0,2515.0,-1385.0
2022-09-30,FB,0,3540.0,-3535.0
2022-10-02,OD,0,1635.0,-1365.0
2022-10-03,RV,1,220.0,2110.0
2022-10-03,FB,1,650.0,1665.0
2022-10-03,B2,1,1210.0,2475.0
2022-10-03,B2,0,1205.0,-495.0
2022-10-03,OD,1,50.0,325.0
2022-10-04,RV,1,465.0,1650.0
2022-10-04,B2,1,270.0,1285.0
2022-10-04,FB,1,270.0,350.0
2022-10-04,OD,0,975.0,-885.0
2022-10-05,RV,0,2255.0,-1810.0
2022-10-05,FB,1,0.0,345.0
2022-10-05,OD,1,115.0,125.0
2022-10-06,RV,0,3210.0,-2545.0
2022-10-06,RV,0,2275.0,-1720.0
2022-10-06,OD,1,315.0,125.0
2022-10-07,B2,1,495.0,1775.0
2022-10-09,OD,1,815.0,-85.0
2022-10-10,B2,1,1530.0,-975.0
2022-10-10,RV,1,105.0,-210.0
2022-10-10,OD,0,1500.0,-1275.0
2022-10-11,RV,0,1980.0,-1640.0
2022-10-11,OD,1,625.0,1895.0
2022-10-12,RV,1,740.0,330.0
2022-10-12,OD,0,470.0,-385.0
2022-10-13,RV,0,9430.0,-8695.0
2022-10-13,FB,1,1970.0,1055.0
2022-10-13,OD,1,1165.0,1700.0
2022-10-14,B2,1,1800.0,2360.0
2022-10-16,OD,1,435.0,805.0
2022-10-18,OD,0,1145.0,-1115.0
2022-10-19,FB,0,4330.0,-3810.0
2022-10-19,B2,0,2505.0,-1400.0
2022-10-19,OD,0,1375.0,-1030.0
2022-10-20,RV,1,185.0,1775.0
2022-10-20,FB,0,4755.0,-4320.0
2022-10-20,OD,1,445.0,285.0
2022-10-21,FB,1,920.0,5265.0
2022-10-21,RV,1,285.0,1880.0
2022-10-21,B2,1,525.0,2250.0
2022-10-23,OD,0,1420.0,-1345.0
2022-10-24,B2,1,475.0,2520.0
2022-10-24,OD,0,1055.0,-680.0
2022-10-25,RV,1,165.0,2405.0
2022-10-25,FB,1,610.0,2190.0
2022-10-25,OD,1,565.0,1430.0
2022-10-26,RV,1,875.0,2200.0
2022-10-26,FB,1,875.0,-1415.0
2022-10-26,OD,1,35.0,-6325.0
2022-10-28,RV,1,1265.0,3015.0
2022-10-28,B2,1,190.0,3015.0
2022-10-28,FB,1,190.0,3990.0
2022-10-30,OD,0,835.0,-800.0
2022-11-01,RV,0,940.0,185.0
2022-11-01,OD,0,505.0,315.0
2022-11-02,OD,1,150.0,410.0
2022-11-03,B2,0,1675.0,-1340.0
2022-11-03,OD,1,85.0,2080.0
2022-11-04,FB,0,4435.0,-4085.0
2022-11-06,OD,1,805.0,95.0
2022-11-07,OD,0,200.0,-185.0
2022-11-08,B2,1,15.0,1175.0
2022-11-08,FB,1,55.0,-2640.0
2022-11-08,B2,0,3165.0,-2900.0
2022-11-08,OD,1,230.0,60.0
2022-11-09,RV,1,150.0,910.0
2022-11-09,B2,0,845.0,490.0
2022-11-09,OD,0,350.0,-160.0
2022-11-10,FB,1,1180.0,3590.0
2022-11-10,B2,1,210.0,2520.0
2022-11-10,OD,1,525.0,1560.0
2022-11-11,RV,1,1900.0,2195.0
2022-11-11,FB,0,1845.0,-1550.0
2022-11-11,B2,0,1060.0,-5.0
2022-11-13,OD,0,700.0,-635.0
2022-11-14,B2,1,1275.0,1995.0
2022-11-14,FB,1,810.0,1275.0
2022-11-14,OD,1,175.0,1555.0
2022-11-15,OD,1,670.0,1570.0
2022-11-16,B2,1,250.0,270.0
2022-11-16,B2,1,1260.0,-185.0
2022-11-16,OD,0,845.0,-805.0
2022-11-17,RV,1,270.0,-2165.0
2022-11-17,OD,0,375.0,-270.0
2022-11-18,RV,1,105.0,1270.0
2022-11-18,OD,0,895.0,-710.0
2022-11-21,B2,0,1095.0,-770.0
2022-11-21,OD,0,530.0,-505.0
2022-11-22,RV,0,1845.0,-1695.0
2022-11-22,OD,0,520.0,80.0
2022-11-23,FB,0,2050.0,695.0
2022-11-23,B2,0,2170.0,-1325.0
2022-11-23,RV,1,1335.0,565.0
2022-11-23,B2,1,625.0,1060.0
2022-11-23,OD,0,400.0,340.0
2022-11-24,OD,0,35.0,-10.0
2022-11-27,OD,0,720.0,-710.0
2022-11-28,OD,1,40.0,1520.0
2022-11-29,B2,1,1390.0,1280.0
2022-11-29,RV,0,990.0,-230.0
2022-11-29,OD,1,10.0,1610.0
2022-11-30,FB,1,15.0,2035.0
2022-11-30,B2,1,45.0,2890.0
2022-11-30,RV,1,950.0,800.0
2022-11-30,OD,0,830.0,-390.0
2022-12-01,OD,1,290.0,685.0
2022-12-02,RV,1,180.0,-2715.0
2022-12-04,OD,0,800.0,-500.0
2022-12-05,B2,1,1355.0,825.0
2022-12-05,OD,0,400.0,-340.0
2022-12-06,B2,1,430.0,980.0
2022-12-06,RV,1,95.0,1290.0
2022-12-06,OD,0,580.0,-350.0
2022-12-07,RV,1,560.0,1315.0
2022-12-07,OD,0,1180.0,-955.0
2022-12-08,RV,1,105.0,870.0
2022-12-08,FB,1,875.0,-310.0
2022-12-08,B2,1,225.0,930.0
2022-12-08,OD,1,215.0,1525.0
2022-12-12,OD,0,635.0,-570.0
2022-12-13,OD,0,330.0,175.0
2022-12-14,RV,1,560.0,1235.0
2022-12-14,FB,1,205.0,-2075.0
2022-12-14,OD,0,1215.0,-1190.0
2022-12-15,OD,0,380.0,-200.0
2022-12-16,RV,1,1480.0,1205.0
2022-12-19,B2,1,100.0,315.0
2022-12-19,OD,0,2380.0,-2215.0
2022-12-20,FB,1,195.0,-1050.0
2022-12-20,RV,0,1040.0,150.0
2022-12-20,OD,1,125.0,145.0
2022-12-21,FB,0,840.0,620.0
2022-12-21,B2,0,1295.0,-405.0
2022-12-21,OD,0,5565.0,-3765.0
2022-12-26,OD,0,230.0,-130.0
2022-12-27,RV,1,960.0,825.0
2022-12-27,OD,0,425.0,290.0
2022-12-28,B2,1,1055.0,-40.0
2022-12-28,OD,1,145.0,1265.0
2022-12-29,RV,1,395.0,1370.0
2022-12-29,FB,0,690.0,270.0
2022-12-29,OD,0,315.0,-225.0
2022-12-30,RV,1,640.0,650.0
2023-01-02,OD,0,1145.0,-1000.0
2023-01-03,RV,1,230.0,1985.0
2023-01-03,OD,1,120.0,1720.0
2023-01-04,RV,0,2065.0,-1650.0
2023-01-04,FB,0,1355.0,-995.0
2023-01-04,B2,1,130.0,-40.0
2023-01-04,OD,0,1115.0,-950.0
2023-01-05,B2,1,1155.0,425.0
2023-01-05,OD,0,60.0,85.0
2023-01-06,RV,1,1080.0,2790.0
2023-01-06,FB,1,680.0,1510.0
2023-01-06,B2,1,680.0,2695.0
2023-01-08,OD,1,35.0,210.0
2023-01-09,FB,1,495.0,1490.0
2023-01-09,B2,0,2980.0,-2665.0
2023-01-09,OD,0,625.0,-500.0
2023-01-10,FB,0,2380.0,245.0
2023-01-10,RV,1,1010.0,820.0
2023-01-10,OD,0,1065.0,-965.0
2023-01-11,B2,1,915.0,775.0
2023-01-11,FB,1,915.0,865.0
2023-01-11,B2,0,880.0,790.0
2023-01-11,OD,0,205.0,-40.0
2023-01-12,RV,0,2515.0,-1925.0
2023-01-12,RV,1,2165.0,115.0
2023-01-12,OD,0,1220.0,-1165.0
2023-01-13,FB,1,85.0,2375.0
2023-01-15,OD,0,60.0,265.0
2023-01-16,OD,0,845.0,-720.0
2023-01-17,FB,0,2170.0,-1835.0
2023-01-17,OD,1,85.0,1195.0
2023-01-18,B2,0,2195.0,-1695.0
2023-01-18,OD,0,580.0,-565.0
2023-01-19,RV,1,115.0,905.0
2023-01-19,B2,1,40.0,-410.0
2023-01-19,OD,0,125.0,290.0
2023-01-20,RV,1,505.0,1395.0
2023-01-20,FB,1,435.0,2595.0
2023-01-20,B2,1,130.0,1780.0
2023-01-20,B2,1,200.0,915.0
2023-01-22,OD,0,100.0,215.0
2023-01-23,RV,1,15.0,2090.0
2023-01-23,FB,1,390.0,2580.0
2023-01-23,RV,0,1765.0,-840.0
2023-01-23,B2,0,1925.0,-620.0
2023-01-23,OD,0,130.0,240.0
2023-01-24,FB,0,1190.0,-640.0
2023-01-24,OD,0,920.0,-515.0
2023-01-25,B2,0,3340.0,-2865.0
2023-01-25,RV,0,2130.0,-1760.0
2023-01-25,OD,0,805.0,-45.0
2023-01-26,FB,0,2930.0,-2270.0
2023-01-26,B2,1,175.0,415.0
2023-01-26,OD,0,725.0,-325.0
2023-01-27,RV,1,175.0,1625.0
2023-01-27,FB,1,500.0,2445.0
2023-01-27,B2,1,1515.0,1120.0
2023-01-27,B2,1,275.0,-705.0
2023-01-30,OD,0,1155.0,-1040.0
2023-01-31,RV,1,310.0,925.0
2023-01-31,FB,0,345.0,635.0
2023-01-31,B2,1,490.0,800.0
2023-01-31,OD,1,220.0,270.0
2023-02-01,RV,1,170.0,3440.0
2023-02-01,OD,1,280.0,1775.0
2023-02-02,B2,1,1620.0,1515.0
2023-02-02,FB,1,1620.0,3430.0
2023-02-02,OD,0,1460.0,-1415.0
2023-02-03,RV,1,150.0,3420.0
2023-02-03,FB,0,4430.0,-3595.0
2023-02-03,B2,0,4400.0,-3250.0
2023-02-05,OD,0,795.0,-675.0
2023-02-06,FB,0,2305.0,-1770.0
2023-02-06,RV,1,1030.0,1075.0
2023-02-06,OD,0,280.0,-240.0
2023-02-07,FB,1,995.0,-1660.0
2023-02-07,B2,1,965.0,1245.0
2023-02-07,B2,1,420.0,1165.0
2023-02-07,OD,1,150.0,440.0
2023-02-08,OD,1,365.0,1865.0
2023-02-09,B2,1,715.0,2410.0
2023-02-09,OD,0,815.0,-445.0
2023-02-10,RV,1,560.0,-415.0
2023-02-10,B2,1,575.0,605.0
2023-02-13,RV,1,900.0,1015.0
2023-02-13,FB,1,900.0,1965.0
2023-02-13,B2,0,1220.0,65.0
2023-02-13,OD,0,485.0,30.0
2023-02-14,RV,1,0.0,-1040.0
2023-02-14,OD,0,925.0,-815.0
2023-02-15,FB,0,975.0,570.0
2023-02-15,B2,1,415.0,1620.0
2023-02-15,OD,0,250.0,-155.0
2023-02-16,RV,0,2415.0,-1995.0
2023-02-16,OD,0,595.0,-530.0
2023-02-17,RV,1,465.0,1625.0
2023-02-17,RV,0,745.0,-180.0
2023-02-21,B2,1,825.0,1085.0
2023-02-21,OD,0,130.0,0.0
2023-02-22,RV,1,525.0,2060.0
2023-02-22,RV,0,1805.0,40.0
2023-02-22,B2,0,1490.0,-355.0
2023-02-22,OD,1,165.0,170.0
2023-02-23,B2,1,195.0,-2380.0
2023-02-23,OD,0,515.0,-365.0
2023-02-24,RV,1,120.0,1840.0
2023-02-24,B2,1,470.0,595.0
2023-02-26,OD,0,160.0,75.0
2023-02-27,OD,0,210.0,-100.0
2023-02-28,RV,1,745.0,65.0
2023-02-28,FB,0,120.0,355.0
2023-02-28,OD,1,270.0,1600.0
2023-03-01,RV,1,645.0,1060.0
2023-03-01,RV,1,560.0,835.0
2023-03-01,OD,0,750.0,-720.0
2023-03-02,FB,1,670.0,2125.0
2023-03-02,RV,1,0.0,680.0
2023-03-02,OD,0,670.0,-370.0
2023-03-03,B2,1,485.0,1285.0
2023-03-03,FB,1,485.0,1445.0
2023-03-06,FB,0,2320.0,-2100.0
2023-03-06,OD,0,105.0,315.0
2023-03-07,RV,1,60.0,1745.0
2023-03-07,B2,1,1230.0,1015.0
2023-03-07,OD,0,505.0,-370.0
2023-03-08,FB,0,1010.0,-290.0
2023-03-08,OD,0,765.0,-625.0
2023-03-09,FB,0,3500.0,-3480.0
2023-03-09,OD,0,1060.0,-910.0
2023-03-10,RV,1,1335.0,2595.0
2023-03-10,B2,1,820.0,65.0
2023-03-13,FB,1,730.0,1165.0
2023-03-13,OD,0,765.0,-550.0
2023-03-14,FB,1,460.0,-635.0
2023-03-14,B2,0,2970.0,-1695.0
2023-03-14,B2,1,1220.0,1945.0
2023-03-14,OD,0,345.0,-45.0
2023-03-15,RV,1,1005.0,-3045.0
2023-03-15,OD,0,550.0,-305.0
2023-03-16,FB,1,370.0,2820.0
2023-03-16,B2,1,170.0,1515.0
2023-03-16,B2,1,270.0,1390.0
2023-03-16,OD,0,520.0,-45.0
2023-03-17,FB,1,85.0,-1355.0
2023-03-17,B2,0,1960.0,-985.0
2023-03-19,OD,0,760.0,-550.0
2023-03-20,OD,1,230.0,360.0
2023-03-21,FB,0,1080.0,-765.0
2023-03-21,OD,0,275.0,-140.0
2023-03-22,FB,1,235.0,2195.0
2023-03-22,RV,0,1285.0,-955.0
2023-03-22,RV,1,2140.0,-1240.0
2023-03-22,B2,1,275.0,-6430.0
2023-03-22,OD,1,325.0,1470.0
2023-03-23,FB,1,525.0,270.0
2023-03-23,B2,1,65.0,2130.0
2023-03-23,RV,1,340.0,1200.0
2023-03-23,OD,1,755.0,-70.0
2023-03-24,RV,1,425.0,1330.0
2023-03-24,RV,1,550.0,-840.0
2023-03-26,OD,0,855.0,-610.0
2023-03-27,B2,1,75.0,985.0
2023-03-27,B2,0,1755.0,-580.0
2023-03-27,OD,0,470.0,-230.0
2023-03-28,RV,1,70.0,1395.0
2023-03-28,RV,1,390.0,775.0
2023-03-28,OD,1,100.0,1235.0
2023-03-29,FB,0,1000.0,55.0
2023-03-29,B2,1,575.0,970.0
2023-03-29,OD,1,480.0,1195.0
2023-03-30,RV,0,1040.0,175.0
2023-03-30,RV,0,1555.0,-1155.0
2023-03-30,FB,0,1670.0,-1415.0
2023-03-30,B2,0,1400.0,315.0
2023-03-30,OD,0,85.0,540.0
2023-03-31,B2,1,70.0,1280.0
2023-03-31,FB,1,70.0,1825.0
2023-04-02,OD,0,1165.0,-1030.0
2023-04-03,RV,0,1775.0,-1220.0
2023-04-03,FB,0,1670.0,-1625.0
2023-04-03,OD,0,535.0,-485.0
2023-04-04,B2,0,840.0,360.0
2023-04-04,OD,0,425.0,-380.0
2023-04-05,B2,0,290.0,20.0
2023-04-05,RV,0,1055.0,-135.0
2023-04-05,OD,0,825.0,-745.0
2023-04-06,RV,0,1370.0,-885.0
2023-04-06,RV,1,125.0,1510.0
2023-04-06,FB,1,270.0,1765.0
2023-04-06,B2,1,85.0,1430.0
2023-04-06,B2,1,50.0,745.0
2023-04-06,OD,0,110.0,5.0
2023-04-09,OD,0,420.0,-370.0
2023-04-10,RV,0,1380.0,-1370.0
2023-04-10,FB,0,490.0,-60.0
2023-04-10,OD,0,320.0,-245.0
2023-04-11,B2,0,1005.0,5.0
2023-04-11,OD,0,415.0,-305.0
2023-04-12,B2,0,2880.0,-2280.0
2023-04-12,OD,1,290.0,705.0
2023-04-13,FB,1,125.0,1980.0
2023-04-13,RV,1,570.0,1440.0
2023-04-13,B2,1,175.0,1275.0
2023-04-13,OD,0,245.0,-165.0
2023-04-14,RV,1,140.0,-1065.0
2023-04-14,FB,0,2750.0,-2610.0
2023-04-14,B2,0,1695.0,-710.0
2023-04-16,OD,0,115.0,185.0
2023-04-17,RV,0,980.0,-910.0
2023-04-17,OD,1,430.0,1205.0
2023-04-18,RV,1,270.0,135.0
2023-04-18,OD,0,355.0,-305.0
2023-04-19,RV,0,1035.0,-925.0
2023-04-19,B2,0,965.0,-770.0
2023-04-19,OD,0,530.0,-495.0
2023-04-20,RV,0,1425.0,-710.0
2023-04-20,OD,0,470.0,-455.0
2023-04-21,RV,0,1365.0,-765.0
2023-04-23,OD,0,600.0,-520.0
2023-04-24,RV,0,1095.0,-810.0
2023-04-24,OD,0,330.0,-295.0
2023-04-25,RV,1,115.0,1065.0
2023-04-25,B2,1,55.0,1025.0
2023-04-25,RV,0,10.0,265.0
2023-04-25,OD,0,170.0,45.0
2023-04-26,FB,0,1575.0,-1270.0
2023-04-26,B2,0,1180.0,800.0
2023-04-26,OD,1,275.0,750.0
2023-04-27,RV,1,260.0,1100.0
2023-04-27,FB,1,335.0,2260.0
2023-04-27,B2,1,180.0,1335.0
2023-04-27,OD,0,405.0,60.0
2023-04-28,RV,0,1765.0,-1045.0
2023-04-28,FB,0,515.0,570.0
2023-04-28,B2,0,570.0,780.0
2023-04-30,OD,1,450.0,-315.0
2023-05-01,RV,0,1285.0,-1080.0
2023-05-01,FB,0,170.0,165.0
2023-05-01,RV,0,1130.0,-755.0
2023-05-01,OD,0,470.0,390.0
2023-05-02,B2,1,180.0,740.0
2023-05-02,B2,0,1660.0,-715.0
2023-05-02,RV,0,1590.0,-895.0
2023-05-02,OD,0,5.0,410.0
2023-05-03,RV,0,1110.0,-810.0
2023-05-03,RV,1,530.0,955.0
2023-05-03,OD,1,90.0,925.0
2023-05-04,RV,0,1745.0,-1395.0
2023-05-04,FB,0,770.0,-640.0
2023-05-04,OD,1,135.0,990.0
2023-05-05,RV,1,125.0,2195.0
2023-05-05,FB,1,0.0,2465.0
2023-05-07,OD,0,540.0,-350.0
2023-05-08,FB,0,170.0,170.0
2023-05-08,B2,0,720.0,555.0
2023-05-08,OD,0,90.0,-55.0
2023-05-09,RV,0,905.0,-615.0
2023-05-09,B2,0,685.0,-395.0
2023-05-09,OD,0,100.0,-65.0
2023-05-10,B2,1,1435.0,1990.0
2023-05-10,OD,1,0.0,550.0
2023-05-11,RV,1,500.0,655.0
2023-05-11,OD,0,160.0,200.0
2023-05-12,B2,1,625.0,815.0
2023-05-12,RV,1,35.0,1560.0
2023-05-14,OD,1,270.0,1400.0
2023-05-15,RV,0,1140.0,-1125.0
2023-05-15,FB,0,700.0,5.0
2023-05-15,OD,0,355.0,-250.0
2023-05-16,RV,1,25.0,420.0
2023-05-16,FB,1,75.0,565.0
2023-05-16,RV,0,360.0,130.0
2023-05-16,B2,0,845.0,-490.0
2023-05-16,OD,0,75.0,100.0
2023-05-17,RV,0,180.0,530.0
2023-05-17,FB,1,590.0,2390.0
2023-05-17,B2,1,135.0,1765.0
2023-05-17,B2,1,75.0,770.0
2023-05-17,OD,0,200.0,-110.0
2023-05-18,RV,1,265.0,1630.0
2023-05-18,FB,1,250.0,1035.0
2023-05-18,RV,1,575.0,140.0
2023-05-18,B2,1,35.0,1285.0
2023-05-18,OD,0,500.0,-470.0
2023-05-21,OD,0,5.0,360.0
2023-05-22,RV,1,25.0,400.0
2023-05-22,FB,0,1305.0,-365.0
2023-05-22,B2,0,370.0,120.0
2023-05-22,OD,0,10.0,100.0
2023-05-23,OD,0,330.0,-240.0
2023-05-24,RV,1,350.0,1200.0
2023-05-24,B2,0,2170.0,-1610.0
2023-05-24,RV,0,1015.0,-1010.0
2023-05-24,OD,0,390.0,35.0
2023-05-25,FB,0,230.0,385.0
2023-05-25,OD,0,840.0,-275.0
2023-05-26,FB,1,365.0,3685.0
2023-05-26,RV,1,135.0,2725.0
2023-05-26,B2,1,150.0,2420.0
2023-05-30,OD,0,840.0,-740.0
2023-05-31,RV,0,2050.0,-1630.0
2023-05-31,FB,0,1625.0,-1480.0
2023-05-31,RV,0,1470.0,-295.0
2023-05-31,B2,0,1845.0,-535.0
2023-05-31,OD,0,960.0,-395.0
2023-06-01,FB,1,330.0,1965.0
2023-06-01,B2,1,315.0,1345.0
2023-06-01,OD,1,285.0,1475.0
2023-06-02,RV,1,995.0,1245.0
2023-06-02,FB,0,650.0,-150.0
2023-06-02,B2,0,665.0,-85.0
2023-06-04,OD,0,430.0,245.0
2023-06-05,RV,1,675.0,1005.0
2023-06-05,FB,1,135.0,785.0
2023-06-05,OD,0,330.0,-35.0
2023-06-06,FB,0,1120.0,-455.0
2023-06-06,B2,0,1380.0,-105.0
2023-06-06,OD,0,365.0,-295.0
2023-06-07,B2,0,2180.0,-1915.0
2023-06-07,OD,0,840.0,-560.0
2023-06-08,FB,1,0.0,415.0
2023-06-08,B2,1,50.0,1510.0
2023-06-08,OD,0,620.0,-545.0
2023-06-09,FB,1,155.0,-1060.0
2023-06-09,RV,1,200.0,1595.0
2023-06-09,B2,1,245.0,770.0
2023-06-11,OD,1,240.0,3200.0
2023-06-12,FB,0,10.0,335.0
2023-06-12,OD,1,515.0,605.0
2023-06-13,RV,1,470.0,895.0
2023-06-13,OD,0,545.0,220.0
2023-06-14,FB,0,3470.0,-3065.0
2023-06-14,B2,1,1030.0,1585.0
2023-06-14,OD,0,1050.0,-955.0
2023-06-15,RV,0,2730.0,-2130.0
2023-06-15,B2,1,425.0,1365.0
2023-06-15,OD,0,870.0,-770.0
2023-06-19,OD,0,215.0,-95.0
2023-06-20,FB,0,1870.0,-1385.0
2023-06-20,B2,0,3420.0,-3235.0
2023-06-20,B2,1,290.0,2230.0
2023-06-20,B2,0,970.0,-595.0
2023-06-20,OD,0,25.0,60.0
2023-06-21,B2,1,150.0,580.0
2023-06-21,RV,0,1515.0,-945.0
2023-06-21,B2,0,1760.0,455.0
2023-06-21,OD,0,440.0,-320.0
2023-06-22,FB,1,325.0,1580.0
2023-06-22,OD,0,925.0,-885.0
2023-06-23,RV,1,325.0,-1535.0
2023-06-25,OD,0,400.0,-115.0
2023-06-26,FB,0,1895.0,-725.0
2023-06-26,RV,0,2155.0,-1110.0
2023-06-26,B2,0,2210.0,-1165.0
2023-06-26,OD,0,555.0,310.0
2023-06-27,B2,1,1470.0,1575.0
2023-06-27,FB,1,130.0,2630.0
2023-06-27,OD,0,340.0,-285.0
2023-06-28,RV,1,785.0,2020.0
2023-06-28,FB,1,140.0,-370.0
2023-06-28,B2,0,2500.0,-1755.0
2023-06-28,B2,1,1165.0,875.0
2023-06-28,OD,0,720.0,-690.0
2023-06-29,RV,1,465.0,880.0
2023-06-29,OD,0,205.0,335.0
2023-06-30,FB,0,865.0,525.0
2023-06-30,RV,0,1555.0,-850.0
2023-06-30,B2,0,1285.0,-600.0
2023-07-02,OD,0,315.0,-60.0
2023-07-03,RV,0,45.0,425.0
2023-07-03,B2,0,585.0,-490.0
2023-07-03,OD,0,150.0,-45.0
2023-07-04,OD,0,155.0,85.0
2023-07-05,RV,0,2255.0,-1805.0
2023-07-05,B2,0,1365.0,-845.0
2023-07-05,B2,0,595.0,25.0
2023-07-05,OD,0,505.0,-405.0
2023-07-06,RV,1,105.0,-1180.0
2023-07-06,B2,0,430.0,-345.0
2023-07-06,OD,0,350.0,-295.0
2023-07-07,FB,0,640.0,-455.0
2023-07-07,B2,0,3545.0,-3320.0
2023-07-09,OD,0,1015.0,-790.0
2023-07-10,OD,1,155.0,325.0
2023-07-11,RV,0,1575.0,-515.0
2023-07-11,OD,0,400.0,760.0
2023-07-12,B2,0,2855.0,-2140.0
2023-07-12,FB,0,2855.0,-725.0
2023-07-12,B2,1,145.0,1865.0
2023-07-12,OD,1,70.0,1390.0
2023-07-13,B2,0,1205.0,650.0
2023-07-13,FB,1,395.0,1175.0
2023-07-13,OD,0,730.0,-480.0
2023-07-14,FB,1,360.0,-645.0
2023-07-14,B2,0,1180.0,-510.0
2023-07-14,B2,0,2470.0,-2440.0
2023-07-14,B2,0,915.0,-255.0
2023-07-16,OD,1,125.0,740.0
2023-07-17,FB,1,845.0,1295.0
2023-07-17,B2,1,230.0,1345.0
2023-07-17,OD,0,440.0,15.0
2023-07-18,B2,0,2670.0,-2530.0
2023-07-18,FB,1,430.0,1430.0
2023-07-18,B2,1,505.0,1480.0
2023-07-18,B2,0,935.0,-860.0
2023-07-18,OD,0,255.0,740.0
2023-07-19,FB,0,1740.0,-1405.0
2023-07-19,B2,0,1520.0,-920.0
2023-07-19,OD,1,80.0,455.0
2023-07-20,RV,1,540.0,3345.0
2023-07-20,B2,1,15.0,1815.0
2023-07-20,B2,1,395.0,490.0
2023-07-20,OD,1,690.0,1350.0
2023-07-23,OD,0,430.0,-230.0
2023-07-24,RV,1,495.0,230.0
2023-07-24,OD,1,255.0,1185.0
2023-07-25,FB,0,1180.0,610.0
2023-07-25,RV,0,1180.0,-985.0
2023-07-25,B2,1,570.0,920.0
2023-07-25,B2,0,125.0,345.0
2023-07-25,OD,0,75.0,510.0
2023-07-26,RV,1,150.0,1440.0
2023-07-26,B2,1,0.0,-460.0
2023-07-26,RV,0,2785.0,-2245.0
2023-07-26,OD,1,210.0,1365.0
2023-07-27,B2,0,2925.0,-2530.0
2023-07-27,OD,1,185.0,485.0
2023-07-28,B2,1,1080.0,145.0
2023-07-28,FB,1,1080.0,260.0
2023-07-30,OD,0,860.0,-755.0
2023-07-31,OD,0,170.0,-100.0
2023-08-01,FB,0,1260.0,-985.0
2023-08-01,RV,0,765.0,-545.0
2023-08-01,OD,0,410.0,-245.0
2023-08-02,RV,1,0.0,1040.0
2023-08-02,OD,0,755.0,-555.0
2023-08-03,RV,0,1530.0,-1180.0
2023-08-03,FB,1,620.0,-275.0
2023-08-03,OD,1,415.0,335.0
2023-08-04,RV,0,3590.0,-2170.0
2023-08-04,FB,0,2100.0,-2050.0
2023-08-04,B2,0,3575.0,-3515.0
2023-08-06,OD,1,210.0,275.0
2023-08-07,RV,1,360.0,1255.0
2023-08-07,OD,0,640.0,-610.0
2023-08-08,B2,0,1400.0,-985.0
2023-08-08,RV,0,1345.0,-895.0
2023-08-08,OD,1,100.0,920.0
2023-08-09,RV,0,1570.0,-1270.0
2023-08-09,RV,1,395.0,865.0
2023-08-09,OD,1,70.0,1575.0
2023-08-10,RV,0,2920.0,-2690.0
2023-08-10,FB,0,4465.0,-4155.0
2023-08-10,B2,0,2725.0,-1370.0
2023-08-10,RV,0,895.0,-760.0
2023-08-10,OD,0,295.0,-160.0
2023-08-11,RV,1,620.0,1775.0
2023-08-11,B2,1,620.0,480.0
2023-08-13,OD,0,1485.0,-1155.0
2023-08-14,FB,1,485.0,1125.0
2023-08-14,OD,0,200.0,-75.0
2023-08-15,FB,0,2715.0,-2450.0
2023-08-15,B2,0,1740.0,235.0
2023-08-15,RV,0,670.0,710.0
2023-08-15,OD,0,710.0,235.0
2023-08-16,RV,1,955.0,1650.0
2023-08-16,RV,1,1120.0,1355.0
2023-08-16,OD,0,1080.0,-575.0
2023-08-17,RV,1,1350.0,2160.0
2023-08-17,B2,1,1760.0,1750.0
2023-08-17,OD,0,180.0,80.0
2023-08-18,RV,1,545.0,-355.0
2023-08-18,RV,0,1830.0,-1235.0
2023-08-20,OD,0,580.0,-120.0
2023-08-21,RV,1,510.0,-925.0
2023-08-21,FB,0,2400.0,-1990.0
2023-08-21,B2,0,2025.0,-1820.0
2023-08-21,B2,1,40.0,1225.0
2023-08-21,OD,0,500.0,-220.0
2023-08-22,RV,0,2275.0,-2010.0
2023-08-22,OD,1,240.0,1600.0
2023-08-23,FB,1,110.0,4115.0
2023-08-23,RV,1,235.0,1925.0
2023-08-23,B2,1,135.0,1585.0
2023-08-23,B2,1,1055.0,1670.0
2023-08-23,OD,1,260.0,870.0
2023-08-24,B2,1,920.0,2685.0
2023-08-24,OD,1,415.0,2500.0
2023-08-27,OD,0,785.0,-600.0
2023-08-28,OD,0,375.0,-210.0
2023-08-29,FB,1,425.0,4260.0
2023-08-29,B2,1,210.0,1445.0
2023-08-29,OD,0,140.0,90.0
2023-08-30,FB,0,2605.0,-1980.0
2023-08-30,B2,1,400.0,1110.0
2023-08-30,B2,0,1300.0,-5.0
2023-08-30,OD,0,215.0,-170.0
2023-08-31,FB,0,1785.0,-240.0
2023-08-31,B2,0,1785.0,-475.0
2023-08-31,OD,0,390.0,-355.0
2023-09-01,B2,1,10.0,745.0
2023-09-03,OD,0,255.0,-160.0
2023-09-05,FB,0,1090.0,-55.0
2023-09-05,OD,0,515.0,-480.0
2023-09-06,OD,0,580.0,-565.0
2023-09-07,RV,0,1555.0,-1225.0
2023-09-07,OD,1,505.0,485.0
2023-09-08,B2,0,2045.0,-1830.0
2023-09-08,FB,0,1750.0,-665.0
2023-09-10,OD,1,355.0,4210.0
2023-09-11,OD,0,400.0,-225.0
2023-09-12,RV,0,2160.0,-2125.0
2023-09-12,RV,1,1180.0,1385.0
2023-09-12,OD,0,355.0,-340.0
2023-09-13,B2,1,30.0,1675.0
2023-09-13,FB,1,390.0,750.0
2023-09-13,B2,0,1450.0,-180.0
2023-09-13,OD,1,55.0,505.0
2023-09-14,RV,1,40.0,1085.0
2023-09-14,FB,1,25.0,480.0
2023-09-14,B2,1,25.0,830.0
2023-09-14,OD,0,240.0,-230.0
2023-09-15,B2,1,515.0,1240.0
2023-09-15,B2,0,975.0,-505.0
2023-09-17,OD,0,80.0,15.0
2023-09-18,RV,0,1015.0,75.0
2023-09-18,OD,0,345.0,-330.0
2023-09-19,B2,0,1720.0,-1660.0
2023-09-19,RV,0,1560.0,-1500.0
2023-09-19,RV,0,700.0,510.0
2023-09-19,OD,0,490.0,-390.0
2023-09-20,B2,0,1215.0,550.0
2023-09-20,RV,1,230.0,235.0
2023-09-20,RV,1,175.0,2640.0
2023-09-20,OD,0,850.0,-820.0
2023-09-21,RV,1,465.0,1140.0
2023-09-21,OD,1,485.0,1260.0
2023-09-22,RV,1,760.0,815.0
2023-09-22,B2,0,1760.0,-1625.0
2023-09-22,FB,0,1460.0,-1280.0
2023-09-24,OD,0,590.0,100.0
2023-09-25,FB,0,935.0,-215.0
2023-09-25,OD,0,760.0,-735.0
2023-09-26,B2,1,1280.0,1270.0
2023-09-26,OD,1,205.0,650.0
2023-09-27,RV,1,180.0,600.0
2023-09-27,RV,1,540.0,1095.0
2023-09-27,RV,0,1740.0,-680.0
2023-09-27,OD,0,455.0,-355.0
2023-09-28,FB,1,135.0,-815.0
2023-09-28,OD,1,1025.0,1445.0
2023-09-29,B2,0,2575.0,-2385.0
2023-10-01,OD,0,215.0,-70.0
2023-10-02,RV,1,950.0,-665.0
2023-10-02,FB,1,1530.0,-1525.0
2023-10-02,B2,1,995.0,1790.0
2023-10-02,OD,0,880.0,-820.0
2023-10-03,FB,0,2930.0,-2920.0
2023-10-03,B2,1,70.0,-60.0
2023-10-03,OD,0,560.0,-395.0
2023-10-04,RV,0,1875.0,-220.0
2023-10-04,B2,1,1035.0,1180.0
2023-10-04,FB,0,970.0,-495.0
2023-10-04,B2,1,1050.0,1255.0
2023-10-04,OD,0,390.0,-150.0
2023-10-05,OD,0,335.0,-305.0
2023-10-06,RV,0,3145.0,-2805.0
2023-10-06,FB,1,125.0,2300.0
2023-10-06,RV,1,25.0,2905.0
2023-10-06,B2,1,80.0,1130.0
2023-10-08,OD,0,840.0,-635.0
2023-10-09,RV,0,1790.0,-295.0
2023-10-09,FB,0,1915.0,-1200.0
2023-10-09,B2,1,105.0,1250.0
2023-10-09,B2,0,755.0,-245.0
2023-10-09,OD,0,205.0,-130.0
2023-10-10,RV,1,55.0,1525.0
2023-10-10,FB,1,80.0,190.0
2023-10-10,RV,0,2055.0,-1345.0
2023-10-10,B2,0,2305.0,-1595.0
2023-10-10,B2,0,355.0,10.0
2023-10-10,OD,1,315.0,790.0
2023-10-11,RV,1,415.0,-130.0
2023-10-11,B2,1,800.0,2355.0
2023-10-11,OD,0,20.0,470.0
2023-10-12,RV,0,3215.0,-3080.0
2023-10-12,RV,0,805.0,-660.0
2023-10-12,OD,0,395.0,-320.0
2023-10-13,RV,1,925.0,750.0
2023-10-13,B2,1,50.0,1170.0
2023-10-13,RV,0,1040.0,-195.0
2023-10-13,B2,0,1040.0,170.0
2023-10-15,OD,0,175.0,90.0
2023-10-16,FB,1,360.0,1475.0
2023-10-16,B2,1,60.0,1350.0
2023-10-16,RV,1,85.0,995.0
2023-10-16,B2,1,1350.0,425.0
2023-10-16,OD,0,285.0,-260.0
2023-10-17,RV,0,2205.0,-1965.0
2023-10-17,FB,0,1805.0,-1575.0
2023-10-17,B2,0,760.0,610.0
2023-10-17,OD,0,745.0,-740.0
2023-10-18,RV,1,840.0,1935.0
2023-10-18,OD,0,355.0,-340.0
2023-10-19,RV,1,55.0,-835.0
2023-10-19,OD,0,350.0,-295.0
2023-10-20,B2,0,2000.0,-1290.0
2023-10-23,RV,0,2615.0,-2535.0
2023-10-23,OD,0,590.0,-400.0
2023-10-24,FB,0,1750.0,-1505.0
2023-10-24,RV,0,1750.0,-875.0
2023-10-24,B2,0,3185.0,-2850.0
2023-10-24,OD,0,850.0,-845.0
2023-10-25,OD,0,855.0,-825.0
2023-10-26,FB,0,2510.0,-2360.0
2023-10-26,RV,1,95.0,3820.0
2023-10-26,OD,0,865.0,-335.0
2023-10-27,FB,0,2435.0,-2320.0
2023-10-27,B2,0,2790.0,-2180.0
2023-10-29,OD,1,35.0,1325.0
2023-10-30,FB,0,2635.0,-2420.0
2023-10-30,B2,0,2780.0,-2570.0
2023-10-30,OD,0,740.0,-625.0
2023-10-31,RV,1,960.0,1375.0
2023-10-31,FB,0,145.0,55.0
2023-10-31,B2,0,515.0,-385.0
2023-10-31,OD,0,295.0,175.0
2023-11-01,FB,1,205.0,1325.0
2023-11-01,B2,1,2070.0,1615.0
2023-11-01,OD,0,260.0,-110.0
2023-11-02,RV,1,325.0,1270.0
2023-11-02,FB,0,210.0,15.0
2023-11-02,B2,0,1090.0,-710.0
2023-11-02,OD,0,240.0,-35.0
2023-11-03,FB,1,385.0,1920.0
2023-11-03,B2,0,395.0,-115.0
2023-11-05,OD,0,75.0,415.0
2023-11-07,FB,1,500.0,2165.0
2023-11-07,RV,1,575.0,570.0
2023-11-07,B2,1,515.0,430.0
2023-11-07,OD,0,540.0,-430.0
2023-11-08,FB,0,1240.0,-620.0
2023-11-08,RV,0,1105.0,-615.0
2023-11-08,OD,0,40.0,180.0
2023-11-09,RV,0,1540.0,-1125.0
2023-11-09,FB,0,2485.0,-2100.0
2023-11-09,B2,0,2060.0,-1650.0
2023-11-09,OD,1,225.0,7280.0
2023-11-12,OD,0,855.0,-850.0
2023-11-13,OD,0,130.0,655.0
2023-11-14,FB,0,565.0,-530.0
2023-11-14,OD,0,115.0,285.0
2023-11-15,RV,0,1590.0,-320.0
2023-11-15,B2,0,1715.0,-1515.0
2023-11-15,OD,0,865.0,-860.0
2023-11-16,RV,0,1495.0,-1035.0
2023-11-16,B2,1,1030.0,285.0
2023-11-16,B2,1,295.0,830.0
2023-11-16,OD,0,235.0,-155.0
2023-11-17,RV,0,65.0,270.0
2023-11-17,RV,0,1205.0,-555.0
2023-11-19,OD,0,295.0,-235.0
2023-11-20,FB,1,895.0,1780.0
2023-11-20,B2,1,125.0,1060.0
2023-11-20,OD,0,90.0,50.0
2023-11-21,OD,0,225.0,-135.0
2023-11-22,B2,0,1005.0,-345.0
2023-11-22,OD,0,145.0,420.0
2023-11-23,OD,0,160.0,-130.0
2023-11-26,OD,0,305.0,-265.0
2023-11-27,RV,1,615.0,-165.0
2023-11-27,B2,1,45.0,780.0
2023-11-27,FB,0,165.0,-50.0
2023-11-27,OD,0,245.0,-125.0
2023-11-28,RV,0,1200.0,-665.0
2023-11-28,FB,1,385.0,-645.0
2023-11-28,B2,0,1915.0,-1255.0
2023-11-28,RV,0,1960.0,-1300.0
2023-11-28,OD,0,55.0,120.0
2023-11-29,FB,0,1835.0,-1715.0
2023-11-29,B2,0,1745.0,-1095.0
2023-11-29,OD,0,310.0,-205.0
2023-11-30,RV,0,855.0,-120.0
2023-11-30,OD,0,320.0,235.0
2023-12-01,B2,1,510.0,1270.0
2023-12-01,FB,1,700.0,50.0
2023-12-01,B2,0,700.0,260.0
2023-12-04,OD,0,545.0,-525.0
2023-12-05,FB,0,1960.0,-1130.0
2023-12-05,B2,0,1605.0,-690.0
2023-12-05,OD,1,70.0,4590.0
2023-12-06,OD,0,4180.0,-4145.0
2023-12-07,FB,1,1520.0,1500.0
2023-12-07,OD,0,295.0,-185.0
2023-12-08,RV,0,1570.0,140.0
2023-12-08,FB,0,2185.0,-170.0
2023-12-08,RV,0,1915.0,-1580.0
2023-12-08,B2,1,95.0,650.0
2023-12-10,OD,1,1075.0,3185.0
2023-12-11,FB,0,250.0,760.0
2023-12-11,OD,0,5.0,155.0
2023-12-12,B2,1,635.0,1215.0
2023-12-12,OD,0,320.0,-75.0
2023-12-13,RV,1,570.0,860.0
2023-12-13,B2,1,80.0,365.0
2023-12-13,OD,0,110.0,235.0
2023-12-14,B2,0,2350.0,-2120.0
2023-12-14,OD,0,350.0,395.0
2023-12-15,FB,0,1530.0,-1055.0
2023-12-15,B2,1,280.0,625.0
2023-12-17,OD,0,135.0,295.0
2023-12-18,FB,1,955.0,1060.0
2023-12-18,B2,1,955.0,1020.0
2023-12-18,RV,1,190.0,1150.0
2023-12-18,B2,0,1200.0,-1040.0
2023-12-18,OD,0,255.0,-70.0
2023-12-19,RV,0,615.0,315.0
2023-12-19,FB,0,480.0,215.0
2023-12-19,OD,0,65.0,-35.0
2023-12-20,RV,1,90.0,1060.0
2023-12-20,FB,0,325.0,-255.0
2023-12-20,B2,0,4295.0,-4155.0
2023-12-20,OD,1,145.0,1365.0
2023-12-21,OD,0,730.0,-725.0
2023-12-22,FB,0,1150.0,-785.0
2023-12-22,B2,0,1990.0,-1215.0
2023-12-22,B2,1,5.0,560.0
2023-12-27,OD,0,5.0,555.0
2023-12-28,OD,0,1960.0,-1445.0
2024-01-01,OD,0,295.0,-220.0
2024-01-02,RV,1,640.0,2275.0
2024-01-02,OD,0,735.0,-405.0
2024-01-03,B2,1,1090.0,745.0
2024-01-03,OD,0,20.0,180.0
2024-01-04,RV,1,1345.0,670.0
2024-01-04,OD,0,430.0,-415.0
2024-01-05,FB,1,795.0,185.0
2024-01-05,B2,0,1810.0,-1395.0
2024-01-08,FB,1,55.0,3845.0
2024-01-08,RV,1,180.0,1580.0
2024-01-08,B2,1,105.0,1290.0
2024-01-08,B2,1,240.0,1225.0
2024-01-08,OD,0,280.0,-225.0
2024-01-09,FB,1,370.0,2055.0
2024-01-09,RV,1,45.0,1450.0
2024-01-09,OD,0,745.0,-615.0
2024-01-10,FB,1,80.0,1535.0
2024-01-10,B2,0,1145.0,25.0
2024-01-10,RV,0,295.0,-60.0
2024-01-10,OD,1,60.0,1510.0
2024-01-11,OD,0,775.0,-615.0
2024-01-12,FB,0,1765.0,-420.0
2024-01-12,RV,0,1490.0,-890.0
2024-01-16,B2,0,2375.0,-1465.0
2024-01-16,FB,0,2410.0,-2315.0
2024-01-16,B2,0,1540.0,625.0
2024-01-16,OD,0,765.0,-735.0
2024-01-17,RV,0,2060.0,-2000.0
2024-01-17,B2,1,1145.0,1390.0
2024-01-17,OD,1,325.0,725.0
2024-01-18,RV,0,2325.0,-1160.0
2024-01-18,FB,0,2405.0,-1900.0
2024-01-18,B2,1,1460.0,1700.0
2024-01-18,RV,1,110.0,840.0
2024-01-18,OD,0,230.0,140.0
2024-01-19,RV,1,705.0,2210.0
2024-01-19,B2,1,320.0,1450.0
2024-01-19,FB,1,30.0,2490.0
2024-01-19,B2,1,105.0,1705.0
2024-01-22,OD,0,400.0,-295.0
2024-01-23,RV,0,925.0,825.0
2024-01-23,OD,1,185.0,1420.0
2024-01-24,RV,1,635.0,1310.0
2024-01-24,FB,1,1090.0,-685.0
2024-01-24,OD,0,360.0,165.0
2024-01-25,RV,0,1950.0,-1830.0
2024-01-25,OD,0,800.0,-775.0
2024-01-28,OD,1,125.0,1390.0
2024-01-29,RV,0,1075.0,-230.0
2024-01-29,FB,0,60.0,235.0
2024-01-29,B2,1,380.0,2005.0
2024-01-29,OD,0,410.0,-285.0
2024-01-30,B2,1,5.0,1150.0
2024-01-30,B2,1,825.0,1375.0
2024-01-30,OD,0,1655.0,-1635.0
2024-01-31,RV,0,2825.0,-725.0
2024-01-31,OD,0,220.0,-195.0
2024-02-01,B2,1,1055.0,4180.0
2024-02-01,FB,0,985.0,-95.0
2024-02-01,OD,0,130.0,30.0
2024-02-02,FB,1,665.0,2070.0
2024-02-02,B2,1,25.0,1295.0
2024-02-04,OD,0,765.0,-180.0
2024-02-05,B2,1,250.0,-335.0
2024-02-05,RV,0,1865.0,-1365.0
2024-02-05,OD,1,70.0,855.0
2024-02-06,B2,1,735.0,700.0
2024-02-06,RV,0,900.0,-610.0
2024-02-06,OD,1,90.0,345.0
2024-02-07,FB,0,950.0,-785.0
2024-02-07,B2,0,1335.0,40.0
2024-02-07,OD,0,145.0,-115.0
2024-02-08,FB,0,660.0,50.0
2024-02-08,RV,0,1240.0,-525.0
2024-02-08,B2,0,1130.0,-430.0
2024-02-08,OD,1,390.0,360.0
2024-02-09,RV,1,335.0,1125.0
2024-02-09,FB,0,615.0,820.0
2024-02-09,B2,1,655.0,1110.0
2024-02-09,B2,0,755.0,-630.0
2024-02-11,OD,0,240.0,-215.0
2024-02-12,FB,0,1785.0,-1515.0
2024-02-12,RV,0,1750.0,-1175.0
2024-02-12,RV,0,210.0,-0.0
2024-02-12,OD,0,105.0,40.0
2024-02-13,RV,1,270.0,1895.0
2024-02-13,OD,1,310.0,1745.0
2024-02-14,B2,1,1330.0,640.0
2024-02-14,OD,1,520.0,560.0
2024-02-15,RV,1,95.0,270.0
2024-02-15,B2,0,2105.0,-1670.0
2024-02-15,B2,1,755.0,945.0
2024-02-15,OD,1,705.0,1250.0
2024-02-16,B2,1,225.0,-630.0
2024-02-16,RV,1,635.0,1540.0
2024-02-16,B2,1,105.0,2135.0
2024-02-19,OD,0,1275.0,-1190.0
2024-02-20,B2,1,340.0,1685.0
2024-02-20,RV,1,475.0,2405.0
2024-02-20,OD,0,755.0,-640.0
2024-02-21,B2,0,2175.0,-1520.0
2024-02-21,OD,1,160.0,1680.0
2024-02-22,FB,1,815.0,2445.0
2024-02-22,B2,1,1240.0,1590.0
2024-02-22,B2,0,740.0,-485.0
2024-02-22,OD,0,350.0,-55.0
2024-02-23,FB,0,860.0,-545.0
2024-02-23,B2,0,2415.0,-1015.0
2024-02-23,RV,0,805.0,-465.0
2024-02-23,B2,0,1655.0,-1335.0
2024-02-25,OD,0,765.0,-615.0
2024-02-26,RV,0,1205.0,-40.0
2024-02-26,RV,0,880.0,-210.0
2024-02-26,FB,0,1010.0,-435.0
2024-02-26,OD,0,550.0,-355.0
2024-02-27,RV,0,1265.0,-550.0
2024-02-27,RV,0,245.0,80.0
2024-02-27,OD,0,330.0,-260.0
2024-02-28,RV,1,335.0,120.0
2024-02-28,OD,0,5.0,405.0
2024-02-29,B2,0,3115.0,-1390.0
2024-02-29,FB,0,3320.0,-510.0
2024-02-29,B2,1,770.0,610.0
2024-02-29,OD,1,180.0,1555.0
2024-03-01,FB,1,220.0,4485.0
2024-03-01,B2,1,65.0,1880.0
2024-03-03,OD,0,5.0,195.0
2024-03-04,RV,0,1105.0,340.0
2024-03-04,B2,0,1075.0,-950.0
2024-03-04,OD,0,880.0,-715.0
2024-03-05,B2,1,220.0,890.0
2024-03-05,OD,1,225.0,1605.0
2024-03-06,FB,0,2360.0,-700.0
2024-03-06,OD,0,1630.0,-1450.0
2024-03-07,FB,0,1425.0,80.0
2024-03-07,B2,1,75.0,1780.0
2024-03-07,B2,0,3040.0,-1350.0
2024-03-07,OD,1,175.0,1150.0
2024-03-08,FB,0,5465.0,-4315.0
2024-03-08,B2,0,4580.0,-3080.0
2024-03-11,OD,1,150.0,720.0
2024-03-12,RV,1,370.0,2525.0
2024-03-12,FB,0,2195.0,-385.0
2024-03-12,OD,0,830.0,-685.0
2024-03-13,RV,0,1390.0,-930.0
2024-03-13,OD,1,255.0,650.0
2024-03-14,RV,1,140.0,1995.0
2024-03-14,RV,1,1145.0,1905.0
2024-03-14,B2,1,220.0,1975.0
2024-03-14,OD,0,260.0,-175.0
2024-03-15,B2,1,2040.0,40.0
2024-03-15,RV,1,755.0,1525.0
2024-03-15,B2,0,750.0,25.0
2024-03-17,OD,1,180.0,1605.0
2024-03-18,RV,1,810.0,-1365.0
2024-03-18,FB,1,895.0,-1625.0
2024-03-18,B2,0,2055.0,-1735.0
2024-03-18,OD,0,840.0,-270.0
2024-03-19,RV,0,3055.0,-2555.0
2024-03-19,OD,0,795.0,-665.0
2024-03-20,RV,1,25.0,1860.0
2024-03-20,RV,1,515.0,2310.0
2024-03-20,OD,1,335.0,1490.0
2024-03-21,OD,0,465.0,-435.0
2024-03-22,RV,0,1600.0,-1390.0
2024-03-22,RV,0,1510.0,-1185.0
2024-03-22,B2,0,1245.0,-990.0
2024-03-24,OD,0,135.0,-60.0
2024-03-25,RV,0,1260.0,-860.0
2024-03-25,FB,0,215.0,570.0
2024-03-25,OD,0,60.0,40.0
2024-03-26,OD,0,35.0,-15.0
2024-03-27,RV,0,795.0,375.0
2024-03-27,B2,0,2155.0,-1955.0
2024-03-27,OD,0,240.0,55.0
2024-03-31,OD,0,240.0,-200.0
2024-04-01,RV,0,2300.0,-2130.0
2024-04-01,FB,0,1925.0,-1445.0
2024-04-01,OD,0,500.0,-475.0
2024-04-02,RV,0,910.0,-195.0
2024-04-02,OD,0,620.0,-460.0
2024-04-03,FB,1,140.0,545.0
2024-04-03,B2,0,2245.0,-460.0
2024-04-03,OD,1,20.0,745.0
2024-04-04,FB,0,1530.0,-1470.0
2024-04-04,OD,1,760.0,1230.0
2024-04-05,B2,1,1150.0,1340.0
2024-04-05,FB,1,85.0,195.0
2024-04-05,RV,1,1530.0,-335.0
2024-04-05,B2,0,2605.0,-1685.0
2024-04-07,OD,0,1020.0,-825.0
2024-04-08,OD,0,535.0,-175.0
2024-04-09,RV,0,1090.0,-120.0
2024-04-09,OD,0,150.0,-30.0
2024-04-10,RV,1,245.0,-70.0
2024-04-10,OD,1,140.0,180.0
2024-04-11,FB,1,605.0,2515.0
2024-04-11,OD,0,475.0,-340.0
2024-04-12,OD,1,515.0,595.0
2024-04-15,RV,1,390.0,1960.0
2024-04-15,RV,1,55.0,1570.0
2024-04-15,OD,0,1365.0,-1155.0
2024-04-16,RV,1,675.0,15.0
2024-04-16,OD,0,335.0,-235.0
2024-04-17,B2,1,200.0,-300.0
2024-04-17,B2,1,2050.0,575.0
2024-04-17,OD,1,165.0,1670.0
2024-04-18,RV,0,2410.0,-2030.0
2024-04-18,B2,0,2935.0,-2070.0
2024-04-18,B2,0,1205.0,-805.0
2024-04-18,OD,0,1370.0,-1200.0
2024-04-21,OD,0,1020.0,-670.0
2024-04-22,RV,0,3585.0,-3235.0
2024-04-22,OD,1,615.0,1525.0
2024-04-23,RV,1,515.0,1830.0
2024-04-23,FB,1,515.0,2665.0
2024-04-23,B2,1,865.0,950.0
2024-04-23,OD,1,60.0,650.0
2024-04-24,RV,0,2520.0,-2350.0
2024-04-24,B2,0,2070.0,-1205.0
2024-04-24,B2,0,4305.0,-3960.0
2024-04-24,OD,0,1030.0,-1005.0
2024-04-25,RV,1,370.0,-2795.0
2024-04-25,OD,0,620.0,-125.0
2024-04-26,FB,0,1145.0,-210.0
2024-04-28,OD,1,20.0,860.0
2024-04-29,OD,0,650.0,-595.0
2024-04-30,B2,1,650.0,620.0
2024-04-30,OD,0,410.0,-120.0
2024-05-01,RV,1,285.0,475.0
2024-05-01,RV,1,285.0,-5645.0
2024-05-01,B2,1,1575.0,-5800.0
2024-05-01,OD,1,105.0,1385.0
2024-05-02,B2,1,615.0,2420.0
2024-05-02,B2,1,60.0,1850.0
2024-05-02,OD,0,355.0,-220.0
2024-05-03,B2,1,955.0,1645.0
2024-05-03,FB,0,695.0,25.0
2024-05-05,OD,0,685.0,-575.0
2024-05-06,B2,0,850.0,720.0
2024-05-06,FB,0,705.0,680.0
2024-05-06,RV,0,330.0,675.0
2024-05-06,OD,0,345.0,-280.0
2024-05-07,FB,0,1335.0,-805.0
2024-05-07,B2,0,1790.0,-1540.0
2024-05-07,OD,0,415.0,-340.0
2024-05-08,RV,0,1130.0,-960.0
2024-05-08,FB,1,25.0,160.0
2024-05-08,OD,0,300.0,-285.0
2024-05-09,RV,0,695.0,195.0
2024-05-09,FB,0,980.0,-360.0
2024-05-09,B2,0,590.0,105.0
2024-05-09,OD,1,420.0,1295.0
2024-05-10,FB,0,2105.0,-1655.0
2024-05-10,B2,0,1165.0,-55.0
2024-05-10,RV,0,465.0,190.0
2024-05-12,OD,0,260.0,670.0
2024-05-13,OD,0,410.0,-330.0
2024-05-14,RV,0,1300.0,-550.0
2024-05-14,B2,1,1205.0,1520.0
2024-05-14,RV,1,825.0,1605.0
2024-05-14,FB,0,1195.0,-355.0
2024-05-14,OD,0,430.0,-210.0
2024-05-15,FB,1,30.0,2280.0
2024-05-15,B2,1,135.0,1285.0
2024-05-15,B2,0,240.0,305.0
2024-05-15,OD,0,170.0,-10.0
2024-05-16,FB,0,1420.0,-1055.0
2024-05-16,B2,0,1225.0,-690.0
2024-05-16,RV,0,980.0,-345.0
2024-05-16,OD,0,110.0,100.0
2024-05-17,RV,1,140.0,1400.0
2024-05-19,OD,0,70.0,75.0
2024-05-20,RV,1,245.0,940.0
2024-05-20,FB,1,260.0,-5.0
2024-05-20,OD,0,205.0,-105.0
2024-05-21,FB,0,470.0,295.0
2024-05-21,OD,0,245.0,-135.0
2024-05-22,FB,0,1310.0,-1185.0
2024-05-22,B2,1,725.0,1690.0
2024-05-22,OD,1,85.0,1910.0
2024-05-23,RV,1,465.0,295.0
2024-05-23,RV,1,1120.0,3220.0
2024-05-23,OD,0,255.0,-215.0
2024-05-24,RV,1,290.0,1460.0
2024-05-24,FB,1,290.0,2010.0
2024-05-24,B2,1,60.0,515.0
2024-05-24,B2,0,1735.0,-1025.0
2024-05-26,OD,0,490.0,300.0
2024-05-27,OD,0,660.0,-70.0
2024-05-28,RV,1,1005.0,535.0
2024-05-28,OD,0,760.0,-640.0
2024-05-29,RV,0,1515.0,-1280.0
2024-05-29,OD,0,915.0,-795.0
2024-05-30,RV,0,915.0,520.0
2024-05-30,OD,0,1020.0,-905.0
2024-05-31,B2,1,270.0,2030.0
2024-05-31,B2,0,5120.0,-5080.0
2024-06-02,OD,1,15.0,1875.0
2024-06-03,B2,1,45.0,3260.0
2024-06-03,OD,0,510.0,-460.0
2024-06-04,OD,0,335.0,40.0
2024-06-05,FB,1,775.0,3650.0
2024-06-05,RV,1,365.0,1420.0
2024-06-05,OD,0,625.0,-305.0
2024-06-06,OD,0,225.0,-35.0
2024-06-07,RV,0,1805.0,-70.0
2024-06-07,RV,0,480.0,665.0
2024-06-09,OD,0,565.0,-460.0
2024-06-10,RV,0,2080.0,-1920.0
2024-06-10,B2,1,860.0,255.0
2024-06-10,OD,0,165.0,80.0
2024-06-11,RV,0,1510.0,-1025.0
2024-06-11,B2,1,195.0,970.0
2024-06-11,OD,0,560.0,-390.0
2024-06-12,FB,0,1215.0,-600.0
2024-06-12,B2,1,1630.0,-755.0
2024-06-12,OD,1,120.0,815.0
2024-06-13,OD,0,40.0,340.0
2024-06-14,RV,1,720.0,1395.0
2024-06-14,FB,1,1190.0,625.0
2024-06-16,OD,1,605.0,4920.0
2024-06-17,FB,1,280.0,4635.0
2024-06-17,OD,0,540.0,-435.0
2024-06-18,B2,0,655.0,250.0
2024-06-18,OD,0,330.0,180.0
2024-06-19,OD,1,15.0,1485.0
2024-06-20,RV,1,785.0,2205.0
2024-06-20,RV,1,930.0,635.0
2024-06-20,OD,0,835.0,-720.0
2024-06-21,FB,0,1405.0,-1140.0
2024-06-23,OD,0,1980.0,-1760.0
2024-06-24,OD,0,410.0,470.0
2024-06-25,RV,0,1400.0,-1105.0
2024-06-25,FB,1,610.0,875.0
2024-06-25,RV,0,1970.0,-1045.0
2024-06-25,OD,1,185.0,1395.0
2024-06-26,FB,0,1660.0,-750.0
2024-06-26,OD,1,780.0,1330.0
2024-06-27,RV,0,1670.0,-450.0
2024-06-27,B2,1,430.0,-1410.0
2024-06-27,FB,1,430.0,-990.0
2024-06-27,OD,1,100.0,420.0
2024-06-28,FB,0,3395.0,-2505.0
2024-06-28,B2,0,2700.0,-1680.0
2024-06-28,B2,0,2600.0,-1455.0
2024-06-30,OD,1,165.0,980.0
2024-07-01,RV,1,720.0,-1980.0
2024-07-01,OD,0,970.0,-920.0
2024-07-02,FB,1,285.0,4480.0
2024-07-02,B2,1,1085.0,450.0
2024-07-02,B2,1,55.0,745.0
2024-07-02,OD,0,265.0,175.0
2024-07-03,FB,1,790.0,2720.0
2024-07-03,B2,1,410.0,1975.0
2024-07-03,RV,1,195.0,800.0
2024-07-03,B2,0,840.0,-70.0
2024-07-03,OD,0,150.0,30.0
2024-07-04,OD,1,15.0,1265.0
2024-07-05,RV,1,1160.0,1470.0
2024-07-05,FB,1,720.0,1635.0
2024-07-05,B2,1,440.0,1445.0
2024-07-05,B2,0,635.0,-45.0
2024-07-07,OD,0,525.0,555.0
2024-07-08,RV,0,930.0,-35.0
2024-07-08,FB,0,980.0,-570.0
2024-07-08,OD,0,120.0,-80.0
2024-07-09,FB,0,1380.0,-805.0
2024-07-09,OD,0,65.0,-5.0
2024-07-10,RV,0,1225.0,-205.0
2024-07-10,B2,1,110.0,1950.0
2024-07-10,FB,1,25.0,1930.0
2024-07-10,OD,0,635.0,-530.0
2024-07-11,OD,0,1395.0,-1215.0
2024-07-12,RV,1,415.0,1875.0
2024-07-12,FB,1,935.0,3085.0
2024-07-12,B2,1,35.0,-2870.0
2024-07-14,OD,1,25.0,1565.0
2024-07-15,FB,1,55.0,-960.0
2024-07-15,RV,0,840.0,-785.0
2024-07-15,OD,0,500.0,-365.0
2024-07-16,RV,0,3895.0,-2790.0
2024-07-16,B2,0,2075.0,640.0
2024-07-16,OD,0,760.0,-615.0
2024-07-17,OD,0,600.0,-445.0
2024-07-18,RV,1,300.0,2885.0
2024-07-18,B2,0,3180.0,-2635.0
2024-07-18,RV,1,1070.0,2000.0
2024-07-18,OD,0,5175.0,-2645.0
2024-07-22,RV,0,3920.0,-3205.0
2024-07-22,B2,0,3920.0,-3205.0
2024-07-22,FB,0,1895.0,-1225.0
2024-07-22,B2,1,640.0,2490.0
2024-07-22,OD,0,1600.0,-1235.0
2024-07-23,FB,1,1850.0,-1585.0
2024-07-23,OD,0,1160.0,-1145.0
2024-07-24,B2,1,295.0,1435.0
2024-07-24,OD,0,1215.0,-1040.0
2024-07-25,RV,0,3650.0,-2525.0
2024-07-25,FB,1,315.0,-650.0
2024-07-25,OD,1,15.0,1965.0
2024-07-26,FB,0,2825.0,-2060.0
2024-07-28,OD,1,175.0,1550.0
2024-07-29,OD,0,1495.0,-1100.0
2024-07-30,OD,1,230.0,2285.0
2024-07-31,FB,1,660.0,-305.0
2024-07-31,OD,1,150.0,-845.0
2024-08-01,OD,1,160.0,-2780.0
2024-08-04,OD,0,5225.0,-4015.0
2024-08-05,FB,1,3080.0,7080.0
2024-08-05,OD,1,295.0,3245.0
2024-08-06,FB,1,1645.0,4020.0
2024-08-06,OD,1,920.0,3020.0
2024-08-07,FB,0,3345.0,-2835.0
2024-08-07,OD,1,2590.0,3015.0
2024-08-08,FB,1,1335.0,2970.0
2024-08-08,OD,0,1620.0,-1520.0
2024-08-09,FB,1,2180.0,930.0
2024-08-11,OD,1,475.0,980.0
2024-08-12,FB,0,3180.0,-2110.0
2024-08-12,OD,1,340.0,1885.0
2024-08-13,FB,1,955.0,2955.0
2024-08-13,OD,0,625.0,-365.0
2024-08-14,RV,1,265.0,1070.0
2024-08-14,B2,1,1040.0,1035.0
2024-08-14,OD,1,665.0,820.0
2024-08-15,B2,1,345.0,2175.0
2024-08-15,FB,1,345.0,2790.0
2024-08-15,B2,0,845.0,635.0
2024-08-15,OD,1,925.0,505.0
2024-08-16,FB,1,1770.0,595.0
2024-08-18,OD,0,1340.0,-1060.0
2024-08-19,FB,1,1105.0,1050.0
2024-08-19,OD,0,425.0,85.0
2024-08-20,FB,0,1730.0,-1450.0
2024-08-20,OD,1,270.0,275.0
2024-08-21,FB,1,1135.0,-1290.0
2024-08-21,B2,1,2300.0,710.0
2024-08-21,OD,0,785.0,-765.0
2024-08-22,RV,1,1605.0,2890.0
2024-08-22,RV,0,515.0,460.0
2024-08-22,OD,1,125.0,1500.0
2024-08-23,FB,1,370.0,-2860.0
2024-08-23,RV,1,370.0,-700.0
2024-08-23,B2,1,1150.0,-705.0
2024-08-26,OD,1,355.0,685.0
2024-08-27,RV,0,2660.0,-2575.0
2024-08-27,B2,1,1065.0,115.0
2024-08-27,OD,1,620.0,1580.0
2024-08-28,RV,1,1395.0,1540.0
2024-08-28,OD,1,215.0,2100.0
2024-08-29,FB,1,1415.0,-275.0
2024-08-29,OD,1,840.0,1720.0
2024-08-30,B2,0,2900.0,-1950.0
2024-09-03,B2,1,930.0,1740.0
2024-09-03,OD,0,2640.0,-2480.0
2024-09-04,RV,1,90.0,-1300.0
2024-09-04,FB,1,305.0,65.0
2024-09-04,OD,1,1110.0,-350.0
2024-09-05,FB,1,1165.0,-4000.0
2024-09-05,B2,1,2710.0,-1250.0
2024-09-05,OD,0,1070.0,-930.0
2024-09-06,B2,1,2575.0,2865.0
2024-09-08,OD,1,0.0,2065.0
2024-09-09,FB,0,3070.0,-2960.0
2024-09-09,B2,1,1435.0,2145.0
2024-09-09,OD,0,1610.0,-1390.0
2024-09-10,OD,0,940.0,-760.0
2024-09-11,B2,0,4640.0,-4055.0
2024-09-11,B2,1,445.0,3690.0
2024-09-11,FB,1,1205.0,2355.0
2024-09-11,B2,1,335.0,4115.0
2024-09-11,OD,1,210.0,5835.0
2024-09-12,OD,0,600.0,-260.0
2024-09-15,OD,0,710.0,-565.0
2024-09-16,OD,1,905.0,1615.0
2024-09-17,OD,0,285.0,-145.0
2024-09-18,OD,1,310.0,2150.0
2024-09-19,FB,0,1730.0,-820.0
2024-09-19,B2,0,2820.0,-2590.0
2024-09-19,OD,0,670.0,-460.0
2024-09-20,RV,0,1690.0,-1265.0
2024-09-22,OD,1,110.0,2040.0
2024-09-23,FB,0,1610.0,-1155.0
2024-09-23,OD,0,230.0,0.0
2024-09-24,RV,0,2805.0,-2450.0
2024-09-24,OD,0,810.0,-715.0
2024-09-25,RV,1,870.0,1100.0
2024-09-25,FB,0,1930.0,-1120.0
2024-09-25,B2,0,1480.0,560.0
2024-09-25,OD,1,15.0,1760.0
2024-09-26,RV,1,5.0,1205.0
2024-09-26,OD,0,1350.0,-1295.0
2024-09-27,OD,1,700.0,320.0
2024-09-30,FB,0,2470.0,-1320.0
2024-09-30,OD,1,230.0,650.0
2024-10-01,B2,1,1175.0,-2715.0
2024-10-01,OD,1,685.0,155.0
2024-10-02,RV,1,345.0,-775.0
2024-10-02,OD,0,1180.0,-845.0
2024-10-03,OD,1,630.0,655.0
2024-10-06,OD,0,1110.0,-825.0
2024-10-07,FB,0,990.0,10.0
2024-10-07,OD,1,950.0,1455.0
2024-10-08,FB,1,210.0,1985.0
2024-10-08,RV,1,15.0,1300.0
2024-10-08,B2,1,55.0,1625.0
2024-10-08,OD,0,715.0,-430.0
2024-10-09,RV,1,260.0,1650.0
2024-10-09,FB,1,260.0,1785.0
2024-10-09,B2,1,580.0,2045.0
2024-10-09,RV,0,1810.0,-840.0
2024-10-09,B2,0,1020.0,-445.0
2024-10-09,OD,0,410.0,-265.0
2024-10-10,RV,1,765.0,1310.0
2024-10-10,B2,0,1475.0,-145.0
2024-10-10,OD,0,530.0,-475.0
2024-10-11,RV,0,2430.0,-2220.0
2024-10-11,FB,0,1315.0,-270.0
2024-10-13,OD,0,725.0,-615.0
2024-10-14,FB,1,80.0,610.0
2024-10-14,RV,0,1575.0,-690.0
2024-10-14,B2,1,410.0,1470.0
2024-10-14,OD,0,710.0,-450.0
2024-10-15,RV,1,970.0,2255.0
2024-10-15,OD,0,340.0,-120.0
2024-10-16,RV,0,1865.0,-1520.0
2024-10-16,OD,1,890.0,2775.0
2024-10-17,OD,0,1665.0,-1195.0
2024-10-18,FB,0,1215.0,-1060.0
2024-10-20,OD,0,785.0,-665.0
2024-10-21,FB,1,325.0,-885.0
2024-10-21,OD,0,880.0,-805.0
2024-10-22,FB,1,1330.0,2170.0
2024-10-22,OD,0,155.0,-55.0
2024-10-23,OD,1,275.0,1670.0
2024-10-24,OD,0,125.0,95.0
2024-10-25,FB,1,40.0,-1990.0
2024-10-27,OD,0,455.0,-30.0
2024-10-28,OD,0,950.0,-840.0
2024-10-29,FB,1,1210.0,1650.0
2024-10-29,B2,1,410.0,1435.0
2024-10-29,OD,0,110.0,-5.0
2024-10-30,B2,0,2595.0,-2080.0
2024-10-30,OD,0,795.0,-640.0
2024-10-31,B2,1,435.0,1885.0
2024-10-31,B2,1,555.0,1000.0
2024-10-31,OD,1,1190.0,235.0
2024-11-01,FB,0,2420.0,-1895.0
2024-11-01,B2,1,425.0,-1300.0
2024-11-04,FB,0,2015.0,-1770.0
2024-11-04,B2,0,2850.0,-1475.0
2024-11-04,OD,1,845.0,1505.0
2024-11-05,RV,0,1780.0,-1055.0
2024-11-05,B2,0,1630.0,145.0
2024-11-05,OD,1,75.0,3945.0
2024-11-06,RV,0,2990.0,-350.0
2024-11-06,FB,1,2070.0,1400.0
2024-11-06,B2,1,55.0,2725.0
2024-11-06,OD,1,840.0,1330.0
2024-11-07,FB,1,420.0,2165.0
2024-11-07,OD,0,350.0,-60.0
2024-11-08,FB,1,370.0,575.0
2024-11-10,OD,0,770.0,-80.0
2024-11-11,OD,0,480.0,-175.0
2024-11-12,OD,0,495.0,-425.0
2024-11-13,B2,1,1065.0,1490.0
2024-11-13,B2,0,2705.0,-1555.0
2024-11-13,OD,0,760.0,-660.0
2024-11-14,B2,0,2495.0,-1895.0
2024-11-14,OD,0,1865.0,-1650.0
2024-11-15,B2,1,355.0,1895.0
2024-11-17,OD,1,15.0,485.0
2024-11-18,RV,0,2240.0,-2230.0
2024-11-18,OD,0,880.0,190.0
2024-11-19,FB,1,250.0,2510.0
2024-11-19,OD,0,695.0,-445.0
2024-11-20,B2,1,95.0,-1600.0
2024-11-20,B2,1,110.0,-2720.0
2024-11-20,RV,1,380.0,2440.0
2024-11-20,OD,0,2130.0,-1450.0
2024-11-21,OD,1,395.0,135.0
2024-11-22,B2,0,1025.0,540.0
2024-11-24,OD,0,415.0,55.0
2024-11-25,OD,1,730.0,2065.0
2024-11-26,FB,0,1940.0,-1560.0
2024-11-26,OD,0,210.0,-85.0
2024-11-27,OD,0,230.0,185.0
2024-11-28,OD,0,855.0,-655.0
2024-11-29,FB,1,75.0,1895.0
2024-11-29,RV,0,670.0,445.0
2024-11-29,B2,1,585.0,515.0
2024-12-01,OD,0,640.0,-455.0
2024-12-02,FB,1,475.0,1815.0
2024-12-02,B2,1,15.0,1740.0
2024-12-02,B2,0,1415.0,-360.0
2024-12-02,OD,0,195.0,70.0
2024-12-03,OD,0,170.0,345.0
2024-12-04,FB,0,860.0,85.0
2024-12-04,RV,0,85.0,485.0
2024-12-04,B2,1,85.0,425.0
2024-12-04,OD,0,285.0,-105.0
2024-12-05,RV,0,910.0,-675.0
2024-12-05,FB,0,1540.0,-1155.0
2024-12-05,B2,0,1585.0,-1160.0
2024-12-05,OD,0,155.0,215.0
2024-12-06,FB,1,790.0,600.0
2024-12-06,B2,0,285.0,145.0
2024-12-08,OD,1,575.0,135.0
2024-12-09,OD,0,260.0,-180.0
2024-12-10,FB,1,580.0,-1305.0
2024-12-10,RV,0,2600.0,-1910.0
2024-12-10,OD,0,250.0,-65.0
2024-12-11,FB,1,140.0,4240.0
2024-12-11,B2,1,1025.0,1140.0
2024-12-11,B2,0,1095.0,-1045.0
2024-12-11,OD,0,170.0,-50.0
2024-12-12,OD,0,955.0,-770.0
2024-12-13,RV,1,130.0,-100.0
2024-12-13,B2,0,3890.0,-3860.0
2024-12-13,FB,0,1265.0,-1010.0
2024-12-13,RV,1,460.0,-1005.0
2024-12-15,OD,1,420.0,5730.0
2024-12-16,FB,1,420.0,3565.0
2024-12-16,OD,0,160.0,70.0
2024-12-17,B2,0,1730.0,-870.0
2024-12-17,OD,1,140.0,695.0
2024-12-18,RV,1,1265.0,4480.0
2024-12-18,OD,1,210.0,1450.0
2024-12-19,RV,1,100.0,1990.0
2024-12-19,OD,0,2170.0,-1850.0
2024-12-20,RV,1,120.0,3400.0
2024-12-20,FB,1,230.0,5585.0
2024-12-22,OD,1,560.0,2115.0
2024-12-23,RV,1,225.0,-2260.0
2024-12-23,OD,1,55.0,1460.0
2024-12-24,FB,1,395.0,1765.0
2024-12-25,OD,1,115.0,635.0
2024-12-26,RV,1,265.0,860.0
2024-12-26,RV,0,1480.0,-850.0
2024-12-26,OD,0,1090.0,-895.0
2024-12-27,B2,1,30.0,-2290.0
2024-12-27,RV,1,145.0,-860.0
2024-12-29,OD,0,915.0,-860.0
2024-12-30,RV,1,805.0,-3280.0
2024-12-30,FB,0,1010.0,-100.0
2024-12-30,OD,1,600.0,-270.0
2024-12-31,RV,1,485.0,320.0
2025-01-01,OD,1,395.0,2320.0
2025-01-02,OD,1,215.0,405.0
2025-01-03,FB,1,3040.0,2210.0
2025-01-03,B2,1,780.0,1310.0
2025-01-05,OD,1,485.0,1445.0
2025-01-06,FB,1,990.0,-2870.0
2025-01-06,OD,0,1010.0,-595.0
2025-01-07,RV,1,165.0,1080.0
2025-01-07,OD,0,740.0,-680.0
2025-01-08,B2,0,1790.0,-1435.0
2025-01-08,OD,0,760.0,-395.0
2025-01-09,OD,1,10.0,1965.0
2025-01-10,RV,1,485.0,4725.0
2025-01-10,RV,1,1070.0,3405.0
2025-01-12,OD,0,2270.0,-1960.0
2025-01-13,RV,1,1075.0,-2350.0
2025-01-13,OD,1,870.0,1645.0
2025-01-14,RV,0,3955.0,-3485.0
2025-01-14,B2,1,2990.0,-2435.0
2025-01-14,OD,0,755.0,-415.0
2025-01-15,FB,0,3200.0,-250.0
2025-01-15,B2,1,145.0,1390.0
2025-01-15,OD,0,825.0,-805.0
2025-01-16,RV,0,1150.0,-100.0
2025-01-16,OD,1,15.0,630.0
2025-01-17,FB,1,465.0,440.0
2025-01-19,OD,1,260.0,1455.0
2025-01-20,FB,0,2405.0,-1145.0
2025-01-20,OD,0,5400.0,-5080.0
2025-01-21,FB,0,420.0,60.0
2025-01-21,OD,1,0.0,605.0
2025-01-22,RV,1,555.0,1295.0
2025-01-22,FB,1,215.0,830.0
2025-01-22,OD,0,855.0,-520.0
2025-01-23,RV,1,655.0,740.0
2025-01-23,FB,0,785.0,220.0
2025-01-23,OD,0,305.0,-45.0
2025-01-24,FB,0,1680.0,-1555.0
2025-01-26,OD,0,2670.0,-2450.0
2025-01-27,RV,1,1125.0,2280.0
2025-01-27,OD,1,1830.0,1295.0
2025-01-28,FB,1,1590.0,1190.0
2025-01-28,OD,1,115.0,2090.0
2025-01-29,OD,1,50.0,1600.0
2025-01-30,RV,0,2850.0,-2820.0
2025-01-30,OD,1,410.0,2030.0
2025-01-31,RV,1,50.0,1550.0
2025-01-31,FB,1,605.0,-2415.0
2025-01-31,B2,1,510.0,100.0
2025-01-31,B2,0,3745.0,-3130.0
2025-01-31,B2,0,2445.0,-2045.0
2025-02-02,OD,0,2745.0,-2555.0
2025-02-03,RV,1,3890.0,1110.0
2025-02-03,B2,1,1570.0,2670.0
2025-02-03,FB,1,305.0,990.0
2025-02-03,OD,0,1640.0,-1510.0
2025-02-04,FB,1,0.0,1575.0
2025-02-04,B2,0,2320.0,-1465.0
2025-02-04,OD,0,510.0,-395.0
2025-02-05,FB,1,1225.0,1765.0
2025-02-05,B2,1,1235.0,630.0
2025-02-05,OD,0,560.0,30.0
2025-02-06,FB,0,1565.0,-945.0
2025-02-06,OD,0,130.0,65.0
2025-02-10,FB,0,575.0,395.0
2025-02-10,OD,0,585.0,-380.0
2025-02-11,RV,0,2090.0,-1525.0
2025-02-11,FB,1,510.0,545.0
2025-02-11,B2,0,2685.0,-1420.0
2025-02-11,OD,0,445.0,-410.0
2025-02-12,RV,0,3205.0,-2300.0
2025-02-12,RV,1,490.0,870.0
2025-02-12,OD,1,60.0,305.0
2025-02-13,RV,1,855.0,2365.0
2025-02-13,FB,1,25.0,1565.0
2025-02-13,OD,1,125.0,290.0
2025-02-14,FB,1,1045.0,805.0
2025-02-16,OD,1,345.0,460.0
2025-02-17,OD,0,225.0,580.0
2025-02-18,RV,1,570.0,810.0
2025-02-18,RV,0,800.0,-520.0
2025-02-18,OD,0,370.0,-250.0
2025-02-19,RV,0,1750.0,-1105.0
2025-02-19,OD,0,630.0,-465.0
2025-02-20,RV,1,610.0,955.0
2025-02-20,OD,1,1200.0,1105.0
2025-02-21,B2,1,190.0,340.0
2025-02-23,OD,0,690.0,-245.0
2025-02-24,B2,1,2085.0,2555.0
2025-02-24,OD,0,585.0,-160.0
2025-02-25,RV,1,160.0,-1105.0
2025-02-25,B2,0,2590.0,-745.0
2025-02-25,OD,1,440.0,2095.0
2025-02-26,FB,1,10.0,-2390.0
2025-02-26,B2,1,530.0,2385.0
2025-02-26,OD,1,1340.0,2120.0
2025-02-27,RV,1,1575.0,5065.0
2025-02-27,OD,0,2715.0,-2385.0
2025-03-02,OD,1,740.0,2200.0
2025-03-03,RV,1,150.0,-5395.0
2025-03-03,RV,1,1440.0,5985.0
2025-03-03,OD,1,1205.0,-570.0
2025-03-04,FB,1,55.0,950.0
2025-03-04,OD,1,2225.0,-205.0
2025-03-05,RV,1,1210.0,2780.0
2025-03-05,FB,0,2515.0,850.0
2025-03-05,OD,0,1965.0,-1890.0
2025-03-06,RV,1,1375.0,5185.0
2025-03-06,OD,0,1775.0,-1425.0
2025-03-07,B2,1,1315.0,350.0
2025-03-09,OD,1,840.0,1250.0
2025-03-10,RV,1,170.0,3995.0
2025-03-10,OD,0,2945.0,-2015.0
2025-03-11,RV,1,305.0,2920.0
2025-03-11,OD,0,1060.0,-760.0
2025-03-12,OD,0,1180.0,-1080.0
2025-03-13,RV,1,965.0,4520.0
2025-03-13,OD,1,545.0,870.0
2025-03-14,RV,0,2895.0,-665.0
2025-03-14,FB,0,3205.0,-1965.0
2025-03-14,B2,1,990.0,3745.0
2025-03-16,OD,1,275.0,4635.0
2025-03-17,OD,0,1255.0,-1185.0
2025-03-18,OD,1,250.0,610.0
2025-03-19,FB,0,3120.0,-1320.0
2025-03-19,OD,1,50.0,805.0
2025-03-20,OD,1,130.0,495.0
2025-03-23,OD,1,130.0,1620.0
2025-03-24,FB,1,170.0,10.0
2025-03-24,OD,0,420.0,-270.0
2025-03-25,RV,0,1210.0,-420.0
2025-03-25,OD,0,345.0,-295.0
2025-03-26,RV,1,480.0,670.0
2025-03-26,OD,1,10.0,2010.0
2025-03-27,RV,0,2460.0,-1770.0
2025-03-27,B2,0,3215.0,-2530.0
2025-03-27,OD,0,930.0,-890.0
2025-03-28,RV,1,55.0,1885.0
2025-03-30,OD,0,2405.0,-2255.0
2025-03-31,RV,0,3490.0,-2645.0
2025-03-31,FB,1,880.0,550.0
2025-03-31,OD,1,1915.0,1215.0
2025-04-01,RV,1,245.0,3020.0
2025-04-01,FB,1,435.0,-825.0
2025-04-01,B2,1,300.0,-3435.0
2025-04-01,OD,0,1835.0,-1335.0
2025-04-02,RV,1,510.0,1815.0
2025-04-02,FB,1,1085.0,2965.0
2025-04-02,B2,1,60.0,-3540.0
2025-04-02,OD,1,890.0,3765.0
2025-04-03,OD,1,255.0,-1525.0
2025-04-04,RV,1,1740.0,4985.0
2025-04-06,OD,1,585.0,5075.0
2025-04-07,RV,0,16385.0,-6475.0
2025-04-07,FB,1,190.0,5670.0
2025-04-07,OD,1,950.0,-1430.0
2025-04-08,FB,1,2205.0,-6175.0
2025-04-08,OD,1,2360.0,3230.0
2025-04-09,FB,1,1490.0,29720.0
2025-04-09,OD,0,5920.0,-5865.0
2025-04-10,OD,0,7725.0,-5405.0
2025-04-13,OD,1,1685.0,1965.0
2025-04-14,OD,1,700.0,3050.0
2025-04-15,RV,1,465.0,-825.0
2025-04-15,FB,1,1260.0,-1850.0
2025-04-15,OD,0,3115.0,-2905.0
2025-04-16,OD,1,1345.0,2440.0
2025-04-17,RV,1,115.0,785.0
2025-04-20,OD,1,595.0,-855.0
2025-04-21,OD,1,285.0,2800.0
2025-04-22,FB,1,960.0,-200.0
2025-04-22,B2,1,1005.0,1685.0
2025-04-22,OD,0,2275.0,-2200.0
2025-04-23,FB,1,2000.0,-3395.0
2025-04-23,OD,1,375.0,-1305.0
2025-04-24,FB,1,50.0,6275.0
2025-04-24,RV,1,140.0,1790.0
2025-04-24,B2,1,425.0,2920.0
2025-04-24,OD,1,240.0,-495.0
2025-04-25,FB,1,205.0,1320.0
2025-04-27,OD,1,1105.0,1510.0
2025-04-28,OD,1,115.0,2135.0
2025-04-29,RV,1,800.0,825.0
2025-04-29,FB,1,2130.0,2030.0
2025-04-29,OD,0,1410.0,-1080.0
2025-04-30,RV,0,3380.0,-2780.0
2025-04-30,B2,1,200.0,5410.0
2025-04-30,OD,1,10.0,1995.0
2025-05-01,FB,1,475.0,-2135.0
2025-05-01,B2,1,1120.0,-2500.0
2025-05-01,OD,1,1190.0,2575.0
2025-05-02,FB,1,115.0,885.0
2025-05-04,OD,0,2305.0,-2055.0
2025-05-05,FB,1,730.0,1050.0
2025-05-05,OD,0,1445.0,-1385.0
2025-05-06,RV,1,45.0,-110.0
2025-05-06,RV,0,3180.0,-1150.0
2025-05-06,OD,1,905.0,-1090.0
2025-05-07,OD,1,650.0,2675.0
2025-05-08,FB,0,1155.0,-960.0
2025-05-08,OD,1,1695.0,1555.0
2025-05-11,OD,1,410.0,1815.0
2025-05-12,OD,0,1680.0,-1500.0
2025-05-13,FB,1,320.0,1845.0
2025-05-13,RV,1,600.0,2085.0
2025-05-13,OD,1,465.0,1570.0
2025-05-14,FB,0,2615.0,-2380.0
2025-05-14,OD,0,250.0,10.0
2025-05-15,RV,1,185.0,2480.0
2025-05-15,FB,1,185.0,1155.0
2025-05-15,OD,0,585.0,-540.0
2025-05-18,OD,1,85.0,-565.0
2025-05-19,FB,1,110.0,2200.0
2025-05-19,B2,1,630.0,2325.0
2025-05-19,OD,0,1210.0,-1010.0
2025-05-20,OD,0,775.0,-775.0
2025-05-21,RV,0,2000.0,-1245.0
2025-05-21,B2,0,7480.0,-4140.0
2025-05-21,OD,1,490.0,960.0
2025-05-22,FB,1,170.0,890.0
2025-05-22,OD,0,1550.0,-1480.0
2025-05-23,FB,1,290.0,3970.0
2025-05-25,OD,1,150.0,1730.0
2025-05-26,OD,0,1055.0,-1055.0
2025-05-27,RV,1,500.0,1530.0
2025-05-27,FB,1,500.0,1975.0
2025-05-27,OD,0,850.0,-725.0
2025-05-28,OD,1,860.0,1335.0
2025-05-29,B2,1,715.0,-320.0
2025-05-29,OD,0,1890.0,-320.0
2025-05-30,RV,1,465.0,5345.0
2025-05-30,RV,0,1960.0,-1750.0
2025-06-01,OD,0,1280.0,-1075.0
2025-06-02,B2,1,195.0,2475.0
2025-06-02,FB,1,25.0,1915.0
2025-06-02,OD,0,1575.0,-1230.0
2025-06-03,FB,1,1170.0,1505.0
2025-06-03,B2,1,155.0,1495.0
2025-06-03,OD,1,955.0,-190.0
2025-06-04,FB,0,2280.0,-875.0
2025-06-04,OD,0,310.0,-145.0
2025-06-05,B2,0,5010.0,-3005.0
2025-06-05,RV,1,145.0,3590.0
2025-06-05,OD,1,115.0,2230.0
2025-06-06,FB,0,2535.0,-55.0
2025-06-08,OD,0,465.0,-430.0
2025-06-09,FB,0,1310.0,-310.0
2025-06-09,OD,1,390.0,2420.0
2025-06-10,FB,0,1745.0,-1290.0
2025-06-10,OD,0,1655.0,-1610.0
2025-06-11,OD,0,860.0,-470.0
2025-06-12,FB,1,70.0,960.0
2025-06-12,B2,0,1765.0,-985.0
2025-06-12,OD,0,5895.0,-5000.0
2025-06-15,OD,1,820.0,5120.0
2025-06-16,FB,1,260.0,1395.0
2025-06-16,OD,0,1540.0,-1510.0
2025-06-17,OD,1,135.0,1720.0
2025-06-18,OD,0,1735.0,-1470.0
2025-06-19,OD,1,915.0,-555.0
2025-06-22,OD,1,795.0,1450.0
2025-06-23,RV,1,0.0,1400.0
2025-06-23,FB,0,5190.0,-3675.0
2025-06-23,OD,1,945.0,1790.0
2025-06-24,FB,1,495.0,1975.0
2025-06-24,OD,1,0.0,1145.0
2025-06-25,RV,0,1490.0,-1225.0
2025-06-25,OD,1,360.0,1500.0
2025-06-26,RV,1,130.0,1075.0
2025-06-26,FB,1,1010.0,905.0
2025-06-26,OD,1,345.0,1090.0
2025-06-27,RV,1,0.0,690.0
2025-06-27,FB,0,1990.0,-1555.0
2025-06-27,RV,0,2695.0,-2415.0
2025-06-30,OD,0,375.0,275.0
2025-07-01,OD,1,705.0,665.0
2025-07-02,RV,0,2565.0,-2155.0
2025-07-02,OD,1,400.0,140.0
2025-07-03,FB,1,105.0,1300.0
2025-07-03,RV,0,795.0,-225.0
2025-07-03,OD,0,915.0,-825.0
2025-07-06,OD,0,1570.0,-950.0
2025-07-07,OD,1,80.0,1535.0
2025-07-08,OD,0,1505.0,-1165.0
2025-07-09,FB,1,0.0,-1060.0
2025-07-09,B2,0,3260.0,-2870.0
2025-07-09,B2,1,690.0,1385.0
2025-07-09,OD,0,1015.0,-945.0
2025-07-10,OD,0,1585.0,-1505.0
2025-07-11,RV,1,1100.0,370.0
2025-07-11,FB,0,1390.0,390.0
2025-07-13,OD,0,625.0,-535.0
2025-07-14,FB,1,455.0,2280.0
2025-07-14,B2,1,325.0,515.0
2025-07-14,OD,1,155.0,2780.0
2025-07-15,OD,0,685.0,-525.0
2025-07-16,RV,0,1840.0,-1495.0
2025-07-16,OD,1,395.0,1660.0
2025-07-17,FB,1,225.0,1400.0
2025-07-17,OD,0,250.0,255.0
2025-07-20,OD,1,180.0,1505.0
2025-07-21,RV,1,65.0,1310.0
2025-07-21,FB,0,390.0,650.0
2025-07-21,OD,0,235.0,-155.0
2025-07-22,OD,0,625.0,-605.0
2025-07-23,B2,0,2860.0,-1515.0
2025-07-23,RV,0,1880.0,-535.0
2025-07-23,B2,1,730.0,1240.0
2025-07-23,OD,0,380.0,-280.0
2025-07-24,OD,0,115.0,285.0
2025-07-25,RV,1,105.0,1425.0
2025-07-25,FB,1,195.0,725.0
2025-07-27,OD,1,120.0,590.0
2025-07-28,OD,1,60.0,1380.0
2025-07-29,RV,0,1875.0,-1550.0
2025-07-29,B2,0,1535.0,-865.0
2025-07-29,OD,0,155.0,100.0
2025-07-30,FB,0,1140.0,-70.0
2025-07-30,OD,1,465.0,1665.0
2025-07-31,B2,1,2250.0,215.0
2025-07-31,OD,0,1310.0,-370.0
2025-08-01,RV,1,490.0,415.0
2025-08-03,OD,1,680.0,1515.0
2025-08-04,FB,1,50.0,2945.0
2025-08-04,RV,1,185.0,1770.0
2025-08-04,OD,1,500.0,15.0
2025-08-05,B2,1,0.0,1415.0
2025-08-05,RV,1,590.0,735.0
2025-08-05,OD,1,855.0,1995.0
2025-08-06,RV,1,85.0,890.0
2025-08-06,FB,1,2110.0,2495.0
2025-08-06,RV,1,485.0,1990.0
2025-08-06,B2,1,685.0,530.0
2025-08-06,OD,0,350.0,60.0
2025-08-07,OD,0,1000.0,-880.0
2025-08-08,FB,1,465.0,1330.0
2025-08-08,B2,1,1640.0,1250.0
2025-08-10,OD,1,430.0,390.0
2025-08-11,FB,0,2115.0,-1780.0
2025-08-11,OD,0,850.0,-35.0
2025-08-12,FB,1,435.0,910.0
2025-08-12,OD,0,195.0,-130.0
2025-08-13,OD,0,515.0,-410.0
2025-08-14,RV,0,1855.0,-810.0
2025-08-14,FB,0,2720.0,-1190.0
2025-08-14,B2,1,1145.0,-640.0
2025-08-14,OD,1,645.0,200.0
2025-08-17,OD,0,115.0,25.0
2025-08-18,OD,0,1140.0,-880.0
2025-08-19,B2,1,1555.0,1590.0
2025-08-19,RV,1,360.0,2320.0
2025-08-19,OD,0,1495.0,-1455.0
2025-08-20,RV,0,2630.0,-1210.0
2025-08-20,B2,1,5.0,-1920.0
2025-08-20,OD,0,1150.0,0.0
2025-08-21,RV,1,895.0,1830.0
2025-08-21,OD,0,1310.0,-930.0
2025-08-22,FB,1,200.0,485.0
2025-08-22,B2,1,860.0,660.0
2025-08-24,OD,0,530.0,-500.0
2025-08-25,FB,1,475.0,665.0
2025-08-25,OD,0,2050.0,-1720.0
2025-08-26,FB,0,1235.0,-625.0
2025-08-26,OD,0,405.0,-325.0
2025-08-27,OD,1,410.0,690.0
2025-08-28,FB,0,1245.0,860.0
2025-08-28,OD,0,475.0,-425.0
2025-08-29,RV,1,130.0,770.0
2025-08-29,RV,1,565.0,-115.0
2025-08-31,OD,0,1070.0,-1020.0
2025-09-01,OD,0,415.0,-205.0
2025-09-02,RV,1,925.0,3545.0
2025-09-02,OD,1,655.0,1870.0
2025-09-03,OD,1,360.0,595.0
2025-09-04,FB,1,660.0,1380.0
2025-09-04,B2,1,780.0,1680.0
2025-09-04,OD,1,180.0,1400.0
2025-09-05,RV,1,495.0,-550.0
2025-09-07,OD,0,230.0,-105.0
2025-09-08,FB,0,1725.0,-1450.0
2025-09-08,B2,0,1990.0,-1010.0
2025-09-08,OD,1,645.0,650.0
2025-09-09,RV,0,1395.0,-1250.0
2025-09-09,OD,1,295.0,655.0
2025-09-10,RV,0,1450.0,-905.0
2025-09-10,OD,0,670.0,-420.0
2025-09-11,FB,0,455.0,190.0
2025-09-11,OD,0,505.0,-475.0
2025-09-12,FB,0,165.0,675.0
2025-09-12,B2,1,460.0,850.0
2025-09-14,OD,1,555.0,4860.0
2025-09-15,FB,1,65.0,1155.0
2025-09-15,OD,1,265.0,1475.0
2025-09-16,OD,0,495.0,-465.0
2025-09-17,OD,1,290.0,510.0
2025-09-18,OD,0,1000.0,-965.0
2025-09-21,OD,0,455.0,-390.0
2025-09-22,FB,1,570.0,2865.0
2025-09-22,OD,0,195.0,-40.0
2025-09-23,B2,1,220.0,1440.0
2025-09-23,OD,0,750.0,230.0
2025-09-24,B2,1,15.0,1365.0
2025-09-24,RV,0,1265.0,-685.0
2025-09-24,OD,1,30.0,370.0
2025-09-25,RV,1,1820.0,40.0
2025-09-25,OD,0,1085.0,-1045.0
2025-09-28,OD,1,80.0,1295.0
2025-09-29,FB,0,2140.0,-1900.0
2025-09-29,B2,0,1415.0,-520.0
2025-09-29,OD,0,475.0,-345.0
2025-09-30,RV,0,1545.0,-390.0
2025-09-30,OD,0,985.0,-805.0
2025-10-01,FB,1,70.0,2710.0
2025-10-01,B2,0,680.0,-305.0
2025-10-01,OD,1,435.0,1565.0
2025-10-02,OD,1,15.0,1215.0
2025-10-03,RV,0,2170.0,-1700.0
2025-10-03,RV,1,945.0,1380.0
2025-10-03,RV,0,755.0,-20.0
2025-10-05,OD,0,195.0,285.0
2025-10-06,OD,0,435.0,215.0
2025-10-07,B2,1,110.0,1480.0
2025-10-07,B2,0,1430.0,-1065.0
2025-10-07,OD,0,395.0,385.0
2025-10-08,FB,1,245.0,3170.0
2025-10-08,RV,1,660.0,1295.0
2025-10-08,B2,1,370.0,1025.0
2025-10-08,B2,1,5.0,1555.0
2025-10-08,OD,0,1235.0,-1085.0
2025-10-09,RV,1,465.0,990.0
2025-10-09,B2,1,785.0,395.0
2025-10-09,OD,0,90.0,155.0
2025-10-10,RV,0,1365.0,-750.0
2025-10-10,FB,0,7260.0,-6525.0
2025-10-10,RV,1,15.0,2170.0
2025-10-12,OD,1,0.0,2980.0
2025-10-13,FB,1,855.0,-1565.0
2025-10-13,OD,1,425.0,2020.0
2025-10-14,RV,1,300.0,-3270.0
2025-10-14,OD,1,1245.0,2045.0
2025-10-15,RV,1,20.0,1800.0
2025-10-15,OD,1,1430.0,1300.0
2025-10-16,B2,0,4765.0,-855.0
2025-10-16,OD,1,865.0,-465.0
2025-10-17,FB,0,2155.0,135.0
2025-10-19,OD,1,1615.0,1740.0
2025-10-20,FB,1,345.0,2510.0
2025-10-20,OD,0,285.0,75.0
2025-10-21,RV,0,1380.0,515.0
2025-10-21,OD,1,765.0,1305.0
2025-10-22,RV,1,455.0,1700.0
2025-10-22,RV,1,385.0,1445.0
2025-10-22,RV,0,1615.0,-1485.0
2025-10-22,OD,1,1890.0,115.0
2025-10-23,FB,1,1065.0,2555.0
2025-10-23,RV,1,1530.0,2365.0
2025-10-23,B2,1,1345.0,1975.0
2025-10-23,OD,1,245.0,1245.0
2025-10-24,B2,0,1995.0,-150.0
2025-10-24,FB,0,420.0,95.0
2025-10-26,OD,1,370.0,1340.0
2025-10-27,FB,1,130.0,995.0
2025-10-27,OD,0,625.0,-520.0
2025-10-28,FB,1,1180.0,1815.0
2025-10-28,RV,1,135.0,1570.0
2025-10-28,OD,1,330.0,1560.0
2025-10-29,FB,0,770.0,-450.0
2025-10-29,RV,0,1070.0,-335.0
2025-10-29,OD,1,635.0,3270.0
2025-10-30,RV,1,1150.0,1280.0
2025-10-30,B2,0,3915.0,750.0
2025-10-30,OD,1,70.0,635.0
2025-10-31,B2,0,2350.0,-2275.0
2025-11-02,OD,0,735.0,-670.0
2025-11-03,OD,0,1370.0,-1340.0
2025-11-04,RV,1,365.0,2380.0
2025-11-04,OD,0,3935.0,-3845.0
2025-11-05,FB,1,600.0,3125.0
2025-11-05,B2,1,70.0,3070.0
2025-11-05,OD,0,2080.0,-770.0
2025-11-06,OD,1,10.0,-970.0
2025-11-07,RV,1,65.0,2725.0
2025-11-07,B2,1,895.0,2560.0
2025-11-07,RV,0,1840.0,-740.0
2025-11-09,OD,1,385.0,2230.0
2025-11-10,FB,0,2905.0,-2655.0
2025-11-10,OD,0,495.0,-380.0
2025-11-11,B2,0,2965.0,-2955.0
2025-11-11,RV,1,660.0,-1410.0
2025-11-11,FB,0,1005.0,310.0
2025-11-11,B2,0,680.0,135.0
2025-11-11,OD,1,100.0,920.0
2025-11-12,B2,1,675.0,895.0
2025-11-12,B2,0,1625.0,-1410.0
2025-11-12,OD,1,660.0,2100.0
2025-11-13,B2,1,3225.0,2470.0
2025-11-13,OD,0,1205.0,-1105.0
2025-11-14,RV,1,175.0,-4370.0
2025-11-16,OD,1,355.0,2455.0
2025-11-17,RV,1,1655.0,1130.0
2025-11-17,RV,1,1725.0,5030.0
2025-11-17,B2,0,3250.0,-150.0
2025-11-17,OD,1,960.0,-760.0
2025-11-18,OD,1,20.0,1535.0
2025-11-19,FB,1,255.0,-4225.0
2025-11-19,OD,1,505.0,-240.0
2025-11-20,OD,1,265.0,-1960.0
2025-11-21,RV,0,7235.0,-6945.0
2025-11-23,OD,1,250.0,2380.0
2025-11-24,B2,1,275.0,2825.0
2025-11-24,FB,1,275.0,6060.0
2025-11-24,OD,0,780.0,-640.0
2025-11-25,FB,0,1275.0,-540.0
2025-11-25,RV,0,2055.0,-75.0
2025-11-25,OD,1,150.0,1885.0
2025-11-26,FB,0,2570.0,-1675.0
2025-11-26,OD,0,455.0,-315.0
2025-11-27,OD,1,285.0,1420.0
2025-11-30,OD,0,2800.0,-2100.0
2025-12-01,FB,1,560.0,2300.0
2025-12-01,OD,0,1150.0,-940.0
2025-12-02,FB,0,3835.0,-3500.0
2025-12-02,B2,1,480.0,1245.0
2025-12-02,B2,1,640.0,0.0
2025-12-02,OD,1,745.0,355.0
2025-12-03,OD,0,1160.0,-810.0
2025-12-04,RV,1,220.0,965.0
2025-12-04,RV,0,3065.0,-1060.0
2025-12-04,OD,1,45.0,1740.0
2025-12-05,FB,1,595.0,-1485.0
2025-12-07,OD,1,45.0,1515.0
2025-12-08,OD,0,935.0,-835.0
2025-12-09,FB,1,890.0,650.0
2025-12-09,OD,0,655.0,70.0
2025-12-10,RV,0,2840.0,-1925.0
2025-12-10,OD,0,2135.0,-1910.0
2025-12-11,RV,1,1140.0,-2580.0
2025-12-11,OD,0,1035.0,-815.0
2025-12-12,B2,1,195.0,5005.0
2025-12-12,RV,1,90.0,1230.0
2025-12-14,OD,1,220.0,1705.0
2025-12-15,OD,0,2840.0,-2650.0
2025-12-16,OD,1,290.0,2215.0
2025-12-17,OD,0,1220.0,-935.0
2025-12-18,OD,1,400.0,2480.0
2025-12-21,OD,1,120.0,1230.0
2025-12-22,OD,0,495.0,-495.0
2025-12-23,B2,0,470.0,760.0
2025-12-23,FB,0,470.0,125.0
2025-12-23,OD,0,540.0,-475.0
2025-12-24,FB,0,305.0,-60.0
2025-12-25,OD,0,440.0,-410.0
2025-12-28,OD,0,225.0,-200.0
2025-12-29,OD,0,365.0,-220.0
2025-12-30,FB,0,1170.0,-755.0
2025-12-30,OD,0,1045.0,-825.0
2026-01-01,OD,1,120.0,2090.0
2026-01-02,RV,0,1650.0,-1380.0
2026-01-04,OD,0,755.0,-100.0
2026-01-05,FB,1,360.0,-375.0
2026-01-05,OD,1,160.0,1800.0
2026-01-06,FB,1,80.0,1775.0
2026-01-06,RV,0,2275.0,-1430.0
2026-01-06,B2,1,2485.0,1175.0
2026-01-06,OD,0,895.0,-810.0
2026-01-07,FB,1,950.0,1915.0
2026-01-07,B2,1,60.0,1045.0
2026-01-07,B2,1,120.0,1580.0
2026-01-07,OD,0,980.0,-735.0
2026-01-08,RV,1,540.0,305.0
2026-01-08,OD,0,1175.0,-1050.0
2026-01-09,RV,1,1630.0,2410.0
2026-01-09,FB,1,615.0,875.0
2026-01-09,B2,1,770.0,200.0
2026-01-11,OD,0,3155.0,-2605.0
2026-01-12,FB,1,255.0,1445.0
2026-01-12,OD,0,980.0,-250.0
2026-01-13,B2,1,80.0,-995.0
2026-01-13,OD,0,935.0,-790.0
2026-01-14,RV,1,495.0,3055.0
2026-01-14,B2,1,425.0,2030.0
2026-01-14,RV,1,380.0,-505.0
2026-01-14,OD,1,675.0,2195.0
2026-01-15,OD,1,30.0,1610.0
2026-01-16,B2,0,905.0,-685.0
2026-01-18,OD,0,1535.0,-1510.0
2026-01-19,RV,0,2025.0,-1645.0
2026-01-19,OD,1,510.0,630.0
2026-01-20,RV,1,70.0,-1815.0
2026-01-20,OD,1,50.0,1995.0
2026-01-21,FB,1,2310.0,375.0
2026-01-21,RV,1,600.0,2605.0
2026-01-21,B2,1,190.0,2550.0
2026-01-21,OD,0,860.0,-740.0
2026-01-22,OD,1,175.0,1965.0
2026-01-23,FB,1,255.0,20.0
2026-01-23,B2,0,2870.0,-1530.0
2026-01-25,OD,1,280.0,2370.0
2026-01-26,RV,1,485.0,1410.0
2026-01-26,FB,1,405.0,1440.0
2026-01-26,OD,1,185.0,1910.0
2026-01-27,FB,0,725.0,110.0
2026-01-27,OD,1,55.0,1740.0
2026-01-28,RV,1,40.0,-740.0
2026-01-28,OD,1,1040.0,2155.0
2026-01-29,B2,1,2035.0,785.0
2026-01-29,RV,0,3940.0,-1575.0
2026-01-29,OD,0,2975.0,-2850.0
2026-02-01,OD,0,2385.0,-1805.0
2026-02-02,FB,1,390.0,4500.0
2026-02-02,B2,1,150.0,1535.0
2026-02-02,RV,0,2010.0,-485.0
2026-02-02,B2,1,15.0,-100.0
2026-02-02,OD,0,975.0,-890.0
2026-02-03,B2,1,3035.0,2290.0
2026-02-03,OD,1,1090.0,-285.0
2026-02-04,OD,1,220.0,-1340.0
2026-02-05,RV,1,570.0,4710.0
2026-02-05,OD,1,170.0,4570.0
2026-02-06,FB,0,3045.0,-2805.0
2026-02-06,B2,1,1160.0,1830.0
2026-02-08,OD,0,2535.0,-2070.0
2026-02-09,FB,1,1535.0,3040.0
2026-02-09,OD,0,995.0,-620.0
2026-02-10,FB,0,2260.0,-2180.0
2026-02-10,OD,1,120.0,580.0
2026-02-11,OD,1,340.0,2150.0
2026-02-12,B2,1,200.0,3055.0
2026-02-12,OD,0,2455.0,-1890.0
2026-02-13,RV,1,260.0,-430.0
2026-02-15,OD,1,860.0,525.0
2026-02-16,OD,0,3090.0,-2730.0
2026-02-17,RV,0,6715.0,-3295.0
2026-02-17,RV,1,135.0,660.0
2026-02-17,RV,1,3430.0,170.0
2026-02-17,B2,1,3535.0,-385.0
2026-02-17,FB,1,200.0,2580.0
2026-02-17,OD,1,595.0,1725.0
2026-02-18,FB,1,635.0,-460.0
2026-02-18,OD,1,645.0,1805.0
2026-02-19,FB,0,3490.0,-3050.0
2026-02-19,RV,1,145.0,775.0
2026-02-19,OD,1,265.0,985.0
2026-02-20,RV,0,4685.0,-3180.0
2026-02-20,B2,0,4685.0,-780.0
2026-02-22,OD,1,2400.0,45.0
2026-02-23,OD,1,810.0,540.0
2026-02-24,RV,1,1155.0,1985.0
2026-02-24,FB,1,995.0,310.0
2026-02-24,B2,1,995.0,80.0
2026-02-24,OD,1,345.0,175.0
2026-02-25,FB,1,1090.0,895.0
2026-02-25,B2,1,670.0,1675.0
2026-02-25,OD,1,1255.0,505.0
2026-02-26,B2,0,1985.0,-1130.0
2026-02-26,OD,0,1320.0,-320.0
2026-02-27,RV,1,150.0,-2050.0
2026-02-27,FB,1,1175.0,-745.0
2026-03-01,OD,1,350.0,2905.0
2026-03-02,RV,1,95.0,2540.0
2026-03-02,FB,1,810.0,1600.0
2026-03-02,OD,0,1350.0,-1275.0
2026-03-03,FB,1,55.0,3130.0
2026-03-03,OD,0,3360.0,-2575.0
2026-03-04,FB,1,210.0,3520.0
2026-03-04,OD,0,3695.0,-3155.0
2026-03-05,FB,0,4825.0,-2605.0
2026-03-05,OD,1,885.0,-90.0
2026-03-06,RV,1,2860.0,765.0
2026-03-08,OD,0,4005.0,-3490.0
2026-03-09,FB,1,370.0,440.0
2026-03-09,B2,1,340.0,6830.0
2026-03-09,OD,1,1880.0,-665.0
2026-03-10,FB,0,1770.0,120.0
2026-03-10,OD,1,205.0,1855.0
2026-03-11,RV,1,1050.0,765.0
2026-03-11,OD,0,2520.0,-2350.0
2026-03-12,OD,1,1755.0,-130.0
2026-03-15,OD,1,525.0,2505.0
2026-03-16,FB,0,2110.0,-1905.0
2026-03-16,OD,0,1160.0,-1065.0
2026-03-17,FB,0,2125.0,-265.0
2026-03-17,OD,1,465.0,1905.0
2026-03-18,OD,1,420.0,680.0
2026-03-19,OD,0,1755.0,-1755.0
2026-03-22,OD,0,2290.0,-2000.0
2026-03-23,FB,0,5610.0,-5385.0
2026-03-23,OD,0,3235.0,-2795.0
2026-03-24,OD,1,905.0,-1225.0
2026-03-25,OD,1,315.0,-795.0
2026-03-26,RV,1,530.0,2730.0
2026-03-26,OD,1,1250.0,1795.0
2026-03-27,RV,1,270.0,4075.0
2026-03-29,OD,1,1660.0,2325.0
2026-03-30,OD,1,1880.0,2935.0
2026-03-31,B2,1,205.0,6705.0
2026-03-31,FB,1,205.0,5280.0
2026-03-31,OD,1,215.0,1655.0
2026-04-01,FB,1,355.0,-1065.0
2026-04-01,OD,1,730.0,-3885.0
2026-04-02,RV,0,7375.0,-5540.0
2026-04-02,OD,0,4295.0,-3460.0
2026-04-05,OD,1,190.0,2620.0
2026-04-06,OD,0,1445.0,-875.0
2026-04-07,OD,1,60.0,2590.0
2026-04-08,OD,0,1085.0,-575.0
2026-04-09,RV,1,1000.0,2800.0
2026-04-09,FB,0,1725.0,-1435.0
2026-04-09,B2,0,2095.0,0.0
2026-04-09,OD,1,90.0,585.0
2026-04-12,OD,1,420.0,2480.0
2026-04-13,FB,1,845.0,2925.0
2026-04-13,RV,1,1250.0,2055.0
2026-04-13,B2,1,670.0,1895.0
2026-04-13,OD,1,1000.0,360.0
2026-04-14,FB,1,620.0,3270.0
2026-04-15,RV,1,1385.0,445.0
2026-04-15,FB,1,390.0,2305.0
2026-04-15,B2,1,425.0,2300.0
2026-04-15,OD,1,190.0,1620.0
2026-04-16,RV,1,235.0,2700.0
2026-04-16,B2,1,195.0,1870.0
2026-04-16,FB,1,360.0,-505.0
2026-04-16,B2,0,3005.0,-785.0
2026-04-16,OD,0,855.0,-665.0
2026-04-17,FB,0,2325.0,-1120.0
2026-04-17,B2,1,255.0,1385.0
2026-04-19,OD,1,730.0,-395.0
2026-04-20,OD,1,410.0,310.0
2026-04-21,OD,1,260.0,1485.0
2026-04-22,FB,1,105.0,1805.0
2026-04-22,OD,0,4940.0,-1235.0
2026-04-23,FB,0,4460.0,-3965.0
2026-04-23,B2,0,4680.0,-4400.0
2026-04-23,OD,1,25.0,505.0
2026-04-24,FB,1,845.0,825.0
2026-04-26,OD,1,480.0,2490.0
2026-04-27,OD,0,1420.0,-1335.0
2026-04-28,OD,1,70.0,65.0
2026-04-29,OD,1,185.0,2680.0
2026-04-30,OD,1,145.0,130.0
2026-05-01,FB,1,350.0,2000.0
2026-05-01,B2,0,2770.0,-1980.0
2026-05-03,OD,1,480.0,2090.0
2026-05-04,OD,1,450.0,1755.0
2026-05-05,FB,1,1355.0,1425.0
2026-05-05,OD,0,1735.0,-1425.0
2026-05-06,FB,0,1230.0,450.0
2026-05-06,OD,1,1065.0,1405.0
2026-05-07,OD,1,0.0,2800.0
2026-05-10,OD,1,940.0,-845.0
2026-05-11,OD,0,1525.0,-1140.0
2026-05-12,OD,1,1555.0,2495.0
2026-05-13,OD,1,875.0,-530.0
2026-05-14,OD,0,1620.0,-1455.0
2026-05-18,OD,0,2425.0,-2310.0
2026-05-19,OD,1,175.0,-2745.0
2026-05-20,OD,1,800.0,3035.0
2026-05-21,OD,1,60.0,1835.0
2026-05-22,FB,1,55.0,385.0
2026-05-24,OD,1,0.0,8725.0
2026-05-25,OD,0,1305.0,-835.0
2026-05-26,RV,1,615.0,960.0
2026-05-26,FB,1,615.0,-885.0
2026-05-27,RV,0,1035.0,-615.0
2026-05-27,OD,0,2135.0,-1485.0
2026-05-28,RV,1,1605.0,2435.0
2026-05-28,FB,1,880.0,3355.0
2026-05-28,OD,0,1850.0,-1575.0
2026-05-29,FB,1,190.0,-3685.0
2026-05-29,B2,0,2720.0,-805.0
2026-05-31,OD,1,0.0,3580.0
2026-06-01,RV,1,610.0,1440.0
2026-06-01,FB,1,1245.0,3100.0
2026-06-01,OD,0,1480.0,-1255.0
2026-06-02,FB,1,1920.0,-260.0
2026-06-02,B2,1,300.0,1735.0
2026-06-02,OD,1,1360.0,2030.0
2026-06-03,B2,1,560.0,-2125.0
2026-06-03,OD,1,760.0,-585.0
2026-06-04,FB,1,275.0,3605.0
2026-06-04,OD,0,2375.0,-2240.0
2026-06-05,RV,1,50.0,5875.0
2026-06-07,OD,1,0.0,6920.0
2026-06-08,FB,0,4800.0,-2945.0
2026-06-08,OD,0,1860.0,-1630.0
2026-06-09,B2,1,1200.0,2575.0
2026-06-09,OD,1,700.0,-2190.0
2026-06-10,OD,1,1065.0,3365.0
2026-06-11,FB,0,5845.0,-3835.0
2026-06-11,OD,1,1375.0,-1520.0
2026-06-12,FB,1,4885.0,65.0
2026-06-14,OD,1,370.0,3415.0
2026-06-15,FB,1,2190.0,1160.0
2026-06-15,OD,1,0.0,-420.0
