date,strat,pnl_pts,mae_pts,stop_pts,ratio
2020-12-01,FB,-64.5,72.0,63.75,1.1294117647058823
2020-12-01,OD,-16.75,37.0,33.26038286296339,1.1124345787733192
2020-12-02,FB,-12.25,36.75,43.25,0.8497109826589595
2020-12-02,OD,-1.0,12.25,26.505378522179754,0.4621703474164376
2020-12-03,FB,-74.25,73.5,73.5,1.0
2020-12-03,OD,15.5,9.25,26.5611491703622,0.34825300444159446
2020-12-07,B2,-35.0,39.5,37.835947887263764,1.043980716901674
2020-12-07,FB,-25.0,46.75,70.0,0.6678571428571428
2020-12-07,OD,-1.5,14.25,22.501266087246236,0.6332976973272153
2020-12-08,FB,14.0,8.5,60.5,0.14049586776859505
2020-12-08,OD,-43.5,21.75,22.397316665727757,0.9710984724023536
2020-12-09,RV,-37.83654006085089,69.75,27.870924739631434,2.502608027957467
2020-12-09,RV,49.74977351081907,2.0,39.8769758210533,0.05015425464997492
2020-12-09,RV,1.0,31.0,73.93691327328659,0.41927636180073397
2020-12-09,OD,-37.0,38.0,40.30418636730799,0.9428300984342165
2020-12-10,OD,-86.5,43.75,33.8708072367985,1.2916727875463323
2020-12-13,OD,-21.0,12.25,32.49455308659803,0.37698625881555387
2020-12-14,FB,-11.75,60.75,122.25,0.49693251533742333
2020-12-14,OD,-57.0,17.25,30.93173577576321,0.5576796635356094
2020-12-15,FB,-20.5,23.25,19.75,1.1772151898734178
2020-12-15,OD,38.0,5.75,21.93807093724179,0.26210144075333774
2020-12-16,RV,43.46314758465451,26.75,33.50193673527026,0.7984613012488337
2020-12-16,FB,-8.25,26.25,52.25,0.5023923444976076
2020-12-16,B2,47.80864787870268,1.5,54.49053632157942,0.027527715843126466
2020-12-16,OD,65.75,5.75,25.393845340945752,0.22643281955917632
2020-12-17,FB,-32.75,34.0,32.0,1.0625
2020-12-17,OD,-23.25,28.0,19.78280556769161,1.4153705299377932
2020-12-18,RV,29.25,32.0,46.620378027626636,0.6863951206280913
2020-12-20,OD,-28.5,10.75,39.69655880830517,0.27080432971310664
2020-12-21,FB,40.25,6.25,82.5,0.07575757575757576
2020-12-21,OD,-13.5,20.5,36.99324840058029,0.5541551738851468
2020-12-22,RV,-53.37649034943206,60.75,43.59768649115159,1.393422561821705
2020-12-22,OD,-134.5,29.0,28.432420386448456,1.0199624093143356
2020-12-23,OD,13.25,20.0,24.561621404718032,0.8142784904321588
2020-12-24,FB,-8.5,46.75,50.75,0.9211822660098522
2020-12-27,OD,40.5,1.0,26.39367211679535,0.03788786931863338
2020-12-28,OD,25.25,2.75,15.904062440624113,0.17291179598085654
2020-12-29,B2,10.5,27.25,62.05026595033897,0.4391600838876201
2020-12-29,OD,46.75,7.5,25.323112335731512,0.2961721253124689
2020-12-30,RV,3.75,18.75,36.63943625782682,0.5117436815364393
2020-12-30,OD,-12.25,20.75,19.233599014523918,1.0788412498529785
2020-12-31,RV,-26.0,31.5,31.62603867517913,0.996014718236652
2021-01-03,OD,156.0,22.5,23.71738933476949,0.9486710228690808
2021-01-04,OD,6.5,1.25,44.44947267462899,0.02812181843303349
2021-01-05,RV,-69.86203408468828,75.0,59.31581205294277,1.2644183296868328
2021-01-05,OD,-18.25,0.0,31.92802248510341,0.0
2021-01-06,FB,67.0,11.75,145.0,0.08103448275862069
2021-01-06,OD,145.5,8.0,52.68463454285372,0.15184692974367686
2021-01-07,RV,67.4709293178239,17.5,56.95060943341653,0.30728380563618063
2021-01-07,FB,40.5,12.75,167.0,0.07634730538922156
2021-01-07,OD,12.25,7.25,28.525403644860834,0.25415941839989237
2021-01-08,B2,-65.0,93.0,79.08834160949144,1.175900241519782
2021-01-10,OD,-43.25,23.75,36.97478744578744,0.6423295883667305
2021-01-11,B2,-75.75,82.0,79.65510047216326,1.0294381591880135
2021-01-11,OD,-57.5,29.0,34.73881687639732,0.8348010268508465
2021-01-12,RV,52.44449456993243,3.5,42.326034668934696,0.08269142213241237
2021-01-12,RV,70.58607039171511,4.75,60.661478272321,0.07830340003710988
2021-01-12,RV,-85.1676972214118,83.25,75.32343244834863,1.1052337538798016
2021-01-12,OD,-16.5,10.0,32.645876701221404,0.3063173977994551
2021-01-13,FB,75.25,37.5,58.0,0.646551724137931
2021-01-13,RV,64.32892469640865,43.25,53.95104996949391,0.8016526096240071
2021-01-13,B2,-23.75,37.75,67.86893153885853,0.556219158664464
2021-01-13,OD,-19.0,4.25,28.088772362608616,0.1513060074372471
2021-01-14,FB,-34.0,39.0,33.25,1.1729323308270676
2021-01-14,OD,-31.25,44.75,31.098622954137287,1.4389704671488217
2021-01-15,RV,78.1400247733909,9.5,68.180072842399,0.13933690012270353
2021-01-17,OD,122.5,3.0,39.89902236806909,0.07518981222960688
2021-01-18,OD,90.25,2.5,15.160527164144776,0.16490191752121885
2021-01-19,FB,56.75,7.5,39.75,0.18867924528301888
2021-01-19,OD,53.0,21.75,26.91023673083253,0.8082426110759492
2021-01-20,FB,135.75,0.5,40.25,0.012422360248447204
2021-01-20,RV,53.712287638922135,21.25,43.6618801433051,0.486694570418273
2021-01-20,OD,37.0,1.25,26.635350793897253,0.04693011215329676
2021-01-21,RV,34.0,55.5,50.472960759774864,1.0995986596496932
2021-01-21,FB,-21.5,70.0,80.75,0.8668730650154799
2021-01-21,OD,-44.75,26.75,25.86133935032247,1.034362514548824
2021-01-22,FB,9.0,24.75,42.5,0.5823529411764706
2021-01-24,OD,143.5,0.0,21.84155776914226,0.0
2021-01-25,FB,-53.25,72.5,52.5,1.380952380952381
2021-01-25,RV,-40.25,53.5,94.3148378161078,0.5672490271818382
2021-01-25,OD,-72.0,36.75,44.11957580593281,0.8329635842749463
2021-01-26,FB,-39.75,39.5,39.0,1.0128205128205128
2021-01-26,OD,-46.0,21.5,37.53713552793125,0.5727661340594816
2021-01-27,RV,125.36712136845927,41.0,115.13460701057966,0.3561049198372869
2021-01-27,B2,121.79160329446134,12.25,144.4440093781969,0.08480794774898484
2021-01-27,OD,22.75,20.5,96.40197624839674,0.2126512422025263
2021-01-28,FB,213.0,34.5,171.0,0.20175438596491227
2021-01-28,OD,-77.75,66.25,62.08008176424126,1.0671699862057955
2021-01-31,OD,221.0,38.0,81.85205459504574,0.4642522437341484
2021-02-01,FB,144.5,74.5,75.75,0.9834983498349835
2021-02-01,B2,-56.0,58.25,108.30645350291476,0.537825753831302
2021-02-01,OD,118.75,11.0,41.93439836240967,0.2623144823716009
2021-02-02,RV,59.645583591936884,22.5,49.13943734587275,0.45788070061998354
2021-02-02,FB,56.0,47.5,77.0,0.6168831168831169
2021-02-02,B2,44.0,17.25,67.03684691931659,0.25732117175441666
2021-02-02,OD,87.25,1.0,39.356315247964886,0.02540888275997103
2021-02-03,RV,-64.34954383287732,96.75,53.6375438591322,1.8037738688052842
2021-02-03,OD,-35.75,28.0,33.75138394769892,0.8295956113500041
2021-02-04,FB,-3.0,6.5,55.25,0.11764705882352941
2021-02-04,OD,65.0,21.0,25.433347050163317,0.8256876280805971
2021-02-05,RV,58.21495886459161,27.25,48.02559590359291,0.567405765348585
2021-02-07,OD,21.0,2.25,28.55859067174255,0.07878540036733236
2021-02-08,RV,-43.386010822639946,60.5,33.28807274700884,1.8174677897336768
2021-02-08,FB,-23.5,27.75,22.75,1.2197802197802199
2021-02-08,RV,-9.0,21.0,47.162178403545326,0.4452720529639777
2021-02-08,OD,-1.75,14.25,21.25755187331991,0.670350004785123
2021-02-09,FB,-33.0,42.25,48.75,0.8666666666666667
2021-02-09,RV,-42.13419984144821,42.25,32.27488830448236,1.3090672724073313
2021-02-09,B2,-5.75,34.5,50.221884579287206,0.6869515210153759
2021-02-09,OD,153.5,2.25,20.861960276634978,0.10785180156439851
2021-02-10,B2,108.64154323318144,38.75,50.54685457462597,0.7666154566114609
2021-02-10,RV,-4.75,10.25,67.90197595314855,0.15095289726284788
2021-02-10,OD,67.75,25.5,33.233040015285056,0.7673086779985112
2021-02-11,B2,32.5,6.5,75.56238738725054,0.08602163357661102
2021-02-11,OD,-33.75,29.75,32.203680319325606,0.9238074563219055
2021-02-12,FB,-27.25,36.75,65.0,0.5653846153846154
2021-02-14,OD,-16.0,7.25,25.285503852602755,0.28672555003303696
2021-02-15,OD,15.25,1.0,10.469036923692155,0.09551977008858674
2021-02-16,RV,44.406441569115486,22.5,34.976824342242594,0.6432831002563618
2021-02-16,RV,14.0,11.75,59.947966573701834,0.1960033120648754
2021-02-16,OD,18.25,23.0,32.687817444410804,0.7036260539301532
2021-02-17,RV,68.14975848287757,17.25,58.23991589329711,0.2961886145509582
2021-02-17,RV,84.87646479113755,5.5,75.11227959824116,0.07322371294571639
2021-02-17,B2,-106.75,124.5,105.13032453367279,1.1842444180805622
2021-02-17,RV,-58.0,90.25,87.07969324975795,1.036406958177369
2021-02-17,OD,-27.25,5.25,32.083682407283845,0.16363458325494804
2021-02-18,B2,67.11898090983779,6.75,83.75658078757225,0.08059068238613629
2021-02-18,B2,12.0,18.25,82.77314976087744,0.2204821255772222
2021-02-18,OD,-92.0,6.5,33.79138026899577,0.19235674743845466
2021-02-21,OD,-36.0,29.25,38.78451307665788,0.7541670032620277
2021-02-22,FB,-48.5,72.25,47.75,1.513089005235602
2021-02-22,RV,2.75,54.0,86.46226690340215,0.6245498982848805
2021-02-22,B2,83.90957261026415,62.0,106.60798837002035,0.581569926868963
2021-02-22,OD,214.5,7.75,43.48641669851212,0.17821656941132066
2021-02-23,RV,-129.59272370618055,146.25,119.42588080947917,1.2246089290587985
2021-02-23,FB,-148.5,149.25,147.75,1.0101522842639594
2021-02-23,OD,-8.0,8.25,71.99305832997038,0.11459438161645041
2021-02-24,OD,-60.0,45.25,52.9926722567704,0.8538916433718591
2021-02-25,RV,93.25,17.25,153.18820035725886,0.11260658431765827
2021-02-25,OD,104.0,19.5,97.60062106140144,0.19979381061245882
2021-02-26,FB,-97.25,113.5,186.5,0.6085790884718498
2021-02-26,B2,-182.25,215.75,210.83532917885037,1.0233104709741532
2021-02-28,OD,98.25,8.5,88.11057759324942,0.09646968879535783
2021-03-01,FB,76.0,5.0,96.75,0.05167958656330749
2021-03-01,OD,-33.5,33.25,36.31443760675533,0.915613794162538
2021-03-02,RV,12.75,36.5,79.60195214857154,0.45853146832222497
2021-03-02,OD,166.0,25.5,46.16376192414155,0.5523813254626603
2021-03-03,RV,102.83208982759425,90.25,92.8729141950778,0.9717580285079844
2021-03-03,B2,73.0,14.75,122.67096725080751,0.1202403496977636
2021-03-03,OD,-35.0,39.5,63.40281897240284,0.62300069050862
2021-03-04,B2,122.8654491728903,58.75,146.27704530670667,0.40163512926321304
2021-03-04,FB,-118.75,164.5,118.0,1.3940677966101696
2021-03-04,OD,20.0,77.25,95.28652491980836,0.8107127431188449
2021-03-05,FB,-14.5,48.0,230.0,0.20869565217391303
2021-03-07,OD,-53.25,32.25,90.6810499449648,0.3556421106678058
2021-03-08,FB,-160.5,172.0,159.75,1.0766823161189358
2021-03-08,OD,43.0,48.25,72.38921550016691,0.6665357493740037
2021-03-09,RV,97.66304493903223,20.75,87.05095276053106,0.2383661446771443
2021-03-09,B2,91.79714034152857,11.0,117.17919492508096,0.09387331946624909
2021-03-09,FB,107.0,11.75,195.75,0.06002554278416347
2021-03-09,OD,-43.5,17.75,44.981671233781654,0.39460516946443697
2021-03-10,OD,220.5,37.0,59.71429932605043,0.6196170836397759
2021-03-11,OD,-47.0,20.0,36.066981214396044,0.5545238144859501
2021-03-14,OD,7.0,0.0,39.930259165377976,0.0
2021-03-15,OD,83.5,19.5,33.08676710248891,0.5893594844004307
2021-03-16,FB,-45.25,64.0,102.25,0.6259168704156479
2021-03-16,B2,18.5,19.25,61.52562476629598,0.3128777655346174
2021-03-16,B2,-91.0,96.5,80.97753239571118,1.19168857268255
2021-03-16,OD,-52.5,66.0,38.46458125261815,1.7158642535724369
2021-03-17,RV,80.51687542451329,38.75,70.37909152685687,0.5505896589360334
2021-03-17,RV,113.75,52.25,101.89459158528388,0.5127848219134156
2021-03-17,OD,12.5,0.5,53.60055049537029,0.009328262403633096
2021-03-18,OD,-13.25,34.25,53.251960568543545,0.6431688079524308
2021-03-19,RV,-58.0,75.5,94.99843579021353,0.7947499279538431
2021-03-21,OD,178.0,32.0,43.32451989014664,0.7386117626032321
2021-03-22,RV,60.24296241672164,35.75,49.345625355174306,0.7244816484274489
2021-03-22,FB,157.75,1.0,54.5,0.01834862385321101
2021-03-22,B2,58.91220393123878,21.0,70.66902943011303,0.2971598756817172
2021-03-22,OD,-10.0,9.75,30.00293067945355,0.32496825407382435
2021-03-23,RV,-81.5,82.25,69.45619924795491,1.184199551524147
2021-03-23,OD,34.0,1.25,42.55614960508585,0.029372958117682094
2021-03-24,RV,-77.53830829525214,77.25,67.53070231576642,1.1439241315570388
2021-03-24,OD,-22.25,18.25,43.36895950489347,0.42080788214300574
2021-03-25,RV,78.48974292020102,54.5,68.42140174178732,0.7965343973173085
2021-03-25,OD,133.0,23.0,51.290448726357056,0.4484265700756249
2021-03-26,FB,11.0,30.0,95.5,0.31413612565445026
2021-03-26,RV,-87.25108363485015,88.0,76.97110238008703,1.1432862110438764
2021-03-28,OD,-80.0,62.75,51.294159037776474,1.2233361688177142
2021-03-29,FB,-36.25,43.0,79.25,0.5425867507886435
2021-03-29,OD,-76.0,35.25,43.28585903831872,0.8143537123473744
2021-03-30,OD,0.5,2.25,36.9645094737883,0.06086919675196786
2021-03-31,RV,49.21720349656607,0.75,39.12062733978481,0.019171471701765544
2021-03-31,FB,81.75,4.5,81.25,0.055384615384615386
2021-03-31,OD,59.5,3.75,29.540897647378685,0.12694265572978472
2021-04-01,RV,11.0,29.75,39.65889989146964,0.7501468795507115
2021-04-01,FB,-10.5,31.25,63.0,0.49603174603174605
2021-04-01,OD,15.75,0.75,22.68361931768239,0.033063506731280674
2021-04-04,OD,6.25,2.75,21.08290291678686,0.13043744549097955
2021-04-05,FB,121.25,19.75,99.25,0.19899244332493704
2021-04-05,RV,52.31936246653095,18.75,41.562271013792284,0.4511303050253891
2021-04-05,OD,-30.0,20.25,25.58923861118929,0.7913482815055456
2021-04-06,RV,54.14867414094442,32.5,44.206711874324924,0.7351824784524602
2021-04-06,FB,-79.0,79.0,78.25,1.0095846645367412
2021-04-06,B2,14.75,2.75,69.37403096421947,0.03964019333716311
2021-04-06,OD,-69.5,17.75,26.78062299871181,0.6627926467899498
2021-04-07,FB,-9.25,44.0,74.5,0.5906040268456376
2021-04-07,OD,82.0,1.75,27.373584501651106,0.06393024632541071
2021-04-08,OD,25.0,4.0,23.575529089008807,0.16966745411727993
2021-04-09,RV,-60.35681362852485,58.25,50.38518187518886,1.1560938718906164
2021-04-11,OD,-16.0,33.75,30.726812149652652,1.0983892450548771
2021-04-12,RV,-53.52024952521606,67.5,43.4205049316367,1.5545650633560157
2021-04-12,FB,-34.5,37.75,33.75,1.1185185185185185
2021-04-12,OD,-17.0,8.25,23.802081982356338,0.34660833477153136
2021-04-13,RV,34.5,47.5,48.702788726463496,0.9753034937440874
2021-04-13,FB,9.0,41.75,125.25,0.3333333333333333
2021-04-13,OD,-1.5,2.75,22.6172635681476,0.12158853752197002
2021-04-14,RV,58.52000148899424,10.75,48.834471799240816,0.22013138678336477
2021-04-14,RV,35.75,14.0,59.827926048767836,0.23400443446072508
2021-04-14,OD,-62.0,31.5,32.168684417425865,0.9792131873113332
2021-04-15,RV,48.29322161110394,36.5,38.60912246278635,0.9453724319992187
2021-04-15,FB,24.0,45.5,73.5,0.6190476190476191
2021-04-15,B2,19.25,45.5,55.187765919712334,0.8244580885226233
2021-04-15,OD,-22.75,24.25,26.107714798891912,0.9288442204458753
2021-04-18,OD,51.5,25.0,24.505783196743216,1.020167353938007
2021-04-19,B2,67.90754047463633,16.0,79.34658507011054,0.20164698941816364
2021-04-19,B2,-39.75,51.0,91.3222293728254,0.5584620562841404
2021-04-19,OD,-12.5,8.25,33.37359592573925,0.24720141091051026
2021-04-20,FB,-74.0,99.75,73.25,1.3617747440273038
2021-04-20,RV,56.5,6.5,73.88174742599173,0.08797842804829611
2021-04-20,B2,42.5,49.5,90.57702826231184,0.546496180650215
2021-04-20,OD,-45.0,16.75,37.58116259899751,0.4457020177562791
2021-04-21,RV,66.62008481694649,42.75,56.685030734704924,0.754167360340279
2021-04-21,FB,60.0,30.25,74.75,0.40468227424749165
2021-04-21,B2,61.65773965106746,4.5,78.64778996104376,0.057217119543078884
2021-04-21,OD,17.25,14.75,27.09421739800386,0.5443966062325422
2021-04-22,FB,-40.25,39.5,39.5,1.0
2021-04-22,B2,16.25,17.25,103.8691049293209,0.1660744069349398
2021-04-22,OD,-23.75,18.5,40.73895378175108,0.45411082717315715
2021-04-23,FB,121.25,9.0,64.75,0.138996138996139
2021-04-25,OD,-15.0,19.25,24.241215728916842,0.7941020869278052
2021-04-26,FB,55.75,34.75,44.25,0.7853107344632768
2021-04-26,B2,40.350325647918,31.0,48.051752171874696,0.6451377649896541
2021-04-26,OD,12.5,1.25,22.202579778799755,0.056299763921738896
2021-04-27,B2,-54.75,57.0,49.246267307210026,1.1574481299145036
2021-04-27,RV,-14.5,38.25,42.29722714249888,0.9043145989484412
2021-04-27,OD,-8.75,15.5,22.5171853540666,0.688363121601284
2021-04-28,OD,76.0,2.0,36.48462337255986,0.054817613973348646
2021-04-29,B2,65.29409015243982,0.5,74.30201756187307,0.006729292371955284
2021-04-29,OD,-40.0,36.75,31.8168768101147,1.1550473737358484
2021-04-30,RV,-56.687829914293616,71.5,46.61262301533115,1.5339192556592074
2021-04-30,RV,70.50736089458587,25.0,60.647132012385306,0.41222064705210665
2021-05-02,OD,-11.0,4.25,23.448754871283185,0.181246297440075
2021-05-03,RV,-60.549756477408664,104.0,50.19755428006326,2.07181408519947
2021-05-03,OD,-38.5,25.75,24.878847750666953,1.0350157795917092
2021-05-04,B2,79.66092666730947,2.0,90.42948386695387,0.022116680472737616
2021-05-04,RV,-44.25,57.25,82.9532015561031,0.6901481669912469
2021-05-04,OD,44.5,7.5,40.30085046800756,0.18610029100884118
2021-05-05,OD,-17.75,8.75,35.567966074105584,0.24600788197361192
2021-05-06,RV,66.98689163576455,1.25,56.16728293503347,0.022254948693990178
2021-05-06,B2,-128.75,131.5,84.03871693890724,1.5647549699693202
2021-05-06,RV,-85.05911112382455,97.25,74.53590401175967,1.3047403300382148
2021-05-06,OD,4.0,11.0,41.1876914488531,0.26707007877972005
2021-05-09,OD,-17.75,13.75,35.434611776697295,0.38803868056041046
2021-05-10,OD,-202.0,16.5,39.84759130551718,0.4140777261413906
2021-05-11,RV,-84.62624552510353,108.25,73.27436427953575,1.4773243147771988
2021-05-11,OD,-35.0,2.25,50.34103857922923,0.04469514462755547
2021-05-12,B2,17.0,60.75,137.28735975675198,0.4425025006500078
2021-05-12,OD,-10.5,23.75,55.57103827123153,0.42738089369647597
2021-05-13,FB,-169.75,191.75,169.0,1.1346153846153846
2021-05-13,B2,108.1878681660146,25.0,130.6178163926958,0.19139808557845414
2021-05-13,OD,84.0,29.5,50.77154159857892,0.5810341595147801
2021-05-14,FB,78.25,4.0,88.0,0.045454545454545456
2021-05-16,OD,-37.5,11.0,34.29229997197745,0.32077171869454196
2021-05-17,OD,166.0,0.0,35.225094094884255,0.0
2021-05-18,RV,-62.85565122409753,68.5,53.075851268159724,1.2906057719905708
2021-05-18,OD,-68.75,60.0,38.03882666785799,1.577335718682899
2021-05-19,RV,-83.63660428113872,96.25,73.29581691570692,1.3131718022965935
2021-05-19,RV,-102.74508160333244,102.75,92.56314626534532,1.1100530194322977
2021-05-19,OD,28.0,9.5,53.12746060534451,0.17881524717641634
2021-05-20,FB,149.25,4.25,98.0,0.04336734693877551
2021-05-20,RV,67.12519551318474,0.0,57.03221915557616,0.0
2021-05-20,B2,61.14778579630183,9.0,73.4748972341509,0.12249081439772097
2021-05-20,OD,17.25,0.0,28.181812324522472,0.0
2021-05-21,RV,-56.329736008565305,66.75,45.99669730488148,1.451191148737456
2021-05-21,RV,-6.25,26.75,61.37447297558069,0.43584895646506217
2021-05-23,OD,14.5,26.5,32.630252713347744,0.8121297813044488
2021-05-24,RV,50.50234654929227,0.5,40.53761297824364,0.012334224027160846
2021-05-24,FB,41.25,2.0,108.5,0.018433179723502304
2021-05-24,OD,68.0,32.0,21.578320727532606,1.4829698939069884
2021-05-25,RV,1.0,19.25,59.40402076301251,0.3240521391101842
2021-05-25,OD,-1.25,4.5,27.661358413114524,0.16268181528881479
2021-05-26,OD,-39.0,16.0,20.92564631032228,0.7646119867804256
2021-05-27,FB,-4.75,46.75,68.75,0.68
2021-05-27,OD,-4.5,5.25,24.105608453988854,0.21779164006670246
2021-05-28,FB,-15.0,24.0,50.75,0.4729064039408867
2021-05-30,OD,-47.0,17.25,20.053186861637204,0.8602124001048508
2021-05-31,OD,-4.0,7.25,12.971743659618397,0.5589071284664348
2021-06-01,FB,-24.25,40.75,23.5,1.7340425531914894
2021-06-01,RV,57.91795045901745,15.0,48.33218016671796,0.31035223216206487
2021-06-01,RV,-47.75,54.25,57.952236980486404,0.9361157191959127
2021-06-01,OD,18.0,1.75,24.88507002272972,0.0703232901656122
2021-06-02,FB,-41.75,47.0,41.0,1.146341463414634
2021-06-02,B2,-59.0,77.25,49.951272459543155,1.5465071497941678
2021-06-02,OD,7.0,2.75,21.56844727147623,0.12750106511546666
2021-06-03,RV,-67.52368939252119,84.0,57.66467172468442,1.456697792385806
2021-06-03,B2,-32.5,33.5,86.97838061027689,0.38515318134173016
2021-06-03,FB,-13.25,33.75,55.75,0.6053811659192825
2021-06-03,OD,-42.25,18.0,30.196316039630204,0.5960992054917053
2021-06-04,FB,131.5,0.0,115.75,0.0
2021-06-06,OD,-49.0,34.0,20.866268696948108,1.629424047672348
2021-06-07,OD,11.5,3.75,21.40090677121821,0.17522622008910968
2021-06-08,OD,-7.0,17.5,22.74865553020806,0.769276231589232
2021-06-09,OD,-2.5,7.25,19.417758768812348,0.373369557543609
2021-06-10,OD,0.75,3.75,25.54749711556019,0.1467854163183755
2021-06-13,OD,-7.25,9.25,16.278650257894515,0.5682289289011605
2021-06-14,RV,-41.59990491369899,40.5,31.54149373084258,1.2840228920546468
2021-06-14,FB,17.25,8.0,37.75,0.2119205298013245
2021-06-14,OD,40.5,5.75,18.875355005096004,0.3046300320416545
2021-06-15,OD,-3.25,8.25,21.502544318904704,0.38367552591191395
2021-06-16,FB,-28.25,29.25,27.5,1.0636363636363637
2021-06-16,RV,-35.3759094709294,37.0,25.45570898563905,1.4535049886402187
2021-06-16,RV,-75.6557632884178,122.25,65.70976160536905,1.8604541701763095
2021-06-17,B2,119.52913450636694,24.75,73.31247930087633,0.33759600324557776
2021-06-17,RV,34.0,65.0,66.89207755856367,0.9717144746041537
2021-06-17,B2,10.0,100.0,87.68980298084989,1.1403834493942069
2021-06-17,OD,1.0,22.0,34.413183631566454,0.6392898790049719
2021-06-18,B2,-35.0,58.0,91.01211769084827,0.6372777765375763
2021-06-20,OD,-24.5,21.5,37.30573718761429,0.5763188619453985
2021-06-21,RV,-75.17658516055235,75.75,65.27338105205189,1.160503696592545
2021-06-21,OD,-33.0,17.25,26.26111191232648,0.6568647990835136
2021-06-22,FB,46.25,7.5,57.25,0.13100436681222707
2021-06-22,OD,19.25,8.0,22.425946145127288,0.3567296535998434
2021-06-23,RV,-42.45639839413525,56.75,32.737471856047435,1.733487553637006
2021-06-23,FB,-45.0,53.25,44.25,1.2033898305084745
2021-06-23,OD,65.75,2.25,19.6699569582234,0.11438764226981925
2021-06-24,RV,35.83744076523726,14.25,26.192270010126084,0.5440536461517412
2021-06-24,FB,-58.25,61.0,57.5,1.0608695652173914
2021-06-24,B2,9.0,8.25,38.84143784147302,0.21240202367562838
2021-06-24,B2,-47.25,55.75,47.100451145103875,1.1836404672271437
2021-06-24,OD,-5.0,26.5,21.740941876057846,1.2188984337050757
2021-06-25,RV,-7.0,11.75,39.95006425084158,0.2941171740356457
2021-06-27,OD,-51.0,21.0,21.089637564905672,0.9957496868009323
2021-06-28,FB,9.25,26.25,72.5,0.3620689655172414
2021-06-28,B2,33.37143905979974,23.25,38.855942779857756,0.5983640683157583
2021-06-28,OD,-20.25,24.0,18.358021079517286,1.3073304522336384
2021-06-29,FB,34.25,39.5,40.25,0.9813664596273292
2021-06-29,B2,4.0,8.0,44.54248534343946,0.17960380832629713
2021-06-29,RV,46.85835645657062,22.25,37.26727482655503,0.5970385573818674
2021-06-29,OD,-3.5,0.5,17.862964129466572,0.027990875219594986
2021-06-30,OD,-0.25,5.75,18.681317618221136,0.30779413516269544
2021-07-01,RV,55.755007916832255,3.0,46.11441140369785,0.06505558476583817
2021-07-01,RV,-24.5,31.5,51.44471585019301,0.6123077847631229
2021-07-01,OD,-20.0,12.25,21.3639704377889,0.5733952888425656
2021-07-02,B2,40.29887412539756,32.0,48.219624230546714,0.6636302233920827
2021-07-02,FB,19.75,14.25,88.75,0.16056338028169015
2021-07-04,OD,-15.75,10.5,17.76819264336274,0.5909436154116804
2021-07-05,OD,-9.0,0.5,8.769028705506848,0.05701885770838061
2021-07-06,RV,-36.83985688047869,47.5,27.356539064042227,1.7363307503482628
2021-07-06,FB,-27.75,36.5,27.0,1.3518518518518519
2021-07-06,B2,-103.0,117.75,48.98884672180246,2.403608328823863
2021-07-06,RV,-68.6641989687123,76.75,59.20744306224624,1.2962897235624724
2021-07-06,B2,23.25,13.0,69.22496057472006,0.18779353418292027
2021-07-06,OD,8.0,12.5,23.16715790491643,0.5395569042738431
2021-07-07,OD,-21.75,15.0,25.900700579806344,0.579134913890895
2021-07-08,RV,-99.94844738688701,123.0,90.0390209344175,1.3660743833453117
2021-07-08,OD,-63.0,27.5,38.379084495728215,0.7165361123468406
2021-07-09,FB,34.0,5.25,78.75,0.06666666666666667
2021-07-11,OD,-18.75,13.25,18.869729888956986,0.7021828122592372
2021-07-12,OD,-27.5,3.25,16.294380071716766,0.19945527143074562
2021-07-13,RV,-54.37753211953168,88.25,44.64264874892129,1.9768092277932412
2021-07-13,FB,-44.25,73.25,130.0,0.5634615384615385
2021-07-13,B2,-50.75,65.25,71.56174155683638,0.9118000565731982
2021-07-13,OD,-16.25,29.75,31.388300897537285,0.9478053653529929
2021-07-14,RV,5.5,33.75,68.11197258620538,0.4955075990096246
2021-07-14,B2,-37.5,61.0,82.2728253232741,0.7414355804643037
2021-07-14,OD,29.5,27.0,28.02242698635174,0.963513974473028
2021-07-15,RV,73.09496271985518,2.75,63.23838343414108,0.0434862476025175
2021-07-15,B2,140.3594387767662,38.5,83.22312362891375,0.46261181173238436
2021-07-15,OD,11.0,39.25,35.148566200117926,1.1166885094695076
2021-07-16,RV,61.5,18.25,60.59866902293607,0.3011617300223629
2021-07-18,OD,-33.0,43.0,28.766032625924872,1.4948185785358186
2021-07-19,RV,29.75,58.0,78.97727933809871,0.7343884277363395
2021-07-19,OD,22.0,7.75,43.07562700132931,0.17991612750664862
2021-07-20,RV,-67.20872364666138,74.75,57.23554838083754,1.3060065311617821
2021-07-20,FB,57.75,6.75,74.0,0.09121621621621621
2021-07-20,B2,62.96160983634765,8.25,79.5798287752274,0.10366948668992566
2021-07-20,B2,-28.0,65.75,72.51351229097394,0.9067275590812084
2021-07-20,OD,-24.0,24.75,30.54999108764166,0.8101475358535236
2021-07-21,FB,41.0,11.5,49.0,0.23469387755102042
2021-07-21,B2,92.62096367312552,45.5,58.74931388008923,0.7744771299434773
2021-07-21,OD,44.0,3.5,22.034843835889134,0.15883933764483477
2021-07-22,FB,27.0,27.5,46.0,0.5978260869565217
2021-07-22,B2,-46.5,54.0,46.260671186829796,1.167298238754771
2021-07-22,RV,33.25,19.5,47.08112116397407,0.41417875186288416
2021-07-22,OD,-6.75,11.0,21.916556920082986,0.5019036539412026
2021-07-23,RV,44.34976166544948,5.75,34.6255869233937,0.16606216705355517
2021-07-23,B2,38.64366660056112,3.75,45.94934196465339,0.08161161487110509
2021-07-23,FB,86.0,17.25,40.75,0.4233128834355828
2021-07-23,RV,51.661223004135536,1.75,42.061065392519964,0.04160617387288568
2021-07-23,B2,13.25,5.5,53.570292608410654,0.10266884372284515
2021-07-25,OD,-21.0,9.75,20.322269042441295,0.4797692609835039
2021-07-26,RV,17.25,17.25,39.21748177713884,0.43985486110573246
2021-07-26,FB,-8.0,30.25,56.0,0.5401785714285714
2021-07-26,OD,-20.25,25.75,19.870304334278604,1.2959036543581384
2021-07-27,B2,22.5,13.75,82.8898043838796,0.16588288634777015
2021-07-27,RV,80.31567371774325,4.25,70.67959975867615,0.06013050462242182
2021-07-27,RV,-53.5,56.5,78.280436470554,0.7217639878803316
2021-07-27,OD,-15.5,13.75,48.86440224226608,0.2813909383732665
2021-07-28,RV,66.5985253705494,5.25,57.00975050517033,0.09208951018868021
2021-07-28,OD,-25.0,16.0,35.60774989990429,0.44934038362370676
2021-07-29,FB,-1.25,20.5,81.5,0.25153374233128833
2021-07-29,B2,-84.0,96.0,56.1636348829215,1.7092910777609256
2021-07-29,OD,-116.5,51.0,34.916278757737714,1.4606367520965564
2021-07-30,FB,36.75,16.75,71.0,0.23591549295774647
2021-07-30,RV,3.75,37.75,52.962445980391855,0.7127691952515954
2021-08-01,OD,23.75,11.25,25.538951820154463,0.44050359150299534
2021-08-02,B2,-38.0,65.0,70.30623373473726,0.9245268384769766
2021-08-02,OD,-8.75,14.25,23.863420322828,0.5971482632088704
2021-08-03,B2,-283.0,150.75,52.43054452643342,2.8752323929040595
2021-08-03,RV,-77.24334050997822,107.5,67.63737548916083,1.5893579433345595
2021-08-03,FB,-1.75,9.75,55.5,0.17567567567567569
2021-08-03,OD,39.0,11.25,28.362723554993316,0.39664738043182085
2021-08-04,FB,-41.5,53.0,40.75,1.3006134969325154
2021-08-04,OD,-1.25,0.0,22.518577590390215,0.0
2021-08-05,RV,39.45118911677491,21.25,29.67011089254848,0.7162089847576824
2021-08-05,FB,24.0,27.25,38.25,0.7124183006535948
2021-08-05,OD,-26.5,6.75,15.436961528233253,0.4372622156021226
2021-08-06,RV,40.68502345703564,3.0,30.951371027157176,0.09692623946667038
2021-08-06,RV,24.0,6.5,45.97099745466083,0.14139349502717802
2021-08-08,OD,64.0,26.75,22.79382357650791,1.1735635274272043
2021-08-09,OD,-21.5,6.0,16.42970284501617,0.3651922409430586
2021-08-10,RV,-2.25,37.5,49.89999399028814,0.7515030965193802
2021-08-10,OD,-0.5,13.5,20.173563006489395,0.6691926456252346
2021-08-11,OD,-2.25,8.75,22.446701669737042,0.3898122819441608
2021-08-12,B2,-74.25,84.75,43.278027693421265,1.9582685375674578
2021-08-12,RV,-51.42037357983645,55.0,41.79224914368437,1.3160335020713183
2021-08-12,OD,16.5,11.0,16.372366604103366,0.6718637730261364
2021-08-13,B2,31.59515254119833,8.25,31.556894273624657,0.26143257091352534
2021-08-13,FB,9.0,13.5,36.5,0.3698630136986301
2021-08-13,RV,-40.87401996248627,40.75,31.33512146040689,1.300457700522692
2021-08-13,B2,11.75,19.5,43.28911345140029,0.4504596755461904
2021-08-15,OD,-18.5,23.5,15.595388529917322,1.5068556935865312
2021-08-16,RV,-37.26325438559434,82.0,27.46451757508728,2.9856705028884676
2021-08-16,RV,-66.44040803421012,66.0,56.73909145744125,1.1632191898861326
2021-08-16,OD,-41.0,27.75,24.85527851770402,1.116463047486437
2021-08-17,RV,66.588273191599,36.75,56.79786310116196,0.6470313845178478
2021-08-17,OD,29.5,14.0,33.65940452096456,0.41593130357609814
2021-08-18,FB,-38.75,38.5,38.0,1.013157894736842
2021-08-18,RV,2.25,5.25,61.740510216949865,0.08503331089348039
2021-08-18,OD,-8.5,13.0,37.234849958782846,0.3491352862812758
2021-08-19,RV,-64.55952308707128,101.0,54.758001884742804,1.8444792819977163
2021-08-19,RV,90.73418535723064,10.75,80.96206899244328,0.13277822730794303
2021-08-19,OD,-28.0,17.25,38.162825184362454,0.45201056045159715
2021-08-20,FB,43.75,8.0,87.25,0.09169054441260745
2021-08-20,B2,119.41268096128624,3.25,73.37163234399279,0.044295048320075844
2021-08-22,OD,16.5,13.75,22.33772127962641,0.6155507013394861
2021-08-23,RV,36.69797113414825,0.5,26.90222585531537,0.018585822700659897
2021-08-23,FB,116.5,7.0,80.5,0.08695652173913043
2021-08-23,B2,35.44211108043419,4.75,44.49771815954493,0.10674704673549888
2021-08-23,OD,32.0,6.25,17.70775215599985,0.35295276017754385
2021-08-24,FB,-3.5,19.75,40.5,0.4876543209876543
2021-08-24,RV,1.5,29.75,40.20826106250816,0.7398977029558766
2021-08-24,OD,22.25,7.0,14.185981620478875,0.4934448801128294
2021-08-25,RV,-35.09851694315512,48.5,25.347256361077623,1.9134220804455562
2021-08-25,OD,-17.25,10.5,14.860908817647934,0.7065516738472161
2021-08-26,RV,-36.53455778420903,76.75,26.779377224673357,2.866011384659307
2021-08-26,RV,27.5,29.75,50.21356857983401,0.5924693432752304
2021-08-26,OD,73.0,18.5,22.45080703717914,0.8240238299390976
2021-08-27,RV,-38.94739581912472,116.75,29.261385788431518,3.9898998921013877
2021-08-27,FB,13.75,60.75,106.5,0.5704225352112676
2021-08-29,OD,-7.5,0.75,17.830985366140414,0.04206161267027838
2021-08-30,B2,26.678202669529128,5.0,30.045884597104347,0.16641214153108583
2021-08-30,FB,92.5,2.5,82.25,0.030395136778115502
2021-08-30,OD,138.5,14.75,16.01913348420752,0.9207738991963145
2021-08-31,RV,5.75,30.25,49.44132458596691,0.6118363586194443
2021-08-31,OD,22.75,10.0,20.37583022626203,0.49077754815169133
2021-09-01,RV,39.98951768579536,3.0,30.42871992688338,0.09859106814905935
2021-09-01,FB,-15.5,37.75,64.5,0.5852713178294574
2021-09-01,OD,37.5,12.0,19.286307143404972,0.6222030952205096
2021-09-02,B2,-31.25,40.75,49.03181409284759,0.8310930516018643
2021-09-02,OD,9.5,5.5,20.375845249702444,0.2699274524614049
2021-09-03,RV,13.0,36.5,48.85809655635892,0.7470614406334152
2021-09-05,OD,28.0,16.5,15.440067823707128,1.068648155461171
2021-09-06,OD,-6.75,2.75,7.561572106793367,0.36368098606497207
2021-09-07,RV,38.07402726536202,9.5,28.710374284669108,0.33089084474502484
2021-09-07,RV,-30.75,45.25,40.976199819029894,1.1042995738952175
2021-09-07,OD,14.0,7.75,17.596265110209146,0.4404343735139306
2021-09-08,B2,-24.5,21.5,64.95162913793604,0.33101556166268015
2021-09-08,RV,-15.5,37.5,60.38100706007157,0.6210562199251195
2021-09-08,OD,-28.25,27.25,23.289383355117728,1.170061035300531
2021-09-09,OD,124.0,4.0,26.121433367060032,0.15313095356566953
2021-09-12,OD,-14.0,12.25,23.963651199670824,0.5111908823046244
2021-09-13,B2,-72.75,72.75,64.20912021163689,1.1330166144655447
2021-09-13,OD,-14.0,10.75,32.61918890920702,0.3295606162961866
2021-09-14,OD,-15.75,3.75,27.993014288479515,0.13396199356577712
2021-09-15,FB,8.75,1.75,51.75,0.033816425120772944
2021-09-15,OD,-18.5,9.25,23.355902942351825,0.3960454889212076
2021-09-16,RV,-58.20529960113163,65.5,48.57288059728259,1.3484890991551446
2021-09-16,B2,-74.0,77.25,60.71610074660324,1.2723149057677547
2021-09-16,OD,11.5,31.5,25.195053912495258,1.2502453898055705
2021-09-17,B2,18.25,33.0,66.92636141462005,0.49307924863208175
2021-09-17,RV,71.63042991704242,3.75,61.949071915097115,0.06053359451679077
2021-09-19,OD,-9.75,5.25,29.619547357828477,0.1772478132962562
2021-09-20,RV,70.7721117426372,57.5,60.53195826588466,0.9499114459081782
2021-09-20,RV,96.45734862126484,9.25,86.39456275199383,0.10706692302562208
2021-09-20,B2,87.92288745599944,0.75,108.9847603371357,0.006881696098426373
2021-09-20,OD,186.0,12.5,52.52967855016715,0.23796071754107898
2021-09-21,OD,95.75,63.25,44.71764641798617,1.4144304333190447
2021-09-22,RV,58.963328020061454,1.0,49.117375920191414,0.020359393824801522
2021-09-22,FB,26.5,5.75,31.25,0.184
2021-09-22,B2,71.12066162574047,47.5,68.57867576121942,0.6926351299839592
2021-09-22,RV,-70.0,104.5,70.47987342262013,1.4826927876754854
2021-09-22,OD,72.75,20.0,41.5064659817928,0.4818526349309813
2021-09-23,FB,25.75,53.0,113.25,0.46799116997792495
2021-09-23,B2,6.75,12.0,86.04590913993532,0.13946043594570615
2021-09-23,OD,-29.75,17.5,28.484821669154687,0.6143622804895492
2021-09-24,FB,50.25,6.0,34.25,0.17518248175182483
2021-09-24,RV,48.25,9.75,61.16628108338085,0.15940154979683926
2021-09-26,OD,117.0,5.25,23.960214981251134,0.21911322599184208
2021-09-27,B2,-88.75,92.25,76.91093024966888,1.1994393995825732
2021-09-27,RV,-41.25,60.0,69.71356004977159,0.8606646964688556
2021-09-27,OD,-33.5,7.0,34.14250150855519,0.2050230560360666
2021-09-28,B2,79.0,90.0,112.11127783264808,0.8027738309641402
2021-09-28,OD,8.0,21.5,50.42516587021004,0.42637440311726726
2021-09-29,RV,83.53671980082254,23.25,73.93031256493623,0.31448534698914615
2021-09-29,RV,-6.0,20.75,102.76247606090575,0.20192195434938517
2021-09-29,OD,78.75,8.0,47.28139993816052,0.1691997278097354
2021-09-30,FB,-63.75,77.0,63.0,1.2222222222222223
2021-09-30,RV,-90.87984955382308,118.5,81.13495366183436,1.4605295825261813
2021-09-30,B2,26.25,101.0,108.11101510746178,0.934224878932147
2021-09-30,OD,-109.25,39.5,49.520973047759874,0.7976418387802018
2021-10-01,RV,-97.53410121808156,99.75,87.62412949847055,1.1383850609522015
2021-10-03,OD,-66.0,12.25,40.645482608063375,0.3013865062970075
2021-10-04,B2,86.91471103275398,15.5,98.91272443747519,0.15670380214628377
2021-10-04,RV,-5.25,21.0,102.18203400303963,0.2055155801593782
2021-10-04,B2,-67.0,78.0,119.06574453329162,0.6551002583130923
2021-10-04,OD,-66.25,38.5,49.08420363627284,0.7843663979005417
2021-10-05,FB,164.25,20.0,68.25,0.29304029304029305
2021-10-05,B2,143.92082323624345,12.5,83.44272500135042,0.14980335313591092
2021-10-05,OD,-59.5,18.0,33.16433800839771,0.5427516748696183
2021-10-06,RV,-82.93754292374797,126.0,72.96011753894533,1.7269709020512825
2021-10-06,FB,5.5,116.5,188.25,0.6188579017264276
2021-10-06,OD,30.0,14.5,48.73781051195811,0.29751028714025507
2021-10-07,FB,-32.25,40.5,83.25,0.4864864864864865
2021-10-07,B2,-103.75,106.5,66.23807654016628,1.6078365430104118
2021-10-07,OD,-19.0,4.25,29.160959514712435,0.1457428037597929
2021-10-10,OD,-24.5,40.0,34.14116749204453,1.171606097223262
2021-10-11,FB,7.5,16.0,69.0,0.2318840579710145
2021-10-11,RV,-74.33800124571826,95.25,64.09577399058675,1.4860574117411958
2021-10-11,OD,-28.5,1.75,35.66189832619937,0.04907198108167857
2021-10-12,RV,-3.5,63.75,80.88049674359713,0.7881999068588403
2021-10-12,OD,-3.5,9.5,39.23953556279731,0.2421027635456235
2021-10-13,RV,67.57310723893899,63.75,57.728919512740575,1.1042992063263992
2021-10-13,OD,80.75,4.5,34.602747213844275,0.1300474777967799
2021-10-14,FB,29.75,1.5,89.25,0.01680672268907563
2021-10-14,OD,-33.75,20.75,22.585752802922944,0.9187207608734047
2021-10-15,RV,34.75,25.0,44.89042421462101,0.5569116451311545
2021-10-15,B2,47.893775647784416,14.5,60.1888505438421,0.24090840527745366
2021-10-17,OD,-115.5,37.0,25.94782066735241,1.4259386356309092
2021-10-18,RV,60.972031888273705,12.25,51.272973581817176,0.23891729198136835
2021-10-18,FB,92.75,28.0,104.5,0.2679425837320574
2021-10-18,OD,3.0,2.0,22.070123522024293,0.09062024496619392
2021-10-19,RV,-4.0,16.0,46.6934567853101,0.342660430423169
2021-10-19,FB,1.25,10.25,65.5,0.15648854961832062
2021-10-19,OD,-19.75,12.25,22.976201146390327,0.5331603741606578
2021-10-20,B2,12.25,13.0,60.252277010856915,0.21575948071900283
2021-10-20,OD,-12.0,19.5,23.871224117430316,0.816883118522668
2021-10-21,RV,44.08294056235536,5.0,34.2937683758682,0.14579908353024262
2021-10-21,FB,26.5,14.75,64.75,0.2277992277992278
2021-10-21,B2,12.0,4.5,50.0487682112355,0.08991230275652999
2021-10-21,OD,37.5,21.5,30.494148493998658,0.7050532991347919
2021-10-22,RV,-29.25,68.5,62.29661141954334,1.099578266603929
2021-10-24,OD,57.75,23.25,32.73650887578559,0.7102162325316695
2021-10-25,FB,-50.0,67.25,49.25,1.365482233502538
2021-10-25,RV,54.32261719552662,13.0,44.52346470211776,0.29198087091774905
2021-10-25,OD,75.0,4.25,27.710804209151828,0.15336978197826487
2021-10-26,RV,-50.33774670267848,92.5,40.76163323916715,2.269290817108828
2021-10-26,FB,-110.25,120.25,109.5,1.0981735159817352
2021-10-26,B2,-44.75,93.75,71.6901767359538,1.307710543737338
2021-10-26,OD,-27.5,27.5,37.39750443366481,0.735343184430371
2021-10-27,FB,83.0,16.5,78.0,0.21153846153846154
2021-10-27,B2,130.6019982428843,35.75,76.20522401528004,0.46912794315559925
2021-10-27,B2,-70.75,82.5,68.81806169393914,1.1988131889984026
2021-10-27,OD,-22.5,18.75,32.71612648054903,0.5731118569659395
2021-10-28,FB,14.25,27.5,63.0,0.4365079365079365
2021-10-28,RV,-63.83758646573371,62.25,54.09489339443512,1.15075557217761
2021-10-28,OD,-23.0,26.25,38.954375248912434,0.6738652547311197
2021-10-29,RV,56.62570070129368,14.5,46.97731818080198,0.3086595949175671
2021-10-29,FB,84.0,30.5,90.0,0.3388888888888889
2021-10-31,OD,12.5,8.0,27.733776572558895,0.2884569282899458
2021-11-01,RV,3.25,37.75,44.99758723764933,0.838933869956803
2021-11-01,OD,-25.75,28.5,26.565910765023446,1.0728034228558414
2021-11-02,RV,43.41918228702161,38.25,33.84607354040457,1.1301163177565674
2021-11-02,FB,-24.75,67.0,96.0,0.6979166666666666
2021-11-02,B2,17.5,36.0,65.01322830536803,0.5537334622256798
2021-11-02,OD,16.0,8.5,23.7727046436626,0.3575529216136522
2021-11-03,RV,80.0,13.75,48.41946491530376,0.2839767028415485
2021-11-03,OD,-12.75,10.5,30.721842846163494,0.34177637235427843
2021-11-04,FB,95.0,10.5,82.25,0.1276595744680851
2021-11-04,OD,-18.5,22.75,30.49556963479456,0.7460100031724907
2021-11-05,FB,-86.5,123.25,85.75,1.4373177842565599
2021-11-05,B2,-17.75,62.75,76.26328352214357,0.8228074782772775
2021-11-05,RV,13.25,17.25,67.93773434792762,0.2539089677565351
2021-11-07,OD,30.0,42.5,38.30262950447458,1.109584395375129
2021-11-08,OD,64.0,12.75,28.939926375359512,0.4405678105268369
2021-11-09,RV,72.42927266220069,33.0,62.55856679017288,0.5275056909581225
2021-11-09,B2,143.7590067388628,40.0,90.79385533801468,0.4405584480478858
2021-11-09,RV,-3.75,22.25,79.51315461059284,0.2798279116074188
2021-11-09,OD,-39.75,28.0,35.652113402368336,0.7853671866235
2021-11-10,RV,78.49160949954967,48.5,68.59321159519503,0.7070670533146087
2021-11-10,OD,-55.5,13.75,46.395507373073336,0.29636490208920785
2021-11-11,OD,-15.25,10.5,28.772163195399678,0.3649360643720672
2021-11-12,RV,56.09172755823056,24.0,46.20970313639986,0.519371438703205
2021-11-12,FB,55.5,6.25,70.25,0.08896797153024912
2021-11-12,B2,24.0,25.75,73.37587362913197,0.35093278930006
2021-11-14,OD,-43.0,17.0,23.451530462928737,0.7248993845784579
2021-11-15,OD,5.0,10.75,27.954461599672367,0.38455399906990134
2021-11-16,B2,56.3645647555968,51.75,66.60583532917533,0.7769589517831925
2021-11-16,FB,82.5,7.75,65.75,0.11787072243346007
2021-11-16,OD,-26.0,25.75,23.35775842921853,1.1024174292250999
2021-11-17,RV,49.63135483029328,20.5,40.02660107893193,0.5121594001842492
2021-11-17,B2,39.93227249292249,6.25,51.77194768090314,0.12072174758658745
2021-11-17,FB,-50.75,60.25,50.0,1.205
2021-11-17,B2,-39.75,56.75,67.50160519972877,0.8407207477819806
2021-11-17,OD,151.5,0.0,27.800138638473847,0.0
2021-11-18,RV,61.61592902545455,28.75,52.02330992494258,0.5526368860704846
2021-11-18,FB,-33.25,46.0,79.5,0.5786163522012578
2021-11-18,B2,123.93680489910912,2.5,79.49377488835766,0.031449003440974344
2021-11-18,OD,68.5,3.5,30.02314295551696,0.1165767356597438
2021-11-19,RV,-62.771487596390216,66.0,52.92564131219957,1.247032598257562
2021-11-19,FB,-65.75,65.5,65.0,1.0076923076923077
2021-11-19,B2,-41.75,84.5,79.15366630098909,1.0675437279011308
2021-11-21,OD,3.5,0.0,29.539113195609332,0.0
2021-11-22,RV,44.13408200243066,8.25,34.561229065330224,0.23870678859265196
2021-11-22,FB,-91.75,92.5,91.0,1.0164835164835164
2021-11-22,B2,75.37880031572422,10.25,43.20153633166278,0.2372600807829995
2021-11-22,B2,80.94864693545605,23.25,96.26716425068707,0.24151537215176733
2021-11-22,OD,-64.75,37.0,48.952016117506005,0.7558422090559866
2021-11-23,RV,79.8279481673344,7.25,70.1384474003612,0.10336698727612074
2021-11-23,B2,-9.75,31.5,111.99870925166482,0.281253241313866
2021-11-23,RV,113.68920573738069,37.75,103.89145658584228,0.3633600032242146
2021-11-23,B2,39.75,37.5,129.86432073230284,0.2887629164695745
2021-11-23,RV,-59.5,72.25,114.65463890220727,0.6301533081589871
2021-11-23,OD,32.5,33.5,55.58887664430048,0.6026385496932821
2021-11-24,B2,87.23957882153627,26.0,103.548162758442,0.2510908866693561
2021-11-24,FB,-24.0,54.75,142.25,0.38488576449912126
2021-11-24,B2,33.25,68.0,119.3352434905661,0.5698232811279733
2021-11-24,OD,63.75,3.75,38.33044538559723,0.0978334575107513
2021-11-25,OD,-53.0,44.75,20.37953285407973,2.1958305089923393
2021-11-26,RV,88.53764515642253,70.75,78.45515643187613,0.9017890374284494
2021-11-26,RV,124.05148336769525,5.0,114.13517686132332,0.043807703615118654
2021-11-28,OD,-38.0,39.25,75.7711698538879,0.5180070477423946
2021-11-29,FB,136.5,14.0,81.5,0.17177914110429449
2021-11-29,B2,79.66491425390268,6.25,98.87733522554426,0.0632096322756214
2021-11-29,OD,-27.0,1.75,34.62493635513768,0.050541609146967675
2021-11-30,RV,-86.78117228632618,264.0,76.68680501726799,3.442573985714409
2021-11-30,FB,-134.25,159.75,133.5,1.196629213483146
2021-11-30,B2,-82.25,99.5,153.83148746935493,0.646811661493045
2021-11-30,OD,217.5,15.0,61.891001687719374,0.24236156454026744
2021-12-01,FB,-66.25,78.75,65.5,1.202290076335878
2021-12-01,RV,50.75,10.5,126.54497087683299,0.08297445506720069
2021-12-01,OD,-23.75,33.5,86.44044376822453,0.3875500696158456
2021-12-02,RV,113.05566229068427,86.5,103.34659388955956,0.8369893650528771
2021-12-02,OD,-7.5,84.0,75.77498330299754,1.1085452789097097
2021-12-03,RV,59.25,55.0,143.02287130995228,0.38455387936385815
2021-12-03,B2,-70.5,127.0,178.77858913744035,0.7103758935157817
2021-12-05,OD,26.25,0.25,76.40566198365657,0.0032720088211980396
2021-12-06,RV,-127.41800897983012,138.75,117.1733377121644,1.1841431054975882
2021-12-06,OD,97.25,0.25,54.037829424872264,0.004626388636641486
2021-12-07,FB,73.0,32.0,143.5,0.2229965156794425
2021-12-07,OD,38.25,6.5,39.80348321848646,0.1633022910161068
2021-12-08,B2,-193.5,104.75,89.87251881641095,1.1655398266290984
2021-12-08,OD,5.75,0.75,34.2827438153407,0.021876895386196978
2021-12-09,OD,-36.25,29.5,43.94766027005428,0.6712530273221657
2021-12-12,OD,4.5,2.5,39.0061710104656,0.06409242269202056
2021-12-13,RV,-32.75,35.25,79.12734425755487,0.4454844318452458
2021-12-13,OD,2.75,28.5,40.99489030699697,0.6952085927434631
2021-12-14,B2,-112.5,126.5,124.74138213890099,1.014098111075447
2021-12-14,OD,-15.25,38.25,49.23063312576229,0.7769552729961511
2021-12-15,RV,86.27204270156471,7.25,76.4681188175462,0.09481075397315034
2021-12-15,B2,81.99431605050086,42.0,106.58525739893815,0.3940507442112573
2021-12-15,OD,233.0,27.25,72.88402888854684,0.37388163656087525
2021-12-16,OD,-33.25,5.5,64.33577401882646,0.08548898468821632
2021-12-17,RV,126.75437795606922,43.5,116.582344177103,0.37312682556732707
2021-12-17,FB,18.25,139.75,193.0,0.7240932642487047
2021-12-17,B2,14.75,50.75,198.55446746903436,0.2555973715772209
2021-12-19,OD,-109.0,21.0,65.40873760627457,0.3210580232630189
2021-12-20,RV,88.27572387153486,28.5,76.30807847752173,0.3734860131276313
2021-12-20,RV,-30.0,51.25,110.17435028138432,0.46517179242816453
2021-12-20,OD,97.0,36.0,57.55202702441544,0.6255209740002317
2021-12-21,RV,82.72695368714629,3.0,72.50068638040828,0.04137891859753046
2021-12-21,RV,-95.19824067922308,101.25,85.0694693790255,1.1902037327737691
2021-12-21,FB,77.5,6.0,55.0,0.10909090909090909
2021-12-21,OD,-21.75,14.0,38.86262681894416,0.36024327602002176
2021-12-22,FB,91.0,30.5,65.0,0.46923076923076923
2021-12-22,B2,62.25,77.75,93.11509102646845,0.8349881758468041
2021-12-22,OD,-13.5,8.5,38.11265747457014,0.2230230207817821
2021-12-23,RV,46.30087355832074,35.0,36.64134847792042,0.9552050198450127
2021-12-23,B2,43.36452682710478,12.5,52.619422340443336,0.23755486936222955
2021-12-23,FB,68.0,12.5,88.25,0.141643059490085
2021-12-26,OD,-23.5,20.25,25.373999688977957,0.7980610171125786
2021-12-27,RV,49.46173404216461,28.0,39.56935316093452,0.7076183400350211
2021-12-27,FB,90.75,6.25,85.75,0.0728862973760933
2021-12-27,B2,15.0,9.5,58.57602477167049,0.16218239522109987
2021-12-27,OD,155.5,11.75,23.881069534373033,0.4920215144923777
2021-12-28,RV,-79.28572749739396,94.25,69.50177732975894,1.3560804287467407
2021-12-28,B2,-1.5,75.25,89.53954316791621,0.8404108099913064
2021-12-28,OD,-33.25,22.5,36.42872392072551,0.6176444733272417
2021-12-29,FB,-40.0,91.75,39.25,2.337579617834395
2021-12-29,OD,141.0,1.25,30.665842860634125,0.04076196456366214
2021-12-30,FB,-23.75,37.75,55.5,0.6801801801801802
2021-12-30,B2,-151.5,80.5,59.34421639646124,1.3564927618591034
2021-12-30,OD,-31.75,65.75,27.15574303683806,2.4212189631786907
2021-12-31,RV,15.5,16.75,60.36848721290437,0.2774626427348923
2022-01-02,OD,-3.0,0.25,33.71431443805137,0.0074152479196741335
2022-01-03,RV,-58.612899313073285,173.5,48.204701521484786,3.599233985976891
2022-01-03,RV,-85.5,109.0,79.96221712821904,1.3631437935896527
2022-01-03,OD,26.5,6.0,34.01579034019994,0.17638866949709486
2022-01-04,RV,6.25,22.0,85.69597195874859,0.25672151790973474
2022-01-04,OD,-20.25,18.5,42.20675001175671,0.43831851528124804
2022-01-05,RV,76.77582122203603,34.5,66.72149044995925,0.5170747800646751
2022-01-05,B2,87.18271425097737,65.5,112.96581930417489,0.5798214044164358
2022-01-05,B2,101.96891459359904,19.0,126.68190443696268,0.14998195744250484
2022-01-05,OD,-242.5,52.0,63.34985483397267,0.8208385028865752
2022-01-06,RV,103.50695941990853,34.5,93.22363598687632,0.3700778202306632
2022-01-06,RV,-6.75,83.75,136.39498114546913,0.6140255256949538
2022-01-06,OD,-40.0,45.0,58.77021963232681,0.7656939225601866
2022-01-07,RV,-32.75,68.5,134.47423433424123,0.509391262490779
2022-01-09,OD,198.5,2.75,52.494848649358275,0.052386092554885716
2022-01-10,RV,-127.25934425228297,142.0,117.05364328191007,1.2131190112383734
2022-01-10,OD,89.0,46.0,66.1915869829696,0.6949523662551755
2022-01-11,B2,126.5465934227905,5.75,131.7429096679246,0.043645612613943584
2022-01-11,RV,70.75,37.75,125.86616146760115,0.29992175466252796
2022-01-11,FB,53.0,20.25,153.25,0.13213703099510604
2022-01-11,OD,28.75,22.25,45.6011194379272,0.48792661834293277
2022-01-12,B2,8.75,54.25,125.59009165959688,0.4319608281443158
2022-01-12,OD,-57.25,12.25,45.448038031326554,0.2695385880366559
2022-01-13,B2,84.31427360944872,89.5,93.97919422746372,0.9523384482673638
2022-01-13,RV,103.76142184757373,5.75,93.82810924715389,0.06128227506805927
2022-01-13,B2,116.34240620686614,7.25,146.3035329054063,0.049554510790163514
2022-01-13,OD,-148.5,45.5,62.11279037306974,0.732538334322321
2022-01-14,RV,9.75,95.25,102.83563342340537,0.9262353605372077
2022-01-16,OD,41.5,68.75,63.714674534782176,1.0790292895943305
2022-01-17,OD,-69.5,26.25,26.82400220312884,0.9786011722343997
2022-01-18,RV,-103.38442036074412,101.75,93.1630865445111,1.0921707703553412
2022-01-18,B2,15.0,87.5,144.3286585533701,0.6062552016836219
2022-01-18,OD,-154.0,31.25,56.88016575180718,0.5494006493644427
2022-01-19,RV,12.25,123.0,117.46222162694255,1.047145186736254
2022-01-19,OD,94.75,44.25,67.71935771566856,0.6534320686529733
2022-01-20,B2,-94.5,104.5,98.10913929454867,1.0651403197643425
2022-01-20,FB,-100.5,107.25,127.0,0.844488188976378
2022-01-20,OD,-90.5,102.75,84.88826172643304,1.210414701753812
2022-01-21,RV,117.64260491288951,16.25,106.47962196671143,0.15261136074544115
2022-01-21,RV,188.75,155.5,151.17282414754558,1.0286240326385057
2022-01-23,OD,-82.0,25.5,81.88854575831971,0.31139886248876575
2022-01-24,RV,184.90551353289084,36.25,173.5039291784413,0.20892898605609353
2022-01-24,OD,-188.5,159.5,144.4038134738854,1.1045414671742353
2022-01-25,B2,190.56084688032388,11.75,235.78294637760018,0.04983396882818948
2022-01-25,OD,8.0,23.25,139.13279355133176,0.16710654193414243
2022-01-26,FB,-68.75,83.5,109.5,0.7625570776255708
2022-01-26,OD,-170.25,52.5,126.6921264455621,0.41439039246498516
2022-01-28,FB,41.25,14.0,309.0,0.045307443365695796
2022-01-28,B2,170.0,197.25,244.209512505733,0.8077080944804287
2022-01-30,OD,234.5,31.25,83.0176447350311,0.3764260007585277
2022-01-31,FB,163.75,8.0,181.0,0.04419889502762431
2022-01-31,B2,111.60987063910395,39.75,138.23778120664156,0.28754801800949503
2022-01-31,OD,-42.0,23.25,59.509717392092846,0.3906924955938249
2022-02-01,OD,232.0,7.75,64.67081055272617,0.11983768154075351
2022-02-02,B2,-149.0,156.25,128.31820533139617,1.21767600783121
2022-02-02,OD,-12.0,40.5,85.385646508154,0.47431859634783474
2022-02-03,RV,101.39904691626904,4.75,91.117959814518,0.05213022778022268
2022-02-03,OD,4.0,69.75,85.37885551261338,0.8169470014703527
2022-02-04,FB,91.75,0.5,238.0,0.0021008403361344537
2022-02-06,OD,80.5,34.25,75.91356565290934,0.4511710088365134
2022-02-07,OD,-73.0,57.5,56.68646386682002,1.0143515061213082
2022-02-08,RV,81.7037699129778,22.25,71.42687386373662,0.3115074032561897
2022-02-08,FB,46.5,17.75,147.75,0.12013536379018612
2022-02-08,B2,57.75,73.25,124.7008236652907,0.5874059035617136
2022-02-08,OD,28.0,21.75,52.245187802465374,0.41630628417367177
2022-02-09,FB,5.0,17.5,60.0,0.2916666666666667
2022-02-09,OD,-33.75,36.25,40.67110105182728,0.8912962536668614
2022-02-10,RV,-100.59335530138196,107.25,90.20542047401202,1.1889529413689557
2022-02-10,RV,-124.88888542169661,123.25,114.677955095264,1.074748846869611
2022-02-10,RV,-141.1536718171883,152.5,130.9922838264222,1.1641907106687113
2022-02-10,OD,-124.0,39.5,81.05209288698161,0.4873409013025547
2022-02-11,RV,120.6090724216192,12.75,110.26708791124648,0.1156283369908383
2022-02-11,B2,138.83244575513527,33.0,172.07927681948118,0.19177207511522998
2022-02-11,RV,99.75,13.25,147.67152156119312,0.08972616967659114
2022-02-13,OD,-78.75,68.25,82.50566411823084,0.827215933953305
2022-02-14,FB,-140.75,140.25,140.0,1.0017857142857143
2022-02-14,OD,-77.5,27.75,66.52766817756482,0.4171196850900323
2022-02-15,OD,87.0,14.5,48.60403362119307,0.29832914924323256
2022-02-16,B2,-166.25,207.75,87.90270415868788,2.3634085206861863
2022-02-16,RV,-100.147722562333,116.75,90.2118596101885,1.294175738140025
2022-02-16,OD,-42.0,2.0,57.9159241278827,0.034532816839525006
2022-02-18,RV,103.91312238013958,10.25,93.4728078078116,0.10965755967312879
2022-02-18,B2,57.25,61.0,156.9272446154647,0.388715166378373
2022-02-21,OD,-58.0,19.0,63.47162843766282,0.29934634525188536
2022-02-22,RV,-135.4146510104165,146.5,124.7348476307656,1.1744913533198245
2022-02-22,FB,-149.75,154.25,149.0,1.0352348993288591
2022-02-22,OD,86.75,52.0,84.2513913517081,0.6172004896978567
2022-02-23,B2,102.9060482431978,83.25,122.59764886083703,0.6790505427595818
2022-02-23,B2,124.2454317207812,8.5,148.96697771572684,0.05705962576632601
2022-02-23,OD,-104.75,101.75,68.18444884743951,1.4922757567148826
2022-02-24,RV,-167.87576346060268,181.5,155.79696417941082,1.164977770625815
2022-02-24,OD,-150.0,72.5,106.83631248152817,0.6786082214559318
2022-02-27,OD,-0.75,9.25,106.9172282423385,0.08651552375669483
2022-02-28,FB,31.75,74.0,140.0,0.5285714285714286
2022-02-28,RV,134.40465007153762,111.25,121.01189220076726,0.9193311333024063
2022-02-28,OD,-59.5,79.25,79.73298063064813,0.9939425238235421
2022-03-01,OD,-80.0,56.0,72.16551539906547,0.7759939036024011
2022-03-02,RV,-120.69908041420061,124.5,108.62948149090792,1.1460977102281429
2022-03-02,B2,52.75,26.5,196.9631019907663,0.13454296633306645
2022-03-02,FB,4.25,20.25,224.0,0.09040178571428571
2022-03-02,OD,5.5,23.75,60.20566753218134,0.394481133978044
2022-03-03,B2,123.4352003619679,93.0,133.26761086977177,0.6978439801916986
2022-03-03,OD,-37.5,252.25,67.65596586860163,3.7284221245160936
2022-03-04,RV,120.89908606064822,8.0,107.6829193701863,0.0742921908766055
2022-03-04,RV,120.75,68.25,138.82540740749803,0.49162470526496566
2022-03-06,OD,-7.0,82.5,77.74854185842581,1.0611131479510734
2022-03-07,RV,140.9385155341752,11.25,128.3177600009857,0.08767297683433363
2022-03-07,OD,-3.5,21.5,70.81518129704227,0.30360721537682467
2022-03-08,RV,-241.18732109718076,244.75,229.04259274286352,1.0685785428336052
2022-03-08,FB,-158.75,161.0,266.75,0.6035613870665417
2022-03-08,B2,-305.25,307.75,286.3032409285794,1.0749092430873692
2022-03-08,OD,292.0,37.5,108.681084241871,0.3450462448142615
2022-03-09,FB,24.5,85.25,117.0,0.7286324786324786
2022-03-09,OD,-42.25,33.75,63.014302016230104,0.5355926975324947
2022-03-10,OD,-168.5,77.5,59.517598767916574,1.302135865766429
2022-03-13,OD,-11.25,4.0,61.135429557750015,0.0654285089503052
2022-03-14,B2,-24.25,64.75,172.27374705220595,0.3758552948893491
2022-03-14,OD,-42.0,57.75,63.80025369321847,0.9051688144954575
2022-03-15,FB,40.0,22.5,199.5,0.11278195488721804
2022-03-15,RV,76.75,33.75,116.03979348662372,0.29084850106951
2022-03-15,B2,228.91505709865305,56.0,143.30511743983112,0.3907746003802863
2022-03-15,OD,118.25,21.5,57.95486889638591,0.3709783217427095
2022-03-16,FB,-76.75,157.75,178.25,0.884992987377279
2022-03-16,B2,164.80415519628696,7.25,177.56483484917325,0.04083015652371867
2022-03-16,OD,-31.5,39.0,80.64957931656896,0.4835735081384075
2022-03-17,FB,101.25,25.5,135.5,0.1881918819188192
2022-03-17,B2,27.5,64.25,134.16114024697268,0.4789017138772402
2022-03-17,OD,-101.0,58.5,55.739851447705156,1.0495184052452025
2022-03-18,RV,76.94901333145935,21.5,65.99604681657307,0.32577708873618283
2022-03-18,FB,155.5,12.0,172.5,0.06956521739130435
2022-03-20,OD,-66.75,46.25,46.125254324024596,1.0027044983882165
2022-03-21,RV,-68.86464625881672,132.75,57.94789774027005,2.290851008866665
2022-03-21,RV,103.19543059657553,22.0,92.71100341940476,0.2372965364259591
2022-03-21,FB,-63.5,112.25,62.75,1.7888446215139442
2022-03-21,B2,50.5,152.0,150.53601083393698,1.0097251757765655
2022-03-21,OD,129.5,67.75,62.79861577042564,1.0788454358241788
2022-03-22,FB,114.0,12.25,165.25,0.07413010590015129
2022-03-22,RV,91.37938357174244,13.75,81.49718487359675,0.1687174841845941
2022-03-22,OD,-11.5,29.75,43.812739008593134,0.6790262529390148
2022-03-23,RV,84.0823329041541,53.5,74.03154981946413,0.7226648655940194
2022-03-23,B2,76.41737940740313,65.5,92.53943727433017,0.7078063356472265
2022-03-23,B2,-96.0,109.0,120.38290283310792,0.9054441904521231
2022-03-23,OD,57.5,31.75,46.76047925260594,0.6789921854410974
2022-03-24,FB,73.75,16.75,77.0,0.21753246753246752
2022-03-24,OD,29.5,29.0,42.91500442492727,0.675754328552633
2022-03-25,B2,-257.5,140.75,116.74029919330053,1.205667631251688
2022-03-25,RV,-83.5,90.0,101.51211729670007,0.8865936638573659
2022-03-27,OD,-51.0,47.75,47.08173859670864,1.014193643293752
2022-03-28,RV,-79.71626925529563,78.5,69.24709835319604,1.1336215071367954
2022-03-28,B2,-86.25,109.5,104.28737003628909,1.0499833293513592
2022-03-28,FB,-115.5,120.0,114.75,1.0457516339869282
2022-03-28,B2,99.59150189619504,2.0,120.08042537128529,0.016655503957585565
2022-03-28,OD,152.0,14.75,43.42809249419554,0.3396419034976367
2022-03-29,OD,-34.25,14.0,45.46739944743064,0.3079129259676878
2022-03-30,FB,-63.75,69.0,60.75,1.1358024691358024
2022-03-30,OD,-381.5,185.25,38.15276291657101,4.855480595339526
2022-04-01,RV,90.03592881368968,5.5,79.8314763743205,0.06889513071524746
2022-04-01,RV,-7.5,54.0,89.63884017223418,0.6024174330707885
2022-04-03,OD,3.75,34.75,46.34300559474305,0.7498434672942725
2022-04-04,FB,93.5,17.75,147.5,0.12033898305084746
2022-04-04,RV,74.51527512778921,41.25,64.14511824698377,0.6430730993615349
2022-04-04,B2,72.97139533803056,11.0,85.39165510810616,0.12881820812670697
2022-04-04,OD,-9.0,12.25,29.34107990345477,0.41750337889089156
2022-04-05,B2,0.25,18.0,61.015417887794726,0.2950074034254979
2022-04-05,RV,87.66325677596433,12.0,77.72037116603062,0.1543996743706348
2022-04-05,OD,-100.5,25.5,41.95575577781896,0.6077831164581539
2022-04-06,RV,-89.0,88.25,131.17210001610243,0.6727802634033198
2022-04-06,OD,74.0,71.0,65.79073652717308,1.0791792849237274
2022-04-07,RV,-86.37381202130746,98.0,76.55246390725007,1.28016780908235
2022-04-07,B2,-196.25,221.75,136.96785959979638,1.6189929567996961
2022-04-07,OD,68.75,30.75,57.80819406596327,0.531931510694004
2022-04-08,B2,-122.5,142.5,83.78693390878469,1.7007425066435031
2022-04-08,RV,106.20316512784848,29.25,96.12234213596003,0.3042997012976172
2022-04-10,OD,-92.75,42.5,41.850782281293704,1.0155126782181196
2022-04-11,OD,-122.5,25.75,42.14157801090318,0.6110354954752233
2022-04-12,OD,104.75,8.5,59.643364493148525,0.14251375777059708
2022-04-13,FB,126.25,31.25,108.75,0.28735632183908044
2022-04-13,RV,102.780309123802,39.25,92.73180970180397,0.4232636042175336
2022-04-13,OD,31.5,16.75,39.180825565703444,0.4275050297730824
2022-04-14,B2,77.74735447633613,40.25,87.41920511814747,0.4604251428001654
2022-04-14,B2,78.277967723865,66.75,101.25005127241083,0.6592589254143756
2022-04-14,RV,86.5,20.75,77.86337103366957,0.2664924434241014
2022-04-17,OD,7.0,57.5,44.72773058163639,1.285555945993098
2022-04-18,FB,-118.75,130.75,118.0,1.1080508474576272
2022-04-18,B2,25.0,127.5,131.49873090585146,0.9695911064821271
2022-04-18,OD,-26.75,9.25,54.65095621065448,0.1692559589322733
2022-04-19,RV,105.67834064492126,15.5,95.5539830160997,0.1622119718168989
2022-04-19,FB,109.25,2.75,162.5,0.016923076923076923
2022-04-19,B2,97.92089355133612,12.75,128.23230171511574,0.09942892570333593
2022-04-19,OD,230.0,45.0,53.03836944547089,0.8484423723897622
2022-04-20,B2,-20.75,116.75,131.14104786890297,0.8902628269122175
2022-04-20,OD,-12.25,5.5,56.826396964116924,0.09678600604351142
2022-04-21,B2,-257.5,132.25,97.54474337066661,1.3557880766311992
2022-04-21,OD,-159.0,33.5,61.391622639005135,0.5456770575520803
2022-04-24,OD,-46.5,65.0,65.64494695896587,0.990175223092662
2022-04-25,RV,-122.8190057929005,148.25,113.64990381703991,1.304444570746503
2022-04-25,FB,-48.25,93.25,144.5,0.6453287197231834
2022-04-25,OD,-21.5,24.0,69.28186070108971,0.34641101952422754
2022-04-26,RV,-35.75,67.75,101.28592672255526,0.6688984560074408
2022-04-26,OD,115.25,25.0,97.11207684266301,0.25743451085392777
2022-04-27,RV,-116.99666137140957,124.25,106.57203887913907,1.1658780418089694
2022-04-27,B2,159.25044174248433,73.5,187.01004190417416,0.3930270227823495
2022-04-27,FB,10.25,119.0,140.25,0.8484848484848485
2022-04-27,B2,-106.75,229.75,221.8852989517812,1.0354448946612183
2022-04-27,OD,108.75,32.25,86.5410943857035,0.3726553289962516
2022-04-28,RV,143.83848113712884,101.25,133.93617535705292,0.755957079781346
2022-04-28,B2,263.66392394382643,2.75,165.82725532743586,0.016583522380382888
2022-04-28,FB,104.25,24.5,174.0,0.14080459770114942
2022-04-28,OD,124.25,25.5,99.0907300860083,0.2573399144184994
2022-04-29,RV,-126.4503823273244,166.5,115.13228775017242,1.446162525331654
2022-04-29,B2,135.4340928652673,28.0,177.84419343868635,0.1574411818491746
2022-05-01,OD,-3.0,70.5,77.00317343322459,0.915546682775821
2022-05-02,RV,137.7732737368024,118.5,127.15632831228419,0.9319237317782167
2022-05-02,OD,207.5,10.75,85.32316185117445,0.12599158032552482
2022-05-03,FB,-40.0,49.25,110.0,0.44772727272727275
2022-05-03,OD,-22.0,24.25,66.74817363370045,0.36330582066677597
2022-05-04,B2,-17.75,44.0,83.5720202407302,0.5264919990357715
2022-05-04,RV,-90.655741820221,122.0,80.51410106092915,1.5152625241096134
2022-05-04,OD,-49.5,12.25,85.53614930496121,0.143214302953073
2022-05-05,OD,-49.5,39.5,85.58915113663815,0.4615070891045586
2022-05-06,B2,-274.5,286.25,258.54128590686054,1.1071732663351939
2022-05-08,OD,-160.5,105.0,93.52848408751,1.122652644532939
2022-05-09,RV,154.00584262211305,16.25,143.38775908539372,0.11332906033019464
2022-05-09,OD,-107.75,15.5,72.94726871477468,0.21248225290799191
2022-05-10,RV,-166.1734340425428,213.25,155.5493784198734,1.3709472976765982
2022-05-10,OD,198.5,31.75,81.17935059705397,0.39110931248509173
2022-05-11,RV,-140.7482182246622,225.0,129.77532357650557,1.733765663603661
2022-05-11,OD,-26.5,74.25,88.1910602751131,0.8419220697469358
2022-05-12,RV,191.01070363728104,178.0,179.16721032673442,0.9934853574791622
2022-05-12,OD,285.5,0.75,98.8289633930243,0.007588868427339366
2022-05-13,RV,111.18653112895845,6.5,100.3818447439362,0.0647527450464856
2022-05-13,FB,-21.75,55.5,150.0,0.37
2022-05-15,OD,-51.75,15.25,67.58723984326521,0.2256343066437503
2022-05-16,OD,164.0,18.25,59.06029590878409,0.3090062404730631
2022-05-17,OD,-47.25,35.0,50.935708220583734,0.6871407353055332
2022-05-18,B2,101.62616694935969,39.5,127.23330619821857,0.310453301735808
2022-05-18,OD,16.0,68.25,65.78021190406703,1.037546064757816
2022-05-19,FB,61.25,119.0,140.75,0.8454706927175843
2022-05-19,OD,103.25,2.0,76.67160275310914,0.02608527705414241
2022-05-22,OD,-26.0,2.0,70.76613797976535,0.028262104688712472
2022-05-23,FB,61.5,23.0,55.5,0.4144144144144144
2022-05-23,B2,60.75,83.25,172.58313126287848,0.4823762287241948
2022-05-23,OD,-104.5,46.0,79.09980421957322,0.581543790833016
2022-05-24,B2,87.28243975683472,1.0,98.7735027551041,0.010124172699224492
2022-05-24,RV,-103.71820816649051,173.25,93.43202843107181,1.8542891865803042
2022-05-24,B2,-165.25,201.25,116.79003553883976,1.723177829953414
2022-05-24,B2,-168.25,187.25,153.4007561824289,1.2206589110767911
2022-05-24,OD,-40.0,76.25,70.34342436472005,1.083967701155054
2022-05-25,FB,61.75,28.25,113.25,0.24944812362030905
2022-05-25,OD,-6.5,30.75,68.40251799377107,0.4495448545154461
2022-05-26,RV,102.91271267749289,14.0,91.90281812584405,0.15233482808796536
2022-05-26,FB,217.25,10.25,168.25,0.06092124814264487
2022-05-26,B2,-71.25,94.5,128.92130057626727,0.7330053263315917
2022-05-26,OD,-34.5,19.5,47.87898619700442,0.40727679403579414
2022-05-27,FB,89.0,17.75,198.5,0.08942065491183879
2022-05-30,OD,-121.0,22.0,34.54647211153499,0.6368233470836592
2022-05-31,RV,-120.79656933887236,123.25,110.86845936082196,1.1116777549770243
2022-05-31,B2,-186.5,140.0,154.5048310931696,0.906120533639347
2022-05-31,OD,-32.5,26.5,63.82494920045752,0.41519813696632035
2022-06-01,FB,-127.0,134.0,126.25,1.0613861386138614
2022-06-01,RV,14.75,33.75,116.29957182796187,0.2901988328033165
2022-06-01,OD,181.0,34.0,60.03874793511626,0.566300950125471
2022-06-02,FB,138.5,7.5,107.5,0.06976744186046512
2022-06-02,RV,26.75,31.0,111.31588710529735,0.2784867533838731
2022-06-02,B2,69.5,11.25,133.52605179078606,0.0842532213685682
2022-06-02,OD,-68.5,46.25,49.33557025858221,0.9374574927904993
2022-06-03,RV,-20.5,87.5,105.20069426252253,0.8317435603765938
2022-06-05,OD,172.0,18.75,47.29007466060982,0.39648911816199306
2022-06-06,B2,-82.75,139.75,111.75433941448162,1.2505107249722651
2022-06-06,OD,-35.25,36.75,49.946566869828494,0.7357863073107389
2022-06-07,FB,98.75,9.75,118.25,0.0824524312896406
2022-06-07,RV,7.0,99.0,103.62400352000105,0.9553771002573882
2022-06-07,B2,55.5,100.25,129.78678980000123,0.7724206766688905
2022-06-07,OD,-72.5,34.25,42.93430984661386,0.797730302929307
2022-06-08,FB,-95.25,99.5,94.5,1.052910052910053
2022-06-08,RV,17.5,20.5,97.94485029729215,0.209301458297974
2022-06-08,OD,-59.0,48.0,42.72010368414161,1.123592778587248
2022-06-09,OD,2.0,23.0,51.486926984713634,0.4467153381833927
2022-06-12,OD,-57.25,55.5,68.45019329913865,0.8108085211309168
2022-06-13,RV,130.50570175241592,3.25,119.06957235237125,0.027294966596352915
2022-06-13,OD,249.0,18.25,66.44549785998066,0.27466119733887584
2022-06-14,B2,-47.0,163.75,137.19969730530872,1.1935157527032239
2022-06-14,OD,13.5,2.75,59.43781509135624,0.046266842005770824
2022-06-15,OD,20.5,0.75,85.73474302063272,0.008747912148281668
2022-06-16,RV,108.0,39.25,119.51921872637985,0.3283990676834711
2022-06-16,OD,-0.5,17.25,63.68280916226049,0.2708737291416887
2022-06-19,OD,-97.5,52.0,59.782295056812224,0.8698227451887458
2022-06-20,OD,82.0,9.25,24.164414819185883,0.3827942894216397
2022-06-21,RV,71.2185391990879,21.75,61.62043797258251,0.3529673062316999
2022-06-21,FB,7.75,6.75,138.25,0.048824593128390596
2022-06-21,OD,-17.0,2.0,35.91881363322539,0.055681126342936135
2022-06-22,FB,157.0,34.25,136.5,0.2509157509157509
2022-06-22,RV,79.0072137968109,25.75,68.4610747893887,0.3761261429099151
2022-06-22,RV,-112.62931804358414,157.25,102.26110834995883,1.5377302528529
2022-06-22,OD,-2.0,48.75,53.58913278149379,0.9096993638388395
2022-06-23,FB,-118.25,129.75,117.5,1.1042553191489362
2022-06-23,OD,111.5,26.0,49.613535289846936,0.524050540807172
2022-06-24,RV,66.42592672628962,11.75,56.03654941341326,0.20968457413952485
2022-06-24,FB,-29.75,67.0,219.25,0.3055872291904219
2022-06-24,RV,8.0,80.5,77.31722883095327,1.0411650962815229
2022-06-26,OD,89.0,39.25,36.00708404268126,1.0900632762562703
2022-06-27,B2,-60.0,114.25,109.06699730600691,1.0475212742810849
2022-06-27,OD,-37.75,7.0,43.89297115588153,0.15947883717281736
2022-06-28,B2,91.5,73.25,126.91334913560573,0.5771654479130722
2022-06-28,OD,-28.0,12.25,45.055063689305854,0.2718895279890066
2022-06-29,RV,28.75,60.75,93.90181493676926,0.6469523516761341
2022-06-29,OD,-55.25,33.75,45.41275395603995,0.7431832923559398
2022-07-01,RV,110.85074111359972,57.5,100.26487777912709,0.5734809763261909
2022-07-03,OD,-134.0,54.25,48.29143751697321,1.1233875566643157
2022-07-04,OD,-67.25,59.5,35.096282543565096,1.6953362489643315
2022-07-05,RV,-87.65409928524785,147.25,77.67704254176674,1.8956694948938622
2022-07-05,FB,85.25,121.25,157.0,0.7722929936305732
2022-07-05,RV,121.52134651018605,26.0,111.6782336964698,0.23281170501554835
2022-07-05,RV,-26.25,38.25,119.84425893128984,0.3191642248122192
2022-07-05,OD,-6.0,33.25,53.039254077080074,0.6268941857982948
2022-07-06,OD,20.5,48.75,51.56937811106607,0.9453284446247555
2022-07-07,RV,71.98947356186183,12.25,61.644938714133055,0.1987186662121135
2022-07-07,B2,129.60899565406362,51.75,77.05617339266632,0.6715879821372652
2022-07-07,FB,86.0,12.25,130.0,0.09423076923076923
2022-07-07,OD,-31.25,11.25,31.251723971654755,0.35998014094210373
2022-07-10,OD,-38.5,13.5,33.865901904664334,0.3986310489531257
2022-07-11,RV,-84.66568398998788,99.75,75.0912586942179,1.3283836459073877
2022-07-11,OD,-23.5,2.25,38.35157673608277,0.0586677313291035
2022-07-12,FB,-130.0,153.75,129.25,1.1895551257253385
2022-07-12,RV,-79.71469870475994,153.75,69.51928500015735,2.2116165320119734
2022-07-12,OD,45.5,11.5,45.222953749676556,0.25429564074156147
2022-07-13,RV,-127.81135061172608,139.5,115.85907532237978,1.2040489673496786
2022-07-13,RV,-117.0,132.25,149.98180381253417,0.881773632788831
2022-07-13,OD,27.5,21.75,60.305885718991455,0.36066131424300624
2022-07-14,B2,-132.75,145.25,109.15925827326937,1.3306246515195352
2022-07-14,B2,102.22098801393078,67.75,124.11373257247169,0.5458702965075992
2022-07-14,FB,-0.5,18.5,121.5,0.1522633744855967
2022-07-14,RV,27.0,0.75,98.37717632084176,0.007623719525695599
2022-07-14,OD,-20.0,27.75,46.72810020962791,0.5938610787836471
2022-07-15,B2,70.0,41.0,113.96980534725836,0.35974440664416113
2022-07-15,FB,11.5,58.75,228.0,0.2576754385964912
2022-07-17,OD,192.5,37.0,30.313111300445172,1.2205939414558422
2022-07-18,OD,-11.25,6.75,42.125784816936964,0.1602344034498822
2022-07-19,RV,73.28646971519265,54.25,63.23034355894771,0.8579741457426115
2022-07-19,FB,150.25,2.0,118.5,0.016877637130801686
2022-07-19,B2,76.90164255861235,18.0,96.03410386252193,0.18743341454789836
2022-07-19,OD,-6.0,21.25,36.28079095247877,0.585709391722844
2022-07-20,FB,78.5,26.75,55.25,0.4841628959276018
2022-07-20,RV,77.65801660750185,5.5,67.95797544502919,0.08093236980623295
2022-07-20,B2,-90.5,110.5,105.59751824559454,1.0464261076951018
2022-07-20,B2,-4.25,15.25,130.71067068006735,0.11666989328917536
2022-07-20,OD,9.5,38.0,50.73367811289236,0.7490093644589016
2022-07-21,RV,112.58915247597182,12.5,102.31812339197936,0.12216799512743864
2022-07-21,FB,-27.75,60.0,126.5,0.4743083003952569
2022-07-21,OD,-10.75,25.75,50.046967970855604,0.51451668390771
2022-07-22,FB,-29.25,42.5,28.5,1.4912280701754386
2022-07-22,B2,-299.5,168.0,81.21280776954453,2.068639228392758
2022-07-24,OD,153.0,32.5,40.093936510778185,0.8105963850983613
2022-07-25,B2,-21.0,81.75,82.11971625044671,0.995497838188832
2022-07-25,RV,80.5,36.25,81.75107956745127,0.4434192207833881
2022-07-25,OD,3.25,24.75,40.350909646118836,0.6133690719009748
2022-07-26,OD,28.25,5.75,52.75637260651663,0.10899157231461631
2022-07-27,FB,51.5,13.0,120.5,0.1078838174273859
2022-07-27,B2,63.81272426150099,64.5,70.03860993533809,0.9209206187779638
2022-07-27,OD,312.5,30.75,48.92876492549048,0.6284646679070399
2022-07-29,FB,-114.0,122.25,113.25,1.0794701986754967
2022-07-31,OD,-3.75,30.25,31.272443877063154,0.9673052774166758
2022-08-01,RV,56.63137331181497,14.25,46.32548827867072,0.3076060399898907
2022-08-01,FB,-142.0,145.0,141.25,1.0265486725663717
2022-08-01,RV,-91.50178709805186,97.75,80.92122476903151,1.2079649100591572
2022-08-01,OD,-127.0,48.25,43.00240227359071,1.1220303389802022
2022-08-02,RV,-63.90953403288768,102.25,54.436440031478774,1.8783373773316594
2022-08-02,FB,-83.75,92.5,83.0,1.1144578313253013
2022-08-02,B2,-61.5,83.25,124.14833794193542,0.6705687839247295
2022-08-02,OD,-11.25,62.0,48.789184720243114,1.2707734379147269
2022-08-03,FB,166.25,40.25,105.0,0.38333333333333336
2022-08-03,B2,161.33431504241162,68.75,93.7324244586944,0.7334708389016061
2022-08-03,OD,0.0,9.5,36.313525793589974,0.2616105099240165
2022-08-04,B2,26.5,28.0,113.84473595903289,0.2459490090967036
2022-08-04,OD,6.25,5.0,38.63906150750668,0.12940272886878
2022-08-05,RV,-88.2444069366411,103.5,77.94920942124243,1.3277876808304687
2022-08-07,OD,62.5,6.5,26.128484568907098,0.24877064656612352
2022-08-08,RV,76.2234481714604,14.0,64.185916330429,0.21811638440943995
2022-08-08,FB,-79.0,81.0,78.25,1.035143769968051
2022-08-08,B2,-109.75,138.5,96.91233517581658,1.4291266405740388
2022-08-08,OD,-27.75,17.0,42.40398226572833,0.40090574261322875
2022-08-09,B2,-69.0,90.5,79.14651593164153,1.1434489432000319
2022-08-09,RV,87.79238156618341,16.25,77.93092495884245,0.208517992165268
2022-08-09,RV,-7.25,26.25,75.28027685880433,0.34869691100146316
2022-08-09,OD,-63.5,34.0,33.49740149771074,1.0150041041936821
2022-08-10,OD,77.75,2.25,35.32090979805691,0.06370164338529519
2022-08-11,FB,-118.5,165.5,117.75,1.40552016985138
2022-08-11,OD,63.75,17.0,38.96757946126708,0.43626009711220654
2022-08-12,FB,92.75,25.75,36.75,0.7006802721088435
2022-08-14,OD,-37.5,26.5,25.54619066209728,1.0373366561973516
2022-08-15,RV,57.90826652079886,47.75,47.56340478223677,1.00392308369465
2022-08-15,FB,44.75,76.25,114.0,0.668859649122807
2022-08-15,OD,-36.5,16.0,27.90422876914564,0.5733897945135676
2022-08-16,B2,99.22148162690792,24.75,56.23371810508072,0.4401273974762099
2022-08-16,RV,-69.97521793044689,95.75,59.94091943931847,1.597406260958894
2022-08-16,OD,-0.75,6.5,37.29129557253736,0.17430341049311338
2022-08-17,RV,-86.33933932643595,112.25,76.49892167965831,1.4673409446220755
2022-08-17,B2,-75.0,101.25,106.32626595132741,0.9522576486072486
2022-08-17,OD,-47.5,18.5,45.66990431755291,0.40508076985152897
2022-08-18,OD,-27.75,28.0,31.77221654528987,0.8812731072787212
2022-08-19,RV,24.25,3.25,66.23506589700824,0.049067664627277116
2022-08-21,OD,-31.0,32.0,34.08248789522603,0.9388985950313291
2022-08-22,B2,124.34145987754525,39.0,75.8110759706914,0.5144367033529166
2022-08-22,OD,-54.75,31.25,30.70907346636751,1.0176145507686811
2022-08-23,RV,15.5,70.5,68.88795527056529,1.0234009664404065
2022-08-23,OD,-99.5,29.75,35.397414230626055,0.8404568708371959
2022-08-24,RV,65.93060292714472,33.25,56.050219614379984,0.5932180146439522
2022-08-24,FB,-30.5,58.25,78.0,0.7467948717948718
2022-08-24,OD,121.75,17.5,32.50622358204337,0.5383584456013865
2022-08-25,FB,-11.5,95.25,106.75,0.892271662763466
2022-08-25,OD,-26.0,23.25,31.99980795849415,0.7265668603435613
2022-08-26,B2,242.71532240654773,17.0,152.21191505933962,0.11168639454652793
2022-08-28,OD,-74.0,78.5,43.59998043773732,1.8004595234188563
2022-08-29,RV,81.0526467653981,46.5,70.47802499831754,0.6597801229689688
2022-08-29,OD,92.25,16.5,45.77671888634889,0.36044523070701073
2022-08-30,B2,83.75940270850515,9.0,91.56920783406933,0.09828631494015667
2022-08-30,B2,25.5,72.0,112.66362818345772,0.6390704893930593
2022-08-30,OD,97.25,13.75,45.58851998446492,0.30161101971912124
2022-08-31,B2,88.89802041983967,12.25,113.83525862334011,0.10761164992415041
2022-08-31,OD,-73.0,63.75,57.174241840373085,1.1150125991698503
2022-09-01,RV,-1.5,29.0,99.54872988782033,0.29131461579348705
2022-09-01,OD,-35.5,28.25,51.7116669431669,0.5462983823563033
2022-09-02,B2,-143.0,169.0,144.37688671289013,1.1705474736830677
2022-09-02,B2,-185.25,187.0,149.58908820225415,1.250091181431388
2022-09-04,OD,-1.0,0.75,56.481352815157436,0.01327871877386635
2022-09-05,FB,-1.75,14.5,68.75,0.2109090909090909
2022-09-05,OD,62.5,26.5,32.43319376443854,0.817064153239697
2022-09-06,RV,109.98555540467896,39.25,100.28297982068543,0.39139243837969684
2022-09-06,B2,106.32907533363326,51.25,131.00652799550915,0.39120187966325487
2022-09-06,OD,-52.5,4.5,51.8059351448999,0.08686263431812616
2022-09-07,FB,128.0,52.5,91.5,0.5737704918032787
2022-09-07,RV,80.34062189828,76.75,70.46347023531895,1.0892168629175747
2022-09-07,B2,84.96407792756872,16.5,110.65672199692644,0.1491097847671495
2022-09-07,RV,10.0,3.0,87.40745614632762,0.03432201476013375
2022-09-07,OD,167.0,21.5,40.265630625590674,0.533954135722284
2022-09-08,OD,27.5,2.25,44.56567217122529,0.05048728966445966
2022-09-11,OD,-33.25,30.75,33.603541694008854,0.9150821148558395
2022-09-12,FB,73.75,25.75,56.25,0.4577777777777778
2022-09-12,B2,46.5,81.0,72.9739032098138,1.1099858502444313
2022-09-12,OD,13.0,30.5,33.30933038612729,0.9156593556952041
2022-09-13,B2,115.54741793169524,5.5,147.91910177785365,0.0371824864665549
2022-09-13,RV,93.25,28.75,108.2289636481892,0.2656405367924913
2022-09-13,OD,-26.5,15.5,50.96101726385171,0.30415405406349
2022-09-14,RV,92.7093291348956,8.5,82.41318991657113,0.10313883018731293
2022-09-14,FB,-75.25,87.75,112.75,0.7782705099778271
2022-09-14,B2,-137.75,145.5,112.8248496198485,1.2896095185612655
2022-09-14,OD,-81.5,42.0,48.098897793435995,0.873200882489488
2022-09-15,RV,75.03138295086137,30.5,65.01275756929661,0.4691386912405658
2022-09-15,OD,-28.25,32.5,57.483506240059604,0.565379569302457
2022-09-16,RV,-41.0,67.75,69.60115307725009,0.9734034136590309
2022-09-18,OD,-84.5,14.75,51.10085393712937,0.2886448828848787
2022-09-19,FB,0.5,68.0,91.25,0.7452054794520548
2022-09-19,RV,32.25,65.75,60.89782604251921,1.0796772934733823
2022-09-19,OD,-14.75,1.5,41.22622270572347,0.03638460915294463
2022-09-20,RV,75.3993627127038,65.5,65.63071547476011,0.9980083186079179
2022-09-20,RV,-26.5,38.0,82.2692376140644,0.46189804478635016
2022-09-20,OD,4.5,4.75,43.8875080268714,0.10823125334643459
2022-09-21,RV,127.0,25.25,116.88486800837964,0.2160245413306177
2022-09-21,OD,96.75,68.25,83.7399141090087,0.8150235252349954
2022-09-22,B2,98.43205211880375,21.25,120.32504806485584,0.1766049575026651
2022-09-22,OD,-36.5,13.25,54.16104260551843,0.2446407853797476
2022-09-23,FB,-72.0,82.25,71.25,1.1543859649122807
2022-09-26,FB,-145.25,145.25,144.5,1.005190311418685
2022-09-26,B2,-178.5,181.5,117.63522631240821,1.5429051797629374
2022-09-26,RV,-24.25,42.25,115.21802552624524,0.3666960947041743
2022-09-26,OD,202.0,9.5,58.59030939727383,0.16214285430010086
2022-09-27,RV,-81.28246578746439,87.5,71.56677771410631,1.2226343394912014
2022-09-27,B2,24.75,26.75,133.61717110908683,0.20019882009147572
2022-09-27,OD,-69.25,11.5,54.18577068415963,0.21223284000206805
2022-09-28,B2,123.9816912583774,25.25,154.33552529891523,0.16360458780372242
2022-09-28,FB,22.25,46.25,196.0,0.23596938775510204
2022-09-28,OD,-65.0,38.75,51.62683232997573,0.7505786865312063
2022-09-29,RV,38.0,3.75,104.15189281962843,0.036005106565795184
2022-09-29,B2,-122.5,142.75,130.18986602453555,1.0964755119503493
2022-09-29,OD,-32.25,4.0,54.7835217136717,0.07301465613886896
2022-09-30,RV,-119.03030749083341,125.75,109.06359038055102,1.1529970686021411
2022-09-30,FB,-165.75,168.75,165.0,1.0227272727272727
2022-10-02,OD,-153.5,16.5,60.36906381353481,0.27331879869736664
2022-10-03,RV,102.97374539576049,11.0,92.11645994954125,0.1194140548391187
2022-10-03,FB,72.25,32.5,127.0,0.2559055118110236
2022-10-03,B2,192.12861110154336,60.5,120.09053387000324,0.5037865854230494
2022-10-03,B2,-23.5,60.25,107.4129606880034,0.5609192746767767
2022-10-03,OD,15.5,2.5,44.41936879026466,0.05628175429066254
2022-10-04,RV,67.76871598931213,23.25,57.78605450291048,0.40234620965217444
2022-10-04,B2,120.42528076758754,13.5,72.2325681286381,0.1868963038384294
2022-10-04,FB,17.5,65.5,107.5,0.6093023255813953
2022-10-04,OD,-45.0,48.75,42.354281592809635,1.1510052388251617
2022-10-05,RV,-87.19362233901848,112.75,77.41617772838937,1.4564139345083338
2022-10-05,FB,0.5,0.25,62.0,0.004032258064516129
2022-10-05,OD,19.0,5.75,47.741750328635284,0.12043965628447385
2022-10-06,RV,-88.35771250396647,153.0,78.40856262658511,1.9513174948589609
2022-10-06,RV,-85.5,112.75,100.72897899775867,1.119340244702657
2022-10-06,OD,8.75,15.75,49.44522900492638,0.3185342714952494
2022-10-07,B2,102.5953150610039,24.75,133.11687915429803,0.18592683480290922
2022-10-09,OD,-8.25,40.75,49.0127435868121,0.8314164239311148
2022-10-10,B2,-98.5,125.75,108.8784885053073,1.1549572530470085
2022-10-10,RV,32.5,8.75,99.36271327340089,0.0880612023538849
2022-10-10,OD,-138.0,56.25,48.56533026655322,1.1582336553930364
2022-10-11,RV,-101.0652300849706,99.0,91.09425045237514,1.0867864822243425
2022-10-11,OD,103.5,31.25,52.247100805040716,0.5981193122391405
2022-10-12,RV,28.0,37.0,102.16821275609068,0.36214786382072905
2022-10-12,OD,-23.0,6.0,41.891122144432266,0.14322843821927692
2022-10-13,RV,-141.10404134083183,298.25,129.40583700035828,2.304764660647991
2022-10-13,FB,57.25,98.5,510.75,0.19285364659814
2022-10-13,OD,169.0,58.25,70.78397930478062,0.822926325591106
2022-10-14,B2,143.24136204639763,90.0,175.46342392756918,0.5129274123657347
2022-10-16,OD,50.5,21.75,51.74629994595683,0.4203199073695206
2022-10-18,OD,-58.25,54.5,70.20306949797734,0.7763193317575698
2022-10-19,FB,-161.5,204.0,160.75,1.2690513219284603
2022-10-19,B2,-48.75,125.25,141.933138745651,0.8824577622034573
2022-10-19,OD,-102.5,48.5,59.60724780304904,0.813659442225063
2022-10-20,RV,114.31469876214942,9.25,103.97938715125981,0.0889599395940268
2022-10-20,FB,-229.75,237.75,229.0,1.0382096069868996
2022-10-20,OD,16.0,22.25,55.662856502848776,0.39972795860487803
2022-10-21,FB,249.5,46.0,105.75,0.43498817966903075
2022-10-21,RV,107.91757883695209,104.75,97.81773486815905,1.0708692052743238
2022-10-21,B2,230.9621165932076,26.25,143.92131172801814,0.1823913337421989
2022-10-23,OD,-67.25,49.75,56.68891460678393,0.8775966226392777
2022-10-24,B2,123.01841781788244,23.75,155.45254491258322,0.15277974389776322
2022-10-24,OD,-74.5,32.5,44.565671270465145,0.7292608654486623
2022-10-25,RV,62.62393654720836,8.25,52.318752338150105,0.1576872465665473
2022-10-25,FB,94.0,30.5,104.0,0.2932692307692308
2022-10-25,OD,69.25,28.25,53.87836821330136,0.5243291683994563
2022-10-26,RV,84.20818708937986,43.75,73.87692879936648,0.5922011203093647
2022-10-26,FB,-88.25,94.25,87.5,1.0771428571428572
2022-10-26,OD,-318.25,11.75,53.907265255065035,0.2179669093656349
2022-10-28,RV,106.8533088281038,63.25,96.64964759856169,0.6544255625505382
2022-10-28,B2,113.85035295920352,9.5,130.3522695340448,0.07287943688252266
2022-10-28,FB,207.25,9.5,251.5,0.03777335984095427
2022-10-30,OD,-86.0,27.0,38.977297776216545,0.6927109250881691
2022-11-01,RV,-4.5,47.0,85.00215846681142,0.5529271355897494
2022-11-01,OD,11.5,25.25,39.64733942085105,0.6368649288663415
2022-11-02,OD,18.0,7.5,77.32531342897623,0.09699281732480523
2022-11-03,B2,-67.75,83.75,120.67536567726962,0.6940107413801284
2022-11-03,OD,99.5,4.25,45.56614629358991,0.0932709993207803
2022-11-04,FB,-202.5,221.75,253.5,0.8747534516765286
2022-11-06,OD,-3.0,40.25,55.05478612985238,0.7310899347618249
2022-11-07,OD,-15.0,4.5,37.13451267505196,0.12118107054150816
2022-11-08,B2,132.43285232661947,0.75,81.68588187898266,0.009181513166634136
2022-11-08,FB,-136.75,149.25,121.0,1.2334710743801653
2022-11-08,B2,-86.0,117.0,94.47856615331175,1.238376118136069
2022-11-08,OD,-0.25,11.5,51.37265524709898,0.22385449894862902
2022-11-09,RV,96.80208586655861,7.5,86.38082323976585,0.08682482660743314
2022-11-09,B2,28.75,42.25,121.85779183449675,0.34671562124958377
2022-11-09,OD,-17.5,9.75,43.04144176840956,0.22652586900924984
2022-11-10,FB,172.25,59.0,520.25,0.1134070158577607
2022-11-10,B2,100.07727020475798,10.5,131.03763463927868,0.08012965152266731
2022-11-10,OD,70.5,26.25,54.56206633210391,0.4811034802132246
2022-11-11,RV,105.35172145738579,95.0,95.00407269395197,0.9999571313751455
2022-11-11,FB,-92.0,92.25,91.25,1.010958904109589
2022-11-11,B2,7.25,53.0,138.01086336096844,0.3840277403480776
2022-11-13,OD,-33.0,23.25,51.432327674003986,0.4520503164345701
2022-11-14,B2,65.4787583585985,63.75,78.28705438413385,0.8143108781075812
2022-11-14,FB,67.5,40.5,56.75,0.7136563876651982
2022-11-14,OD,160.0,8.75,41.84656220550494,0.20909722421233765
2022-11-15,OD,83.5,33.5,62.902961513886346,0.5325663401810518
2022-11-16,B2,24.75,12.5,91.91709269083825,0.13599211674420078
2022-11-16,B2,-1.5,63.0,103.41679399354389,0.609185390178823
2022-11-16,OD,-39.75,32.75,40.46780115069649,0.8092853841513042
2022-11-17,RV,-90.5481140354259,106.5,80.20050616109647,1.32792179373627
2022-11-17,OD,-33.5,16.0,43.499170684151956,0.36782310440298294
2022-11-18,RV,90.6968629887706,5.25,80.9153177854099,0.06488264699056331
2022-11-18,OD,-35.25,44.75,43.369868671129744,1.0318223543478005
2022-11-21,B2,-70.0,54.75,88.52174319999797,0.6184921130202196
2022-11-21,OD,-51.0,16.25,32.94766314049203,0.49320645080983205
2022-11-22,RV,-71.38888457623034,86.75,61.4521053311079,1.4116684779567017
2022-11-22,OD,5.25,26.0,27.851418377005505,0.9335251673022851
2022-11-23,FB,-32.5,102.5,106.25,0.9647058823529412
2022-11-23,B2,-94.5,108.5,67.83247673872353,1.5995287982468818
2022-11-23,RV,75.44564812295721,66.75,65.70507038837574,1.0159033329611822
2022-11-23,B2,23.5,31.25,83.69685343093465,0.3733712644978585
2022-11-23,OD,14.5,20.0,36.48083800471403,0.5482330202342285
2022-11-24,OD,-1.0,1.75,13.639163807915146,0.12830698601804544
2022-11-27,OD,-68.0,18.5,25.829817924063235,0.7162264966167367
2022-11-28,OD,74.0,2.0,28.76434115852229,0.0695305339683555
2022-11-29,B2,51.81165670054541,69.5,60.62129895302718,1.1464617420001597
2022-11-29,RV,-9.5,49.5,71.60771955459974,0.6912662532460211
2022-11-29,OD,67.25,0.5,30.553258259771248,0.016364866743470634
2022-11-30,FB,59.75,0.75,176.25,0.00425531914893617
2022-11-30,B2,107.68135172634902,2.25,122.6161847530575,0.018349942991060936
2022-11-30,RV,-15.25,47.5,114.76488010227128,0.4138896843500466
2022-11-30,OD,-24.75,41.5,56.76293167547085,0.7311109341086681
2022-12-01,OD,68.5,14.5,41.43058786078101,0.3499829654535503
2022-12-02,RV,-84.5,88.0,86.05269803156311,1.0226291797117464
2022-12-04,OD,-25.0,20.75,41.82326996741181,0.49613528583891575
2022-12-05,B2,60.548438004123454,67.75,69.18694921409806,0.9792309209985334
2022-12-05,OD,-33.5,16.75,35.64471634826588,0.46991536799856987
2022-12-06,B2,71.11130266447981,21.5,85.74987595436866,0.25072922567772704
2022-12-06,RV,82.33102455068183,4.75,72.40013920459124,0.06560760866187368
2022-12-06,OD,-21.25,17.0,34.61558523628397,0.49110826478763797
2022-12-07,RV,48.75,28.0,98.71703130424827,0.28363899957347105
2022-12-07,OD,-93.5,12.75,39.65543036626873,0.32151964768097097
2022-12-08,RV,73.76208705785575,5.25,64.14041993894455,0.08185166241501833
2022-12-08,FB,22.75,43.75,70.0,0.625
2022-12-08,B2,43.25,11.25,94.52911810547583,0.11901094843016753
2022-12-08,OD,75.0,10.75,36.84290217206665,0.29177940298499006
2022-12-12,OD,-28.0,31.75,29.917280150916948,1.0612595743943949
2022-12-13,OD,22.5,16.5,62.55587228160074,0.2637642062718557
2022-12-14,RV,61.11348130766419,28.0,50.859614465125034,0.5505350422819247
2022-12-14,FB,40.0,21.75,75.75,0.2871287128712871
2022-12-14,OD,-55.0,45.0,69.34727337241571,0.6489079932290411
2022-12-15,OD,-18.5,19.0,38.97574827244151,0.48748262296824935
2022-12-16,RV,77.58941338645309,74.0,67.42059914518217,1.0975873981874573
2022-12-19,B2,60.08061625479604,5.0,75.38123659343279,0.06632950354698214
2022-12-19,OD,-99.5,4.25,32.77235819764637,0.12968245905188552
2022-12-20,FB,-55.75,63.0,55.0,1.1454545454545455
2022-12-20,RV,2.25,52.0,87.82834086107131,0.5920640136223759
2022-12-20,OD,8.5,6.25,39.87805062795185,0.15672782148531522
2022-12-21,FB,4.25,42.0,119.5,0.3514644351464435
2022-12-21,B2,-12.5,64.75,78.65304601669402,0.8232357585522738
2022-12-21,OD,-190.25,278.25,31.557362724788177,8.817276729573976
2022-12-26,OD,-13.5,10.0,41.07177565062292,0.24347620334375134
2022-12-27,RV,46.0,48.0,68.99542025150015,0.6956983496155508
2022-12-27,OD,19.5,21.25,32.41373445759558,0.655586292526699
2022-12-28,B2,-2.5,52.75,93.46841046294321,0.5643617960199873
2022-12-28,OD,59.75,7.25,36.07813334866921,0.2009527469155337
2022-12-29,RV,57.080790578447704,19.75,47.15058506224983,0.4188707303191544
2022-12-29,FB,1.25,34.5,201.25,0.17142857142857143
2022-12-29,OD,-10.25,12.25,26.11816752610105,0.4690221849506872
2022-12-30,RV,67.79269280464723,32.0,57.7917036063318,0.5537126958218619
2023-01-02,OD,-87.5,29.0,42.70397409986984,0.6790937052410865
2023-01-03,RV,105.63624256870204,11.5,95.54051334489469,0.1203677853235495
2023-01-03,OD,88.25,6.0,42.64926328750911,0.1406823831762939
2023-01-04,RV,-97.70898832757302,103.25,87.86255617950431,1.1751308462851793
2023-01-04,FB,-32.25,41.25,31.5,1.3095238095238095
2023-01-04,B2,-70.25,96.75,108.46090182885057,0.8920265124908313
2023-01-04,OD,-49.25,20.25,53.25738775851721,0.38022893822390885
2023-01-05,B2,30.5,57.75,99.77732810252729,0.5787888000033269
2023-01-05,OD,20.0,3.0,35.7072410983451,0.08401657220554738
2023-01-06,RV,125.32608889000039,54.0,115.42044979311916,0.4678547007639476
2023-01-06,FB,68.0,34.0,242.25,0.14035087719298245
2023-01-06,B2,115.73172750172671,34.0,148.73441336120624,0.2285953817387905
2023-01-08,OD,13.75,1.75,36.8331629637543,0.04751153197791047
2023-01-09,FB,60.25,24.75,49.25,0.5025380710659898
2023-01-09,B2,-114.25,131.75,80.33243864564429,1.6400597594349717
2023-01-09,OD,-26.5,14.5,37.762292020803116,0.38398092975956016
2023-01-10,FB,4.75,119.0,143.25,0.8307155322862129
2023-01-10,RV,37.0,50.5,100.09644537000625,0.5045134201651905
2023-01-10,OD,-105.0,26.75,35.610111106449295,0.7511911411912261
2023-01-11,FB,49.75,45.75,62.75,0.7290836653386454
2023-01-11,B2,52.53703556189794,45.75,61.6128371971989,0.7425400627725017
2023-01-11,B2,36.5,44.0,72.61683074533602,0.6059201365356475
2023-01-11,OD,-6.25,6.25,28.544894309479133,0.21895334178639828
2023-01-12,RV,-90.920622080801,115.5,79.87340650997622,1.4460382378404508
2023-01-12,RV,36.5,108.25,130.57712576352122,0.8290119679617067
2023-01-12,OD,-121.0,45.5,46.52702366972919,0.977926297692724
2023-01-13,FB,122.5,4.25,43.0,0.09883720930232558
2023-01-15,OD,14.0,3.0,26.485721059566004,0.1132685794452431
2023-01-16,OD,-35.5,30.5,22.26015741272082,1.3701610206300892
2023-01-17,FB,-108.25,108.5,107.5,1.0093023255813953
2023-01-17,OD,107.0,4.25,32.224900290713,0.13188559038691025
2023-01-18,B2,-107.0,109.75,94.61593882670354,1.1599525551505192
2023-01-18,OD,-30.0,23.5,33.21326399750787,0.7075486468828629
2023-01-19,RV,58.684275985400745,5.75,48.95201967934887,0.11746195637410486
2023-01-19,B2,31.5,2.0,86.47683612042269,0.02312758062997257
2023-01-19,OD,22.5,6.25,38.77132295521305,0.16120161819651418
2023-01-20,RV,60.33355601364383,25.25,50.14112707026478,0.5035786284703205
2023-01-20,FB,126.5,21.75,64.25,0.33852140077821014
2023-01-20,B2,62.16241014059051,6.5,71.87798659501263,0.09043102496211285
2023-01-20,B2,62.6997791536578,10.0,78.62803047246561,0.1271811075504664
2023-01-22,OD,10.5,5.0,29.906678996328722,0.1671867344620173
2023-01-23,RV,54.476578956178855,0.75,44.903780376608395,0.016702379926806687
2023-01-23,FB,146.25,19.5,126.75,0.15384615384615385
2023-01-23,RV,-56.5,88.25,69.00418320374706,1.2789079719910061
2023-01-23,B2,-38.25,96.25,82.96136085369258,1.1601786543707104
2023-01-23,OD,5.75,6.5,34.117318212056254,0.19051907771880655
2023-01-24,FB,-10.25,59.5,96.0,0.6197916666666666
2023-01-24,OD,-27.5,46.0,51.587732309341256,0.8916848626755889
2023-01-25,B2,-248.5,131.5,75.8323453924666,1.7340885254099443
2023-01-25,RV,-88.04955657311075,90.75,78.5915267962149,1.154704631649562
2023-01-25,OD,1.0,40.25,43.45207133742051,0.9263079701642918
2023-01-26,FB,-124.25,146.5,123.5,1.1862348178137652
2023-01-26,B2,36.75,8.75,109.41626258364363,0.0799698307489806
2023-01-26,OD,-12.0,36.25,39.7158225420714,0.9127344639935376
2023-01-27,RV,57.90114877985252,8.75,47.7215640959101,0.1833552643499777
2023-01-27,FB,125.75,37.0,106.5,0.3474178403755869
2023-01-27,B2,62.95832739521755,75.75,78.27132864929087,0.9677873278402089
2023-01-27,B2,-34.75,44.25,90.07956011141576,0.4912324166022677
2023-01-30,OD,-100.5,19.5,35.905754083799216,0.5430884407688421
2023-01-31,RV,72.5,15.5,70.49841658558034,0.21986309410487312
2023-01-31,FB,35.5,17.25,127.0,0.13582677165354332
2023-01-31,B2,137.46985942505123,24.5,88.93308924697165,0.27548801247601185
2023-01-31,OD,14.0,11.0,35.89316507266222,0.3064650324854766
2023-02-01,RV,100.5,8.5,94.92357458764344,0.08954572177591041
2023-02-01,OD,82.0,14.0,74.33468331245211,0.18833738675059106
2023-02-02,B2,68.70606387117004,81.0,78.38991133979937,1.0332962318184873
2023-02-02,FB,198.0,81.0,116.0,0.6982758620689655
2023-02-02,OD,-68.75,61.0,83.58514097961985,0.7297947851146572
2023-02-03,RV,104.5966041439442,7.5,94.4122075494089,0.07943887972405488
2023-02-03,FB,-164.75,221.5,269.25,0.8226555246053854
2023-02-03,B2,-169.75,181.5,152.30512871650706,1.1916867247316063
2023-02-05,OD,-55.5,26.25,51.00239958251566,0.5146816662524025
2023-02-06,FB,-90.25,97.5,89.5,1.089385474860335
2023-02-06,RV,29.0,51.5,79.39419441468347,0.6486620385743896
2023-02-06,OD,-13.0,9.75,38.759010153723345,0.2515544117698108
2023-02-07,FB,-83.0,123.75,82.25,1.5045592705167172
2023-02-07,B2,58.63653152228835,48.25,76.29426668011251,0.6324197361028865
2023-02-07,B2,50.75,21.0,177.21035595635928,0.11850323242492423
2023-02-07,OD,41.0,7.5,64.11593220544071,0.11697560562589104
2023-02-08,OD,91.25,18.25,42.66426885600991,0.4277584144613604
2023-02-09,B2,83.99668678947275,35.75,107.24671634722989,0.333343539248821
2023-02-09,OD,-31.0,40.75,44.70129021494405,0.9116067971205203
2023-02-10,RV,68.7792651051368,57.0,59.11506234713325,0.9642212616690945
2023-02-10,B2,30.75,28.75,109.999349036288,0.2613651830840888
2023-02-13,RV,67.22976011622632,45.0,55.583368081138424,0.809594696282362
2023-02-13,FB,98.0,45.0,80.0,0.5625
2023-02-13,B2,1.0,61.0,81.71239008737052,0.7465208144661548
2023-02-13,OD,1.5,24.25,30.974435009857352,0.7829037072761018
2023-02-14,RV,-118.28137212031103,161.5,107.76251985665253,1.4986657718734673
2023-02-14,OD,-41.75,20.25,47.072034349774384,0.43019173230393976
2023-02-15,FB,25.0,48.75,122.25,0.3987730061349693
2023-02-15,B2,81.930734012416,20.75,101.75258760263327,0.20392601789188317
2023-02-15,OD,-11.5,12.5,37.52566904009519,0.3331053201648205
2023-02-16,RV,-69.71350332843576,99.0,59.88952754809131,1.653043596319957
2023-02-16,OD,-24.5,29.75,45.26542035611025,0.6572345902446509
2023-02-17,RV,74.85936280768146,23.25,65.26714945724713,0.3562282127125803
2023-02-17,RV,-22.0,26.5,73.98780589399092,0.3581671287559056
2023-02-21,B2,64.12386926290128,41.25,78.73706674703986,0.523895564112449
2023-02-21,OD,3.5,6.5,30.31467329445533,0.21441761673838905
2023-02-22,RV,58.68721871402158,26.25,48.907457810735,0.5367279587825606
2023-02-22,RV,-79.7945036883375,90.25,70.09599912881099,1.2875199886109516
2023-02-22,B2,-17.25,74.5,99.88510900484647,0.7458569224406135
2023-02-22,OD,4.5,8.25,46.06217050412705,0.17910575879746746
2023-02-23,B2,-175.5,94.75,95.10778566093164,0.9962381033430093
2023-02-23,OD,-19.75,19.5,36.42252284142328,0.5353830124535657
2023-02-24,RV,67.30143846206192,6.0,57.466891919606475,0.10440794341885973
2023-02-24,B2,30.0,25.0,83.3801175582736,0.29983167129175287
2023-02-26,OD,2.5,8.0,36.942914419017185,0.21655032164657323
2023-02-27,OD,-4.25,6.0,29.031943334611558,0.20666890710160857
2023-02-28,RV,16.75,37.25,59.265675464896624,0.6285256973416826
2023-02-28,FB,15.25,6.0,71.5,0.08391608391608392
2023-02-28,OD,164.5,13.5,32.02101954724112,0.4215980687336715
2023-03-01,RV,78.6644221241495,32.25,68.78972398141066,0.4688200233034087
2023-03-01,RV,57.75,28.0,80.9948799102736,0.34570086443758535
2023-03-01,OD,-36.5,7.0,33.31485848632607,0.2101164560813944
2023-03-02,FB,81.5,33.5,78.75,0.4253968253968254
2023-03-02,RV,31.5,0.0,66.82782659809129,0.0
2023-03-02,OD,-32.0,33.5,34.91901793319939,0.9593626047584157
2023-03-03,B2,55.90116429126283,24.25,59.642848447278226,0.4065868856252897
2023-03-03,FB,73.5,24.25,105.25,0.23040380047505937
2023-03-06,FB,-109.25,116.0,117.25,0.9893390191897654
2023-03-06,OD,15.5,5.25,27.722690957095235,0.1893755555016327
2023-03-07,RV,79.54572408308921,25.0,69.6684446255497,0.358842516642487
2023-03-07,B2,75.83375572082514,61.5,87.08555578193712,0.7062020727524144
2023-03-07,OD,-18.0,25.25,36.23278065086758,0.6968827549644716
2023-03-08,FB,-44.25,50.5,43.5,1.160919540229885
2023-03-08,OD,-58.5,38.25,34.24407623064109,1.1169815106816772
2023-03-09,FB,-157.5,163.0,156.75,1.039872408293461
2023-03-09,OD,-55.75,36.0,48.307174481643166,0.7452309183117319
2023-03-10,RV,123.84382397592708,66.75,113.6116741984907,0.5875276504013243
2023-03-10,B2,-9.25,53.5,155.0027925349002,0.34515507188655337
2023-03-13,FB,36.25,36.5,288.75,0.1264069264069264
2023-03-13,OD,-53.5,34.25,70.75407229096277,0.48407107733888927
2023-03-14,FB,-12.75,28.25,223.75,0.12625698324022347
2023-03-14,B2,-245.0,148.5,110.84145879595214,1.339751403609487
2023-03-14,B2,100.39103429886018,61.0,123.45126817492572,0.49412210098615866
2023-03-14,OD,-4.5,17.25,53.92449830179853,0.3198917105071085
2023-03-15,RV,-103.3999123471167,165.25,93.33528659791101,1.7704986615822804
2023-03-15,OD,-34.0,27.5,58.05741624746008,0.47366902934133037
2023-03-16,FB,143.0,18.5,168.75,0.10962962962962963
2023-03-16,B2,97.23461533284173,8.5,119.25102919718688,0.07127821082319442
2023-03-16,B2,69.5,13.5,124.75008511820218,0.10821635902860179
2023-03-16,OD,-4.5,26.0,42.13642404841114,0.6170433440229344
2023-03-17,FB,-65.75,85.0,65.0,1.3076923076923077
2023-03-17,B2,-58.5,98.0,104.56307160436252,0.9372333702170175
2023-03-19,OD,-47.5,38.0,58.48069194055649,0.6497871133027227
2023-03-20,OD,16.5,11.5,38.60742108282853,0.2978701937984371
2023-03-21,FB,-34.75,41.25,34.0,1.213235294117647
2023-03-21,OD,-7.5,10.25,30.04971530087816,0.3411014013733587
2023-03-22,FB,46.0,11.75,38.0,0.3092105263157895
2023-03-22,RV,-56.30888932651396,64.25,46.626063102636444,1.377984666184845
2023-03-22,RV,-73.32489506618731,107.0,63.72823051487998,1.6790047226404072
2023-03-22,B2,-316.5,201.0,99.50598184762855,2.0199790632465406
2023-03-22,OD,141.5,16.25,65.62937483642612,0.24760254140011706
2023-03-23,FB,17.0,26.25,71.25,0.3684210526315789
2023-03-23,B2,58.9681186026519,3.25,68.39123955032458,0.047520706180629174
2023-03-23,RV,68.87125560742061,17.0,59.26920652309826,0.2868268532222512
2023-03-23,OD,6.75,37.75,57.900465571698255,0.651980940520316
2023-03-24,RV,87.9122056047745,21.25,77.51079258988862,0.27415536972295246
2023-03-24,RV,-21.75,40.75,96.65852029527554,0.42158725247930134
2023-03-26,OD,-16.5,42.75,43.29093403536371,0.9875046808894945
2023-03-27,B2,66.46807035137681,3.75,84.8588694197947,0.04419102005058356
2023-03-27,B2,-34.0,87.75,88.63973010405607,0.9899624005735171
2023-03-27,OD,-28.0,23.5,32.82343317988588,0.7159519198132126
2023-03-28,RV,58.70132158114755,3.5,48.8246553625122,0.07168509381199475
2023-03-28,RV,69.04602897732548,19.5,59.14477690650121,0.32969944295886855
2023-03-28,OD,67.0,5.0,27.019012875916975,0.18505487313552751
2023-03-29,FB,2.75,50.0,71.75,0.6968641114982579
2023-03-29,B2,103.2865161050249,28.75,60.86674587451539,0.47234330646280676
2023-03-29,OD,56.0,24.0,27.026898510759654,0.8880042225505594
2023-03-30,RV,-51.1002023013989,52.0,41.45573860917778,1.2543498619148437
2023-03-30,RV,-62.85680708641121,67.5,53.26795829056656,1.2671782843975428
2023-03-30,FB,-74.75,74.25,74.0,1.0033783783783783
2023-03-30,B2,7.75,70.0,70.75423185446402,0.9893401167012114
2023-03-30,OD,27.5,4.25,26.215033239522022,0.1621207175733297
2023-03-31,B2,47.94591895868689,3.5,56.288342405409615,0.06217983778580111
2023-03-31,FB,78.5,3.5,91.75,0.03814713896457766
2023-04-02,OD,-51.75,21.5,28.454586344002358,0.7555899685230095
2023-04-03,RV,-48.29676057446522,65.25,38.015124379577856,1.7164221100129564
2023-04-03,FB,-81.5,82.75,80.75,1.0247678018575852
2023-04-03,OD,-50.5,17.5,24.516940765037095,0.7137921557063207
2023-04-04,B2,17.25,42.0,73.0545924803908,0.5749125219098796
2023-04-04,OD,-18.25,15.25,28.038559907154248,0.54389383943035
2023-04-05,B2,12.75,14.5,63.653958098584965,0.22779416132368266
2023-04-05,RV,-39.25,52.75,55.19140374963616,0.9557647824883916
2023-04-05,OD,-75.0,28.0,27.529349970388377,1.0170963001348696
2023-04-06,RV,-55.88511305466818,68.5,46.05589432157974,1.4873231973676808
2023-04-06,RV,68.10591196257701,6.25,58.32798567572468,0.10715268027164472
2023-04-06,FB,91.5,13.5,63.75,0.21176470588235294
2023-04-06,B2,58.3260957694838,4.25,72.90998209465586,0.05829105806777472
2023-04-06,B2,17.5,2.5,75.13336445913728,0.033274165452282824
2023-04-06,OD,2.75,5.5,25.200114719036335,0.2182529746916296
2023-04-09,OD,-18.25,15.5,19.38740829703021,0.7994879853216024
2023-04-10,RV,-57.50267839481239,63.75,47.79327615676535,1.3338696387101703
2023-04-10,FB,-10.5,24.5,81.25,0.30153846153846153
2023-04-10,OD,-30.0,9.0,26.14504063627145,0.34423354414351726
2023-04-11,B2,0.5,50.25,68.03754609941876,0.7385627918821911
2023-04-11,OD,-16.5,11.0,24.785141099804573,0.4438142980790508
2023-04-12,B2,-121.75,133.5,102.01642345185715,1.3086128241204256
2023-04-12,OD,67.5,14.5,39.013622351030676,0.37166505251766074
2023-04-13,FB,95.25,6.25,131.0,0.04770992366412214
2023-04-13,RV,72.0583368349362,28.5,62.501377683732215,0.45598994864105125
2023-04-13,B2,60.99491813230816,8.75,76.92483164642613,0.11374740526203697
2023-04-13,OD,-8.5,12.25,25.34984623099528,0.48323764524543406
2023-04-14,RV,-60.336165870627156,70.5,50.63661554981318,1.392273145322014
2023-04-14,FB,-135.25,137.5,134.5,1.0223048327137547
2023-04-14,B2,-73.25,84.75,85.82140322655775,0.9875158971273241
2023-04-16,OD,16.5,5.75,33.464935665937475,0.17182163615669754
2023-04-17,RV,-22.5,30.5,55.00968409237405,0.554447830472602
2023-04-17,OD,61.25,21.5,24.35151281761066,0.882902025883645
2023-04-18,RV,30.5,13.5,54.04489132479503,0.24979234242268503
2023-04-18,OD,-15.0,17.75,28.784450364985897,0.6166523860949428
2023-04-19,RV,-49.52430457720948,51.75,39.93231824992526,1.29594279190382
2023-04-19,B2,-36.0,48.25,60.88547778259826,0.7924714029884871
2023-04-19,OD,-43.0,17.25,25.587299187305874,0.6741625942513662
2023-04-20,RV,-49.76208497717562,65.0,39.93503787812104,1.6276433791893596
2023-04-20,OD,-22.5,11.5,31.088534141625058,0.36991129744526685
2023-04-21,RV,-67.98577913115514,68.25,58.528790735686044,1.1660927748911574
2023-04-23,OD,-57.5,27.25,25.710115921897806,1.0598940931569525
2023-04-24,RV,-40.5,54.75,52.44712718025844,1.043908464458438
2023-04-24,OD,-15.0,7.0,24.25291195762672,0.28862513549836794
2023-04-25,RV,54.96955936725679,5.75,45.21856155085305,0.12716017057582685
2023-04-25,B2,96.94297708334123,2.75,60.342973228668725,0.045572828995000286
2023-04-25,RV,21.25,0.5,56.87683223282899,0.008790925590813807
2023-04-25,OD,9.0,8.5,42.2367705750462,0.20124644673998499
2023-04-26,FB,-71.75,78.75,71.0,1.1091549295774648
2023-04-26,B2,25.0,59.0,75.25975832693403,0.7839514942859579
2023-04-26,OD,40.5,13.75,34.478326286585855,0.3988012609924623
2023-04-27,RV,64.73111450195756,13.0,55.02390233945063,0.23626096018783016
2023-04-27,FB,101.0,16.75,116.25,0.14408602150537633
2023-04-27,B2,59.54904186320708,9.0,72.44693578706861,0.12422885664139369
2023-04-27,OD,3.25,20.25,40.44711904879403,0.5006537047934387
2023-04-28,RV,-65.21665702805147,78.0,55.29823843472102,1.4105331780519224
2023-04-28,FB,14.75,25.75,92.5,0.27837837837837837
2023-04-28,B2,36.0,28.5,83.16150892120321,0.34270662437118815
2023-04-30,OD,-15.0,22.5,25.797165289633625,0.8721888528210282
2023-05-01,RV,-50.44265225318122,59.75,40.62733728157711,1.4706846177461463
2023-05-01,FB,14.5,8.5,47.25,0.17989417989417988
2023-05-01,RV,-26.75,56.5,51.34286670228292,1.1004449815321233
2023-05-01,OD,30.0,23.5,26.886945548295948,0.8740301109245707
2023-05-02,B2,48.33384658013892,9.0,51.11829703213693,0.17606220321349714
2023-05-02,B2,-43.75,83.0,68.30959903516407,1.2150561732513416
2023-05-02,RV,-67.53747522599406,79.5,57.902845865072365,1.372989510485447
2023-05-02,OD,18.25,0.25,28.545390980802896,0.008757981285599762
2023-05-03,RV,-45.93260790026943,50.25,36.13329529471991,1.390684120840286
2023-05-03,RV,55.91843683415391,29.0,46.16480436884978,0.6281841848238845
2023-05-03,OD,41.0,4.5,53.31185164441881,0.08440899839709662
2023-05-04,RV,-70.63235296807761,74.0,60.650206760037065,1.2201112568796588
2023-05-04,FB,-20.5,38.5,63.75,0.6039215686274509
2023-05-04,OD,51.75,6.75,40.219252885844035,0.16783006932423145
2023-05-05,RV,52.46731151104359,6.25,42.778958358750835,0.14609986404031983
2023-05-05,FB,113.75,0.0,105.5,0.0
2023-05-07,OD,-20.75,27.0,22.773409137074527,1.1855932433078142
2023-05-08,FB,19.75,8.5,37.25,0.22818791946308725
2023-05-08,B2,36.98002789692691,36.0,46.103412554064064,0.7808532602176443
2023-05-08,OD,-8.0,4.5,21.467526404669815,0.2096189339737399
2023-05-09,RV,-39.28878720883222,45.25,29.540658168902063,1.5317871301742159
2023-05-09,B2,-20.0,34.25,44.73701783325191,0.7655852280467123
2023-05-09,OD,-4.25,3.0,18.363187929219336,0.16337032608735805
2023-05-10,B2,148.15782337254495,71.75,88.1119715129053,0.814304784787288
2023-05-10,OD,60.5,0.0,32.55956882180376,0.0
2023-05-11,RV,45.75,25.0,57.3836393050492,0.43566424686139144
2023-05-11,OD,11.0,8.0,25.374872376920344,0.3152725216177395
2023-05-12,B2,45.625225861205756,31.25,54.997430340869684,0.5682083654875326
2023-05-12,RV,55.487594321926736,1.75,45.71237682464605,0.03828284857540987
2023-05-14,OD,68.25,13.5,24.540089145907483,0.5501202509792584
2023-05-15,RV,-50.58797526690432,56.0,41.02226476599008,1.3651123437345507
2023-05-15,FB,-3.75,35.0,40.5,0.8641975308641975
2023-05-15,OD,-13.0,12.5,20.888053933478655,0.5984281752531014
2023-05-16,RV,42.61125461258598,1.25,32.85354334721488,0.03804764639202813
2023-05-16,FB,46.5,3.75,67.5,0.05555555555555555
2023-05-16,RV,18.25,18.0,49.154416168778745,0.36619293652465357
2023-05-16,B2,-34.5,38.0,63.8016347737475,0.5955960240635697
2023-05-16,OD,11.5,3.75,26.856197042561977,0.1396325769451632
2023-05-17,RV,47.90523503988698,4.5,38.26349967532415,0.11760555197992036
2023-05-17,FB,131.75,29.5,40.75,0.7239263803680982
2023-05-17,B2,43.21207944882008,6.75,50.726543725713896,0.1330664284264718
2023-05-17,B2,49.22617085662023,3.75,59.36657015036795,0.06316686294158022
2023-05-17,OD,-3.5,10.0,23.380398739813206,0.4277087021177079
2023-05-18,RV,42.86982317598631,13.25,33.224130190392984,0.39880652778778664
2023-05-18,FB,55.75,12.5,75.0,0.16666666666666666
2023-05-18,RV,52.67547431400999,28.75,43.05882435433433,0.6676912440389471
2023-05-18,B2,57.50529570787694,1.75,73.14738373193266,0.02392430064776238
2023-05-18,OD,-50.0,21.5,34.6597972975347,0.6203152261807735
2023-05-21,OD,15.5,0.25,27.05382477924108,0.009240837554024148
2023-05-22,RV,43.767156012707346,1.25,33.64125214041053,0.03715676202487349
2023-05-22,FB,-24.5,65.25,79.75,0.8181818181818182
2023-05-22,B2,10.25,18.5,62.00778334166014,0.2983496426257623
2023-05-22,OD,6.0,0.5,24.894838483705065,0.020084484594156952
2023-05-23,OD,-11.5,16.5,28.84469253835016,0.5720289782275404
2023-05-24,RV,48.65861600101198,17.5,38.784325498331846,0.45121320985078606
2023-05-24,B2,-57.0,65.0,57.844713068992874,1.1236982007754595
2023-05-24,RV,-1.5,36.25,55.6222870671284,0.6517171786958574
2023-05-24,OD,0.5,19.5,52.381374932330324,0.3722697242138331
2023-05-25,FB,0.75,11.5,66.25,0.17358490566037735
2023-05-25,OD,-13.0,42.0,34.68195440218142,1.2110044178294144
2023-05-26,FB,196.75,18.25,142.5,0.1280701754385965
2023-05-26,RV,63.54853418833045,6.75,53.51709060196503,0.1261279326674039
2023-05-26,B2,59.440803685318315,7.5,66.89636325245628,0.11211371792658126
2023-05-30,OD,-78.5,25.0,37.86022228088272,0.6603236456068985
2023-05-31,RV,-52.49537066328958,81.0,42.92844140534092,1.886860956240597
2023-05-31,FB,-60.75,80.0,60.0,1.3333333333333333
2023-05-31,RV,-33.5,73.5,65.99353272429441,1.1137454984727952
2023-05-31,B2,-17.25,92.25,81.16331014289385,1.1365973102573963
2023-05-31,OD,-18.0,21.0,35.457666341750404,0.5922555589980577
2023-06-01,FB,100.0,16.5,103.5,0.15942028985507245
2023-06-01,B2,139.6984536063137,15.75,86.11268545349265,0.18289988190539233
2023-06-01,OD,148.0,14.25,32.48253519055447,0.438697285061165
2023-06-02,RV,56.25,49.75,74.93809864410638,0.6638812686757788
2023-06-02,FB,-0.5,32.5,92.25,0.3523035230352303
2023-06-02,B2,-2.25,33.25,96.3463104562696,0.3451092194660818
2023-06-04,OD,7.0,21.5,31.899135346275887,0.6739994600671848
2023-06-05,RV,44.962462425804915,33.75,35.139660951684945,0.9604532054650257
2023-06-05,FB,34.75,6.75,48.0,0.140625
2023-06-05,OD,-0.75,16.5,32.97133938388532,0.5004346292363343
2023-06-06,FB,-32.75,56.0,32.0,1.75
2023-06-06,B2,-14.0,69.0,65.77096247332332,1.04909518433741
2023-06-06,OD,-32.0,13.5,29.737293199035364,0.45397541429352156
2023-06-07,B2,-96.0,109.0,88.47843109346397,1.2319386618062669
2023-06-07,OD,-27.5,16.25,38.86756519462865,0.41808638947740645
2023-06-08,FB,13.25,12.0,126.75,0.09467455621301775
2023-06-08,B2,60.25,2.5,77.88817511987767,0.03209729841727901
2023-06-08,OD,-51.5,22.25,31.69029703900001,0.7021076505725962
2023-06-09,FB,-60.25,82.5,59.5,1.3865546218487395
2023-06-09,RV,51.1978885837816,10.0,41.20894501196515,0.24266576096758768
2023-06-09,B2,31.25,12.25,99.76350440217949,0.12279039387606336
2023-06-11,OD,156.5,12.0,33.21263842726714,0.36130824192961913
2023-06-12,FB,19.75,0.5,81.25,0.006153846153846154
2023-06-12,OD,32.25,25.75,28.14983000428167,0.9147479752482821
2023-06-13,RV,28.0,25.0,84.05344886852251,0.29742979421469457
2023-06-13,OD,12.0,27.25,37.78990781251866,0.7210919945926116
2023-06-14,FB,-74.25,92.0,108.25,0.8498845265588915
2023-06-14,B2,78.15799997763861,51.5,73.9968793531185,0.6959752958531974
2023-06-14,OD,-43.25,41.5,52.529195996797725,0.7900368397515529
2023-06-15,RV,-61.99544049707947,100.0,52.265258299597534,1.91331686197311
2023-06-15,B2,73.09954013236529,21.25,86.69878899074624,0.245101462746707
2023-06-15,OD,-78.5,38.0,39.011295979979465,0.9740768422433733
2023-06-19,OD,-3.25,3.5,14.866926952939373,0.23542188719155624
2023-06-20,FB,-75.5,93.5,74.75,1.2508361204013378
2023-06-20,B2,-102.25,119.0,56.94475224147944,2.089744802038467
2023-06-20,B2,65.10066728258062,14.5,76.30057718780625,0.19003788089714835
2023-06-20,B2,-32.25,48.5,87.83277248362626,0.5521856891064363
2023-06-20,OD,4.0,0.75,30.948574711037537,0.024233749276102175
2023-06-21,B2,121.5542736947427,7.5,68.31808968107435,0.10978058717701043
2023-06-21,RV,-51.25,75.75,72.21041341962693,1.049017675051989
2023-06-21,B2,19.5,88.0,96.87558952252856,0.9083815689145869
2023-06-21,OD,-17.5,11.75,37.57605920085472,0.31269910283015334
2023-06-22,FB,69.75,27.0,101.0,0.26732673267326734
2023-06-22,OD,-78.5,27.5,31.55969804238041,0.8713644840033392
2023-06-23,RV,-78.68503548327317,82.75,68.90022069708442,1.201012118144081
2023-06-25,OD,-10.75,20.0,35.60923566038828,0.5616520441703275
2023-06-26,FB,-75.25,94.75,74.5,1.2718120805369129
2023-06-26,RV,-60.17372457194324,76.75,50.21707087336687,1.5283647306618422
2023-06-26,B2,-69.0,79.5,62.77133859170859,1.26650158788395
2023-06-26,OD,24.5,27.75,38.36930588642638,0.7232343499290902
2023-06-27,B2,58.69070942014332,73.5,62.08106063200575,1.1839359581125977
2023-06-27,FB,133.75,6.5,81.75,0.07951070336391437
2023-06-27,OD,-16.75,8.0,31.82678954441195,0.25136057122056205
2023-06-28,RV,50.68253770376032,39.25,41.01919534381522,0.9568690870460487
2023-06-28,FB,-37.75,83.25,107.25,0.7762237762237763
2023-06-28,B2,-92.25,125.0,90.46460562891582,1.3817558716029532
2023-06-28,B2,39.75,58.25,108.70266692145458,0.535865417562292
2023-06-28,OD,-70.0,26.25,40.23797462489124,0.6523688193729744
2023-06-29,RV,38.75,23.25,76.39002200900917,0.30435912163054457
2023-06-29,OD,17.0,10.25,30.819727591140172,0.3325791887578719
2023-06-30,FB,27.5,43.25,144.0,0.3003472222222222
2023-06-30,RV,-62.913916466362934,77.75,53.028708081156665,1.4661869544513353
2023-06-30,B2,-33.5,64.25,70.34025297012421,0.9134172438545118
2023-07-02,OD,-4.25,15.75,24.95832513181253,0.6310519602905822
2023-07-03,RV,41.0,2.25,40.39628291095138,0.05569819393927524
2023-07-03,B2,-40.5,22.75,50.20390186193101,0.4531520291503685
2023-07-03,OD,-2.0,7.5,20.507868828569034,0.36571328121388824
2023-07-04,OD,3.5,7.75,9.337135285148845,0.830019032960435
2023-07-05,RV,-36.72854963048667,64.75,27.17704297353331,2.382525577306463
2023-07-05,B2,-59.25,68.25,55.126624465297176,1.2380587540411463
2023-07-05,B2,1.25,29.75,67.66023510292682,0.43969696461656377
2023-07-05,OD,-24.0,16.75,24.40809862628682,0.6862476367561352
2023-07-06,RV,-72.97841497481932,74.25,63.35704900813806,1.1719295826177567
2023-07-06,B2,-3.0,14.5,76.99510737930905,0.18832365449621538
2023-07-06,OD,-30.5,17.5,28.193565808586786,0.6207089985996062
2023-07-07,FB,-20.75,32.0,143.5,0.2229965156794425
2023-07-07,B2,-179.5,102.75,79.7723171039038,1.288040810776095
2023-07-09,OD,-38.5,29.5,34.03755181799778,0.8666898300365277
2023-07-10,OD,42.5,7.75,33.426918931244195,0.23184906799041125
2023-07-11,RV,-75.26808906121005,78.75,65.73592678607596,1.1979750472869373
2023-07-11,OD,40.0,20.0,30.35339417543694,0.6589048949321364
2023-07-12,FB,-32.75,142.75,175.75,0.8122332859174964
2023-07-12,B2,-129.75,142.75,65.99428743636439,2.163066009882265
2023-07-12,B2,73.22098740585716,7.25,89.8853009397167,0.08065834929853938
2023-07-12,OD,66.5,3.5,31.79997292329638,0.11006298679694569
2023-07-13,B2,41.48646753697904,60.25,51.40987224220733,1.1719538946944699
2023-07-13,FB,58.0,19.75,74.0,0.2668918918918919
2023-07-13,OD,-25.5,16.75,24.347322223298875,0.6879606655047794
2023-07-14,FB,-48.5,63.25,82.0,0.7713414634146342
2023-07-14,B2,-20.0,31.25,54.53941295897835,0.5729801313318973
2023-07-14,B2,-102.5,117.75,79.25179738966526,1.4857707191301515
2023-07-14,B2,-7.25,45.75,85.10585254384435,0.5375658504382032
2023-07-16,OD,72.5,6.25,28.945743705324567,0.21592120982023044
2023-07-17,FB,67.5,42.25,65.25,0.6475095785440613
2023-07-17,B2,90.31584181672224,11.5,54.51856676266371,0.2109373133388315
2023-07-17,OD,-1.25,22.0,26.25463962289062,0.8379471330019275
2023-07-18,B2,-50.75,58.75,42.70417079404745,1.3757438420555677
2023-07-18,FB,62.5,21.5,93.25,0.23056300268096513
2023-07-18,B2,59.7749623171112,25.25,73.57223973138025,0.34320009955100356
2023-07-18,B2,-41.25,46.75,73.8565429519385,0.6329838648205096
2023-07-18,OD,75.0,12.75,29.986655514478393,0.4251891310067555
2023-07-19,FB,-52.0,73.0,51.25,1.424390243902439
2023-07-19,B2,-80.5,76.0,75.20472412154895,1.0105748127892298
2023-07-19,OD,25.75,4.0,42.296791207708786,0.09456982162918735
2023-07-20,RV,54.05359668783967,27.0,44.335900567562526,0.6089872914356455
2023-07-20,B2,71.83095987718298,0.75,89.94298159373804,0.008338616162266697
2023-07-20,B2,23.75,19.75,89.99466310548193,0.21945745801449584
2023-07-20,OD,70.75,34.5,35.62588592513058,0.9683969704642101
2023-07-23,OD,-15.0,21.5,30.77383844594171,0.6986453782087527
2023-07-24,RV,1.25,28.75,60.58132347254252,0.47456870124388184
2023-07-24,OD,116.5,12.75,28.799700517302927,0.4427129369744581
2023-07-25,RV,-47.94350660125383,55.75,38.24458843991028,1.4577225765573119
2023-07-25,FB,26.75,59.0,60.75,0.9711934156378601
2023-07-25,B2,46.73653717296292,28.5,56.644358713933926,0.503139247174305
2023-07-25,B2,4.0,6.25,59.9747782354504,0.10421047286683749
2023-07-25,OD,24.0,3.75,44.02082782472598,0.08518694866282522
2023-07-26,RV,57.00084019865244,7.5,47.47320025155148,0.15798387216911694
2023-07-26,B2,68.14710245191418,0.0,74.98165419031183,0.0
2023-07-26,RV,-29.25,43.75,72.87922882708878,0.6003082181865567
2023-07-26,OD,68.75,10.5,49.184928437301636,0.21348003003368904
2023-07-27,B2,-131.75,137.5,94.51985535116665,1.4547208043130258
2023-07-27,OD,30.0,9.25,50.83192442687799,0.18197225669286193
2023-07-28,B2,17.0,54.0,77.82903083946036,0.693828503548849
2023-07-28,FB,-2.5,61.75,115.25,0.5357917570498916
2023-07-30,OD,-40.75,33.25,33.38510296283008,0.9959531961611591
2023-07-31,OD,-8.0,4.25,30.067895406244855,0.14134677344651497
2023-08-01,FB,-36.25,40.0,35.5,1.1267605633802817
2023-08-01,RV,-20.5,35.5,59.71834528200818,0.5944571945581916
2023-08-01,OD,-14.0,20.5,37.92852184093261,0.540490348819139
2023-08-02,RV,17.75,0.0,79.8445437281607,0.0
2023-08-02,OD,-63.5,31.25,39.703769766835045,0.7870789142572411
2023-08-03,RV,-71.55201781515825,76.5,61.58682149294647,1.2421488582384712
2023-08-03,FB,-21.25,31.0,110.25,0.2811791383219955
2023-08-03,OD,20.25,20.75,54.06311643415538,0.3838106525966158
2023-08-04,RV,-86.51236155230801,132.25,76.22413752007503,1.7350147119102466
2023-08-04,FB,-46.0,54.25,168.5,0.3219584569732938
2023-08-04,B2,-117.75,125.0,109.30821167840138,1.1435554390713651
2023-08-06,OD,11.0,10.5,44.37605698255124,0.23661408232210948
2023-08-07,RV,68.71867514608495,18.0,59.0908071542182,0.3046159101029486
2023-08-07,OD,-27.0,12.5,29.002043205248675,0.43100411621129503
2023-08-08,B2,-66.75,70.0,73.81430564399896,0.9483256584110527
2023-08-08,RV,-59.0,67.25,73.17960203691295,0.9189719283534507
2023-08-08,OD,86.5,5.0,32.14587605305613,0.155540946893082
2023-08-09,RV,-75.71279069270169,76.5,66.14056188748206,1.1566276096979846
2023-08-09,RV,17.0,19.75,73.52500962666096,0.2686160817969949
2023-08-09,OD,76.75,3.5,37.07548611474013,0.09440199891562588
2023-08-10,RV,-86.84560718273133,115.75,76.70782974604805,1.5089724267158449
2023-08-10,FB,-186.5,187.25,185.75,1.0080753701211305
2023-08-10,B2,-133.0,136.25,124.2609244285596,1.096483070817111
2023-08-10,RV,-41.0,43.25,107.07989533952103,0.4039040182367203
2023-08-10,OD,-6.25,2.25,46.2520950129387,0.04864644508255417
2023-08-11,RV,82.06718550897313,31.0,71.80392209359653,0.4317312912182074
2023-08-11,B2,26.75,31.0,103.7747714538068,0.2987238571158792
2023-08-13,OD,-111.0,37.5,32.614047119631046,1.1498113025484655
2023-08-14,FB,60.0,24.25,106.5,0.22769953051643194
2023-08-14,OD,-2.5,10.0,33.161032100518845,0.3015587684269796
2023-08-15,FB,-106.5,135.75,105.75,1.2836879432624113
2023-08-15,B2,7.5,87.0,88.98681088808353,0.9776729734636486
2023-08-15,RV,14.75,33.5,75.63892814026808,0.44289363722706593
2023-08-15,OD,16.0,35.5,32.82624626941255,1.0814517050972974
2023-08-16,RV,54.95673296924542,47.75,45.09263605120077,1.058931217633449
2023-08-16,RV,0.25,56.0,67.40599916159002,0.8307865871960919
2023-08-16,OD,-25.5,54.0,37.572975526349815,1.4372031824344058
2023-08-17,RV,79.75,67.5,63.106878464851626,1.0696139888712004
2023-08-17,B2,64.1692534399026,88.0,79.8569034474485,1.1019711033237125
2023-08-17,OD,9.5,9.0,39.841564072522225,0.22589474609022905
2023-08-18,RV,61.08217237830104,27.25,51.34474158558157,0.530726207952174
2023-08-18,RV,-73.69334282621276,81.75,64.00087363831004,1.2773263137312172
2023-08-20,OD,-8.25,1.5,37.65892899426378,0.03983119116925711
2023-08-21,RV,-56.47464289241907,56.5,46.31365151600359,1.2199426767392016
2023-08-21,FB,-100.5,108.5,99.75,1.087719298245614
2023-08-21,B2,-75.25,101.25,64.87298836678988,1.560742036847996
2023-08-21,B2,66.47813347315967,2.0,85.38172800997593,0.023424215539024015
2023-08-21,OD,-23.0,25.0,30.33924336505217,0.8240152761620135
2023-08-22,RV,-76.33894497770598,75.0,66.78193373033356,1.1230582256400528
2023-08-22,OD,78.0,12.0,33.58497390133345,0.35730264478554663
2023-08-23,FB,208.5,5.5,62.25,0.08835341365461848
2023-08-23,RV,71.63788078281505,11.75,61.92845580060881,0.18973507167418321
2023-08-23,B2,69.60149925370024,6.75,81.79151167285006,0.08252690116547387
2023-08-23,B2,-22.75,52.75,78.44716692874994,0.6724270877482481
2023-08-23,OD,47.25,13.0,45.43686288316122,0.2861113020374865
2023-08-24,B2,180.23352443102704,46.0,113.85021671284099,0.40403963495320894
2023-08-24,OD,126.25,20.75,45.889994390966805,0.4521682836397235
2023-08-27,OD,-33.25,39.25,37.94296988049936,1.034447227605459
2023-08-28,OD,-22.0,18.75,33.435592214482654,0.5607796589850268
2023-08-29,FB,206.25,21.25,115.25,0.1843817787418655
2023-08-29,B2,67.62388103791636,10.5,68.21319719861104,0.15392915786410025
2023-08-29,OD,7.75,7.0,29.454446174934844,0.23765512202897446
2023-08-30,FB,-95.0,96.25,94.25,1.0212201591511936
2023-08-30,B2,66.96108326192552,20.0,72.2665727718919,0.2767531271080148
2023-08-30,B2,-6.5,65.0,87.3375531431798,0.7442388487050928
2023-08-30,OD,-9.5,6.5,28.685411803497292,0.2265960148847341
2023-08-31,B2,-115.5,89.25,65.49722495954651,1.3626531514140343
2023-08-31,FB,-25.75,89.25,89.5,0.9972067039106145
2023-08-31,OD,-31.5,1.5,30.459185485455492,0.04924622822617047
2023-09-01,B2,44.5,0.5,87.84590438865045,0.005691784989632359
2023-09-03,OD,-12.5,10.25,27.236444999922128,0.37633398925701594
2023-09-05,FB,-6.75,54.5,120.75,0.45134575569358176
2023-09-05,OD,-49.0,11.75,28.89237683376863,0.40668166788780485
2023-09-06,OD,-26.5,20.5,27.75557958790201,0.7385902331845182
2023-09-07,RV,-72.77858187762469,72.25,63.058980677063204,1.1457527417070967
2023-09-07,OD,48.5,25.25,31.98002745933313,0.7895552945384035
2023-09-08,B2,-84.25,88.75,69.61885994917535,1.2747982380750156
2023-09-08,FB,-48.5,87.5,112.25,0.779510022271715
2023-09-10,OD,209.75,17.75,25.48695458809722,0.6964347167742634
2023-09-11,OD,-9.25,20.0,25.02151434197124,0.7993121330171403
2023-09-12,RV,-49.24040367007364,84.0,39.22262170448881,2.1416212468629214
2023-09-12,RV,56.0,59.0,56.704121386410364,1.0404887432774836
2023-09-12,OD,-28.5,6.0,26.5792071232153,0.22574036810749593
2023-09-13,B2,85.02242683970326,1.5,97.52580725912668,0.01538054431084575
2023-09-13,FB,46.75,19.5,151.0,0.1291390728476821
2023-09-13,B2,-13.0,72.5,106.24784930509412,0.6823667535313013
2023-09-13,OD,28.25,2.75,34.38005507691797,0.07998823718715596
2023-09-14,RV,84.24805371651746,2.0,74.26292576988857,0.02693133860894747
2023-09-14,FB,28.25,1.25,82.5,0.015151515151515152
2023-09-14,B2,49.0,1.25,96.15326526805995,0.013000078536232747
2023-09-14,OD,-6.5,10.0,31.569979584450895,0.3167566191561708
2023-09-15,B2,55.078858834494895,25.75,64.50515040685991,0.3991929301394447
2023-09-15,B2,-25.0,48.75,80.0244108342885,0.6091891148183476
2023-09-17,OD,-1.0,4.0,26.98704347558567,0.1482192743202372
2023-09-18,RV,16.25,50.75,47.87458305856737,1.0600614513533202
2023-09-18,OD,-16.0,10.25,25.500321279895385,0.40195571998856205
2023-09-19,B2,-151.5,77.25,63.4565696264588,1.2173680432890892
2023-09-19,RV,-60.71231102241654,69.25,51.111368436210356,1.3548844830172684
2023-09-19,RV,29.75,35.0,58.08747393724171,0.6025395429970728
2023-09-19,OD,-44.0,16.0,25.646491025251883,0.6238670227535682
2023-09-20,B2,-34.0,60.75,58.6110432923877,1.036494090319155
2023-09-20,RV,59.91993975641344,11.5,50.43248930291658,0.22802760995846658
2023-09-20,RV,59.75,8.75,66.39597780896739,0.1317850913375393
2023-09-20,OD,-39.5,33.75,39.8857251917804,0.8461673904065096
2023-09-21,RV,74.82760571389736,23.25,64.97611845149592,0.3578237751668086
2023-09-21,OD,132.5,24.25,33.96053827379733,0.7140640647239206
2023-09-22,RV,56.61028182421069,38.0,46.96105388450841,0.8091811587843326
2023-09-22,B2,-79.25,81.25,72.6270287403184,1.1187295062078537
2023-09-22,FB,-59.75,70.75,59.0,1.1991525423728813
2023-09-24,OD,3.0,29.5,32.825150164346624,0.898701143857728
2023-09-25,FB,-46.25,46.75,45.5,1.0274725274725274
2023-09-25,OD,-36.25,30.75,35.11397146135351,0.8757197981391396
2023-09-26,B2,62.62493969107345,64.0,71.72675118602827,0.8922751824352338
2023-09-26,OD,66.5,10.25,33.12641709167194,0.3094207252065565
2023-09-27,RV,65.7474847509111,9.0,56.11729867805875,0.16037835412628124
2023-09-27,RV,74.96084144338602,27.0,65.38175243159148,0.4129592584452356
2023-09-27,RV,-2.75,21.0,83.72789378558267,0.2508124718123036
2023-09-27,OD,-18.75,16.5,43.56032848680646,0.3787850223626646
2023-09-28,FB,-31.0,50.0,203.0,0.24630541871921183
2023-09-28,OD,153.5,51.25,44.64754616732918,1.1478794334615003
2023-09-29,B2,-78.0,85.25,72.03119494552905,1.1835150043598082
2023-10-01,OD,-5.25,10.75,48.965087959740096,0.21954417826919514
2023-10-02,RV,71.01297466414871,47.5,60.96244768285416,0.7791681896880183
2023-10-02,FB,-74.25,115.75,133.25,0.8686679174484052
2023-10-02,B2,84.75,49.75,118.61232097748004,0.4194336607699096
2023-10-02,OD,-77.5,33.75,41.97536395593602,0.804043058100207
2023-10-03,FB,-118.0,141.75,117.25,1.208955223880597
2023-10-03,B2,16.75,3.5,106.51846999992516,0.03285815126712258
2023-10-03,OD,-18.25,15.75,39.888409289117554,0.39485154411251366
2023-10-04,RV,-75.82302162529595,87.75,66.16001690350845,1.3263297699572782
2023-10-04,B2,-15.25,51.75,85.18573390585802,0.6074960868117998
2023-10-04,B2,96.17335314042063,52.5,116.68012644305156,0.44994808970852324
2023-10-04,FB,-37.0,41.0,102.0,0.4019607843137255
2023-10-04,OD,-11.0,19.5,40.254586133534254,0.4844168546489028
2023-10-05,OD,-15.25,9.0,33.02191814509559,0.2725462512642282
2023-10-06,RV,-90.6803022477816,143.5,80.65189525299873,1.779251430482218
2023-10-06,FB,115.75,6.25,319.5,0.019561815336463225
2023-10-06,RV,127.48162613169552,1.25,117.68301853778632,0.010621753380659954
2023-10-06,B2,55.0,4.0,134.09834744825451,0.029828853793619704
2023-10-08,OD,-58.5,35.0,53.59407820470699,0.6530572252089983
2023-10-09,RV,-77.14885898063221,89.5,67.46637560655172,1.32658675073852
2023-10-09,FB,-89.75,95.75,89.0,1.0758426966292134
2023-10-09,B2,79.83728468264235,5.25,98.38702147863921,0.053360696574596744
2023-10-09,B2,-5.75,37.75,96.5242767456848,0.39109332152222154
2023-10-09,OD,-6.75,7.0,31.87128512713634,0.2196334403233697
2023-10-10,RV,60.06094555846903,2.75,50.31315443297981,0.05465767414092805
2023-10-10,FB,1.0,34.25,110.75,0.309255079006772
2023-10-10,RV,-69.5370461811599,102.75,59.817107553111626,1.7177360157170463
2023-10-10,B2,-192.0,115.25,70.59365219305133,1.6325830498870872
2023-10-10,B2,2.75,17.75,82.65142269246857,0.21475734381541903
2023-10-10,OD,77.5,15.75,29.297542014912676,0.5375877605016532
2023-10-11,RV,50.43463662876274,20.75,40.71373372296327,0.5096560325612345
2023-10-11,B2,66.44977998332615,40.0,84.43810946557932,0.4737197487386398
2023-10-11,OD,21.75,1.0,32.53071339963334,0.03074018044778788
2023-10-12,RV,-72.68078168262218,143.75,63.00715743130017,2.281486831979966
2023-10-12,RV,5.5,22.25,85.87557134015722,0.2590958016671201
2023-10-12,OD,-14.5,8.5,36.732065328660376,0.2314054470922394
2023-10-13,RV,87.72038177639297,46.25,78.49821705941228,0.5891853564647863
2023-10-13,B2,83.02780088761938,2.5,99.81935908681783,0.025045241953773983
2023-10-13,RV,-15.5,26.75,90.28338639897136,0.29628928496090146
2023-10-13,B2,6.5,52.0,112.8542329987142,0.46077137399527107
2023-10-15,OD,15.0,8.75,39.19841728232626,0.22322329845560346
2023-10-16,FB,80.75,18.0,96.25,0.18701298701298702
2023-10-16,B2,64.4989087438953,3.0,75.77429025889715,0.03959126492310168
2023-10-16,RV,56.0,51.75,65.57518704946645,0.7891704519418685
2023-10-16,B2,24.0,67.5,82.69871699563781,0.8162158066316856
2023-10-16,OD,-12.25,12.75,33.62781583942895,0.3791504051550829
2023-10-17,RV,-79.71963208631678,106.5,70.12062239828877,1.5188113903934632
2023-10-17,FB,-77.5,90.25,118.0,0.7648305084745762
2023-10-17,B2,17.75,38.0,97.5610767981147,0.38949959601854584
2023-10-17,OD,-66.0,36.75,37.06529163312501,0.9914936152062208
2023-10-18,RV,76.0,42.0,77.7070906098331,0.5404912173443963
2023-10-18,OD,-19.0,14.0,46.97083810435993,0.2980572747902595
2023-10-19,RV,-104.52692717673744,162.25,94.98046176699853,1.7082460643118775
2023-10-19,OD,-34.0,12.75,56.189657113284504,0.22691008728340525
2023-10-20,B2,-161.0,100.0,91.05264959211104,1.0982656786811855
2023-10-23,RV,-88.95395242700579,99.0,79.10513016296866,1.251499110058284
2023-10-23,OD,-25.0,24.25,41.80066102472686,0.5801343664315524
2023-10-24,RV,-76.65559052122626,85.75,66.98368559080393,1.2801624640936817
2023-10-24,FB,-78.75,85.75,78.0,1.0993589743589745
2023-10-24,B2,-128.25,139.0,83.72960698850491,1.6601057260316898
2023-10-24,OD,-79.0,27.25,48.73729744399125,0.559120046229802
2023-10-25,OD,-38.25,42.75,53.5845507757502,0.7978045795122463
2023-10-26,FB,-104.5,113.25,103.75,1.091566265060241
2023-10-26,RV,105.20368333634724,4.75,95.16792851886119,0.04991177252595768
2023-10-26,OD,-40.5,43.25,63.424532221117175,0.6819127943934591
2023-10-27,FB,-98.75,121.5,98.0,1.239795918367347
2023-10-27,B2,-121.75,123.0,105.88099968968996,1.1616815137794452
2023-10-29,OD,66.75,1.75,44.509342591960305,0.0393175881307243
2023-10-30,B2,-104.25,106.75,54.95443158627662,1.9425184997574958
2023-10-30,FB,-118.25,127.0,117.5,1.0808510638297872
2023-10-30,OD,-35.25,9.5,35.161921974798055,0.2701786326358675
2023-10-31,RV,77.99056018120609,48.0,68.22748084955379,0.7035288332841022
2023-10-31,FB,-0.25,7.25,74.25,0.09764309764309764
2023-10-31,B2,-16.5,18.75,96.86607223507235,0.19356622569043505
2023-10-31,OD,20.0,14.75,36.543478333157445,0.40362879158705317
2023-11-01,FB,65.75,10.25,98.75,0.10379746835443038
2023-11-01,B2,154.62985639385442,103.5,87.63098142690177,1.1810891343986092
2023-11-01,OD,-4.5,13.0,43.44801916064776,0.29920811698993427
2023-11-02,RV,61.5,16.25,56.73769808365145,0.28640569760235507
2023-11-02,B2,-9.25,14.5,74.41082731724543,0.1948641148442047
2023-11-02,FB,5.25,10.5,83.0,0.12650602409638553
2023-11-02,OD,-7.0,12.0,34.24293503537951,0.3504372504168145
2023-11-03,FB,101.25,19.25,127.0,0.1515748031496063
2023-11-03,B2,-12.0,19.75,85.78034662983357,0.2302392188414303
2023-11-05,OD,20.75,3.75,25.005114809761206,0.14996931741885539
2023-11-07,FB,102.25,25.0,72.0,0.3472222222222222
2023-11-07,RV,29.75,28.75,58.59910019673864,0.49062186797196067
2023-11-07,B2,19.25,25.75,77.7644085457038,0.3311283462648105
2023-11-07,OD,-23.75,15.5,26.591578055178328,0.5828913187414839
2023-11-08,FB,-47.75,62.0,47.0,1.3191489361702127
2023-11-08,RV,-24.5,55.25,50.406395429922114,1.0960910719516088
2023-11-08,OD,20.0,2.0,24.705271797117454,0.08095438157589323
2023-11-09,RV,-50.143714112089576,70.5,40.50890011563103,1.740358286666895
2023-11-09,FB,-53.75,111.0,53.0,2.0943396226415096
2023-11-09,B2,-89.5,101.0,76.97187680840723,1.3121675628541813
2023-11-09,OD,366.25,11.25,36.26550379502473,0.3102121526722976
2023-11-12,OD,-42.75,39.75,42.34274819861883,0.9387675975480637
2023-11-13,OD,61.0,6.5,22.971487629708644,0.2829594715317287
2023-11-14,FB,-10.75,28.25,309.5,0.0912762520193861
2023-11-14,OD,17.25,5.75,31.266160527875513,0.18390489599365922
2023-11-15,RV,-71.69148874061648,79.5,61.54380785085593,1.291762774780832
2023-11-15,B2,-72.25,85.75,81.16558936652105,1.0564821948470926
2023-11-15,OD,-34.25,20.25,33.4670563362267,0.6050726361039472
2023-11-16,RV,-56.76628004777558,58.0,45.565271416019996,1.2728992541369601
2023-11-16,B2,27.0,51.5,70.17876829915421,0.7338401805581514
2023-11-16,B2,35.25,14.75,78.90051588325508,0.18694427830896307
2023-11-16,OD,-14.0,6.0,27.51690683828032,0.21804776369897294
2023-11-17,RV,48.07408593211403,0.5,38.56409193299285,0.012965429106143
2023-11-17,RV,-58.38007563067549,60.25,48.94254652863036,1.2310352499691657
2023-11-19,OD,-11.5,10.25,24.33953045283681,0.4211256260617528
2023-11-20,FB,87.5,44.75,95.0,0.4710526315789474
2023-11-20,B2,52.06460688647712,6.25,61.23910195123814,0.10205897540719303
2023-11-20,OD,-2.5,4.5,23.293163836991248,0.19318972860413539
2023-11-21,OD,-5.5,2.25,30.89034325359179,0.07283829711857864
2023-11-22,B2,-19.5,50.25,83.87478003932536,0.599107383368873
2023-11-22,OD,47.0,7.25,28.167225585328154,0.25739134221924953
2023-11-23,OD,-6.0,8.0,11.20887364472563,0.7137202410845647
2023-11-26,OD,-33.0,0.0,21.45265480491701,0.0
2023-11-27,RV,-11.5,39.25,44.47999596836623,0.8824191447300095
2023-11-27,B2,97.21619576859666,2.25,57.472061981211056,0.039149456665319875
2023-11-27,FB,-0.25,8.25,56.25,0.14666666666666667
2023-11-27,OD,-6.25,12.25,21.67792098078333,0.5650910901861469
2023-11-28,RV,-43.8204164461622,60.0,33.81182782274701,1.7745269588659982
2023-11-28,FB,-47.25,48.25,46.5,1.0376344086021505
2023-11-28,B2,-77.25,95.75,58.97342227148472,1.6236127447244615
2023-11-28,RV,-61.16345356288548,98.0,51.27311368738866,1.9113331130522795
2023-11-28,OD,17.0,2.75,25.337284143590136,0.10853570510617253
2023-11-29,FB,-65.0,84.25,64.25,1.311284046692607
2023-11-29,B2,-76.25,87.25,65.56896174317863,1.3306600818500367
2023-11-29,OD,-11.5,11.75,27.010054336861014,0.4350231900113064
2023-11-30,RV,-38.25,42.75,62.83196733634228,0.6803861443834374
2023-11-30,OD,33.0,16.0,32.572301381372505,0.49121490718952093
2023-12-01,B2,24.5,25.5,77.3521775696137,0.32966104899957177
2023-12-01,FB,-6.0,35.0,72.5,0.4827586206896552
2023-12-01,B2,9.5,35.0,84.41016185147278,0.41464201977939136
2023-12-04,OD,-27.0,24.0,28.089456145345732,0.8544131248328447
2023-12-05,FB,-53.25,98.0,130.0,0.7538461538461538
2023-12-05,B2,-54.0,80.25,77.95631454044356,1.0294227026133524
2023-12-05,OD,460.5,3.5,37.088222095841616,0.09436958156029876
2023-12-06,OD,-213.0,13.0,29.55202602893658,0.4399021572081297
2023-12-07,FB,69.5,76.0,119.0,0.6386554621848739
2023-12-07,OD,-14.5,14.75,28.645969967555022,0.5149066349195414
2023-12-08,RV,-80.9775694867476,78.5,68.79074840440585,1.1411418224223346
2023-12-08,FB,-13.0,109.25,210.5,0.5190023752969121
2023-12-08,RV,-95.78678185336865,95.75,83.93436979767648,1.1407722513531113
2023-12-08,B2,33.75,4.75,108.98297460063304,0.04358478943528863
2023-12-10,OD,161.5,53.75,29.920529717498276,1.796425414506136
2023-12-11,FB,34.75,12.5,140.0,0.08928571428571429
2023-12-11,OD,10.0,0.25,23.510059941527455,0.010633745750618338
2023-12-12,B2,53.18099020087175,31.75,67.02211903385694,0.47372420415357425
2023-12-12,OD,-0.25,16.0,22.313177326396392,0.7170650672449087
2023-12-13,RV,71.25,28.5,50.085710965124456,0.5690245671034807
2023-12-13,B2,56.27528134926979,4.0,62.60713870640557,0.0638904777098645
2023-12-13,OD,19.5,5.5,40.165719540783414,0.1369326894396954
2023-12-14,B2,-103.25,107.25,84.64157015540381,1.2671078738625312
2023-12-14,OD,18.75,17.5,32.629494405465245,0.5363245835972517
2023-12-15,FB,-59.75,76.5,82.25,0.9300911854103343
2023-12-15,B2,61.11680228337718,14.0,73.70179815174835,0.18995465987376176
2023-12-17,OD,14.0,6.75,26.444055124456533,0.25525585876416235
2023-12-18,FB,50.25,47.75,72.75,0.6563573883161512
2023-12-18,B2,40.73188825180114,47.75,48.95512748738735,0.9753830180975867
2023-12-18,RV,56.26704235584475,9.5,44.10442130897668,0.21539790610667056
2023-12-18,B2,-53.5,60.0,51.62387503756467,1.162252929605543
2023-12-18,OD,-3.0,12.75,21.49984683454262,0.5930274805267579
2023-12-19,RV,11.5,30.75,30.997567827155585,0.9920133144466031
2023-12-19,FB,3.25,24.0,38.25,0.6274509803921569
2023-12-19,OD,-6.5,3.25,20.58357301503464,0.15789289826533698
2023-12-20,RV,36.06239521406678,4.5,26.491633397295505,0.1698649506624759
2023-12-20,FB,1.5,14.5,62.5,0.232
2023-12-20,B2,-72.25,87.25,48.0107601072625,1.817300950975818
2023-12-20,OD,68.0,7.25,38.50004616096656,0.1883114625288539
2023-12-21,OD,-34.0,33.0,35.664218303721206,0.9252971625220446
2023-12-22,FB,-22.0,57.5,95.0,0.6052631578947368
2023-12-22,B2,-50.25,65.25,55.660936320731,1.1722763631573612
2023-12-22,B2,31.25,0.25,70.14308838955903,0.0035641430358976482
2023-12-27,OD,53.5,0.25,22.87599215995124,0.010928487746104073
2023-12-28,OD,-71.25,98.0,19.208494476605825,5.1019094765263855
2024-01-01,OD,-20.5,7.0,17.1870375714931,0.4072836852123018
2024-01-02,RV,99.25,32.0,73.58988783003021,0.4348423532579648
2024-01-02,OD,-20.25,36.75,34.770980662721804,1.056915833248267
2024-01-03,B2,41.0,54.5,74.31056653509842,0.733408484703969
2024-01-03,OD,22.0,1.0,35.13482796879605,0.028461787286623977
2024-01-04,RV,31.5,67.25,57.71578429853082,1.1651925173909814
2024-01-04,OD,-19.75,16.5,29.465221638187433,0.5599822123386208
2024-01-05,FB,1.25,56.25,152.25,0.3694581280788177
2024-01-05,B2,-69.5,90.5,86.90175101579743,1.04140594340324
2024-01-08,FB,195.25,2.75,74.75,0.03678929765886288
2024-01-08,RV,75.72737352709737,9.0,55.75338690408358,0.16142517073417126
2024-01-08,B2,59.02202506275715,5.25,69.69173363010447,0.07533174634261326
2024-01-08,B2,59.14937648064006,12.0,77.88570108795172,0.15407192632764657
2024-01-08,OD,-22.0,10.0,25.62345502271384,0.3902674323636499
2024-01-09,FB,94.5,18.5,87.75,0.21082621082621084
2024-01-09,RV,64.13309862364986,2.25,54.53570132296101,0.04125737719361993
2024-01-09,OD,-30.5,23.5,32.06391367091604,0.7329111549260426
2024-01-10,FB,66.5,4.0,42.5,0.09411764705882353
2024-01-10,B2,6.75,57.25,67.55313499881814,0.8474810236564388
2024-01-10,RV,21.0,14.75,56.4323288562649,0.26137500080084874
2024-01-10,OD,149.0,3.0,29.829764829876485,0.10057068894473152
2024-01-11,OD,-25.0,38.75,41.40301895741221,0.935922089156321
2024-01-12,FB,-23.0,88.25,100.5,0.8781094527363185
2024-01-12,RV,-35.75,74.5,77.23650928221312,0.9645697441838776
2024-01-16,B2,-108.75,117.0,88.43660215165582,1.3229816292507726
2024-01-16,FB,-108.75,120.5,131.25,0.9180952380952381
2024-01-16,B2,28.75,77.0,105.92246212275434,0.7269468482592872
2024-01-16,OD,-75.0,33.75,36.4814258267153,0.9251283148940116
2024-01-17,RV,-81.94502925571942,84.25,71.0884163877383,1.1851438571999455
2024-01-17,B2,74.94773532789623,57.25,92.24317224585711,0.6206421419182193
2024-01-17,OD,35.25,16.25,35.68010401629429,0.4554358920192328
2024-01-18,RV,-76.88846238325277,108.25,65.73502663450459,1.6467628529594163
2024-01-18,FB,-100.0,105.5,99.25,1.0629722921914357
2024-01-18,B2,76.59857812872724,73.0,95.04335699086765,0.7680705134080469
2024-01-18,RV,41.75,5.5,81.00553881819363,0.06789659176694118
2024-01-18,OD,6.25,11.5,39.486075605505924,0.291241908030902
2024-01-19,RV,69.98295480919114,35.25,59.72850845964157,0.5901704380215413
2024-01-19,B2,62.420093763092154,16.0,76.15809017636968,0.21008930191062586
2024-01-19,FB,120.0,1.5,57.5,0.02608695652173913
2024-01-19,B2,69.52115779799351,5.25,84.4261984206397,0.06218448891708633
2024-01-22,OD,-16.25,13.0,30.52297854108368,0.4259086308533784
2024-01-23,RV,16.0,46.25,47.82509771116124,0.9670654575412682
2024-01-23,OD,147.0,9.25,28.990473991752765,0.31907032643313965
2024-01-24,RV,53.34522581983765,31.75,40.78110459019102,0.7785468372927974
2024-01-24,FB,-28.0,54.5,87.25,0.6246418338108882
2024-01-24,OD,9.25,18.0,41.60191929345033,0.4326723455481022
2024-01-25,RV,-72.58991788995627,79.0,61.277381375012496,1.2892195819616792
2024-01-25,OD,-36.25,29.5,44.377125389978616,0.6647568931236313
2024-01-28,OD,128.0,6.25,37.357967153932506,0.1673003237635239
2024-01-29,RV,-55.38575963200492,53.75,36.20855297741796,1.4844558972992388
2024-01-29,FB,7.75,3.0,41.25,0.07272727272727272
2024-01-29,B2,49.79136283649496,19.0,61.96862726279746,0.30660675956923367
2024-01-29,OD,-15.0,18.75,28.721749709142415,0.6528153817186036
2024-01-30,B2,49.29945277243678,0.25,57.96410618670005,0.004313013974454468
2024-01-30,B2,33.5,41.25,67.03177717975178,0.615379775615741
2024-01-30,OD,-157.5,32.5,40.28881031054552,0.8066755942776792
2024-01-31,RV,-79.24235799707822,92.75,67.77100950767424,1.3685792888992925
2024-01-31,OD,-5.25,2.25,53.70957833490215,0.041891969174851634
2024-02-01,B2,82.71036889186509,52.75,96.81773136656435,0.5448382156392586
2024-02-01,FB,-17.25,49.25,69.0,0.7137681159420289
2024-02-01,OD,4.0,0.0,56.33936027850399,0.0
2024-02-02,FB,88.0,33.25,156.25,0.2128
2024-02-02,B2,24.0,6.5,105.0565090979645,0.061871463803721036
2024-02-04,OD,-18.75,38.25,45.40367392059608,0.8424428399096793
2024-02-05,B2,55.74893372145745,12.5,69.09391075107953,0.18091319284318697
2024-02-05,RV,-81.26050904250951,93.25,61.536063242017995,1.5153715575410278
2024-02-05,OD,83.0,3.5,33.39233746874625,0.10481446539272207
2024-02-06,B2,62.61356148403502,36.75,75.54076114733462,0.4864923180787501
2024-02-06,RV,-28.25,32.5,69.02659415111955,0.4708330231221886
2024-02-06,OD,20.0,4.5,36.53508661205979,0.12316927143987129
2024-02-07,FB,-44.0,45.0,43.25,1.0404624277456647
2024-02-07,B2,-1.0,66.75,84.8025274838914,0.7871227660364185
2024-02-07,OD,-6.0,1.5,30.185452102429274,0.04969281211724116
2024-02-08,FB,10.5,33.0,64.75,0.5096525096525096
2024-02-08,RV,-56.54475206615098,62.0,46.07984350026334,1.3454906807495057
2024-02-08,B2,-41.5,56.5,59.432359771355024,0.9506605528934702
2024-02-08,OD,35.0,19.5,24.58605903637133,0.7931323995908706
2024-02-09,RV,58.47229641510059,16.75,47.90796329116695,0.349628722435969
2024-02-09,FB,40.5,30.75,95.25,0.3228346456692913
2024-02-09,B2,51.30465400639878,32.75,65.47503432520672,0.500190650337572
2024-02-09,B2,-32.5,37.75,57.627351383674814,0.6550708837660402
2024-02-11,OD,-12.25,12.0,23.40316769396901,0.5127511009158131
2024-02-12,FB,-55.25,85.25,54.5,1.5642201834862386
2024-02-12,RV,-51.53080201082048,83.5,36.11735591439871,2.3119078871084113
2024-02-12,RV,26.25,10.5,67.40615854325969,0.15577211677567038
2024-02-12,OD,-1.5,5.25,34.600918141759436,0.1517300777537414
2024-02-13,RV,100.08369898617819,13.5,89.62511407731355,0.15062742333978463
2024-02-13,OD,86.0,15.5,46.51870332410198,0.3331993132312705
2024-02-14,B2,-4.5,66.5,79.70076950433102,0.8343708650941736
2024-02-14,OD,29.75,26.0,36.19017454107658,0.7184270407563101
2024-02-15,RV,65.54506958021011,4.75,55.15988848539073,0.08611329954479607
2024-02-15,B2,-89.25,105.25,82.41745220192254,1.2770353509853445
2024-02-15,B2,47.5,37.75,88.20220083686358,0.42799385550278257
2024-02-15,OD,63.0,35.25,29.40129446298159,1.198926803865128
2024-02-16,B2,-14.25,17.0,58.529788649230035,0.2904503910287678
2024-02-16,RV,70.0,43.0,79.67927454622863,0.5396635479537668
2024-02-16,B2,75.34483471479689,5.25,95.43018284512713,0.055014041087191275
2024-02-19,OD,-51.25,23.5,20.18015415473846,1.1645104303864802
2024-02-20,B2,71.83143461265354,59.75,81.58378796375399,0.732375898340804
2024-02-20,RV,87.03374143920882,23.75,76.74131403975728,0.30948127872420667
2024-02-20,OD,-55.0,32.5,45.37557797546513,0.716244320184152
2024-02-21,B2,-91.75,98.75,78.03208492089863,1.2655050816610012
2024-02-21,OD,83.5,8.0,70.04332057264885,0.11421503056386953
2024-02-22,FB,117.0,40.75,63.25,0.6442687747035574
2024-02-22,B2,65.72100850549761,62.0,76.920760956875,0.8060242674244967
2024-02-22,B2,-28.25,33.25,87.37005126692469,0.3805651881606176
2024-02-22,OD,-5.0,15.25,35.74837330969637,0.4265928373267714
2024-02-23,FB,-43.5,43.0,42.75,1.0058479532163742
2024-02-23,B2,-177.5,120.75,67.81591380856713,1.780555524782234
2024-02-23,RV,-4.5,27.25,67.80275149779067,0.40190109395321416
2024-02-23,B2,-80.75,82.75,87.04824619340957,0.9506222539640897
2024-02-25,OD,-61.5,6.25,27.230249273263315,0.22952415665679252
2024-02-26,RV,-61.37272630408188,60.25,38.836219524732606,1.5513868429348578
2024-02-26,RV,-4.75,44.0,50.52204642693781,0.8709069230525007
2024-02-26,FB,-50.5,50.5,49.75,1.015075376884422
2024-02-26,OD,-17.5,27.5,30.718560346268333,0.8952242452124121
2024-02-27,RV,-62.51960653738206,59.0,52.1799014376577,1.1307035539438621
2024-02-27,RV,22.5,12.25,65.13480586207548,0.18807149016364108
2024-02-27,OD,-31.0,16.5,28.344495978309276,0.5821235986212873
2024-02-28,RV,67.34030907065244,16.75,57.14503440806688,0.29311383173540423
2024-02-28,OD,22.5,0.25,34.26945943434352,0.0072951252843358174
2024-02-29,B2,-118.5,134.5,73.7814287884302,1.8229519569983061
2024-02-29,FB,-27.5,166.0,198.0,0.8383838383838383
2024-02-29,B2,20.75,38.5,102.21199188131983,0.3766681315114477
2024-02-29,OD,82.0,9.0,38.73734177060708,0.23233395965308526
2024-03-01,FB,211.25,11.0,62.5,0.176
2024-03-01,B2,66.13796655080296,3.25,81.28148279097138,0.03998450678314895
2024-03-03,OD,8.5,0.25,30.492539202547388,0.008198726853784439
2024-03-04,RV,3.5,55.25,43.81103581754125,1.2610977797945322
2024-03-04,B2,0.75,35.75,58.34882730099223,0.6126944045607592
2024-03-04,OD,-39.5,37.5,32.496340971349824,1.1539760748159806
2024-03-05,B2,26.75,11.0,83.85103840311731,0.13118501821190393
2024-03-05,OD,151.0,11.25,40.08209730859528,0.2806739356322936
2024-03-06,FB,-106.25,118.0,105.5,1.1184834123222749
2024-03-06,OD,-77.75,70.25,46.29658908323651,1.517390403722782
2024-03-07,FB,-56.75,71.25,56.0,1.2723214285714286
2024-03-07,B2,71.11708475458363,3.75,84.1131271610717,0.04458281515106399
2024-03-07,B2,-64.5,152.0,90.786174084858,1.674263747009818
2024-03-07,OD,121.5,8.75,47.57149588441208,0.18393367367005886
2024-03-08,FB,-212.25,230.75,211.5,1.091016548463357
2024-03-08,B2,-135.5,145.0,107.64561113654146,1.3470126507626672
2024-03-11,OD,30.25,7.5,48.56178733809751,0.15444242090562693
2024-03-12,RV,105.37076227406214,18.5,91.20472062672904,0.20284037791984938
2024-03-12,FB,-31.25,109.75,229.0,0.47925764192139736
2024-03-12,OD,-26.0,39.25,39.337229449773396,0.9977825217740671
2024-03-13,RV,-45.0,69.5,69.28825747167542,1.0030559655568065
2024-03-13,OD,71.5,12.75,35.26955543533945,0.36150157955279283
2024-03-14,RV,61.66449270930387,7.0,49.739886325823065,0.14073212701263985
2024-03-14,RV,31.5,57.25,80.23490198502091,0.7135298801846611
2024-03-14,B2,93.44384263520986,11.0,113.45073035614658,0.09695838859272744
2024-03-14,OD,-10.0,9.0,48.217277737149125,0.18665508345498996
2024-03-15,B2,24.75,102.0,84.6846214067499,1.2044689851074892
2024-03-15,RV,91.19661551476383,37.75,79.4737796642479,0.4749994294908592
2024-03-15,B2,1.0,37.5,104.39875899915035,0.35919967209864245
2024-03-17,OD,160.5,9.0,35.60318802607802,0.2527863514190873
2024-03-18,RV,-63.85667248844402,80.25,46.717372673657664,1.7177763946740576
2024-03-18,FB,-67.75,76.75,67.0,1.1455223880597014
2024-03-18,B2,-90.0,91.0,89.52521093217786,1.01647344979661
2024-03-18,OD,-20.25,42.0,41.82231379826756,1.0042485980711044
2024-03-19,RV,-82.51833936050387,107.5,72.75633921496427,1.4775344823546286
2024-03-19,OD,-74.5,32.25,37.40418040882434,0.8622030919408042
2024-03-20,RV,62.06602508411741,1.25,52.548332671946916,0.02378762439150265
2024-03-20,RV,55.5,25.75,77.92432766101545,0.33044879273154637
2024-03-20,OD,72.5,16.75,48.56173611163076,0.34492177053753026
2024-03-21,OD,-18.0,9.25,33.989681034295906,0.27214141817531806
2024-03-22,RV,-53.65323577870004,53.0,42.905170124374855,1.2352823644880544
2024-03-22,RV,-25.25,42.0,57.338939986855685,0.7324865093360294
2024-03-22,B2,-53.75,62.25,72.22376962760035,0.8619046100885204
2024-03-24,OD,-15.5,3.25,28.4666693039069,0.11416860769004523
2024-03-25,RV,-62.08773143872533,63.0,45.77620684125398,1.3762608207900653
2024-03-25,FB,29.5,10.75,54.0,0.19907407407407407
2024-03-25,OD,2.25,3.0,25.10226774015467,0.11951111473490782
2024-03-26,OD,0.25,0.75,27.757511928678678,0.027019712787193666
2024-03-27,RV,4.25,39.75,58.24447880607953,0.6824681208384497
2024-03-27,B2,-168.0,89.25,71.71120483563419,1.244575379880531
2024-03-27,OD,1.25,12.0,32.86102289366576,0.36517426858045554
2024-03-31,OD,-6.75,2.25,35.21247149182916,0.06389781531018346
2024-04-01,RV,-64.90990150584912,72.0,49.46891836944967,1.4554593545442216
2024-04-01,FB,-83.75,96.25,83.0,1.1596385542168675
2024-04-01,OD,-26.5,23.75,31.449039009981476,0.7551900073150754
2024-04-02,RV,-9.25,32.0,70.65553723093615,0.452901517051787
2024-04-02,OD,-25.0,6.75,29.35867076134877,0.22991504127927
2024-04-03,FB,25.25,20.0,141.25,0.1415929203539823
2024-04-03,B2,-23.0,112.25,84.24883109379279,1.3323626991932267
2024-04-03,OD,74.0,1.0,35.427788992979536,0.028226429828803672
2024-04-04,FB,-61.25,71.0,112.0,0.6339285714285714
2024-04-04,OD,67.25,38.0,53.83381595107235,0.7058760247376269
2024-04-05,B2,168.9926596353107,57.5,98.98456483182417,0.5808986491751831
2024-04-05,FB,22.25,34.5,217.25,0.15880322209436135
2024-04-05,RV,-35.0,76.5,94.95126499577776,0.8056764699596342
2024-04-05,B2,-95.5,130.25,127.49003191349978,1.021648501024557
2024-04-07,OD,-41.0,37.5,44.04522011123677,0.8513977204630437
2024-04-08,OD,-8.0,26.75,32.444788450337704,0.8244775594991303
2024-04-09,RV,-3.75,54.5,84.68750345250781,0.6435424091886619
2024-04-09,OD,-0.75,7.5,42.83660252851414,0.17508391322602282
2024-04-10,RV,52.75,50.0,104.38351963075027,0.47900281746459267
2024-04-10,OD,34.0,7.0,60.128292023720576,0.11641774220426059
2024-04-11,FB,115.75,30.25,232.0,0.13038793103448276
2024-04-11,OD,-20.25,23.0,38.14293006204068,0.6029951019124585
2024-04-12,OD,63.5,25.75,46.09527742938782,0.5586255563695385
2024-04-15,RV,99.24203147300796,19.5,83.84059395229542,0.23258423015341867
2024-04-15,RV,37.5,15.75,111.69034855729402,0.1410148701606092
2024-04-15,OD,-57.25,7.25,53.29126910082187,0.13604479912617035
2024-04-16,RV,-84.88190035041771,90.25,73.55930948813253,1.2269011309107003
2024-04-16,OD,-27.0,3.5,49.921798301735635,0.0701096538799628
2024-04-17,B2,17.0,10.0,113.17556033664546,0.08835829900249294
2024-04-17,B2,33.5,102.5,125.00555572612795,0.8199635560563812
2024-04-17,OD,83.75,8.25,49.218521682878794,0.1676198251779239
2024-04-18,RV,-85.59682290868295,97.5,74.25820287675862,1.3129862590643924
2024-04-18,B2,-130.0,142.5,92.82275359594827,1.5351839336752897
2024-04-18,B2,-26.5,60.25,120.50381017900689,0.49998419062849037
2024-04-18,OD,-58.25,33.75,50.87363382804168,0.663408478232135
2024-04-21,OD,-67.0,25.25,57.79937293324357,0.4368559504817283
2024-04-22,RV,-94.67416861471791,123.75,81.49911920828467,1.5184213179499046
2024-04-22,OD,77.75,30.75,49.0456418874902,0.6269670212603178
2024-04-23,RV,75.86199857437532,25.75,63.62141758805264,0.4047379165099828
2024-04-23,FB,135.0,25.75,114.25,0.22538293216630198
2024-04-23,B2,71.5,43.25,97.77364274431136,0.4423482524130089
2024-04-23,OD,33.75,3.0,39.25706570815996,0.07641936415477993
2024-04-24,RV,-64.53856559376072,89.5,52.51379599215677,1.704314043748948
2024-04-24,B2,-87.25,98.25,75.95351320518196,1.2935543841742512
2024-04-24,B2,-162.25,172.25,104.27376160531554,1.651901661052374
2024-04-24,OD,-43.25,26.75,58.2707141024346,0.45906422140246883
2024-04-25,RV,-102.93539891628097,119.25,89.8196550970115,1.3276604087513102
2024-04-25,OD,-21.0,23.75,70.42081157652514,0.3372582546026364
2024-04-26,FB,5.0,57.25,178.25,0.3211781206171108
2024-04-28,OD,44.0,1.0,31.10927448405696,0.032144754790488124
2024-04-29,OD,-32.25,11.25,33.02027462596146,0.3406997708963612
2024-04-30,B2,18.75,32.5,90.25255693952798,0.360100601047525
2024-04-30,OD,-12.5,20.5,57.58892110089095,0.3559712459986136
2024-05-01,RV,79.69903502751913,14.25,67.55205271358359,0.2109484379463507
2024-05-01,RV,-87.68505100417678,152.0,75.99430022293848,2.0001500053831616
2024-05-01,B2,-140.25,186.0,126.14896552258257,1.4744472872169783
2024-05-01,OD,73.0,5.25,75.13445032052665,0.0698747375884602
2024-05-02,B2,96.65176400891868,30.75,118.19864770838386,0.260155260624178
2024-05-02,B2,30.25,7.25,115.39173782681515,0.06282945500726499
2024-05-02,OD,-8.25,12.25,59.532482034071094,0.20577001968419845
2024-05-03,B2,79.25,47.75,111.09485723333096,0.42981287513346683
2024-05-03,FB,-11.5,34.75,253.5,0.13708086785009863
2024-05-05,OD,-54.0,28.75,30.19111670687735,0.9522668631018517
2024-05-06,B2,39.873249282369216,42.5,46.435454111241626,0.9152489366893284
2024-05-06,FB,25.25,35.25,47.25,0.746031746031746
2024-05-06,RV,40.0,16.5,46.081014021085444,0.35806503720708144
2024-05-06,OD,-13.0,17.25,24.574750714004242,0.7019399789951831
2024-05-07,FB,-57.25,66.75,90.25,0.739612188365651
2024-05-07,B2,-59.75,75.75,57.98279308411361,1.3064220602500491
2024-05-07,OD,-31.0,14.0,26.517713678539636,0.5279489842040936
2024-05-08,RV,-51.47194592140657,52.25,40.76575985643653,1.2817128929770265
2024-05-08,FB,7.5,31.75,98.0,0.3239795918367347
2024-05-08,OD,-13.25,10.5,25.025563845016503,0.41957096611395356
2024-05-09,RV,28.0,34.75,60.50995123285938,0.5742857049458227
2024-05-09,FB,-13.25,49.0,62.25,0.7871485943775101
2024-05-09,B2,7.0,29.5,73.50700774377691,0.40132228076577453
2024-05-09,OD,128.5,21.0,27.628283754712992,0.7600906442991667
2024-05-10,FB,-92.5,93.5,91.75,1.0190735694822888
2024-05-10,B2,2.0,58.25,67.2479001318922,0.8661980505823266
2024-05-10,RV,2.75,23.25,60.46680364135737,0.3845085005303263
2024-05-12,OD,32.0,13.0,22.265856096755154,0.5838535892583315
2024-05-13,OD,-16.0,15.25,20.534374178093653,0.7426571595383172
2024-05-14,RV,-53.908997604121396,65.0,41.82535682781825,1.5540811825607233
2024-05-14,B2,59.85452850821457,60.25,63.97612701606483,0.9417575400410035
2024-05-14,RV,73.0,41.25,63.638124349856966,0.6481963511875993
2024-05-14,FB,-27.25,59.75,192.25,0.3107932379713914
2024-05-14,OD,-21.0,21.5,26.52475625603258,0.8105635276143287
2024-05-15,FB,109.5,1.5,171.25,0.008759124087591242
2024-05-15,B2,58.37232242691971,6.75,71.19746400982183,0.094806747598044
2024-05-15,B2,5.5,12.0,70.33344203605415,0.17061585005108368
2024-05-15,OD,-0.75,3.25,28.723172337762843,0.11314906173254302
2024-05-16,FB,-56.0,67.75,55.25,1.2262443438914028
2024-05-16,B2,-51.5,61.25,53.30902671725322,1.148961137948833
2024-05-16,RV,-16.0,49.0,49.88877784405392,0.9821848142515712
2024-05-16,OD,9.0,5.5,27.637070646189112,0.19900806675248692
2024-05-17,RV,53.682799984111625,7.0,43.541173080455266,0.16076737269033653
2024-05-19,OD,5.5,1.0,22.55847021385423,0.04432924708634952
2024-05-20,RV,46.87740259909697,12.25,32.83758158855502,0.37304817856225836
2024-05-20,FB,2.25,13.0,99.25,0.1309823677581864
2024-05-20,OD,-6.0,7.5,24.977084277966522,0.30027524095821334
2024-05-21,FB,20.0,23.5,39.5,0.5949367088607594
2024-05-21,OD,-10.0,7.0,19.827167239315827,0.35305093841744123
2024-05-22,FB,-31.75,50.75,31.0,1.6370967741935485
2024-05-22,B2,61.85697153406001,36.25,73.30338513206537,0.4945201362077756
2024-05-22,OD,94.5,4.25,55.47523481880965,0.07661076179093483
2024-05-23,RV,69.86373513398212,23.25,57.02452224751602,0.4077193299241147
2024-05-23,RV,93.0579905573468,56.0,80.82047207645506,0.692893750323863
2024-05-23,OD,-10.0,12.75,43.525930265941994,0.29292883396398245
2024-05-24,RV,65.87571577610288,14.5,53.732900023183724,0.2698532927451114
2024-05-24,FB,88.0,14.5,91.25,0.1589041095890411
2024-05-24,B2,23.25,3.0,74.1381384178447,0.04046500308777532
2024-05-24,B2,-52.5,86.75,74.28656004319528,1.167775166188307
2024-05-26,OD,33.0,24.5,24.630346660533682,0.9947078836392286
2024-05-27,OD,-4.5,33.0,19.468468068756433,1.6950486234178521
2024-05-28,RV,63.84786923018328,50.25,53.266789176795456,0.943364538703796
2024-05-28,OD,-62.5,25.75,32.649586216416715,0.7886776827527604
2024-05-29,RV,-60.24212014290242,74.0,50.63457721971155,1.461451918101382
2024-05-29,OD,-39.25,41.0,39.380884772921966,1.0411142420088877
2024-05-30,RV,12.75,45.75,65.80671193389097,0.6952178380521455
2024-05-30,OD,-85.5,11.0,42.15461558981882,0.2609441420848046
2024-05-31,B2,88.96589129890344,13.5,97.10206572200076,0.13902896812360252
2024-05-31,B2,-87.5,92.75,105.64743547797417,0.877920032610133
2024-06-02,OD,93.5,0.75,48.291653348245546,0.015530634136535475
2024-06-03,B2,96.98860472246085,2.25,114.57879995907518,0.019637140560065616
2024-06-03,OD,-25.0,22.75,43.309764252803184,0.5252857038705199
2024-06-04,OD,7.0,16.75,43.37869224663278,0.38613427774093856
2024-06-05,FB,184.75,38.75,60.75,0.6378600823045267
2024-06-05,RV,76.83619095018003,18.25,63.081762102604486,0.2893070737357621
2024-06-05,OD,-12.5,31.25,30.493566870213566,1.0248063184279477
2024-06-06,OD,1.0,11.25,28.03618840619053,0.4012670994005713
2024-06-07,RV,-72.22808508837261,90.25,60.21803707278643,1.4987203898877257
2024-06-07,RV,-1.75,24.0,89.48817684269602,0.2681918533460308
2024-06-09,OD,-25.0,21.25,44.43502473076629,0.4782263569955155
2024-06-10,RV,-93.22869492611423,96.25,51.31468481577008,1.8756814028100657
2024-06-10,B2,18.75,43.0,73.69161085399742,0.5835128246170976
2024-06-10,OD,13.0,8.25,33.87817821689735,0.24351958795367465
2024-06-11,RV,-62.75121600694909,75.0,50.14188200767729,1.4957555838952485
2024-06-11,B2,63.849913303231006,9.75,78.37229629282307,0.12440620552409226
2024-06-11,OD,-19.0,28.0,34.24128376065836,0.8177263503236609
2024-06-12,FB,7.75,22.0,230.25,0.09554831704668838
2024-06-12,B2,-53.75,90.75,74.48507864042809,1.218364827646753
2024-06-12,OD,81.5,6.0,55.437186748363565,0.1082306002870377
2024-06-13,OD,18.5,2.0,35.45328177981649,0.0564122670623569
2024-06-14,RV,66.25,36.0,51.80787716720464,0.6948750261241872
2024-06-14,FB,33.75,59.5,70.75,0.8409893992932862
2024-06-16,OD,250.75,30.25,30.762650145799896,0.983335306179078
2024-06-17,FB,216.5,14.0,71.5,0.1958041958041958
2024-06-17,OD,-24.0,13.25,36.86418649494202,0.35942743512915926
2024-06-18,B2,12.75,32.75,66.70243294167418,0.4909865885797179
2024-06-18,OD,18.0,16.5,26.779334507174234,0.6161467528470366
2024-06-19,OD,79.5,0.75,11.888811852778108,0.06308452091659138
2024-06-20,RV,77.29213772554795,39.25,66.98814702230504,0.5859245515020878
2024-06-20,RV,15.0,46.5,100.76022665724015,0.46149161770130587
2024-06-20,OD,-38.5,41.5,47.492483818523525,0.8738224801755626
2024-06-21,FB,-70.5,70.25,69.75,1.007168458781362
2024-06-23,OD,-178.5,21.75,32.028286264384846,0.6790872237265406
2024-06-24,OD,21.75,20.5,42.644237688280015,0.48072145526086046
2024-06-25,RV,-64.91803165196688,66.0,53.93415804986954,1.2237142913953332
2024-06-25,FB,40.0,45.75,75.0,0.61
2024-06-25,RV,-81.0924979699048,80.25,70.58184058887765,1.136978000721702
2024-06-25,OD,67.25,9.25,33.979742604733275,0.2722210143731784
2024-06-26,FB,-65.5,83.0,64.75,1.281853281853282
2024-06-26,OD,65.75,39.0,43.86318333790512,0.8891283539445594
2024-06-27,RV,-63.44217701044181,83.5,51.899334767635665,1.608883820454486
2024-06-27,B2,-80.5,106.25,75.77601356957712,1.4021587438410419
2024-06-27,FB,-26.75,106.25,107.25,0.9906759906759907
2024-06-27,OD,22.75,5.0,35.20929033008672,0.14200797440462598
2024-06-28,FB,-168.25,169.75,167.5,1.0134328358208955
2024-06-28,B2,-110.5,117.75,102.17204524287516,1.1524678763167966
2024-06-28,B2,-72.0,130.0,119.46572241916101,1.088178243662882
2024-06-30,OD,46.75,8.25,47.40990891895523,0.174014255418692
2024-07-01,RV,-92.65231789171958,108.0,78.65041040967628,1.3731651168435972
2024-07-01,OD,-43.0,42.75,40.089337842565506,1.0663683238641446
2024-07-02,FB,211.25,14.25,53.0,0.2688679245283019
2024-07-02,B2,66.13070213495666,54.25,75.10128485939869,0.7223578145375869
2024-07-02,B2,46.0,2.75,99.89560492844745,0.02752873864640743
2024-07-02,OD,10.0,13.25,33.246113544960934,0.398542824624633
2024-07-03,FB,135.25,39.5,78.5,0.5031847133757962
2024-07-03,B2,59.39760488493266,20.5,69.01942280888038,0.29701784172791384
2024-07-03,RV,76.72176320023935,9.75,63.078548662131254,0.15456918725610028
2024-07-03,B2,-13.0,42.0,79.73402969711664,0.5267512523767354
2024-07-03,OD,1.0,7.5,36.641684370653074,0.20468491361185548
2024-07-04,OD,65.25,0.75,12.486775963547206,0.06006354259814414
2024-07-05,RV,61.3212078018114,58.0,51.63944529159808,1.1231724057546528
2024-07-05,FB,97.0,36.0,153.5,0.23452768729641693
2024-07-05,B2,140.36836357450375,22.0,86.5330545306309,0.2542381072681591
2024-07-05,B2,7.0,31.75,91.84057281990185,0.3457077740821731
2024-07-07,OD,28.0,26.25,28.026467705409576,0.9366146414138843
2024-07-08,RV,14.25,46.5,31.33798672512526,1.4838221870430044
2024-07-08,FB,-38.5,44.75,37.75,1.185430463576159
2024-07-08,OD,-2.5,2.5,31.52806565894751,0.07929443014498773
2024-07-09,FB,-47.0,56.25,46.25,1.2162162162162162
2024-07-09,OD,-0.5,3.25,26.017670800726783,0.12491510192792561
2024-07-10,RV,-42.26855572484419,61.25,32.59824559131384,1.8789354730280556
2024-07-10,B2,43.97017151444015,5.5,51.86490778248748,0.10604472725693558
2024-07-10,FB,93.25,1.25,29.0,0.04310344827586207
2024-07-10,OD,-24.75,26.0,25.47227062072973,1.0207177988616687
2024-07-11,OD,-125.5,53.5,54.39693335639418,0.9835113249763969
2024-07-12,RV,84.72268655181688,20.75,73.33797176719409,0.2829366493236181
2024-07-12,FB,140.75,46.75,233.75,0.2
2024-07-12,B2,-80.75,98.0,110.19886048454966,0.8893013917665692
2024-07-14,OD,81.5,1.25,40.20719912374608,0.031088959868924546
2024-07-15,FB,-88.5,95.0,87.75,1.0826210826210827
2024-07-15,RV,-17.25,17.75,101.74746830587875,0.17445151506511186
2024-07-15,OD,-20.5,19.25,49.015417691654754,0.3927335705083149
2024-07-16,RV,-66.36388569293558,113.25,53.986491646408524,2.0977469834814504
2024-07-16,B2,29.5,103.75,101.60465977434774,1.021114585004436
2024-07-16,OD,-74.0,38.0,41.98765216421501,0.905027979449311
2024-07-17,OD,-26.5,8.0,52.942840972014565,0.15110636023912613
2024-07-18,RV,117.0207648972937,15.0,106.2753185856401,0.14114283729869523
2024-07-18,B2,-107.75,159.0,152.7302805011894,1.0410509263666399
2024-07-18,RV,46.25,53.5,130.23831562670702,0.4107854109027585
2024-07-18,OD,-273.0,258.75,70.5712841745512,3.666505477780553
2024-07-22,RV,-105.15584275879155,141.25,88.80979296863785,1.5904777533923629
2024-07-22,B2,-227.0,141.25,111.01224121079731,1.2723822027138905
2024-07-22,FB,-80.25,92.5,79.5,1.1635220125786163
2024-07-22,B2,107.73490453692648,32.0,138.27515267497148,0.23142263364712354
2024-07-22,OD,-60.75,66.5,46.04337206462772,1.4442903944276455
2024-07-23,FB,-97.0,104.25,96.25,1.0831168831168831
2024-07-23,OD,-102.0,22.25,61.73641463982653,0.36040317744086153
2024-07-24,B2,79.06447373352057,14.75,99.78198580571413,0.1478222735386303
2024-07-24,OD,-51.5,38.5,59.66200788466585,0.6453017819049157
2024-07-25,RV,-176.75309847974862,182.5,165.09357008510256,1.1054337240749277
2024-07-25,FB,0.25,43.5,208.5,0.20863309352517986
2024-07-25,OD,199.5,0.75,86.46397835156405,0.008674132445658317
2024-07-26,FB,-131.0,141.25,130.25,1.0844529750479845
2024-07-28,OD,78.0,8.75,52.30181405012572,0.16729821247909407
2024-07-29,OD,-61.25,46.25,56.400964170188,0.8200214425491414
2024-07-30,OD,206.5,11.5,89.33971501871474,0.12872214778825966
2024-07-31,FB,-18.25,99.5,169.25,0.5878877400295421
2024-07-31,OD,-39.25,48.0,84.3299112906151,0.5691930569520451
2024-08-01,OD,-289.0,32.75,101.53146175206486,0.3225601152081705
2024-08-04,OD,-205.0,167.5,92.7632961650432,1.8056710673797778
2024-08-05,FB,413.5,154.0,300.75,0.5120532003325021
2024-08-05,OD,338.5,14.75,139.06307911406557,0.10606697402335964
2024-08-06,FB,208.75,82.25,157.25,0.5230524642289348
2024-08-06,OD,156.25,46.0,111.78941911471112,0.41148795981127473
2024-08-07,FB,-109.0,121.25,108.25,1.120092378752887
2024-08-07,OD,152.5,129.5,103.68269990995215,1.249002968792962
2024-08-08,FB,123.75,66.75,403.25,0.16553006819590824
2024-08-08,OD,-73.25,45.75,81.71695906709554,0.5598593061011476
2024-08-09,FB,43.5,109.0,181.5,0.6005509641873278
2024-08-11,OD,101.0,23.75,69.97503845241194,0.3394067445372211
2024-08-12,FB,-85.0,148.25,84.25,1.7596439169139466
2024-08-12,OD,91.0,17.0,48.82903801296874,0.3481534900500167
2024-08-13,FB,153.0,47.75,158.5,0.30126182965299686
2024-08-13,OD,-14.25,22.75,45.00151125730851,0.5055385778028791
2024-08-14,RV,115.68051791343169,13.25,104.96444867505157,0.1262332167438833
2024-08-14,B2,67.0,52.0,148.4881935362247,0.3501961924488915
2024-08-14,OD,73.5,33.25,52.00781152951701,0.6393270361151224
2024-08-15,B2,97.99337893992924,17.25,117.44839441328843,0.1468730167506512
2024-08-15,FB,136.0,17.25,278.25,0.06199460916442048
2024-08-15,B2,11.5,42.25,115.77416395664008,0.3649346154278733
2024-08-15,OD,24.0,46.25,43.2194718708839,1.0701195085902404
2024-08-16,FB,44.0,88.5,136.0,0.6507352941176471
2024-08-18,OD,-40.0,36.25,38.98807834166442,0.9297713953052571
2024-08-19,FB,47.0,55.25,56.25,0.9822222222222222
2024-08-19,OD,11.5,21.25,39.05600533470882,0.5440904623472913
2024-08-20,FB,-59.75,75.5,59.0,1.2796610169491525
2024-08-20,OD,15.75,13.5,39.16054810964459,0.34473470499446807
2024-08-21,FB,-62.25,91.75,61.5,1.491869918699187
2024-08-21,B2,29.0,115.0,106.76431385281168,1.077138941374571
2024-08-21,OD,-29.25,9.25,45.05943625355777,0.20528441474386278
2024-08-22,RV,107.62807047141541,80.25,96.18750853102101,0.8343079182066445
2024-08-22,RV,38.25,25.75,123.75171290304066,0.20807792794088514
2024-08-22,OD,151.0,6.25,59.20376269565362,0.10556761454722263
2024-08-23,RV,-83.41733797605048,202.25,69.21560577224255,2.922028894257082
2024-08-23,FB,-99.75,183.25,99.0,1.851010101010101
2024-08-23,B2,7.0,57.5,128.78148836421553,0.44649274309814163
2024-08-26,OD,30.5,17.75,50.611521179317734,0.35071066007108065
2024-08-27,RV,-91.729255045615,123.25,79.33169130856332,1.553603584734062
2024-08-27,B2,7.25,53.25,121.31902759237009,0.43892537763259293
2024-08-27,OD,81.25,31.0,43.643497175160924,0.7103005489130053
2024-08-28,RV,102.061284870706,69.75,90.79223360976025,0.7682375157747172
2024-08-28,OD,102.75,10.75,91.68948602711382,0.11724354084416047
2024-08-29,FB,17.0,85.25,172.25,0.4949201741654572
2024-08-29,OD,90.25,42.0,66.08136238564752,0.6355801164463
2024-08-30,B2,-108.75,145.0,92.98618446976946,1.5593714359485376
2024-09-03,B2,99.30152258477756,46.5,115.63527899610554,0.4021264133549249
2024-09-03,OD,-107.25,84.75,63.71289266648645,1.3301860338320388
2024-09-04,RV,99.76984165930844,29.5,86.34976701523436,0.34163381118093145
2024-09-04,FB,12.5,15.25,137.25,0.1111111111111111
2024-09-04,OD,-50.5,55.5,59.0830745927268,0.9393553125421154
2024-09-05,FB,-235.5,242.5,234.75,1.033013844515442
2024-09-05,B2,-26.75,135.5,161.90223709395883,0.836924816062693
2024-09-05,OD,-54.25,21.25,69.69000785818021,0.3049217621447818
2024-09-06,B2,164.0,128.75,185.76767306977345,0.6930699936777596
2024-09-08,OD,221.0,0.0,64.85994965099934,0.0
2024-09-09,FB,-133.5,149.75,132.75,1.128060263653484
2024-09-09,B2,83.16844468261843,71.75,106.06302982265112,0.6764845405602101
2024-09-09,OD,-71.5,11.75,53.47361367730742,0.21973454180423838
2024-09-10,OD,-79.0,47.0,46.61128822397119,1.0083394343052914
2024-09-11,B2,-164.0,181.0,152.46608881129308,1.187149230436568
2024-09-11,B2,148.29151517864375,22.25,180.34497898113653,0.12337465742435376
2024-09-11,FB,108.0,60.25,201.0,0.2997512437810945
2024-09-11,B2,142.31442197605793,16.75,183.49861359663603,0.0912813436117812
2024-09-11,OD,289.5,10.5,67.36116219877592,0.15587617044099641
2024-09-12,OD,-12.75,30.0,49.1843371501172,0.6099502756016814
2024-09-15,OD,-56.5,16.25,41.506141212952855,0.3915083292524637
2024-09-16,OD,79.5,45.25,42.22218495944929,1.0717114721433452
2024-09-17,OD,-10.5,8.25,47.07059516976234,0.17526865700860553
2024-09-18,OD,226.5,15.5,80.73138028147133,0.19199473545428042
2024-09-19,FB,-60.75,86.5,60.0,1.4416666666666667
2024-09-19,B2,-119.75,128.5,115.72178231738098,1.110421887968967
2024-09-19,OD,-21.25,33.5,46.68160446025981,0.7176274334897518
2024-09-20,RV,-46.75,84.5,84.88196556470413,0.9955000386458657
2024-09-22,OD,195.5,5.5,43.559343237140176,0.1262645299782783
2024-09-23,FB,-52.75,67.25,52.0,1.2932692307692308
2024-09-23,OD,4.75,11.5,33.76295639085245,0.34060998293134503
2024-09-24,RV,-101.84541650804022,140.25,89.37259714467449,1.5692729592826562
2024-09-24,OD,-37.5,11.0,35.78314722139638,0.30740728119695954
2024-09-25,RV,57.1327194926962,43.5,44.252387511209776,0.9829978097561587
2024-09-25,FB,-96.0,96.5,95.25,1.0131233595800524
2024-09-25,B2,28.0,74.0,89.28127142810523,0.8288412431445866
2024-09-25,OD,169.5,0.75,34.52166078758205,0.02172549010938043
2024-09-26,RV,112.99269861945868,0.25,101.85964486239193,0.002454357663800413
2024-09-26,OD,-59.25,59.75,43.14052182522817,1.385008745189975
2024-09-27,OD,35.0,35.0,48.80079495999952,0.7172014314252134
2024-09-30,FB,-104.5,110.75,103.75,1.0674698795180724
2024-09-30,OD,29.25,11.5,53.180083949583626,0.21624636792417173
2024-10-01,B2,-81.0,94.75,133.85418886680725,0.7078598047781814
2024-10-01,OD,2.5,34.25,71.43825918149017,0.47943497493391135
2024-10-02,RV,-27.25,92.75,104.49145583733412,0.8876323834973407
2024-10-02,OD,-44.5,12.75,46.384118077216556,0.27487856896998286
2024-10-03,OD,61.0,31.5,53.41154625589644,0.5897601213243759
2024-10-06,OD,-40.0,55.5,47.62012287778356,1.1654736830990555
2024-10-07,FB,-40.75,49.5,40.0,1.2375
2024-10-07,OD,156.0,47.5,62.971322824099566,0.7543116115359961
2024-10-08,FB,92.5,10.5,81.0,0.12962962962962962
2024-10-08,RV,80.56943531916839,0.75,68.45368341221884,0.01095631327073521
2024-10-08,B2,81.24982939800975,2.75,101.69184158177484,0.02704248401076113
2024-10-08,OD,-26.75,17.25,38.98948904774478,0.4424269314962405
2024-10-09,RV,71.46698795929842,13.0,59.97777142398355,0.21674696627360246
2024-10-09,FB,77.5,13.0,71.25,0.1824561403508772
2024-10-09,B2,62.67451564604198,29.0,74.97221427997944,0.38680997058058286
2024-10-09,RV,-79.13833030949172,90.5,68.1696218192664,1.3275708091785614
2024-10-09,B2,-32.25,51.0,96.63264844974002,0.527771936485067
2024-10-09,OD,-31.0,20.5,40.216125201447724,0.5097457772799561
2024-10-10,RV,82.41034653842871,38.25,69.20329445724346,0.5527193510076658
2024-10-10,B2,-40.0,73.75,107.9895441495625,0.68293648779421
2024-10-10,OD,-23.0,19.75,40.24456233703509,0.4907495287090014
2024-10-11,RV,-68.07195412924919,91.75,56.542464715873294,1.622674223011768
2024-10-11,FB,-20.75,65.75,101.75,0.6461916461916462
2024-10-13,OD,-59.5,32.5,30.04460990736214,1.0817248118783593
2024-10-14,FB,25.75,56.25,70.5,0.7978723404255319
2024-10-14,RV,-69.43724457058852,78.75,50.60907272572045,1.5560451073030195
2024-10-14,B2,74.40257607051535,20.5,91.6238099398461,0.22374096878812277
2024-10-14,OD,-21.5,9.5,30.701706593351954,0.309429053108634
2024-10-15,RV,71.0,48.5,95.61524141738474,0.5072413067314783
2024-10-15,OD,-13.5,17.0,51.00735310035602,0.333285280782024
2024-10-16,RV,-83.69193462978728,93.25,71.93996651426711,1.2962196747965775
2024-10-16,OD,149.0,44.5,33.55415825212778,1.3262141659351
2024-10-17,OD,-55.5,32.5,47.48015981754427,0.684496432296991
2024-10-18,FB,-44.5,54.5,43.75,1.2457142857142858
2024-10-20,OD,-57.5,31.0,29.18455729176103,1.0622055935298178
2024-10-21,FB,-85.0,86.0,84.25,1.0207715133531157
2024-10-21,OD,-40.25,35.0,38.91352949627197,0.8994301070365026
2024-10-22,FB,82.0,66.5,131.5,0.5057034220532319
2024-10-22,OD,-8.5,7.75,39.09140787928283,0.19825328430054437
2024-10-23,OD,74.75,13.75,48.88882107866806,0.2812503901019535
2024-10-24,OD,-2.5,6.25,41.02256957905757,0.15235515629890448
2024-10-25,FB,-105.0,131.25,164.0,0.8003048780487805
2024-10-27,OD,-1.0,22.75,45.11527227658688,0.5042638302286472
2024-10-28,OD,-42.75,27.25,36.88104636832897,0.7388619001710461
2024-10-29,FB,83.75,60.5,104.0,0.5817307692307693
2024-10-29,B2,75.69335805014998,20.5,94.98913145239676,0.2158141640685856
2024-10-29,OD,8.5,5.5,43.241558933692495,0.1271924541026334
2024-10-30,B2,-100.5,117.5,97.61022527438975,1.2037673273440215
2024-10-30,OD,-35.5,39.75,58.325786676649656,0.6815167401062016
2024-10-31,B2,90.160046395642,22.25,92.98795087287999,0.23927831284740386
2024-10-31,B2,23.75,44.75,131.13350294113584,0.3412552779901541
2024-10-31,OD,23.0,59.5,66.0685484513031,0.9005797977210812
2024-11-01,FB,-113.5,114.75,193.0,0.594559585492228
2024-11-01,B2,-65.0,112.25,106.23715207975943,1.0565983538011856
2024-11-04,FB,-59.75,71.75,59.0,1.2161016949152543
2024-11-04,B2,-153.0,142.5,122.73841583946978,1.1610056967524862
2024-11-04,OD,81.25,42.25,48.27828223014608,0.8751346992544428
2024-11-05,RV,-77.76239733798866,89.0,59.21332252740104,1.503040130180419
2024-11-05,B2,0.5,81.5,106.8774433330324,0.7625556661759232
2024-11-05,OD,195.5,3.75,46.78218264756189,0.08015872256861098
2024-11-06,RV,-115.50641241215635,149.5,102.16459607936991,1.4633249260228662
2024-11-06,FB,64.75,103.5,119.0,0.8697478991596639
2024-11-06,B2,128.3365221038839,4.5,158.99076975162967,0.02830352986547431
2024-11-06,OD,69.0,42.0,48.787099577263014,0.8608833147271967
2024-11-07,FB,109.25,21.0,111.75,0.18791946308724833
2024-11-07,OD,-4.75,17.5,40.383637340858,0.43334382815226097
2024-11-08,FB,34.5,18.5,58.0,0.31896551724137934
2024-11-10,OD,-12.5,38.5,33.74226471799551,1.1410022510868123
2024-11-11,OD,-10.5,17.25,33.987344735784866,0.5075418551846353
2024-11-12,OD,-37.0,16.0,40.16617166861652,0.3983451580102033
2024-11-13,B2,81.07072256246101,53.25,98.44111989528946,0.5409324889501596
2024-11-13,B2,-85.0,135.25,103.51278200797319,1.3066019227420844
2024-11-13,OD,-31.75,29.25,48.57531915777611,0.6021576493402732
2024-11-14,B2,-212.5,124.75,100.88051098460156,1.2366114999064775
2024-11-14,OD,-160.0,70.5,50.771409639042055,1.3885767699029399
2024-11-15,B2,78.02994229473188,17.75,96.97618876021531,0.18303462145629273
2024-11-17,OD,22.75,0.75,41.06668146063905,0.018262980433879184
2024-11-18,RV,-96.85752552495615,97.0,79.05813097756801,1.2269452717965572
2024-11-18,OD,9.0,44.0,39.85157110858392,1.10409699733325
2024-11-19,FB,128.25,12.5,240.0,0.052083333333333336
2024-11-19,OD,-24.0,31.0,45.41415594715644,0.6826065431243808
2024-11-20,B2,-23.0,41.75,82.24081977664282,0.5076554454757198
2024-11-20,B2,-112.5,116.25,119.17318004711525,0.9754711584774396
2024-11-20,RV,120.4841865263734,19.0,108.43960686982864,0.17521273405949986
2024-11-20,OD,-128.0,92.25,75.00807571188591,1.2298675725843464
2024-11-21,OD,7.75,19.75,65.61531724735373,0.30099679203786095
2024-11-22,B2,7.25,51.25,123.1215472392016,0.4162553277569771
2024-11-24,OD,7.25,20.75,37.269482460580384,0.5567557859690458
2024-11-25,OD,96.25,36.5,56.700489636642885,0.6437334180693168
2024-11-26,FB,-94.25,97.0,93.5,1.0374331550802138
2024-11-26,OD,-3.0,10.5,36.52551765993664,0.2874702584028542
2024-11-27,OD,16.0,11.5,36.49555429654468,0.3151068731976704
2024-11-28,OD,-37.0,20.0,18.5001526933002,1.0810721582445624
2024-11-29,FB,94.0,3.75,84.25,0.04451038575667656
2024-11-29,RV,72.09763604913678,33.5,62.29718808275895,0.5377449774377744
2024-11-29,B2,26.0,29.25,77.87148510344869,0.3756188797625051
2024-12-01,OD,-47.0,32.0,36.191753628559205,0.8841793168803112
2024-12-02,FB,92.0,23.75,116.0,0.20474137931034483
2024-12-02,B2,69.91677030896244,0.75,82.9303931907055,0.009043728977328145
2024-12-02,B2,-19.25,70.75,87.43119491252914,0.8092077441098924
2024-12-02,OD,0.25,9.75,30.070010715238066,0.32424331645013876
2024-12-03,OD,16.5,8.5,29.662109831483846,0.28656087002206304
2024-12-04,FB,-13.25,43.0,65.25,0.6590038314176245
2024-12-04,RV,13.0,4.25,58.477564829542146,0.07267744497207504
2024-12-04,B2,39.0,4.25,73.09695603692768,0.05814195597766003
2024-12-04,OD,-10.0,10.5,26.53257472219668,0.395739957766552
2024-12-05,RV,-45.54536348149486,45.5,35.85932022801554,1.268847253954707
2024-12-05,FB,-53.25,77.0,52.5,1.4666666666666666
2024-12-05,B2,-76.75,79.25,61.372210657758934,1.2913010489704575
2024-12-05,OD,23.5,7.75,30.346968332565275,0.2553797109177291
2024-12-06,FB,45.0,39.5,172.25,0.22931785195936139
2024-12-06,B2,22.0,14.25,82.3466224183163,0.17304899195028042
2024-12-08,OD,6.5,28.75,26.704451866332324,1.0765995177098768
2024-12-09,OD,-9.25,13.0,34.85383612436595,0.3729862031144353
2024-12-10,FB,-45.75,53.0,45.0,1.1777777777777778
2024-12-10,RV,-61.61932258027082,103.0,50.72124367499813,2.030707304024004
2024-12-10,OD,-13.0,10.25,32.85937800063648,0.31193530199510955
2024-12-11,FB,213.75,7.0,128.25,0.05458089668615984
2024-12-11,B2,63.035947527125245,51.25,73.44325523127723,0.697817653079383
2024-12-11,B2,-43.75,54.75,78.20813526609649,0.7000550494359418
2024-12-11,OD,-4.0,8.5,29.4706166178624,0.28842287591797705
2024-12-12,OD,-83.0,47.75,46.97154747970283,1.0165728523343531
2024-12-13,RV,55.11403888429413,6.5,43.75042283996974,0.1485699926552869
2024-12-13,B2,-176.0,89.75,65.33531222496487,1.373682882098575
2024-12-13,FB,-48.75,63.25,48.0,1.3177083333333333
2024-12-13,RV,-66.5,81.0,77.89475692330741,1.0398645967885862
2024-12-15,OD,292.0,21.0,32.81078937375289,0.6400333670971972
2024-12-16,FB,176.25,21.0,44.25,0.4745762711864407
2024-12-16,OD,3.0,8.0,32.53175566277471,0.24591356466980369
2024-12-17,B2,-46.75,86.5,103.56416743288574,0.8352309697855285
2024-12-17,OD,32.25,7.0,46.033595288296794,0.15206285661940516
2024-12-18,RV,77.5260782795267,63.25,61.85988550549533,1.0224719862176463
2024-12-18,OD,76.25,65.75,115.46290449065529,0.5694469603899607
2024-12-19,RV,164.0691592625626,5.0,146.32438852254018,0.0341706536448624
2024-12-19,OD,-92.0,90.5,87.93312169961831,1.0291912563863046
2024-12-20,RV,151.738397843983,6.0,138.42993550638272,0.04334322614578804
2024-12-20,FB,279.5,11.5,287.75,0.03996524761077324
2024-12-22,OD,199.0,28.0,79.36841784849685,0.3527851601306714
2024-12-23,RV,-133.72511974593726,142.25,111.68824173137389,1.2736345186822036
2024-12-23,OD,73.25,2.75,54.44210824925683,0.05051237155272251
2024-12-24,FB,87.5,19.75,163.5,0.12079510703363915
2024-12-25,OD,33.25,5.75,35.67980474559576,0.16115559042429367
2024-12-26,RV,92.25205376085432,13.25,65.65282558346732,0.20181918877436117
2024-12-26,RV,-42.75,74.0,86.14367995877467,0.8590299373722343
2024-12-26,OD,-42.5,37.75,39.204429333519634,0.9629014027688931
2024-12-27,B2,-229.0,117.0,113.85491247104045,1.0276236436417228
2024-12-27,RV,-109.5,120.5,102.89634778614626,1.1710814095213578
2024-12-29,OD,-83.5,20.75,56.215008441692035,0.36911850723143713
2024-12-30,RV,-129.79736872858484,132.5,113.00692939740952,1.172494471857027
2024-12-30,FB,3.5,50.5,179.75,0.2809457579972184
2024-12-30,OD,-10.25,30.0,60.678378933004744,0.4944100440310564
2024-12-31,RV,99.72591828313304,24.25,85.66859979039357,0.2830675423589597
2025-01-01,OD,258.5,19.75,81.5981879515055,0.24203968857418248
2025-01-02,OD,20.0,10.75,82.83732205436489,0.12977242302624095
2025-01-03,FB,95.0,152.0,186.5,0.8150134048257373
2025-01-03,B2,97.21587260446904,120.75,111.36390045449158,1.084283142986214
2025-01-05,OD,74.5,24.25,45.38343063436812,0.5343359825609102
2025-01-06,FB,-123.25,128.25,122.75,1.044806517311609
2025-01-06,OD,-31.75,32.5,47.58120796109725,0.6830427681989966
2025-01-07,RV,146.52457376892926,23.5,134.23708186782056,0.1750634003139295
2025-01-07,OD,-60.5,19.0,61.94656752810879,0.30671594501791544
2025-01-08,B2,-34.75,89.5,200.29004049432848,0.4468519741626111
2025-01-08,OD,-14.0,38.0,75.55318390038188,0.5029569640652554
2025-01-09,OD,199.5,0.5,42.76247773035089,0.011692493665892574
2025-01-10,RV,137.39857190780822,24.25,113.33030200771569,0.2139763114577161
2025-01-10,RV,180.54133986513258,53.5,159.74348593404747,0.33491193513886564
2025-01-12,OD,-103.5,68.0,72.92151476377857,0.9325094277083891
2025-01-13,RV,-106.0,124.75,103.90499235651941,1.200616035579475
2025-01-13,OD,166.5,43.5,63.34099132804413,0.686759065305952
2025-01-14,RV,-142.9268680615387,138.75,128.36989897550092,1.080860864636811
2025-01-14,B2,-243.0,149.5,175.9453320004855,0.8496957452647136
2025-01-14,OD,-21.75,19.75,71.5101171076021,0.27618469663924544
2025-01-15,FB,-26.75,160.0,412.0,0.3883495145631068
2025-01-15,B2,123.45088721809952,7.25,149.2945393548224,0.048561722560858125
2025-01-15,OD,-80.5,41.25,47.47413984188579,0.8688940997643034
2025-01-16,RV,-35.0,42.5,114.19773954169959,0.3721614820972968
2025-01-16,OD,26.0,0.75,57.793990662492085,0.012977127749836195
2025-01-17,FB,22.75,127.0,163.5,0.7767584097859327
2025-01-19,OD,71.75,13.0,45.74365129113716,0.2841924427339877
2025-01-20,FB,-58.0,120.25,202.25,0.5945611866501854
2025-01-20,OD,-237.25,29.25,53.508172629664635,0.5466454667110788
2025-01-21,FB,-3.75,21.0,67.5,0.3111111111111111
2025-01-21,OD,62.5,0.0,47.092792029844084,0.0
2025-01-22,RV,60.47494091258339,27.75,48.09285267113612,0.5770088164608858
2025-01-22,FB,39.75,10.75,73.25,0.14675767918088736
2025-01-22,OD,-22.75,42.75,33.424530775375615,1.279000752091174
2025-01-23,RV,23.75,32.75,56.35811468516164,0.5811053152319634
2025-01-23,FB,18.0,39.25,59.5,0.6596638655462185
2025-01-23,OD,-0.5,15.25,35.56367147769057,0.4288083700684973
2025-01-24,FB,-76.0,82.25,75.25,1.0930232558139534
2025-01-26,OD,-108.0,97.75,54.89470873606728,1.7806816403741232
2025-01-27,RV,152.5,133.75,166.74310997296342,0.8021320942237847
2025-01-27,OD,144.5,91.5,90.74055105171256,1.0083694548852216
2025-01-28,FB,72.5,79.5,185.0,0.4297297297297297
2025-01-28,OD,100.5,5.75,53.731374796408765,0.10701382612648712
2025-01-29,OD,79.5,2.5,90.95369904608339,0.02748651265665763
2025-01-30,RV,-106.25,110.5,127.53810669448389,0.8664077181630234
2025-01-30,OD,99.5,20.5,81.14543504962508,0.2526328189313801
2025-01-31,RV,81.99928508455925,2.5,69.7287138140214,0.035853235536050965
2025-01-31,FB,-144.75,156.0,144.0,1.0833333333333333
2025-01-31,B2,12.0,25.5,87.16089226752675,0.2925624019741759
2025-01-31,B2,-152.5,178.0,101.40040895848236,1.7554169833070474
2025-01-31,B2,-75.5,122.25,149.43789854303517,0.8180655723340114
2025-02-02,OD,-119.5,137.25,117.13699011590542,1.1717050255789656
2025-02-03,RV,-141.87084092497025,194.5,112.6263965143316,1.726948619680379
2025-02-03,B2,52.5,78.5,208.96065476773427,0.3756688075430037
2025-02-03,FB,53.0,15.25,239.0,0.06380753138075314
2025-02-03,OD,-147.0,64.0,81.34970346798018,0.7867268996892024
2025-02-04,FB,61.5,9.75,138.75,0.07027027027027027
2025-02-04,B2,-31.0,116.0,137.1418442820734,0.8458395802335219
2025-02-04,OD,-21.0,25.5,58.6300969559191,0.43493020349552064
2025-02-05,FB,85.75,61.25,115.25,0.5314533622559653
2025-02-05,B2,101.5,61.75,124.63758547386786,0.49543642686296113
2025-02-05,OD,12.0,28.0,45.84887036349756,0.6107020691679269
2025-02-06,FB,-76.5,78.25,75.75,1.033003300330033
2025-02-06,OD,2.25,6.5,51.380208192166265,0.12650785640434656
2025-02-10,FB,32.0,28.75,88.0,0.32670454545454547
2025-02-10,OD,-14.5,3.0,33.21805999064943,0.09031231808373132
2025-02-11,RV,-63.55173814544105,95.0,52.44609663047302,1.8113836129570349
2025-02-11,FB,14.25,70.75,114.0,0.6206140350877193
2025-02-11,B2,-102.25,134.25,91.30601396107548,1.4703303120562452
2025-02-11,OD,-40.0,15.5,38.10068372623984,0.40681684642118876
2025-02-12,RV,-124.52818849127652,160.25,93.47915044234364,1.7142860118186407
2025-02-12,RV,51.75,24.5,123.13773937044117,0.19896418535259508
2025-02-12,OD,14.5,3.0,51.386263403431286,0.0583813611129327
2025-02-13,RV,99.31948993731204,42.75,88.70210124859916,0.48195025143978915
2025-02-13,FB,59.75,45.0,148.25,0.30354131534569984
2025-02-13,OD,25.25,6.25,49.6945417087834,0.1257683396423259
2025-02-14,FB,40.5,52.25,67.75,0.7712177121771218
2025-02-16,OD,22.0,17.25,35.424980726642296,0.4869445133396129
2025-02-17,OD,26.5,11.25,22.487030967371762,0.5002883669401944
2025-02-18,RV,76.49430760962059,28.5,66.47445899729334,0.42873609548534186
2025-02-18,RV,-32.0,40.0,74.24577477632943,0.53875119655634
2025-02-18,OD,-8.0,13.0,39.58225108312947,0.32843003225606815
2025-02-19,RV,-84.0,87.5,70.81353785157128,1.2356394363942722
2025-02-19,OD,-40.0,10.0,38.497045427115985,0.25976019429679004
2025-02-20,RV,96.2038915203957,30.5,85.5228204373456,0.3566299596298328
2025-02-20,OD,60.75,60.0,47.35620967859002,1.266993292056613
2025-02-21,B2,146.66381899897533,9.5,79.44054595215488,0.11958628791047862
2025-02-23,OD,-12.25,34.5,44.99187803269192,0.766805065903932
2025-02-24,B2,114.6270473072473,104.25,141.27482575135846,0.737923401749427
2025-02-24,OD,-13.0,15.25,61.862472325812,0.24651455764138555
2025-02-25,RV,-30.75,110.75,151.8013579781297,0.7295718659905267
2025-02-25,B2,-41.5,129.5,189.7516974726621,0.6824708380733053
2025-02-25,OD,103.25,22.0,71.18686657149762,0.30904577009164974
2025-02-26,FB,-97.75,122.5,97.0,1.2628865979381443
2025-02-26,B2,253.3340598426439,26.5,156.4627810922501,0.1693693529860987
2025-02-26,OD,88.75,67.0,93.21627527811745,0.7187586051910001
2025-02-27,RV,161.70999685232525,78.75,146.94571986787153,0.5359121726771576
2025-02-27,OD,-125.25,135.75,88.43101265997119,1.5350949391700004
2025-03-02,OD,223.5,37.0,104.7675317105828,0.35316284917555757
2025-03-03,RV,-173.18595214205558,230.0,149.16180973679562,1.5419496478746664
2025-03-03,RV,145.25,72.0,182.10482741055176,0.3953766686133883
2025-03-03,OD,-27.75,60.25,99.05810734158281,0.6082288630070376
2025-03-04,OD,-26.5,111.25,119.35647644470444,0.9320818049746968
2025-03-05,RV,206.92859505598608,60.5,190.96475515347686,0.3168123874553534
2025-03-05,FB,18.25,125.75,163.0,0.7714723926380368
2025-03-05,OD,-82.0,48.0,93.51353722976954,0.5132946675095876
2025-03-06,RV,152.06731456918715,68.75,139.91032610524763,0.49138617508676785
2025-03-06,OD,-146.5,81.25,101.79572242681378,0.7981671337753394
2025-03-07,B2,24.0,88.0,276.3357234766622,0.31845321659047815
2025-03-09,OD,72.25,42.0,110.94379442975392,0.37857006978964525
2025-03-10,RV,173.22550223823782,8.5,160.66865831663432,0.05290390850995225
2025-03-10,OD,-119.5,147.25,108.13277439666214,1.361751798394117
2025-03-11,RV,217.02784802712267,73.25,204.65501714380318,0.3579193953917585
2025-03-11,OD,-56.0,26.5,112.4266835225538,0.23570916769668707
2025-03-12,OD,-56.75,44.25,83.8857737803285,0.52750303187138
2025-03-13,RV,159.77674227049283,48.25,159.75067313883125,0.3020331561173978
2025-03-13,OD,87.5,27.25,93.31372514478088,0.2920256367187171
2025-03-14,RV,-88.84949621387568,144.75,88.84931434734649,1.6291628254340378
2025-03-14,FB,-109.75,160.25,109.25,1.4668192219679634
2025-03-14,B2,111.15255179766606,49.5,135.9249625299844,0.36417151845144363
2025-03-16,OD,232.25,13.75,63.23851690853544,0.2174307790912809
2025-03-17,OD,-55.75,45.0,62.02597031410446,0.725502555979639
2025-03-18,OD,64.0,12.5,63.97584513413144,0.19538624263255236
2025-03-19,FB,-109.5,139.5,182.5,0.7643835616438356
2025-03-19,OD,41.75,2.5,74.3616927125889,0.03361946062285868
2025-03-20,OD,21.75,6.5,65.85794094107793,0.09869728550753581
2025-03-23,OD,86.25,6.5,61.674070234654856,0.10539275217719665
2025-03-24,FB,23.25,9.5,60.0,0.15833333333333333
2025-03-24,OD,-13.75,17.75,36.43857556241797,0.4871211271580825
2025-03-25,RV,-34.75,60.5,66.36132889185505,0.9116755346866713
2025-03-25,OD,-31.0,7.75,32.85755455073508,0.23586660985476837
2025-03-26,RV,65.25,24.0,100.37545017500624,0.23910229003362485
2025-03-26,OD,100.0,0.5,57.56638399125953,0.008685624583887646
2025-03-27,RV,-99.70346089779925,123.0,99.70345630642376,1.2336583359956728
2025-03-27,B2,-139.75,160.75,156.14300067525494,1.0295050005752526
2025-03-27,OD,-41.25,36.25,66.47214021044707,0.5453412495104646
2025-03-28,RV,82.37950171353441,2.75,82.37950168150427,0.033382090736990055
2025-03-30,OD,-231.5,69.75,55.597676495501474,1.254548830033277
2025-03-31,RV,-115.6662142973837,150.5,114.69422079755564,1.3121846850997347
2025-03-31,FB,-31.0,45.5,79.5,0.5723270440251572
2025-03-31,OD,57.75,95.75,80.09942843390603,1.1953893039200403
2025-04-01,RV,132.78327861508302,12.25,132.7782372187497,0.09225909498872432
2025-04-01,FB,11.25,21.75,139.5,0.15591397849462366
2025-04-01,B2,-336.5,170.25,179.99079226020092,0.9458817190708328
2025-04-01,OD,-70.0,65.25,79.60029011993647,0.8197206304359644
2025-04-02,RV,102.2816397536044,25.5,102.28160187781013,0.2493116995807649
2025-04-02,FB,176.5,76.0,223.0,0.34080717488789236
2025-04-02,B2,-192.75,209.0,172.41034941056972,1.2122242122617444
2025-04-02,OD,359.5,44.5,202.13310854413447,0.2201519598669988
2025-04-03,OD,-88.5,32.25,92.06374019007283,0.350300780018467
2025-04-04,RV,338.78350489238073,87.0,335.59109343341265,0.25924406726623206
2025-04-06,OD,495.0,85.0,262.4719078191151,0.3238441809116522
2025-04-07,RV,-561.379498308088,811.25,560.7424433740171,1.4467426348515116
2025-04-07,FB,322.5,310.75,473.5,0.6562829989440337
2025-04-07,OD,-89.25,99.0,253.84723331821243,0.3899983415454352
2025-04-08,FB,-244.25,271.5,243.5,1.1149897330595482
2025-04-08,OD,333.0,118.0,201.07880802041817,0.5868345906845535
2025-04-09,FB,1442.75,228.25,534.0,0.42743445692883897
2025-04-09,OD,-302.25,225.75,258.380254706291,0.873712274401994
2025-04-10,OD,-543.5,263.75,201.33335713997025,1.3100164013886515
2025-04-13,OD,99.25,84.25,143.0798979643487,0.5888318428979633
2025-04-14,OD,139.5,35.0,102.89277089750331,0.3401599519062935
2025-04-15,RV,-102.30088801607052,134.75,102.23861180034635,1.3179952038388643
2025-04-15,FB,-81.75,125.0,175.25,0.7132667617689016
2025-04-15,OD,-137.75,92.5,89.20555348026146,1.0369309576725794
2025-04-16,OD,253.0,67.25,101.44595353975208,0.6629145634049146
2025-04-17,RV,2.25,103.75,158.79443210881578,0.6533604397974362
2025-04-20,OD,-39.25,29.75,86.6283957248159,0.34342088123741743
2025-04-21,OD,296.0,14.25,70.275708156852,0.20277276990499596
2025-04-22,FB,-66.25,77.5,208.5,0.37170263788968827
2025-04-22,B2,40.5,50.25,115.71239036742142,0.43426637234302423
2025-04-22,OD,-111.5,83.5,118.22997386607521,0.7062506847424704
2025-04-23,FB,-189.5,207.5,188.75,1.099337748344371
2025-04-23,OD,-139.0,57.25,106.5598997548217,0.5372565114243129
2025-04-24,FB,309.25,2.5,163.5,0.01529051987767584
2025-04-24,RV,124.71685379491828,7.0,124.71685366714786,0.05612713754535564
2025-04-24,B2,131.5288487189246,29.25,155.74277657793948,0.1878096733774501
2025-04-24,OD,-22.5,12.0,70.48531132148635,0.17024823718614954
2025-04-25,FB,46.25,10.25,141.0,0.0726950354609929
2025-04-27,OD,152.0,55.25,71.60944993511018,0.7715462142226409
2025-04-28,OD,106.5,5.75,61.36964993066606,0.09369452174643672
2025-04-29,RV,103.66235461470933,40.0,103.65934683915268,0.385879336689895
2025-04-29,FB,77.75,106.5,132.0,0.8068181818181818
2025-04-29,OD,-62.75,55.75,67.24561654781219,0.8290503212259388
2025-04-30,RV,-128.71619951445973,144.5,128.7161827141371,1.1226249641112869
2025-04-30,B2,147.5749399412416,61.0,173.97227113515504,0.350630589587524
2025-04-30,OD,185.5,0.5,105.09937158300764,0.004757402375190219
2025-05-01,FB,-124.0,139.75,123.25,1.1338742393509127
2025-05-01,B2,-92.75,108.25,157.0203350744653,0.6894011527147967
2025-05-01,OD,133.0,59.5,79.22851009506049,0.7509922871023361
2025-05-02,FB,27.5,5.75,263.5,0.021821631878557873
2025-05-04,OD,-106.75,59.25,50.14610885598035,1.1815473094864855
2025-05-05,FB,41.0,36.5,124.0,0.29435483870967744
2025-05-05,OD,-137.5,54.5,42.81639989776451,1.2728767512012493
2025-05-06,RV,79.5882743503098,2.25,79.41009540026026,0.028333928937612458
2025-05-06,RV,-102.96642023062668,159.0,102.81278634002032,1.5465002521588946
2025-05-06,OD,-50.75,68.0,97.38039299908198,0.6982925197338344
2025-05-07,OD,256.0,32.5,86.37020283000764,0.376287179317686
2025-05-08,FB,-42.0,45.25,157.5,0.2873015873015873
2025-05-08,OD,77.75,84.75,54.93485276963649,1.542736454676418
2025-05-11,OD,94.0,20.5,74.92900534253276,0.27359231456877975
2025-05-12,OD,-76.75,78.25,57.25090189836233,1.3667906950866455
2025-05-13,FB,92.0,16.0,256.25,0.0624390243902439
2025-05-13,RV,97.84178167300706,30.0,97.8398497972126,0.30662352877870713
2025-05-13,OD,152.5,23.25,44.58776250506425,0.5214435238224677
2025-05-14,FB,-95.5,95.75,94.75,1.0105540897097625
2025-05-14,OD,-3.0,12.5,45.578815336531996,0.27425021707356867
2025-05-15,RV,97.4199074338576,9.25,97.41990737788942,0.09494979259341192
2025-05-15,FB,85.25,9.25,153.25,0.06035889070146819
2025-05-15,OD,-50.0,3.5,52.583106229503535,0.06656130173679634
2025-05-18,OD,-30.5,4.25,50.713724111917195,0.08380374493146904
2025-05-19,FB,109.0,13.0,225.0,0.057777777777777775
2025-05-19,B2,107.05733394372146,31.5,130.1841519777947,0.24196493598831373
2025-05-19,OD,-94.0,12.25,51.15484101870524,0.23946902690051708
2025-05-20,OD,-37.5,26.75,53.58312473284705,0.499224338508985
2025-05-21,RV,-77.52577001574173,100.0,77.52575758517061,1.2898938767562376
2025-05-21,B2,-174.75,189.0,123.64140176682045,1.5286141801954136
2025-05-21,OD,91.5,24.5,76.99980060259799,0.31818264214015857
2025-05-22,FB,40.5,55.0,211.25,0.2603550295857988
2025-05-22,OD,-66.0,33.0,62.7435194305903,0.5259507324339063
2025-05-23,FB,188.5,14.5,84.25,0.17210682492581603
2025-05-25,OD,149.5,7.5,75.74459145781758,0.09901697079159474
2025-05-26,OD,-46.0,37.25,33.36871846893183,1.1163149713010962
2025-05-27,RV,87.50891761431558,25.0,87.49974886833103,0.28571510573841546
2025-05-27,FB,102.0,25.0,120.25,0.2079002079002079
2025-05-27,OD,-79.5,24.25,36.163138797325246,0.6705723232683999
2025-05-28,OD,67.5,43.0,80.21596787537496,0.5360528725004678
2025-05-29,B2,7.5,35.75,160.59875373561025,0.22260446714832133
2025-05-29,OD,-10.0,94.5,66.97169334767108,1.4110439093934932
2025-05-30,RV,116.17391590413172,23.25,116.17375831963187,0.20013125456466402
2025-05-30,RV,-21.5,28.0,148.36057343134183,0.18872938646976728
2025-06-01,OD,-98.5,45.0,62.29283813980458,0.7223944412198068
2025-06-02,B2,119.81787329695362,9.75,140.00283894946028,0.06964144493898199
2025-06-02,FB,94.0,1.75,106.25,0.01647058823529412
2025-06-02,OD,-55.25,78.75,48.56607189331747,1.6215023560683675
2025-06-03,FB,101.0,58.5,113.0,0.5176991150442478
2025-06-03,B2,78.72035239788966,7.75,103.24318532467507,0.07506548713726827
2025-06-03,OD,-19.0,47.75,42.31815591949986,1.1283572963536719
2025-06-04,FB,-78.5,114.0,77.75,1.4662379421221865
2025-06-04,OD,-11.25,10.0,36.69025751910747,0.27255191639884846
2025-06-05,B2,-202.25,239.75,136.2381685174066,1.7597858412884355
2025-06-05,RV,34.75,7.25,142.0217877792404,0.051048505397421465
2025-06-05,OD,230.5,5.75,91.82797999958184,0.06261708032808937
2025-06-06,FB,-28.0,126.75,168.0,0.7544642857142857
2025-06-08,OD,-16.75,15.25,42.59490481151478,0.3580240422529934
2025-06-09,FB,-12.0,65.5,84.25,0.7774480712166172
2025-06-09,OD,247.0,19.5,33.1230573170763,0.5887137715982198
2025-06-10,FB,-35.75,41.0,61.0,0.6721311475409836
2025-06-10,OD,-74.25,71.5,51.84921129145162,1.3789987970711564
2025-06-11,OD,-58.0,34.25,62.85038441494679,0.544944956483907
2025-06-12,FB,46.0,9.25,176.25,0.0524822695035461
2025-06-12,B2,-42.25,88.25,111.38214731222313,0.7923172800091582
2025-06-12,OD,-247.75,98.0,42.29650621039344,2.3169762417851585
2025-06-15,OD,542.5,41.0,72.42005802787959,0.5661414961061783
2025-06-16,FB,55.0,13.0,72.75,0.17869415807560138
2025-06-16,OD,-82.0,45.0,46.33505277858752,0.971186980514146
2025-06-17,OD,173.5,6.75,57.9506879951589,0.11647834104340371
2025-06-18,OD,-79.0,12.75,65.89468835898106,0.1934905576992876
2025-06-19,OD,-44.0,45.75,63.45746403686393,0.7209553784472501
2025-06-22,OD,72.5,39.75,80.9492912368454,0.4910481536360523
2025-06-23,RV,88.49925657996211,0.0,89.35049955145286,0.0
2025-06-23,FB,-163.0,204.25,162.25,1.2588597842835132
2025-06-23,OD,81.5,47.25,71.65687135823383,0.6593924504990362
2025-06-24,FB,91.25,24.75,67.0,0.3694029850746269
2025-06-24,OD,55.0,0.0,32.00726291318344,0.0
2025-06-25,RV,-40.15835499464083,55.0,40.15838816513384,1.3695768807711233
2025-06-25,OD,79.5,18.0,36.59725458281506,0.4918401723076857
2025-06-26,RV,56.094719388220255,6.5,56.09471957349672,0.11587543443342356
2025-06-26,FB,38.75,50.5,80.5,0.6273291925465838
2025-06-26,OD,59.75,17.25,34.13192810410674,0.5053919001406922
2025-06-27,RV,51.60338754449549,0.0,51.60338754561153,0.0
2025-06-27,FB,-76.5,94.5,75.75,1.2475247524752475
2025-06-27,RV,-67.56867036718175,115.75,67.56867036795076,1.7130720401877653
2025-06-30,OD,8.25,18.75,39.90054158161196,0.4699184336044421
2025-07-01,OD,29.75,35.25,43.99672254536774,0.8011960428109514
2025-07-02,RV,-66.45016838120137,109.25,66.45035332165078,1.644084561464691
2025-07-02,OD,10.25,20.0,31.799546662434146,0.6289397837116546
2025-07-03,FB,64.25,5.25,134.0,0.03917910447761194
2025-07-03,RV,-10.0,39.75,68.87929330989535,0.5770965131880851
2025-07-03,OD,-45.5,20.5,38.29319211168909,0.5353431999141781
2025-07-06,OD,-92.5,29.0,38.283717231940855,0.7575021992849935
2025-07-07,OD,69.75,4.0,48.63308766027169,0.08224853062882115
2025-07-08,OD,-64.5,64.5,34.3333078560702,1.8786421707571141
2025-07-09,FB,-102.5,104.75,101.75,1.0294840294840295
2025-07-09,B2,-198.5,128.5,71.51104236068552,1.7969252825581128
2025-07-09,B2,80.42353673516845,34.5,98.29719403018375,0.35097644790762
2025-07-09,OD,-83.0,44.25,34.85418418383457,1.2695749746029983
2025-07-10,OD,-71.5,5.5,32.50187284912413,0.1692210176789309
2025-07-11,RV,12.75,55.0,73.76280785585364,0.7456332208432238
2025-07-11,FB,19.5,69.5,94.75,0.7335092348284961
2025-07-13,OD,-53.0,20.5,49.37778483853786,0.4151664572850658
2025-07-14,FB,110.5,22.75,46.25,0.4918918918918919
2025-07-14,B2,20.75,16.25,89.44520381028694,0.18167547624427366
2025-07-14,OD,141.0,7.75,28.274808390566594,0.27409557981604765
2025-07-15,OD,-29.5,23.25,47.09288144269112,0.4937051904180824
2025-07-16,RV,-82.0,83.25,118.85779568933998,0.7004168259824666
2025-07-16,OD,167.5,19.75,42.72643376785489,0.46224311879871555
2025-07-17,FB,82.0,11.25,105.0,0.10714285714285714
2025-07-17,OD,10.0,12.5,30.332380882171496,0.4121008518440154
2025-07-20,OD,73.0,9.0,27.62329504635063,0.3258119635944376
2025-07-21,RV,42.228838959770655,3.25,43.20467259372142,0.07522334518216661
2025-07-21,FB,32.25,19.5,142.25,0.13708260105448156
2025-07-21,OD,-8.25,11.75,24.33557734257737,0.48283218575802084
2025-07-22,OD,-37.0,18.5,41.616648073680615,0.4445336387314636
2025-07-23,B2,-108.75,143.0,66.24399711548298,2.158686163679231
2025-07-23,RV,-60.06537073491927,94.0,60.065396986214616,1.5649609378520146
2025-07-23,B2,18.75,36.5,84.38950627644451,0.43251823135962797
2025-07-23,OD,-14.5,11.0,41.96850581486553,0.26210130159324674
2025-07-24,OD,29.0,5.75,30.73445983079482,0.18708641803552076
2025-07-25,RV,42.85454907827079,5.25,42.85454907945839,0.122507414329941
2025-07-25,FB,37.75,9.75,34.5,0.2826086956521739
2025-07-27,OD,35.25,6.0,33.354514884136975,0.17988569226211507
2025-07-28,OD,66.5,3.0,26.18172057525974,0.11458376050483222
2025-07-29,RV,-37.17141901393916,90.0,37.17082800429855,2.421253569858388
2025-07-29,B2,-43.25,76.75,79.22342503053977,0.9687791201959989
2025-07-29,OD,10.0,7.75,34.46942557295944,0.2248369350860235
2025-07-30,FB,11.5,57.0,59.0,0.9661016949152542
2025-07-30,OD,82.5,23.25,66.92448555467594,0.3474064807118349
2025-07-31,B2,91.0,112.5,143.69734863628156,0.782895447046511
2025-07-31,OD,-17.5,65.5,85.10606605583973,0.769627865974021
2025-08-01,RV,48.0,24.5,138.94829241279075,0.1763245850277515
2025-08-03,OD,169.5,34.0,52.627155905859,0.6460542929741482
2025-08-04,FB,137.75,2.5,69.0,0.036231884057971016
2025-08-04,RV,63.051143418171705,9.25,61.751760355255726,0.1497933005761305
2025-08-04,OD,-1.5,25.0,38.90995713232999,0.6425090604694521
2025-08-05,B2,7.5,88.25,109.98640387524023,0.8023719013497681
2025-08-05,RV,48.75,56.25,94.6530989253361,0.5942753131027534
2025-08-05,OD,188.0,42.75,53.867703191063,0.7936109666374731
2025-08-06,RV,72.05526965309036,4.25,72.05522599485143,0.05898253653806701
2025-08-06,FB,102.5,105.5,123.0,0.8577235772357723
2025-08-06,RV,88.64847938332241,24.25,88.64844442809351,0.27355245945314016
2025-08-06,B2,30.25,34.25,118.4901751132113,0.28905350141710806
2025-08-06,OD,6.5,17.5,43.48036752054485,0.4024804986234557
2025-08-07,OD,-50.0,25.0,56.822826399793,0.43996403529992434
2025-08-08,FB,49.5,37.5,131.25,0.2857142857142857
2025-08-08,B2,61.18829653250941,82.0,71.74836388337074,1.1428832040448145
2025-08-10,OD,39.0,21.5,34.392050959704946,0.6251444563509815
2025-08-11,FB,-92.0,95.25,91.25,1.0438356164383562
2025-08-11,OD,-3.75,18.25,35.59419625667087,0.5127240370424064
2025-08-12,FB,45.75,21.75,205.5,0.10583941605839416
2025-08-12,OD,-15.5,5.0,34.03255615024916,0.14691814443574772
2025-08-13,OD,-18.75,25.75,36.04740820924677,0.714337071073939
2025-08-14,RV,-66.0766988994692,70.0,66.0766988708923,1.0593749566208424
2025-08-14,FB,-37.5,136.0,205.75,0.660996354799514
2025-08-14,B2,-39.5,57.25,104.33995414862102,0.5486872259734132
2025-08-14,OD,24.0,32.25,42.1060528390589,0.7659231351670154
2025-08-17,OD,2.5,5.75,35.518316081622906,0.16188830536859367
2025-08-18,OD,-41.75,57.0,34.20592501085475,1.6663779734625475
2025-08-19,B2,124.08259391108004,77.75,65.04858003001544,1.1952605262731903
2025-08-19,RV,85.31159779732481,18.0,85.31042393063089,0.21099414550602252
2025-08-19,OD,-148.5,53.75,42.41471715567473,1.2672488137247593
2025-08-20,RV,-118.51333306268862,131.5,118.51332600153607,1.109579862759869
2025-08-20,B2,-93.75,150.25,154.30118196606867,0.9737449712669114
2025-08-20,OD,-1.5,57.5,57.47919644940535,1.0003619318271604
2025-08-21,RV,100.240837299305,44.75,100.24083724625348,0.4464248427022445
2025-08-21,OD,-95.0,15.5,48.438428553912566,0.31999386567110266
2025-08-22,FB,14.75,82.25,350.0,0.235
2025-08-22,B2,59.5,43.0,150.44182647742042,0.2858247670002451
2025-08-24,OD,-29.0,17.75,43.24529106551836,0.4104493128074461
2025-08-25,FB,34.5,23.75,80.0,0.296875
2025-08-25,OD,-162.5,102.5,29.101974581260077,3.5220977777227476
2025-08-26,FB,-38.75,61.75,80.0,0.771875
2025-08-26,OD,-14.25,20.25,31.13487906079708,0.6503959742531141
2025-08-27,OD,68.5,20.5,54.926496329428396,0.37322606337474606
2025-08-28,FB,38.5,62.25,129.25,0.4816247582205029
2025-08-28,OD,-22.25,16.75,33.23708340100378,0.5039551695289286
2025-08-29,RV,83.21504565735813,6.5,83.21504565699226,0.07811087464630656
2025-08-29,RV,11.5,28.25,92.87164651036578,0.3041832578778164
2025-08-31,OD,-106.0,24.75,43.329813889165635,0.5712002378618245
2025-09-01,OD,-10.75,20.75,24.306561869671647,0.8536789411541859
2025-09-02,RV,102.53777786546925,46.25,102.53551810501487,0.45106321062942945
2025-09-02,OD,165.0,32.75,58.37754061194001,0.5610034211222255
2025-09-03,OD,27.5,18.0,43.5517432625258,0.41330148121735794
2025-09-04,FB,57.75,33.0,55.75,0.5919282511210763
2025-09-04,B2,74.6273107996094,39.0,93.89396195449471,0.4153621722651471
2025-09-04,OD,75.5,9.0,37.262893524150485,0.24152713728919098
2025-09-05,RV,-13.0,24.75,115.0223348162355,0.21517560080432757
2025-09-07,OD,-10.0,10.25,47.342569542896115,0.21650704849707594
2025-09-08,FB,-67.5,86.25,95.75,0.9007832898172323
2025-09-08,B2,-86.25,99.5,82.93350084536436,1.1997564191282013
2025-09-08,OD,63.5,32.25,31.882886932427272,1.0115144236577693
2025-09-09,RV,-58.0,69.75,71.00251202214507,0.9823596097310695
2025-09-09,OD,32.5,14.75,36.22879295355257,0.4071347344889564
2025-09-10,RV,-63.67985443415455,65.25,63.67984276583751,1.0246570526239558
2025-09-10,OD,-28.5,33.5,41.37508304517873,0.8096660486075719
2025-09-11,FB,14.75,22.75,178.75,0.12727272727272726
2025-09-11,OD,-47.0,16.5,28.775163667757006,0.573411160767384
2025-09-12,FB,43.0,8.25,65.0,0.12692307692307692
2025-09-12,B2,50.5425235783514,23.0,59.4077255750596,0.3871550337496139
2025-09-14,OD,242.25,27.75,23.31800295594154,1.190067607952214
2025-09-15,FB,57.5,3.25,91.0,0.03571428571428571
2025-09-15,OD,77.0,13.25,26.390004382864888,0.5020840393874003
2025-09-16,OD,-22.75,17.0,23.65879132312565,0.7185489642229984
2025-09-17,OD,48.5,14.5,65.83563052895009,0.2202454792868411
2025-09-18,OD,-49.0,42.0,40.4369031114199,1.0386552077015676
2025-09-21,OD,-34.5,6.75,30.71151555187678,0.2197872647671244
2025-09-22,FB,138.0,28.5,84.25,0.33827893175074186
2025-09-22,OD,-4.5,2.25,26.989613834924885,0.08336540173422093
2025-09-23,B2,62.68759519978266,11.0,68.46003531913313,0.16067768514466035
2025-09-23,OD,14.0,37.5,35.68365294752201,1.050901376469197
2025-09-24,B2,66.35715944799813,0.75,71.33866812210266,0.010513232441013706
2025-09-24,RV,-43.25,63.25,73.1182008350611,0.8650376961911079
2025-09-24,OD,17.0,1.5,33.01862820087291,0.045428901251577274
2025-09-25,RV,99.5872881557334,91.0,99.5872879696802,0.9137712438529841
2025-09-25,OD,-52.0,43.0,53.370409404115634,0.8056899034520817
2025-09-28,OD,135.5,4.0,41.190131071086526,0.09711064024284706
2025-09-29,FB,-87.25,107.0,86.5,1.2369942196531791
2025-09-29,B2,-24.25,70.75,83.86879103763488,0.8435795857394914
2025-09-29,OD,-11.25,23.75,34.15313208597946,0.69539742182972
2025-09-30,RV,-63.548400781917735,69.0,63.547447739525225,1.0858028521117677
2025-09-30,OD,-94.0,37.5,50.55143703525784,0.7418186741920922
2025-10-01,FB,125.0,3.5,93.0,0.03763440860215054
2025-10-01,B2,-54.5,34.0,89.76626202963169,0.3787614548189236
2025-10-01,OD,80.25,21.75,33.35270052147075,0.652121107434718
2025-10-02,OD,62.75,0.75,33.71889682624305,0.02224272056896841
2025-10-03,RV,-40.491098933085595,58.75,40.493936288263875,1.450834504746015
2025-10-03,RV,56.50927272448462,47.25,56.51154446986725,0.8361123455968251
2025-10-03,RV,-2.25,37.75,86.9713212923587,0.4340511267283313
2025-10-05,OD,16.25,9.75,37.203714523941535,0.26207060571130947
2025-10-06,OD,13.5,21.75,32.03902691754683,0.6788595688618798
2025-10-07,B2,82.599375527745,5.5,90.96952361886159,0.060459808749175774
2025-10-07,B2,-53.0,71.5,125.13382676742492,0.5713882636458539
2025-10-07,OD,16.0,19.75,43.773346903393,0.45118779799013087
2025-10-08,FB,149.5,12.25,77.5,0.15806451612903225
2025-10-08,RV,53.4396522825009,33.0,53.43963570806392,0.6175191795893994
2025-10-08,B2,114.60836953569381,18.5,66.7995446350799,0.2769479956946397
2025-10-08,B2,60.50253065267316,0.25,77.04192163506748,0.003244986556594488
2025-10-08,OD,-56.0,32.25,32.939304469615685,0.979073496519894
2025-10-09,RV,62.67407651912801,24.0,62.67407644500521,0.3829334449157674
2025-10-09,B2,67.16818411088025,39.25,78.46098158795247,0.5002486485082002
2025-10-09,OD,22.5,4.5,36.55970114120816,0.12308634533469527
2025-10-10,RV,-54.98568184908072,68.25,54.985681848480866,1.2412322209274487
2025-10-10,FB,-68.5,227.75,66.75,3.411985018726592
2025-10-10,RV,181.8598217099752,21.0,181.859821709617,0.11547355431554067
2025-10-12,OD,142.5,0.0,139.29898064303939,0.0
2025-10-13,FB,-57.0,70.5,56.25,1.2533333333333334
2025-10-13,OD,108.25,21.25,52.095686205130995,0.4079032554888787
2025-10-14,RV,-151.97691909000787,180.75,151.7986750714538,1.1907218552132843
2025-10-14,OD,99.5,62.25,81.44680688866546,0.7643025230576966
2025-10-15,RV,86.99606066141496,1.0,86.99520584037727,0.011494886302526201
2025-10-15,OD,60.25,71.5,75.34203744848026,0.9490053948818747
2025-10-16,B2,-171.75,216.0,147.60047513717538,1.4634099233031344
2025-10-16,OD,-11.0,43.25,100.4649062630567,0.4304985851154279
2025-10-17,FB,-1.0,107.75,205.75,0.5236938031591738
2025-10-19,OD,174.5,80.75,73.17211993655148,1.103562396033071
2025-10-20,FB,116.5,17.25,132.5,0.13018867924528302
2025-10-20,OD,1.75,14.25,32.56557712408902,0.43757861086574024
2025-10-21,RV,-58.88912192229691,69.0,58.77646932051593,1.173939176641145
2025-10-21,OD,67.25,38.25,39.0070073528096,0.9805930420151784
2025-10-22,RV,73.55001870949127,22.75,73.40176976239303,0.309938031108016
2025-10-22,RV,108.42889617520268,19.25,108.3101997696711,0.17773026031653913
2025-10-22,RV,-28.5,31.0,154.21865171777048,0.2010132993299143
2025-10-22,OD,3.5,94.5,73.04552526387451,1.2937137443891589
2025-10-23,FB,140.75,53.25,200.25,0.26591760299625467
2025-10-23,RV,93.11797761355774,76.5,93.11708585257878,0.8215463284698724
2025-10-23,B2,80.0,67.25,134.3417570732514,0.5005889565917406
2025-10-23,OD,67.0,12.25,45.00490936800091,0.2721925268159725
2025-10-24,B2,-23.75,99.75,102.62090995727866,0.9720241229738285
2025-10-24,FB,7.5,21.0,197.0,0.1065989847715736
2025-10-26,OD,72.5,18.5,50.63089016884166,0.36538958604731253
2025-10-27,FB,47.0,6.5,54.5,0.11926605504587157
2025-10-27,OD,-22.75,14.75,27.485496764596615,0.5366466586479568
2025-10-28,FB,87.5,59.0,64.0,0.921875
2025-10-28,RV,64.57974050594201,6.75,64.5785408144251,0.10452388540950484
2025-10-28,OD,157.5,16.5,32.711366526793334,0.504411822309078
2025-10-29,FB,-38.75,38.5,38.0,1.013157894736842
2025-10-29,RV,-53.137942883451615,53.5,53.13792982763843,1.0068137801667472
2025-10-29,OD,170.75,31.75,82.0921009309538,0.3867607192402635
2025-10-30,RV,144.63468122867562,57.5,144.32489826316825,0.39840665534474873
2025-10-30,B2,-53.0,195.75,199.77510089476158,0.9798518390092971
2025-10-30,OD,31.0,3.5,85.23262817203346,0.041064086313701405
2025-10-31,B2,-96.25,116.75,92.31347765194548,1.2647124013699156
2025-11-02,OD,-30.5,23.75,42.69899028526791,0.5562192417508821
2025-11-03,OD,-123.5,41.75,50.78239857786106,0.8221352509765304
2025-11-04,RV,118.2221335051072,18.25,118.21393933414444,0.15438111700528317
2025-11-04,OD,-194.25,136.25,76.2429566542661,1.7870503188621591
2025-11-05,FB,175.5,30.0,149.5,0.20066889632107024
2025-11-05,B2,128.55673710705014,3.5,155.99030463635216,0.02243729190836105
2025-11-05,OD,-73.0,104.0,61.3873229480861,1.694160862625505
2025-11-06,OD,-75.25,25.25,82.04151850645279,0.3077709976566806
2025-11-07,RV,144.02199911145001,17.0,144.03625863937924,0.1180258371092696
2025-11-07,B2,163.1134021949547,44.75,196.29208592070802,0.22797658800200796
2025-11-07,RV,-77.75,81.0,170.82077087692136,0.47418121100952987
2025-11-09,OD,237.5,19.25,87.69805164899932,0.21950316612558007
2025-11-10,FB,-110.5,121.75,109.75,1.1093394077448746
2025-11-10,OD,-32.0,20.25,51.12272423173953,0.39610565172948653
2025-11-11,B2,-111.5,121.5,107.5263735999404,1.1299553396271829
2025-11-11,RV,-87.45080910551769,99.5,87.44816324567002,1.1378169227005088
2025-11-11,FB,32.25,50.25,77.0,0.6525974025974026
2025-11-11,B2,19.25,34.0,130.1683460550711,0.2612002151860746
2025-11-11,OD,77.0,5.0,52.566421211727814,0.09511775549377664
2025-11-12,B2,-7.5,33.75,110.25425159136876,0.30611064437756447
2025-11-12,B2,-62.5,81.25,147.14392609677677,0.5521804545745351
2025-11-12,OD,117.25,33.0,67.42987939425288,0.48939728643223146
2025-11-13,B2,264.86096208239906,161.25,145.73681077523543,1.106446608391136
2025-11-13,OD,-53.25,43.5,90.64749867683764,0.47988086417121595
2025-11-14,RV,-164.4711549441381,226.0,164.4711549433651,1.374101130850708
2025-11-16,OD,243.5,17.75,84.59627681284837,0.20982010874152504
2025-11-17,RV,124.46461314781482,82.75,123.83451547304908,0.6682304984510512
2025-11-17,RV,176.1593309233649,86.25,175.75540681337506,0.4907388146049134
2025-11-17,B2,24.5,162.5,222.63525689710235,0.7298933792642929
2025-11-17,OD,-31.5,48.0,93.59029124547844,0.5128737111641266
2025-11-18,OD,184.0,1.0,109.64450798325002,0.009120383851353196
2025-11-19,FB,-238.25,241.75,237.5,1.0178947368421052
2025-11-19,OD,-10.75,25.25,116.98829935937341,0.21583355034878454
2025-11-20,OD,-209.0,82.75,140.34121161176577,0.5896343565061718
2025-11-21,RV,-267.4203104726621,355.0,267.41422075626474,1.327528502396159
2025-11-23,OD,108.5,12.5,127.90429864124214,0.09772931897356446
2025-11-24,B2,136.82936059994245,13.75,162.44286666702033,0.08464514498002004
2025-11-24,FB,285.75,13.75,148.0,0.0929054054054054
2025-11-24,OD,-24.75,28.25,56.35616946249168,0.501276085110824
2025-11-25,FB,-17.5,63.75,167.0,0.38173652694610777
2025-11-25,RV,-27.0,102.75,146.92841121148697,0.6993201597484294
2025-11-25,OD,193.0,7.5,61.982320425833265,0.12100224626108248
2025-11-26,FB,-90.0,107.0,89.25,1.1988795518207283
2025-11-26,OD,-15.25,22.75,46.55750901677855,0.48864298113117
2025-11-27,OD,164.0,14.75,19.779742969902404,0.7457124201484393
2025-11-30,OD,-109.75,140.0,55.21496940920067,2.535544282610275
2025-12-01,FB,141.5,28.0,109.25,0.2562929061784897
2025-12-01,OD,-89.5,19.75,53.76479039203042,0.367340779271922
2025-12-02,FB,-155.0,175.75,154.25,1.1393841166936791
2025-12-02,B2,16.5,24.0,153.5139410158499,0.15633759280222026
2025-12-02,B2,3.0,32.0,161.82635236724562,0.19774282452699554
2025-12-02,OD,17.0,37.25,54.04615754811747,0.6892256857823094
2025-12-03,OD,-33.25,58.0,41.69810275707675,1.3909505748473554
2025-12-04,RV,98.10152710633702,11.0,98.10152707750706,0.11212873364661523
2025-12-04,RV,-107.94211306966099,153.25,107.94211304822676,1.4197424496547555
2025-12-04,OD,170.0,2.25,48.88029562337816,0.04603081817131818
2025-12-05,FB,-69.0,143.75,215.25,0.667828106852497
2025-12-07,OD,74.0,2.25,50.18888406933385,0.044830644110192185
2025-12-08,OD,-40.0,42.0,45.38770951646315,0.9253606416240425
2025-12-09,FB,41.0,44.5,73.0,0.6095890410958904
2025-12-09,OD,4.5,32.75,32.91519731333612,0.994981123407418
2025-12-10,RV,-97.65529273634458,103.5,97.65529273634337,1.0598503890560913
2025-12-10,OD,-103.75,71.75,69.04086702144542,1.0392395561561107
2025-12-11,RV,-125.3304685554867,127.5,125.33046855548804,1.017310486983071
2025-12-11,OD,-71.0,22.5,81.86702730266944,0.2748359228534776
2025-12-12,B2,115.74646456726626,9.75,126.64280154419788,0.07698818946766023
2025-12-12,RV,51.25,77.25,155.94969596041494,0.4953520397988371
2025-12-14,OD,78.5,11.0,74.31540131164296,0.14801777028521051
2025-12-15,OD,-120.25,30.75,65.20739438885309,0.4715722854470715
2025-12-16,OD,199.0,14.5,84.04094806614454,0.1725349408075187
2025-12-17,OD,-56.5,22.0,75.27096520668556,0.29227737334828224
2025-12-18,OD,260.5,20.0,72.37388492231266,0.2763427722785413
2025-12-21,OD,62.25,6.0,78.42977548509957,0.07650155776794115
2025-12-22,OD,-23.25,17.5,28.883248456535117,0.6058875277251045
2025-12-23,FB,-1.0,23.5,166.0,0.14156626506024098
2025-12-23,B2,38.75,23.5,87.49426546189378,0.26858903124610967
2025-12-23,OD,-50.0,16.0,25.65934257878958,0.6235545572093438
2025-12-24,FB,-3.75,15.25,59.75,0.25523012552301255
2025-12-25,OD,-23.0,22.0,26.949677037948046,0.8163363133822209
2025-12-28,OD,-8.5,0.0,27.478686477995982,0.0
2025-12-29,OD,-5.25,18.25,36.327808239327204,0.5023699717794479
2025-12-30,FB,-26.25,58.5,66.75,0.8764044943820225
2025-12-30,OD,-91.0,52.25,33.99023161314327,1.5372063537159328
2026-01-01,OD,111.0,6.0,42.474871926316474,0.14125999038698772
2026-01-02,RV,-25.0,82.5,147.1905866599961,0.5604977999752895
2026-01-04,OD,-10.5,37.75,71.00944041540089,0.5316194548100197
2026-01-05,FB,-22.5,77.5,96.75,0.8010335917312662
2026-01-05,OD,185.0,8.0,40.48744446901876,0.19759212034539864
2026-01-06,FB,93.5,71.25,120.0,0.59375
2026-01-06,RV,-71.78813908152006,80.0,71.78813908151942,1.1143902185450936
2026-01-06,B2,62.75,124.25,91.58444714819218,1.356671398572204
2026-01-06,OD,-38.0,32.25,34.40158463054272,0.9374568162004816
2026-01-07,FB,96.5,47.5,92.25,0.5149051490514905
2026-01-07,B2,74.2960324905689,3.0,83.60970896476195,0.03588100039032999
2026-01-07,B2,73.84198719849883,6.0,89.05314191349373,0.06737550041556538
2026-01-07,OD,-76.0,17.25,37.2650395561684,0.4629003539362847
2026-01-08,RV,92.8001588838888,27.0,92.80015888388876,0.29094777772721603
2026-01-08,OD,-56.5,37.5,51.24369032897183,0.7317974127011397
2026-01-09,RV,116.90284026386504,81.5,116.9028402638641,0.6971601358533673
2026-01-09,FB,47.75,30.75,176.25,0.17446808510638298
2026-01-09,B2,15.75,38.5,147.466169231939,0.2610768300317485
2026-01-11,OD,-266.5,144.75,50.607371520091576,2.8602552484381247
2026-01-12,FB,82.75,12.75,158.0,0.08069620253164557
2026-01-12,OD,-9.75,49.0,39.06214262615463,1.254411476322636
2026-01-13,B2,-80.0,88.0,126.81734393332567,0.6939113946927171
2026-01-13,OD,-76.5,43.0,53.68886720658681,0.8009109194750257
2026-01-14,RV,107.35459756001,24.75,107.35459756001146,0.23054438806092767
2026-01-14,B2,116.74381982008344,21.25,134.19324695001433,0.15835372109235435
2026-01-14,RV,14.5,19.0,140.95937905774653,0.134790605116218
2026-01-14,OD,104.0,33.75,75.40931607413074,0.44755743397569386
2026-01-15,OD,82.5,1.5,49.40650955153769,0.030360371813663474
2026-01-16,B2,-29.5,45.25,120.13430736516182,0.37666176292553555
2026-01-18,OD,-78.5,62.75,73.09253529506145,0.8585007996601774
2026-01-19,RV,-82.78578404023574,97.75,82.78578404023645,1.1807582803406256
2026-01-19,OD,65.0,25.5,48.53435874076879,0.525400987292329
2026-01-20,RV,-112.33319084540926,116.5,112.33319084540935,1.0370933036196304
2026-01-20,OD,95.5,2.5,65.50735271691187,0.0381636548618241
2026-01-21,FB,39.5,115.5,202.0,0.5717821782178217
2026-01-21,RV,135.08555199484545,30.0,135.08555199484442,0.2220814850809875
2026-01-21,B2,274.19150093109056,9.5,168.85693999355553,0.05626064288718349
2026-01-21,OD,-39.25,24.25,98.05431646974989,0.24731190704369665
2026-01-22,OD,195.0,8.75,57.185309396247085,0.1530113256775391
2026-01-23,FB,-22.5,64.25,187.0,0.34358288770053474
2026-01-23,B2,-136.25,143.5,125.04685813053611,1.1475698161900294
2026-01-25,OD,117.5,14.0,83.23900641221047,0.1681903785668724
2026-01-26,RV,75.90098780723565,24.25,75.90098780723652,0.3194951831402643
2026-01-26,FB,74.75,20.25,165.25,0.12254160363086233
2026-01-26,OD,102.75,9.25,41.51013985521389,0.22283711961134603
2026-01-27,FB,15.25,36.25,91.75,0.39509536784741145
2026-01-27,OD,92.25,2.75,35.79966075044145,0.07681637038881967
2026-01-28,RV,0.75,48.75,84.67596406584161,0.5757241802655284
2026-01-28,OD,107.75,52.0,86.62442205488966,0.6002926053238212
2026-01-29,B2,121.57936938228522,101.75,135.21376613922627,0.7525121361920394
2026-01-29,RV,-156.4709053457409,197.0,156.47090534574014,1.259020004803489
2026-01-29,OD,-123.75,148.75,97.8737942647784,1.5198143805234114
2026-02-01,OD,-169.0,5.25,126.93429302416358,0.041359981411804886
2026-02-02,FB,223.25,19.5,260.0,0.075
2026-02-02,B2,25.0,7.5,162.86770340783693,0.04604964546727385
2026-02-02,RV,-56.5,100.5,145.59457967439315,0.6902729498911128
2026-02-02,B2,-4.5,55.25,176.49995412329315,0.3130312428376349
2026-02-02,OD,-44.5,34.75,64.9184682673198,0.5352868132517735
2026-02-03,B2,239.70461941256508,151.75,137.41102239510826,1.104351000050504
2026-02-03,OD,-18.0,54.5,92.12552637909886,0.5915841367975595
2026-02-04,OD,-61.25,11.0,125.11647453671871,0.08791807826052325
2026-02-05,RV,183.2674444731747,59.5,183.26506089953187,0.32466635870444843
2026-02-05,OD,425.0,8.5,136.97101315778826,0.06205692579792883
2026-02-06,FB,-134.5,152.25,133.75,1.138317757009346
2026-02-06,B2,182.1447904335655,58.0,229.20768593438837,0.2530456156544538
2026-02-08,OD,-87.5,101.0,84.32690075302008,1.197719815362511
2026-02-09,FB,126.0,76.75,168.5,0.45548961424332346
2026-02-09,OD,-65.0,49.75,58.232585127681155,0.8543326711482552
2026-02-10,FB,-100.75,100.5,100.0,1.005
2026-02-10,OD,26.75,6.0,51.3308849365026,0.11688869201109874
2026-02-11,OD,106.25,17.0,69.93415959967601,0.24308578379025458
2026-02-12,B2,118.8999276524628,10.0,138.74817538387217,0.07207301986013995
2026-02-12,OD,-96.0,122.75,91.59805302064845,1.3400939861934527
2026-02-13,RV,-24.75,167.5,202.21311846778502,0.8283339937051847
2026-02-15,OD,36.0,43.0,87.89348069034341,0.489228548719021
2026-02-16,OD,-134.5,33.0,57.465377818038256,0.5742588190143487
2026-02-17,RV,-128.8253600576063,323.0,128.82536005760608,2.507270306526339
2026-02-17,RV,181.05349923334504,6.75,181.053499233344,0.03728179807947548
2026-02-17,RV,34.75,171.5,216.41437238179913,0.792461231259812
2026-02-17,B2,21.0,176.75,270.51796547724894,0.6533761988346205
2026-02-17,FB,118.0,117.5,149.25,0.7872696817420436
2026-02-17,OD,179.5,29.75,89.50367628378342,0.3323885815111508
2026-02-18,FB,-26.5,71.5,236.0,0.3029661016949153
2026-02-18,OD,90.5,32.25,64.41264410150646,0.5006780958902718
2026-02-19,FB,-147.75,162.5,147.0,1.1054421768707483
2026-02-19,RV,60.0,7.25,141.43033388103674,0.051261987446754476
2026-02-19,OD,37.75,13.25,65.19073373310543,0.20324974488316472
2026-02-20,RV,-110.8708073039052,234.25,110.87085739643791,2.112818512464449
2026-02-20,B2,-43.75,234.25,188.83599385020688,1.2404944376537532
2026-02-22,OD,-18.25,120.0,83.84612759971205,1.4311931085582075
2026-02-23,OD,53.0,40.5,61.426131196405926,0.6593285172153195
2026-02-24,RV,103.89596016897121,57.75,103.89596017065563,0.5558445189316505
2026-02-24,B2,-4.0,49.75,153.55176829617858,0.32399496633630187
2026-02-24,FB,12.0,49.75,179.0,0.2779329608938548
2026-02-24,OD,17.0,17.25,50.12922320655735,0.34411065834635846
2026-02-25,FB,30.75,54.5,195.25,0.2791293213828425
2026-02-25,B2,89.20446957699824,33.5,109.60522493806235,0.30564236348158375
2026-02-25,OD,21.0,62.75,56.265651282447536,1.1152452441188627
2026-02-26,B2,-73.25,99.25,163.3713027502158,0.6075118354889222
2026-02-26,OD,-15.0,66.0,70.42730944125081,0.9371364677086806
2026-02-27,RV,-101.51412002116922,123.0,101.5141200211679,1.2116541026445566
2026-02-27,FB,-79.25,106.5,187.5,0.568
2026-03-01,OD,315.5,17.5,100.88208601702316,0.1734698467381711
2026-03-02,RV,147.79252814842042,4.75,147.7925281484189,0.03213964913862133
2026-03-02,FB,53.75,66.0,325.25,0.20292083013066872
2026-03-02,OD,-64.0,43.5,77.46448062092772,0.5615476880670919
2026-03-03,FB,152.0,45.0,199.75,0.22528160200250313
2026-03-03,OD,-256.0,161.0,100.43429773994181,1.6030380420131296
2026-03-04,FB,159.0,10.5,172.5,0.06086956521739131
2026-03-04,OD,-167.5,94.5,68.95924451191402,1.3703746418462186
2026-03-05,FB,-191.75,241.25,191.0,1.263089005235602
2026-03-05,OD,-24.0,44.25,88.33251680693287,0.5009480268372359
2026-03-06,RV,-25.0,143.0,154.09208857183813,0.9280164953655815
2026-03-08,OD,-182.25,170.0,122.50787650606861,1.3876658778880948
2026-03-09,FB,10.25,24.25,250.0,0.097
2026-03-09,B2,336.20275223771023,75.0,211.39311571871826,0.3547892264372305
2026-03-09,OD,-63.5,94.0,108.87954091591429,0.8633394227166563
2026-03-10,FB,0.75,88.5,276.75,0.31978319783197834
2026-03-10,OD,94.0,10.25,80.73131670432272,0.12696436052864685
2026-03-11,RV,16.5,52.5,153.8778749264793,0.34117965318330373
2026-03-11,OD,-124.25,100.0,80.51939837452846,1.241936750879078
2026-03-12,OD,-29.5,87.75,76.60016062787462,1.1455589554999965
2026-03-15,OD,119.5,26.25,91.61715421213978,0.2865183952256152
2026-03-16,FB,-93.25,103.5,92.5,1.1189189189189188
2026-03-16,OD,-42.25,41.75,55.28708028033197,0.7551493004931262
2026-03-17,FB,-21.0,106.25,143.75,0.7391304347826086
2026-03-17,OD,203.0,23.25,44.756919267978574,0.5194727514821212
2026-03-18,OD,26.0,21.0,71.91739637114489,0.29200167219103806
2026-03-19,OD,-76.75,73.25,79.8203228086466,0.9176860907416068
2026-03-22,OD,-225.0,114.5,93.99544746312448,1.218144102616456
2026-03-23,FB,-198.25,222.0,197.5,1.1240506329113924
2026-03-23,OD,-150.5,47.0,100.24844324805773,0.46883521057480965
2026-03-24,OD,-120.5,45.25,109.50740762326545,0.4132140553968003
2026-03-25,OD,-36.25,15.75,72.86665688037202,0.21614824494909074
2026-03-26,RV,122.63897575632654,26.5,122.63897575662511,0.21608138714880318
2026-03-26,OD,187.0,62.5,88.67182624359354,0.7048462025390569
2026-03-27,RV,156.74820051226925,13.5,156.7482005122697,0.08612539063211298
2026-03-29,OD,109.25,83.0,83.11026458978812,0.9986732735080034
2026-03-30,OD,136.25,94.0,74.41051946487667,1.2632622467360946
2026-03-31,B2,172.1565373449048,10.25,214.26391013087857,0.04783820100052783
2026-03-31,FB,230.5,10.25,161.5,0.06346749226006192
2026-03-31,OD,75.25,10.75,90.45574438513573,0.11884264590460338
2026-04-01,FB,-16.75,17.75,232.75,0.07626208378088077
2026-04-01,OD,-186.5,36.5,66.13423715853133,0.5519077798161537
2026-04-02,RV,-128.3955363107743,368.75,128.38065641672358,2.8723174525844266
2026-04-02,OD,-346.0,0.75,71.4329176513806,0.010499361144119592
2026-04-05,OD,127.0,9.5,79.60198947729884,0.11934375085825262
2026-04-06,OD,-50.0,42.0,62.42096725336045,0.6728508359943576
2026-04-07,OD,271.5,3.0,165.45344467967269,0.018131988764623012
2026-04-08,OD,-40.25,54.25,64.56140517553247,0.840285304393587
2026-04-09,RV,94.92780321450482,50.0,95.17377085687346,0.5253548278043141
2026-04-09,FB,-11.0,75.25,220.5,0.3412698412698413
2026-04-09,B2,-15.75,104.75,144.5776893782346,0.7245239597512171
2026-04-09,OD,56.0,4.5,56.461365140332845,0.07970051713796504
2026-04-12,OD,126.0,21.0,77.98444333864003,0.26928447650526266
2026-04-13,FB,132.25,42.25,150.75,0.2802653399668325
2026-04-13,RV,87.89027622165304,62.5,88.5263940569908,0.7060041320531396
2026-04-13,B2,198.23309472842809,33.5,120.63112624764953,0.27770610324259276
2026-04-13,OD,16.75,50.0,51.6131662807783,0.9687450626066497
2026-04-14,FB,163.75,31.0,133.5,0.23220973782771537
2026-04-15,RV,-64.90684252803112,69.25,65.15413361200054,1.0628642598855012
2026-04-15,FB,99.25,19.5,120.75,0.16149068322981366
2026-04-15,B2,85.22741644180496,86.0,109.3113865576855,0.7867432909618828
2026-04-15,OD,86.0,9.5,49.987159217024264,0.19004880750984063
2026-04-16,RV,90.9461833919886,11.75,91.23319355024684,0.12879084402025967
2026-04-16,B2,100.12069022452124,9.75,116.92245679939364,0.0833886001619713
2026-04-16,FB,-10.25,39.75,77.5,0.5129032258064516
2026-04-16,B2,-45.5,150.25,145.88831058565123,1.029897456464053
2026-04-16,OD,-26.25,33.25,54.35371630882996,0.6117337002511163
2026-04-17,FB,-44.5,116.25,249.5,0.46593186372745493
2026-04-17,B2,122.0,17.25,140.36933781996106,0.12289008602523295
2026-04-19,OD,-57.5,36.5,77.59932842431554,0.47036489543333243
2026-04-20,OD,15.5,20.5,49.306696671388615,0.4157650255222961
2026-04-21,OD,80.5,13.0,81.94642410270835,0.15864023527989854
2026-04-22,FB,83.5,5.5,126.25,0.04356435643564356
2026-04-22,OD,-111.75,8.0,47.51195171734186,0.1683786860113347
2026-04-23,FB,-189.75,195.5,189.0,1.0343915343915344
2026-04-23,B2,-184.25,215.75,138.52613793442728,1.5574678051165145
2026-04-23,OD,45.0,1.25,88.15705919714709,0.014179238865087415
2026-04-24,FB,48.25,42.25,180.75,0.23374827109266944
2026-04-26,OD,119.0,24.0,57.904093156631234,0.4144784710655899
2026-04-27,OD,-63.75,38.5,44.273970335871645,0.8695854405631775
2026-04-28,OD,-5.5,3.5,52.712555048671156,0.06639784386790472
2026-04-29,OD,133.5,9.25,123.94013856652649,0.07463280344030712
2026-04-30,OD,4.5,7.25,73.07650481822414,0.09921109415446432
2026-05-01,FB,113.0,19.0,204.25,0.09302325581395349
2026-05-01,B2,-84.0,138.5,117.9983042730079,1.1737456809511275
2026-05-03,OD,109.0,24.0,68.37139994786166,0.3510239664289719
2026-05-04,OD,84.75,22.5,60.77761147484269,0.37020210985608226
2026-05-05,FB,58.75,67.75,129.25,0.5241779497098646
2026-05-05,OD,-73.5,20.25,64.48436171698552,0.31402962611113266
2026-05-06,FB,25.5,61.5,141.75,0.43386243386243384
2026-05-06,OD,162.5,53.25,65.07181061963821,0.8183266992716739
2026-05-07,OD,139.5,0.0,93.81922026707119,0.0
2026-05-10,OD,-39.0,47.0,65.51161837434482,0.7174299943474728
2026-05-11,OD,-81.5,45.5,61.66913689312347,0.7378082829155593
2026-05-12,OD,121.75,77.75,83.31364457795799,0.9332204873986518
2026-05-13,OD,-27.75,43.75,73.96049483465585,0.5915320076996018
2026-05-14,OD,-132.5,81.0,70.76095400865354,1.1446990947874205
2026-05-18,OD,-100.25,75.25,112.4064025738156,0.6694458525223637
2026-05-19,OD,-275.0,17.5,96.18423128059622,0.1819425052007498
2026-05-20,OD,155.75,40.0,96.88943725163931,0.4128417001340693
2026-05-21,OD,95.25,46.5,84.63370038562901,0.5494265261724962
