entry_ts,exit_ts,side,sig_open,sig_high,sig_low,sig_close,entry_price,sl_price,tp_price,exit_price,entry_atr,pnl_pts,pnl_dollars,reason
2020-12-09 10:00:00-05:00,2020-12-09 10:20:00-05:00,LONG,12605.0,12644.0,12600.5,12637.0,12637.0,12599.16345993915,12674.83654006085,12599.16345993915,18.918270030425195,-37.83654006085089,-756.7308012170179,stop
2020-12-09 11:00:00-05:00,2020-12-09 12:00:00-05:00,SHORT,12590.5,12622.5,12585.75,12615.25,12615.25,12664.999773510819,12565.500226489181,12565.500226489181,24.874886755409676,49.74977351081907,994.9954702163814,target
2020-12-09 14:20:00-05:00,2020-12-09 15:00:00-05:00,SHORT,12340.5,12387.25,12336.5,12375.75,12375.75,12459.474465946387,12292.025534053613,12374.75,41.86223297319325,1.0,20.0,force_close
2020-12-16 10:00:00-05:00,2020-12-16 11:40:00-05:00,LONG,12581.0,12617.5,12569.75,12602.5,12602.5,12559.036852415345,12645.963147584655,12645.963147584655,21.731573792327566,43.46314758465451,869.2629516930901,target
2020-12-18 11:40:00-05:00,2020-12-18 15:00:00-05:00,SHORT,12676.0,12698.25,12667.0,12690.0,12690.0,12746.349363560712,12633.650636439288,12660.75,28.174681780355513,29.25,585.0,force_close
2020-12-22 10:00:00-05:00,2020-12-22 10:20:00-05:00,LONG,12703.25,12756.5,12690.75,12748.5,12748.5,12695.123509650568,12801.876490349432,12695.123509650568,26.688245174715604,-53.37649034943206,-1067.5298069886412,stop
2020-12-30 11:00:00-05:00,2020-12-30 15:00:00-05:00,SHORT,12822.25,12858.25,12819.5,12852.75,12852.75,12899.158003463528,12806.341996536472,12849.0,23.204001731764414,3.75,75.0,force_close
2020-12-31 12:20:00-05:00,2020-12-31 15:00:00-05:00,SHORT,12801.0,12823.75,12796.25,12816.25,12816.25,12857.648841910139,12774.851158089861,12842.25,20.699420955069193,-26.0,-520.0,force_close
2021-01-05 09:40:00-05:00,2021-01-05 14:40:00-05:00,SHORT,12643.5,12728.0,12637.5,12723.0,12723.0,12792.862034084688,12653.137965915312,12792.862034084688,34.931017042344564,-69.86203408468828,-1397.2406816937655,stop
2021-01-07 09:40:00-05:00,2021-01-07 10:20:00-05:00,LONG,12732.25,12813.5,12719.75,12795.75,12795.75,12728.279070682176,12863.220929317824,12863.220929317824,33.73546465891196,67.4709293178239,1349.418586356478,target
2021-01-12 09:40:00-05:00,2021-01-12 10:00:00-05:00,SHORT,12889.5,12950.25,12889.0,12933.0,12933.0,12985.444494569932,12880.555505430068,12880.555505430068,26.222247284966198,52.44449456993243,1048.8898913986486,target
2021-01-12 11:20:00-05:00,2021-01-12 12:20:00-05:00,SHORT,12886.0,12929.75,12871.0,12917.5,12917.5,12988.086070391715,12846.913929608285,12846.913929608285,35.29303519585768,70.58607039171511,1411.7214078343022,target
2021-01-12 12:40:00-05:00,2021-01-12 14:20:00-05:00,SHORT,12798.25,12829.5,12780.75,12826.5,12826.5,12911.667697221412,12741.332302778588,12911.667697221412,42.58384861070625,-85.1676972214118,-1703.353944428236,stop
2021-01-13 10:00:00-05:00,2021-01-13 11:20:00-05:00,LONG,12874.25,12947.75,12862.25,12913.0,12913.0,12848.671075303591,12977.328924696409,12977.328924696409,32.16446234820471,64.32892469640865,1286.578493928173,target
2021-01-15 10:40:00-05:00,2021-01-15 11:20:00-05:00,SHORT,12777.25,12832.0,12750.25,12826.5,12826.5,12904.64002477339,12748.35997522661,12748.35997522661,39.07001238669583,78.1400247733909,1562.800495467818,target
2021-01-20 10:20:00-05:00,2021-01-20 13:20:00-05:00,LONG,13164.5,13240.5,13161.25,13224.0,13224.0,13170.287712361078,13277.712287638922,13277.712287638922,26.856143819461472,53.712287638922135,1074.2457527784427,target
2021-01-21 10:20:00-05:00,2021-01-21 15:00:00-05:00,LONG,13315.25,13380.0,13306.0,13373.0,13373.0,13312.22198741636,13433.77801258364,13407.0,30.389006291820294,34.0,680.0,force_close
2021-01-25 12:00:00-05:00,2021-01-25 15:00:00-05:00,SHORT,13359.75,13401.25,13350.0,13398.0,13398.0,13502.58958829544,13293.41041170456,13438.25,52.29479414771936,-40.25,-805.0,force_close
2021-01-27 12:20:00-05:00,2021-01-27 14:40:00-05:00,SHORT,13215.0,13297.75,13201.0,13291.75,13291.75,13417.11712136846,13166.38287863154,13166.38287863154,62.68356068422952,125.36712136845927,2507.3424273691853,target
2021-02-02 09:40:00-05:00,2021-02-02 12:00:00-05:00,LONG,13331.25,13403.0,13327.25,13390.25,13390.25,13330.604416408063,13449.895583591937,13449.895583591937,29.82279179596881,59.645583591936884,1192.9116718387377,target
2021-02-03 10:00:00-05:00,2021-02-03 10:20:00-05:00,LONG,13465.5,13530.5,13459.25,13527.75,13527.75,13463.400456167123,13592.099543832877,13463.400456167123,32.17477191643908,-64.34954383287732,-1286.9908766575463,stop
2021-02-05 11:00:00-05:00,2021-02-05 13:00:00-05:00,LONG,13545.25,13574.5,13530.5,13563.0,13563.0,13504.785041135408,13621.214958864592,13621.214958864592,29.107479432295726,58.21495886459161,1164.2991772918322,target
2021-02-08 10:00:00-05:00,2021-02-08 11:40:00-05:00,LONG,13641.5,13673.0,13630.25,13661.0,13661.0,13617.61398917736,13704.38601082264,13617.61398917736,21.69300541131985,-43.386010822639946,-867.7202164527989,stop
2021-02-08 12:00:00-05:00,2021-02-08 15:00:00-05:00,SHORT,13607.5,13635.0,13593.75,13631.75,13631.75,13688.673358426444,13574.826641573556,13640.75,28.461679213222084,-9.0,-180.0,force_close
2021-02-09 10:00:00-05:00,2021-02-09 14:00:00-05:00,LONG,13660.5,13710.5,13652.25,13706.5,13706.5,13664.365800158552,13748.634199841448,13664.365800158552,21.067099920724427,-42.13419984144821,-842.6839968289642,stop
2021-02-10 14:40:00-05:00,2021-02-10 15:00:00-05:00,SHORT,13631.25,13689.5,13621.75,13676.0,13676.0,13753.71196324281,13598.28803675719,13680.75,38.855981621405114,-4.75,-95.0,force_close
2021-02-16 10:00:00-05:00,2021-02-16 11:20:00-05:00,SHORT,13831.5,13870.75,13811.75,13852.5,13852.5,13896.906441569115,13808.093558430885,13808.093558430885,22.203220784558066,44.406441569115486,888.1288313823097,target
2021-02-16 14:20:00-05:00,2021-02-16 15:00:00-05:00,SHORT,13755.75,13788.25,13751.75,13786.75,13786.75,13856.198171973203,13717.301828026797,13772.75,34.72408598660195,14.0,280.0,force_close
2021-02-17 10:00:00-05:00,2021-02-17 10:40:00-05:00,SHORT,13646.25,13695.0,13634.75,13673.0,13673.0,13741.149758482878,13604.850241517122,13604.850241517122,34.07487924143914,68.14975848287759,1362.9951696575517,target
2021-02-17 11:00:00-05:00,2021-02-17 11:20:00-05:00,SHORT,13592.25,13658.0,13575.75,13652.5,13652.5,13737.376464791138,13567.623535208862,13567.623535208862,42.438232395569166,84.87646479113755,1697.529295822751,target
2021-02-17 12:00:00-05:00,2021-02-17 15:00:00-05:00,SHORT,13546.5,13604.0,13540.5,13600.25,13600.25,13697.072009164041,13503.427990835959,13658.25,48.41100458202095,-58.0,-1160.0,force_close
2021-02-22 11:20:00-05:00,2021-02-22 15:00:00-05:00,SHORT,13299.5,13334.5,13279.25,13332.0,13332.0,13428.556678123281,13235.443321876719,13329.25,48.278339061640835,2.75,55.0,force_close
2021-02-23 10:20:00-05:00,2021-02-23 11:00:00-05:00,SHORT,12882.0,12974.25,12859.75,12954.0,12954.0,13083.59272370618,12824.40727629382,13083.59272370618,64.79636185309063,-129.59272370618055,-2591.854474123611,stop
2021-02-25 14:20:00-05:00,2021-02-25 15:00:00-05:00,SHORT,12909.5,13006.75,12891.0,13001.5,13001.5,13164.838306495687,12838.161693504313,12908.25,81.66915324784368,93.25,1865.0,force_close
2021-03-02 11:00:00-05:00,2021-03-02 15:00:00-05:00,SHORT,13148.25,13192.5,13130.5,13178.5,13178.5,13268.242778272353,13088.757221727647,13165.75,44.87138913617661,12.75,255.0,force_close
2021-03-03 10:40:00-05:00,2021-03-03 14:00:00-05:00,SHORT,12843.75,12889.75,12818.75,12880.0,12880.0,12982.832089827594,12777.167910172406,12777.167910172406,51.41604491379674,102.83208982759425,2056.641796551885,target
2021-03-04 10:40:00-05:00,2021-03-04 13:00:00-05:00,SHORT,12511.25,12682.25,12506.5,12677.25,12677.25,12827.081880663707,12527.418119336293,12527.418119336293,74.91594033185324,149.83188066370712,2996.6376132741425,target
2021-03-09 10:00:00-05:00,2021-03-09 13:20:00-05:00,LONG,12635.0,12719.25,12584.25,12705.25,12705.25,12607.586955060968,12802.913044939032,12802.913044939032,48.83152246951655,97.66304493903226,1953.2608987806452,target
2021-03-17 10:00:00-04:00,2021-03-17 12:00:00-04:00,SHORT,12946.75,13045.75,12931.75,13033.0,13033.0,13113.516875424513,12952.483124575487,12952.483124575487,40.25843771225656,80.51687542451327,1610.3375084902655,target
2021-03-17 14:20:00-04:00,2021-03-17 15:00:00-04:00,LONG,13003.0,13155.5,12990.75,13119.0,13119.0,13006.721410059581,13231.278589940419,13232.75,56.13929497020904,113.75,2275.0,force_close
2021-03-19 10:40:00-04:00,2021-03-19 15:00:00-04:00,SHORT,12747.0,12819.25,12729.0,12817.5,12817.5,12923.141042634354,12711.858957365646,12875.5,52.820521317177,-58.0,-1160.0,force_close
2021-03-22 09:40:00-04:00,2021-03-22 11:00:00-04:00,LONG,12940.0,12994.75,12925.5,12984.25,12984.25,12924.007037583278,13044.492962416722,13044.492962416722,30.12148120836103,60.24296241672164,1204.8592483344328,target
2021-03-23 11:00:00-04:00,2021-03-23 15:00:00-04:00,LONG,13065.75,13127.5,13048.5,13125.25,13125.25,13045.809779585192,13204.690220414808,13043.75,39.72011020740398,-81.5,-1630.0,force_close
2021-03-24 10:40:00-04:00,2021-03-24 11:20:00-04:00,SHORT,12915.75,12966.0,12911.25,12961.0,12961.0,13038.538308295252,12883.461691704748,13038.538308295252,38.769154147625784,-77.53830829525214,-1550.7661659050427,stop
2021-03-25 09:40:00-04:00,2021-03-25 11:00:00-04:00,SHORT,12712.25,12795.25,12686.5,12781.75,12781.75,12860.239742920201,12703.260257079799,12703.260257079799,39.24487146010028,78.48974292020102,1569.7948584040205,target
2021-03-26 10:40:00-04:00,2021-03-26 11:40:00-04:00,LONG,12794.0,12855.0,12774.75,12844.75,12844.75,12757.49891636515,12932.00108363485,12757.49891636515,43.625541817425145,-87.25108363485015,-1745.021672697003,stop
2021-03-31 09:40:00-04:00,2021-03-31 10:00:00-04:00,LONG,12964.25,12999.0,12950.75,12992.75,12992.75,12943.532796503434,13041.967203496566,13041.967203496566,24.608601748283483,49.21720349656607,984.3440699313214,target
2021-04-01 09:40:00-04:00,2021-04-01 15:00:00-04:00,LONG,13237.75,13293.5,13233.0,13290.25,13290.25,13240.8836860707,13339.6163139293,13301.25,24.68315696464976,11.0,220.0,force_close
2021-04-05 10:00:00-04:00,2021-04-05 10:40:00-04:00,LONG,13437.5,13488.0,13427.75,13477.0,13477.0,13424.680637533469,13529.319362466531,13529.319362466531,26.159681233265484,52.31936246653095,1046.387249330619,target
2021-04-06 10:00:00-04:00,2021-04-06 12:00:00-04:00,LONG,13566.0,13600.0,13554.0,13597.25,13597.25,13543.101325859056,13651.398674140944,13651.398674140944,27.074337070472122,54.14867414094442,1082.9734828188884,target
2021-04-09 10:00:00-04:00,2021-04-09 12:20:00-04:00,SHORT,13673.0,13730.25,13656.0,13718.5,13718.5,13778.856813628525,13658.143186371475,13778.856813628525,30.178406814262768,-60.35681362852483,-1207.1362725704967,stop
2021-04-12 10:20:00-04:00,2021-04-12 11:00:00-04:00,LONG,13767.25,13805.75,13764.25,13798.75,13798.75,13745.229750474784,13852.270249525216,13745.229750474784,26.760124762608474,-53.52024952521606,-1070.4049905043212,stop
2021-04-13 09:40:00-04:00,2021-04-13 15:00:00-04:00,LONG,13876.5,13936.75,13864.25,13934.0,13934.0,13875.306419047514,13992.693580952486,13968.5,29.346790476243093,34.5,690.0,force_close
2021-04-14 12:00:00-04:00,2021-04-14 14:00:00-04:00,SHORT,13886.5,13910.25,13881.0,13907.25,13907.25,13965.770001488994,13848.729998511006,13848.729998511006,29.260000744497155,58.52000148899424,1170.4000297798848,target
2021-04-14 14:40:00-04:00,2021-04-14 15:00:00-04:00,SHORT,13826.25,13862.0,13823.5,13844.0,13844.0,13913.429565431428,13774.570434568572,13808.25,34.71478271571435,35.75,715.0,force_close
2021-04-15 09:40:00-04:00,2021-04-15 13:20:00-04:00,LONG,13932.0,13970.5,13920.75,13967.0,13967.0,13918.706778388896,14015.293221611104,14015.293221611104,24.14661080555185,48.293221611103945,965.8644322220789,target
2021-04-20 12:20:00-04:00,2021-04-20 15:00:00-04:00,SHORT,13768.25,13804.5,13756.5,13800.75,13800.75,13884.292504081901,13717.207495918099,13744.25,41.77125204095065,56.5,1130.0,force_close
2021-04-21 10:00:00-04:00,2021-04-21 11:40:00-04:00,LONG,13712.0,13807.25,13698.0,13803.0,13803.0,13736.379915183054,13869.620084816946,13869.620084816946,33.31004240847318,66.62008481694647,1332.4016963389295,target
2021-04-27 11:00:00-04:00,2021-04-27 15:00:00-04:00,SHORT,13921.0,13954.75,13910.25,13943.25,13943.25,13995.18595378178,13891.31404621822,13957.75,25.96797689089013,-14.5,-290.0,force_close
2021-04-30 09:40:00-04:00,2021-04-30 10:40:00-04:00,SHORT,13852.25,13895.25,13838.0,13884.75,13884.75,13941.437829914294,13828.062170085706,13941.437829914294,28.343914957146527,-56.687829914293616,-1133.7565982858723,stop
2021-04-30 11:40:00-04:00,2021-04-30 14:00:00-04:00,SHORT,13871.75,13899.5,13858.0,13897.0,13897.0,13967.507360894586,13826.492639105414,13826.492639105414,35.2536804472931,70.50736089458587,1410.1472178917174,target
2021-05-03 10:20:00-04:00,2021-05-03 11:00:00-04:00,LONG,13871.5,13947.75,13855.75,13938.75,13938.75,13878.200243522591,13999.299756477409,13878.200243522591,30.274878238704563,-60.549756477408664,-1210.9951295481733,stop
2021-05-04 12:20:00-04:00,2021-05-04 15:00:00-04:00,SHORT,13401.0,13453.5,13391.75,13432.25,13432.25,13525.130889519158,13339.369110480842,13476.5,46.44044475957889,-44.25,-885.0,force_close
2021-05-06 09:40:00-04:00,2021-05-06 10:00:00-04:00,SHORT,13484.75,13510.75,13422.0,13505.75,13505.75,13572.736891635765,13438.763108364235,13438.763108364235,33.49344581788211,66.98689163576455,1339.737832715291,target
2021-05-06 10:40:00-04:00,2021-05-06 12:00:00-04:00,SHORT,13398.0,13475.75,13386.5,13467.25,13467.25,13552.309111123825,13382.190888876175,13552.309111123825,42.529555561912176,-85.05911112382455,-1701.182222476491,stop
2021-05-11 09:40:00-04:00,2021-05-11 10:00:00-04:00,SHORT,13100.25,13175.5,13082.5,13163.25,13163.25,13247.876245525104,13078.623754474896,13247.876245525104,42.31312276255211,-84.62624552510351,-1692.5249105020703,stop
2021-05-18 10:40:00-04:00,2021-05-18 14:20:00-04:00,LONG,13353.25,13395.0,13344.75,13385.5,13385.5,13322.644348775902,13448.355651224098,13322.644348775902,31.42782561204848,-62.85565122409753,-1257.1130244819506,stop
2021-05-19 09:40:00-04:00,2021-05-19 10:40:00-04:00,SHORT,12967.5,13050.75,12965.0,13007.5,13007.5,13091.136604281139,12923.863395718861,13091.136604281139,41.81830214056972,-83.63660428113872,-1672.7320856227743,stop
2021-05-19 11:00:00-04:00,2021-05-19 13:20:00-04:00,SHORT,13051.25,13119.75,13041.75,13093.75,13093.75,13196.495081603332,12991.004918396668,13196.495081603332,51.37254080166628,-102.74508160333244,-2054.9016320666487,stop
2021-05-20 09:40:00-04:00,2021-05-20 10:40:00-04:00,LONG,13290.25,13367.75,13278.75,13360.5,13360.5,13293.374804486815,13427.625195513185,13427.625195513185,33.56259775659223,67.12519551318474,1342.5039102636947,target
2021-05-21 10:00:00-04:00,2021-05-21 10:20:00-04:00,LONG,13505.5,13546.25,13482.25,13540.25,13540.25,13483.920263991435,13596.579736008565,13483.920263991435,28.1648680042831,-56.329736008565305,-1126.594720171306,stop
2021-05-21 12:40:00-04:00,2021-05-21 15:00:00-04:00,SHORT,13411.5,13438.5,13407.25,13437.5,13437.5,13508.87525813649,13366.12474186351,13443.75,35.687629068245165,-6.25,-125.0,force_close
2021-05-24 09:40:00-04:00,2021-05-24 10:20:00-04:00,LONG,13504.5,13568.25,13491.0,13561.5,13561.5,13510.997653450708,13612.002346549292,13612.002346549292,25.251173274646312,50.50234654929227,1010.0469309858454,target
2021-05-25 12:00:00-04:00,2021-05-25 15:00:00-04:00,SHORT,13618.25,13646.75,13606.25,13645.75,13645.75,13714.95673395649,13576.54326604351,13644.75,34.603366978244644,1.0,20.0,force_close
2021-06-01 10:40:00-04:00,2021-06-01 11:00:00-04:00,SHORT,13646.25,13679.5,13627.75,13659.25,13659.25,13717.167950459017,13601.332049540983,13601.332049540983,28.958975229508518,57.91795045901745,1158.359009180349,target
2021-06-01 11:20:00-04:00,2021-06-01 15:00:00-04:00,SHORT,13614.25,13642.0,13598.75,13638.75,13638.75,13706.276191977418,13571.223808022582,13686.5,33.763095988708876,-47.75,-955.0,force_close
2021-06-03 10:20:00-04:00,2021-06-03 11:20:00-04:00,SHORT,13499.5,13552.75,13486.5,13523.0,13523.0,13590.523689392521,13455.476310607479,13590.523689392521,33.76184469626019,-67.52368939252119,-1350.4737878504238,stop
2021-06-14 10:00:00-04:00,2021-06-14 10:20:00-04:00,LONG,13996.25,14040.0,13989.75,14023.5,14023.5,13981.900095086301,14065.099904913699,13981.900095086301,20.799952456849272,-41.59990491369899,-831.9980982739798,stop
2021-06-16 10:00:00-04:00,2021-06-16 11:20:00-04:00,LONG,14061.5,14090.0,14052.75,14080.5,14080.5,14045.12409052907,14115.87590947093,14045.12409052907,17.68795473546443,-35.3759094709294,-707.518189418588,stop
2021-06-16 14:40:00-04:00,2021-06-17 09:40:00-04:00,SHORT,13870.25,13938.25,13865.5,13887.75,13887.75,13963.405763288418,13812.094236711582,13963.405763288418,37.82788164420869,-75.6557632884178,-1513.115265768356,stop
2021-06-17 10:40:00-04:00,2021-06-17 15:00:00-04:00,LONG,14060.25,14131.0,14054.25,14127.5,14127.5,14050.800502650285,14204.199497349715,14161.5,38.34974867485765,34.0,680.0,force_close
2021-06-21 10:00:00-04:00,2021-06-21 11:20:00-04:00,SHORT,13979.25,14070.0,13960.0,14056.5,14056.5,14131.676585160552,13981.323414839448,14131.676585160552,37.58829258027599,-75.17658516055235,-1503.531703211047,stop
2021-06-23 09:40:00-04:00,2021-06-23 12:40:00-04:00,LONG,14262.5,14301.75,14250.0,14287.75,14287.75,14245.293601605865,14330.206398394135,14245.293601605865,21.228199197067983,-42.45639839413525,-849.127967882705,stop
2021-06-24 09:40:00-04:00,2021-06-24 11:00:00-04:00,LONG,14351.5,14388.75,14341.5,14376.75,14376.75,14340.912559234763,14412.587440765237,14412.587440765237,17.918720382618275,35.83744076523726,716.7488153047452,target
2021-06-25 14:20:00-04:00,2021-06-25 15:00:00-04:00,SHORT,14332.5,14346.0,14319.5,14345.5,14345.5,14394.99301393578,14296.00698606422,14352.5,24.746506967890262,-7.0,-140.0,force_close
2021-06-29 10:40:00-04:00,2021-06-29 14:20:00-04:00,LONG,14493.25,14520.0,14486.25,14512.5,14512.5,14465.64164354343,14559.35835645657,14559.35835645657,23.42917822828498,46.85835645657062,937.1671291314124,target
2021-07-01 10:40:00-04:00,2021-07-01 11:20:00-04:00,SHORT,14516.5,14553.75,14505.5,14539.75,14539.75,14595.505007916832,14483.994992083168,14483.994992083168,27.877503958415723,55.755007916832255,1115.100158336645,target
2021-07-01 12:00:00-04:00,2021-07-01 15:00:00-04:00,SHORT,14494.25,14523.75,14491.75,14519.0,14519.0,14580.077488054785,14457.922511945215,14543.5,30.53874402739252,-24.5,-490.0,force_close
2021-07-06 09:40:00-04:00,2021-07-06 10:40:00-04:00,LONG,14739.0,14776.0,14735.75,14764.5,14764.5,14727.660143119521,14801.339856880479,14727.660143119521,18.419928440239055,-36.83985688047869,-736.7971376095738,stop
2021-07-06 12:40:00-04:00,2021-07-06 14:00:00-04:00,SHORT,14628.75,14675.25,14622.75,14664.5,14664.5,14733.164198968712,14595.835801031288,14733.164198968712,34.332099484355915,-68.6641989687123,-1373.283979374246,stop
2021-07-08 11:20:00-04:00,2021-07-08 13:40:00-04:00,SHORT,14578.0,14643.75,14563.5,14632.5,14632.5,14732.448447386887,14532.551552613113,14732.448447386887,49.974223693443754,-99.94844738688698,-1998.9689477377397,stop
2021-07-13 09:20:00-04:00,2021-07-13 10:00:00-04:00,SHORT,14802.0,14842.0,14792.0,14830.0,14830.0,14884.377532119532,14775.622467880468,14884.377532119532,27.188766059765403,-54.37753211953168,-1087.5506423906336,stop
2021-07-14 12:20:00-04:00,2021-07-14 15:00:00-04:00,LONG,14864.0,14930.25,14860.25,14926.5,14926.5,14848.525439413528,15004.474560586472,14932.0,38.98728029323591,5.5,110.0,force_close
2021-07-15 10:00:00-04:00,2021-07-15 10:40:00-04:00,SHORT,14802.25,14898.0,14793.5,14890.75,14890.75,14963.844962719855,14817.655037280145,14817.655037280145,36.547481359928035,73.09496271985518,1461.8992543971035,target
2021-07-16 12:20:00-04:00,2021-07-16 15:00:00-04:00,SHORT,14726.25,14770.0,14721.5,14767.5,14767.5,14837.726755704514,14697.273244295486,14706.0,35.113377852257535,61.5,1230.0,force_close
2021-07-19 11:00:00-04:00,2021-07-19 15:00:00-04:00,SHORT,14483.75,14521.0,14474.5,14517.5,14517.5,14606.616243243378,14428.383756756622,14487.75,44.55812162168901,29.75,595.0,force_close
2021-07-20 10:00:00-04:00,2021-07-20 11:00:00-04:00,SHORT,14527.25,14593.0,14514.25,14585.25,14585.25,14652.458723646661,14518.041276353339,14652.458723646661,33.60436182333059,-67.20872364666138,-1344.1744729332277,stop
2021-07-22 12:40:00-04:00,2021-07-22 15:00:00-04:00,LONG,14862.75,14891.0,14848.25,14889.25,14889.25,14832.565845424091,14945.934154575909,14922.5,28.34207728795488,33.25,665.0,force_close
2021-07-23 10:00:00-04:00,2021-07-23 11:00:00-04:00,LONG,14951.5,14990.25,14934.75,14975.75,14975.75,14931.40023833455,15020.09976166545,15020.09976166545,22.174880832724746,44.34976166544948,886.9952333089896,target
2021-07-23 11:20:00-04:00,2021-07-23 13:20:00-04:00,LONG,15016.0,15046.75,15008.0,15041.0,15041.0,14989.338776995864,15092.661223004136,15092.661223004136,25.83061150206819,51.661223004135536,1033.2244600827107,target
2021-07-26 10:00:00-04:00,2021-07-26 15:00:00-04:00,LONG,15076.0,15103.5,15063.5,15101.75,15101.75,15052.676037353489,15150.823962646511,15119.0,24.536981323255198,17.25,345.0,force_close
2021-07-27 12:00:00-04:00,2021-07-27 13:40:00-04:00,SHORT,14832.25,14869.75,14816.0,14858.5,14858.5,14938.815673717743,14778.184326282257,14778.184326282257,40.15783685887186,80.31567371774327,1606.3134743548653,target
2021-07-27 14:20:00-04:00,2021-07-27 15:00:00-04:00,SHORT,14807.0,14873.0,14805.25,14866.5,14866.5,14954.295717099436,14778.704282900564,14920.0,43.89785854971815,-53.5,-1070.0,force_close
2021-07-28 10:00:00-04:00,2021-07-28 10:20:00-04:00,LONG,14929.5,14984.5,14899.25,14978.25,14978.25,14911.65147462945,15044.84852537055,15044.84852537055,33.2992626852746,66.5985253705494,1331.970507410988,target
2021-07-30 10:00:00-04:00,2021-07-30 15:00:00-04:00,LONG,14894.75,14955.25,14888.75,14950.75,14950.75,14887.935528432485,15013.564471567515,14954.5,31.4072357837575,3.75,75.0,force_close
2021-08-03 11:40:00-04:00,2021-08-03 12:00:00-04:00,SHORT,14866.75,14923.0,14846.75,14910.5,14910.5,14987.743340509978,14833.256659490022,14987.743340509978,38.621670254988956,-77.24334050997822,-1544.8668101995645,stop
2021-08-05 10:00:00-04:00,2021-08-05 11:20:00-04:00,LONG,15101.25,15131.25,15084.75,15124.0,15124.0,15084.548810883225,15163.451189116775,15163.451189116775,19.725594558387552,39.45118911677491,789.0237823354983,target
2021-08-06 09:40:00-04:00,2021-08-06 10:00:00-04:00,SHORT,15107.0,15152.25,15101.0,15139.25,15139.25,15179.935023457036,15098.564976542964,15098.564976542964,20.34251172851793,40.68502345703564,813.7004691407128,target
2021-08-06 12:00:00-04:00,2021-08-06 15:00:00-04:00,SHORT,15083.75,15106.0,15069.0,15102.25,15102.25,15157.808592066527,15046.691407933473,15078.25,27.779296033263513,24.0,480.0,force_close
2021-08-10 11:40:00-04:00,2021-08-10 15:00:00-04:00,SHORT,15007.25,15052.75,15001.0,15050.0,15050.0,15109.35473095225,14990.64526904775,15052.25,29.67736547612485,-2.25,-45.0,force_close
2021-08-12 10:20:00-04:00,2021-08-12 11:40:00-04:00,SHORT,14973.75,15011.25,14939.0,15007.75,15007.75,15059.170373579836,14956.329626420164,15059.170373579836,25.71018678991849,-51.42037357983645,-1028.407471596729,stop
2021-08-13 10:20:00-04:00,2021-08-13 12:40:00-04:00,LONG,15097.0,15140.0,15080.25,15131.25,15131.25,15090.375980037514,15172.124019962486,15090.375980037514,20.43700998124308,-40.87401996248627,-817.4803992497255,stop
2021-08-16 09:40:00-04:00,2021-08-16 10:00:00-04:00,LONG,15078.5,15110.5,15074.25,15106.5,15106.5,15069.236745614406,15143.763254385594,15069.236745614406,18.631627192797502,-37.26325438559434,-745.2650877118867,stop
2021-08-16 11:20:00-04:00,2021-08-16 12:20:00-04:00,SHORT,14932.25,14967.75,14926.0,14955.75,14955.75,15022.19040803421,14889.30959196579,15022.19040803421,33.220204017104784,-66.44040803421012,-1328.8081606842024,stop
2021-08-17 10:40:00-04:00,2021-08-17 12:00:00-04:00,SHORT,14972.5,15033.0,14959.75,15021.75,15021.75,15088.338273191599,14955.161726808401,14955.161726808401,33.29413659579932,66.588273191599,1331.76546383198,target
2021-08-18 14:40:00-04:00,2021-08-18 15:00:00-04:00,SHORT,14951.75,15012.5,14938.75,14991.25,14991.25,15062.453119739012,14920.046880260988,14989.0,35.60155986950536,2.25,45.0,force_close
2021-08-19 09:20:00-04:00,2021-08-19 10:20:00-04:00,SHORT,14739.0,14790.0,14736.25,14784.5,14784.5,14849.059523087071,14719.940476912929,14849.059523087071,32.27976154353528,-64.55952308707128,-1291.1904617414257,stop
2021-08-19 11:00:00-04:00,2021-08-19 12:00:00-04:00,LONG,14833.75,14902.0,14821.25,14897.25,14897.25,14806.51581464277,14987.98418535723,14987.98418535723,45.367092678615755,90.73418535723067,1814.6837071446134,target
2021-08-23 09:40:00-04:00,2021-08-23 10:20:00-04:00,LONG,15131.75,15185.5,15121.5,15179.5,15179.5,15142.802028865852,15216.197971134148,15216.197971134148,18.348985567073754,36.69797113414825,733.9594226829649,target
2021-08-24 12:00:00-04:00,2021-08-24 15:00:00-04:00,LONG,15343.25,15364.25,15335.25,15360.5,15360.5,15310.72690347032,15410.27309652968,15362.0,24.8865482648396,1.5,30.0,force_close
2021-08-25 09:40:00-04:00,2021-08-25 10:40:00-04:00,LONG,15361.0,15399.25,15358.25,15386.5,15386.5,15351.401483056845,15421.598516943155,15351.401483056845,17.54925847157771,-35.09851694315512,-701.9703388631024,stop
2021-08-26 09:40:00-04:00,2021-08-26 10:40:00-04:00,LONG,15330.0,15362.25,15326.25,15345.25,15345.25,15308.715442215791,15381.784557784209,15308.715442215791,18.267278892104844,-36.53455778420903,-730.6911556841806,stop
2021-08-26 11:20:00-04:00,2021-08-26 15:00:00-04:00,SHORT,15296.5,15333.25,15253.0,15322.0,15322.0,15381.891935025906,15262.108064974094,15294.5,29.945967512952723,27.5,550.0,force_close
2021-08-27 10:00:00-04:00,2021-08-27 10:20:00-04:00,SHORT,15286.75,15319.25,15281.75,15308.5,15308.5,15347.447395819125,15269.552604180875,15347.447395819125,19.473697909562116,-38.94739581912472,-778.9479163824944,stop
2021-08-31 12:40:00-04:00,2021-08-31 15:00:00-04:00,LONG,15567.0,15600.25,15562.75,15593.75,15593.75,15534.713722515633,15652.786277484367,15599.5,29.518138742183897,5.75,115.0,force_close
2021-09-01 09:40:00-04:00,2021-09-01 10:00:00-04:00,LONG,15632.75,15672.25,15619.75,15655.25,15655.25,15615.260482314205,15695.239517685795,15695.239517685795,19.994758842897483,39.98951768579536,799.7903537159073,target
2021-09-03 10:00:00-04:00,2021-09-03 15:00:00-04:00,LONG,15584.5,15646.0,15569.0,15640.75,15640.75,15582.299973538626,15699.200026461374,15653.75,29.225013230687402,13.0,260.0,force_close
2021-09-07 09:40:00-04:00,2021-09-07 10:00:00-04:00,SHORT,15644.25,15671.0,15623.25,15655.0,15655.0,15693.074027265362,15616.925972734638,15616.925972734638,19.03701363268124,38.07402726536202,761.4805453072404,target
2021-09-07 10:40:00-04:00,2021-09-07 15:00:00-04:00,SHORT,15616.25,15666.25,15615.5,15658.75,15658.75,15709.086238302478,15608.413761697522,15689.5,25.16811915123932,-30.75,-615.0,force_close
2021-09-08 12:20:00-04:00,2021-09-08 15:00:00-04:00,SHORT,15543.0,15591.75,15521.25,15589.5,15589.5,15659.502688125243,15519.497311874757,15605.0,35.00134406262166,-15.5,-310.0,force_close
2021-09-16 10:40:00-04:00,2021-09-16 14:00:00-04:00,SHORT,15377.75,15414.75,15364.25,15408.75,15408.75,15466.955299601132,15350.544700398868,15466.955299601132,29.10264980056625,-58.20529960113163,-1164.1059920226326,stop
2021-09-17 12:40:00-04:00,2021-09-17 14:00:00-04:00,SHORT,15327.75,15364.5,15324.0,15359.5,15359.5,15431.130429917042,15287.869570082958,15287.869570082958,35.815214958520976,71.63042991704242,1432.6085983408484,target
2021-09-20 09:20:00-04:00,2021-09-20 10:40:00-04:00,SHORT,15072.25,15103.75,15050.5,15094.75,15094.75,15165.522111742637,15023.977888257363,15023.977888257363,35.386055871318554,70.77211174263721,1415.4422348527441,target
2021-09-20 11:20:00-04:00,2021-09-20 12:20:00-04:00,SHORT,14997.25,15044.0,14977.25,15033.75,15033.75,15130.207348621265,14937.292651378735,14937.292651378735,48.22867431063258,96.45734862126483,1929.1469724252966,target
2021-09-22 10:00:00-04:00,2021-09-22 10:40:00-04:00,LONG,15028.75,15078.25,15012.5,15077.0,15077.0,15018.036671979939,15135.963328020061,15135.963328020061,29.48166401003078,58.963328020061454,1179.266560401229,target
2021-09-22 14:20:00-04:00,2021-09-22 15:00:00-04:00,LONG,15121.25,15229.25,15087.5,15195.0,15195.0,15114.918058176516,15275.081941823484,15125.0,40.04097091174168,-70.0,-1400.0,force_close
2021-09-24 12:00:00-04:00,2021-09-24 15:00:00-04:00,LONG,15223.75,15260.75,15218.5,15253.5,15253.5,15182.780289374872,15324.219710625128,15301.75,35.35985531256376,48.25,965.0,force_close
2021-09-27 10:20:00-04:00,2021-09-27 15:00:00-04:00,SHORT,15125.0,15166.5,15098.25,15159.75,15159.75,15239.225446219767,15080.274553780233,15201.0,39.73772310988358,-41.25,-825.0,force_close
2021-09-29 10:00:00-04:00,2021-09-29 11:40:00-04:00,SHORT,14817.25,14905.5,14785.25,14885.25,14885.25,14968.786719800823,14801.713280199177,14801.713280199177,41.76835990041082,83.53671980082254,1670.7343960164508,target
2021-09-29 14:20:00-04:00,2021-09-29 15:00:00-04:00,SHORT,14765.0,14846.75,14755.75,14834.0,14834.0,14946.237332184364,14721.762667815636,14840.0,56.118666092181925,-6.0,-120.0,force_close
2021-09-30 11:20:00-04:00,2021-09-30 12:00:00-04:00,LONG,14784.0,14842.75,14770.75,14836.75,14836.75,14745.870150446177,14927.629849553823,14745.870150446177,45.439924776911944,-90.87984955382308,-1817.5969910764616,stop
2021-10-01 11:00:00-04:00,2021-10-01 13:40:00-04:00,SHORT,14539.5,14625.25,14534.75,14619.25,14619.25,14716.784101218082,14521.715898781918,14716.784101218082,48.76705060904113,-97.53410121808156,-1950.6820243616312,stop
2021-10-04 12:00:00-04:00,2021-10-04 15:00:00-04:00,SHORT,14388.0,14455.25,14380.5,14444.25,14444.25,14556.709861082607,14331.790138917393,14449.5,56.2299305413033,-5.25,-105.0,force_close
2021-10-06 09:40:00-04:00,2021-10-06 10:20:00-04:00,LONG,14536.5,14614.25,14509.25,14609.0,14609.0,14526.062457076252,14691.937542923748,14526.062457076252,41.46877146187439,-82.93754292374797,-1658.7508584749594,stop
2021-10-11 10:00:00-04:00,2021-10-11 13:40:00-04:00,LONG,14795.75,14863.25,14788.75,14860.75,14860.75,14786.411998754282,14935.088001245718,14786.411998754282,37.169000622858995,-74.33800124571826,-1486.7600249143652,stop
2021-10-12 11:20:00-04:00,2021-10-12 15:00:00-04:00,SHORT,14638.25,14707.0,14636.75,14669.0,14669.0,14759.523400609147,14578.476599390853,14672.5,45.26170030457322,-3.5,-70.0,force_close
2021-10-13 09:20:00-04:00,2021-10-13 14:20:00-04:00,LONG,14681.5,14735.25,14671.75,14725.25,14725.25,14657.676892761061,14792.823107238939,14792.823107238939,33.786553619469814,67.57310723893897,1351.4621447787795,target
2021-10-15 10:40:00-04:00,2021-10-15 15:00:00-04:00,LONG,15059.25,15087.25,15043.75,15083.0,15083.0,15028.311958009712,15137.688041990288,15117.75,27.344020995143946,34.75,695.0,force_close
2021-10-18 10:00:00-04:00,2021-10-18 11:20:00-04:00,LONG,15082.5,15150.0,15072.5,15137.25,15137.25,15076.277968111726,15198.222031888274,15198.222031888274,30.486015944136543,60.972031888273705,1219.440637765474,target
2021-10-19 11:00:00-04:00,2021-10-19 15:00:00-04:00,LONG,15337.0,15378.75,15332.0,15378.0,15378.0,15321.676487355731,15434.323512644269,15374.0,28.161756322133936,-4.0,-80.0,force_close
2021-10-21 09:40:00-04:00,2021-10-21 10:20:00-04:00,LONG,15337.75,15371.0,15331.75,15363.75,15363.75,15319.667059437645,15407.832940562355,15407.832940562355,22.04147028117749,44.08294056235536,881.6588112471072,target
2021-10-22 12:00:00-04:00,2021-10-22 15:00:00-04:00,SHORT,15295.0,15324.5,15271.5,15315.0,15315.0,15386.997584481787,15243.002415518213,15344.25,35.99879224089336,-29.25,-585.0,force_close
2021-10-25 10:00:00-04:00,2021-10-25 12:20:00-04:00,LONG,15357.0,15396.25,15319.75,15389.25,15389.25,15334.927382804473,15443.572617195527,15443.572617195527,27.161308597763078,54.32261719552662,1086.4523439105324,target
2021-10-26 10:20:00-04:00,2021-10-26 11:40:00-04:00,LONG,15640.0,15697.0,15632.25,15688.75,15688.75,15638.412253297322,15739.087746702678,15638.412253297322,25.168873351338902,-50.33774670267849,-1006.7549340535697,stop
2021-10-28 11:20:00-04:00,2021-10-28 13:00:00-04:00,LONG,15713.5,15753.25,15703.25,15751.75,15751.75,15687.912413534266,15815.587586465734,15687.912413534266,31.918793232866538,-63.83758646573369,-1276.7517293146739,stop
2021-10-29 09:40:00-04:00,2021-10-29 11:40:00-04:00,LONG,15637.5,15679.25,15613.25,15676.25,15676.25,15619.624299298706,15732.875700701294,15732.875700701294,28.312850350646702,56.62570070129368,1132.5140140258736,target
2021-11-01 11:20:00-04:00,2021-11-01 15:00:00-04:00,SHORT,15809.0,15838.75,15803.25,15831.5,15831.5,15886.271389271695,15776.728610728305,15828.25,27.38569463584752,3.25,65.0,force_close
2021-11-02 09:40:00-04:00,2021-11-02 12:00:00-04:00,LONG,15871.25,15935.0,15861.75,15933.25,15933.25,15889.830817712978,15976.669182287022,15976.669182287022,21.709591143510814,43.41918228702161,868.3836457404323,target
2021-11-03 14:20:00-04:00,2021-11-03 15:00:00-04:00,LONG,15964.5,16055.25,15952.75,16002.25,16002.25,15944.218306529046,16060.281693470954,16082.25,29.015846735476845,80.0,1600.0,force_close
2021-11-05 14:00:00-04:00,2021-11-05 15:00:00-04:00,LONG,16327.25,16359.75,16308.75,16356.5,16356.5,16278.758374542245,16434.241625457755,16369.75,38.870812728877574,13.25,265.0,force_close
2021-11-09 10:20:00-05:00,2021-11-09 13:40:00-05:00,SHORT,16226.25,16266.5,16187.0,16253.25,16253.25,16325.6792726622,16180.8207273378,16180.8207273378,36.21463633110064,72.42927266220067,1448.5854532440135,target
2021-11-09 14:20:00-05:00,2021-11-09 15:00:00-05:00,SHORT,16168.5,16216.75,16160.25,16213.5,16213.5,16302.835782068152,16124.164217931848,16217.25,44.66789103407655,-3.75,-75.0,force_close
2021-11-10 10:00:00-05:00,2021-11-10 13:20:00-05:00,SHORT,16096.5,16181.75,16086.25,16171.75,16171.75,16250.24160949955,16093.25839050045,16093.25839050045,39.245804749774855,78.49160949954967,1569.8321899909934,target
2021-11-12 10:20:00-05:00,2021-11-12 11:20:00-05:00,LONG,16025.75,16071.0,16017.75,16070.75,16070.75,16014.65827244177,16126.84172755823,16126.84172755823,28.045863779115106,56.09172755823056,1121.8345511646112,target
2021-11-17 10:40:00-05:00,2021-11-17 12:20:00-05:00,LONG,16306.75,16349.0,16297.75,16344.25,16344.25,16294.618645169709,16393.881354830293,16393.881354830293,24.81567741514592,49.631354830293276,992.6270966058655,target
2021-11-18 10:40:00-05:00,2021-11-18 11:40:00-05:00,LONG,16318.25,16375.25,16301.25,16362.75,16362.75,16301.134070974545,16424.365929025455,16424.365929025455,30.807964512727306,61.615929025454534,1232.3185805090907,target
2021-11-19 10:00:00-05:00,2021-11-19 10:40:00-05:00,LONG,16557.5,16618.5,16541.75,16613.25,16613.25,16550.47851240361,16676.02148759639,16550.47851240361,31.38574379819529,-62.771487596390216,-1255.4297519278043,stop
2021-11-22 09:40:00-05:00,2021-11-22 10:20:00-05:00,LONG,16644.5,16701.75,16631.5,16698.75,16698.75,16654.61591799757,16742.88408200243,16742.88408200243,22.067041001214438,44.13408200243066,882.6816400486132,target
2021-11-22 12:40:00-05:00,2021-11-22 15:00:00-05:00,SHORT,16499.25,16544.25,16471.5,16538.5,16538.5,16633.36791492027,16443.63208507973,16570.25,47.433957460133975,-31.75,-635.0,force_close
2021-11-23 10:00:00-05:00,2021-11-23 10:20:00-05:00,SHORT,16343.0,16421.25,16332.75,16395.5,16395.5,16475.327948167334,16315.672051832666,16315.672051832666,39.91397408366681,79.8279481673344,1596.558963346688,target
2021-11-23 11:20:00-05:00,2021-11-23 13:40:00-05:00,SHORT,16166.5,16251.0,16138.25,16232.25,16232.25,16345.93920573738,16118.56079426262,16118.56079426262,56.84460286869033,113.68920573738069,2273.784114747614,target
2021-11-23 14:00:00-05:00,2021-11-23 15:00:00-05:00,SHORT,16127.75,16216.75,16118.75,16186.75,16186.75,16311.106251913465,16062.393748086535,16246.25,62.178125956732565,-59.5,-1190.0,force_close
2021-11-24 10:40:00-05:00,2021-11-24 15:00:00-05:00,SHORT,16190.25,16270.25,16174.75,16262.5,16262.5,16362.005962794457,16162.994037205543,16325.75,49.75298139722893,-63.25,-1265.0,force_close
2021-11-26 09:20:00-05:00,2021-11-26 10:20:00-05:00,SHORT,16193.0,16254.0,16188.25,16234.75,16234.75,16323.287645156423,16146.212354843577,16146.212354843577,44.268822578211676,88.53764515642251,1770.7529031284503,target
2021-11-26 12:40:00-05:00,2021-11-26 13:00:00-05:00,SHORT,16078.0,16139.5,16065.0,16125.0,16125.0,16249.051483367695,16000.948516632305,16000.948516632305,62.025741683847194,124.05148336769525,2481.029667353905,target
2021-11-30 10:00:00-05:00,2021-11-30 11:00:00-05:00,LONG,16332.0,16420.75,16326.25,16408.25,16408.25,16321.468827713674,16495.031172286326,16321.468827713674,43.39058614316293,-86.78117228632618,-1735.6234457265236,stop
2021-12-01 14:40:00-05:00,2021-12-01 15:00:00-05:00,SHORT,16119.5,16209.5,16115.75,16184.75,16184.75,16320.985348421447,16048.514651578553,16134.0,68.1176742107232,50.75,1015.0,force_close
2021-12-02 09:40:00-05:00,2021-12-02 10:40:00-05:00,SHORT,15828.0,15949.5,15786.0,15942.5,15942.5,16055.555662290684,15829.444337709316,15829.444337709316,56.527831145342184,113.05566229068427,2261.1132458136854,target
2021-12-03 12:20:00-05:00,2021-12-03 15:00:00-05:00,SHORT,15585.25,15638.5,15558.25,15627.75,15627.75,15780.969237500653,15474.530762499347,15568.5,76.60961875032659,59.25,1185.0,force_close
2021-12-06 10:00:00-05:00,2021-12-06 12:40:00-05:00,SHORT,15575.0,15705.5,15561.0,15664.0,15664.0,15791.41800897983,15536.58199102017,15791.41800897983,63.70900448991495,-127.41800897983012,-2548.3601795966024,stop
2021-12-13 14:00:00-05:00,2021-12-13 15:00:00-05:00,SHORT,16128.25,16177.5,16127.0,16160.75,16160.75,16249.896518229043,16071.603481770957,16193.5,44.573259114521115,-32.75,-655.0,force_close
2021-12-15 10:40:00-05:00,2021-12-15 11:20:00-05:00,SHORT,15839.75,15906.75,15837.75,15904.0,15904.0,15990.272042701565,15817.727957298435,15817.727957298435,43.13602135078209,86.27204270156471,1725.4408540312943,target
2021-12-15 12:40:00-05:00,2021-12-15 14:20:00-05:00,SHORT,15748.25,15808.25,15738.0,15790.75,15790.75,15888.319680078599,15693.180319921401,15888.319680078599,48.78484003929952,-97.56968007859905,-1951.393601571981,stop
2021-12-17 10:00:00-05:00,2021-12-17 10:40:00-05:00,SHORT,15698.75,15845.5,15654.5,15781.5,15781.5,15908.25437795607,15654.74562204393,15654.74562204393,63.37718897803428,126.75437795606922,2535.0875591213844,target
2021-12-20 09:40:00-05:00,2021-12-20 11:00:00-05:00,SHORT,15587.25,15637.25,15540.5,15629.0,15629.0,15717.275723871535,15540.724276128465,15540.724276128465,44.13786193576749,88.27572387153486,1765.5144774306973,target
2021-12-20 12:00:00-05:00,2021-12-20 15:00:00-05:00,SHORT,15507.5,15576.25,15493.0,15569.0,15569.0,15690.219850793883,15447.780149206117,15599.0,60.609925396941165,-30.0,-600.0,force_close
2021-12-21 10:20:00-05:00,2021-12-21 10:40:00-05:00,SHORT,15666.75,15708.5,15645.0,15705.25,15705.25,15787.976953687146,15622.523046312854,15622.523046312854,41.36347684357279,82.7269536871463,1654.5390737429261,target
2021-12-21 11:00:00-05:00,2021-12-21 11:40:00-05:00,SHORT,15624.25,15681.0,15613.75,15671.25,15671.25,15766.448240679223,15576.051759320777,15766.448240679223,47.59912033961124,-95.19824067922309,-1903.9648135844618,stop
2021-12-23 09:40:00-05:00,2021-12-23 10:20:00-05:00,LONG,16192.5,16239.25,16174.0,16220.0,16220.0,16173.69912644168,16266.30087355832,16266.30087355832,23.150436779160458,46.300873558320745,926.0174711664149,target
2021-12-27 09:40:00-05:00,2021-12-27 10:40:00-05:00,LONG,16363.75,16447.75,16342.0,16434.25,16434.25,16384.788265957835,16483.711734042165,16483.711734042165,24.73086702108285,49.46173404216461,989.2346808432922,target
2021-12-28 10:40:00-05:00,2021-12-28 12:40:00-05:00,LONG,16493.0,16587.25,16490.25,16563.5,16563.5,16484.214272502606,16642.785727497394,16484.214272502606,39.64286374869664,-79.28572749739396,-1585.7145499478793,stop
2021-12-31 12:40:00-05:00,2021-12-31 15:00:00-05:00,SHORT,16351.5,16384.75,16347.0,16380.5,16380.5,16450.889025991222,16310.110974008778,16365.0,35.194512995611454,15.5,310.0,force_close
2022-01-03 09:40:00-05:00,2022-01-03 10:00:00-05:00,LONG,16398.25,16487.0,16373.75,16464.25,16464.25,16405.637100686927,16522.862899313073,16405.637100686927,29.306449656536724,-58.612899313073285,-1172.2579862614657,stop
2022-01-03 10:20:00-05:00,2022-01-03 15:00:00-05:00,SHORT,16315.5,16407.75,16302.5,16388.25,16388.25,16478.531020326067,16297.968979673931,16473.75,45.14051016303422,-85.5,-1710.0,force_close
2022-01-04 11:40:00-05:00,2022-01-04 15:00:00-05:00,SHORT,16206.25,16233.25,16164.75,16228.25,16228.25,16323.808665043285,16132.691334956715,16222.0,47.779332521643006,6.25,125.0,force_close
2022-01-05 10:00:00-05:00,2022-01-05 10:40:00-05:00,SHORT,16154.5,16227.25,16147.25,16214.5,16214.5,16291.275821222036,16137.724178777964,16137.724178777964,38.38791061101813,76.77582122203603,1535.5164244407206,target
2022-01-06 09:40:00-05:00,2022-01-06 10:00:00-05:00,SHORT,15713.75,15845.5,15669.75,15814.5,15814.5,15918.006959419909,15710.993040580091,15710.993040580091,51.75347970995431,103.50695941990853,2070.1391883981705,target
2022-01-06 10:40:00-05:00,2022-01-06 15:00:00-05:00,SHORT,15687.5,15835.5,15664.75,15812.0,15812.0,15958.588480264409,15665.411519735591,15818.75,73.29424013220468,-6.75,-135.0,force_close
2022-01-07 11:40:00-05:00,2022-01-07 15:00:00-05:00,SHORT,15542.0,15628.0,15535.5,15603.75,15603.75,15748.22415417695,15459.27584582305,15636.5,72.23707708847532,-32.75,-655.0,force_close
2022-01-10 11:20:00-05:00,2022-01-10 14:00:00-05:00,SHORT,15195.0,15295.5,15175.0,15288.0,15288.0,15415.259344252283,15160.740655747717,15415.259344252283,63.629672126141536,-127.25934425228297,-2545.1868850456594,stop
2022-01-11 11:20:00-05:00,2022-01-11 15:00:00-05:00,LONG,15567.0,15756.75,15555.25,15741.25,15741.25,15605.284766968296,15877.215233031704,15812.0,67.98261651585226,70.75,1415.0,force_close
2022-01-13 11:40:00-05:00,2022-01-13 12:20:00-05:00,SHORT,15745.5,15832.0,15733.25,15824.0,15824.0,15927.761421847574,15720.238578152426,15720.238578152426,51.880710923787184,103.76142184757373,2075.2284369514746,target
2022-01-14 09:40:00-05:00,2022-01-14 15:00:00-05:00,SHORT,15383.75,15518.5,15355.0,15507.5,15507.5,15621.043157373404,15393.956842626596,15497.75,56.77157868670177,9.75,195.0,force_close
2022-01-18 10:00:00-05:00,2022-01-18 10:20:00-05:00,SHORT,15293.75,15377.25,15272.75,15331.0,15331.0,15434.384420360744,15227.615579639256,15434.384420360744,51.692210180372406,-103.38442036074412,-2067.6884072148823,stop
2022-01-19 12:00:00-05:00,2022-01-19 15:00:00-05:00,SHORT,15141.75,15206.75,15115.75,15195.0,15195.0,15322.411208800273,15067.588791199727,15182.75,63.70560440013669,12.25,245.0,force_close
2022-01-21 09:40:00-05:00,2022-01-21 10:00:00-05:00,SHORT,14692.75,14821.25,14678.25,14748.25,14748.25,14865.89260491289,14630.60739508711,14630.60739508711,58.821302456444755,117.64260491288951,2352.85209825779,target
2022-01-21 10:40:00-05:00,2022-01-21 15:00:00-05:00,SHORT,14584.0,14782.0,14530.0,14700.0,14700.0,14862.035095843155,14537.964904156845,14511.25,81.01754792157767,188.75,3775.0,force_close
2022-01-24 10:40:00-05:00,2022-01-24 12:00:00-05:00,SHORT,13977.25,14169.75,13975.25,14109.5,14109.5,14294.40551353289,13924.59448646711,13924.59448646711,92.45275676644573,184.90551353289084,3698.1102706578167,target
2022-02-03 09:40:00-05:00,2022-02-03 10:20:00-05:00,SHORT,14697.5,14800.75,14675.0,14796.5,14796.5,14897.899046916269,14695.100953083731,14695.100953083731,50.699523458134635,101.39904691626907,2027.9809383253814,target
2022-02-08 09:40:00-05:00,2022-02-08 10:20:00-05:00,SHORT,14511.75,14584.0,14498.5,14566.75,14566.75,14648.453769912978,14485.046230087022,14485.046230087022,40.85188495648908,81.7037699129778,1634.075398259556,target
2022-02-10 09:40:00-05:00,2022-02-10 10:00:00-05:00,SHORT,14746.25,14835.5,14725.75,14825.5,14825.5,14926.093355301382,14724.906644698618,14926.093355301382,50.29667765069085,-100.59335530138196,-2011.8671060276392,stop
2022-02-10 10:40:00-05:00,2022-02-10 11:20:00-05:00,LONG,14922.0,15012.75,14906.25,15008.75,15008.75,14883.861114578303,15133.638885421697,14883.861114578303,62.44444271084832,-124.88888542169661,-2497.7777084339323,stop
2022-02-10 12:00:00-05:00,2022-02-10 13:00:00-05:00,LONG,14866.75,14965.5,14861.0,14954.75,14954.75,14813.596328182812,15095.903671817188,14813.596328182812,70.5768359085938,-141.1536718171883,-2823.073436343766,stop
2022-02-11 10:40:00-05:00,2022-02-11 11:20:00-05:00,SHORT,14623.5,14697.25,14611.0,14684.5,14684.5,14805.10907242162,14563.89092757838,14563.89092757838,60.304536210809545,120.6090724216192,2412.181448432384,target
2022-02-11 14:20:00-05:00,2022-02-11 15:00:00-05:00,SHORT,14322.75,14394.75,14277.5,14362.5,14362.5,14520.361608349911,14204.638391650089,14262.75,78.9308041749551,99.75,1995.0,force_close
2022-02-16 14:20:00-05:00,2022-02-16 14:40:00-05:00,SHORT,14422.0,14513.75,14389.25,14491.0,14491.0,14591.147722562333,14390.852277437667,14591.147722562333,50.073861281166444,-100.147722562333,-2002.95445124666,stop
2022-02-18 10:00:00-05:00,2022-02-18 10:40:00-05:00,SHORT,14130.25,14223.25,14085.5,14184.25,14184.25,14288.16312238014,14080.33687761986,14080.33687761986,51.956561190069735,103.91312238013961,2078.2624476027922,target
2022-02-22 10:00:00-05:00,2022-02-22 11:40:00-05:00,LONG,13903.75,14098.75,13886.0,14020.75,14020.75,13885.335348989584,14156.164651010416,13885.335348989584,67.70732550520812,-135.4146510104165,-2708.29302020833,stop
2022-02-24 09:40:00-05:00,2022-02-24 10:40:00-05:00,SHORT,13128.0,13307.25,13055.75,13305.0,13305.0,13472.875763460603,13137.124236539397,13472.875763460603,83.93788173030102,-167.87576346060268,-3357.5152692120537,stop
2022-02-28 10:00:00-05:00,2022-02-28 11:40:00-05:00,LONG,14067.0,14149.75,14024.75,14143.75,14143.75,14009.345349928462,14278.154650071538,14278.154650071538,67.20232503576845,134.40465007153762,2688.0930014307523,target
2022-03-02 10:00:00-05:00,2022-03-02 10:40:00-05:00,LONG,14020.5,14132.0,14010.5,14078.0,14078.0,13957.3009195858,14198.6990804142,13957.3009195858,60.349540207100745,-120.69908041420058,-2413.9816082840116,stop
2022-03-04 09:40:00-05:00,2022-03-04 10:20:00-05:00,SHORT,13902.75,13998.25,13897.5,13948.0,13948.0,14068.899086060648,13827.100913939352,13827.100913939352,60.449543030323966,120.89908606064819,2417.9817212129637,target
2022-03-04 12:20:00-05:00,2022-03-04 15:00:00-05:00,SHORT,13790.25,13891.25,13761.75,13866.75,13866.75,14017.397386789873,13716.102613210127,13746.0,75.32369339493643,120.75,2415.0,force_close
2022-03-07 11:20:00-05:00,2022-03-07 13:20:00-05:00,SHORT,13561.75,13646.0,13550.25,13627.25,13627.25,13768.188515534175,13486.311484465825,13486.311484465825,70.46925776708781,140.93851553417517,2818.7703106835033,target
2022-03-08 12:20:00-05:00,2022-03-08 14:20:00-05:00,LONG,13221.75,13550.75,13210.25,13538.75,13538.75,13297.56267890282,13779.93732109718,13297.56267890282,120.59366054859048,-241.18732109718076,-4823.746421943615,stop
2022-03-15 10:40:00-04:00,2022-03-15 15:00:00-04:00,LONG,13200.5,13305.75,13193.5,13297.25,13297.25,13168.695841948145,13425.804158051855,13374.0,64.27707902592724,76.75,1535.0,force_close
2022-03-18 09:40:00-04:00,2022-03-18 10:00:00-04:00,LONG,13997.75,14081.25,13989.0,14055.5,14055.5,13978.55098666854,14132.44901333146,14132.44901333146,38.4745066657295,76.94901333145935,1538.980266629187,target
2022-03-21 09:40:00-04:00,2022-03-21 10:00:00-04:00,LONG,14377.75,14429.75,14355.75,14424.5,14424.5,14355.635353741183,14493.364646258817,14355.635353741183,34.43232312940854,-68.86464625881672,-1377.2929251763344,stop
2022-03-21 11:00:00-04:00,2022-03-21 12:00:00-04:00,LONG,14283.5,14361.25,14265.0,14346.5,14346.5,14243.304569403424,14449.695430596576,14449.695430596576,51.59771529828814,103.19543059657553,2063.9086119315107,target
2022-03-22 10:20:00-04:00,2022-03-22 11:20:00-04:00,LONG,14468.0,14574.75,14465.5,14567.25,14567.25,14475.870616428258,14658.629383571742,14658.629383571742,45.68969178587118,91.37938357174244,1827.5876714348487,target
2022-03-23 10:20:00-04:00,2022-03-23 12:20:00-04:00,LONG,14493.0,14598.0,14460.5,14579.0,14579.0,14494.917667095846,14663.082332904154,14663.082332904154,42.04116645207681,84.0823329041541,1681.646658083082,target
2022-03-25 12:20:00-04:00,2022-03-25 15:00:00-04:00,SHORT,14606.5,14664.0,14580.75,14657.25,14657.25,14768.637274022805,14545.862725977195,14740.75,55.69363701140238,-83.5,-1670.0,force_close
2022-03-28 09:40:00-04:00,2022-03-28 10:40:00-04:00,LONG,14759.75,14866.25,14740.75,14860.5,14860.5,14780.783730744704,14940.216269255296,14780.783730744704,39.85813462764799,-79.71626925529563,-1594.3253851059126,stop
2022-04-01 11:00:00-04:00,2022-04-01 11:40:00-04:00,SHORT,14851.25,14901.25,14822.75,14891.75,14891.75,14981.78592881369,14801.71407118631,14801.71407118631,45.01796440684467,90.03592881368968,1800.7185762737936,target
2022-04-01 14:20:00-04:00,2022-04-01 15:00:00-04:00,SHORT,14763.5,14818.0,14753.25,14804.25,14804.25,14903.798718753937,14704.701281246063,14811.75,49.77435937696804,-7.5,-150.0,force_close
2022-04-04 10:00:00-04:00,2022-04-04 12:00:00-04:00,LONG,14959.25,15054.25,14954.5,15045.25,15045.25,14970.73472487221,15119.76527512779,15119.76527512779,37.25763756389483,74.51527512778921,1490.3055025557842,target
2022-04-05 11:00:00-04:00,2022-04-05 12:20:00-04:00,SHORT,14924.25,14988.25,14910.75,14964.5,14964.5,15052.163256775964,14876.836743224036,14876.836743224036,43.831628387982036,87.66325677596433,1753.2651355192866,target
2022-04-06 14:40:00-04:00,2022-04-06 15:00:00-04:00,SHORT,14404.75,14577.0,14396.75,14512.5,14512.5,14653.370284289664,14371.629715710336,14601.5,70.43514214483154,-89.0,-1780.0,force_close
2022-04-07 09:40:00-04:00,2022-04-07 10:00:00-04:00,LONG,14477.75,14580.5,14452.75,14561.75,14561.75,14475.376187978693,14648.123812021307,14475.376187978693,43.18690601065335,-86.37381202130746,-1727.4762404261492,stop
2022-04-08 11:00:00-04:00,2022-04-08 14:40:00-04:00,SHORT,14408.0,14472.75,14354.0,14470.75,14470.75,14576.953165127848,14364.546834872152,14364.546834872152,53.101582563923934,106.20316512784848,2124.0633025569696,target
2022-04-13 10:20:00-04:00,2022-04-13 12:40:00-04:00,LONG,14011.75,14091.0,13991.25,14084.25,14084.25,13981.469690876198,14187.030309123802,14187.030309123802,51.390154561901404,102.780309123802,2055.60618247604,target
2022-04-14 14:00:00-04:00,2022-04-14 15:00:00-04:00,SHORT,13996.75,14033.5,13988.5,14026.5,14026.5,14114.115956010246,13938.884043989754,13940.0,43.8079780051226,86.5,1730.0,force_close
2022-04-19 10:00:00-04:00,2022-04-19 10:40:00-04:00,LONG,13846.5,14020.25,13831.25,14016.25,14016.25,13910.571659355079,14121.928340644921,14121.928340644921,52.839170322460895,105.67834064492126,2113.5668128984253,target
2022-04-25 10:20:00-04:00,2022-04-25 10:40:00-04:00,SHORT,13248.75,13347.5,13243.75,13316.75,13316.75,13439.5690057929,13193.9309942071,13439.5690057929,61.40950289645053,-122.8190057929005,-2456.38011585801,stop
2022-04-26 12:20:00-04:00,2022-04-26 15:00:00-04:00,SHORT,13104.25,13176.25,13100.0,13160.0,13160.0,13271.015509816742,13048.984490183258,13195.75,55.507754908371155,-35.75,-715.0,force_close
2022-04-27 09:40:00-04:00,2022-04-27 10:00:00-04:00,SHORT,13010.0,13140.25,13002.75,13133.0,13133.0,13249.99666137141,13016.00333862859,13249.99666137141,58.49833068570523,-116.99666137140957,-2339.9332274281915,stop
2022-04-28 11:20:00-04:00,2022-04-28 13:00:00-04:00,LONG,13106.0,13215.0,13088.25,13212.0,13212.0,13068.161518862871,13355.838481137129,13355.838481137129,71.91924056856404,143.83848113712884,2876.7696227425768,target
2022-04-29 10:00:00-04:00,2022-04-29 10:20:00-04:00,LONG,13314.25,13435.5,13256.25,13421.75,13421.75,13295.299617672676,13548.200382327324,13295.299617672676,63.22519116366194,-126.4503823273244,-2529.007646546488,stop
2022-05-02 10:00:00-04:00,2022-05-02 13:20:00-04:00,SHORT,12807.5,12976.0,12760.25,12921.5,12921.5,13059.273273736802,12783.726726263198,12783.726726263198,68.88663686840161,137.77327373680237,2755.4654747360473,target
2022-05-04 12:00:00-04:00,2022-05-04 12:40:00-04:00,SHORT,12910.5,12980.0,12905.75,12962.25,12962.25,13052.905741820221,12871.594258179779,13052.905741820221,45.32787091011044,-90.65574182022101,-1813.1148364044202,stop
2022-05-09 12:20:00-04:00,2022-05-09 14:00:00-04:00,SHORT,12326.75,12421.75,12269.75,12400.5,12400.5,12554.505842622113,12246.494157377887,12246.494157377887,77.00292131105643,154.00584262211305,3080.116852442261,target
2022-05-10 11:40:00-04:00,2022-05-10 14:00:00-04:00,SHORT,12255.0,12311.25,12167.0,12304.0,12304.0,12470.173434042543,12137.826565957457,12470.173434042543,83.08671702127096,-166.1734340425428,-3323.468680850856,stop
2022-05-11 09:20:00-04:00,2022-05-11 10:00:00-04:00,SHORT,12136.0,12258.25,12127.0,12251.0,12251.0,12391.748218224662,12110.251781775338,12391.748218224662,70.37410911233076,-140.7482182246622,-2814.964364493244,stop
2022-05-12 10:20:00-04:00,2022-05-12 14:00:00-04:00,SHORT,11794.5,11991.5,11740.25,11957.25,11957.25,12148.260703637281,11766.239296362719,11766.239296362719,95.50535181864059,191.01070363728104,3820.214072745621,target
2022-05-13 10:00:00-04:00,2022-05-13 11:40:00-04:00,LONG,12125.25,12281.25,12094.0,12239.75,12239.75,12128.563468871042,12350.936531128958,12350.936531128958,55.59326556447953,111.18653112895845,2223.730622579169,target
2022-05-19 09:40:00-04:00,2022-05-19 10:00:00-04:00,SHORT,11856.25,11978.25,11835.5,11958.0,11958.0,12078.150195002763,11837.849804997237,11837.849804997237,60.07509750138159,120.15019500276321,2403.0039000552642,target
2022-05-24 10:40:00-04:00,2022-05-24 12:20:00-04:00,SHORT,11584.25,11666.75,11580.75,11636.75,11636.75,11740.46820816649,11533.03179183351,11740.46820816649,51.85910408324486,-103.71820816649051,-2074.3641633298103,stop
2022-05-26 09:40:00-04:00,2022-05-26 10:20:00-04:00,LONG,11929.25,12058.75,11896.5,12032.25,12032.25,11929.337287322507,12135.162712677493,12135.162712677493,51.456356338746566,102.91271267749289,2058.254253549858,target
2022-05-31 11:40:00-04:00,2022-05-31 12:20:00-04:00,SHORT,12581.5,12632.25,12562.75,12630.75,12630.75,12751.546569338872,12509.953430661128,12751.546569338872,60.39828466943656,-120.79656933887236,-2415.931386777447,stop
2022-06-01 14:40:00-04:00,2022-06-01 15:00:00-04:00,SHORT,12569.0,12655.0,12558.25,12627.75,12627.75,12753.960090224686,12501.539909775314,12613.0,63.10504511234306,14.75,295.0,force_close
2022-06-02 12:40:00-04:00,2022-06-02 15:00:00-04:00,LONG,12728.0,12797.75,12719.75,12793.5,12793.5,12672.31126663538,12914.68873336462,12820.25,60.59436668230932,26.75,535.0,force_close
2022-06-03 11:40:00-04:00,2022-06-03 15:00:00-04:00,SHORT,12526.75,12576.75,12500.75,12558.5,12558.5,12673.624685666917,12443.375314333083,12579.0,57.56234283345875,-20.5,-410.0,force_close
2022-06-07 10:40:00-04:00,2022-06-07 15:00:00-04:00,LONG,12518.25,12672.0,12505.75,12661.5,12661.5,12547.715164309127,12775.284835690873,12668.5,56.892417845436334,7.0,140.0,force_close
2022-06-08 14:00:00-04:00,2022-06-08 15:00:00-04:00,SHORT,12579.75,12645.25,12577.5,12632.5,12632.5,12740.326508120925,12524.673491879075,12615.0,53.91325406046275,17.5,350.0,force_close
2022-06-13 12:40:00-04:00,2022-06-13 13:20:00-04:00,SHORT,11454.75,11561.0,11446.0,11551.25,11551.25,11681.755701752416,11420.744298247584,11420.744298247584,65.25285087620783,130.50570175241592,2610.1140350483183,target
2022-06-16 11:20:00-04:00,2022-06-16 15:00:00-04:00,SHORT,11141.75,11230.0,11136.5,11202.0,11202.0,11332.08845713042,11071.91154286958,11094.0,65.04422856520948,108.0,2160.0,force_close
2022-06-21 09:40:00-04:00,2022-06-21 10:20:00-04:00,LONG,11477.5,11583.25,11469.25,11576.0,11576.0,11504.781460800912,11647.218539199088,11647.218539199088,35.60926959954418,71.2185391990879,1424.370783981758,target
2022-06-22 09:40:00-04:00,2022-06-22 10:00:00-04:00,LONG,11434.5,11529.0,11433.25,11490.5,11490.5,11411.49278620319,11569.50721379681,11569.50721379681,39.503606898405806,79.0072137968109,1580.144275936218,target
2022-06-22 10:40:00-04:00,2022-06-22 12:00:00-04:00,LONG,11661.75,11748.0,11649.0,11742.0,11742.0,11629.370681956416,11854.629318043584,11629.370681956416,56.314659021792124,-112.62931804358414,-2252.5863608716827,stop
2022-06-24 09:40:00-04:00,2022-06-24 10:00:00-04:00,LONG,11844.25,11925.0,11836.25,11918.25,11918.25,11851.82407327371,11984.67592672629,11984.67592672629,33.212963363145136,66.42592672628962,1328.5185345257923,target
2022-06-24 10:20:00-04:00,2022-06-24 15:00:00-04:00,LONG,11953.25,12084.75,11951.75,12048.0,12048.0,11960.415910118658,12135.584089881342,12056.0,43.79204494067107,8.0,160.0,force_close
2022-06-29 10:00:00-04:00,2022-06-29 15:00:00-04:00,SHORT,11593.75,11721.0,11562.0,11690.25,11690.25,11794.412398837341,11586.087601162659,11661.5,52.081199418670685,28.75,575.0,force_close
2022-07-01 10:00:00-04:00,2022-07-01 10:40:00-04:00,SHORT,11444.75,11602.0,11437.75,11556.0,11556.0,11666.8507411136,11445.1492588864,11445.1492588864,55.42537055679998,110.85074111359972,2217.0148222719945,target
2022-07-05 10:00:00-04:00,2022-07-05 10:40:00-04:00,SHORT,11396.5,11487.75,11387.75,11449.75,11449.75,11537.404099285248,11362.095900714752,11537.404099285248,43.827049642623805,-87.65409928524787,-1753.0819857049573,stop
2022-07-05 12:00:00-04:00,2022-07-05 13:40:00-04:00,LONG,11496.0,11590.25,11495.0,11569.5,11569.5,11447.978653489814,11691.021346510186,11691.021346510186,60.76067325509346,121.52134651018605,2430.426930203721,target
2022-07-05 14:40:00-04:00,2022-07-05 15:00:00-04:00,LONG,11687.25,11784.5,11673.0,11783.75,11783.75,11654.105989749158,11913.394010250842,11757.5,64.8220051254214,-26.25,-525.0,force_close
2022-07-07 09:40:00-04:00,2022-07-07 11:00:00-04:00,LONG,11917.5,12009.25,11910.5,11993.75,11993.75,11921.760526438138,12065.739473561862,12065.739473561862,35.99473678093131,71.98947356186181,1439.7894712372363,target
2022-07-11 10:20:00-04:00,2022-07-11 13:40:00-04:00,SHORT,11880.0,11924.25,11850.25,11899.5,11899.5,11984.165683989988,11814.834316010012,11984.165683989988,42.33284199499388,-84.66568398998788,-1693.3136797997577,stop
2022-07-12 09:40:00-04:00,2022-07-12 10:00:00-04:00,LONG,11925.75,12028.0,11921.0,12008.25,12008.25,11928.53530129524,12087.96469870476,11928.53530129524,39.857349352379984,-79.71469870475994,-1594.2939740951988,stop
2022-07-13 09:00:00-04:00,2022-07-13 10:00:00-04:00,SHORT,11512.25,11575.0,11477.0,11560.0,11560.0,11687.811350611726,11432.188649388274,11687.811350611726,63.90567530586271,-127.81135061172608,-2556.2270122345217,stop
2022-07-13 10:40:00-04:00,2022-07-13 15:00:00-04:00,SHORT,11604.25,11734.0,11597.5,11724.0,11724.0,11885.2727412735,11562.7272587265,11841.0,80.63637063675047,-117.0,-2340.0,force_close
2022-07-14 14:20:00-04:00,2022-07-14 15:00:00-04:00,LONG,11725.25,11787.0,11718.5,11775.75,11775.75,11667.705992348901,11883.794007651099,11802.75,54.02200382554929,27.0,540.0,force_close
2022-07-19 10:00:00-04:00,2022-07-19 11:00:00-04:00,LONG,12028.0,12077.25,11990.5,12065.75,12065.75,11992.463530284807,12139.036469715193,12139.036469715193,36.64323485759611,73.28646971519265,1465.729394303853,target
2022-07-20 10:20:00-04:00,2022-07-20 10:40:00-04:00,LONG,12283.5,12345.75,12269.75,12329.0,12329.0,12251.341983392498,12406.658016607502,12406.658016607502,38.829008303751216,77.65801660750185,1553.160332150037,target
2022-07-21 11:00:00-04:00,2022-07-21 12:20:00-04:00,LONG,12430.5,12484.5,12411.75,12475.5,12475.5,12362.910847524028,12588.089152475972,12588.089152475972,56.294576237986306,112.58915247597179,2251.7830495194357,target
2022-07-25 11:40:00-04:00,2022-07-25 15:00:00-04:00,SHORT,12320.0,12388.75,12314.5,12370.0,12370.0,12462.202359513554,12277.797640486446,12289.5,46.10117975677697,80.5,1610.0,force_close
2022-08-01 09:40:00-04:00,2022-08-01 10:00:00-04:00,LONG,12891.5,12928.75,12849.25,12922.75,12922.75,12866.118626688185,12979.381373311815,12979.381373311815,28.315686655907587,56.63137331181497,1132.6274662362994,target
2022-08-01 11:00:00-04:00,2022-08-01 13:00:00-04:00,LONG,13027.0,13111.25,13019.0,13090.0,13090.0,12998.498212901948,13181.501787098052,12998.498212901948,45.75089354902584,-91.50178709805186,-1830.0357419610373,stop
2022-08-02 09:40:00-04:00,2022-08-02 10:20:00-04:00,LONG,12860.25,12928.0,12850.5,12919.75,12919.75,12855.840465967112,12983.659534032888,12855.840465967112,31.95476701644424,-63.90953403288768,-1278.1906806577535,stop
2022-08-05 09:40:00-04:00,2022-08-05 10:20:00-04:00,SHORT,13132.5,13209.5,13104.75,13192.75,13192.75,13280.994406936641,13104.505593063359,13280.994406936641,44.12220346832076,-88.2444069366411,-1764.888138732822,stop
2022-08-08 09:40:00-04:00,2022-08-08 10:00:00-04:00,LONG,13277.75,13338.5,13229.5,13335.25,13335.25,13259.02655182854,13411.47344817146,13411.47344817146,38.111724085730465,76.2234481714604,1524.468963429208,target
2022-08-09 11:20:00-04:00,2022-08-09 12:40:00-04:00,SHORT,13024.25,13064.0,12981.25,13051.5,13051.5,13139.292381566183,12963.707618433817,12963.707618433817,43.89619078309149,87.7923815661834,1755.8476313236679,target
2022-08-09 14:00:00-04:00,2022-08-09 15:00:00-04:00,SHORT,12988.5,13034.5,12970.75,13022.75,13022.75,13107.71757580969,12937.78242419031,13030.0,42.48378790484456,-7.25,-145.0,force_close
2022-08-15 09:40:00-04:00,2022-08-15 12:00:00-04:00,LONG,13520.0,13608.75,13518.5,13586.25,13586.25,13528.341733479201,13644.158266520799,13644.158266520799,28.95413326039952,57.90826652079886,1158.1653304159772,target
2022-08-16 11:00:00-04:00,2022-08-16 11:40:00-04:00,SHORT,13534.25,13586.5,13524.0,13556.0,13556.0,13625.975217930447,13486.024782069553,13625.975217930447,34.98760896522321,-69.97521793044689,-1399.5043586089378,stop
2022-08-17 12:40:00-04:00,2022-08-17 14:20:00-04:00,SHORT,13446.0,13496.5,13439.75,13484.5,13484.5,13570.839339326436,13398.160660673564,13570.839339326436,43.16966966321792,-86.33933932643595,-1726.786786528719,stop
2022-08-19 14:00:00-04:00,2022-08-19 15:00:00-04:00,SHORT,13241.0,13283.0,13239.5,13276.5,13276.5,13352.445038451757,13200.554961548243,13252.25,37.97251922587803,24.25,485.0,force_close
2022-08-23 10:00:00-04:00,2022-08-23 15:00:00-04:00,SHORT,12908.0,12987.5,12863.5,12946.5,12946.5,13025.482605617042,12867.517394382958,12931.0,39.49130280852132,15.5,310.0,force_close
2022-08-24 10:20:00-04:00,2022-08-24 12:00:00-04:00,LONG,12901.5,12943.75,12874.0,12939.75,12939.75,12873.819397072855,13005.680602927145,13005.680602927145,32.96530146357251,65.93060292714472,1318.6120585428944,target
2022-08-29 09:40:00-04:00,2022-08-29 11:00:00-04:00,SHORT,12502.25,12599.25,12476.5,12561.25,12561.25,12642.302646765398,12480.197353234602,12480.197353234602,40.52632338269861,81.0526467653981,1621.052935307962,target
2022-09-01 14:40:00-04:00,2022-09-01 15:00:00-04:00,LONG,12119.25,12223.25,12118.0,12194.0,12194.0,12084.657623338308,12303.342376661692,12192.5,54.67118833084597,-1.5,-30.0,force_close
2022-09-06 11:00:00-04:00,2022-09-06 13:20:00-04:00,SHORT,12025.25,12127.0,12020.5,12105.5,12105.5,12215.485555404679,11995.514444595321,11995.514444595321,54.99277770233918,109.98555540467896,2199.7111080935792,target
2022-09-07 09:40:00-04:00,2022-09-07 13:20:00-04:00,LONG,12035.75,12121.0,12022.75,12103.75,12103.75,12023.40937810172,12184.09062189828,12184.09062189828,40.17031094914023,80.34062189828,1606.8124379656,target
2022-09-07 14:40:00-04:00,2022-09-07 15:00:00-04:00,LONG,12209.5,12267.25,12205.75,12259.5,12259.5,12162.425285366988,12356.574714633012,12269.5,48.537357316505734,10.0,200.0,force_close
2022-09-13 12:20:00-04:00,2022-09-13 15:00:00-04:00,SHORT,12274.75,12322.5,12260.5,12307.75,12307.75,12426.283097016994,12189.216902983006,12214.5,59.26654850849743,93.25,1865.0,force_close
2022-09-14 10:00:00-04:00,2022-09-14 10:40:00-04:00,SHORT,12124.75,12216.5,12104.0,12190.75,12190.75,12283.459329134896,12098.040670865104,12098.040670865104,46.35466456744807,92.7093291348956,1854.186582697912,target
2022-09-15 10:00:00-04:00,2022-09-15 10:40:00-04:00,SHORT,12130.25,12222.5,12124.5,12203.0,12203.0,12278.031382950861,12127.968617049139,12127.968617049139,37.515691475430934,75.03138295086137,1500.6276590172274,target
2022-09-16 10:20:00-04:00,2022-09-16 15:00:00-04:00,SHORT,11791.25,11888.25,11785.75,11851.0,11851.0,11930.386758501514,11771.613241498486,11892.0,39.69337925075733,-41.0,-820.0,force_close
2022-09-19 10:00:00-04:00,2022-09-19 15:00:00-04:00,LONG,11869.5,11933.0,11862.0,11914.0,11914.0,11842.93081283556,11985.06918716444,11946.25,35.53459358221986,32.25,645.0,force_close
2022-09-20 11:00:00-04:00,2022-09-20 13:40:00-04:00,SHORT,11912.75,11968.25,11906.5,11955.0,11955.0,12030.399362712704,11879.600637287296,11879.600637287296,37.69968135635205,75.3993627127038,1507.987254254076,target
2022-09-20 14:20:00-04:00,2022-09-20 15:00:00-04:00,SHORT,11834.75,11882.75,11830.25,11878.25,11878.25,11970.178222223654,11786.321777776346,11904.75,45.96411111182704,-26.5,-530.0,force_close
2022-09-21 14:40:00-04:00,2022-09-21 15:00:00-04:00,LONG,11822.0,11998.75,11809.25,11948.75,11948.75,11821.671380914027,12075.828619085973,12075.75,63.539309542986494,127.0,2540.0,force_close
2022-09-26 14:20:00-04:00,2022-09-26 15:00:00-04:00,SHORT,11300.75,11375.75,11291.5,11356.0,11356.0,11481.780022185982,11230.219977814018,11380.25,62.890011092990456,-24.25,-485.0,force_close
2022-09-27 09:40:00-04:00,2022-09-27 10:00:00-04:00,LONG,11475.25,11555.75,11455.0,11550.75,11550.75,11469.467534212536,11632.032465787464,11469.467534212536,40.64123289373203,-81.28246578746439,-1625.6493157492878,stop
2022-09-29 14:40:00-04:00,2022-09-29 15:00:00-04:00,SHORT,11094.25,11162.0,11089.25,11145.25,11145.25,11259.099511659273,11031.400488340727,11107.25,56.924755829636744,38.0,760.0,force_close
2022-09-30 10:00:00-04:00,2022-09-30 11:20:00-04:00,SHORT,11164.5,11268.5,11143.5,11228.25,11228.25,11347.280307490833,11109.219692509167,11347.280307490833,59.51515374541642,-119.03030749083337,-2380.6061498166673,stop
2022-10-03 10:20:00-04:00,2022-10-03 13:40:00-04:00,LONG,11091.0,11185.75,11084.25,11160.0,11160.0,11057.02625460424,11262.97374539576,11262.97374539576,51.48687269788014,102.97374539576049,2059.4749079152098,target
2022-10-04 09:40:00-04:00,2022-10-04 10:20:00-04:00,LONG,11512.75,11576.25,11497.0,11571.25,11571.25,11503.481284010688,11639.018715989312,11639.018715989312,33.88435799465564,67.76871598931211,1355.3743197862423,target
2022-10-05 11:20:00-04:00,2022-10-05 12:20:00-04:00,SHORT,11380.25,11428.75,11373.25,11424.75,11424.75,11511.943622339018,11337.556377660982,11511.943622339018,43.596811169509465,-87.19362233901848,-1743.8724467803695,stop
2022-10-06 09:40:00-04:00,2022-10-06 10:20:00-04:00,LONG,11594.25,11691.0,11572.25,11688.75,11688.75,11600.392287496034,11777.107712503966,11600.392287496034,44.17885625198364,-88.35771250396647,-1767.1542500793294,stop
2022-10-06 11:00:00-04:00,2022-10-06 15:00:00-04:00,LONG,11556.75,11646.25,11555.0,11640.0,11640.0,11529.311195157596,11750.688804842404,11554.5,55.344402421202226,-85.5,-1710.0,force_close
2022-10-10 14:00:00-04:00,2022-10-10 15:00:00-04:00,SHORT,10969.75,11070.5,10950.75,11036.0,11036.0,11145.56840619037,10926.43159380963,11003.5,54.78420309518496,32.5,650.0,force_close
2022-10-11 11:20:00-04:00,2022-10-11 12:00:00-04:00,SHORT,10845.0,10925.5,10840.75,10895.75,10895.75,10996.81523008497,10794.68476991503,10996.81523008497,50.53261504248496,-101.06523008497061,-2021.3046016994122,stop
2022-10-12 11:20:00-04:00,2022-10-12 15:00:00-04:00,SHORT,10839.25,10897.0,10829.25,10885.5,10885.5,10997.40107962968,10773.59892037032,10857.5,55.95053981484074,28.0,560.0,force_close
2022-10-13 10:00:00-04:00,2022-10-13 11:20:00-04:00,SHORT,10513.5,10632.25,10488.5,10614.5,10614.5,10755.604041340832,10473.395958659168,10755.604041340832,70.5520206704158,-141.10404134083183,-2822.0808268166365,stop
2022-10-20 10:00:00-04:00,2022-10-20 10:20:00-04:00,LONG,11108.25,11232.0,11088.75,11202.75,11202.75,11088.43530123785,11317.06469876215,11317.06469876215,57.15734938107504,114.31469876214942,2286.2939752429884,target
2022-10-21 10:00:00-04:00,2022-10-21 13:20:00-04:00,LONG,11057.75,11158.25,11004.25,11153.75,11153.75,11045.832421163048,11261.667578836952,11261.667578836952,53.95878941847587,107.91757883695209,2158.351576739042,target
2022-10-25 09:20:00-04:00,2022-10-25 10:00:00-04:00,LONG,11475.0,11521.25,11474.5,11516.25,11516.25,11453.626063452792,11578.873936547208,11578.873936547208,31.311968273603814,62.62393654720836,1252.4787309441672,target
2022-10-26 10:20:00-04:00,2022-10-26 11:00:00-04:00,LONG,11480.75,11574.75,11479.75,11569.5,11569.5,11485.29181291062,11653.70818708938,11653.70818708938,42.10409354469022,84.20818708937986,1684.1637417875972,target
2022-10-28 10:00:00-04:00,2022-10-28 11:00:00-04:00,LONG,11332.0,11348.75,11307.75,11320.75,11320.75,11213.896691171896,11427.603308828104,11427.603308828104,53.426654414051896,106.85330882810376,2137.0661765620753,target
2022-11-01 12:00:00-04:00,2022-11-01 15:00:00-04:00,SHORT,11342.25,11376.75,11323.5,11365.75,11365.75,11461.501728614214,11269.998271385786,11370.25,47.87586430710696,-4.5,-90.0,force_close
2022-11-04 12:20:00-04:00,2022-11-04 15:00:00-04:00,SHORT,10704.25,10798.0,10676.5,10776.0,10776.0,10931.745581972413,10620.254418027587,10806.5,77.87279098620654,-30.5,-610.0,force_close
2022-11-09 10:20:00-05:00,2022-11-09 11:00:00-05:00,SHORT,10975.5,11051.5,10960.75,11032.25,11032.25,11129.052085866559,10935.447914133441,10935.447914133441,48.40104293327965,96.80208586655863,1936.0417173311725,target
2022-11-11 10:20:00-05:00,2022-11-11 13:40:00-05:00,LONG,11640.5,11748.25,11588.0,11733.0,11733.0,11627.648278542614,11838.351721457386,11838.351721457386,52.67586072869301,105.35172145738579,2107.034429147716,target
2022-11-17 10:20:00-05:00,2022-11-17 13:00:00-05:00,SHORT,11587.25,11665.5,11568.5,11662.0,11662.0,11752.548114035426,11571.451885964574,11752.548114035426,45.27405701771265,-90.5481140354259,-1810.962280708518,stop
2022-11-18 11:20:00-05:00,2022-11-18 12:20:00-05:00,SHORT,11671.0,11714.75,11642.75,11713.0,11713.0,11803.69686298877,11622.30313701123,11622.30313701123,45.348431494385004,90.69686298877059,1813.9372597754118,target
2022-11-22 10:20:00-05:00,2022-11-22 13:20:00-05:00,SHORT,11544.75,11622.25,11537.5,11603.75,11603.75,11675.13888457623,11532.36111542377,11675.13888457623,35.69444228811517,-71.38888457623034,-1427.7776915246068,stop
2022-11-23 12:20:00-05:00,2022-11-23 14:20:00-05:00,LONG,11788.25,11816.0,11780.25,11809.25,11809.25,11733.804351877043,11884.695648122957,11884.695648122957,37.72282406147851,75.44564812295721,1508.9129624591442,target
2022-11-29 11:40:00-05:00,2022-11-29 15:00:00-05:00,SHORT,11472.0,11510.0,11462.75,11502.75,11502.75,11584.190883674675,11421.309116325325,11512.25,40.72044183733749,-9.5,-190.0,force_close
2022-11-30 14:20:00-05:00,2022-11-30 15:00:00-05:00,LONG,11750.75,11919.5,11749.0,11911.0,11911.0,11786.450284064798,12035.549715935202,11895.75,62.27485796760117,-15.25,-305.0,force_close
2022-12-02 09:40:00-05:00,2022-12-02 15:00:00-05:00,SHORT,11833.75,11918.0,11823.0,11903.5,11903.5,11999.794905990244,11807.205094009756,11988.0,48.14745299512173,-84.5,-1690.0,force_close
2022-12-06 12:40:00-05:00,2022-12-06 14:40:00-05:00,SHORT,11579.5,11615.0,11573.75,11599.75,11599.75,11682.081024550682,11517.418975449318,11517.418975449318,41.16551227534071,82.33102455068183,1646.6204910136366,target
2022-12-07 11:00:00-05:00,2022-12-07 15:00:00-05:00,SHORT,11461.25,11573.0,11458.0,11550.75,11550.75,11659.472779966785,11442.027220033215,11502.0,54.36138998339236,48.75,975.0,force_close
2022-12-08 10:00:00-05:00,2022-12-08 10:40:00-05:00,LONG,11510.5,11607.0,11474.5,11598.5,11598.5,11524.737912942144,11672.262087057856,11672.262087057856,36.881043528927854,73.76208705785575,1475.241741157115,target
2022-12-14 09:40:00-05:00,2022-12-14 11:20:00-05:00,LONG,11943.5,12005.75,11919.25,11990.25,11990.25,11929.136518692336,12051.363481307664,12051.363481307664,30.556740653832453,61.11348130766419,1222.2696261532838,target
2022-12-16 09:40:00-05:00,2022-12-16 10:40:00-05:00,SHORT,11381.25,11460.25,11361.0,11416.75,11416.75,11494.339413386453,11339.160586613547,11339.160586613547,38.7947066932266,77.58941338645309,1551.7882677290618,target
2022-12-20 12:00:00-05:00,2022-12-20 15:00:00-05:00,SHORT,11127.75,11181.25,11115.75,11177.5,11177.5,11275.188852765417,11079.811147234583,11175.25,48.84442638270823,2.25,45.0,force_close
2022-12-27 10:20:00-05:00,2022-12-27 15:00:00-05:00,SHORT,10928.5,10985.25,10893.25,10970.25,10970.25,11048.715970958578,10891.784029041422,10924.25,39.23298547928864,46.0,920.0,force_close
2022-12-29 10:00:00-05:00,2022-12-29 10:40:00-05:00,LONG,10925.0,10979.25,10919.75,10961.5,10961.5,10904.419209421552,11018.580790578448,11018.580790578448,28.54039528922374,57.080790578447704,1141.615811568954,target
2022-12-30 10:20:00-05:00,2022-12-30 13:40:00-05:00,SHORT,10912.25,10945.25,10880.5,10941.75,10941.75,11009.542692804647,10873.957307195353,10873.957307195353,33.89634640232351,67.79269280464723,1355.8538560929446,target
2023-01-03 11:00:00-05:00,2023-01-03 12:00:00-05:00,SHORT,10936.0,10980.25,10926.75,10972.0,10972.0,11077.636242568702,10866.363757431298,10866.363757431298,52.818121284350795,105.63624256870207,2112.7248513740415,target
2023-01-04 11:00:00-05:00,2023-01-04 12:00:00-05:00,SHORT,10906.75,10970.5,10891.25,10967.75,10967.75,11065.458988327573,10870.041011672427,11065.458988327573,48.85449416378639,-97.70898832757302,-1954.1797665514605,stop
2023-01-06 10:20:00-05:00,2023-01-06 13:40:00-05:00,LONG,10829.25,10945.0,10813.75,10933.5,10933.5,10808.17391111,11058.82608889,11058.82608889,62.66304444500035,125.32608889000039,2506.521777800008,target
2023-01-10 11:00:00-05:00,2023-01-10 15:00:00-05:00,LONG,11170.75,11222.0,11118.25,11209.5,11209.5,11099.588177967611,11319.411822032389,11246.5,54.95591101619463,37.0,740.0,force_close
2023-01-12 09:00:00-05:00,2023-01-12 09:20:00-05:00,LONG,11443.25,11564.25,11404.75,11544.75,11544.75,11453.829377919199,11635.670622080801,11453.829377919199,45.46031104040058,-90.92062208080097,-1818.4124416160194,stop
2023-01-12 10:20:00-05:00,2023-01-12 15:00:00-05:00,LONG,11356.0,11514.0,11352.5,11498.25,11498.25,11356.958262514323,11639.541737485677,11534.75,70.64586874283843,36.5,730.0,force_close
2023-01-19 09:40:00-05:00,2023-01-19 10:00:00-05:00,SHORT,11384.25,11446.0,11376.0,11442.5,11442.5,11501.1842759854,11383.8157240146,11383.8157240146,29.34213799270044,58.684275985400745,1173.685519708015,target
2023-01-20 10:00:00-05:00,2023-01-20 11:20:00-05:00,LONG,11410.25,11475.5,11409.25,11450.25,11450.25,11389.916443986356,11510.583556013644,11510.583556013644,30.166778006822305,60.33355601364383,1206.6711202728766,target
2023-01-23 09:40:00-05:00,2023-01-23 10:00:00-05:00,LONG,11677.75,11734.25,11669.5,11723.75,11723.75,11669.273421043821,11778.226578956179,11778.226578956179,27.23828947808956,54.476578956178855,1089.531579123577,target
2023-01-23 11:20:00-05:00,2023-01-23 15:00:00-05:00,LONG,11871.75,11953.25,11866.75,11950.25,11950.25,11871.628542180384,12028.871457819616,11893.75,39.310728909807494,-56.5,-1130.0,force_close
2023-01-25 11:20:00-05:00,2023-01-25 13:40:00-05:00,SHORT,11665.0,11736.75,11655.25,11730.25,11730.25,11818.29955657311,11642.20044342689,11818.29955657311,44.02477828655501,-88.04955657311075,-1760.991131462215,stop
2023-01-27 09:40:00-05:00,2023-01-27 10:00:00-05:00,LONG,12037.75,12103.25,12030.25,12087.5,12087.5,12029.598851220147,12145.401148779853,12145.401148779853,28.950574389926437,57.90114877985252,1158.0229755970504,target
2023-01-31 10:20:00-05:00,2023-01-31 15:00:00-05:00,LONG,11998.75,12045.75,11974.5,12037.5,12037.5,11957.239294556326,12117.760705443674,12110.0,40.13035272183679,72.5,1450.0,force_close
2023-02-01 14:40:00-05:00,2023-02-01 15:00:00-05:00,LONG,12166.0,12254.0,12052.75,12240.25,12240.25,12135.66365113594,12344.83634886406,12340.75,52.29317443203037,100.5,2010.0,force_close
2023-02-03 09:40:00-05:00,2023-02-03 10:20:00-05:00,LONG,12587.5,12670.75,12549.0,12666.5,12666.5,12561.903395856056,12771.096604143944,12771.096604143944,52.29830207197233,104.5966041439442,2091.932082878884,target
2023-02-06 11:00:00-05:00,2023-02-06 15:00:00-05:00,SHORT,12486.0,12565.75,12477.5,12558.25,12558.25,12647.913411131045,12468.586588868955,12529.25,44.8317055655225,29.0,580.0,force_close
2023-02-10 09:40:00-05:00,2023-02-10 10:20:00-05:00,SHORT,12329.75,12396.25,12322.5,12359.0,12359.0,12427.779265105137,12290.220734894863,12290.220734894863,34.38963255256848,68.7792651051368,1375.585302102736,target
2023-02-13 10:00:00-05:00,2023-02-13 11:20:00-05:00,LONG,12392.25,12468.0,12385.0,12462.0,12462.0,12394.770239883774,12529.229760116226,12529.229760116226,33.61488005811302,67.22976011622632,1344.5952023245263,target
2023-02-14 10:00:00-05:00,2023-02-14 11:00:00-05:00,LONG,12484.25,12604.0,12460.25,12586.25,12586.25,12467.968627879689,12704.531372120311,12467.968627879689,59.14068606015598,-118.28137212031106,-2365.6274424062212,stop
2023-02-16 09:40:00-05:00,2023-02-16 10:40:00-05:00,SHORT,12524.0,12559.25,12494.0,12549.0,12549.0,12618.713503328436,12479.286496671564,12618.713503328436,34.85675166421803,-69.71350332843576,-1394.2700665687153,stop
2023-02-17 10:20:00-05:00,2023-02-17 11:20:00-05:00,SHORT,12327.25,12395.75,12322.0,12386.0,12386.0,12460.859362807681,12311.140637192319,12311.140637192319,37.429681403840355,74.85936280768146,1497.1872561536293,target
2023-02-17 14:40:00-05:00,2023-02-17 15:00:00-05:00,SHORT,12317.5,12374.75,12316.5,12369.5,12369.5,12453.17477511939,12285.82522488061,12391.5,41.83738755969546,-22.0,-440.0,force_close
2023-02-22 09:40:00-05:00,2023-02-22 10:20:00-05:00,SHORT,12125.5,12156.25,12113.0,12148.25,12148.25,12206.937218714022,12089.562781285978,12089.562781285978,29.343609357011008,58.68721871402158,1173.7443742804317,target
2023-02-22 11:00:00-05:00,2023-02-22 14:20:00-05:00,SHORT,12045.25,12115.25,12043.25,12097.5,12097.5,12177.294503688337,12017.705496311663,12177.294503688337,39.89725184416888,-79.7945036883375,-1595.89007376675,stop
2023-02-24 09:40:00-05:00,2023-02-24 10:00:00-05:00,SHORT,11975.0,12041.5,11972.75,12036.75,12036.75,12104.051438462062,11969.448561537938,11969.448561537938,33.65071923103073,67.30143846206192,1346.0287692412385,target
2023-02-28 11:20:00-05:00,2023-02-28 15:00:00-05:00,LONG,12074.0,12115.75,12072.75,12106.5,12106.5,12037.542912101535,12175.457087898465,12123.25,34.47854394923228,16.75,335.0,force_close
2023-03-01 10:40:00-05:00,2023-03-01 11:20:00-05:00,SHORT,11973.75,12018.5,11951.25,12004.0,12004.0,12082.66442212415,11925.33557787585,11925.33557787585,39.33221106207462,78.6644221241495,1573.28844248299,target
2023-03-01 12:00:00-05:00,2023-03-01 15:00:00-05:00,SHORT,11955.25,12023.5,11950.0,12011.0,12011.0,12101.7780237476,11920.2219762524,11953.25,45.38901187380033,57.75,1155.0,force_close
2023-03-02 14:00:00-05:00,2023-03-02 15:00:00-05:00,LONG,11952.0,12003.75,11938.25,11999.5,11999.5,11923.118074138525,12075.881925861475,12031.0,38.19096293073768,31.5,630.0,force_close
2023-03-07 10:40:00-05:00,2023-03-07 14:00:00-05:00,SHORT,12199.0,12321.25,12191.25,12285.0,12285.0,12364.54572408309,12205.45427591691,12205.45427591691,39.77286204154494,79.54572408308923,1590.9144816617845,target
2023-03-10 11:00:00-05:00,2023-03-10 13:00:00-05:00,SHORT,11959.5,12021.25,11907.75,12015.75,12015.75,12139.593823975927,11891.906176024073,11891.906176024073,61.92191198796331,123.84382397592708,2476.8764795185416,target
2023-03-15 09:40:00-04:00,2023-03-15 14:40:00-04:00,SHORT,12169.75,12278.5,12154.25,12223.25,12223.25,12326.649912347117,12119.850087652883,12326.649912347117,51.69995617355801,-103.3999123471167,-2067.998246942334,stop
2023-03-22 11:40:00-04:00,2023-03-22 12:40:00-04:00,LONG,12909.0,12945.75,12901.75,12942.0,12942.0,12885.691110673486,12998.308889326514,12885.691110673486,28.154444663256953,-56.30888932651396,-1126.1777865302793,stop
2023-03-22 14:20:00-04:00,2023-03-22 14:40:00-04:00,LONG,12920.5,13050.25,12913.5,12982.75,12982.75,12909.425104933813,13056.074895066187,12909.425104933813,36.662447533093236,-73.32489506618731,-1466.4979013237462,stop
2023-03-23 10:20:00-04:00,2023-03-23 11:00:00-04:00,LONG,12889.25,12948.0,12884.25,12931.75,12931.75,12862.87874439258,13000.62125560742,13000.62125560742,34.43562780370987,68.87125560742061,1377.4251121484122,target
2023-03-24 10:00:00-04:00,2023-03-24 11:20:00-04:00,SHORT,12780.75,12833.5,12734.0,12824.0,12824.0,12911.912205604774,12736.087794395226,12736.087794395226,43.956102802387626,87.9122056047745,1758.24411209549,target
2023-03-24 12:00:00-04:00,2023-03-24 15:00:00-04:00,SHORT,12757.75,12837.75,12752.75,12829.75,12829.75,12936.331551867603,12723.168448132397,12851.5,53.29077593380121,-21.75,-435.0,force_close
2023-03-28 10:20:00-04:00,2023-03-28 10:40:00-04:00,SHORT,12694.75,12733.75,12670.5,12727.25,12727.25,12785.951321581148,12668.548678418852,12668.548678418852,29.350660790573812,58.70132158114757,1174.0264316229513,target
2023-03-28 11:20:00-04:00,2023-03-28 14:00:00-04:00,SHORT,12655.5,12710.0,12651.5,12703.5,12703.5,12772.546028977325,12634.453971022675,12634.453971022675,34.52301448866278,69.04602897732548,1380.9205795465095,target
2023-03-30 10:00:00-04:00,2023-03-30 10:20:00-04:00,LONG,13041.75,13083.5,13035.0,13079.5,13079.5,13028.399797698601,13130.600202301399,13028.399797698601,25.550101150699703,-51.100202301398895,-1022.0040460279779,stop
2023-03-30 10:40:00-04:00,2023-03-30 13:40:00-04:00,LONG,13053.75,13110.75,13046.5,13089.5,13089.5,13026.643192913589,13152.356807086411,13026.643192913589,31.428403543205352,-62.85680708641121,-1257.1361417282242,stop
2023-04-03 09:40:00-04:00,2023-04-03 11:00:00-04:00,LONG,13214.5,13250.25,13195.75,13245.25,13245.25,13196.953239425535,13293.546760574465,13196.953239425535,24.148380287232516,-48.296760574465225,-965.9352114893045,stop
2023-04-05 11:20:00-04:00,2023-04-05 15:00:00-04:00,SHORT,13026.75,13052.0,13017.25,13036.0,13036.0,13100.843850940702,12971.156149059298,13075.25,32.42192547035102,-39.25,-785.0,force_close
2023-04-06 10:00:00-04:00,2023-04-06 10:20:00-04:00,SHORT,12963.25,12990.0,12951.0,12988.0,12988.0,13043.885113054668,12932.114886945332,13043.885113054668,27.942556527334,-55.88511305466818,-1117.7022610933636,stop
2023-04-06 11:20:00-04:00,2023-04-06 12:20:00-04:00,LONG,13021.0,13074.25,13015.0,13073.75,13073.75,13005.644088037423,13141.855911962577,13141.855911962577,34.05295598128868,68.10591196257701,1362.1182392515402,target
2023-04-10 10:20:00-04:00,2023-04-10 11:20:00-04:00,SHORT,12984.5,13022.25,12968.75,13009.25,13009.25,13066.752678394812,12951.747321605188,13066.752678394812,28.75133919740664,-57.50267839481239,-1150.0535678962478,stop
2023-04-13 10:20:00-04:00,2023-04-13 14:20:00-04:00,LONG,13065.75,13140.5,13052.25,13133.5,13133.5,13061.441663165064,13205.558336834936,13205.558336834936,36.02916841746789,72.0583368349362,1441.166736698724,target
2023-04-14 09:40:00-04:00,2023-04-14 10:40:00-04:00,LONG,13134.75,13204.25,13124.75,13197.5,13197.5,13137.163834129373,13257.836165870627,13137.163834129373,30.168082935313215,-60.336165870627156,-1206.723317412543,stop
2023-04-17 14:40:00-04:00,2023-04-17 15:00:00-04:00,SHORT,13094.25,13118.75,13092.25,13118.0,13118.0,13182.71506460142,13053.28493539858,13140.5,32.35753230071022,-22.5,-450.0,force_close
2023-04-18 12:20:00-04:00,2023-04-18 15:00:00-04:00,SHORT,13165.0,13198.0,13159.0,13190.0,13190.0,13253.582803825619,13126.417196174381,13159.5,31.791401912809626,30.5,610.0,force_close
2023-04-19 09:40:00-04:00,2023-04-19 11:20:00-04:00,SHORT,13082.25,13135.0,13073.0,13112.75,13112.75,13162.27430457721,13063.22569542279,13162.27430457721,24.762152288604415,-49.52430457720948,-990.4860915441895,stop
2023-04-20 09:40:00-04:00,2023-04-20 10:20:00-04:00,SHORT,13061.5,13099.25,13043.75,13088.25,13088.25,13138.012084977176,13038.487915022824,13138.012084977176,24.8810424885879,-49.76208497717562,-995.2416995435124,stop
2023-04-21 10:20:00-04:00,2023-04-21 14:20:00-04:00,SHORT,12994.75,13061.25,12980.25,13056.25,13056.25,13124.235779131155,12988.264220868845,13124.235779131155,33.99288956557778,-67.98577913115514,-1359.7155826231028,stop
2023-04-24 12:40:00-04:00,2023-04-24 15:00:00-04:00,SHORT,12993.75,13016.25,12986.5,13014.25,13014.25,13076.274209646343,12952.225790353657,13054.75,31.012104823171594,-40.5,-810.0,force_close
2023-04-25 11:20:00-04:00,2023-04-25 12:00:00-04:00,SHORT,12951.5,12973.0,12936.75,12972.0,12972.0,13026.969559367257,12917.030440632743,12917.030440632743,27.4847796836284,54.96955936725681,1099.3911873451361,target
2023-04-25 14:40:00-04:00,2023-04-25 15:00:00-04:00,SHORT,12837.5,12872.5,12828.75,12862.75,12862.75,12929.17852907338,12796.32147092662,12841.5,33.214264536690656,21.25,425.0,force_close
2023-04-27 10:20:00-04:00,2023-04-27 11:40:00-04:00,LONG,13026.0,13094.5,13015.25,13081.5,13081.5,13016.768885498042,13146.231114501958,13146.231114501958,32.36555725097902,64.73111450195756,1294.6222900391513,target
2023-04-28 10:20:00-04:00,2023-04-28 11:00:00-04:00,LONG,13211.25,13276.75,13187.75,13274.5,13274.5,13209.283342971949,13339.716657028051,13209.283342971949,32.608328514026134,-65.21665702805149,-1304.3331405610297,stop
2023-05-01 11:00:00-04:00,2023-05-01 11:20:00-04:00,LONG,13296.25,13328.5,13277.25,13322.75,13322.75,13272.307347746819,13373.192652253181,13272.307347746819,25.221326126590647,-50.44265225318122,-1008.8530450636244,stop
2023-05-01 12:40:00-04:00,2023-05-01 15:00:00-04:00,LONG,13308.0,13352.0,13306.25,13341.25,13341.25,13280.07034702237,13402.42965297763,13314.5,30.58982648881459,-26.75,-535.0,force_close
2023-05-02 12:20:00-04:00,2023-05-02 14:00:00-04:00,SHORT,13122.25,13152.75,13111.75,13144.5,13144.5,13212.037475225994,13076.962524774006,13212.037475225994,33.7687376129968,-67.53747522599406,-1350.7495045198812,stop
2023-05-03 10:00:00-04:00,2023-05-03 11:20:00-04:00,LONG,13207.0,13244.25,13195.25,13235.25,13235.25,13189.31739209973,13281.18260790027,13189.31739209973,22.966303950134407,-45.93260790026943,-918.6521580053886,stop
2023-05-03 12:00:00-04:00,2023-05-03 14:20:00-04:00,LONG,13192.75,13219.25,13180.0,13215.5,13215.5,13159.581563165846,13271.418436834154,13271.418436834154,27.959218417077004,55.91843683415391,1118.3687366830782,target
2023-05-04 11:00:00-04:00,2023-05-04 13:20:00-04:00,SHORT,13015.0,13067.25,13011.25,13046.5,13046.5,13117.132352968078,12975.867647031922,13117.132352968078,35.31617648403863,-70.63235296807761,-1412.6470593615522,stop
2023-05-05 09:40:00-04:00,2023-05-05 10:20:00-04:00,LONG,13133.75,13165.25,13122.0,13159.25,13159.25,13106.782688488956,13211.717311511044,13211.717311511044,26.233655755522232,52.46731151104359,1049.3462302208718,target
2023-05-09 10:00:00-04:00,2023-05-09 11:20:00-04:00,LONG,13282.5,13313.75,13275.75,13310.5,13310.5,13271.211212791168,13349.788787208832,13271.211212791168,19.64439360441624,-39.28878720883222,-785.7757441766444,stop
2023-05-11 11:00:00-04:00,2023-05-11 15:00:00-04:00,LONG,13373.75,13420.75,13359.0,13419.0,13419.0,13352.026938039762,13485.973061960238,13464.75,33.486530980118744,45.75,915.0,force_close
2023-05-12 12:00:00-04:00,2023-05-12 12:40:00-04:00,SHORT,13377.75,13410.25,13371.25,13406.25,13406.25,13461.737594321927,13350.762405678073,13350.762405678073,27.743797160963148,55.487594321926736,1109.7518864385347,target
2023-05-15 10:40:00-04:00,2023-05-15 12:00:00-04:00,SHORT,13366.0,13402.0,13353.75,13391.25,13391.25,13441.837975266904,13340.662024733096,13441.837975266904,25.293987633451724,-50.58797526690432,-1011.7595053380865,stop
2023-05-16 09:40:00-04:00,2023-05-16 10:00:00-04:00,LONG,13433.5,13480.0,13424.0,13463.0,13463.0,13420.388745387414,13505.611254612586,13505.611254612586,21.30562730629334,42.61125461258598,852.2250922517196,target
2023-05-16 11:00:00-04:00,2023-05-16 15:00:00-04:00,LONG,13487.25,13536.0,13477.0,13518.0,13518.0,13459.158552608546,13576.841447391454,13536.25,29.420723695726885,18.25,365.0,force_close
2023-05-17 10:20:00-04:00,2023-05-17 11:20:00-04:00,LONG,13478.25,13519.5,13474.5,13511.75,13511.75,13463.844764960113,13559.655235039887,13559.655235039887,23.952617519943733,47.905235039886975,958.1047007977395,target
2023-05-18 09:40:00-04:00,2023-05-18 10:20:00-04:00,LONG,13656.0,13710.0,13646.0,13702.75,13702.75,13659.880176824014,13745.619823175986,13745.619823175986,21.434911587993557,42.86982317598631,857.3964635197262,target
2023-05-18 10:40:00-04:00,2023-05-18 12:00:00-04:00,LONG,13739.75,13793.75,13738.0,13786.0,13786.0,13733.32452568599,13838.67547431401,13838.67547431401,26.337737157005048,52.67547431400999,1053.5094862801998,target
2023-05-22 09:40:00-04:00,2023-05-22 10:00:00-04:00,LONG,13848.75,13908.75,13842.5,13896.75,13896.75,13852.982843987293,13940.517156012707,13940.517156012707,21.883578006353563,43.767156012707346,875.3431202541469,target
2023-05-24 09:40:00-04:00,2023-05-24 10:20:00-04:00,SHORT,13634.75,13675.25,13618.25,13658.0,13658.0,13706.658616001012,13609.341383998988,13609.341383998988,24.329308000506092,48.65861600101198,973.1723200202396,target
2023-05-24 11:40:00-04:00,2023-05-24 15:00:00-04:00,SHORT,13592.5,13637.75,13582.5,13609.25,13609.25,13674.558975365975,13543.941024634025,13610.75,32.65448768298801,-1.5,-30.0,force_close
2023-05-26 10:00:00-04:00,2023-05-26 10:40:00-04:00,LONG,14065.25,14126.25,14063.0,14119.0,14119.0,14055.45146581167,14182.54853418833,14182.54853418833,31.77426709416544,63.54853418833045,1270.970683766609,target
2023-05-31 09:40:00-04:00,2023-05-31 10:20:00-04:00,LONG,14336.5,14379.75,14315.75,14377.25,14377.25,14324.75462933671,14429.74537066329,14324.75462933671,26.24768533164478,-52.49537066328958,-1049.9074132657915,stop
2023-05-31 12:00:00-04:00,2023-05-31 15:00:00-04:00,SHORT,14261.5,14307.5,14254.75,14292.0,14292.0,14367.567326241111,14216.432673758889,14325.5,37.78366312055581,-33.5,-670.0,force_close
2023-06-02 10:20:00-04:00,2023-06-02 15:00:00-04:00,LONG,14480.0,14540.0,14466.0,14529.5,14529.5,14444.59131895958,14614.40868104042,14585.75,42.45434052021054,56.25,1125.0,force_close
2023-06-05 09:40:00-04:00,2023-06-05 11:00:00-04:00,LONG,14567.75,14625.5,14554.0,14613.5,14613.5,14568.537537574195,14658.462462425805,14658.462462425805,22.481231212902497,44.962462425804915,899.2492485160983,target
2023-06-07 14:00:00-04:00,2023-06-07 15:00:00-04:00,SHORT,14341.75,14384.0,14338.25,14375.0,14375.0,14461.298223072079,14288.701776927921,14373.75,43.14911153603972,1.25,25.0,force_close
2023-06-09 09:40:00-04:00,2023-06-09 10:00:00-04:00,LONG,14558.25,14610.25,14554.5,14601.75,14601.75,14550.552111416218,14652.947888583782,14652.947888583782,25.598944291890714,51.197888583781605,1023.9577716756321,target
2023-06-13 10:40:00-04:00,2023-06-13 15:00:00-04:00,LONG,15004.25,15042.5,14976.0,15036.75,15036.75,14942.323301458398,15131.176698541602,15064.75,47.21334927080039,28.0,560.0,force_close
2023-06-15 09:00:00-04:00,2023-06-15 10:00:00-04:00,SHORT,15070.75,15132.75,15066.25,15121.25,15121.25,15183.24544049708,15059.25455950292,15183.24544049708,30.997720248540087,-61.99544049707947,-1239.9088099415894,stop
2023-06-20 12:20:00-04:00,2023-06-20 13:40:00-04:00,SHORT,15163.5,15209.75,15156.75,15201.25,15201.25,15280.364464553024,15122.135535446976,15280.364464553024,39.55723227651161,-79.11446455302394,-1582.2892910604787,stop
2023-06-21 11:40:00-04:00,2023-06-21 15:00:00-04:00,SHORT,15003.5,15081.5,15000.0,15075.25,15075.25,15156.968375941207,14993.531624058793,15126.5,40.859187970603216,-51.25,-1025.0,force_close
2023-06-23 10:20:00-04:00,2023-06-23 13:20:00-04:00,SHORT,15018.75,15072.25,14997.0,15067.5,15067.5,15146.185035483273,14988.814964516727,15146.185035483273,39.342517741636485,-78.68503548327317,-1573.7007096654634,stop
2023-06-26 10:00:00-04:00,2023-06-26 10:40:00-04:00,LONG,15074.0,15142.0,15063.0,15136.25,15136.25,15076.076275428057,15196.423724571943,15076.076275428057,30.086862285971836,-60.17372457194324,-1203.4744914388648,stop
2023-06-28 09:40:00-04:00,2023-06-28 10:40:00-04:00,LONG,15034.0,15089.0,15023.25,15079.5,15079.5,15028.81746229624,15130.18253770376,15130.18253770376,25.341268851880415,50.68253770376032,1013.6507540752064,target
2023-06-29 11:20:00-04:00,2023-06-29 15:00:00-04:00,SHORT,15068.0,15125.25,15061.25,15117.75,15117.75,15203.717265353154,15031.782734646846,15079.0,42.98363267657756,38.75,775.0,force_close
2023-06-30 10:20:00-04:00,2023-06-30 12:00:00-04:00,LONG,15319.5,15364.75,15308.75,15362.25,15362.25,15299.336083533637,15425.163916466363,15299.336083533637,31.456958233181464,-62.913916466362934,-1258.2783293272587,stop
2023-07-03 12:20:00-04:00,2023-07-03 15:00:00-04:00,LONG,15320.5,15339.0,15313.5,15337.0,15337.0,15286.878669196285,15387.121330803715,15378.0,25.06066540185791,41.0,820.0,force_close
2023-07-05 09:00:00-04:00,2023-07-05 09:40:00-04:00,SHORT,15267.0,15287.25,15265.75,15283.5,15283.5,15320.228549630487,15246.771450369513,15320.228549630487,18.364274815243245,-36.72854963048667,-734.5709926097334,stop
2023-07-06 10:40:00-04:00,2023-07-06 14:00:00-04:00,SHORT,15134.75,15179.0,15123.0,15164.25,15164.25,15237.22841497482,15091.27158502518,15237.22841497482,36.489207487409736,-72.97841497481932,-1459.5682994963863,stop
2023-07-11 12:00:00-04:00,2023-07-11 14:40:00-04:00,LONG,15182.0,15239.0,15160.75,15233.25,15233.25,15157.98191093879,15308.51808906121,15157.98191093879,37.63404453060515,-75.26808906121005,-1505.361781224201,stop
2023-07-19 14:40:00-04:00,2023-07-19 15:00:00-04:00,SHORT,15916.0,15953.5,15909.0,15945.25,15945.25,16024.259946742402,15866.240053257598,15951.25,39.50497337120127,-6.0,-120.0,force_close
2023-07-20 09:40:00-04:00,2023-07-20 10:20:00-04:00,SHORT,15814.0,15888.0,15811.75,15867.75,15867.75,15921.80359668784,15813.69640331216,15813.69640331216,27.02679834391962,54.05359668783967,1081.0719337567934,target
2023-07-24 10:20:00-04:00,2023-07-24 15:00:00-04:00,SHORT,15504.25,15577.75,15495.5,15568.5,15568.5,15638.874361137297,15498.125638862703,15567.25,35.18718056864916,1.25,25.0,force_close
2023-07-25 10:00:00-04:00,2023-07-25 10:40:00-04:00,LONG,15607.25,15672.0,15605.75,15659.75,15659.75,15611.806493398746,15707.693506601254,15611.806493398746,23.971753300626887,-47.94350660125383,-958.8701320250766,stop
2023-07-26 10:00:00-04:00,2023-07-26 11:00:00-04:00,SHORT,15585.0,15631.0,15576.75,15628.5,15628.5,15685.500840198652,15571.499159801348,15571.499159801348,28.500420099326153,57.00084019865244,1140.0168039730488,target
2023-07-26 14:40:00-04:00,2023-07-26 15:00:00-04:00,LONG,15586.75,15668.0,15542.75,15658.75,15658.75,15576.17047421074,15741.32952578926,15629.5,41.289762894630655,-29.25,-585.0,force_close
2023-08-01 10:40:00-04:00,2023-08-01 15:00:00-04:00,SHORT,15744.0,15816.25,15731.0,15811.5,15811.5,15880.631832094929,15742.368167905071,15832.0,34.56591604746417,-20.5,-410.0,force_close
2023-08-02 14:20:00-04:00,2023-08-02 15:00:00-04:00,SHORT,15467.0,15517.0,15464.0,15510.0,15510.0,15599.41862527014,15420.58137472986,15492.25,44.70931263507014,17.75,355.0,force_close
2023-08-03 09:40:00-04:00,2023-08-03 11:20:00-04:00,SHORT,15363.25,15413.75,15348.5,15402.5,15402.5,15474.052017815158,15330.947982184842,15474.052017815158,35.77600890757953,-71.55201781515825,-1431.040356303165,stop
2023-08-04 09:40:00-04:00,2023-08-04 10:00:00-04:00,LONG,15505.25,15585.75,15491.75,15571.75,15571.75,15485.237638447692,15658.262361552308,15485.237638447692,43.25618077615379,-86.512361552308,-1730.2472310461599,stop
2023-08-07 10:20:00-04:00,2023-08-07 11:20:00-04:00,SHORT,15385.0,15429.5,15354.5,15426.0,15426.0,15494.718675146085,15357.281324853915,15357.281324853915,34.35933757304262,68.71867514608493,1374.3735029216987,target
2023-08-08 12:20:00-04:00,2023-08-08 15:00:00-04:00,SHORT,15233.25,15282.0,15226.25,15275.0,15275.0,15357.797629618044,15192.202370381956,15334.0,41.39881480902199,-59.0,-1180.0,force_close
2023-08-09 11:40:00-04:00,2023-08-09 13:40:00-04:00,SHORT,15166.25,15191.75,15147.75,15185.75,15185.75,15261.462790692702,15110.037209307298,15261.462790692702,37.856395346350666,-75.71279069270167,-1514.2558138540335,stop
2023-08-09 14:20:00-04:00,2023-08-09 15:00:00-04:00,SHORT,15251.25,15294.25,15238.25,15288.0,15288.0,15371.039839280174,15204.960160719826,15271.0,41.519919640086876,17.0,340.0,force_close
2023-08-10 10:00:00-04:00,2023-08-10 11:00:00-04:00,LONG,15334.0,15428.0,15313.75,15421.75,15421.75,15334.904392817269,15508.595607182731,15334.904392817269,43.422803591365785,-86.84560718273133,-1736.9121436546266,stop
2023-08-10 14:20:00-04:00,2023-08-10 15:00:00-04:00,SHORT,15147.75,15232.25,15139.25,15203.0,15203.0,15319.862633123352,15086.137366876648,15244.0,58.43131656167567,-41.0,-820.0,force_close
2023-08-11 10:20:00-04:00,2023-08-11 11:20:00-04:00,SHORT,15076.0,15159.25,15063.5,15142.5,15142.5,15224.567185508973,15060.432814491027,15060.432814491027,41.03359275448679,82.06718550897313,1641.3437101794625,target
2023-08-15 11:20:00-04:00,2023-08-15 15:00:00-04:00,SHORT,15136.25,15183.75,15133.0,15174.0,15174.0,15259.574442381174,15088.425557618826,15159.25,42.78722119058701,14.75,295.0,force_close
2023-08-16 09:40:00-04:00,2023-08-16 12:00:00-04:00,SHORT,15073.0,15110.25,15048.5,15096.75,15096.75,15151.706732969245,15041.793267030755,15041.793267030755,27.47836648462306,54.95673296924542,1099.1346593849084,target
2023-08-16 12:40:00-04:00,2023-08-16 15:00:00-04:00,SHORT,15010.75,15037.75,15003.75,15030.5,15030.5,15107.705169101828,14953.294830898172,15030.25,38.60258455091398,0.25,5.0,force_close
2023-08-17 11:00:00-04:00,2023-08-17 15:00:00-04:00,SHORT,14871.0,14923.0,14860.75,14893.0,14893.0,14965.746841628003,14820.253158371997,14813.25,36.373420814000944,79.75,1595.0,force_close
2023-08-18 09:40:00-04:00,2023-08-18 10:20:00-04:00,SHORT,14649.5,14676.5,14617.75,14672.25,14672.25,14733.332172378301,14611.167827621699,14611.167827621699,30.541086189150253,61.08217237830104,1221.6434475660208,target
2023-08-18 10:40:00-04:00,2023-08-18 14:40:00-04:00,SHORT,14645.0,14697.75,14632.25,14685.0,14685.0,14758.693342826213,14611.306657173787,14758.693342826213,36.84667141310609,-73.69334282621276,-1473.8668565242551,stop
2023-08-21 09:40:00-04:00,2023-08-21 10:40:00-04:00,LONG,14802.5,14886.0,14793.5,14879.25,14879.25,14822.775357107581,14935.724642892419,14822.775357107581,28.23732144620985,-56.47464289241907,-1129.4928578483814,stop
2023-08-22 11:00:00-04:00,2023-08-22 12:00:00-04:00,LONG,14995.25,15054.5,14980.75,15048.0,15048.0,14971.661055022294,15124.338944977706,14971.661055022294,38.16947248885264,-76.33894497770598,-1526.7788995541196,stop
2023-08-23 10:00:00-04:00,2023-08-23 11:00:00-04:00,LONG,15011.0,15107.75,15000.5,15093.25,15093.25,15021.612119217185,15164.887880782815,15164.887880782815,35.818940391407274,71.63788078281505,1432.757615656301,target
2023-09-07 10:20:00-04:00,2023-09-07 14:00:00-04:00,SHORT,15190.75,15230.0,15159.5,15215.5,15215.5,15288.278581877625,15142.721418122375,15288.278581877625,36.38929093881204,-72.77858187762467,-1455.5716375524935,stop
2023-09-12 10:00:00-04:00,2023-09-12 10:40:00-04:00,LONG,15619.25,15661.0,15614.25,15650.5,15650.5,15601.259596329926,15699.740403670074,15601.259596329926,24.62020183503638,-49.24040367007365,-984.8080734014729,stop
2023-09-12 11:40:00-04:00,2023-09-12 15:00:00-04:00,SHORT,15524.5,15565.75,15520.25,15557.5,15557.5,15624.028414871542,15490.971585128458,15501.5,33.26420743577111,56.0,1120.0,force_close
2023-09-14 10:40:00-04:00,2023-09-14 12:20:00-04:00,LONG,15540.0,15621.5,15528.75,15613.75,15613.75,15529.501946283483,15697.998053716517,15697.998053716517,42.1240268582588,84.24805371651746,1684.9610743303492,target
2023-09-18 09:40:00-04:00,2023-09-18 15:00:00-04:00,SHORT,15364.75,15437.5,15340.75,15410.5,15410.5,15467.76002067907,15353.23997932093,15394.25,28.63001033953478,16.25,325.0,force_close
2023-09-19 11:20:00-04:00,2023-09-19 13:20:00-04:00,SHORT,15253.0,15280.0,15248.25,15267.75,15267.75,15328.462311022417,15207.037688977583,15328.462311022417,30.356155511208176,-60.71231102241654,-1214.2462204483309,stop
2023-09-19 14:00:00-04:00,2023-09-19 15:00:00-04:00,SHORT,15340.75,15382.5,15334.75,15375.75,15375.75,15443.358535604895,15308.141464395105,15346.0,33.804267802448024,29.75,595.0,force_close
2023-09-20 12:00:00-04:00,2023-09-20 14:20:00-04:00,SHORT,15334.0,15379.0,15326.0,15375.75,15375.75,15435.669939756413,15315.830060243587,15315.830060243587,29.959969878206383,59.91993975641344,1198.3987951282688,target
2023-09-20 14:40:00-04:00,2023-09-20 15:00:00-04:00,SHORT,15319.75,15394.25,15307.75,15363.25,15363.25,15439.080432218136,15287.419567781864,15303.5,37.915216109068076,59.75,1195.0,force_close
2023-09-21 10:20:00-04:00,2023-09-21 12:20:00-04:00,SHORT,14936.25,15006.25,14916.5,14998.5,14998.5,15073.327605713897,14923.672394286103,14923.672394286103,37.41380285694904,74.82760571389736,1496.552114277947,target
2023-09-22 10:00:00-04:00,2023-09-22 11:00:00-04:00,LONG,14898.0,14953.0,14885.5,14950.5,14950.5,14893.88971817579,15007.11028182421,15007.11028182421,28.30514091210564,56.61028182421069,1132.2056364842138,target
2023-09-27 10:40:00-04:00,2023-09-27 11:00:00-04:00,SHORT,14720.5,14774.25,14717.5,14746.0,14746.0,14811.747484750911,14680.252515249089,14680.252515249089,32.873742375455095,65.7474847509111,1314.949695018222,target
2023-09-27 11:20:00-04:00,2023-09-27 12:20:00-04:00,SHORT,14687.5,14738.25,14683.25,14719.25,14719.25,14794.210841443386,14644.289158556614,14644.289158556614,37.48042072169343,74.96084144338602,1499.2168288677203,target
2023-09-27 14:40:00-04:00,2023-09-27 15:00:00-04:00,SHORT,14617.25,14738.75,14609.0,14736.0,14736.0,14829.184994647047,14642.815005352953,14738.75,46.59249732352323,-2.75,-55.0,force_close
2023-10-02 09:40:00-04:00,2023-10-02 11:40:00-04:00,LONG,14852.75,14958.25,14845.0,14951.5,14951.5,14880.487025335851,15022.512974664149,15022.512974664149,35.50648733207443,71.01297466414871,1420.2594932829743,target
2023-10-04 09:40:00-04:00,2023-10-04 10:20:00-04:00,LONG,14762.5,14837.0,14746.75,14827.75,14827.75,14751.926978374704,14903.573021625296,14751.926978374704,37.911510812648395,-75.82302162529595,-1516.460432505919,stop
2023-10-06 09:20:00-04:00,2023-10-06 10:40:00-04:00,SHORT,14686.75,14751.25,14668.25,14743.5,14743.5,14834.180302247782,14652.819697752218,14834.180302247782,45.34015112389053,-90.68030224778158,-1813.6060449556317,stop
2023-10-06 11:40:00-04:00,2023-10-06 14:40:00-04:00,LONG,14902.75,14998.0,14897.0,14988.5,14988.5,14861.018373868304,15115.981626131696,15115.981626131696,63.740813065847945,127.48162613169552,2549.6325226339104,target
2023-10-09 10:00:00-04:00,2023-10-09 11:20:00-04:00,LONG,14985.0,15065.0,14971.75,15053.5,15053.5,14976.351141019368,15130.648858980632,14976.351141019368,38.57442949031622,-77.14885898063221,-1542.9771796126442,stop
2023-10-10 10:00:00-04:00,2023-10-10 10:40:00-04:00,LONG,15193.25,15243.75,15182.25,15240.75,15240.75,15180.689054441531,15300.810945558469,15300.810945558469,30.03047277923408,60.06094555846903,1201.2189111693806,target
2023-10-10 11:20:00-04:00,2023-10-10 13:20:00-04:00,LONG,15316.5,15361.5,15306.75,15356.25,15356.25,15286.71295381884,15425.78704618116,15286.71295381884,34.76852309057956,-69.5370461811599,-1390.740923623198,stop
2023-10-11 09:00:00-04:00,2023-10-11 09:40:00-04:00,LONG,15306.75,15340.5,15300.0,15334.25,15334.25,15283.815363371237,15384.684636628763,15384.684636628763,25.21731831438107,50.434636628762746,1008.6927325752549,target
2023-10-11 14:00:00-04:00,2023-10-11 15:00:00-04:00,SHORT,15257.75,15290.25,15250.75,15286.25,15286.25,15365.059324049433,15207.440675950567,15324.75,39.40466202471591,-38.5,-770.0,force_close
2023-10-12 11:20:00-04:00,2023-10-12 13:20:00-04:00,LONG,15428.75,15461.0,15397.75,15455.25,15455.25,15382.569218317378,15527.930781682622,15382.569218317378,36.34039084131084,-72.68078168262218,-1453.6156336524436,stop
2023-10-12 14:40:00-04:00,2023-10-12 15:00:00-04:00,SHORT,15223.75,15288.25,15221.0,15282.25,15282.25,15377.687472999904,15186.812527000096,15276.75,47.71873649995218,5.5,110.0,force_close
2023-10-13 12:20:00-04:00,2023-10-13 13:40:00-04:00,SHORT,15121.75,15161.0,15109.5,15155.5,15155.5,15243.220381776393,15067.779618223607,15067.779618223607,43.86019088819642,87.72038177639297,1754.4076355278594,target
2023-10-13 14:00:00-04:00,2023-10-13 15:00:00-04:00,SHORT,15073.0,15133.0,15067.75,15114.75,15114.75,15214.330218084173,15015.169781915827,15130.25,49.79010904208648,-15.5,-310.0,force_close
2023-10-16 10:20:00-04:00,2023-10-16 15:00:00-04:00,LONG,15224.75,15276.75,15207.25,15264.0,15264.0,15188.966787923886,15339.033212076114,15320.0,37.51660603805733,56.0,1120.0,force_close
2023-10-17 10:20:00-04:00,2023-10-17 11:40:00-04:00,SHORT,15080.5,15177.75,15068.75,15174.25,15174.25,15253.969632086317,15094.530367913683,15253.969632086317,39.85981604315811,-79.71963208631678,-1594.3926417263356,stop
2023-10-18 11:20:00-04:00,2023-10-18 15:00:00-04:00,SHORT,15099.0,15148.75,15096.0,15136.25,15136.25,15223.51489226115,15048.98510773885,15060.25,43.63244613057494,76.0,1520.0,force_close
2023-10-19 12:20:00-04:00,2023-10-19 12:40:00-04:00,LONG,15035.5,15127.25,15001.5,15086.25,15086.25,14981.723072823263,15190.776927176737,14981.723072823263,52.263463588368616,-104.52692717673744,-2090.538543534749,stop
2023-10-23 10:00:00-04:00,2023-10-23 11:20:00-04:00,SHORT,14545.5,14645.25,14512.0,14637.0,14637.0,14725.953952427006,14548.046047572994,14725.953952427006,44.47697621350246,-88.95395242700579,-1779.0790485401158,stop
2023-10-24 10:40:00-04:00,2023-10-24 11:40:00-04:00,LONG,14788.75,14873.0,14779.25,14867.0,14867.0,14790.344409478774,14943.655590521226,14790.344409478774,38.32779526061295,-76.65559052122626,-1533.1118104245252,stop
2023-10-26 11:00:00-04:00,2023-10-26 12:00:00-04:00,SHORT,14278.25,14387.25,14269.75,14353.5,14353.5,14458.703683336347,14248.296316663653,14248.296316663653,52.60184166817317,105.20368333634724,2104.073666726945,target
2023-10-31 10:20:00-04:00,2023-10-31 14:00:00-04:00,LONG,14336.5,14410.0,14319.5,14392.5,14392.5,14314.509439818794,14470.490560181206,14470.490560181206,38.99528009060328,77.99056018120609,1559.8112036241218,target
2023-11-02 10:40:00-04:00,2023-11-02 15:00:00-04:00,LONG,14897.75,14943.5,14891.25,14936.5,14936.5,14870.207946152776,15002.792053847224,14998.0,33.14602692361189,61.5,1230.0,force_close
2023-11-07 10:40:00-05:00,2023-11-07 15:00:00-05:00,LONG,15305.25,15361.25,15299.75,15358.75,15358.75,15290.836351980228,15426.663648019772,15388.5,33.95682400988618,29.75,595.0,force_close
2023-11-08 12:40:00-05:00,2023-11-08 15:00:00-05:00,SHORT,15314.0,15335.75,15303.0,15330.5,15330.5,15390.340882192895,15270.659117807105,15355.0,29.92044109644767,-24.5,-490.0,force_close
2023-11-09 10:00:00-05:00,2023-11-09 10:20:00-05:00,LONG,15366.75,15425.25,15363.25,15422.0,15422.0,15371.85628588791,15472.14371411209,15371.85628588791,25.071857056044855,-50.14371411208958,-1002.8742822417917,stop
2023-11-15 12:40:00-05:00,2023-11-15 13:20:00-05:00,LONG,15893.25,15919.25,15884.75,15912.75,15912.75,15841.058511259384,15984.441488740616,15841.058511259384,35.84574437030835,-71.69148874061648,-1433.8297748123296,stop
2023-11-16 10:00:00-05:00,2023-11-16 10:40:00-05:00,LONG,15845.5,15900.25,15835.0,15891.5,15891.5,15834.733719952224,15948.266280047776,15834.733719952224,28.38314002388812,-56.76628004777558,-1135.3256009555116,stop
2023-11-17 10:00:00-05:00,2023-11-17 10:20:00-05:00,SHORT,15843.5,15883.0,15829.25,15874.0,15874.0,15922.074085932114,15825.925914067886,15825.925914067886,24.03704296605692,48.07408593211403,961.4817186422806,target
2023-11-17 12:00:00-05:00,2023-11-17 14:20:00-05:00,SHORT,15861.25,15882.5,15848.0,15882.25,15882.25,15940.630075630675,15823.869924369325,15940.630075630675,29.19003781533819,-58.38007563067549,-1167.6015126135098,stop
2023-11-27 10:40:00-05:00,2023-11-27 15:00:00-05:00,LONG,16015.75,16049.5,15996.25,16038.5,16038.5,15976.624853879805,16100.375146120195,16027.0,30.937573060098014,-11.5,-230.0,force_close
2023-11-28 09:40:00-05:00,2023-11-28 11:00:00-05:00,SHORT,15967.5,16009.75,15964.5,15988.5,15988.5,16032.320416446162,15944.679583553838,16032.320416446162,21.910208223080755,-43.8204164461622,-876.408328923244,stop
2023-11-28 11:40:00-05:00,2023-11-28 13:20:00-05:00,LONG,16024.0,16072.75,16015.5,16065.75,16065.75,16004.586546437115,16126.913453562885,16004.586546437115,30.581726781443134,-61.16345356288548,-1223.2690712577096,stop
2023-11-30 12:20:00-05:00,2023-11-30 15:00:00-05:00,SHORT,15864.75,15901.25,15858.5,15886.0,15886.0,15958.901079979163,15813.098920020837,15924.25,36.4505399895812,-38.25,-765.0,force_close
2023-12-08 10:20:00-05:00,2023-12-08 10:40:00-05:00,LONG,16000.25,16112.25,15988.75,16100.0,16100.0,16019.022430513252,16180.977569486748,16019.022430513252,40.488784743373515,-80.9775694867476,-1619.551389734952,stop
2023-12-08 11:00:00-05:00,2023-12-08 11:40:00-05:00,LONG,16028.5,16111.25,16020.5,16106.5,16106.5,16010.713218146631,16202.286781853369,16010.713218146631,47.89339092668431,-95.78678185336867,-1915.7356370673733,stop
2023-12-13 14:20:00-05:00,2023-12-13 15:00:00-05:00,LONG,16587.75,16703.0,16585.75,16700.25,16700.25,16639.72477288937,16760.77522711063,16771.5,30.2626135553155,71.25,1425.0,force_close
2023-12-18 11:20:00-05:00,2023-12-18 13:40:00-05:00,LONG,16871.75,16904.75,16853.5,16899.5,16899.5,16843.232957644155,16955.767042355845,16955.767042355845,28.133521177921534,56.26704235584475,1125.340847116895,target
2023-12-19 09:40:00-05:00,2023-12-19 15:00:00-05:00,LONG,16965.0,16990.0,16942.25,16987.5,16987.5,16946.145752842145,17028.854247157855,16999.0,20.67712357892677,11.5,230.0,force_close
2023-12-20 09:40:00-05:00,2023-12-20 10:20:00-05:00,LONG,16981.5,17008.5,16968.75,17005.25,17005.25,16969.187604785933,17041.312395214067,17041.312395214067,18.03119760703405,36.06239521406678,721.2479042813357,target
2024-01-02 11:20:00-05:00,2024-01-02 15:00:00-05:00,SHORT,16708.75,16759.75,16706.5,16755.0,16755.0,16844.766477453577,16665.233522546423,16655.75,44.88323872678826,99.25,1985.0,force_close
2024-01-04 10:20:00-05:00,2024-01-04 15:00:00-05:00,SHORT,16458.75,16535.5,16443.25,16518.75,16518.75,16586.080845090946,16451.419154909054,16487.25,33.665422545473184,31.5,630.0,force_close
2024-01-08 09:40:00-05:00,2024-01-08 10:20:00-05:00,LONG,16508.25,16570.25,16497.25,16565.25,16565.25,16489.522626472903,16640.977373527097,16640.977373527097,37.86368676354808,75.72737352709737,1514.5474705419474,target
2024-01-09 11:20:00-05:00,2024-01-09 13:00:00-05:00,LONG,16731.75,16781.0,16730.5,16778.25,16778.25,16714.11690137635,16842.38309862365,16842.38309862365,32.066549311824836,64.13309862364986,1282.6619724729971,target
2024-01-10 14:20:00-05:00,2024-01-10 15:00:00-05:00,LONG,16922.5,16967.5,16919.0,16960.25,16960.25,16894.317532651752,17026.182467348248,16981.25,32.96623367412376,21.0,420.0,force_close
2024-01-12 11:20:00-05:00,2024-01-12 15:00:00-05:00,LONG,16946.0,17001.5,16933.75,16998.75,16998.75,16910.29667210848,17087.20332789152,16963.0,44.2266639457598,-35.75,-715.0,force_close
2024-01-17 10:20:00-05:00,2024-01-17 11:20:00-05:00,SHORT,16710.0,16758.5,16686.75,16733.5,16733.5,16815.44502925572,16651.55497074428,16815.44502925572,40.97251462785922,-81.94502925571942,-1638.9005851143884,stop
2024-01-17 14:40:00-05:00,2024-01-17 15:00:00-05:00,SHORT,16778.5,16821.25,16772.75,16814.5,16814.5,16898.74074779085,16730.25925220915,16831.0,42.12037389542504,-16.5,-330.0,force_close
2024-01-18 10:40:00-05:00,2024-01-18 13:20:00-05:00,LONG,17017.5,17065.75,16996.75,17059.5,17059.5,16982.611537616747,17136.388462383253,16982.611537616747,38.444231191626976,-76.88846238325277,-1537.7692476650554,stop
2024-01-18 14:20:00-05:00,2024-01-18 15:00:00-05:00,LONG,17015.75,17072.25,17013.5,17057.0,17057.0,16965.693518983753,17148.306481016247,17098.75,45.653240508122806,41.75,835.0,force_close
2024-01-19 11:20:00-05:00,2024-01-19 13:20:00-05:00,LONG,17224.5,17273.5,17210.5,17264.5,17264.5,17194.51704519081,17334.48295480919,17334.48295480919,34.99147740459573,69.98295480919114,1399.6590961838228,target
2024-01-23 10:00:00-05:00,2024-01-23 15:00:00-05:00,LONG,17458.0,17489.75,17447.0,17475.75,17475.75,17416.734483047043,17534.765516952957,17491.75,29.50775847647903,16.0,320.0,force_close
2024-01-24 10:00:00-05:00,2024-01-24 10:40:00-05:00,LONG,17639.75,17681.25,17635.0,17669.0,17669.0,17615.654774180162,17722.345225819838,17722.345225819838,26.672612909919128,53.34522581983765,1066.904516396753,target
2024-01-25 10:20:00-05:00,2024-01-25 13:00:00-05:00,LONG,17666.5,17715.25,17647.0,17709.5,17709.5,17636.910082110044,17782.089917889956,17636.910082110044,36.294958944978454,-72.58991788995627,-1451.7983577991254,stop
2024-01-29 09:40:00-05:00,2024-01-29 11:20:00-05:00,LONG,17546.25,17580.5,17527.25,17573.25,17573.25,17517.864240367995,17628.635759632005,17517.864240367995,27.692879816002765,-55.38575963200492,-1107.7151926400984,stop
2024-01-31 11:20:00-05:00,2024-01-31 14:40:00-05:00,SHORT,17303.75,17350.25,17298.0,17345.25,17345.25,17424.49235799708,17266.00764200292,17424.49235799708,39.621178998539094,-79.24235799707822,-1584.8471599415643,stop
2024-02-05 11:20:00-05:00,2024-02-05 12:40:00-05:00,SHORT,17591.0,17631.25,17582.25,17624.0,17624.0,17705.26050904251,17542.73949095749,17705.26050904251,40.6302545212554,-81.26050904250951,-1625.2101808501902,stop
2024-02-06 12:40:00-05:00,2024-02-06 15:00:00-05:00,SHORT,17582.75,17610.75,17558.25,17607.75,17607.75,17686.421215228747,17529.078784771253,17636.0,39.33560761437439,-28.25,-565.0,force_close
2024-02-08 11:00:00-05:00,2024-02-08 14:40:00-05:00,LONG,17845.75,17894.75,17833.0,17889.0,17889.0,17832.45524793385,17945.54475206615,17832.45524793385,28.27237603307574,-56.54475206615098,-1130.8950413230195,stop
2024-02-09 10:00:00-05:00,2024-02-09 11:00:00-05:00,LONG,17887.0,17946.25,17874.25,17938.75,17938.75,17880.2777035849,17997.2222964151,17997.2222964151,29.236148207549725,58.47229641510057,1169.4459283020115,target
2024-02-12 11:00:00-05:00,2024-02-12 13:40:00-05:00,LONG,18053.25,18086.5,18046.25,18078.5,18078.5,18026.96919798918,18130.03080201082,18026.96919798918,25.765401005411096,-51.53080201082048,-1030.6160402164096,stop
2024-02-12 14:40:00-05:00,2024-02-12 15:00:00-05:00,SHORT,17941.75,17984.0,17933.75,17977.75,17977.75,18057.206419688864,17898.293580311136,17951.5,39.72820984443147,26.25,525.0,force_close
2024-02-13 10:40:00-05:00,2024-02-13 13:00:00-05:00,SHORT,17674.75,17783.75,17671.5,17778.0,17778.0,17878.08369898618,17677.91630101382,17677.91630101382,50.04184949308921,100.0836989861782,2001.6739797235641,target
2024-02-15 10:20:00-05:00,2024-02-15 11:20:00-05:00,SHORT,17814.25,17865.75,17794.75,17852.0,17852.0,17917.54506958021,17786.45493041979,17786.45493041979,32.772534790105276,65.54506958021011,1310.9013916042022,target
2024-02-16 11:20:00-05:00,2024-02-16 15:00:00-05:00,SHORT,17809.75,17870.75,17801.25,17860.0,17860.0,17950.774754897655,17769.225245102345,17790.0,45.387377448826875,70.0,1400.0,force_close
2024-02-20 11:00:00-05:00,2024-02-20 12:20:00-05:00,SHORT,17514.75,17579.5,17508.5,17576.75,17576.75,17663.78374143921,17489.71625856079,17489.71625856079,43.516870719605045,87.03374143920882,1740.6748287841765,target
2024-02-23 11:40:00-05:00,2024-02-23 15:00:00-05:00,LONG,17975.25,18020.75,17971.25,18016.75,18016.75,17939.422737863202,18094.077262136798,18012.25,38.663631068398885,-4.5,-90.0,force_close
2024-02-26 09:40:00-05:00,2024-02-26 10:00:00-05:00,LONG,18005.0,18053.25,17992.75,18025.75,18025.75,17964.377273695918,18087.122726304082,17964.377273695918,30.68636315204133,-61.37272630408188,-1227.4545260816376,stop
2024-02-26 10:20:00-05:00,2024-02-26 15:00:00-05:00,LONG,17988.0,18028.0,17965.75,18021.75,18021.75,17950.520455380665,18092.979544619335,18017.0,35.61477230966828,-4.75,-95.0,force_close
2024-02-27 10:20:00-05:00,2024-02-27 11:40:00-05:00,LONG,17988.5,18032.25,17975.0,18030.75,18030.75,17968.230393462618,18093.269606537382,17968.230393462618,31.25980326869072,-62.51960653738206,-1250.3921307476412,stop
2024-02-27 14:20:00-05:00,2024-02-27 15:00:00-05:00,LONG,17968.0,18011.25,17967.0,18007.0,18007.0,17932.02201416572,18081.97798583428,18029.5,37.488992917139775,22.5,450.0,force_close
2024-02-28 11:20:00-05:00,2024-02-28 13:20:00-05:00,SHORT,17926.25,17964.5,17925.5,17960.75,17960.75,18028.090309070652,17893.409690929348,17893.409690929348,33.67015453532702,67.34030907065244,1346.8061814130488,target
2024-03-04 10:40:00-05:00,2024-03-04 15:00:00-05:00,LONG,18300.75,18332.75,18278.0,18328.0,18328.0,18259.6753073535,18396.3246926465,18331.5,34.16234632325019,3.5,70.0,force_close
2024-03-12 10:00:00-04:00,2024-03-12 10:40:00-04:00,LONG,18231.75,18297.5,18171.5,18293.75,18293.75,18188.379237725938,18399.120762274062,18399.120762274062,52.68538113703023,105.37076227406214,2107.415245481243,target
2024-03-13 12:00:00-04:00,2024-03-13 15:00:00-04:00,SHORT,18312.5,18341.75,18279.25,18334.25,18334.25,18413.157081848938,18255.342918151062,18379.25,39.453540924469834,-45.0,-900.0,force_close
2024-03-14 09:40:00-04:00,2024-03-14 10:00:00-04:00,SHORT,18363.0,18400.5,18333.5,18385.75,18385.75,18447.414492709304,18324.085507290696,18324.085507290696,30.832246354652565,61.664492709303886,1233.2898541860777,target
2024-03-14 10:20:00-04:00,2024-03-14 15:00:00-04:00,SHORT,18236.0,18316.5,18201.0,18284.25,18284.25,18376.07295544833,18192.42704455167,18252.75,45.911477724164705,31.5,630.0,force_close
2024-03-15 10:40:00-04:00,2024-03-15 12:20:00-04:00,SHORT,18092.5,18154.25,18081.25,18135.0,18135.0,18226.196615514764,18043.803384485236,18043.803384485236,45.598307757381825,91.19661551476383,1823.9323102952767,target
2024-03-18 09:40:00-04:00,2024-03-18 13:00:00-04:00,LONG,18280.75,18341.75,18266.75,18326.75,18326.75,18262.893327511556,18390.606672488444,18262.893327511556,31.928336244222244,-63.85667248844402,-1277.1334497688804,stop
2024-03-19 10:40:00-04:00,2024-03-19 12:40:00-04:00,SHORT,18082.25,18122.75,18065.25,18118.5,18118.5,18201.018339360504,18035.981660639496,18201.018339360504,41.259169680251595,-82.51833936050389,-1650.3667872100777,stop
2024-03-20 14:00:00-04:00,2024-03-20 14:20:00-04:00,LONG,18259.5,18278.0,18242.25,18274.75,18274.75,18212.683974915883,18336.816025084117,18336.816025084117,31.033012542057925,62.06602508411743,1241.3205016823485,target
2024-03-20 14:40:00-04:00,2024-03-20 15:00:00-04:00,LONG,18320.75,18394.25,18283.75,18364.0,18364.0,18276.358886534614,18451.641113465386,18419.5,43.82055673269281,55.5,1110.0,force_close
2024-03-22 09:00:00-04:00,2024-03-22 13:00:00-04:00,SHORT,18504.75,18536.0,18498.25,18530.0,18530.0,18583.6532357787,18476.3467642213,18583.6532357787,26.826617889350263,-53.65323577870004,-1073.0647155740007,stop
2024-03-22 14:00:00-04:00,2024-03-22 15:00:00-04:00,LONG,18595.75,18628.5,18587.0,18623.0,18623.0,18555.712371401976,18690.287628598024,18597.75,33.64381429901251,-25.25,-505.0,force_close
2024-03-25 10:00:00-04:00,2024-03-25 10:40:00-04:00,SHORT,18446.5,18489.75,18412.5,18478.25,18478.25,18540.337731438725,18416.162268561275,18540.337731438725,31.04386571936198,-62.087731438725314,-1241.7546287745063,stop
2024-03-27 12:20:00-04:00,2024-03-27 15:00:00-04:00,SHORT,18395.75,18426.5,18389.25,18424.25,18424.25,18492.359282713645,18356.140717286355,18420.0,34.05464135682338,4.25,85.0,force_close
2024-04-01 09:40:00-04:00,2024-04-01 10:20:00-04:00,LONG,18489.25,18599.25,18479.25,18594.5,18594.5,18529.59009849415,18659.40990150585,18529.59009849415,32.4549507529239,-64.90990150584912,-1298.1980301169824,stop
2024-04-02 11:20:00-04:00,2024-04-02 15:00:00-04:00,SHORT,18215.25,18272.5,18209.75,18268.5,18268.5,18349.06331690165,18187.93668309835,18277.75,40.28165845082471,-9.25,-185.0,force_close
2024-04-05 11:00:00-04:00,2024-04-05 15:00:00-04:00,LONG,18214.5,18313.5,18209.0,18313.0,18313.0,18207.19812296223,18418.80187703777,18278.0,52.90093851888544,-35.0,-700.0,force_close
2024-04-09 11:20:00-04:00,2024-04-09 15:00:00-04:00,SHORT,18217.75,18258.25,18201.5,18249.0,18249.0,18344.379573826187,18153.620426173813,18252.75,47.68978691309415,-3.75,-75.0,force_close
2024-04-10 09:40:00-04:00,2024-04-10 15:00:00-04:00,SHORT,18117.25,18192.0,18099.75,18181.25,18181.25,18298.140548069652,18064.359451930348,18128.5,58.445274034826475,52.75,1055.0,force_close
2024-04-15 11:40:00-04:00,2024-04-15 12:40:00-04:00,SHORT,18173.75,18224.0,18156.25,18206.25,18206.25,18305.492031473008,18107.007968526992,18107.007968526992,49.62101573650336,99.24203147300796,1984.840629460159,target
2024-04-15 14:00:00-04:00,2024-04-15 15:00:00-04:00,SHORT,17904.25,17936.75,17874.5,17924.0,17924.0,18048.58552555087,17799.41447444913,17886.5,62.292762775433864,37.5,750.0,force_close
2024-04-16 10:00:00-04:00,2024-04-16 14:20:00-04:00,SHORT,17862.0,17913.0,17819.5,17898.25,17898.25,17983.131900350418,17813.368099649582,17983.131900350418,42.440950175208044,-84.88190035041771,-1697.6380070083542,stop
2024-04-18 10:00:00-04:00,2024-04-18 10:40:00-04:00,SHORT,17564.25,17650.0,17557.75,17610.25,17610.25,17695.846822908683,17524.653177091317,17695.846822908683,42.798411454341704,-85.59682290868295,-1711.936458173659,stop
2024-04-22 11:40:00-04:00,2024-04-22 13:40:00-04:00,SHORT,17166.75,17241.75,17161.25,17236.75,17236.75,17331.424168614718,17142.075831385282,17331.424168614718,47.337084307358985,-94.67416861471793,-1893.4833722943586,stop
2024-04-23 10:00:00-04:00,2024-04-23 10:40:00-04:00,LONG,17439.0,17530.25,17431.75,17501.0,17501.0,17425.138001425625,17576.861998574375,17576.861998574375,37.93099928718838,75.86199857437532,1517.2399714875064,target
2024-04-24 09:40:00-04:00,2024-04-24 11:00:00-04:00,LONG,17691.5,17777.75,17689.75,17764.0,17764.0,17699.46143440624,17828.53856559376,17699.46143440624,32.26928279688021,-64.53856559376072,-1290.7713118752145,stop
2024-04-25 10:20:00-04:00,2024-04-25 13:40:00-04:00,SHORT,17357.5,17446.25,17326.75,17429.0,17429.0,17531.93539891628,17326.06460108372,17531.93539891628,51.46769945814089,-102.93539891628097,-2058.7079783256195,stop
2024-05-01 10:40:00-04:00,2024-05-01 11:20:00-04:00,SHORT,17459.0,17500.25,17441.75,17492.5,17492.5,17572.19903502752,17412.80096497248,17412.80096497248,39.84951751375892,79.69903502751913,1593.9807005503826,target
2024-05-01 11:40:00-04:00,2024-05-01 14:40:00-04:00,SHORT,17421.75,17471.0,17414.75,17468.0,17468.0,17555.685051004177,17380.314948995823,17555.685051004177,43.84252550208759,-87.68505100417678,-1753.7010200835357,stop
2024-05-06 12:40:00-04:00,2024-05-06 15:00:00-04:00,LONG,18085.0,18111.25,18065.0,18106.75,18106.75,18045.89748936559,18167.60251063441,18146.75,30.426255317204827,40.0,800.0,force_close
2024-05-08 09:40:00-04:00,2024-05-08 10:00:00-04:00,SHORT,18088.25,18128.75,18076.0,18122.75,18122.75,18174.221945921407,18071.278054078593,18174.221945921407,25.735972960703556,-51.471945921406586,-1029.4389184281317,stop
2024-05-09 10:40:00-04:00,2024-05-09 15:00:00-04:00,LONG,18134.0,18216.0,18131.5,18204.75,18204.75,18133.462187560814,18276.037812439186,18232.75,35.64390621959303,28.0,560.0,force_close
2024-05-10 14:00:00-04:00,2024-05-10 15:00:00-04:00,LONG,18228.25,18256.5,18205.0,18254.0,18254.0,18183.27098860377,18324.72901139623,18256.75,35.36450569811412,2.75,55.0,force_close
2024-05-14 09:00:00-04:00,2024-05-14 10:00:00-04:00,SHORT,18257.75,18278.25,18243.25,18264.25,18264.25,18318.15899760412,18210.34100239588,18318.15899760412,26.95449880206009,-53.908997604121396,-1078.179952082428,stop
2024-05-14 11:00:00-04:00,2024-05-14 15:00:00-04:00,LONG,18304.0,18341.75,18281.0,18337.25,18337.25,18262.437587878383,18412.062412121617,18410.25,37.40620606080812,73.0,1460.0,force_close
2024-05-16 14:00:00-04:00,2024-05-16 15:00:00-04:00,LONG,18694.0,18715.75,18677.0,18710.75,18710.75,18650.903340447974,18770.596659552026,18694.75,29.923329776013265,-16.0,-320.0,force_close
2024-05-17 12:00:00-04:00,2024-05-17 14:20:00-04:00,SHORT,18633.75,18658.25,18619.25,18653.75,18653.75,18707.43279998411,18600.06720001589,18600.06720001589,26.84139999205535,53.682799984111625,1073.6559996822325,target
2024-05-20 09:40:00-04:00,2024-05-20 10:00:00-04:00,LONG,18652.75,18713.25,18632.75,18701.25,18701.25,18654.372597400903,18748.127402599097,18748.127402599097,23.438701299549102,46.87740259909697,937.5480519819394,target
2024-05-23 10:20:00-04:00,2024-05-23 11:00:00-04:00,SHORT,18851.0,18916.25,18844.0,18894.0,18894.0,18963.863735133982,18824.136264866018,18824.136264866018,34.931867566991045,69.86373513398212,1397.2747026796424,target
2024-05-23 11:20:00-04:00,2024-05-23 13:40:00-04:00,SHORT,18805.75,18899.5,18802.5,18876.75,18876.75,18969.807990557347,18783.692009442653,18783.692009442653,46.52899527867322,93.05799055734678,1861.1598111469357,target
2024-05-24 10:20:00-04:00,2024-05-24 11:20:00-04:00,LONG,18752.5,18819.25,18747.0,18817.25,18817.25,18751.374284223897,18883.125715776103,18883.125715776103,32.93785788805069,65.87571577610288,1317.5143155220576,target
2024-05-28 10:20:00-04:00,2024-05-28 14:40:00-04:00,SHORT,18866.75,18905.25,18840.0,18892.75,18892.75,18956.597869230183,18828.902130769817,18828.902130769817,31.923934615091067,63.84786923018328,1276.9573846036656,target
2024-05-29 09:40:00-04:00,2024-05-29 10:40:00-04:00,SHORT,18764.25,18820.0,18752.75,18803.25,18803.25,18863.492120142902,18743.007879857098,18863.492120142902,30.121060071451492,-60.24212014290242,-1204.8424028580484,stop
2024-05-30 11:40:00-04:00,2024-05-30 15:00:00-04:00,SHORT,18661.25,18695.0,18647.75,18683.75,18683.75,18760.26006006762,18607.23993993238,18671.0,38.255030033810534,12.75,255.0,force_close
2024-06-05 10:40:00-04:00,2024-06-05 13:00:00-04:00,LONG,18838.75,18939.25,18833.25,18927.5,18927.5,18850.66380904982,19004.33619095018,19004.33619095018,38.41809547508957,76.83619095018003,1536.7238190036005,target
2024-06-07 09:20:00-04:00,2024-06-07 11:00:00-04:00,SHORT,18985.75,19040.0,18971.5,19027.75,19027.75,19099.978085088373,18955.521914911627,19099.978085088373,36.11404254418595,-72.22808508837261,-1444.5617017674522,stop
2024-06-07 14:40:00-04:00,2024-06-07 15:00:00-04:00,SHORT,19015.0,19059.0,19008.0,19049.75,19049.75,19149.577664439665,18949.922335560335,19051.5,49.913832219831576,-1.75,-35.0,force_close
2024-06-10 09:40:00-04:00,2024-06-10 12:00:00-04:00,SHORT,18981.0,19026.25,18975.25,19017.25,19017.25,19110.478694926114,18924.021305073886,19110.478694926114,46.61434746305711,-93.22869492611426,-1864.5738985222852,stop
2024-06-11 10:20:00-04:00,2024-06-11 11:00:00-04:00,SHORT,19033.5,19075.25,19023.5,19061.75,19061.75,19124.50121600695,18998.99878399305,19124.50121600695,31.37560800347493,-62.75121600694911,-1255.0243201389821,stop
2024-06-14 09:40:00-04:00,2024-06-14 15:00:00-04:00,LONG,19561.0,19604.5,19554.75,19600.0,19600.0,19447.186979620517,19752.813020379483,19666.25,76.40651018974202,66.25,1325.0,force_close
2024-06-20 10:40:00-04:00,2024-06-20 12:40:00-04:00,SHORT,20123.75,20197.25,20116.0,20190.0,20190.0,20267.292137725548,20112.707862274452,20112.707862274452,38.646068862774435,77.29213772554795,1545.842754510959,target
2024-06-20 14:00:00-04:00,2024-06-20 15:00:00-04:00,SHORT,19973.5,20036.25,19969.25,20031.75,20031.75,20142.44181114647,19921.05818885353,20016.75,55.34590557323438,15.0,300.0,force_close
2024-06-25 10:00:00-04:00,2024-06-25 10:20:00-04:00,SHORT,19803.0,19854.75,19795.5,19834.5,19834.5,19899.418031651967,19769.581968348033,19899.418031651967,32.45901582598358,-64.91803165196688,-1298.3606330393377,stop
2024-06-25 11:20:00-04:00,2024-06-25 13:00:00-04:00,LONG,19866.75,19946.0,19863.75,19936.0,19936.0,19854.907502030095,20017.092497969905,19854.907502030095,40.54624898495202,-81.0924979699048,-1621.849959398096,stop
2024-06-27 09:40:00-04:00,2024-06-27 10:00:00-04:00,LONG,19997.25,20103.75,19987.25,20094.75,20094.75,20031.30782298956,20158.19217701044,20031.30782298956,31.721088505221726,-63.44217701044181,-1268.8435402088362,stop
2024-07-01 10:20:00-04:00,2024-07-01 12:40:00-04:00,SHORT,19891.0,19935.0,19809.25,19914.25,19914.25,20006.90231789172,19821.59768210828,20006.90231789172,46.326158945860634,-92.65231789171958,-1853.0463578343915,stop
2024-07-03 12:00:00-04:00,2024-07-03 14:20:00-04:00,LONG,20332.5,20384.75,20325.0,20378.5,20378.5,20301.77823679976,20455.22176320024,20455.22176320024,38.36088160012017,76.72176320023937,1534.4352640047873,target
2024-07-05 09:40:00-04:00,2024-07-05 11:00:00-04:00,LONG,20429.75,20497.0,20419.75,20486.75,20486.75,20425.42879219819,20548.07120780181,20548.07120780181,30.66060390090659,61.3212078018114,1226.424156036228,target
2024-07-08 10:00:00-04:00,2024-07-08 15:00:00-04:00,LONG,20610.5,20655.75,20605.5,20634.25,20634.25,20572.236593592897,20696.263406407103,20648.5,31.00670320355174,14.25,285.0,force_close
2024-07-10 10:00:00-04:00,2024-07-10 11:20:00-04:00,LONG,20738.75,20780.25,20731.5,20761.75,20761.75,20719.481444275156,20804.018555724844,20719.481444275156,21.134277862421758,-42.26855572484419,-845.3711144968838,stop
2024-07-12 10:00:00-04:00,2024-07-12 10:40:00-04:00,LONG,20454.5,20552.25,20431.0,20539.25,20539.25,20454.527313448183,20623.972686551817,20623.972686551817,42.36134327590804,84.72268655181688,1694.4537310363376,target
2024-07-15 14:40:00-04:00,2024-07-15 15:00:00-04:00,SHORT,20554.5,20635.5,20551.5,20601.0,20601.0,20716.085595731405,20485.914404268595,20618.25,57.54279786570227,-17.25,-345.0,force_close
2024-07-16 09:40:00-04:00,2024-07-16 10:00:00-04:00,LONG,20642.25,20687.0,20628.75,20679.5,20679.5,20613.136114307064,20745.863885692936,20613.136114307064,33.181942846468445,-66.36388569293558,-1327.2777138587116,stop
2024-07-16 14:40:00-04:00,2024-07-16 15:00:00-04:00,SHORT,20494.75,20576.5,20486.0,20570.5,20570.5,20681.719377795103,20459.280622204897,20590.5,55.60968889755227,-20.0,-400.0,force_close
2024-07-18 11:00:00-04:00,2024-07-18 11:20:00-04:00,SHORT,19950.75,20024.75,19890.75,19992.0,19992.0,20109.020764897294,19874.979235102706,19874.979235102706,58.51038244864766,117.0207648972937,2340.415297945874,target
2024-07-18 12:40:00-04:00,2024-07-18 15:00:00-04:00,SHORT,19812.0,19896.75,19801.0,19893.5,19893.5,20034.166649984032,19752.833350015968,19847.25,70.33332499201548,46.25,925.0,force_close
2024-07-22 10:40:00-04:00,2024-07-22 11:20:00-04:00,LONG,19936.75,20013.25,19910.0,20006.5,20006.5,19901.34415724121,20111.65584275879,19901.34415724121,52.577921379395534,-105.15584275879155,-2103.116855175831,stop
2024-07-25 10:40:00-04:00,2024-07-25 11:20:00-04:00,SHORT,19007.75,19119.25,18978.25,19093.5,19093.5,19270.25309847975,18916.74690152025,19270.25309847975,88.37654923987438,-176.7530984797486,-3535.0619695949717,stop
2024-08-14 11:00:00-04:00,2024-08-14 12:00:00-04:00,LONG,18975.75,19074.5,18967.25,19066.0,19066.0,18950.31948208657,19181.68051791343,19181.68051791343,57.840258956716696,115.68051791343169,2313.6103582686337,target
2024-08-22 12:20:00-04:00,2024-08-22 13:40:00-04:00,SHORT,19708.75,19760.25,19701.5,19752.5,19752.5,19860.128070471415,19644.871929528585,19644.871929528585,53.81403523570754,107.62807047141541,2152.5614094283083,target
2024-08-22 14:20:00-04:00,2024-08-22 15:00:00-04:00,SHORT,19608.0,19656.5,19581.75,19650.25,19650.25,19784.735003020647,19515.764996979353,19612.0,67.24250151032285,38.25,765.0,force_close
2024-08-23 10:20:00-04:00,2024-08-23 11:00:00-04:00,LONG,19754.75,19899.0,19740.25,19826.0,19826.0,19742.58266202395,19909.41733797605,19742.58266202395,41.708668988024336,-83.41733797605048,-1668.3467595210095,stop
2024-08-27 10:00:00-04:00,2024-08-27 10:40:00-04:00,SHORT,19473.75,19573.25,19439.25,19537.75,19537.75,19629.479255045615,19446.020744954385,19629.479255045615,45.86462752280837,-91.72925504561499,-1834.5851009122998,stop
2024-08-28 11:40:00-04:00,2024-08-28 14:00:00-04:00,SHORT,19353.0,19409.5,19342.5,19399.5,19399.5,19501.561284870706,19297.438715129294,19297.438715129294,51.03064243535242,102.061284870706,2041.22569741412,target
2024-09-04 10:00:00-04:00,2024-09-04 10:20:00-04:00,SHORT,18882.0,18993.75,18878.5,18971.0,18971.0,19070.76984165931,18871.23015834069,18871.23015834069,49.88492082965411,99.76984165930844,1995.3968331861688,target
2024-09-09 11:40:00-04:00,2024-09-09 13:00:00-04:00,SHORT,18513.0,18600.5,18504.25,18595.5,18595.5,18709.346036306597,18481.653963693403,18709.346036306597,56.9230181532976,-113.84603630659694,-2276.920726131939,stop
2024-09-20 11:40:00-04:00,2024-09-20 15:00:00-04:00,SHORT,19894.0,19960.75,19892.25,19948.75,19948.75,20045.73838534604,19851.76161465396,19995.5,48.49419267302056,-46.75,-935.0,force_close
2024-09-24 11:00:00-04:00,2024-09-24 12:00:00-04:00,SHORT,19971.75,20079.25,19950.5,20074.75,20074.75,20176.59541650804,19972.90458349196,20176.59541650804,50.92270825402071,-101.84541650804022,-2036.9083301608043,stop
2024-09-25 09:40:00-04:00,2024-09-25 10:20:00-04:00,LONG,20145.75,20208.25,20135.75,20188.0,20188.0,20130.867280507304,20245.132719492696,20245.132719492696,28.566359746348194,57.1327194926962,1142.654389853924,target
2024-09-26 12:00:00-04:00,2024-09-26 13:20:00-04:00,SHORT,20254.75,20326.75,20244.5,20322.75,20322.75,20435.74269861946,20209.75730138054,20209.75730138054,56.49634930972853,112.99269861945868,2259.8539723891736,target
2024-10-02 10:20:00-04:00,2024-10-02 15:00:00-04:00,SHORT,19911.75,20005.5,19903.0,20000.25,20000.25,20129.41881374298,19871.08118625702,20027.5,64.58440687149071,-27.25,-545.0,force_close
2024-10-08 10:00:00-04:00,2024-10-08 11:00:00-04:00,LONG,20083.25,20160.5,20069.75,20157.0,20157.0,20076.43056468083,20237.56943531917,20237.56943531917,40.284717659583826,80.5694353191684,1611.3887063833681,target
2024-10-09 10:20:00-04:00,2024-10-09 11:20:00-04:00,LONG,20263.75,20324.25,20260.5,20320.0,20320.0,20248.5330120407,20391.4669879593,20391.4669879593,35.733493979649175,71.46698795929842,1429.3397591859684,target
2024-10-09 12:00:00-04:00,2024-10-09 14:00:00-04:00,LONG,20405.25,20450.75,20400.0,20443.75,20443.75,20364.61166969051,20522.88833030949,20364.61166969051,39.56916515474557,-79.13833030949172,-1582.7666061898344,stop
2024-10-10 10:20:00-04:00,2024-10-10 12:20:00-04:00,LONG,20357.75,20418.0,20351.25,20399.0,20399.0,20316.58965346157,20481.41034653843,20481.41034653843,41.20517326921457,82.41034653842871,1648.2069307685742,target
2024-10-11 10:00:00-04:00,2024-10-11 10:20:00-04:00,SHORT,20321.5,20374.25,20312.25,20362.25,20362.25,20430.32195412925,20294.17804587075,20430.32195412925,34.03597706462498,-68.0719541292492,-1361.4390825849841,stop
2024-10-14 10:00:00-04:00,2024-10-14 10:20:00-04:00,LONG,20581.0,20673.75,20577.0,20670.25,20670.25,20600.81275542941,20739.68724457059,20600.81275542941,34.71862228529515,-69.43724457058852,-1388.7448914117704,stop
2024-10-15 11:00:00-04:00,2024-10-15 15:00:00-04:00,SHORT,20375.5,20451.75,20329.0,20400.0,20400.0,20508.648208696643,20291.351791303357,20329.0,54.32410434832146,71.0,1420.0,force_close
2024-10-16 10:20:00-04:00,2024-10-16 14:40:00-04:00,SHORT,20221.75,20310.75,20203.75,20286.5,20286.5,20370.191934629787,20202.808065370213,20370.191934629787,41.84596731489283,-83.69193462978728,-1673.8386925957457,stop
2024-11-05 09:40:00-05:00,2024-11-05 10:20:00-05:00,SHORT,20143.0,20239.0,20135.5,20231.75,20231.75,20309.51239733799,20153.98760266201,20309.51239733799,38.881198668995175,-77.76239733798866,-1555.2479467597732,stop
2024-11-06 09:40:00-05:00,2024-11-06 10:00:00-05:00,LONG,20675.25,20798.0,20650.0,20791.75,20791.75,20676.243587587844,20907.256412412156,20676.243587587844,57.753206206078104,-115.50641241215635,-2310.128248243127,stop
2024-11-18 10:20:00-05:00,2024-11-18 11:20:00-05:00,SHORT,20527.75,20622.0,20519.25,20611.5,20611.5,20708.357525524956,20514.642474475044,20708.357525524956,48.428762762477184,-96.85752552495615,-1937.150510499123,stop
2024-11-20 12:00:00-05:00,2024-11-20 14:00:00-05:00,SHORT,20601.5,20711.25,20596.75,20689.25,20689.25,20809.734186526373,20568.765813473627,20568.765813473627,60.24209326318647,120.48418652637338,2409.6837305274676,target
2024-11-29 10:20:00-05:00,2024-11-29 13:40:00-05:00,LONG,20913.25,20973.75,20903.0,20969.75,20969.75,20897.652363950863,21041.847636049137,21041.847636049137,36.048818024567936,72.09763604913678,1441.9527209827356,target
2024-12-04 14:20:00-05:00,2024-12-04 15:00:00-05:00,LONG,21472.75,21504.0,21460.75,21498.75,21498.75,21430.69475679934,21566.80524320066,21511.75,34.027621600328885,13.0,260.0,force_close
2024-12-05 10:20:00-05:00,2024-12-05 13:40:00-05:00,LONG,21509.0,21539.0,21500.5,21528.0,21528.0,21482.454636518505,21573.545363481495,21482.454636518505,22.77268174074801,-45.54536348149486,-910.9072696298972,stop
2024-12-10 10:20:00-05:00,2024-12-10 11:00:00-05:00,LONG,21549.25,21609.0,21540.5,21600.5,21600.5,21538.88067741973,21662.11932258027,21538.88067741973,30.80966129013522,-61.61932258027082,-1232.3864516054164,stop
2024-12-13 09:40:00-05:00,2024-12-13 10:00:00-05:00,LONG,21796.0,21845.0,21773.25,21832.5,21832.5,21777.385961115706,21887.614038884294,21887.614038884294,27.5570194421465,55.11403888429413,1102.2807776858826,target
2024-12-13 11:20:00-05:00,2024-12-13 15:00:00-05:00,SHORT,21685.25,21738.25,21664.25,21734.5,21734.5,21823.24969476904,21645.75030523096,21801.0,44.37484738452151,-66.5,-1330.0,force_close
2024-12-18 10:00:00-05:00,2024-12-18 14:20:00-05:00,SHORT,22251.0,22300.75,22237.75,22286.25,22286.25,22363.776078279527,22208.723921720473,22208.723921720473,38.763039139763755,77.5260782795267,1550.521565590534,target
2024-12-19 11:40:00-05:00,2024-12-19 12:40:00-05:00,SHORT,21503.0,21631.0,21500.5,21621.0,21621.0,21785.069159262563,21456.930840737437,21456.930840737437,82.03457963128069,164.0691592625626,3281.383185251252,target
2024-12-20 10:20:00-05:00,2024-12-20 10:40:00-05:00,LONG,21234.25,21356.25,21226.25,21342.75,21342.75,21191.011602156017,21494.488397843983,21494.488397843983,75.86919892199221,151.73839784398297,3034.7679568796593,target
2024-12-23 10:40:00-05:00,2024-12-23 12:20:00-05:00,SHORT,21540.25,21592.5,21515.5,21585.75,21585.75,21719.475119745937,21452.024880254063,21719.475119745937,66.86255987296948,-133.72511974593726,-2674.5023949187453,stop
2024-12-26 09:40:00-05:00,2024-12-26 10:00:00-05:00,SHORT,21956.0,22010.5,21936.75,21986.0,21986.0,22078.252053760854,21893.747946239146,21893.747946239146,46.12602688042788,92.25205376085432,1845.0410752170865,target
2024-12-26 10:40:00-05:00,2024-12-26 15:00:00-05:00,SHORT,21942.75,22013.25,21933.0,22002.25,22002.25,22111.619811265526,21892.880188734474,22045.0,54.684905632762415,-42.75,-855.0,force_close
2024-12-27 11:00:00-05:00,2024-12-27 15:00:00-05:00,SHORT,21548.0,21618.75,21533.75,21597.0,21597.0,21712.118317870336,21481.881682129664,21706.5,57.55915893516817,-109.5,-2190.0,force_close
2024-12-30 10:40:00-05:00,2024-12-30 12:20:00-05:00,SHORT,21295.75,21372.25,21259.75,21364.25,21364.25,21494.047368728585,21234.452631271415,21494.047368728585,64.89868436429207,-129.79736872858484,-2595.947374571697,stop
2024-12-31 10:00:00-05:00,2024-12-31 10:20:00-05:00,SHORT,21384.5,21455.75,21365.5,21435.0,21435.0,21534.725918283133,21335.274081716867,21335.274081716867,49.86295914156585,99.72591828313307,1994.5183656626614,target
2025-01-07 11:00:00-05:00,2025-01-07 13:00:00-05:00,SHORT,21434.75,21554.0,21397.0,21547.0,21547.0,21693.52457376893,21400.47542623107,21400.47542623107,73.26228688446433,146.52457376892926,2930.491475378585,target
2025-01-10 09:20:00-05:00,2025-01-10 10:00:00-05:00,SHORT,21120.0,21198.25,21086.25,21172.5,21172.5,21309.89857190781,21035.10142809219,21035.10142809219,68.6992859539044,137.39857190780822,2747.9714381561644,target
2025-01-10 10:40:00-05:00,2025-01-10 11:40:00-05:00,SHORT,20938.25,21087.5,20932.25,21071.0,21071.0,21251.541339865133,20890.458660134867,20890.458660134867,90.27066993256621,180.5413398651326,3610.8267973026523,target
2025-01-13 10:00:00-05:00,2025-01-13 15:00:00-05:00,SHORT,20728.25,20844.0,20699.5,20800.25,20800.25,20931.85429726591,20668.64570273409,20906.25,65.80214863295447,-106.0,-2120.0,force_close
2025-01-14 10:20:00-05:00,2025-01-14 11:00:00-05:00,LONG,20978.25,21113.25,20965.25,21076.25,21076.25,20933.32313193846,21219.17686806154,20933.32313193846,71.4634340307688,-142.9268680615387,-2858.537361230774,stop
2025-01-16 14:20:00-05:00,2025-01-16 15:00:00-05:00,SHORT,21288.25,21349.75,21274.75,21341.25,21341.25,21466.43385428785,21216.06614571215,21376.25,62.5919271439244,-35.0,-700.0,force_close
2025-01-22 09:40:00-05:00,2025-01-22 10:00:00-05:00,LONG,21910.75,21984.25,21896.75,21958.25,21958.25,21897.775059087417,22018.724940912583,22018.724940912583,30.237470456292538,60.474940912583406,1209.4988182516681,target
2025-01-23 10:40:00-05:00,2025-01-23 15:00:00-05:00,LONG,21882.0,21940.75,21878.25,21929.25,21929.25,21861.849489732896,21996.650510267104,21953.0,33.7002551335515,23.75,475.0,force_close
2025-01-27 09:40:00-05:00,2025-01-27 15:00:00-05:00,SHORT,21124.25,21294.25,21100.75,21286.25,21286.25,21470.590912422624,21101.909087577376,21133.75,92.17045621131179,152.5,3050.0,force_close
2025-01-30 11:40:00-05:00,2025-01-30 15:00:00-05:00,SHORT,21470.75,21572.25,21470.25,21552.0,21552.0,21692.299866013687,21411.700133986313,21658.25,70.14993300684412,-106.25,-2125.0,force_close
2025-01-31 10:00:00-05:00,2025-01-31 11:00:00-05:00,LONG,21796.75,21874.75,21786.0,21865.0,21865.0,21783.00071491544,21946.99928508456,21946.99928508456,40.999642542280206,81.99928508455923,1639.9857016911847,target
2025-02-03 09:40:00-05:00,2025-02-03 10:20:00-05:00,LONG,21219.0,21317.5,21175.0,21308.0,21308.0,21166.12915907503,21449.87084092497,21166.12915907503,70.93542046248498,-141.87084092497025,-2837.416818499405,stop
2025-02-11 09:20:00-05:00,2025-02-11 09:40:00-05:00,SHORT,21677.25,21712.0,21667.25,21700.75,21700.75,21764.30173814544,21637.19826185456,21764.30173814544,31.77586907272011,-63.55173814544105,-1271.034762908821,stop
2025-02-12 09:40:00-05:00,2025-02-12 10:40:00-05:00,SHORT,21538.25,21629.25,21527.0,21614.0,21614.0,21738.528188491277,21489.471811508723,21738.528188491277,62.26409424563741,-124.52818849127652,-2490.5637698255305,stop
2025-02-12 12:00:00-05:00,2025-02-12 15:00:00-05:00,LONG,21700.25,21786.75,21695.5,21779.5,21779.5,21633.87727724596,21925.12272275404,21831.25,72.81136137702036,51.75,1035.0,force_close
2025-02-13 10:00:00-05:00,2025-02-13 10:40:00-05:00,LONG,21856.0,21932.25,21835.75,21920.75,21920.75,21821.430510062688,22020.069489937312,22020.069489937312,49.65974496865522,99.31948993731203,1986.3897987462406,target
2025-02-18 11:00:00-05:00,2025-02-18 14:20:00-05:00,SHORT,22156.25,22192.25,22128.75,22184.75,22184.75,22261.24430760962,22108.25569239038,22108.25569239038,38.2471538048107,76.49430760962059,1529.8861521924118,target
2025-02-18 14:40:00-05:00,2025-02-18 15:00:00-05:00,SHORT,22115.25,22170.25,22102.0,22147.0,22147.0,22230.971567451375,22063.028432548625,22179.0,41.9857837256874,-32.0,-640.0,force_close
2025-02-19 11:20:00-05:00,2025-02-19 15:00:00-05:00,SHORT,22163.25,22226.75,22157.25,22211.75,22211.75,22293.631117647827,22129.868882352173,22295.75,40.940558823913406,-84.0,-1680.0,force_close
2025-02-20 10:20:00-05:00,2025-02-20 11:00:00-05:00,SHORT,22013.25,22090.0,21948.75,22077.75,22077.75,22173.953891520396,21981.546108479604,21981.546108479604,48.10194576019872,96.2038915203957,1924.077830407914,target
2025-02-25 12:00:00-05:00,2025-02-25 15:00:00-05:00,SHORT,21065.0,21205.5,21039.25,21171.0,21171.0,21334.636163801566,21007.363836198434,21201.75,81.81808190078377,-30.75,-615.0,force_close
2025-02-27 10:20:00-05:00,2025-02-27 14:40:00-05:00,SHORT,21011.0,21104.0,20893.5,21087.5,21087.5,21249.209996852325,20925.790003147675,20925.790003147675,80.8549984261633,161.70999685232528,3234.1999370465055,target
2025-03-03 11:20:00-05:00,2025-03-03 13:20:00-05:00,LONG,20855.25,20940.75,20855.25,20935.25,20935.25,20762.064047857944,21108.435952142056,20762.064047857944,86.5929760710269,-173.1859521420556,-3463.7190428411122,stop
2025-03-03 14:00:00-05:00,2025-03-03 15:00:00-05:00,SHORT,20664.5,20773.25,20657.75,20749.5,20749.5,20949.572429441032,20549.427570558968,20604.25,100.03621472051661,145.25,2905.0,force_close
2025-03-05 12:40:00-05:00,2025-03-05 14:20:00-05:00,LONG,20397.0,20507.25,20384.75,20500.75,20500.75,20293.821404944014,20707.678595055986,20707.678595055986,103.46429752799354,206.92859505598608,4138.571901119722,target
2025-03-06 10:20:00-05:00,2025-03-06 12:00:00-05:00,SHORT,20279.0,20462.75,20250.5,20443.5,20443.5,20595.567314569187,20291.432685430813,20291.432685430813,76.03365728459296,152.06731456918715,3041.346291383743,target
2025-03-10 11:40:00-04:00,2025-03-10 13:20:00-04:00,SHORT,19572.5,19705.25,19558.0,19668.25,19668.25,19841.475502238238,19495.024497761762,19495.024497761762,86.61275111911807,173.22550223823782,3464.5100447647565,target
2025-03-11 11:20:00-04:00,2025-03-11 13:40:00-04:00,SHORT,19313.0,19511.25,19282.5,19469.0,19469.0,19686.027848027123,19251.972151972877,19251.972151972877,108.51392401356212,217.02784802712267,4340.556960542453,target
2025-03-13 10:20:00-04:00,2025-03-13 11:20:00-04:00,SHORT,19367.5,19532.0,19324.5,19521.75,19521.75,19681.526742270493,19361.973257729507,19361.973257729507,79.88837113524632,159.77674227049283,3195.5348454098566,target
2025-03-14 09:40:00-04:00,2025-03-14 10:20:00-04:00,LONG,19466.25,19600.5,19450.75,19581.5,19581.5,19492.650503786124,19670.349496213876,19492.650503786124,44.42474810693803,-88.84949621387568,-1776.9899242775136,stop
2025-03-25 10:40:00-04:00,2025-03-25 15:00:00-04:00,LONG,20426.0,20465.0,20415.75,20462.5,20462.5,20396.029260458236,20528.970739541764,20427.75,33.235369770882,-34.75,-695.0,force_close
2025-03-26 14:20:00-04:00,2025-03-26 15:00:00-04:00,SHORT,20083.25,20135.0,20074.75,20122.5,20122.5,20222.875741437743,20022.124258562257,20057.25,50.18787071887221,65.25,1305.0,force_close
2025-03-27 10:00:00-04:00,2025-03-27 11:00:00-04:00,SHORT,19951.75,20091.0,19937.25,20076.5,20076.5,20176.2034608978,19976.7965391022,20176.2034608978,49.85173044889882,-99.70346089779923,-1994.0692179559846,stop
2025-03-28 09:20:00-04:00,2025-03-28 09:40:00-04:00,SHORT,19864.75,19966.0,19852.25,19950.25,19950.25,20032.629501713534,19867.870498286466,19867.870498286466,41.18975085676755,82.37950171353441,1647.5900342706882,target
2025-03-31 10:00:00-04:00,2025-03-31 11:40:00-04:00,SHORT,19070.0,19127.0,18976.75,19089.25,19089.25,19204.916214297384,18973.583785702616,19204.916214297384,57.83310714869144,-115.6662142973837,-2313.324285947674,stop
2025-04-01 10:40:00-04:00,2025-04-01 11:20:00-04:00,LONG,19286.5,19436.0,19261.25,19410.25,19410.25,19277.466721384917,19543.033278615083,19543.033278615083,66.39163930754182,132.78327861508296,2655.6655723016593,target
2025-04-02 09:40:00-04:00,2025-04-02 10:20:00-04:00,LONG,19356.75,19519.0,19316.5,19499.0,19499.0,19396.718360246396,19601.281639753604,19601.281639753604,51.14081987680173,102.2816397536044,2045.632795072088,target
2025-04-04 11:20:00-04:00,2025-04-04 13:20:00-04:00,SHORT,17854.75,18148.0,17823.0,18042.75,18042.75,18381.53350489238,17703.96649510762,17703.96649510762,169.39175244619108,338.78350489238073,6775.670097847615,target
2025-04-07 10:20:00-04:00,2025-04-07 10:40:00-04:00,LONG,17273.0,18361.5,17163.75,17982.25,17982.25,17420.870501691912,18543.629498308088,17420.870501691912,280.68974915404414,-561.3794983080879,-11227.589966161759,stop
2025-04-15 09:40:00-04:00,2025-04-15 10:40:00-04:00,LONG,18952.5,19069.0,18947.75,19059.25,19059.25,18956.94911198393,19161.55088801607,18956.94911198393,51.15044400803446,-102.30088801607053,-2046.0177603214106,stop
2025-04-17 11:20:00-04:00,2025-04-17 15:00:00-04:00,SHORT,18304.0,18443.75,18291.0,18422.25,18422.25,18581.04443366447,18263.45556633553,18420.0,79.39721683223395,2.25,45.0,force_close
2025-04-24 10:00:00-04:00,2025-04-24 10:40:00-04:00,LONG,18902.25,19060.5,18897.5,19051.75,19051.75,18927.03314620508,19176.46685379492,19176.46685379492,62.35842689745881,124.71685379491828,2494.3370758983656,target
2025-04-29 10:00:00-04:00,2025-04-29 11:20:00-04:00,LONG,19424.25,19546.0,19417.0,19506.25,19506.25,19402.58764538529,19609.91235461471,19609.91235461471,51.831177307354736,103.66235461470933,2073.2470922941866,target
2025-04-30 10:20:00-04:00,2025-04-30 11:20:00-04:00,SHORT,19120.5,19273.25,19103.75,19269.75,19269.75,19398.46619951446,19141.03380048554,19398.46619951446,64.35809975722921,-128.71619951445973,-2574.3239902891946,stop
2025-05-06 09:40:00-04:00,2025-05-06 10:00:00-04:00,SHORT,19816.0,19863.25,19779.75,19861.75,19861.75,19941.33827435031,19782.16172564969,19782.16172564969,39.79413717515563,79.5882743503098,1591.765487006196,target
2025-05-06 10:20:00-04:00,2025-05-06 12:20:00-04:00,SHORT,19757.5,19870.75,19739.0,19867.25,19867.25,19970.216420230627,19764.283579769373,19970.216420230627,51.483210115312765,-102.96642023062668,-2059.3284046125336,stop
2025-05-13 10:20:00-04:00,2025-05-13 12:40:00-04:00,LONG,21125.0,21246.5,21115.25,21217.0,21217.0,21119.158218326993,21314.841781673007,21314.841781673007,48.92089083650399,97.84178167300706,1956.8356334601413,target
2025-05-15 11:20:00-04:00,2025-05-15 13:00:00-04:00,LONG,21335.25,21400.25,21327.5,21389.5,21389.5,21292.080092566142,21486.919907433858,21486.919907433858,48.70995371692866,97.41990743385759,1948.3981486771518,target
2025-05-21 09:40:00-04:00,2025-05-21 10:20:00-04:00,SHORT,21277.25,21345.25,21262.5,21341.25,21341.25,21418.77577001574,21263.72422998426,21418.77577001574,38.76288500786999,-77.52577001574173,-1550.5154003148346,stop
2025-05-27 10:20:00-04:00,2025-05-27 13:20:00-04:00,LONG,21292.75,21375.5,21292.25,21374.0,21374.0,21286.491082385684,21461.508917614316,21461.508917614316,43.75445880715862,87.50891761431558,1750.1783522863116,target
2025-05-30 10:20:00-04:00,2025-05-30 12:40:00-04:00,SHORT,21257.5,21383.75,21254.0,21376.25,21376.25,21492.42391590413,21260.07608409587,21260.07608409587,58.08695795206505,116.17391590413172,2323.4783180826344,target
2025-05-30 14:20:00-04:00,2025-05-30 15:00:00-04:00,SHORT,21176.5,21286.25,21174.75,21279.25,21279.25,21427.61063818992,21130.88936181008,21300.75,74.18031909495907,-21.5,-430.0,force_close
2025-06-05 14:40:00-04:00,2025-06-05 15:00:00-04:00,SHORT,21668.5,21739.75,21664.75,21721.5,21721.5,21863.521787836176,21579.478212163824,21686.75,71.01089391808773,34.75,695.0,force_close
2025-06-23 10:00:00-04:00,2025-06-23 11:00:00-04:00,LONG,21867.5,21928.5,21854.0,21925.25,21925.25,21836.750743420038,22013.749256579962,22013.749256579962,44.24962828998122,88.4992565799621,1769.9851315992419,target
2025-06-25 09:40:00-04:00,2025-06-25 10:00:00-04:00,LONG,22501.5,22541.75,22493.0,22541.0,22541.0,22500.84164500536,22581.15835499464,22500.84164500536,20.079177497320764,-40.15835499464083,-803.1670998928166,stop
2025-06-26 10:00:00-04:00,2025-06-26 11:20:00-04:00,LONG,22515.5,22546.75,22476.0,22543.75,22543.75,22487.65528061178,22599.84471938822,22599.84471938822,28.047359694109307,56.094719388220255,1121.894387764405,target
2025-06-27 10:00:00-04:00,2025-06-27 10:20:00-04:00,LONG,22737.75,22770.0,22717.0,22764.0,22764.0,22712.396612455505,22815.603387544495,22815.603387544495,25.80169377224851,51.60338754449549,1032.0677508899098,target
2025-06-27 11:40:00-04:00,2025-06-27 14:00:00-04:00,LONG,22774.25,22813.25,22765.75,22811.75,22811.75,22744.18132963282,22879.31867036718,22744.18132963282,33.78433518359066,-67.56867036718177,-1351.3734073436353,stop
2025-07-02 09:40:00-04:00,2025-07-02 10:40:00-04:00,SHORT,22637.0,22708.25,22634.75,22703.5,22703.5,22769.9501683812,22637.0498316188,22769.9501683812,33.2250841906013,-66.45016838120137,-1329.0033676240273,stop
2025-07-03 10:20:00-04:00,2025-07-03 18:20:00-04:00,LONG,22996.0,23063.5,22993.0,23061.75,23061.75,22992.870707649327,23130.629292350673,23051.75,34.439646175336385,-10.0,-200.0,force_close
2025-07-11 10:00:00-04:00,2025-07-11 15:00:00-04:00,LONG,22893.5,22967.5,22863.0,22963.75,22963.75,22889.987192144017,23037.512807855983,22976.5,36.88140392799078,12.75,255.0,force_close
2025-07-16 12:00:00-04:00,2025-07-16 15:00:00-04:00,SHORT,22870.75,23024.25,22857.5,22990.75,22990.75,23109.607801911625,22871.892198088375,23072.75,59.428900955812104,-82.0,-1640.0,force_close
2025-07-21 09:40:00-04:00,2025-07-21 10:00:00-04:00,LONG,23238.0,23330.5,23236.5,23327.75,23327.75,23285.52116104023,23369.97883895977,23369.97883895977,21.114419479884692,42.228838959770655,844.5767791954131,target
2025-07-23 11:00:00-04:00,2025-07-23 12:00:00-04:00,SHORT,23163.75,23203.5,23156.5,23199.5,23199.5,23259.56537073492,23139.43462926508,23259.56537073492,30.032685367459443,-60.06537073491927,-1201.3074146983854,stop
2025-07-25 10:00:00-04:00,2025-07-25 12:20:00-04:00,LONG,23352.0,23408.0,23343.5,23389.25,23389.25,23346.39545092173,23432.10454907827,23432.10454907827,21.427274539136,42.85454907827079,857.0909815654159,target
2025-07-29 09:40:00-04:00,2025-07-29 10:00:00-04:00,LONG,23586.75,23652.5,23584.5,23645.75,23645.75,23608.57858098606,23682.92141901394,23608.57858098606,18.585709506970026,-37.17141901393916,-743.4283802787832,stop
2025-07-29 12:00:00-04:00,2025-07-29 15:00:00-04:00,SHORT,23468.25,23519.75,23438.25,23503.75,23503.75,23574.244896113218,23433.255103886782,23479.0,35.24744805660924,24.75,495.0,force_close
2025-08-01 14:40:00-04:00,2025-08-01 15:00:00-04:00,SHORT,22825.0,22919.75,22810.75,22918.25,22918.25,23057.201300059754,22779.298699940246,22870.25,69.47565002987794,48.0,960.0,force_close
2025-08-04 09:40:00-04:00,2025-08-04 10:00:00-04:00,LONG,23084.75,23173.25,23077.25,23159.25,23159.25,23096.19885658183,23222.30114341817,23222.30114341817,31.525571709085174,63.051143418171705,1261.022868363434,target
2025-08-05 12:20:00-04:00,2025-08-05 15:00:00-04:00,SHORT,23155.75,23201.5,23153.25,23195.75,23195.75,23290.407419251966,23101.092580748034,23147.0,47.32870962598257,48.75,975.0,force_close
2025-08-06 10:00:00-04:00,2025-08-06 10:20:00-04:00,LONG,23159.5,23244.5,23148.5,23201.25,23201.25,23129.19473034691,23273.30526965309,23273.30526965309,36.02763482654514,72.05526965309036,1441.1053930618073,target
2025-08-06 11:00:00-04:00,2025-08-06 12:00:00-04:00,LONG,23244.5,23287.0,23226.5,23282.25,23282.25,23193.601520616678,23370.898479383322,23370.898479383322,44.324239691661695,88.64847938332241,1772.9695876664482,target
2025-08-14 09:40:00-04:00,2025-08-14 10:40:00-04:00,SHORT,23828.25,23920.25,23824.75,23915.0,23915.0,23981.07669889947,23848.92330110053,23981.07669889947,33.03834944973439,-66.07669889946919,-1321.5339779893839,stop
2025-08-19 11:20:00-04:00,2025-08-19 13:00:00-04:00,SHORT,23541.0,23573.75,23514.5,23571.5,23571.5,23656.811597797325,23486.188402202675,23486.188402202675,42.65579889866253,85.3115977973248,1706.2319559464959,target
2025-08-20 11:20:00-04:00,2025-08-20 12:40:00-04:00,SHORT,23057.5,23174.75,23046.0,23173.5,23173.5,23292.01333306269,23054.98666693731,23292.01333306269,59.25666653134458,-118.51333306268862,-2370.2666612537723,stop
2025-08-21 10:20:00-04:00,2025-08-21 12:00:00-04:00,SHORT,23184.5,23314.5,23156.0,23303.5,23303.5,23403.740837299305,23203.259162700695,23203.259162700695,50.12041864965182,100.24083729930499,2004.8167459860997,target
2025-08-29 10:40:00-04:00,2025-08-29 11:00:00-04:00,SHORT,23463.75,23515.0,23447.75,23509.0,23509.0,23592.215045657358,23425.784954342642,23425.784954342642,41.607522828679656,83.21504565735813,1664.3009131471626,target
2025-08-29 11:20:00-04:00,2025-08-29 15:00:00-04:00,SHORT,23434.75,23483.25,23428.5,23470.5,23470.5,23563.37164651068,23377.62835348932,23459.0,46.43582325534113,11.5,230.0,force_close
2025-09-02 10:00:00-04:00,2025-09-02 11:20:00-04:00,SHORT,23133.75,23260.75,23127.0,23233.75,23233.75,23336.28777786547,23131.21222213453,23131.21222213453,51.26888893273498,102.53777786546925,2050.755557309385,target
2025-09-05 11:40:00-04:00,2025-09-05 15:00:00-04:00,SHORT,23578.0,23659.0,23572.25,23644.25,23644.25,23759.272334816575,23529.227665183425,23657.25,57.51116740828751,-13.0,-260.0,force_close
2025-09-09 11:00:00-04:00,2025-09-09 15:00:00-04:00,SHORT,23743.5,23803.75,23726.0,23785.75,23785.75,23856.754184583504,23714.745815416496,23843.75,35.50209229175225,-58.0,-1160.0,force_close
2025-09-10 10:20:00-04:00,2025-09-10 12:40:00-04:00,LONG,23930.75,23977.0,23924.75,23969.75,23969.75,23906.070145565845,24033.429854434155,23906.070145565845,31.839927217077978,-63.67985443415455,-1273.597088683091,stop
2025-09-24 12:40:00-04:00,2025-09-24 15:00:00-04:00,SHORT,24661.75,24704.25,24661.5,24695.75,24695.75,24768.86821924633,24622.63178075367,24739.0,36.559109623165135,-43.25,-865.0,force_close
2025-09-25 10:20:00-04:00,2025-09-25 14:20:00-04:00,SHORT,24452.5,24612.0,24445.0,24605.75,24605.75,24705.337288155733,24506.162711844267,24506.162711844267,49.79364407786586,99.5872881557334,1991.745763114668,target
2025-09-30 10:00:00-04:00,2025-09-30 11:00:00-04:00,SHORT,24752.75,24806.25,24722.25,24785.5,24785.5,24849.048400781918,24721.951599218082,24849.048400781918,31.774200390959027,-63.548400781917735,-1270.9680156383547,stop
2025-10-03 09:40:00-04:00,2025-10-03 10:00:00-04:00,LONG,25125.0,25165.0,25120.75,25159.5,25159.5,25119.008901066914,25199.991098933086,25119.008901066914,20.24554946654252,-40.491098933085595,-809.8219786617119,stop
2025-10-03 10:40:00-04:00,2025-10-03 13:20:00-04:00,SHORT,25074.5,25116.5,25059.25,25109.0,25109.0,25165.509272724485,25052.490727275515,25052.490727275515,28.254636362242685,56.50927272448462,1130.1854544896923,target
2025-10-03 14:20:00-04:00,2025-10-03 15:00:00-04:00,SHORT,24973.5,25010.5,24926.0,25006.75,25006.75,25093.72031591723,24919.77968408277,25009.0,43.4851579586156,-2.25,-45.0,force_close
2025-10-08 09:40:00-04:00,2025-10-08 10:20:00-04:00,LONG,25084.25,25149.0,25074.0,25148.0,25148.0,25094.5603477175,25201.4396522825,25201.4396522825,26.71982614125011,53.4396522825009,1068.793045650018,target
2025-10-09 11:00:00-04:00,2025-10-09 13:20:00-04:00,SHORT,25213.0,25260.0,25193.5,25250.5,25250.5,25313.174076519128,25187.825923480872,25187.825923480872,31.337038259564434,62.67407651912799,1253.4815303825599,target
2025-10-10 09:40:00-04:00,2025-10-10 10:20:00-04:00,LONG,25305.25,25376.75,25293.5,25371.5,25371.5,25316.51431815092,25426.48568184908,25316.51431815092,27.492840924540292,-54.98568184908072,-1099.7136369816144,stop
2025-10-10 12:00:00-04:00,2025-10-10 13:20:00-04:00,SHORT,24724.0,24908.25,24684.5,24827.0,24827.0,25008.859821709975,24645.140178290025,24645.140178290025,90.92991085498697,181.85982170997522,3637.1964341995044,target
2025-10-14 10:40:00-04:00,2025-10-14 12:40:00-04:00,SHORT,24628.75,24736.0,24624.75,24728.75,24728.75,24880.726919090008,24576.773080909992,24880.726919090008,75.98845954500383,-151.97691909000787,-3039.5383818001574,stop
2025-10-15 10:00:00-04:00,2025-10-15 10:20:00-04:00,LONG,24935.0,25023.5,24897.0,25014.0,25014.0,24927.003939338585,25100.996060661415,25100.996060661415,43.49803033070777,86.99606066141496,1739.9212132282992,target
2025-10-21 10:20:00-04:00,2025-10-21 10:40:00-04:00,LONG,25235.0,25276.75,25212.0,25272.25,25272.25,25213.360878077703,25331.139121922297,25213.360878077703,29.44456096114808,-58.88912192229691,-1177.7824384459382,stop
2025-10-22 10:00:00-04:00,2025-10-22 10:40:00-04:00,SHORT,25225.75,25289.25,25223.0,25258.0,25258.0,25331.55001870949,25184.44998129051,25184.44998129051,36.77500935474651,73.55001870949127,1471.0003741898254,target
2025-10-22 11:00:00-04:00,2025-10-22 11:40:00-04:00,SHORT,25093.5,25176.5,25050.5,25173.0,25173.0,25281.428896175203,25064.571103824797,25064.571103824797,54.21444808760134,108.42889617520268,2168.5779235040536,target
2025-10-22 14:40:00-04:00,2025-10-22 15:00:00-04:00,SHORT,24855.5,24944.0,24854.25,24929.0,24929.0,25083.27118155443,24774.72881844557,24957.5,77.13559077721546,-28.5,-570.0,force_close
2025-10-23 10:00:00-04:00,2025-10-23 13:40:00-04:00,LONG,25068.5,25179.75,25057.0,25160.5,25160.5,25067.382022386442,25253.617977613558,25253.617977613558,46.55898880677893,93.11797761355774,1862.3595522711548,target
2025-10-28 12:40:00-04:00,2025-10-28 14:20:00-04:00,LONG,26074.75,26146.75,26067.5,26102.75,26102.75,26038.170259494058,26167.329740505942,26167.329740505942,32.28987025297154,64.57974050594203,1291.5948101188405,target
2025-10-29 10:00:00-04:00,2025-10-29 10:20:00-04:00,LONG,26272.75,26319.5,26261.75,26318.75,26318.75,26265.61205711655,26371.88794288345,26265.61205711655,26.568971441725434,-53.137942883451615,-1062.7588576690323,stop
2025-10-30 10:00:00-04:00,2025-10-30 11:00:00-04:00,SHORT,25960.75,26147.25,25942.25,26125.0,26125.0,26269.634681228676,25980.365318771324,25980.365318771324,72.31734061433728,144.63468122867562,2892.6936245735124,target
2025-11-04 10:00:00-05:00,2025-11-04 11:40:00-05:00,SHORT,25688.75,25880.75,25680.0,25875.25,25875.25,25993.472133505107,25757.027866494893,25757.027866494893,59.111066752553576,118.2221335051072,2364.442670102144,target
2025-11-07 10:00:00-05:00,2025-11-07 10:20:00-05:00,SHORT,24925.5,25045.25,24917.75,25028.0,25028.0,25172.02199911145,24883.97800088855,24883.97800088855,72.0109995557245,144.02199911145,2880.4399822289997,target
2025-11-07 14:40:00-05:00,2025-11-07 15:00:00-05:00,SHORT,24928.25,25045.75,24927.5,25035.75,25035.75,25206.458575365526,24865.041424634474,25113.5,85.35428768276286,-77.75,-1555.0,force_close
2025-11-11 11:20:00-05:00,2025-11-11 13:20:00-05:00,SHORT,25513.0,25560.0,25507.0,25558.5,25558.5,25645.950809105518,25471.049190894482,25645.950809105518,43.72540455275805,-87.45080910551769,-1749.0161821103538,stop
2025-11-14 10:00:00-05:00,2025-11-14 11:00:00-05:00,SHORT,24800.5,24970.25,24777.5,24953.0,24953.0,25117.471154944138,24788.528845055862,25117.471154944138,82.2355774720698,-164.4711549441381,-3289.423098882762,stop
2025-11-17 09:40:00-05:00,2025-11-17 11:20:00-05:00,SHORT,25032.75,25177.75,24955.0,25171.25,25171.25,25295.714613147815,25046.785386852185,25046.785386852185,62.23230657390819,124.46461314781482,2489.2922629562963,target
2025-11-17 11:40:00-05:00,2025-11-17 14:00:00-05:00,SHORT,24961.0,25124.5,24945.0,25114.75,25114.75,25290.909330923365,24938.590669076635,24938.590669076635,88.07966546168306,176.1593309233649,3523.186618467298,target
2025-11-21 11:40:00-05:00,2025-11-21 14:00:00-05:00,SHORT,24000.75,24232.75,23992.25,24204.5,24204.5,24471.920310472662,23937.079689527338,24471.920310472662,133.71015523633054,-267.4203104726621,-5348.406209453242,stop
2025-11-25 12:40:00-05:00,2025-11-25 15:00:00-05:00,LONG,24965.25,25060.75,24965.0,25040.75,25040.75,24893.814483159742,25187.685516840258,25013.75,73.46775842012958,-27.0,-540.0,force_close
2025-12-04 10:40:00-05:00,2025-12-04 11:20:00-05:00,SHORT,25569.0,25631.75,25520.5,25628.25,25628.25,25726.351527106337,25530.148472893663,25530.148472893663,49.05076355316915,98.10152710633702,1962.0305421267403,target
2025-12-04 12:00:00-05:00,2025-12-04 14:40:00-05:00,LONG,25580.0,25650.25,25564.5,25642.0,25642.0,25534.05788693034,25749.94211306966,25534.05788693034,53.97105653483089,-107.94211306966099,-2158.84226139322,stop
2025-12-10 11:20:00-05:00,2025-12-10 14:20:00-05:00,SHORT,25567.0,25640.25,25528.75,25637.5,25637.5,25735.155292736345,25539.844707263655,25735.155292736345,48.82764636817167,-97.65529273634456,-1953.1058547268913,stop
2025-12-11 10:20:00-05:00,2025-12-11 14:20:00-05:00,SHORT,25414.75,25575.75,25390.25,25572.25,25572.25,25697.580468555487,25446.919531444513,25697.580468555487,62.665234277744005,-125.33046855548673,-2506.6093711097346,stop
2025-12-12 12:20:00-05:00,2025-12-12 15:00:00-05:00,SHORT,25173.5,25296.5,25162.75,25295.25,25295.25,25451.199695960415,25139.300304039585,25244.0,77.97484798020744,51.25,1025.0,force_close
2026-01-02 14:20:00-05:00,2026-01-02 15:00:00-05:00,SHORT,25294.5,25395.0,25288.5,25374.5,25374.5,25521.69058665975,25227.30941334025,25399.5,73.59529332987549,-25.0,-500.0,force_close
2026-01-06 10:00:00-05:00,2026-01-06 11:00:00-05:00,LONG,25641.0,25761.25,25608.0,25753.0,25753.0,25681.21186091848,25824.78813908152,25681.21186091848,35.894069540759695,-71.78813908152006,-1435.7627816304012,stop
2026-01-08 10:20:00-05:00,2026-01-08 11:40:00-05:00,SHORT,25603.75,25699.75,25569.0,25686.5,25686.5,25779.30015888389,25593.69984111611,25593.69984111611,46.40007944194438,92.8001588838888,1856.003177677776,target
2026-01-09 10:40:00-05:00,2026-01-09 14:00:00-05:00,LONG,25769.5,25879.0,25752.25,25842.75,25842.75,25725.847159736135,25959.652840263865,25959.652840263865,58.451420131932046,116.90284026386507,2338.0568052773015,target
2026-01-14 10:20:00-05:00,2026-01-14 11:00:00-05:00,SHORT,25586.25,25693.5,25530.5,25664.25,25664.25,25771.60459756001,25556.89540243999,25556.89540243999,53.67729878000571,107.35459756001,2147.0919512002,target
2026-01-14 14:00:00-05:00,2026-01-14 15:00:00-05:00,SHORT,25433.25,25526.0,25431.75,25515.0,25515.0,25655.959379057746,25374.040620942254,25500.5,70.47968952887321,14.5,290.0,force_close
2026-01-19 10:00:00-05:00,2026-01-19 12:40:00-05:00,SHORT,25251.75,25317.75,25236.5,25316.0,25316.0,25398.785784040236,25233.214215959764,25398.785784040236,41.3928920201182,-82.78578404023574,-1655.7156808047148,stop
2026-01-20 09:40:00-05:00,2026-01-20 11:00:00-05:00,SHORT,25208.0,25357.25,25201.5,25300.5,25300.5,25412.83319084541,25188.16680915459,25412.83319084541,56.166595422704646,-112.33319084540926,-2246.6638169081853,stop
2026-01-21 10:00:00-05:00,2026-01-21 11:00:00-05:00,LONG,25186.5,25339.25,25127.5,25324.75,25324.75,25189.664448005155,25459.835551994845,25459.835551994845,67.5427759974222,135.08555199484545,2701.711039896909,target
2026-01-26 09:40:00-05:00,2026-01-26 10:20:00-05:00,LONG,25721.5,25797.75,25704.25,25792.75,25792.75,25716.849012192764,25868.650987807236,25868.650987807236,37.950493903618245,75.90098780723565,1518.019756144713,target
2026-01-28 12:20:00-05:00,2026-01-28 15:00:00-05:00,SHORT,26117.25,26161.75,26114.0,26161.5,26161.5,26246.175964065842,26076.824035934158,26160.75,42.33798203292078,0.75,15.0,force_close
2026-01-29 11:20:00-05:00,2026-01-29 12:40:00-05:00,SHORT,25576.75,25689.75,25538.0,25681.75,25681.75,25838.22090534574,25525.27909465426,25838.22090534574,78.23545267287004,-156.4709053457409,-3129.418106914818,stop
2026-02-02 10:20:00-05:00,2026-02-02 15:00:00-05:00,LONG,25746.75,25905.25,25733.0,25903.5,25903.5,25757.90440178777,26049.09559821223,25847.0,72.79779910611491,-56.5,-1130.0,force_close
2026-02-05 09:40:00-05:00,2026-02-05 10:20:00-05:00,SHORT,24755.5,24902.25,24652.0,24901.25,24901.25,25084.517444473175,24717.982555526825,24717.982555526825,91.63372223658652,183.2674444731747,3665.348889463494,target
2026-02-13 10:40:00-05:00,2026-02-13 15:00:00-05:00,SHORT,24753.25,24928.5,24725.0,24828.0,24828.0,25030.213118467786,24625.786881532214,24852.75,101.10655923389251,-24.75,-495.0,force_close
2026-02-17 09:40:00-05:00,2026-02-17 10:00:00-05:00,LONG,24654.5,24815.75,24605.75,24798.0,24798.0,24669.174639942394,24926.825360057606,24669.174639942394,64.41268002880301,-128.8253600576063,-2576.507201152126,stop
2026-02-17 10:20:00-05:00,2026-02-17 10:40:00-05:00,SHORT,24483.75,24641.0,24462.25,24633.25,24633.25,24814.303499233345,24452.196500766655,24452.196500766655,90.52674961667198,181.05349923334506,3621.0699846669013,target
2026-02-17 11:20:00-05:00,2026-02-17 15:00:00-05:00,LONG,24599.25,24791.75,24593.25,24780.25,24780.25,24563.835627618202,24996.664372381798,24815.0,108.20718619089953,34.75,695.0,force_close
2026-02-19 14:00:00-05:00,2026-02-19 15:00:00-05:00,SHORT,24786.75,24849.0,24770.0,24842.0,24842.0,24983.427156163703,24700.572843836297,24782.0,70.71357808185233,60.0,1200.0,force_close
2026-02-20 09:40:00-05:00,2026-02-20 10:20:00-05:00,SHORT,24713.0,24892.5,24678.5,24848.75,24848.75,24959.620807303905,24737.879192696095,24959.620807303905,55.43540365195239,-110.87080730390517,-2217.4161460781033,stop
2026-02-24 10:00:00-05:00,2026-02-24 10:40:00-05:00,LONG,24803.75,24964.25,24800.75,24877.25,24877.25,24773.35403983103,24981.14596016897,24981.14596016897,51.94798008448627,103.89596016897121,2077.9192033794243,target
2026-02-27 09:00:00-05:00,2026-02-27 10:20:00-05:00,SHORT,24823.75,24879.25,24793.75,24870.5,24870.5,24972.01412002117,24768.98587997883,24972.01412002117,50.75706001058394,-101.51412002116922,-2030.2824004233844,stop
2026-03-02 09:40:00-05:00,2026-03-02 11:00:00-05:00,LONG,24627.25,24885.0,24605.0,24804.75,24804.75,24656.95747185158,24952.54252814842,24952.54252814842,73.89626407420941,147.7925281484204,2955.8505629684078,target
2026-03-06 10:20:00-05:00,2026-03-06 15:00:00-05:00,SHORT,24691.5,24799.75,24664.5,24783.25,24783.25,24937.35952179591,24629.14047820409,24808.25,77.05476089795427,-25.0,-500.0,force_close
2026-03-11 12:40:00-04:00,2026-03-11 15:00:00-04:00,SHORT,24910.5,25007.0,24906.0,24974.0,24974.0,25127.877874928738,24820.122125071262,24957.5,76.93893746436902,16.5,330.0,force_close
2026-03-26 10:00:00-04:00,2026-03-26 11:00:00-04:00,SHORT,24069.5,24233.25,24066.25,24216.0,24216.0,24338.638975756327,24093.361024243673,24093.361024243673,61.31948787816346,122.63897575632654,2452.779515126531,target
2026-03-27 11:40:00-04:00,2026-03-27 13:40:00-04:00,SHORT,23476.25,23610.5,23458.5,23564.0,23564.0,23720.74820051227,23407.25179948773,23407.25179948773,78.37410025613418,156.74820051226925,3134.964010245385,target
2026-04-02 10:00:00-04:00,2026-04-02 10:40:00-04:00,SHORT,23689.25,23908.25,23678.0,23898.0,23898.0,24026.395536310774,23769.604463689226,24026.395536310774,64.197768155388,-128.39553631077433,-2567.9107262154866,stop
2026-04-09 11:20:00-04:00,2026-04-09 12:00:00-04:00,LONG,25041.5,25103.0,25016.0,25098.5,25098.5,25003.572196785495,25193.427803214505,25193.427803214505,47.463901607252886,94.92780321450482,1898.5560642900964,target
2026-04-13 10:00:00-04:00,2026-04-13 12:40:00-04:00,LONG,25197.75,25310.0,25160.0,25308.0,25308.0,25220.109723778347,25395.890276221653,25395.890276221653,43.9451381108264,87.89027622165304,1757.8055244330608,target
2026-04-15 09:40:00-04:00,2026-04-15 10:00:00-04:00,LONG,26000.75,26054.25,25991.25,26051.75,26051.75,25986.84315747197,26116.65684252803,25986.84315747197,32.45342126401645,-64.90684252803112,-1298.1368505606224,stop
2026-04-16 10:40:00-04:00,2026-04-16 11:20:00-04:00,LONG,26323.75,26390.5,26311.0,26372.75,26372.75,26281.80381660801,26463.69618339199,26463.69618339199,45.47309169599514,90.9461833919886,1818.923667839772,target
