entry_ts,exit_ts,side,entry_price,exit_price,pnl_pts,pnl_dollars,reason,gsign,year,hour,regime,in_is
2020-12-09 10:00:00-05:00,2020-12-09 10:20:00-05:00,LONG,12637.0,12599.16345993915,-37.83654006085089,-756.7308012170179,stop,-1,2020,10,NEG,True
2020-12-09 11:00:00-05:00,2020-12-09 12:00:00-05:00,SHORT,12615.25,12565.500226489181,49.74977351081907,994.9954702163814,target,-1,2020,11,NEG,True
2020-12-09 14:20:00-05:00,2020-12-09 15:00:00-05:00,SHORT,12375.75,12374.75,1.0,20.0,force_close,-1,2020,14,NEG,True
2020-12-16 10:00:00-05:00,2020-12-16 11:40:00-05:00,LONG,12602.5,12645.963147584655,43.46314758465451,869.2629516930901,target,-1,2020,10,NEG,True
2020-12-18 11:40:00-05:00,2020-12-18 15:00:00-05:00,SHORT,12690.0,12660.75,29.25,585.0,force_close,0,2020,11,ZERO,True
2020-12-22 10:00:00-05:00,2020-12-22 10:20:00-05:00,LONG,12748.5,12695.123509650568,-53.37649034943206,-1067.5298069886412,stop,1,2020,10,POS,True
2020-12-30 11:00:00-05:00,2020-12-30 15:00:00-05:00,SHORT,12852.75,12849.0,3.75,75.0,force_close,-1,2020,11,NEG,True
2020-12-31 12:20:00-05:00,2020-12-31 15:00:00-05:00,SHORT,12816.25,12842.25,-26.0,-520.0,force_close,0,2020,12,ZERO,True
2021-01-04 13:00:00-05:00,2021-01-04 15:00:00-05:00,SHORT,12596.25,12665.0,-68.75,-1375.0,force_close,0,2021,13,ZERO,True
2021-01-05 09:40:00-05:00,2021-01-05 14:40:00-05:00,SHORT,12723.0,12792.862034084688,-69.86203408468828,-1397.2406816937655,stop,0,2021,9,ZERO,True
2021-01-07 09:40:00-05:00,2021-01-07 10:20:00-05:00,LONG,12795.75,12863.220929317824,67.4709293178239,1349.418586356478,target,-1,2021,9,NEG,True
2021-01-12 09:40:00-05:00,2021-01-12 10:00:00-05:00,SHORT,12933.0,12880.555505430068,52.44449456993243,1048.8898913986486,target,0,2021,9,ZERO,True
2021-01-12 11:20:00-05:00,2021-01-12 12:20:00-05:00,SHORT,12917.5,12846.913929608285,70.58607039171511,1411.7214078343022,target,0,2021,11,ZERO,True
2021-01-12 12:40:00-05:00,2021-01-12 14:20:00-05:00,SHORT,12826.5,12911.667697221412,-85.1676972214118,-1703.353944428236,stop,0,2021,12,ZERO,True
2021-01-13 10:00:00-05:00,2021-01-13 11:20:00-05:00,LONG,12913.0,12977.328924696409,64.32892469640865,1286.578493928173,target,-1,2021,10,NEG,True
2021-01-14 13:00:00-05:00,2021-01-14 15:00:00-05:00,LONG,12980.5,12949.0,-31.5,-630.0,force_close,-1,2021,13,NEG,True
2021-01-15 10:40:00-05:00,2021-01-15 11:20:00-05:00,SHORT,12826.5,12748.35997522661,78.1400247733909,1562.800495467818,target,0,2021,10,ZERO,True
2021-01-20 10:20:00-05:00,2021-01-20 13:20:00-05:00,LONG,13224.0,13277.712287638922,53.712287638922135,1074.2457527784427,target,-1,2021,10,NEG,True
2021-01-21 10:20:00-05:00,2021-01-21 15:00:00-05:00,LONG,13373.0,13407.0,34.0,680.0,force_close,-1,2021,10,NEG,True
2021-01-25 12:00:00-05:00,2021-01-25 15:00:00-05:00,SHORT,13398.0,13438.25,-40.25,-805.0,force_close,0,2021,12,ZERO,True
2021-01-27 12:20:00-05:00,2021-01-27 14:40:00-05:00,SHORT,13291.75,13166.38287863154,125.36712136845927,2507.3424273691853,target,-1,2021,12,NEG,True
2021-01-29 13:40:00-05:00,2021-01-29 15:00:00-05:00,SHORT,12924.75,12911.5,13.25,265.0,force_close,0,2021,13,ZERO,True
2021-02-02 09:40:00-05:00,2021-02-02 12:00:00-05:00,LONG,13390.25,13449.895583591937,59.645583591936884,1192.9116718387377,target,0,2021,9,ZERO,True
2021-02-03 10:00:00-05:00,2021-02-03 10:20:00-05:00,LONG,13527.75,13463.400456167123,-64.34954383287732,-1286.9908766575463,stop,-1,2021,10,NEG,True
2021-02-05 11:00:00-05:00,2021-02-05 13:00:00-05:00,LONG,13563.0,13621.214958864592,58.21495886459161,1164.2991772918322,target,0,2021,11,ZERO,True
2021-02-08 10:00:00-05:00,2021-02-08 11:40:00-05:00,LONG,13661.0,13617.61398917736,-43.386010822639946,-867.7202164527989,stop,0,2021,10,ZERO,True
2021-02-08 12:00:00-05:00,2021-02-08 15:00:00-05:00,SHORT,13631.75,13640.75,-9.0,-180.0,force_close,0,2021,12,ZERO,True
2021-02-09 10:00:00-05:00,2021-02-09 14:00:00-05:00,LONG,13706.5,13664.365800158552,-42.13419984144821,-842.6839968289642,stop,-1,2021,10,NEG,True
2021-02-10 14:40:00-05:00,2021-02-10 15:00:00-05:00,SHORT,13676.0,13680.75,-4.75,-95.0,force_close,-1,2021,14,NEG,True
2021-02-16 10:00:00-05:00,2021-02-16 11:20:00-05:00,SHORT,13852.5,13808.093558430885,44.406441569115486,888.1288313823097,target,0,2021,10,ZERO,True
2021-02-16 13:00:00-05:00,2021-02-16 15:00:00-05:00,SHORT,13790.0,13772.75,17.25,345.0,force_close,0,2021,13,ZERO,True
2021-02-17 10:00:00-05:00,2021-02-17 10:40:00-05:00,SHORT,13673.0,13604.850241517122,68.14975848287759,1362.9951696575517,target,-1,2021,10,NEG,True
2021-02-17 11:00:00-05:00,2021-02-17 11:20:00-05:00,SHORT,13652.5,13567.623535208862,84.87646479113755,1697.529295822751,target,-1,2021,11,NEG,True
2021-02-17 12:00:00-05:00,2021-02-17 15:00:00-05:00,SHORT,13600.25,13658.25,-58.0,-1160.0,force_close,-1,2021,12,NEG,True
2021-02-18 13:40:00-05:00,2021-02-18 15:00:00-05:00,SHORT,13606.0,13644.25,-38.25,-765.0,force_close,-1,2021,13,NEG,True
2021-02-19 13:40:00-05:00,2021-02-19 15:00:00-05:00,SHORT,13582.25,13590.5,-8.25,-165.0,force_close,0,2021,13,ZERO,True
2021-02-22 11:20:00-05:00,2021-02-22 15:00:00-05:00,SHORT,13332.0,13329.25,2.75,55.0,force_close,0,2021,11,ZERO,True
2021-02-23 10:20:00-05:00,2021-02-23 11:00:00-05:00,SHORT,12954.0,13083.59272370618,-129.59272370618055,-2591.854474123611,stop,0,2021,10,ZERO,True
2021-02-23 13:20:00-05:00,2021-02-23 15:00:00-05:00,SHORT,12993.75,13128.75,-135.0,-2700.0,force_close,0,2021,13,ZERO,True
2021-02-25 14:20:00-05:00,2021-02-25 15:00:00-05:00,SHORT,13001.5,12908.25,93.25,1865.0,force_close,-1,2021,14,NEG,True
2021-03-02 11:00:00-05:00,2021-03-02 15:00:00-05:00,SHORT,13178.5,13165.75,12.75,255.0,force_close,0,2021,11,ZERO,True
2021-03-03 10:40:00-05:00,2021-03-03 14:00:00-05:00,SHORT,12880.0,12777.167910172406,102.83208982759425,2056.641796551885,target,-1,2021,10,NEG,True
2021-03-04 10:40:00-05:00,2021-03-04 13:00:00-05:00,SHORT,12677.25,12527.418119336293,149.83188066370712,2996.6376132741425,target,-1,2021,10,NEG,True
2021-03-09 10:00:00-05:00,2021-03-09 13:20:00-05:00,LONG,12705.25,12802.913044939032,97.66304493903226,1953.2608987806452,target,0,2021,10,ZERO,True
2021-03-17 10:00:00-04:00,2021-03-17 12:00:00-04:00,SHORT,13033.0,12952.483124575487,80.51687542451327,1610.3375084902655,target,-1,2021,10,NEG,True
2021-03-17 14:20:00-04:00,2021-03-17 15:00:00-04:00,LONG,13119.0,13232.75,113.75,2275.0,force_close,-1,2021,14,NEG,True
2021-03-19 10:40:00-04:00,2021-03-19 15:00:00-04:00,SHORT,12817.5,12875.5,-58.0,-1160.0,force_close,0,2021,10,ZERO,True
2021-03-22 09:40:00-04:00,2021-03-22 11:00:00-04:00,LONG,12984.25,13044.492962416722,60.24296241672164,1204.8592483344328,target,0,2021,9,ZERO,True
2021-03-23 11:00:00-04:00,2021-03-23 15:00:00-04:00,LONG,13125.25,13043.75,-81.5,-1630.0,force_close,0,2021,11,ZERO,True
2021-03-24 10:40:00-04:00,2021-03-24 11:20:00-04:00,SHORT,12961.0,13038.538308295252,-77.53830829525214,-1550.7661659050427,stop,-1,2021,10,NEG,True
2021-03-25 09:40:00-04:00,2021-03-25 11:00:00-04:00,SHORT,12781.75,12703.260257079799,78.48974292020102,1569.7948584040205,target,-1,2021,9,NEG,True
2021-03-26 10:40:00-04:00,2021-03-26 11:40:00-04:00,LONG,12844.75,12757.49891636515,-87.25108363485015,-1745.021672697003,stop,0,2021,10,ZERO,True
2021-03-31 09:40:00-04:00,2021-03-31 10:00:00-04:00,LONG,12992.75,13041.967203496566,49.21720349656607,984.3440699313214,target,-1,2021,9,NEG,True
2021-04-01 09:40:00-04:00,2021-04-01 15:00:00-04:00,LONG,13290.25,13301.25,11.0,220.0,force_close,0,2021,9,ZERO,True
2021-04-05 10:00:00-04:00,2021-04-05 10:40:00-04:00,LONG,13477.0,13529.319362466531,52.31936246653095,1046.387249330619,target,0,2021,10,ZERO,True
2021-04-06 10:00:00-04:00,2021-04-06 12:00:00-04:00,LONG,13597.25,13651.398674140944,54.14867414094442,1082.9734828188884,target,0,2021,10,ZERO,True
2021-04-09 10:00:00-04:00,2021-04-09 12:20:00-04:00,SHORT,13718.5,13778.856813628525,-60.35681362852483,-1207.1362725704967,stop,0,2021,10,ZERO,True
2021-04-12 10:20:00-04:00,2021-04-12 11:00:00-04:00,LONG,13798.75,13745.229750474784,-53.52024952521606,-1070.4049905043212,stop,0,2021,10,ZERO,True
2021-04-13 09:40:00-04:00,2021-04-13 15:00:00-04:00,LONG,13934.0,13968.5,34.5,690.0,force_close,0,2021,9,ZERO,True
2021-04-14 12:00:00-04:00,2021-04-14 14:00:00-04:00,SHORT,13907.25,13848.729998511006,58.52000148899424,1170.4000297798848,target,1,2021,12,POS,True
2021-04-14 14:40:00-04:00,2021-04-14 15:00:00-04:00,SHORT,13844.0,13808.25,35.75,715.0,force_close,1,2021,14,POS,True
2021-04-15 09:40:00-04:00,2021-04-15 13:20:00-04:00,LONG,13967.0,14015.293221611104,48.293221611103945,965.8644322220789,target,-1,2021,9,NEG,True
2021-04-19 13:20:00-04:00,2021-04-19 15:00:00-04:00,SHORT,13879.0,13886.25,-7.25,-145.0,force_close,0,2021,13,ZERO,True
2021-04-20 12:20:00-04:00,2021-04-20 15:00:00-04:00,SHORT,13800.75,13744.25,56.5,1130.0,force_close,0,2021,12,ZERO,True
2021-04-21 10:00:00-04:00,2021-04-21 11:40:00-04:00,LONG,13803.0,13869.620084816946,66.62008481694647,1332.4016963389295,target,-1,2021,10,NEG,True
2021-04-27 11:00:00-04:00,2021-04-27 15:00:00-04:00,SHORT,13943.25,13957.75,-14.5,-290.0,force_close,0,2021,11,ZERO,True
2021-04-30 09:40:00-04:00,2021-04-30 10:40:00-04:00,SHORT,13884.75,13941.437829914294,-56.687829914293616,-1133.7565982858723,stop,-1,2021,9,NEG,True
2021-04-30 11:40:00-04:00,2021-04-30 14:00:00-04:00,SHORT,13897.0,13826.492639105414,70.50736089458587,1410.1472178917174,target,-1,2021,11,NEG,True
2021-05-03 10:20:00-04:00,2021-05-03 11:00:00-04:00,LONG,13938.75,13878.200243522591,-60.549756477408664,-1210.9951295481733,stop,-1,2021,10,NEG,True
2021-05-04 12:20:00-04:00,2021-05-04 15:00:00-04:00,SHORT,13432.25,13476.5,-44.25,-885.0,force_close,-1,2021,12,NEG,True
2021-05-06 09:40:00-04:00,2021-05-06 10:00:00-04:00,SHORT,13505.75,13438.763108364235,66.98689163576455,1339.737832715291,target,-1,2021,9,NEG,True
2021-05-06 10:40:00-04:00,2021-05-06 12:00:00-04:00,SHORT,13467.25,13552.309111123825,-85.05911112382455,-1701.182222476491,stop,-1,2021,10,NEG,True
2021-05-07 08:40:00-04:00,2021-05-07 09:40:00-04:00,LONG,13777.5,13712.115041213046,-65.38495878695358,-1307.6991757390715,stop,-1,2021,8,NEG,True
2021-05-11 09:40:00-04:00,2021-05-11 10:00:00-04:00,SHORT,13163.25,13247.876245525104,-84.62624552510351,-1692.5249105020703,stop,-1,2021,9,NEG,True
2021-05-18 10:40:00-04:00,2021-05-18 14:20:00-04:00,LONG,13385.5,13322.644348775902,-62.85565122409753,-1257.1130244819506,stop,-1,2021,10,NEG,True
2021-05-19 09:40:00-04:00,2021-05-19 10:40:00-04:00,SHORT,13007.5,13091.136604281139,-83.63660428113872,-1672.7320856227743,stop,-1,2021,9,NEG,True
2021-05-19 11:00:00-04:00,2021-05-19 13:20:00-04:00,SHORT,13093.75,13196.495081603332,-102.74508160333244,-2054.9016320666487,stop,-1,2021,11,NEG,True
2021-05-20 09:40:00-04:00,2021-05-20 10:40:00-04:00,LONG,13360.5,13427.625195513185,67.12519551318474,1342.5039102636947,target,-1,2021,9,NEG,True
2021-05-21 10:00:00-04:00,2021-05-21 10:20:00-04:00,LONG,13540.25,13483.920263991435,-56.329736008565305,-1126.594720171306,stop,-1,2021,10,NEG,True
2021-05-21 12:40:00-04:00,2021-05-21 15:00:00-04:00,SHORT,13437.5,13443.75,-6.25,-125.0,force_close,-1,2021,12,NEG,True
2021-05-24 09:40:00-04:00,2021-05-24 10:20:00-04:00,LONG,13561.5,13612.002346549292,50.50234654929227,1010.0469309858454,target,-1,2021,9,NEG,True
2021-05-25 12:00:00-04:00,2021-05-25 15:00:00-04:00,SHORT,13645.75,13644.75,1.0,20.0,force_close,-1,2021,12,NEG,True
2021-06-01 10:40:00-04:00,2021-06-01 11:00:00-04:00,SHORT,13659.25,13601.332049540983,57.91795045901745,1158.359009180349,target,1,2021,10,POS,True
2021-06-01 11:20:00-04:00,2021-06-01 15:00:00-04:00,SHORT,13638.75,13686.5,-47.75,-955.0,force_close,1,2021,11,POS,True
2021-06-03 10:20:00-04:00,2021-06-03 11:20:00-04:00,SHORT,13523.0,13590.523689392521,-67.52368939252119,-1350.4737878504238,stop,-1,2021,10,NEG,True
2021-06-14 10:00:00-04:00,2021-06-14 10:20:00-04:00,LONG,14023.5,13981.900095086301,-41.59990491369899,-831.9980982739798,stop,-1,2021,10,NEG,True
2021-06-16 10:00:00-04:00,2021-06-16 11:20:00-04:00,LONG,14080.5,14045.12409052907,-35.3759094709294,-707.518189418588,stop,0,2021,10,ZERO,True
2021-06-16 13:00:00-04:00,2021-06-16 14:20:00-04:00,SHORT,14015.75,13967.735812458544,48.01418754145561,960.2837508291123,target,0,2021,13,ZERO,True
2021-06-16 14:40:00-04:00,2021-06-17 09:40:00-04:00,SHORT,13887.75,13963.405763288418,-75.6557632884178,-1513.115265768356,stop,0,2021,14,ZERO,True
2021-06-17 10:40:00-04:00,2021-06-17 15:00:00-04:00,LONG,14127.5,14161.5,34.0,680.0,force_close,-1,2021,10,NEG,True
2021-06-21 10:00:00-04:00,2021-06-21 11:20:00-04:00,SHORT,14056.5,14131.676585160552,-75.17658516055235,-1503.531703211047,stop,-1,2021,10,NEG,True
2021-06-23 09:40:00-04:00,2021-06-23 12:40:00-04:00,LONG,14287.75,14245.293601605865,-42.45639839413525,-849.127967882705,stop,-1,2021,9,NEG,True
2021-06-24 09:40:00-04:00,2021-06-24 11:00:00-04:00,LONG,14376.75,14412.587440765237,35.83744076523726,716.7488153047452,target,-1,2021,9,NEG,True
2021-06-25 14:20:00-04:00,2021-06-25 15:00:00-04:00,SHORT,14345.5,14352.5,-7.0,-140.0,force_close,1,2021,14,POS,True
2021-06-29 10:40:00-04:00,2021-06-29 14:20:00-04:00,LONG,14512.5,14559.35835645657,46.85835645657062,937.1671291314124,target,1,2021,10,POS,True
2021-07-01 10:40:00-04:00,2021-07-01 11:20:00-04:00,SHORT,14539.75,14483.994992083168,55.755007916832255,1115.100158336645,target,-1,2021,10,NEG,True
2021-07-01 12:00:00-04:00,2021-07-01 15:00:00-04:00,SHORT,14519.0,14543.5,-24.5,-490.0,force_close,-1,2021,12,NEG,True
2021-07-06 09:40:00-04:00,2021-07-06 10:40:00-04:00,LONG,14764.5,14727.660143119521,-36.83985688047869,-736.7971376095738,stop,1,2021,9,POS,True
2021-07-06 12:40:00-04:00,2021-07-06 14:00:00-04:00,SHORT,14664.5,14733.164198968712,-68.6641989687123,-1373.283979374246,stop,1,2021,12,POS,True
2021-07-08 07:00:00-04:00,2021-07-08 08:20:00-04:00,SHORT,14631.0,14563.66055814651,67.33944185348992,1346.7888370697983,target,1,2021,7,POS,True
2021-07-08 11:20:00-04:00,2021-07-08 13:40:00-04:00,SHORT,14632.5,14732.448447386887,-99.94844738688698,-1998.9689477377397,stop,1,2021,11,POS,True
2021-07-13 09:20:00-04:00,2021-07-13 10:00:00-04:00,SHORT,14830.0,14884.377532119532,-54.37753211953168,-1087.5506423906336,stop,-1,2021,9,NEG,True
2021-07-14 12:20:00-04:00,2021-07-14 15:00:00-04:00,LONG,14926.5,14932.0,5.5,110.0,force_close,-1,2021,12,NEG,True
2021-07-15 10:00:00-04:00,2021-07-15 10:40:00-04:00,SHORT,14890.75,14817.655037280145,73.09496271985518,1461.8992543971035,target,-1,2021,10,NEG,True
2021-07-16 12:20:00-04:00,2021-07-16 15:00:00-04:00,SHORT,14767.5,14706.0,61.5,1230.0,force_close,-1,2021,12,NEG,True
2021-07-19 11:00:00-04:00,2021-07-19 15:00:00-04:00,SHORT,14517.5,14487.75,29.75,595.0,force_close,-1,2021,11,NEG,True
2021-07-20 10:00:00-04:00,2021-07-20 11:00:00-04:00,SHORT,14585.25,14652.458723646661,-67.20872364666138,-1344.1744729332277,stop,-1,2021,10,NEG,True
2021-07-22 12:40:00-04:00,2021-07-22 15:00:00-04:00,LONG,14889.25,14922.5,33.25,665.0,force_close,-1,2021,12,NEG,True
2021-07-23 10:00:00-04:00,2021-07-23 11:00:00-04:00,LONG,14975.75,15020.09976166545,44.34976166544948,886.9952333089896,target,-1,2021,10,NEG,True
2021-07-23 11:20:00-04:00,2021-07-23 13:20:00-04:00,LONG,15041.0,15092.661223004136,51.661223004135536,1033.2244600827107,target,-1,2021,11,NEG,True
2021-07-26 10:00:00-04:00,2021-07-26 15:00:00-04:00,LONG,15101.75,15119.0,17.25,345.0,force_close,-1,2021,10,NEG,True
2021-07-27 12:00:00-04:00,2021-07-27 13:40:00-04:00,SHORT,14858.5,14778.184326282257,80.31567371774327,1606.3134743548653,target,-1,2021,12,NEG,True
2021-07-27 14:20:00-04:00,2021-07-27 15:00:00-04:00,SHORT,14866.5,14920.0,-53.5,-1070.0,force_close,-1,2021,14,NEG,True
2021-07-28 10:00:00-04:00,2021-07-28 10:20:00-04:00,LONG,14978.25,15044.84852537055,66.5985253705494,1331.970507410988,target,-1,2021,10,NEG,True
2021-07-30 10:00:00-04:00,2021-07-30 15:00:00-04:00,LONG,14950.75,14954.5,3.75,75.0,force_close,-1,2021,10,NEG,True
2021-08-03 11:40:00-04:00,2021-08-03 12:00:00-04:00,SHORT,14910.5,14987.743340509978,-77.24334050997822,-1544.8668101995645,stop,-1,2021,11,NEG,True
2021-08-05 10:00:00-04:00,2021-08-05 11:20:00-04:00,LONG,15124.0,15163.451189116775,39.45118911677491,789.0237823354983,target,-1,2021,10,NEG,True
2021-08-06 09:40:00-04:00,2021-08-06 10:00:00-04:00,SHORT,15139.25,15098.564976542964,40.68502345703564,813.7004691407128,target,1,2021,9,POS,True
2021-08-06 12:00:00-04:00,2021-08-06 15:00:00-04:00,SHORT,15102.25,15078.25,24.0,480.0,force_close,1,2021,12,POS,True
2021-08-10 11:40:00-04:00,2021-08-10 15:00:00-04:00,SHORT,15050.0,15052.25,-2.25,-45.0,force_close,-1,2021,11,NEG,True
2021-08-12 10:20:00-04:00,2021-08-12 11:40:00-04:00,SHORT,15007.75,15059.170373579836,-51.42037357983645,-1028.407471596729,stop,-1,2021,10,NEG,True
2021-08-13 10:20:00-04:00,2021-08-13 12:40:00-04:00,LONG,15131.25,15090.375980037514,-40.87401996248627,-817.4803992497255,stop,-1,2021,10,NEG,True
2021-08-16 09:40:00-04:00,2021-08-16 10:00:00-04:00,LONG,15106.5,15069.236745614406,-37.26325438559434,-745.2650877118867,stop,1,2021,9,POS,True
2021-08-16 11:20:00-04:00,2021-08-16 12:20:00-04:00,SHORT,14955.75,15022.19040803421,-66.44040803421012,-1328.8081606842024,stop,1,2021,11,POS,True
2021-08-16 13:00:00-04:00,2021-08-16 14:20:00-04:00,SHORT,15022.5,15092.013375974753,-69.51337597475322,-1390.2675194950643,stop,1,2021,13,POS,True
2021-08-17 10:40:00-04:00,2021-08-17 12:00:00-04:00,SHORT,15021.75,14955.161726808401,66.588273191599,1331.76546383198,target,-1,2021,10,NEG,True
2021-08-18 14:40:00-04:00,2021-08-18 15:00:00-04:00,SHORT,14991.25,14989.0,2.25,45.0,force_close,-1,2021,14,NEG,True
2021-08-19 09:20:00-04:00,2021-08-19 10:20:00-04:00,SHORT,14784.5,14849.059523087071,-64.55952308707128,-1291.1904617414257,stop,-1,2021,9,NEG,True
2021-08-19 11:00:00-04:00,2021-08-19 12:00:00-04:00,LONG,14897.25,14987.98418535723,90.73418535723067,1814.6837071446134,target,-1,2021,11,NEG,True
2021-08-23 09:40:00-04:00,2021-08-23 10:20:00-04:00,LONG,15179.5,15216.197971134148,36.69797113414825,733.9594226829649,target,-1,2021,9,NEG,True
2021-08-24 12:00:00-04:00,2021-08-24 15:00:00-04:00,LONG,15360.5,15362.0,1.5,30.0,force_close,-1,2021,12,NEG,True
2021-08-25 09:40:00-04:00,2021-08-25 10:40:00-04:00,LONG,15386.5,15351.401483056845,-35.09851694315512,-701.9703388631024,stop,-1,2021,9,NEG,True
2021-08-26 09:40:00-04:00,2021-08-26 10:40:00-04:00,LONG,15345.25,15308.715442215791,-36.53455778420903,-730.6911556841806,stop,-1,2021,9,NEG,True
2021-08-26 11:20:00-04:00,2021-08-26 15:00:00-04:00,SHORT,15322.0,15294.5,27.5,550.0,force_close,-1,2021,11,NEG,True
2021-08-27 10:00:00-04:00,2021-08-27 10:20:00-04:00,SHORT,15308.5,15347.447395819125,-38.94739581912472,-778.9479163824944,stop,-1,2021,10,NEG,True
2021-08-31 12:40:00-04:00,2021-08-31 15:00:00-04:00,LONG,15593.75,15599.5,5.75,115.0,force_close,1,2021,12,POS,True
2021-09-01 09:40:00-04:00,2021-09-01 10:00:00-04:00,LONG,15655.25,15695.239517685795,39.98951768579536,799.7903537159073,target,-1,2021,9,NEG,True
2021-09-02 13:00:00-04:00,2021-09-02 14:00:00-04:00,SHORT,15620.5,15574.214762060836,46.28523793916429,925.7047587832858,target,-1,2021,13,NEG,True
2021-09-03 10:00:00-04:00,2021-09-03 15:00:00-04:00,LONG,15640.75,15653.75,13.0,260.0,force_close,-1,2021,10,NEG,True
2021-09-07 09:40:00-04:00,2021-09-07 10:00:00-04:00,SHORT,15655.0,15616.925972734638,38.07402726536202,761.4805453072404,target,-1,2021,9,NEG,True
2021-09-07 10:40:00-04:00,2021-09-07 15:00:00-04:00,SHORT,15658.75,15689.5,-30.75,-615.0,force_close,-1,2021,10,NEG,True
2021-09-08 12:20:00-04:00,2021-09-08 15:00:00-04:00,SHORT,15589.5,15605.0,-15.5,-310.0,force_close,-1,2021,12,NEG,True
2021-09-16 10:40:00-04:00,2021-09-16 14:00:00-04:00,SHORT,15408.75,15466.955299601132,-58.20529960113163,-1164.1059920226326,stop,-1,2021,10,NEG,True
2021-09-17 12:40:00-04:00,2021-09-17 14:00:00-04:00,SHORT,15359.5,15287.869570082958,71.63042991704242,1432.6085983408484,target,-1,2021,12,NEG,True
2021-09-20 09:20:00-04:00,2021-09-20 10:40:00-04:00,SHORT,15094.75,15023.977888257363,70.77211174263721,1415.4422348527441,target,-1,2021,9,NEG,True
2021-09-20 11:20:00-04:00,2021-09-20 12:20:00-04:00,SHORT,15033.75,14937.292651378735,96.45734862126483,1929.1469724252966,target,-1,2021,11,NEG,True
2021-09-20 13:40:00-04:00,2021-09-20 14:40:00-04:00,SHORT,14947.25,14852.62304255405,94.6269574459493,1892.539148918986,target,-1,2021,13,NEG,True
2021-09-22 10:00:00-04:00,2021-09-22 10:40:00-04:00,LONG,15077.0,15135.963328020061,58.963328020061454,1179.266560401229,target,-1,2021,10,NEG,True
2021-09-22 14:20:00-04:00,2021-09-22 15:00:00-04:00,LONG,15195.0,15125.0,-70.0,-1400.0,force_close,-1,2021,14,NEG,True
2021-09-24 12:00:00-04:00,2021-09-24 15:00:00-04:00,LONG,15253.5,15301.75,48.25,965.0,force_close,-1,2021,12,NEG,True
2021-09-27 10:20:00-04:00,2021-09-27 15:00:00-04:00,SHORT,15159.75,15201.0,-41.25,-825.0,force_close,-1,2021,10,NEG,True
2021-09-29 10:00:00-04:00,2021-09-29 11:40:00-04:00,SHORT,14885.25,14801.713280199177,83.53671980082254,1670.7343960164508,target,-1,2021,10,NEG,True
2021-09-29 14:20:00-04:00,2021-09-29 15:00:00-04:00,SHORT,14834.0,14840.0,-6.0,-120.0,force_close,-1,2021,14,NEG,True
2021-09-30 11:20:00-04:00,2021-09-30 12:00:00-04:00,LONG,14836.75,14745.870150446177,-90.87984955382308,-1817.5969910764616,stop,-1,2021,11,NEG,True
2021-10-01 11:00:00-04:00,2021-10-01 13:40:00-04:00,SHORT,14619.25,14716.784101218082,-97.53410121808156,-1950.6820243616312,stop,-1,2021,11,NEG,True
2021-10-04 12:00:00-04:00,2021-10-04 15:00:00-04:00,SHORT,14444.25,14449.5,-5.25,-105.0,force_close,-1,2021,12,NEG,True
2021-10-06 09:40:00-04:00,2021-10-06 10:20:00-04:00,LONG,14609.0,14526.062457076252,-82.93754292374797,-1658.7508584749594,stop,-1,2021,9,NEG,True
2021-10-11 10:00:00-04:00,2021-10-11 13:40:00-04:00,LONG,14860.75,14786.411998754282,-74.33800124571826,-1486.7600249143652,stop,-1,2021,10,NEG,True
2021-10-12 11:20:00-04:00,2021-10-12 15:00:00-04:00,SHORT,14669.0,14672.5,-3.5,-70.0,force_close,-1,2021,11,NEG,True
2021-10-13 09:20:00-04:00,2021-10-13 14:20:00-04:00,LONG,14725.25,14792.823107238939,67.57310723893897,1351.4621447787795,target,-1,2021,9,NEG,True
2021-10-15 10:40:00-04:00,2021-10-15 15:00:00-04:00,LONG,15083.0,15117.75,34.75,695.0,force_close,-1,2021,10,NEG,True
2021-10-18 10:00:00-04:00,2021-10-18 11:20:00-04:00,LONG,15137.25,15198.222031888274,60.972031888273705,1219.440637765474,target,-1,2021,10,NEG,True
2021-10-19 11:00:00-04:00,2021-10-19 15:00:00-04:00,LONG,15378.0,15374.0,-4.0,-80.0,force_close,-1,2021,11,NEG,True
2021-10-20 13:40:00-04:00,2021-10-20 15:00:00-04:00,SHORT,15351.0,15372.25,-21.25,-425.0,force_close,-1,2021,13,NEG,True
2021-10-21 08:40:00-04:00,2021-10-21 10:00:00-04:00,SHORT,15340.75,15382.195875695541,-41.44587569554096,-828.9175139108193,stop,1,2021,8,POS,True
2021-10-21 10:20:00-04:00,2021-10-21 15:00:00-04:00,LONG,15405.25,15438.75,33.5,670.0,force_close,1,2021,10,POS,True
2021-10-22 12:00:00-04:00,2021-10-22 15:00:00-04:00,SHORT,15315.0,15344.25,-29.25,-585.0,force_close,-1,2021,12,NEG,True
2021-10-25 10:00:00-04:00,2021-10-25 12:20:00-04:00,LONG,15389.25,15443.572617195527,54.32261719552662,1086.4523439105324,target,-1,2021,10,NEG,True
2021-10-26 10:20:00-04:00,2021-10-26 11:40:00-04:00,LONG,15688.75,15638.412253297322,-50.33774670267849,-1006.7549340535697,stop,-1,2021,10,NEG,True
2021-10-28 11:20:00-04:00,2021-10-28 13:00:00-04:00,LONG,15751.75,15687.912413534266,-63.83758646573369,-1276.7517293146739,stop,-1,2021,11,NEG,True
2021-10-29 09:40:00-04:00,2021-10-29 11:40:00-04:00,LONG,15676.25,15732.875700701294,56.62570070129368,1132.5140140258736,target,-1,2021,9,NEG,True
2021-11-01 11:20:00-04:00,2021-11-01 15:00:00-04:00,SHORT,15831.5,15828.25,3.25,65.0,force_close,1,2021,11,POS,True
2021-11-02 09:40:00-04:00,2021-11-02 12:00:00-04:00,LONG,15933.25,15976.669182287022,43.41918228702161,868.3836457404323,target,-1,2021,9,NEG,True
2021-11-03 14:20:00-04:00,2021-11-03 15:00:00-04:00,LONG,16002.25,16082.25,80.0,1600.0,force_close,-1,2021,14,NEG,True
2021-11-05 14:00:00-04:00,2021-11-05 15:00:00-04:00,LONG,16356.5,16369.75,13.25,265.0,force_close,1,2021,14,POS,True
2021-11-09 10:20:00-05:00,2021-11-09 13:40:00-05:00,SHORT,16253.25,16180.8207273378,72.42927266220067,1448.5854532440135,target,-1,2021,10,NEG,True
2021-11-09 14:20:00-05:00,2021-11-09 15:00:00-05:00,SHORT,16213.5,16217.25,-3.75,-75.0,force_close,-1,2021,14,NEG,True
2021-11-10 10:00:00-05:00,2021-11-10 13:20:00-05:00,SHORT,16171.75,16093.25839050045,78.49160949954967,1569.8321899909934,target,-1,2021,10,NEG,True
2021-11-12 10:20:00-05:00,2021-11-12 11:20:00-05:00,LONG,16070.75,16126.84172755823,56.09172755823056,1121.8345511646112,target,-1,2021,10,NEG,True
2021-11-17 10:40:00-05:00,2021-11-17 12:20:00-05:00,LONG,16344.25,16393.881354830293,49.631354830293276,992.6270966058655,target,-1,2021,10,NEG,True
2021-11-18 10:40:00-05:00,2021-11-18 11:40:00-05:00,LONG,16362.75,16424.365929025455,61.615929025454534,1232.3185805090907,target,-1,2021,10,NEG,True
2021-11-19 10:00:00-05:00,2021-11-19 10:40:00-05:00,LONG,16613.25,16550.47851240361,-62.771487596390216,-1255.4297519278043,stop,-1,2021,10,NEG,True
2021-11-22 09:40:00-05:00,2021-11-22 10:20:00-05:00,LONG,16698.75,16742.88408200243,44.13408200243066,882.6816400486132,target,1,2021,9,POS,True
2021-11-22 12:40:00-05:00,2021-11-22 15:00:00-05:00,SHORT,16538.5,16570.25,-31.75,-635.0,force_close,1,2021,12,POS,True
2021-11-23 10:00:00-05:00,2021-11-23 10:20:00-05:00,SHORT,16395.5,16315.672051832666,79.8279481673344,1596.558963346688,target,-1,2021,10,NEG,True
2021-11-23 11:20:00-05:00,2021-11-23 13:40:00-05:00,SHORT,16232.25,16118.56079426262,113.68920573738069,2273.784114747614,target,-1,2021,11,NEG,True
2021-11-23 14:00:00-05:00,2021-11-23 15:00:00-05:00,SHORT,16186.75,16246.25,-59.5,-1190.0,force_close,-1,2021,14,NEG,True
2021-11-24 10:40:00-05:00,2021-11-24 15:00:00-05:00,SHORT,16262.5,16325.75,-63.25,-1265.0,force_close,-1,2021,10,NEG,True
2021-11-26 09:20:00-05:00,2021-11-26 10:20:00-05:00,SHORT,16234.75,16146.212354843577,88.53764515642251,1770.7529031284503,target,0,2021,9,ZERO,True
2021-11-26 12:40:00-05:00,2021-11-26 13:00:00-05:00,SHORT,16125.0,16000.948516632305,124.05148336769525,2481.029667353905,target,0,2021,12,ZERO,True
2021-11-30 10:00:00-05:00,2021-11-30 11:00:00-05:00,LONG,16408.25,16321.468827713674,-86.78117228632618,-1735.6234457265236,stop,-1,2021,10,NEG,True
2021-12-01 14:40:00-05:00,2021-12-01 15:00:00-05:00,SHORT,16184.75,16134.0,50.75,1015.0,force_close,-1,2021,14,NEG,True
2021-12-02 09:40:00-05:00,2021-12-02 10:40:00-05:00,SHORT,15942.5,15829.444337709316,113.05566229068427,2261.1132458136854,target,-1,2021,9,NEG,True
2021-12-03 12:20:00-05:00,2021-12-03 15:00:00-05:00,SHORT,15627.75,15568.5,59.25,1185.0,force_close,-1,2021,12,NEG,True
2021-12-06 10:00:00-05:00,2021-12-06 12:40:00-05:00,SHORT,15664.0,15791.41800897983,-127.41800897983012,-2548.3601795966024,stop,-1,2021,10,NEG,True
2021-12-13 14:00:00-05:00,2021-12-13 15:00:00-05:00,SHORT,16160.75,16193.5,-32.75,-655.0,force_close,1,2021,14,POS,True
2021-12-15 10:40:00-05:00,2021-12-15 11:20:00-05:00,SHORT,15904.0,15817.727957298435,86.27204270156471,1725.4408540312943,target,-1,2021,10,NEG,True
2021-12-15 12:40:00-05:00,2021-12-15 14:20:00-05:00,SHORT,15790.75,15888.319680078599,-97.56968007859905,-1951.393601571981,stop,-1,2021,12,NEG,True
2021-12-17 10:00:00-05:00,2021-12-17 10:40:00-05:00,SHORT,15781.5,15654.74562204393,126.75437795606922,2535.0875591213844,target,-1,2021,10,NEG,True
2021-12-20 09:40:00-05:00,2021-12-20 11:00:00-05:00,SHORT,15629.0,15540.724276128465,88.27572387153486,1765.5144774306973,target,-1,2021,9,NEG,True
2021-12-20 12:00:00-05:00,2021-12-20 15:00:00-05:00,SHORT,15569.0,15599.0,-30.0,-600.0,force_close,-1,2021,12,NEG,True
2021-12-21 10:20:00-05:00,2021-12-21 10:40:00-05:00,SHORT,15705.25,15622.523046312854,82.7269536871463,1654.5390737429261,target,-1,2021,10,NEG,True
2021-12-21 11:00:00-05:00,2021-12-21 11:40:00-05:00,SHORT,15671.25,15766.448240679223,-95.19824067922309,-1903.9648135844618,stop,-1,2021,11,NEG,True
2021-12-23 09:40:00-05:00,2021-12-23 10:20:00-05:00,LONG,16220.0,16266.30087355832,46.300873558320745,926.0174711664149,target,-1,2021,9,NEG,True
2021-12-27 09:40:00-05:00,2021-12-27 10:40:00-05:00,LONG,16434.25,16483.711734042165,49.46173404216461,989.2346808432922,target,-1,2021,9,NEG,True
2021-12-28 10:40:00-05:00,2021-12-28 12:40:00-05:00,LONG,16563.5,16484.214272502606,-79.28572749739396,-1585.7145499478793,stop,1,2021,10,POS,True
2021-12-31 12:40:00-05:00,2021-12-31 15:00:00-05:00,SHORT,16380.5,16365.0,15.5,310.0,force_close,-1,2021,12,NEG,True
2022-01-03 09:40:00-05:00,2022-01-03 10:00:00-05:00,LONG,16464.25,16405.637100686927,-58.612899313073285,-1172.2579862614657,stop,-1,2022,9,NEG,True
2022-01-03 10:20:00-05:00,2022-01-03 15:00:00-05:00,SHORT,16388.25,16473.75,-85.5,-1710.0,force_close,-1,2022,10,NEG,True
2022-01-04 11:40:00-05:00,2022-01-04 15:00:00-05:00,SHORT,16228.25,16222.0,6.25,125.0,force_close,1,2022,11,POS,True
2022-01-05 10:00:00-05:00,2022-01-05 10:40:00-05:00,SHORT,16214.5,16137.724178777964,76.77582122203603,1535.5164244407206,target,-1,2022,10,NEG,True
2022-01-06 09:40:00-05:00,2022-01-06 10:00:00-05:00,SHORT,15814.5,15710.993040580091,103.50695941990853,2070.1391883981705,target,-1,2022,9,NEG,True
2022-01-06 10:40:00-05:00,2022-01-06 15:00:00-05:00,SHORT,15812.0,15818.75,-6.75,-135.0,force_close,-1,2022,10,NEG,True
2022-01-07 11:40:00-05:00,2022-01-07 15:00:00-05:00,SHORT,15603.75,15636.5,-32.75,-655.0,force_close,-1,2022,11,NEG,True
2022-01-10 11:20:00-05:00,2022-01-10 14:00:00-05:00,SHORT,15288.0,15415.259344252283,-127.25934425228297,-2545.1868850456594,stop,-1,2022,11,NEG,True
2022-01-11 11:20:00-05:00,2022-01-11 15:00:00-05:00,LONG,15741.25,15812.0,70.75,1415.0,force_close,-1,2022,11,NEG,True
2022-01-13 11:40:00-05:00,2022-01-13 12:20:00-05:00,SHORT,15824.0,15720.238578152426,103.76142184757373,2075.2284369514746,target,-1,2022,11,NEG,True
2022-01-14 09:40:00-05:00,2022-01-14 15:00:00-05:00,SHORT,15507.5,15497.75,9.75,195.0,force_close,-1,2022,9,NEG,True
2022-01-18 07:20:00-05:00,2022-01-18 10:20:00-05:00,SHORT,15343.75,15422.306087865902,-78.55608786590165,-1571.121757318033,stop,-1,2022,7,NEG,True
2022-01-19 12:00:00-05:00,2022-01-19 15:00:00-05:00,SHORT,15195.0,15182.75,12.25,245.0,force_close,-1,2022,12,NEG,True
2022-01-21 09:40:00-05:00,2022-01-21 10:00:00-05:00,SHORT,14748.25,14630.60739508711,117.64260491288951,2352.85209825779,target,-1,2022,9,NEG,True
2022-01-21 10:40:00-05:00,2022-01-21 15:00:00-05:00,SHORT,14700.0,14511.25,188.75,3775.0,force_close,-1,2022,10,NEG,True
2022-01-24 10:40:00-05:00,2022-01-24 12:00:00-05:00,SHORT,14109.5,13924.59448646711,184.90551353289084,3698.1102706578167,target,-1,2022,10,NEG,True
2022-01-24 13:00:00-05:00,2022-01-24 14:00:00-05:00,SHORT,13920.0,14159.661966391064,-239.6619663910642,-4793.239327821284,stop,-1,2022,13,NEG,True
2022-02-03 09:40:00-05:00,2022-02-03 10:20:00-05:00,SHORT,14796.5,14695.100953083731,101.39904691626907,2027.9809383253814,target,-1,2022,9,NEG,True
2022-02-08 09:40:00-05:00,2022-02-08 10:20:00-05:00,SHORT,14566.75,14485.046230087022,81.7037699129778,1634.075398259556,target,-1,2022,9,NEG,True
2022-02-10 09:40:00-05:00,2022-02-10 10:00:00-05:00,SHORT,14825.5,14926.093355301382,-100.59335530138196,-2011.8671060276392,stop,-1,2022,9,NEG,True
2022-02-10 10:40:00-05:00,2022-02-10 11:20:00-05:00,LONG,15008.75,14883.861114578303,-124.88888542169661,-2497.7777084339323,stop,-1,2022,10,NEG,True
2022-02-10 12:00:00-05:00,2022-02-10 13:00:00-05:00,LONG,14954.75,14813.596328182812,-141.1536718171883,-2823.073436343766,stop,-1,2022,12,NEG,True
2022-02-11 10:40:00-05:00,2022-02-11 11:20:00-05:00,SHORT,14684.5,14563.89092757838,120.6090724216192,2412.181448432384,target,-1,2022,10,NEG,True
2022-02-11 14:20:00-05:00,2022-02-11 15:00:00-05:00,SHORT,14362.5,14262.75,99.75,1995.0,force_close,-1,2022,14,NEG,True
2022-02-14 08:00:00-05:00,2022-02-14 11:40:00-05:00,SHORT,14231.25,14351.583445591117,-120.3334455911172,-2406.668911822344,stop,-1,2022,8,NEG,True
2022-02-16 14:20:00-05:00,2022-02-16 14:40:00-05:00,SHORT,14491.0,14591.147722562333,-100.147722562333,-2002.95445124666,stop,-1,2022,14,NEG,True
2022-02-18 10:00:00-05:00,2022-02-18 10:40:00-05:00,SHORT,14184.25,14080.33687761986,103.91312238013961,2078.2624476027922,target,-1,2022,10,NEG,True
2022-02-18 13:40:00-05:00,2022-02-18 14:40:00-05:00,SHORT,13978.25,14108.102078974787,-129.85207897478722,-2597.0415794957444,stop,-1,2022,13,NEG,True
2022-02-22 10:00:00-05:00,2022-02-22 11:40:00-05:00,LONG,14020.75,13885.335348989584,-135.4146510104165,-2708.29302020833,stop,-1,2022,10,NEG,True
2022-02-24 09:40:00-05:00,2022-02-24 10:40:00-05:00,SHORT,13305.0,13472.875763460603,-167.87576346060268,-3357.5152692120537,stop,-1,2022,9,NEG,True
2022-02-28 10:00:00-05:00,2022-02-28 11:40:00-05:00,LONG,14143.75,14278.154650071538,134.40465007153762,2688.0930014307523,target,-1,2022,10,NEG,True
2022-03-02 10:00:00-05:00,2022-03-02 10:40:00-05:00,LONG,14078.0,13957.3009195858,-120.69908041420058,-2413.9816082840116,stop,-1,2022,10,NEG,True
2022-03-03 13:20:00-05:00,2022-03-03 15:00:00-05:00,LONG,14185.75,14058.0,-127.75,-2555.0,force_close,-1,2022,13,NEG,True
2022-03-04 09:40:00-05:00,2022-03-04 10:20:00-05:00,SHORT,13948.0,13827.100913939352,120.89908606064819,2417.9817212129637,target,-1,2022,9,NEG,True
2022-03-04 12:20:00-05:00,2022-03-04 15:00:00-05:00,SHORT,13866.75,13746.0,120.75,2415.0,force_close,-1,2022,12,NEG,True
2022-03-07 11:20:00-05:00,2022-03-07 13:20:00-05:00,SHORT,13627.25,13486.311484465825,140.93851553417517,2818.7703106835033,target,-1,2022,11,NEG,True
2022-03-08 12:20:00-05:00,2022-03-08 14:20:00-05:00,LONG,13538.75,13297.56267890282,-241.18732109718076,-4823.746421943615,stop,-1,2022,12,NEG,True
2022-03-15 10:40:00-04:00,2022-03-15 15:00:00-04:00,LONG,13297.25,13374.0,76.75,1535.0,force_close,-1,2022,10,NEG,True
2022-03-18 09:40:00-04:00,2022-03-18 10:00:00-04:00,LONG,14055.5,14132.44901333146,76.94901333145935,1538.980266629187,target,-1,2022,9,NEG,True
2022-03-21 09:40:00-04:00,2022-03-21 10:00:00-04:00,LONG,14424.5,14355.635353741183,-68.86464625881672,-1377.2929251763344,stop,-1,2022,9,NEG,True
2022-03-21 11:00:00-04:00,2022-03-21 12:00:00-04:00,LONG,14346.5,14449.695430596576,103.19543059657553,2063.9086119315107,target,-1,2022,11,NEG,True
2022-03-21 13:40:00-04:00,2022-03-21 15:00:00-04:00,SHORT,14256.25,14253.75,2.5,50.0,force_close,-1,2022,13,NEG,True
2022-03-22 10:20:00-04:00,2022-03-22 11:20:00-04:00,LONG,14567.25,14658.629383571742,91.37938357174244,1827.5876714348487,target,-1,2022,10,NEG,True
2022-03-23 10:20:00-04:00,2022-03-23 12:20:00-04:00,LONG,14579.0,14663.082332904154,84.0823329041541,1681.646658083082,target,-1,2022,10,NEG,True
2022-03-25 12:20:00-04:00,2022-03-25 15:00:00-04:00,SHORT,14657.25,14740.75,-83.5,-1670.0,force_close,-1,2022,12,NEG,True
2022-03-28 09:40:00-04:00,2022-03-28 10:40:00-04:00,LONG,14860.5,14780.783730744704,-79.71626925529563,-1594.3253851059126,stop,-1,2022,9,NEG,True
2022-04-01 11:00:00-04:00,2022-04-01 11:40:00-04:00,SHORT,14891.75,14801.71407118631,90.03592881368968,1800.7185762737936,target,-1,2022,11,NEG,True
2022-04-01 14:20:00-04:00,2022-04-01 15:00:00-04:00,SHORT,14804.25,14811.75,-7.5,-150.0,force_close,-1,2022,14,NEG,True
2022-04-04 10:00:00-04:00,2022-04-04 12:00:00-04:00,LONG,15045.25,15119.76527512779,74.51527512778921,1490.3055025557842,target,-1,2022,10,NEG,True
2022-04-05 11:00:00-04:00,2022-04-05 12:20:00-04:00,SHORT,14964.5,14876.836743224036,87.66325677596433,1753.2651355192866,target,-1,2022,11,NEG,True
2022-04-06 14:40:00-04:00,2022-04-06 15:00:00-04:00,SHORT,14512.5,14601.5,-89.0,-1780.0,force_close,-1,2022,14,NEG,True
2022-04-07 09:40:00-04:00,2022-04-07 10:00:00-04:00,LONG,14561.75,14475.376187978693,-86.37381202130746,-1727.4762404261492,stop,-1,2022,9,NEG,True
2022-04-08 11:00:00-04:00,2022-04-08 14:40:00-04:00,SHORT,14470.75,14364.546834872152,106.20316512784848,2124.0633025569696,target,-1,2022,11,NEG,True
2022-04-13 10:20:00-04:00,2022-04-13 12:40:00-04:00,LONG,14084.25,14187.030309123802,102.780309123802,2055.60618247604,target,-1,2022,10,NEG,True
2022-04-14 14:00:00-04:00,2022-04-14 15:00:00-04:00,SHORT,14026.5,13940.0,86.5,1730.0,force_close,-1,2022,14,NEG,True
2022-04-19 10:00:00-04:00,2022-04-19 10:40:00-04:00,LONG,14016.25,14121.928340644921,105.67834064492126,2113.5668128984253,target,-1,2022,10,NEG,True
2022-04-25 10:20:00-04:00,2022-04-25 10:40:00-04:00,SHORT,13316.75,13439.5690057929,-122.8190057929005,-2456.38011585801,stop,-1,2022,10,NEG,True
2022-04-26 12:20:00-04:00,2022-04-26 15:00:00-04:00,SHORT,13160.0,13195.75,-35.75,-715.0,force_close,-1,2022,12,NEG,True
2022-04-27 09:40:00-04:00,2022-04-27 10:00:00-04:00,SHORT,13133.0,13249.99666137141,-116.99666137140957,-2339.9332274281915,stop,-1,2022,9,NEG,True
2022-04-28 11:20:00-04:00,2022-04-28 13:00:00-04:00,LONG,13212.0,13355.838481137129,143.83848113712884,2876.7696227425768,target,-1,2022,11,NEG,True
2022-04-29 10:00:00-04:00,2022-04-29 10:20:00-04:00,LONG,13421.75,13295.299617672676,-126.4503823273244,-2529.007646546488,stop,-1,2022,10,NEG,True
2022-05-02 10:00:00-04:00,2022-05-02 13:20:00-04:00,SHORT,12921.5,12783.726726263198,137.77327373680237,2755.4654747360473,target,-1,2022,10,NEG,True
2022-05-04 12:00:00-04:00,2022-05-04 12:40:00-04:00,SHORT,12962.25,13052.905741820221,-90.65574182022101,-1813.1148364044202,stop,-1,2022,12,NEG,True
2022-05-06 08:40:00-04:00,2022-05-06 09:00:00-04:00,SHORT,12877.75,12774.260585785796,103.48941421420386,2069.7882842840772,target,-1,2022,8,NEG,True
2022-05-09 12:20:00-04:00,2022-05-09 14:00:00-04:00,SHORT,12400.5,12246.494157377887,154.00584262211305,3080.116852442261,target,-1,2022,12,NEG,True
2022-05-10 11:40:00-04:00,2022-05-10 14:00:00-04:00,SHORT,12304.0,12470.173434042543,-166.1734340425428,-3323.468680850856,stop,-1,2022,11,NEG,True
2022-05-11 09:20:00-04:00,2022-05-11 10:00:00-04:00,SHORT,12251.0,12391.748218224662,-140.7482182246622,-2814.964364493244,stop,-1,2022,9,NEG,True
2022-05-12 10:20:00-04:00,2022-05-12 14:00:00-04:00,SHORT,11957.25,11766.239296362719,191.01070363728104,3820.214072745621,target,-1,2022,10,NEG,True
2022-05-13 10:00:00-04:00,2022-05-13 11:40:00-04:00,LONG,12239.75,12350.936531128958,111.18653112895845,2223.730622579169,target,-1,2022,10,NEG,True
2022-05-18 13:00:00-04:00,2022-05-18 13:20:00-04:00,SHORT,12133.75,12020.023933748154,113.72606625184562,2274.5213250369125,target,-1,2022,13,NEG,True
2022-05-19 09:40:00-04:00,2022-05-19 10:00:00-04:00,SHORT,11958.0,11837.849804997237,120.15019500276321,2403.0039000552642,target,-1,2022,9,NEG,True
2022-05-24 10:40:00-04:00,2022-05-24 12:20:00-04:00,SHORT,11636.75,11740.46820816649,-103.71820816649051,-2074.3641633298103,stop,-1,2022,10,NEG,True
2022-05-26 09:40:00-04:00,2022-05-26 10:20:00-04:00,LONG,12032.25,12135.162712677493,102.91271267749289,2058.254253549858,target,-1,2022,9,NEG,True
2022-05-31 11:40:00-04:00,2022-05-31 12:20:00-04:00,SHORT,12630.75,12751.546569338872,-120.79656933887236,-2415.931386777447,stop,-1,2022,11,NEG,True
2022-06-01 14:40:00-04:00,2022-06-01 15:00:00-04:00,SHORT,12627.75,12613.0,14.75,295.0,force_close,-1,2022,14,NEG,True
2022-06-02 12:40:00-04:00,2022-06-02 15:00:00-04:00,LONG,12793.5,12820.25,26.75,535.0,force_close,-1,2022,12,NEG,True
2022-06-03 11:40:00-04:00,2022-06-03 15:00:00-04:00,SHORT,12558.5,12579.0,-20.5,-410.0,force_close,-1,2022,11,NEG,True
2022-06-07 10:40:00-04:00,2022-06-07 15:00:00-04:00,LONG,12661.5,12668.5,7.0,140.0,force_close,-1,2022,10,NEG,True
2022-06-08 14:00:00-04:00,2022-06-08 15:00:00-04:00,SHORT,12632.5,12615.0,17.5,350.0,force_close,-1,2022,14,NEG,True
2022-06-13 08:20:00-04:00,2022-06-13 10:20:00-04:00,SHORT,11539.25,11437.970303420749,101.27969657925132,2025.5939315850264,target,-1,2022,8,NEG,True
2022-06-13 12:40:00-04:00,2022-06-13 13:20:00-04:00,SHORT,11551.25,11420.744298247584,130.50570175241592,2610.1140350483183,target,-1,2022,12,NEG,True
2022-06-14 13:20:00-04:00,2022-06-14 15:00:00-04:00,SHORT,11431.5,11305.0,126.5,2530.0,force_close,-1,2022,13,NEG,True
2022-06-16 08:40:00-04:00,2022-06-16 09:40:00-04:00,SHORT,11408.75,11296.73103738023,112.01896261976981,2240.379252395396,target,-1,2022,8,NEG,True
2022-06-16 11:20:00-04:00,2022-06-16 15:00:00-04:00,SHORT,11202.0,11094.0,108.0,2160.0,force_close,-1,2022,11,NEG,True
2022-06-21 09:40:00-04:00,2022-06-21 10:20:00-04:00,LONG,11576.0,11647.218539199088,71.2185391990879,1424.370783981758,target,-1,2022,9,NEG,True
2022-06-22 09:40:00-04:00,2022-06-22 10:00:00-04:00,LONG,11490.5,11569.50721379681,79.0072137968109,1580.144275936218,target,-1,2022,9,NEG,True
2022-06-22 10:40:00-04:00,2022-06-22 12:00:00-04:00,LONG,11742.0,11629.370681956416,-112.62931804358414,-2252.5863608716827,stop,-1,2022,10,NEG,True
2022-06-24 09:40:00-04:00,2022-06-24 10:00:00-04:00,LONG,11918.25,11984.67592672629,66.42592672628962,1328.5185345257923,target,-1,2022,9,NEG,True
2022-06-24 10:20:00-04:00,2022-06-24 15:00:00-04:00,LONG,12048.0,12056.0,8.0,160.0,force_close,-1,2022,10,NEG,True
2022-06-29 10:00:00-04:00,2022-06-29 15:00:00-04:00,SHORT,11690.25,11661.5,28.75,575.0,force_close,-1,2022,10,NEG,True
2022-07-01 10:00:00-04:00,2022-07-01 10:40:00-04:00,SHORT,11556.0,11445.1492588864,110.85074111359972,2217.0148222719945,target,-1,2022,10,NEG,True
2022-07-05 10:00:00-04:00,2022-07-05 10:40:00-04:00,SHORT,11449.75,11537.404099285248,-87.65409928524787,-1753.0819857049573,stop,-1,2022,10,NEG,True
2022-07-05 12:00:00-04:00,2022-07-05 13:40:00-04:00,LONG,11569.5,11691.021346510186,121.52134651018605,2430.426930203721,target,-1,2022,12,NEG,True
2022-07-05 14:40:00-04:00,2022-07-05 15:00:00-04:00,LONG,11783.75,11757.5,-26.25,-525.0,force_close,-1,2022,14,NEG,True
2022-07-07 09:40:00-04:00,2022-07-07 11:00:00-04:00,LONG,11993.75,12065.739473561862,71.98947356186181,1439.7894712372363,target,-1,2022,9,NEG,True
2022-07-11 10:20:00-04:00,2022-07-11 13:40:00-04:00,SHORT,11899.5,11984.165683989988,-84.66568398998788,-1693.3136797997577,stop,-1,2022,10,NEG,True
2022-07-12 07:20:00-04:00,2022-07-12 08:40:00-04:00,SHORT,11854.0,11915.726146966517,-61.72614696651726,-1234.5229393303453,stop,-1,2022,7,NEG,True
2022-07-12 09:40:00-04:00,2022-07-12 10:00:00-04:00,LONG,12008.25,11928.53530129524,-79.71469870475994,-1594.2939740951988,stop,-1,2022,9,NEG,True
2022-07-13 09:00:00-04:00,2022-07-13 10:00:00-04:00,SHORT,11560.0,11687.811350611726,-127.81135061172608,-2556.2270122345217,stop,-1,2022,9,NEG,True
2022-07-13 10:40:00-04:00,2022-07-13 15:00:00-04:00,SHORT,11724.0,11841.0,-117.0,-2340.0,force_close,-1,2022,10,NEG,True
2022-07-14 14:20:00-04:00,2022-07-14 15:00:00-04:00,LONG,11775.75,11802.75,27.0,540.0,force_close,-1,2022,14,NEG,True
2022-07-19 10:00:00-04:00,2022-07-19 11:00:00-04:00,LONG,12065.75,12139.036469715193,73.28646971519265,1465.729394303853,target,-1,2022,10,NEG,True
2022-07-20 10:20:00-04:00,2022-07-20 10:40:00-04:00,LONG,12329.0,12406.658016607502,77.65801660750185,1553.160332150037,target,-1,2022,10,NEG,True
2022-07-21 11:00:00-04:00,2022-07-21 12:20:00-04:00,LONG,12475.5,12588.089152475972,112.58915247597179,2251.7830495194357,target,1,2022,11,POS,True
2022-07-25 11:40:00-04:00,2022-07-25 15:00:00-04:00,SHORT,12370.0,12289.5,80.5,1610.0,force_close,-1,2022,11,NEG,True
2022-08-01 09:40:00-04:00,2022-08-01 10:00:00-04:00,LONG,12922.75,12979.381373311815,56.63137331181497,1132.6274662362994,target,1,2022,9,POS,True
2022-08-01 11:00:00-04:00,2022-08-01 13:00:00-04:00,LONG,13090.0,12998.498212901948,-91.50178709805186,-1830.0357419610373,stop,1,2022,11,POS,True
2022-08-02 09:40:00-04:00,2022-08-02 10:20:00-04:00,LONG,12919.75,12855.840465967112,-63.90953403288768,-1278.1906806577535,stop,1,2022,9,POS,True
2022-08-05 09:40:00-04:00,2022-08-05 10:20:00-04:00,SHORT,13192.75,13280.994406936641,-88.2444069366411,-1764.888138732822,stop,-1,2022,9,NEG,True
2022-08-05 13:00:00-04:00,2022-08-05 15:00:00-04:00,SHORT,13201.5,13169.25,32.25,645.0,force_close,-1,2022,13,NEG,True
2022-08-08 09:40:00-04:00,2022-08-08 10:00:00-04:00,LONG,13335.25,13411.47344817146,76.2234481714604,1524.468963429208,target,-1,2022,9,NEG,True
2022-08-09 11:20:00-04:00,2022-08-09 12:40:00-04:00,SHORT,13051.5,12963.707618433817,87.7923815661834,1755.8476313236679,target,-1,2022,11,NEG,True
2022-08-09 14:00:00-04:00,2022-08-09 15:00:00-04:00,SHORT,13022.75,13030.0,-7.25,-145.0,force_close,-1,2022,14,NEG,True
2022-08-15 09:40:00-04:00,2022-08-15 12:00:00-04:00,LONG,13586.25,13644.158266520799,57.90826652079886,1158.1653304159772,target,-1,2022,9,NEG,True
2022-08-16 11:00:00-04:00,2022-08-16 11:40:00-04:00,SHORT,13556.0,13625.975217930447,-69.97521793044689,-1399.5043586089378,stop,-1,2022,11,NEG,True
2022-08-17 12:40:00-04:00,2022-08-17 14:20:00-04:00,SHORT,13484.5,13570.839339326436,-86.33933932643595,-1726.786786528719,stop,-1,2022,12,NEG,True
2022-08-19 14:00:00-04:00,2022-08-19 15:00:00-04:00,SHORT,13276.5,13252.25,24.25,485.0,force_close,-1,2022,14,NEG,True
2022-08-23 10:00:00-04:00,2022-08-23 15:00:00-04:00,SHORT,12946.5,12931.0,15.5,310.0,force_close,-1,2022,10,NEG,True
2022-08-24 10:20:00-04:00,2022-08-24 12:00:00-04:00,LONG,12939.75,13005.680602927145,65.93060292714472,1318.6120585428944,target,-1,2022,10,NEG,True
2022-08-29 09:40:00-04:00,2022-08-29 11:00:00-04:00,SHORT,12561.25,12480.197353234602,81.0526467653981,1621.052935307962,target,-1,2022,9,NEG,True
2022-09-01 13:20:00-04:00,2022-09-01 14:40:00-04:00,SHORT,12079.25,12182.209008502348,-102.9590085023483,-2059.180170046966,stop,-1,2022,13,NEG,True
2022-09-06 11:00:00-04:00,2022-09-06 13:20:00-04:00,SHORT,12105.5,11995.514444595321,109.98555540467896,2199.7111080935792,target,-1,2022,11,NEG,True
2022-09-07 09:40:00-04:00,2022-09-07 13:20:00-04:00,LONG,12103.75,12184.09062189828,80.34062189828,1606.8124379656,target,-1,2022,9,NEG,True
2022-09-07 14:40:00-04:00,2022-09-07 15:00:00-04:00,LONG,12259.5,12269.5,10.0,200.0,force_close,-1,2022,14,NEG,True
2022-09-13 12:20:00-04:00,2022-09-13 15:00:00-04:00,SHORT,12307.75,12214.5,93.25,1865.0,force_close,-1,2022,12,NEG,True
2022-09-14 10:00:00-04:00,2022-09-14 10:40:00-04:00,SHORT,12190.75,12098.040670865104,92.7093291348956,1854.186582697912,target,-1,2022,10,NEG,True
2022-09-15 10:00:00-04:00,2022-09-15 10:40:00-04:00,SHORT,12203.0,12127.968617049139,75.03138295086137,1500.6276590172274,target,-1,2022,10,NEG,True
2022-09-16 10:20:00-04:00,2022-09-16 15:00:00-04:00,SHORT,11851.0,11892.0,-41.0,-820.0,force_close,-1,2022,10,NEG,True
2022-09-19 10:00:00-04:00,2022-09-19 15:00:00-04:00,LONG,11914.0,11946.25,32.25,645.0,force_close,-1,2022,10,NEG,True
2022-09-20 11:00:00-04:00,2022-09-20 13:40:00-04:00,SHORT,11955.0,11879.600637287296,75.3993627127038,1507.987254254076,target,-1,2022,11,NEG,True
2022-09-20 14:20:00-04:00,2022-09-20 15:00:00-04:00,SHORT,11878.25,11904.75,-26.5,-530.0,force_close,-1,2022,14,NEG,True
2022-09-21 14:40:00-04:00,2022-09-21 15:00:00-04:00,LONG,11948.75,12075.75,127.0,2540.0,force_close,-1,2022,14,NEG,True
2022-09-23 13:00:00-04:00,2022-09-23 14:20:00-04:00,SHORT,11357.25,11260.076457607936,97.17354239206361,1943.4708478412722,target,-1,2022,13,NEG,True
2022-09-26 14:20:00-04:00,2022-09-26 15:00:00-04:00,SHORT,11356.0,11380.25,-24.25,-485.0,force_close,-1,2022,14,NEG,True
2022-09-27 09:40:00-04:00,2022-09-27 10:00:00-04:00,LONG,11550.75,11469.467534212536,-81.28246578746439,-1625.6493157492878,stop,-1,2022,9,NEG,True
2022-09-28 06:20:00-04:00,2022-09-28 10:40:00-04:00,SHORT,11278.5,11386.395988412642,-107.8959884126416,-2157.919768252832,stop,-1,2022,6,NEG,True
2022-09-29 14:40:00-04:00,2022-09-29 15:00:00-04:00,SHORT,11145.25,11107.25,38.0,760.0,force_close,-1,2022,14,NEG,True
2022-09-30 10:00:00-04:00,2022-09-30 11:20:00-04:00,SHORT,11228.25,11347.280307490833,-119.03030749083337,-2380.6061498166673,stop,-1,2022,10,NEG,True
2022-10-03 10:20:00-04:00,2022-10-03 13:40:00-04:00,LONG,11160.0,11262.97374539576,102.97374539576049,2059.4749079152098,target,-1,2022,10,NEG,True
2022-10-04 09:40:00-04:00,2022-10-04 10:20:00-04:00,LONG,11571.25,11639.018715989312,67.76871598931211,1355.3743197862423,target,-1,2022,9,NEG,True
2022-10-04 13:40:00-04:00,2022-10-04 15:00:00-04:00,LONG,11569.75,11638.25,68.5,1370.0,force_close,-1,2022,13,NEG,True
2022-10-05 11:20:00-04:00,2022-10-05 12:20:00-04:00,SHORT,11424.75,11511.943622339018,-87.19362233901848,-1743.8724467803695,stop,-1,2022,11,NEG,True
2022-10-06 09:40:00-04:00,2022-10-06 10:20:00-04:00,LONG,11688.75,11600.392287496034,-88.35771250396647,-1767.1542500793294,stop,-1,2022,9,NEG,True
2022-10-06 11:00:00-04:00,2022-10-06 15:00:00-04:00,LONG,11640.0,11554.5,-85.5,-1710.0,force_close,-1,2022,11,NEG,True
2022-10-10 13:40:00-04:00,2022-10-10 14:00:00-04:00,SHORT,10968.75,11068.323668205014,-99.57366820501375,-1991.473364100275,stop,-1,2022,13,NEG,True
2022-10-10 14:40:00-04:00,2022-10-10 15:00:00-04:00,SHORT,11037.25,11003.5,33.75,675.0,force_close,-1,2022,14,NEG,True
2022-10-11 11:20:00-04:00,2022-10-11 12:00:00-04:00,SHORT,10895.75,10996.81523008497,-101.06523008497061,-2021.3046016994122,stop,-1,2022,11,NEG,True
2022-10-12 11:20:00-04:00,2022-10-12 15:00:00-04:00,SHORT,10885.5,10857.5,28.0,560.0,force_close,-1,2022,11,NEG,True
2022-10-13 10:00:00-04:00,2022-10-13 11:20:00-04:00,SHORT,10614.5,10755.604041340832,-141.10404134083183,-2822.0808268166365,stop,-1,2022,10,NEG,True
2022-10-20 10:00:00-04:00,2022-10-20 10:20:00-04:00,LONG,11202.75,11317.06469876215,114.31469876214942,2286.2939752429884,target,-1,2022,10,NEG,True
2022-10-21 10:00:00-04:00,2022-10-21 13:20:00-04:00,LONG,11153.75,11261.667578836952,107.91757883695209,2158.351576739042,target,-1,2022,10,NEG,True
2022-10-25 09:20:00-04:00,2022-10-25 10:00:00-04:00,LONG,11516.25,11578.873936547208,62.62393654720836,1252.4787309441672,target,-1,2022,9,NEG,True
2022-10-26 10:20:00-04:00,2022-10-26 11:00:00-04:00,LONG,11569.5,11653.70818708938,84.20818708937986,1684.1637417875972,target,-1,2022,10,NEG,True
2022-10-28 10:00:00-04:00,2022-10-28 11:00:00-04:00,LONG,11320.75,11427.603308828104,106.85330882810376,2137.0661765620753,target,-1,2022,10,NEG,True
2022-11-01 12:00:00-04:00,2022-11-01 15:00:00-04:00,SHORT,11365.75,11370.25,-4.5,-90.0,force_close,1,2022,12,POS,True
2022-11-02 08:40:00-04:00,2022-11-02 09:40:00-04:00,SHORT,11347.5,11292.751671457612,54.74832854238775,1094.966570847755,target,-1,2022,8,NEG,True
2022-11-04 12:20:00-04:00,2022-11-04 15:00:00-04:00,SHORT,10776.0,10806.5,-30.5,-610.0,force_close,-1,2022,12,NEG,True
2022-11-09 10:20:00-05:00,2022-11-09 11:00:00-05:00,SHORT,11032.25,10935.447914133441,96.80208586655863,1936.0417173311725,target,-1,2022,10,NEG,True
2022-11-11 10:20:00-05:00,2022-11-11 13:40:00-05:00,LONG,11733.0,11838.351721457386,105.35172145738579,2107.034429147716,target,1,2022,10,POS,True
2022-11-17 10:20:00-05:00,2022-11-17 13:00:00-05:00,SHORT,11662.0,11752.548114035426,-90.5481140354259,-1810.962280708518,stop,-1,2022,10,NEG,True
2022-11-18 11:20:00-05:00,2022-11-18 12:20:00-05:00,SHORT,11713.0,11622.30313701123,90.69686298877059,1813.9372597754118,target,-1,2022,11,NEG,True
2022-11-21 13:20:00-05:00,2022-11-21 15:00:00-05:00,SHORT,11602.75,11591.5,11.25,225.0,force_close,1,2022,13,POS,True
2022-11-22 10:20:00-05:00,2022-11-22 13:20:00-05:00,SHORT,11603.75,11675.13888457623,-71.38888457623034,-1427.7776915246068,stop,-1,2022,10,NEG,True
2022-11-23 12:20:00-05:00,2022-11-23 14:20:00-05:00,LONG,11809.25,11884.695648122957,75.44564812295721,1508.9129624591442,target,1,2022,12,POS,True
2022-11-25 13:20:00-05:00,2022-11-25 15:00:00-05:00,SHORT,11812.0,11812.0,-0.0,-0.0,force_close,0,2022,13,ZERO,True
2022-11-29 11:40:00-05:00,2022-11-29 15:00:00-05:00,SHORT,11502.75,11512.25,-9.5,-190.0,force_close,-1,2022,11,NEG,True
2022-11-30 14:20:00-05:00,2022-11-30 15:00:00-05:00,LONG,11911.0,11895.75,-15.25,-305.0,force_close,-1,2022,14,NEG,True
2022-12-02 09:40:00-05:00,2022-12-02 15:00:00-05:00,SHORT,11903.5,11988.0,-84.5,-1690.0,force_close,1,2022,9,POS,True
2022-12-06 12:40:00-05:00,2022-12-06 14:40:00-05:00,SHORT,11599.75,11517.418975449318,82.33102455068183,1646.6204910136366,target,-1,2022,12,NEG,True
2022-12-07 11:00:00-05:00,2022-12-07 15:00:00-05:00,SHORT,11550.75,11502.0,48.75,975.0,force_close,-1,2022,11,NEG,True
2022-12-08 10:00:00-05:00,2022-12-08 10:40:00-05:00,LONG,11598.5,11672.262087057856,73.76208705785575,1475.241741157115,target,-1,2022,10,NEG,True
2022-12-14 09:40:00-05:00,2022-12-14 11:20:00-05:00,LONG,11990.25,12051.363481307664,61.11348130766419,1222.2696261532838,target,-1,2022,9,NEG,True
2022-12-16 09:40:00-05:00,2022-12-16 10:40:00-05:00,SHORT,11416.75,11339.160586613547,77.58941338645309,1551.7882677290618,target,-1,2022,9,NEG,True
2022-12-20 12:00:00-05:00,2022-12-20 15:00:00-05:00,SHORT,11177.5,11175.25,2.25,45.0,force_close,-1,2022,12,NEG,True
2022-12-27 10:20:00-05:00,2022-12-27 15:00:00-05:00,SHORT,10970.25,10924.25,46.0,920.0,force_close,-1,2022,10,NEG,True
2022-12-28 13:00:00-05:00,2022-12-28 15:00:00-05:00,SHORT,10854.5,10803.0,51.5,1030.0,force_close,-1,2022,13,NEG,True
2022-12-29 10:00:00-05:00,2022-12-29 10:40:00-05:00,LONG,10961.5,11018.580790578448,57.080790578447704,1141.615811568954,target,-1,2022,10,NEG,True
2022-12-30 10:20:00-05:00,2022-12-30 13:40:00-05:00,SHORT,10941.75,10873.957307195353,67.79269280464723,1355.8538560929446,target,-1,2022,10,NEG,True
2023-01-03 11:00:00-05:00,2023-01-03 12:00:00-05:00,SHORT,10972.0,10866.363757431298,105.63624256870207,2112.7248513740415,target,-1,2023,11,NEG,True
2023-01-04 11:00:00-05:00,2023-01-04 12:00:00-05:00,SHORT,10967.75,11065.458988327573,-97.70898832757302,-1954.1797665514605,stop,-1,2023,11,NEG,True
2023-01-05 13:40:00-05:00,2023-01-05 15:00:00-05:00,SHORT,10896.0,10879.25,16.75,335.0,force_close,-1,2023,13,NEG,True
2023-01-06 10:20:00-05:00,2023-01-06 13:40:00-05:00,LONG,10933.5,11058.82608889,125.32608889000039,2506.521777800008,target,-1,2023,10,NEG,True
2023-01-10 11:00:00-05:00,2023-01-10 15:00:00-05:00,LONG,11209.5,11246.5,37.0,740.0,force_close,-1,2023,11,NEG,True
2023-01-12 09:00:00-05:00,2023-01-12 09:20:00-05:00,LONG,11544.75,11453.829377919199,-90.92062208080097,-1818.4124416160194,stop,-1,2023,9,NEG,True
2023-01-12 10:20:00-05:00,2023-01-12 15:00:00-05:00,LONG,11498.25,11534.75,36.5,730.0,force_close,-1,2023,10,NEG,True
2023-01-19 09:40:00-05:00,2023-01-19 10:00:00-05:00,SHORT,11442.5,11383.8157240146,58.684275985400745,1173.685519708015,target,-1,2023,9,NEG,True
2023-01-20 10:00:00-05:00,2023-01-20 11:20:00-05:00,LONG,11450.25,11510.583556013644,60.33355601364383,1206.6711202728766,target,-1,2023,10,NEG,True
2023-01-23 09:40:00-05:00,2023-01-23 10:00:00-05:00,LONG,11723.75,11778.226578956179,54.476578956178855,1089.531579123577,target,-1,2023,9,NEG,True
2023-01-23 11:20:00-05:00,2023-01-23 15:00:00-05:00,LONG,11950.25,11893.75,-56.5,-1130.0,force_close,-1,2023,11,NEG,True
2023-01-25 11:20:00-05:00,2023-01-25 13:40:00-05:00,SHORT,11730.25,11818.29955657311,-88.04955657311075,-1760.991131462215,stop,-1,2023,11,NEG,True
2023-01-27 09:40:00-05:00,2023-01-27 10:00:00-05:00,LONG,12087.5,12145.401148779853,57.90114877985252,1158.0229755970504,target,-1,2023,9,NEG,True
2023-01-31 10:20:00-05:00,2023-01-31 15:00:00-05:00,LONG,12037.5,12110.0,72.5,1450.0,force_close,-1,2023,10,NEG,True
2023-02-01 14:40:00-05:00,2023-02-01 15:00:00-05:00,LONG,12240.25,12340.75,100.5,2010.0,force_close,-1,2023,14,NEG,True
2023-02-03 09:40:00-05:00,2023-02-03 10:20:00-05:00,LONG,12666.5,12771.096604143944,104.5966041439442,2091.932082878884,target,1,2023,9,POS,True
2023-02-06 11:00:00-05:00,2023-02-06 15:00:00-05:00,SHORT,12558.25,12529.25,29.0,580.0,force_close,-1,2023,11,NEG,True
2023-02-07 13:00:00-05:00,2023-02-07 13:20:00-05:00,LONG,12740.5,12642.794747558386,-97.705252441614,-1954.1050488322799,stop,-1,2023,13,NEG,True
2023-02-10 09:40:00-05:00,2023-02-10 10:20:00-05:00,SHORT,12359.0,12290.220734894863,68.7792651051368,1375.585302102736,target,-1,2023,9,NEG,True
2023-02-10 13:20:00-05:00,2023-02-10 15:00:00-05:00,SHORT,12351.5,12325.25,26.25,525.0,force_close,-1,2023,13,NEG,True
2023-02-13 10:00:00-05:00,2023-02-13 11:20:00-05:00,LONG,12462.0,12529.229760116226,67.22976011622632,1344.5952023245263,target,-1,2023,10,NEG,True
2023-02-14 10:00:00-05:00,2023-02-14 11:00:00-05:00,LONG,12586.25,12467.968627879689,-118.28137212031106,-2365.6274424062212,stop,-1,2023,10,NEG,True
2023-02-16 09:40:00-05:00,2023-02-16 10:40:00-05:00,SHORT,12549.0,12618.713503328436,-69.71350332843576,-1394.2700665687153,stop,-1,2023,9,NEG,True
2023-02-17 10:20:00-05:00,2023-02-17 11:20:00-05:00,SHORT,12386.0,12311.140637192319,74.85936280768146,1497.1872561536293,target,-1,2023,10,NEG,True
2023-02-17 14:40:00-05:00,2023-02-17 15:00:00-05:00,SHORT,12369.5,12391.5,-22.0,-440.0,force_close,-1,2023,14,NEG,True
2023-02-22 07:20:00-05:00,2023-02-22 10:00:00-05:00,SHORT,12115.25,12171.363303126502,-56.113303126501705,-1122.266062530034,stop,-1,2023,7,NEG,True
2023-02-22 11:00:00-05:00,2023-02-22 14:20:00-05:00,SHORT,12097.5,12177.294503688337,-79.7945036883375,-1595.89007376675,stop,-1,2023,11,NEG,True
2023-02-24 09:40:00-05:00,2023-02-24 10:00:00-05:00,SHORT,12036.75,11969.448561537938,67.30143846206192,1346.0287692412385,target,-1,2023,9,NEG,True
2023-02-28 11:20:00-05:00,2023-02-28 15:00:00-05:00,LONG,12106.5,12123.25,16.75,335.0,force_close,-1,2023,11,NEG,True
2023-03-01 10:40:00-05:00,2023-03-01 11:20:00-05:00,SHORT,12004.0,11925.33557787585,78.6644221241495,1573.28844248299,target,-1,2023,10,NEG,True
2023-03-01 12:00:00-05:00,2023-03-01 15:00:00-05:00,SHORT,12011.0,11953.25,57.75,1155.0,force_close,-1,2023,12,NEG,True
2023-03-02 13:40:00-05:00,2023-03-02 14:20:00-05:00,LONG,11957.25,12029.430535543128,72.18053554312792,1443.6107108625583,target,-1,2023,13,NEG,True
2023-03-07 10:40:00-05:00,2023-03-07 14:00:00-05:00,SHORT,12285.0,12205.45427591691,79.54572408308923,1590.9144816617845,target,-1,2023,10,NEG,True
2023-03-10 06:40:00-05:00,2023-03-10 08:40:00-05:00,SHORT,12042.25,12110.340241951822,-68.09024195182246,-1361.8048390364493,stop,-1,2023,6,NEG,True
2023-03-10 11:00:00-05:00,2023-03-10 13:00:00-05:00,SHORT,12015.75,11891.906176024073,123.84382397592708,2476.8764795185416,target,-1,2023,11,NEG,True
2023-03-15 09:40:00-04:00,2023-03-15 14:40:00-04:00,SHORT,12223.25,12326.649912347117,-103.3999123471167,-2067.998246942334,stop,-1,2023,9,NEG,True
2023-03-22 11:40:00-04:00,2023-03-22 12:40:00-04:00,LONG,12942.0,12885.691110673486,-56.30888932651396,-1126.1777865302793,stop,-1,2023,11,NEG,True
2023-03-22 14:20:00-04:00,2023-03-22 14:40:00-04:00,LONG,12982.75,12909.425104933813,-73.32489506618731,-1466.4979013237462,stop,-1,2023,14,NEG,True
2023-03-23 10:20:00-04:00,2023-03-23 11:00:00-04:00,LONG,12931.75,13000.62125560742,68.87125560742061,1377.4251121484122,target,-1,2023,10,NEG,True
2023-03-24 10:00:00-04:00,2023-03-24 11:20:00-04:00,SHORT,12824.0,12736.087794395226,87.9122056047745,1758.24411209549,target,-1,2023,10,NEG,True
2023-03-24 12:00:00-04:00,2023-03-24 15:00:00-04:00,SHORT,12829.75,12851.5,-21.75,-435.0,force_close,-1,2023,12,NEG,True
2023-03-28 10:20:00-04:00,2023-03-28 10:40:00-04:00,SHORT,12727.25,12668.548678418852,58.70132158114757,1174.0264316229513,target,-1,2023,10,NEG,True
2023-03-28 11:20:00-04:00,2023-03-28 14:00:00-04:00,SHORT,12703.5,12634.453971022675,69.04602897732548,1380.9205795465095,target,-1,2023,11,NEG,True
2023-03-30 10:00:00-04:00,2023-03-30 10:20:00-04:00,LONG,13079.5,13028.399797698601,-51.100202301398895,-1022.0040460279779,stop,-1,2023,10,NEG,True
2023-03-30 10:40:00-04:00,2023-03-30 13:40:00-04:00,LONG,13089.5,13026.643192913589,-62.85680708641121,-1257.1361417282242,stop,-1,2023,10,NEG,True
2023-04-03 09:40:00-04:00,2023-04-03 11:00:00-04:00,LONG,13245.25,13196.953239425535,-48.296760574465225,-965.9352114893045,stop,1,2023,9,POS,True
2023-04-05 11:20:00-04:00,2023-04-05 15:00:00-04:00,SHORT,13036.0,13075.25,-39.25,-785.0,force_close,-1,2023,11,NEG,True
2023-04-06 10:00:00-04:00,2023-04-06 10:20:00-04:00,SHORT,12988.0,13043.885113054668,-55.88511305466818,-1117.7022610933636,stop,-1,2023,10,NEG,True
2023-04-06 11:20:00-04:00,2023-04-06 12:20:00-04:00,LONG,13073.75,13141.855911962577,68.10591196257701,1362.1182392515402,target,-1,2023,11,NEG,True
2023-04-10 10:20:00-04:00,2023-04-10 11:20:00-04:00,SHORT,13009.25,13066.752678394812,-57.50267839481239,-1150.0535678962478,stop,1,2023,10,POS,True
2023-04-13 10:20:00-04:00,2023-04-13 14:20:00-04:00,LONG,13133.5,13205.558336834936,72.0583368349362,1441.166736698724,target,-1,2023,10,NEG,True
2023-04-14 09:40:00-04:00,2023-04-14 10:40:00-04:00,LONG,13197.5,13137.163834129373,-60.336165870627156,-1206.723317412543,stop,-1,2023,9,NEG,True
2023-04-17 14:40:00-04:00,2023-04-17 15:00:00-04:00,SHORT,13118.0,13140.5,-22.5,-450.0,force_close,-1,2023,14,NEG,True
2023-04-18 12:20:00-04:00,2023-04-18 15:00:00-04:00,SHORT,13190.0,13159.5,30.5,610.0,force_close,-1,2023,12,NEG,True
2023-04-19 09:40:00-04:00,2023-04-19 11:20:00-04:00,SHORT,13112.75,13162.27430457721,-49.52430457720948,-990.4860915441895,stop,-1,2023,9,NEG,True
2023-04-20 09:40:00-04:00,2023-04-20 10:20:00-04:00,SHORT,13088.25,13138.012084977176,-49.76208497717562,-995.2416995435124,stop,-1,2023,9,NEG,True
2023-04-20 13:00:00-04:00,2023-04-20 14:40:00-04:00,LONG,13175.25,13110.07603449073,-65.17396550926969,-1303.4793101853938,stop,-1,2023,13,NEG,True
2023-04-21 10:20:00-04:00,2023-04-21 14:20:00-04:00,SHORT,13056.25,13124.235779131155,-67.98577913115514,-1359.7155826231028,stop,-1,2023,10,NEG,True
2023-04-24 12:40:00-04:00,2023-04-24 15:00:00-04:00,SHORT,13014.25,13054.75,-40.5,-810.0,force_close,-1,2023,12,NEG,True
2023-04-25 11:20:00-04:00,2023-04-25 12:00:00-04:00,SHORT,12972.0,12917.030440632743,54.96955936725681,1099.3911873451361,target,-1,2023,11,NEG,True
2023-04-25 13:00:00-04:00,2023-04-25 14:20:00-04:00,SHORT,12905.25,12846.918987240906,58.33101275909394,1166.6202551818787,target,-1,2023,13,NEG,True
2023-04-25 14:40:00-04:00,2023-04-25 15:00:00-04:00,SHORT,12862.75,12841.5,21.25,425.0,force_close,-1,2023,14,NEG,True
2023-04-27 10:20:00-04:00,2023-04-27 11:40:00-04:00,LONG,13081.5,13146.231114501958,64.73111450195756,1294.6222900391513,target,-1,2023,10,NEG,True
2023-04-28 10:20:00-04:00,2023-04-28 11:00:00-04:00,LONG,13274.5,13209.283342971949,-65.21665702805149,-1304.3331405610297,stop,-1,2023,10,NEG,True
2023-05-01 11:00:00-04:00,2023-05-01 11:20:00-04:00,LONG,13322.75,13272.307347746819,-50.44265225318122,-1008.8530450636244,stop,1,2023,11,POS,True
2023-05-01 12:40:00-04:00,2023-05-01 15:00:00-04:00,LONG,13341.25,13314.5,-26.75,-535.0,force_close,1,2023,12,POS,True
2023-05-02 12:20:00-04:00,2023-05-02 14:00:00-04:00,SHORT,13144.5,13212.037475225994,-67.53747522599406,-1350.7495045198812,stop,-1,2023,12,NEG,True
2023-05-03 10:00:00-04:00,2023-05-03 11:20:00-04:00,LONG,13235.25,13189.31739209973,-45.93260790026943,-918.6521580053886,stop,-1,2023,10,NEG,True
2023-05-03 12:00:00-04:00,2023-05-03 14:20:00-04:00,LONG,13215.5,13271.418436834154,55.91843683415391,1118.3687366830782,target,-1,2023,12,NEG,True
2023-05-04 11:00:00-04:00,2023-05-04 13:20:00-04:00,SHORT,13046.5,13117.132352968078,-70.63235296807761,-1412.6470593615522,stop,-1,2023,11,NEG,True
2023-05-05 09:40:00-04:00,2023-05-05 10:20:00-04:00,LONG,13159.25,13211.717311511044,52.46731151104359,1049.3462302208718,target,-1,2023,9,NEG,True
2023-05-09 10:00:00-04:00,2023-05-09 11:20:00-04:00,LONG,13310.5,13271.211212791168,-39.28878720883222,-785.7757441766444,stop,-1,2023,10,NEG,True
2023-05-09 13:00:00-04:00,2023-05-09 15:00:00-04:00,SHORT,13283.25,13274.25,9.0,180.0,force_close,-1,2023,13,NEG,True
2023-05-10 08:40:00-04:00,2023-05-10 09:00:00-04:00,LONG,13320.75,13366.628478786963,45.87847878696266,917.5695757392532,target,-1,2023,8,NEG,True
2023-05-11 11:00:00-04:00,2023-05-11 15:00:00-04:00,LONG,13419.0,13464.75,45.75,915.0,force_close,1,2023,11,POS,True
2023-05-12 12:00:00-04:00,2023-05-12 12:40:00-04:00,SHORT,13406.25,13350.762405678073,55.487594321926736,1109.7518864385347,target,-1,2023,12,NEG,True
2023-05-15 10:40:00-04:00,2023-05-15 12:00:00-04:00,SHORT,13391.25,13441.837975266904,-50.58797526690432,-1011.7595053380865,stop,-1,2023,10,NEG,True
2023-05-16 09:40:00-04:00,2023-05-16 10:00:00-04:00,LONG,13463.0,13505.611254612586,42.61125461258598,852.2250922517196,target,1,2023,9,POS,True
2023-05-16 11:00:00-04:00,2023-05-16 15:00:00-04:00,LONG,13518.0,13536.25,18.25,365.0,force_close,1,2023,11,POS,True
2023-05-17 10:20:00-04:00,2023-05-17 11:20:00-04:00,LONG,13511.75,13559.655235039887,47.905235039886975,958.1047007977395,target,-1,2023,10,NEG,True
2023-05-18 09:40:00-04:00,2023-05-18 10:20:00-04:00,LONG,13702.75,13745.619823175986,42.86982317598631,857.3964635197262,target,1,2023,9,POS,True
2023-05-18 10:40:00-04:00,2023-05-18 12:00:00-04:00,LONG,13786.0,13838.67547431401,52.67547431400999,1053.5094862801998,target,1,2023,10,POS,True
2023-05-22 09:40:00-04:00,2023-05-22 10:00:00-04:00,LONG,13896.75,13940.517156012707,43.767156012707346,875.3431202541469,target,-1,2023,9,NEG,True
2023-05-23 13:20:00-04:00,2023-05-23 14:20:00-04:00,SHORT,13817.5,13755.52677968033,61.97322031967087,1239.4644063934174,target,-1,2023,13,NEG,True
2023-05-24 09:40:00-04:00,2023-05-24 10:20:00-04:00,SHORT,13658.0,13609.341383998988,48.65861600101198,973.1723200202396,target,-1,2023,9,NEG,True
2023-05-24 11:40:00-04:00,2023-05-24 15:00:00-04:00,SHORT,13609.25,13610.75,-1.5,-30.0,force_close,-1,2023,11,NEG,True
2023-05-26 10:00:00-04:00,2023-05-26 10:40:00-04:00,LONG,14119.0,14182.54853418833,63.54853418833045,1270.970683766609,target,1,2023,10,POS,True
2023-05-31 09:40:00-04:00,2023-05-31 10:20:00-04:00,LONG,14377.25,14324.75462933671,-52.49537066328958,-1049.9074132657915,stop,-1,2023,9,NEG,True
2023-05-31 12:00:00-04:00,2023-05-31 15:00:00-04:00,SHORT,14292.0,14325.5,-33.5,-670.0,force_close,-1,2023,12,NEG,True
2023-06-02 10:20:00-04:00,2023-06-02 15:00:00-04:00,LONG,14529.5,14585.75,56.25,1125.0,force_close,1,2023,10,POS,True
2023-06-05 09:40:00-04:00,2023-06-05 11:00:00-04:00,LONG,14613.5,14658.462462425805,44.962462425804915,899.2492485160983,target,1,2023,9,POS,True
2023-06-06 13:20:00-04:00,2023-06-06 15:00:00-04:00,SHORT,14571.25,14585.5,-14.25,-285.0,force_close,1,2023,13,POS,True
2023-06-07 14:00:00-04:00,2023-06-07 15:00:00-04:00,SHORT,14375.0,14373.75,1.25,25.0,force_close,1,2023,14,POS,True
2023-06-09 09:40:00-04:00,2023-06-09 10:00:00-04:00,LONG,14601.75,14652.947888583782,51.197888583781605,1023.9577716756321,target,-1,2023,9,NEG,True
2023-06-13 10:40:00-04:00,2023-06-13 15:00:00-04:00,LONG,15036.75,15064.75,28.0,560.0,force_close,1,2023,10,POS,True
2023-06-15 09:00:00-04:00,2023-06-15 10:00:00-04:00,SHORT,15121.25,15183.24544049708,-61.99544049707947,-1239.9088099415894,stop,1,2023,9,POS,True
2023-06-20 12:20:00-04:00,2023-06-20 13:40:00-04:00,SHORT,15201.25,15280.364464553024,-79.11446455302394,-1582.2892910604787,stop,1,2023,12,POS,True
2023-06-21 11:40:00-04:00,2023-06-21 15:00:00-04:00,SHORT,15075.25,15126.5,-51.25,-1025.0,force_close,-1,2023,11,NEG,True
2023-06-23 10:20:00-04:00,2023-06-23 13:20:00-04:00,SHORT,15067.5,15146.185035483273,-78.68503548327317,-1573.7007096654634,stop,-1,2023,10,NEG,True
2023-06-26 10:00:00-04:00,2023-06-26 10:40:00-04:00,LONG,15136.25,15076.076275428057,-60.17372457194324,-1203.4744914388648,stop,-1,2023,10,NEG,True
2023-06-28 09:40:00-04:00,2023-06-28 10:40:00-04:00,LONG,15079.5,15130.18253770376,50.68253770376032,1013.6507540752064,target,-1,2023,9,NEG,True
2023-06-29 11:20:00-04:00,2023-06-29 15:00:00-04:00,SHORT,15117.75,15079.0,38.75,775.0,force_close,-1,2023,11,NEG,True
2023-06-30 10:20:00-04:00,2023-06-30 12:00:00-04:00,LONG,15362.25,15299.336083533637,-62.913916466362934,-1258.2783293272587,stop,-1,2023,10,NEG,True
2023-07-03 12:20:00-04:00,2023-07-03 15:00:00-04:00,LONG,15337.0,15378.0,41.0,820.0,force_close,0,2023,12,ZERO,True
2023-07-05 09:00:00-04:00,2023-07-05 09:40:00-04:00,SHORT,15283.5,15320.228549630487,-36.72854963048667,-734.5709926097334,stop,-1,2023,9,NEG,True
2023-07-06 10:40:00-04:00,2023-07-06 14:00:00-04:00,SHORT,15164.25,15237.22841497482,-72.97841497481932,-1459.5682994963863,stop,-1,2023,10,NEG,True
2023-07-11 12:00:00-04:00,2023-07-11 14:40:00-04:00,LONG,15233.25,15157.98191093879,-75.26808906121005,-1505.361781224201,stop,-1,2023,12,NEG,True
2023-07-12 08:40:00-04:00,2023-07-12 10:00:00-04:00,LONG,15408.25,15456.58058174272,48.330581742720824,966.6116348544165,target,-1,2023,8,NEG,True
2023-07-19 14:40:00-04:00,2023-07-19 15:00:00-04:00,SHORT,15945.25,15951.25,-6.0,-120.0,force_close,1,2023,14,POS,True
2023-07-20 09:40:00-04:00,2023-07-20 10:20:00-04:00,SHORT,15867.75,15813.69640331216,54.05359668783967,1081.0719337567934,target,-1,2023,9,NEG,True
2023-07-21 13:20:00-04:00,2023-07-21 15:00:00-04:00,SHORT,15613.0,15578.0,35.0,700.0,force_close,-1,2023,13,NEG,True
2023-07-24 10:20:00-04:00,2023-07-24 15:00:00-04:00,SHORT,15568.5,15567.25,1.25,25.0,force_close,1,2023,10,POS,True
2023-07-25 10:00:00-04:00,2023-07-25 10:40:00-04:00,LONG,15659.75,15611.806493398746,-47.94350660125383,-958.8701320250766,stop,-1,2023,10,NEG,True
2023-07-26 10:00:00-04:00,2023-07-26 11:00:00-04:00,SHORT,15628.5,15571.499159801348,57.00084019865244,1140.0168039730488,target,-1,2023,10,NEG,True
2023-07-26 14:40:00-04:00,2023-07-26 15:00:00-04:00,LONG,15658.75,15629.5,-29.25,-585.0,force_close,-1,2023,14,NEG,True
2023-08-01 10:40:00-04:00,2023-08-01 15:00:00-04:00,SHORT,15811.5,15832.0,-20.5,-410.0,force_close,1,2023,10,POS,True
2023-08-02 14:20:00-04:00,2023-08-02 15:00:00-04:00,SHORT,15510.0,15492.25,17.75,355.0,force_close,-1,2023,14,NEG,True
2023-08-03 09:40:00-04:00,2023-08-03 11:20:00-04:00,SHORT,15402.5,15474.052017815158,-71.55201781515825,-1431.040356303165,stop,-1,2023,9,NEG,True
2023-08-04 09:40:00-04:00,2023-08-04 10:00:00-04:00,LONG,15571.75,15485.237638447692,-86.512361552308,-1730.2472310461599,stop,-1,2023,9,NEG,True
2023-08-07 10:20:00-04:00,2023-08-07 11:20:00-04:00,SHORT,15426.0,15357.281324853915,68.71867514608493,1374.3735029216987,target,-1,2023,10,NEG,True
2023-08-08 12:20:00-04:00,2023-08-08 15:00:00-04:00,SHORT,15275.0,15334.0,-59.0,-1180.0,force_close,-1,2023,12,NEG,True
2023-08-09 11:40:00-04:00,2023-08-09 13:40:00-04:00,SHORT,15185.75,15261.462790692702,-75.71279069270167,-1514.2558138540335,stop,-1,2023,11,NEG,True
2023-08-09 14:20:00-04:00,2023-08-09 15:00:00-04:00,SHORT,15288.0,15271.0,17.0,340.0,force_close,-1,2023,14,NEG,True
2023-08-10 10:00:00-04:00,2023-08-10 11:00:00-04:00,LONG,15421.75,15334.904392817269,-86.84560718273133,-1736.9121436546266,stop,-1,2023,10,NEG,True
2023-08-10 14:20:00-04:00,2023-08-10 15:00:00-04:00,SHORT,15203.0,15244.0,-41.0,-820.0,force_close,-1,2023,14,NEG,True
2023-08-11 10:20:00-04:00,2023-08-11 11:20:00-04:00,SHORT,15142.5,15060.432814491027,82.06718550897313,1641.3437101794625,target,-1,2023,10,NEG,True
2023-08-15 11:20:00-04:00,2023-08-15 15:00:00-04:00,SHORT,15174.0,15159.25,14.75,295.0,force_close,-1,2023,11,NEG,True
2023-08-16 09:40:00-04:00,2023-08-16 12:00:00-04:00,SHORT,15096.75,15041.793267030755,54.95673296924542,1099.1346593849084,target,-1,2023,9,NEG,True
2023-08-16 12:40:00-04:00,2023-08-16 15:00:00-04:00,SHORT,15030.5,15030.25,0.25,5.0,force_close,-1,2023,12,NEG,True
2023-08-17 11:00:00-04:00,2023-08-17 15:00:00-04:00,SHORT,14893.0,14813.25,79.75,1595.0,force_close,-1,2023,11,NEG,True
2023-08-18 08:00:00-04:00,2023-08-18 11:20:00-04:00,SHORT,14660.25,14716.368648283666,-56.11864828366561,-1122.3729656733121,stop,-1,2023,8,NEG,True
2023-08-18 12:00:00-04:00,2023-08-18 15:00:00-04:00,SHORT,14737.0,14748.5,-11.5,-230.0,force_close,-1,2023,12,NEG,True
2023-08-21 09:40:00-04:00,2023-08-21 10:40:00-04:00,LONG,14879.25,14822.775357107581,-56.47464289241907,-1129.4928578483814,stop,-1,2023,9,NEG,True
2023-08-22 11:00:00-04:00,2023-08-22 12:00:00-04:00,LONG,15048.0,14971.661055022294,-76.33894497770598,-1526.7788995541196,stop,-1,2023,11,NEG,True
2023-08-23 10:00:00-04:00,2023-08-23 11:00:00-04:00,LONG,15093.25,15164.887880782815,71.63788078281505,1432.757615656301,target,-1,2023,10,NEG,True
2023-09-06 13:20:00-04:00,2023-09-06 15:00:00-04:00,SHORT,15359.5,15372.25,-12.75,-255.0,force_close,-1,2023,13,NEG,True
2023-09-07 10:20:00-04:00,2023-09-07 14:00:00-04:00,SHORT,15215.5,15288.278581877625,-72.77858187762467,-1455.5716375524935,stop,-1,2023,10,NEG,True
2023-09-12 10:00:00-04:00,2023-09-12 10:40:00-04:00,LONG,15650.5,15601.259596329926,-49.24040367007365,-984.8080734014729,stop,1,2023,10,POS,True
2023-09-12 11:40:00-04:00,2023-09-12 15:00:00-04:00,SHORT,15557.5,15501.5,56.0,1120.0,force_close,1,2023,11,POS,True
2023-09-14 10:40:00-04:00,2023-09-14 12:20:00-04:00,LONG,15613.75,15697.998053716517,84.24805371651746,1684.9610743303492,target,-1,2023,10,NEG,True
2023-09-18 09:40:00-04:00,2023-09-18 15:00:00-04:00,SHORT,15410.5,15394.25,16.25,325.0,force_close,-1,2023,9,NEG,True
2023-09-19 11:20:00-04:00,2023-09-19 13:20:00-04:00,SHORT,15267.75,15328.462311022417,-60.71231102241654,-1214.2462204483309,stop,-1,2023,11,NEG,True
2023-09-19 14:00:00-04:00,2023-09-19 15:00:00-04:00,SHORT,15375.75,15346.0,29.75,595.0,force_close,-1,2023,14,NEG,True
2023-09-20 12:00:00-04:00,2023-09-20 14:20:00-04:00,SHORT,15375.75,15315.830060243587,59.91993975641344,1198.3987951282688,target,-1,2023,12,NEG,True
2023-09-20 14:40:00-04:00,2023-09-20 15:00:00-04:00,SHORT,15363.25,15303.5,59.75,1195.0,force_close,-1,2023,14,NEG,True
2023-09-21 10:20:00-04:00,2023-09-21 12:20:00-04:00,SHORT,14998.5,14923.672394286103,74.82760571389736,1496.552114277947,target,-1,2023,10,NEG,True
2023-09-22 10:00:00-04:00,2023-09-22 11:00:00-04:00,LONG,14950.5,15007.11028182421,56.61028182421069,1132.2056364842138,target,-1,2023,10,NEG,True
2023-09-27 10:40:00-04:00,2023-09-27 11:00:00-04:00,SHORT,14746.0,14680.252515249089,65.7474847509111,1314.949695018222,target,-1,2023,10,NEG,True
2023-09-27 11:20:00-04:00,2023-09-27 12:20:00-04:00,SHORT,14719.25,14644.289158556614,74.96084144338602,1499.2168288677203,target,-1,2023,11,NEG,True
2023-09-27 14:40:00-04:00,2023-09-27 15:00:00-04:00,SHORT,14736.0,14738.75,-2.75,-55.0,force_close,-1,2023,14,NEG,True
2023-10-02 09:40:00-04:00,2023-10-02 11:40:00-04:00,LONG,14951.5,15022.512974664149,71.01297466414871,1420.2594932829743,target,-1,2023,9,NEG,True
2023-10-04 09:40:00-04:00,2023-10-04 10:20:00-04:00,LONG,14827.75,14751.926978374704,-75.82302162529595,-1516.460432505919,stop,-1,2023,9,NEG,True
2023-10-05 13:40:00-04:00,2023-10-05 15:00:00-04:00,SHORT,14843.5,14898.5,-55.0,-1100.0,force_close,-1,2023,13,NEG,True
2023-10-06 09:20:00-04:00,2023-10-06 10:40:00-04:00,SHORT,14743.5,14834.180302247782,-90.68030224778158,-1813.6060449556317,stop,-1,2023,9,NEG,True
2023-10-06 11:40:00-04:00,2023-10-06 14:40:00-04:00,LONG,14988.5,15115.981626131696,127.48162613169552,2549.6325226339104,target,-1,2023,11,NEG,True
2023-10-09 10:00:00-04:00,2023-10-09 11:20:00-04:00,LONG,15053.5,14976.351141019368,-77.14885898063221,-1542.9771796126442,stop,1,2023,10,POS,True
2023-10-10 10:00:00-04:00,2023-10-10 10:40:00-04:00,LONG,15240.75,15300.810945558469,60.06094555846903,1201.2189111693806,target,-1,2023,10,NEG,True
2023-10-10 11:20:00-04:00,2023-10-10 13:20:00-04:00,LONG,15356.25,15286.71295381884,-69.5370461811599,-1390.740923623198,stop,-1,2023,11,NEG,True
2023-10-11 09:00:00-04:00,2023-10-11 09:40:00-04:00,LONG,15334.25,15384.684636628763,50.434636628762746,1008.6927325752549,target,-1,2023,9,NEG,True
2023-10-11 14:00:00-04:00,2023-10-11 15:00:00-04:00,SHORT,15286.25,15324.75,-38.5,-770.0,force_close,-1,2023,14,NEG,True
2023-10-12 11:20:00-04:00,2023-10-12 13:20:00-04:00,LONG,15455.25,15382.569218317378,-72.68078168262218,-1453.6156336524436,stop,-1,2023,11,NEG,True
2023-10-12 14:40:00-04:00,2023-10-12 15:00:00-04:00,SHORT,15282.25,15276.75,5.5,110.0,force_close,-1,2023,14,NEG,True
2023-10-13 12:20:00-04:00,2023-10-13 13:40:00-04:00,SHORT,15155.5,15067.779618223607,87.72038177639297,1754.4076355278594,target,-1,2023,12,NEG,True
2023-10-13 14:00:00-04:00,2023-10-13 15:00:00-04:00,SHORT,15114.75,15130.25,-15.5,-310.0,force_close,-1,2023,14,NEG,True
2023-10-16 10:20:00-04:00,2023-10-16 15:00:00-04:00,LONG,15264.0,15320.0,56.0,1120.0,force_close,-1,2023,10,NEG,True
2023-10-17 10:20:00-04:00,2023-10-17 11:40:00-04:00,SHORT,15174.25,15253.969632086317,-79.71963208631678,-1594.3926417263356,stop,-1,2023,10,NEG,True
2023-10-18 11:20:00-04:00,2023-10-18 15:00:00-04:00,SHORT,15136.25,15060.25,76.0,1520.0,force_close,-1,2023,11,NEG,True
2023-10-19 12:20:00-04:00,2023-10-19 12:40:00-04:00,LONG,15086.25,14981.723072823263,-104.52692717673744,-2090.538543534749,stop,-1,2023,12,NEG,True
2023-10-19 13:00:00-04:00,2023-10-19 14:40:00-04:00,SHORT,15046.25,14907.127292383324,139.12270761667605,2782.454152333521,target,-1,2023,13,NEG,True
2023-10-23 10:00:00-04:00,2023-10-23 11:20:00-04:00,SHORT,14637.0,14725.953952427006,-88.95395242700579,-1779.0790485401158,stop,-1,2023,10,NEG,True
2023-10-24 10:40:00-04:00,2023-10-24 11:40:00-04:00,LONG,14867.0,14790.344409478774,-76.65559052122626,-1533.1118104245252,stop,-1,2023,10,NEG,True
2023-10-26 08:40:00-04:00,2023-10-26 09:40:00-04:00,SHORT,14386.5,14454.1114552905,-67.61145529050009,-1352.2291058100018,stop,-1,2023,8,NEG,True
2023-10-26 11:00:00-04:00,2023-10-26 12:00:00-04:00,SHORT,14353.5,14248.296316663653,105.20368333634724,2104.073666726945,target,-1,2023,11,NEG,True
2023-10-31 10:20:00-04:00,2023-10-31 14:00:00-04:00,LONG,14392.5,14470.490560181206,77.99056018120609,1559.8112036241218,target,-1,2023,10,NEG,True
2023-11-02 10:40:00-04:00,2023-11-02 15:00:00-04:00,LONG,14936.5,14998.0,61.5,1230.0,force_close,-1,2023,10,NEG,True
2023-11-07 10:40:00-05:00,2023-11-07 15:00:00-05:00,LONG,15358.75,15388.5,29.75,595.0,force_close,-1,2023,10,NEG,True
2023-11-08 12:40:00-05:00,2023-11-08 15:00:00-05:00,SHORT,15330.5,15355.0,-24.5,-490.0,force_close,-1,2023,12,NEG,True
2023-11-09 10:00:00-05:00,2023-11-09 10:20:00-05:00,LONG,15422.0,15371.85628588791,-50.14371411208958,-1002.8742822417917,stop,1,2023,10,POS,True
2023-11-15 12:40:00-05:00,2023-11-15 13:20:00-05:00,LONG,15912.75,15841.058511259384,-71.69148874061648,-1433.8297748123296,stop,1,2023,12,POS,True
2023-11-16 10:00:00-05:00,2023-11-16 10:40:00-05:00,LONG,15891.5,15834.733719952224,-56.76628004777558,-1135.3256009555116,stop,-1,2023,10,NEG,True
2023-11-17 10:00:00-05:00,2023-11-17 10:20:00-05:00,SHORT,15874.0,15825.925914067886,48.07408593211403,961.4817186422806,target,1,2023,10,POS,True
2023-11-17 12:00:00-05:00,2023-11-17 14:20:00-05:00,SHORT,15882.25,15940.630075630675,-58.38007563067549,-1167.6015126135098,stop,1,2023,12,POS,True
2023-11-24 13:20:00-05:00,2023-11-24 13:40:00-05:00,SHORT,16036.75,16087.618269575587,-50.868269575586964,-1017.3653915117393,stop,0,2023,13,ZERO,True
2023-11-27 10:40:00-05:00,2023-11-27 15:00:00-05:00,LONG,16038.5,16027.0,-11.5,-230.0,force_close,-1,2023,10,NEG,True
2023-11-28 09:40:00-05:00,2023-11-28 11:00:00-05:00,SHORT,15988.5,16032.320416446162,-43.8204164461622,-876.408328923244,stop,-1,2023,9,NEG,True
2023-11-28 11:40:00-05:00,2023-11-28 13:20:00-05:00,LONG,16065.75,16004.586546437115,-61.16345356288548,-1223.2690712577096,stop,-1,2023,11,NEG,True
2023-11-30 12:20:00-05:00,2023-11-30 15:00:00-05:00,SHORT,15886.0,15924.25,-38.25,-765.0,force_close,1,2023,12,POS,True
2023-12-08 10:20:00-05:00,2023-12-08 10:40:00-05:00,LONG,16100.0,16019.022430513252,-80.9775694867476,-1619.551389734952,stop,-1,2023,10,NEG,True
2023-12-08 11:00:00-05:00,2023-12-08 11:40:00-05:00,LONG,16106.5,16010.713218146631,-95.78678185336867,-1915.7356370673733,stop,-1,2023,11,NEG,True
2023-12-13 14:20:00-05:00,2023-12-13 15:00:00-05:00,LONG,16700.25,16771.5,71.25,1425.0,force_close,1,2023,14,POS,True
2023-12-18 11:20:00-05:00,2023-12-18 13:40:00-05:00,LONG,16899.5,16955.767042355845,56.26704235584475,1125.340847116895,target,1,2023,11,POS,True
2023-12-19 09:40:00-05:00,2023-12-19 15:00:00-05:00,LONG,16987.5,16999.0,11.5,230.0,force_close,-1,2023,9,NEG,True
2023-12-20 09:40:00-05:00,2023-12-20 10:20:00-05:00,LONG,17005.25,17041.312395214067,36.06239521406678,721.2479042813357,target,1,2023,9,POS,True
2023-12-21 13:40:00-05:00,2023-12-21 15:00:00-05:00,SHORT,16854.5,16884.75,-30.25,-605.0,force_close,-1,2023,13,NEG,True
2024-01-02 11:20:00-05:00,2024-01-02 15:00:00-05:00,SHORT,16755.0,16655.75,99.25,1985.0,force_close,1,2024,11,POS,True
2024-01-04 10:20:00-05:00,2024-01-04 15:00:00-05:00,SHORT,16518.75,16487.25,31.5,630.0,force_close,-1,2024,10,NEG,True
2024-01-08 09:40:00-05:00,2024-01-08 10:20:00-05:00,LONG,16565.25,16640.977373527097,75.72737352709737,1514.5474705419474,target,-1,2024,9,NEG,True
2024-01-09 11:20:00-05:00,2024-01-09 13:00:00-05:00,LONG,16778.25,16842.38309862365,64.13309862364986,1282.6619724729971,target,1,2024,11,POS,True
2024-01-10 14:20:00-05:00,2024-01-10 15:00:00-05:00,LONG,16960.25,16981.25,21.0,420.0,force_close,-1,2024,14,NEG,True
2024-01-12 11:20:00-05:00,2024-01-12 15:00:00-05:00,LONG,16998.75,16963.0,-35.75,-715.0,force_close,-1,2024,11,NEG,True
2024-01-17 10:20:00-05:00,2024-01-17 11:20:00-05:00,SHORT,16733.5,16815.44502925572,-81.94502925571942,-1638.9005851143884,stop,-1,2024,10,NEG,True
2024-01-17 14:40:00-05:00,2024-01-17 15:00:00-05:00,SHORT,16814.5,16831.0,-16.5,-330.0,force_close,-1,2024,14,NEG,True
2024-01-18 10:40:00-05:00,2024-01-18 13:20:00-05:00,LONG,17059.5,16982.611537616747,-76.88846238325277,-1537.7692476650554,stop,-1,2024,10,NEG,True
2024-01-18 13:40:00-05:00,2024-01-18 14:40:00-05:00,LONG,16999.5,17090.35248685908,90.85248685907936,1817.0497371815873,target,-1,2024,13,NEG,True
2024-01-19 11:20:00-05:00,2024-01-19 13:20:00-05:00,LONG,17264.5,17334.48295480919,69.98295480919114,1399.6590961838228,target,1,2024,11,POS,True
2024-01-23 10:00:00-05:00,2024-01-23 15:00:00-05:00,LONG,17475.75,17491.75,16.0,320.0,force_close,-1,2024,10,NEG,True
2024-01-24 10:00:00-05:00,2024-01-24 10:40:00-05:00,LONG,17669.0,17722.345225819838,53.34522581983765,1066.904516396753,target,1,2024,10,POS,True
2024-01-25 10:20:00-05:00,2024-01-25 13:00:00-05:00,LONG,17709.5,17636.910082110044,-72.58991788995627,-1451.7983577991254,stop,1,2024,10,POS,True
2024-01-29 09:40:00-05:00,2024-01-29 11:20:00-05:00,LONG,17573.25,17517.864240367995,-55.38575963200492,-1107.7151926400984,stop,-1,2024,9,NEG,True
2024-01-31 11:20:00-05:00,2024-01-31 14:40:00-05:00,SHORT,17345.25,17424.49235799708,-79.24235799707822,-1584.8471599415643,stop,-1,2024,11,NEG,True
2024-02-05 11:20:00-05:00,2024-02-05 12:40:00-05:00,SHORT,17624.0,17705.26050904251,-81.26050904250951,-1625.2101808501902,stop,-1,2024,11,NEG,True
2024-02-06 12:40:00-05:00,2024-02-06 15:00:00-05:00,SHORT,17607.75,17636.0,-28.25,-565.0,force_close,-1,2024,12,NEG,True
2024-02-08 11:00:00-05:00,2024-02-08 14:40:00-05:00,LONG,17889.0,17832.45524793385,-56.54475206615098,-1130.8950413230195,stop,1,2024,11,POS,True
2024-02-09 08:40:00-05:00,2024-02-09 09:40:00-05:00,LONG,17942.0,17895.495877627447,-46.504122372552956,-930.0824474510591,stop,1,2024,8,POS,True
2024-02-09 10:00:00-05:00,2024-02-09 11:00:00-05:00,LONG,17938.75,17997.2222964151,58.47229641510057,1169.4459283020115,target,1,2024,10,POS,True
2024-02-12 11:00:00-05:00,2024-02-12 13:40:00-05:00,LONG,18078.5,18026.96919798918,-51.53080201082048,-1030.6160402164096,stop,1,2024,11,POS,True
2024-02-12 14:40:00-05:00,2024-02-12 15:00:00-05:00,SHORT,17977.75,17951.5,26.25,525.0,force_close,1,2024,14,POS,True
2024-02-13 10:40:00-05:00,2024-02-13 13:00:00-05:00,SHORT,17778.0,17677.91630101382,100.0836989861782,2001.6739797235641,target,-1,2024,10,NEG,True
2024-02-15 10:20:00-05:00,2024-02-15 11:20:00-05:00,SHORT,17852.0,17786.45493041979,65.54506958021011,1310.9013916042022,target,-1,2024,10,NEG,True
2024-02-15 13:20:00-05:00,2024-02-15 15:00:00-05:00,LONG,17914.25,17904.25,-10.0,-200.0,force_close,-1,2024,13,NEG,True
2024-02-16 11:20:00-05:00,2024-02-16 15:00:00-05:00,SHORT,17860.0,17790.0,70.0,1400.0,force_close,-1,2024,11,NEG,True
2024-02-20 11:00:00-05:00,2024-02-20 12:20:00-05:00,SHORT,17576.75,17489.71625856079,87.03374143920882,1740.6748287841765,target,-1,2024,11,NEG,True
2024-02-20 13:00:00-05:00,2024-02-20 15:00:00-05:00,SHORT,17503.0,17570.75,-67.75,-1355.0,force_close,-1,2024,13,NEG,True
2024-02-23 11:40:00-05:00,2024-02-23 15:00:00-05:00,LONG,18016.75,18012.25,-4.5,-90.0,force_close,1,2024,11,POS,True
2024-02-26 09:40:00-05:00,2024-02-26 10:00:00-05:00,LONG,18025.75,17964.377273695918,-61.37272630408188,-1227.4545260816376,stop,-1,2024,9,NEG,True
2024-02-26 10:20:00-05:00,2024-02-26 15:00:00-05:00,LONG,18021.75,18017.0,-4.75,-95.0,force_close,-1,2024,10,NEG,True
2024-02-27 10:20:00-05:00,2024-02-27 11:40:00-05:00,LONG,18030.75,17968.230393462618,-62.51960653738206,-1250.3921307476412,stop,-1,2024,10,NEG,True
2024-02-27 14:20:00-05:00,2024-02-27 15:00:00-05:00,LONG,18007.0,18029.5,22.5,450.0,force_close,-1,2024,14,NEG,True
2024-02-28 11:20:00-05:00,2024-02-28 13:20:00-05:00,SHORT,17960.75,17893.409690929348,67.34030907065244,1346.8061814130488,target,-1,2024,11,NEG,True
2024-02-28 13:40:00-05:00,2024-02-28 15:00:00-05:00,SHORT,17950.75,17913.0,37.75,755.0,force_close,-1,2024,13,NEG,True
2024-03-04 10:40:00-05:00,2024-03-04 15:00:00-05:00,LONG,18328.0,18331.5,3.5,70.0,force_close,1,2024,10,POS,True
2024-03-05 08:20:00-05:00,2024-03-05 09:20:00-05:00,SHORT,18170.25,18121.536557386902,48.71344261309787,974.2688522619574,target,-1,2024,8,NEG,True
2024-03-12 10:00:00-04:00,2024-03-12 10:40:00-04:00,LONG,18293.75,18399.120762274062,105.37076227406214,2107.415245481243,target,-1,2024,10,NEG,True
2024-03-13 12:00:00-04:00,2024-03-13 15:00:00-04:00,SHORT,18334.25,18379.25,-45.0,-900.0,force_close,1,2024,12,POS,True
2024-03-14 09:40:00-04:00,2024-03-14 10:00:00-04:00,SHORT,18385.75,18324.085507290696,61.664492709303886,1233.2898541860777,target,-1,2024,9,NEG,True
2024-03-14 10:20:00-04:00,2024-03-14 15:00:00-04:00,SHORT,18284.25,18252.75,31.5,630.0,force_close,-1,2024,10,NEG,True
2024-03-15 10:40:00-04:00,2024-03-15 12:20:00-04:00,SHORT,18135.0,18043.803384485236,91.19661551476383,1823.9323102952767,target,-1,2024,10,NEG,True
2024-03-18 09:40:00-04:00,2024-03-18 13:00:00-04:00,LONG,18326.75,18262.893327511556,-63.85667248844402,-1277.1334497688804,stop,-1,2024,9,NEG,True
2024-03-19 10:40:00-04:00,2024-03-19 12:40:00-04:00,SHORT,18118.5,18201.018339360504,-82.51833936050389,-1650.3667872100777,stop,-1,2024,10,NEG,True
2024-03-20 14:00:00-04:00,2024-03-20 14:20:00-04:00,LONG,18274.75,18336.816025084117,62.06602508411743,1241.3205016823485,target,-1,2024,14,NEG,True
2024-03-20 14:40:00-04:00,2024-03-20 15:00:00-04:00,LONG,18364.0,18419.5,55.5,1110.0,force_close,-1,2024,14,NEG,True
2024-03-22 09:00:00-04:00,2024-03-22 13:00:00-04:00,SHORT,18530.0,18583.6532357787,-53.65323577870004,-1073.0647155740007,stop,1,2024,9,POS,True
2024-03-22 14:00:00-04:00,2024-03-22 15:00:00-04:00,LONG,18623.0,18597.75,-25.25,-505.0,force_close,1,2024,14,POS,True
2024-03-25 10:00:00-04:00,2024-03-25 10:40:00-04:00,SHORT,18478.25,18540.337731438725,-62.087731438725314,-1241.7546287745063,stop,-1,2024,10,NEG,True
2024-03-27 12:20:00-04:00,2024-03-27 15:00:00-04:00,SHORT,18424.25,18420.0,4.25,85.0,force_close,-1,2024,12,NEG,True
2024-04-01 09:40:00-04:00,2024-04-01 10:20:00-04:00,LONG,18594.5,18529.59009849415,-64.90990150584912,-1298.1980301169824,stop,-1,2024,9,NEG,True
2024-04-02 11:20:00-04:00,2024-04-02 15:00:00-04:00,SHORT,18268.5,18277.75,-9.25,-185.0,force_close,-1,2024,11,NEG,True
2024-04-05 11:00:00-04:00,2024-04-05 15:00:00-04:00,LONG,18313.0,18278.0,-35.0,-700.0,force_close,-1,2024,11,NEG,True
2024-04-09 11:20:00-04:00,2024-04-09 15:00:00-04:00,SHORT,18249.0,18252.75,-3.75,-75.0,force_close,-1,2024,11,NEG,True
2024-04-10 09:40:00-04:00,2024-04-10 15:00:00-04:00,SHORT,18181.25,18128.5,52.75,1055.0,force_close,-1,2024,9,NEG,True
2024-04-11 13:20:00-04:00,2024-04-11 15:00:00-04:00,LONG,18411.25,18478.25,67.0,1340.0,force_close,-1,2024,13,NEG,True
2024-04-15 11:40:00-04:00,2024-04-15 12:40:00-04:00,SHORT,18206.25,18107.007968526992,99.24203147300796,1984.840629460159,target,-1,2024,11,NEG,True
2024-04-15 14:00:00-04:00,2024-04-15 15:00:00-04:00,SHORT,17924.0,17886.5,37.5,750.0,force_close,-1,2024,14,NEG,True
2024-04-16 10:00:00-04:00,2024-04-16 14:20:00-04:00,SHORT,17898.25,17983.131900350418,-84.88190035041771,-1697.6380070083542,stop,-1,2024,10,NEG,True
2024-04-17 13:20:00-04:00,2024-04-17 15:00:00-04:00,SHORT,17697.25,17704.0,-6.75,-135.0,force_close,-1,2024,13,NEG,True
2024-04-18 10:00:00-04:00,2024-04-18 10:40:00-04:00,SHORT,17610.25,17695.846822908683,-85.59682290868295,-1711.936458173659,stop,-1,2024,10,NEG,True
2024-04-19 13:00:00-04:00,2024-04-19 15:00:00-04:00,SHORT,17284.75,17159.75,125.0,2500.0,force_close,-1,2024,13,NEG,True
2024-04-22 11:40:00-04:00,2024-04-22 13:40:00-04:00,SHORT,17236.75,17331.424168614718,-94.67416861471793,-1893.4833722943586,stop,-1,2024,11,NEG,True
2024-04-23 10:00:00-04:00,2024-04-23 10:40:00-04:00,LONG,17501.0,17576.861998574375,75.86199857437532,1517.2399714875064,target,-1,2024,10,NEG,True
2024-04-24 09:40:00-04:00,2024-04-24 11:00:00-04:00,LONG,17764.0,17699.46143440624,-64.53856559376072,-1290.7713118752145,stop,-1,2024,9,NEG,True
2024-04-25 10:20:00-04:00,2024-04-25 13:40:00-04:00,SHORT,17429.0,17531.93539891628,-102.93539891628097,-2058.7079783256195,stop,-1,2024,10,NEG,True
2024-05-01 08:40:00-04:00,2024-05-01 10:20:00-04:00,SHORT,17506.5,17441.898794958543,64.60120504145743,1292.0241008291487,target,-1,2024,8,NEG,True
2024-05-01 10:40:00-04:00,2024-05-01 11:20:00-04:00,SHORT,17492.5,17412.80096497248,79.69903502751913,1593.9807005503826,target,-1,2024,10,NEG,True
2024-05-01 11:40:00-04:00,2024-05-01 14:40:00-04:00,SHORT,17468.0,17555.685051004177,-87.68505100417678,-1753.7010200835357,stop,-1,2024,11,NEG,True
2024-05-06 12:40:00-04:00,2024-05-06 15:00:00-04:00,LONG,18106.75,18146.75,40.0,800.0,force_close,1,2024,12,POS,True
2024-05-08 09:40:00-04:00,2024-05-08 10:00:00-04:00,SHORT,18122.75,18174.221945921407,-51.471945921406586,-1029.4389184281317,stop,-1,2024,9,NEG,True
2024-05-09 10:40:00-04:00,2024-05-09 15:00:00-04:00,LONG,18204.75,18232.75,28.0,560.0,force_close,-1,2024,10,NEG,True
2024-05-10 14:00:00-04:00,2024-05-10 15:00:00-04:00,LONG,18254.0,18256.75,2.75,55.0,force_close,-1,2024,14,NEG,True
2024-05-14 09:00:00-04:00,2024-05-14 10:00:00-04:00,SHORT,18264.25,18318.15899760412,-53.908997604121396,-1078.179952082428,stop,1,2024,9,POS,True
2024-05-14 11:00:00-04:00,2024-05-14 15:00:00-04:00,LONG,18337.25,18410.25,73.0,1460.0,force_close,1,2024,11,POS,True
2024-05-16 14:00:00-04:00,2024-05-16 15:00:00-04:00,LONG,18710.75,18694.75,-16.0,-320.0,force_close,1,2024,14,POS,True
2024-05-17 12:00:00-04:00,2024-05-17 14:20:00-04:00,SHORT,18653.75,18600.06720001589,53.682799984111625,1073.6559996822325,target,1,2024,12,POS,True
2024-05-20 09:40:00-04:00,2024-05-20 10:00:00-04:00,LONG,18701.25,18748.127402599097,46.87740259909697,937.5480519819394,target,-1,2024,9,NEG,True
2024-05-23 10:20:00-04:00,2024-05-23 11:00:00-04:00,SHORT,18894.0,18824.136264866018,69.86373513398212,1397.2747026796424,target,-1,2024,10,NEG,True
2024-05-23 11:20:00-04:00,2024-05-23 13:40:00-04:00,SHORT,18876.75,18783.692009442653,93.05799055734678,1861.1598111469357,target,-1,2024,11,NEG,True
2024-05-24 10:20:00-04:00,2024-05-24 11:20:00-04:00,LONG,18817.25,18883.125715776103,65.87571577610288,1317.5143155220576,target,-1,2024,10,NEG,True
2024-05-28 10:20:00-04:00,2024-05-28 14:40:00-04:00,SHORT,18892.75,18828.902130769817,63.84786923018328,1276.9573846036656,target,1,2024,10,POS,True
2024-05-29 09:40:00-04:00,2024-05-29 10:40:00-04:00,SHORT,18803.25,18863.492120142902,-60.24212014290242,-1204.8424028580484,stop,-1,2024,9,NEG,True
2024-05-30 11:40:00-04:00,2024-05-30 15:00:00-04:00,SHORT,18683.75,18671.0,12.75,255.0,force_close,-1,2024,11,NEG,True
2024-06-05 10:40:00-04:00,2024-06-05 13:00:00-04:00,LONG,18927.5,19004.33619095018,76.83619095018003,1536.7238190036005,target,-1,2024,10,NEG,True
2024-06-07 09:20:00-04:00,2024-06-07 11:00:00-04:00,SHORT,19027.75,19099.978085088373,-72.22808508837261,-1444.5617017674522,stop,-1,2024,9,NEG,True
2024-06-07 13:00:00-04:00,2024-06-07 14:20:00-04:00,LONG,19143.25,19051.0672459497,-92.18275405029999,-1843.6550810059998,stop,-1,2024,13,NEG,True
2024-06-07 14:40:00-04:00,2024-06-07 15:00:00-04:00,SHORT,19049.75,19051.5,-1.75,-35.0,force_close,-1,2024,14,NEG,True
2024-06-10 09:40:00-04:00,2024-06-10 12:00:00-04:00,SHORT,19017.25,19110.478694926114,-93.22869492611426,-1864.5738985222852,stop,1,2024,9,POS,True
2024-06-11 10:20:00-04:00,2024-06-11 11:00:00-04:00,SHORT,19061.75,19124.50121600695,-62.75121600694911,-1255.0243201389821,stop,-1,2024,10,NEG,True
2024-06-14 09:40:00-04:00,2024-06-14 15:00:00-04:00,LONG,19600.0,19666.25,66.25,1325.0,force_close,1,2024,9,POS,True
2024-06-20 10:40:00-04:00,2024-06-20 12:40:00-04:00,SHORT,20190.0,20112.707862274452,77.29213772554795,1545.842754510959,target,1,2024,10,POS,True
2024-06-20 13:00:00-04:00,2024-06-20 13:40:00-04:00,SHORT,20080.0,19982.581779797038,97.4182202029624,1948.364404059248,target,1,2024,13,POS,True
2024-06-20 14:00:00-04:00,2024-06-20 15:00:00-04:00,SHORT,20031.75,20016.75,15.0,300.0,force_close,1,2024,14,POS,True
2024-06-25 10:00:00-04:00,2024-06-25 10:20:00-04:00,SHORT,19834.5,19899.418031651967,-64.91803165196688,-1298.3606330393377,stop,-1,2024,10,NEG,True
2024-06-25 11:20:00-04:00,2024-06-25 13:00:00-04:00,LONG,19936.0,19854.907502030095,-81.0924979699048,-1621.849959398096,stop,-1,2024,11,NEG,True
2024-06-27 09:40:00-04:00,2024-06-27 10:00:00-04:00,LONG,20094.75,20031.30782298956,-63.44217701044181,-1268.8435402088362,stop,-1,2024,9,NEG,True
2024-07-01 10:20:00-04:00,2024-07-01 12:40:00-04:00,SHORT,19914.25,20006.90231789172,-92.65231789171958,-1853.0463578343915,stop,-1,2024,10,NEG,True
2024-07-03 12:00:00-04:00,2024-07-03 14:20:00-04:00,LONG,20378.5,20455.22176320024,76.72176320023937,1534.4352640047873,target,0,2024,12,ZERO,True
2024-07-05 09:40:00-04:00,2024-07-05 11:00:00-04:00,LONG,20486.75,20548.07120780181,61.3212078018114,1226.424156036228,target,1,2024,9,POS,True
2024-07-08 10:00:00-04:00,2024-07-08 15:00:00-04:00,LONG,20634.25,20648.5,14.25,285.0,force_close,1,2024,10,POS,True
2024-07-10 10:00:00-04:00,2024-07-10 11:20:00-04:00,LONG,20761.75,20719.481444275156,-42.26855572484419,-845.3711144968838,stop,1,2024,10,POS,True
2024-07-12 10:00:00-04:00,2024-07-12 10:40:00-04:00,LONG,20539.25,20623.972686551817,84.72268655181688,1694.4537310363376,target,-1,2024,10,NEG,True
2024-07-15 14:40:00-04:00,2024-07-15 15:00:00-04:00,SHORT,20601.0,20618.25,-17.25,-345.0,force_close,1,2024,14,POS,True
2024-07-16 09:40:00-04:00,2024-07-16 10:00:00-04:00,LONG,20679.5,20613.136114307064,-66.36388569293558,-1327.2777138587116,stop,-1,2024,9,NEG,True
2024-07-16 13:00:00-04:00,2024-07-16 15:00:00-04:00,SHORT,20547.25,20590.5,-43.25,-865.0,force_close,-1,2024,13,NEG,True
2024-07-18 11:00:00-04:00,2024-07-18 11:20:00-04:00,SHORT,19992.0,19874.979235102706,117.0207648972937,2340.415297945874,target,-1,2024,11,NEG,True
2024-07-18 12:40:00-04:00,2024-07-18 15:00:00-04:00,SHORT,19893.5,19847.25,46.25,925.0,force_close,-1,2024,12,NEG,True
2024-07-22 10:40:00-04:00,2024-07-22 11:20:00-04:00,LONG,20006.5,19901.34415724121,-105.15584275879155,-2103.116855175831,stop,-1,2024,10,NEG,True
2024-07-24 13:20:00-04:00,2024-07-24 15:00:00-04:00,SHORT,19364.5,19248.75,115.75,2315.0,force_close,-1,2024,13,NEG,True
2024-07-25 10:40:00-04:00,2024-07-25 11:20:00-04:00,SHORT,19093.5,19270.25309847975,-176.7530984797486,-3535.0619695949717,stop,-1,2024,10,NEG,True
2024-07-30 13:20:00-04:00,2024-07-30 15:00:00-04:00,SHORT,18887.0,18953.0,-66.0,-1320.0,force_close,1,2024,13,POS,True
2024-08-14 11:00:00-04:00,2024-08-14 12:00:00-04:00,LONG,19066.0,19181.68051791343,115.68051791343169,2313.6103582686337,target,-1,2024,11,NEG,True
2024-08-22 12:20:00-04:00,2024-08-22 13:40:00-04:00,SHORT,19752.5,19644.871929528585,107.62807047141541,2152.5614094283083,target,1,2024,12,POS,True
2024-08-22 14:20:00-04:00,2024-08-22 15:00:00-04:00,SHORT,19650.25,19612.0,38.25,765.0,force_close,1,2024,14,POS,True
2024-08-23 10:20:00-04:00,2024-08-23 11:00:00-04:00,LONG,19826.0,19742.58266202395,-83.41733797605048,-1668.3467595210095,stop,-1,2024,10,NEG,True
2024-08-27 10:00:00-04:00,2024-08-27 10:40:00-04:00,SHORT,19537.75,19629.479255045615,-91.72925504561499,-1834.5851009122998,stop,-1,2024,10,NEG,True
2024-08-28 11:40:00-04:00,2024-08-28 14:00:00-04:00,SHORT,19399.5,19297.438715129294,102.061284870706,2041.22569741412,target,-1,2024,11,NEG,True
2024-09-04 10:00:00-04:00,2024-09-04 10:20:00-04:00,SHORT,18971.0,18871.23015834069,99.76984165930844,1995.3968331861688,target,-1,2024,10,NEG,True
2024-09-09 11:40:00-04:00,2024-09-09 13:00:00-04:00,SHORT,18595.5,18709.346036306597,-113.84603630659694,-2276.920726131939,stop,-1,2024,11,NEG,True
2024-09-20 11:40:00-04:00,2024-09-20 15:00:00-04:00,SHORT,19948.75,19995.5,-46.75,-935.0,force_close,1,2024,11,POS,True
2024-09-24 11:00:00-04:00,2024-09-24 12:00:00-04:00,SHORT,20074.75,20176.59541650804,-101.84541650804022,-2036.9083301608043,stop,1,2024,11,POS,True
2024-09-25 09:40:00-04:00,2024-09-25 10:20:00-04:00,LONG,20188.0,20245.132719492696,57.1327194926962,1142.654389853924,target,1,2024,9,POS,True
2024-09-26 12:00:00-04:00,2024-09-26 13:20:00-04:00,SHORT,20322.75,20209.75730138054,112.99269861945868,2259.8539723891736,target,-1,2024,12,NEG,True
2024-10-02 10:20:00-04:00,2024-10-02 15:00:00-04:00,SHORT,20000.25,20027.5,-27.25,-545.0,force_close,-1,2024,10,NEG,True
2024-10-08 10:00:00-04:00,2024-10-08 11:00:00-04:00,LONG,20157.0,20237.56943531917,80.5694353191684,1611.3887063833681,target,-1,2024,10,NEG,True
2024-10-09 10:20:00-04:00,2024-10-09 11:20:00-04:00,LONG,20320.0,20391.4669879593,71.46698795929842,1429.3397591859684,target,-1,2024,10,NEG,True
2024-10-09 12:00:00-04:00,2024-10-09 14:00:00-04:00,LONG,20443.75,20364.61166969051,-79.13833030949172,-1582.7666061898344,stop,-1,2024,12,NEG,True
2024-10-10 10:20:00-04:00,2024-10-10 12:20:00-04:00,LONG,20399.0,20481.41034653843,82.41034653842871,1648.2069307685742,target,-1,2024,10,NEG,True
2024-10-11 10:00:00-04:00,2024-10-11 10:20:00-04:00,SHORT,20362.25,20430.32195412925,-68.0719541292492,-1361.4390825849841,stop,-1,2024,10,NEG,True
2024-10-14 10:00:00-04:00,2024-10-14 10:20:00-04:00,LONG,20670.25,20600.81275542941,-69.43724457058852,-1388.7448914117704,stop,-1,2024,10,NEG,True
2024-10-15 11:00:00-04:00,2024-10-15 15:00:00-04:00,SHORT,20400.0,20329.0,71.0,1420.0,force_close,-1,2024,11,NEG,True
2024-10-16 10:20:00-04:00,2024-10-16 14:40:00-04:00,SHORT,20286.5,20370.191934629787,-83.69193462978728,-1673.8386925957457,stop,-1,2024,10,NEG,True
2024-11-05 09:40:00-05:00,2024-11-05 10:20:00-05:00,SHORT,20231.75,20309.51239733799,-77.76239733798866,-1555.2479467597732,stop,-1,2024,9,NEG,True
2024-11-06 09:40:00-05:00,2024-11-06 10:00:00-05:00,LONG,20791.75,20676.243587587844,-115.50641241215635,-2310.128248243127,stop,-1,2024,9,NEG,True
2024-11-18 10:20:00-05:00,2024-11-18 11:20:00-05:00,SHORT,20611.5,20708.357525524956,-96.85752552495615,-1937.150510499123,stop,-1,2024,10,NEG,True
2024-11-20 12:00:00-05:00,2024-11-20 14:00:00-05:00,SHORT,20689.25,20568.765813473627,120.48418652637338,2409.6837305274676,target,-1,2024,12,NEG,True
2024-11-27 13:20:00-05:00,2024-11-27 15:00:00-05:00,SHORT,20785.25,20803.25,-18.0,-360.0,force_close,1,2024,13,POS,True
2024-11-29 10:20:00-05:00,2024-11-29 13:40:00-05:00,LONG,20969.75,21041.847636049137,72.09763604913678,1441.9527209827356,target,0,2024,10,ZERO,True
2024-12-04 14:20:00-05:00,2024-12-04 15:00:00-05:00,LONG,21498.75,21511.75,13.0,260.0,force_close,-1,2024,14,NEG,True
2024-12-05 10:20:00-05:00,2024-12-05 13:40:00-05:00,LONG,21528.0,21482.454636518505,-45.54536348149486,-910.9072696298972,stop,1,2024,10,POS,True
2024-12-09 13:40:00-05:00,2024-12-09 15:00:00-05:00,SHORT,21532.25,21475.25,57.0,1140.0,force_close,1,2024,13,POS,True
2024-12-10 10:20:00-05:00,2024-12-10 11:00:00-05:00,LONG,21600.5,21538.88067741973,-61.61932258027082,-1232.3864516054164,stop,-1,2024,10,NEG,True
2024-12-12 13:00:00-05:00,2024-12-12 14:40:00-05:00,LONG,21739.0,21663.719990090758,-75.28000990924193,-1505.6001981848385,stop,1,2024,13,POS,True
2024-12-13 09:40:00-05:00,2024-12-13 10:00:00-05:00,LONG,21832.5,21887.614038884294,55.11403888429413,1102.2807776858826,target,-1,2024,9,NEG,True
2024-12-13 11:20:00-05:00,2024-12-13 15:00:00-05:00,SHORT,21734.5,21801.0,-66.5,-1330.0,force_close,-1,2024,11,NEG,True
2024-12-18 10:00:00-05:00,2024-12-18 14:20:00-05:00,SHORT,22286.25,22208.723921720473,77.5260782795267,1550.521565590534,target,-1,2024,10,NEG,True
2024-12-19 11:40:00-05:00,2024-12-19 12:40:00-05:00,SHORT,21621.0,21456.930840737437,164.0691592625626,3281.383185251252,target,-1,2024,11,NEG,True
2024-12-20 10:20:00-05:00,2024-12-20 10:40:00-05:00,LONG,21342.75,21494.488397843983,151.73839784398297,3034.7679568796593,target,-1,2024,10,NEG,True
2024-12-23 10:40:00-05:00,2024-12-23 12:20:00-05:00,SHORT,21585.75,21719.475119745937,-133.72511974593726,-2674.5023949187453,stop,-1,2024,10,NEG,True
2024-12-26 09:40:00-05:00,2024-12-26 10:00:00-05:00,SHORT,21986.0,21893.747946239146,92.25205376085432,1845.0410752170865,target,-1,2024,9,NEG,True
2024-12-26 10:40:00-05:00,2024-12-26 15:00:00-05:00,SHORT,22002.25,22045.0,-42.75,-855.0,force_close,-1,2024,10,NEG,True
2024-12-27 11:00:00-05:00,2024-12-27 15:00:00-05:00,SHORT,21597.0,21706.5,-109.5,-2190.0,force_close,-1,2024,11,NEG,True
2024-12-30 10:40:00-05:00,2024-12-30 12:20:00-05:00,SHORT,21364.25,21494.047368728585,-129.79736872858484,-2595.947374571697,stop,-1,2024,10,NEG,True
2024-12-31 10:00:00-05:00,2024-12-31 10:20:00-05:00,SHORT,21435.0,21335.274081716867,99.72591828313307,1994.5183656626614,target,-1,2024,10,NEG,False
2025-01-07 11:00:00-05:00,2025-01-07 13:00:00-05:00,SHORT,21547.0,21400.47542623107,146.52457376892926,2930.491475378585,target,1,2025,11,POS,False
2025-01-08 13:00:00-05:00,2025-01-08 14:40:00-05:00,SHORT,21267.75,21433.520146828156,-165.7701468281557,-3315.402936563114,stop,-1,2025,13,NEG,False
2025-01-10 09:20:00-05:00,2025-01-10 10:00:00-05:00,SHORT,21172.5,21035.10142809219,137.39857190780822,2747.9714381561644,target,-1,2025,9,NEG,False
2025-01-10 10:40:00-05:00,2025-01-10 11:40:00-05:00,SHORT,21071.0,20890.458660134867,180.5413398651326,3610.8267973026523,target,-1,2025,10,NEG,False
2025-01-13 10:00:00-05:00,2025-01-13 15:00:00-05:00,SHORT,20800.25,20906.25,-106.0,-2120.0,force_close,-1,2025,10,NEG,False
2025-01-14 08:40:00-05:00,2025-01-14 10:00:00-05:00,LONG,21081.5,20978.957715636094,-102.54228436390622,-2050.8456872781244,stop,-1,2025,8,NEG,False
2025-01-14 10:20:00-05:00,2025-01-14 11:00:00-05:00,LONG,21076.25,20933.32313193846,-142.9268680615387,-2858.537361230774,stop,-1,2025,10,NEG,False
2025-01-16 14:20:00-05:00,2025-01-16 15:00:00-05:00,SHORT,21341.25,21376.25,-35.0,-700.0,force_close,-1,2025,14,NEG,False
2025-01-22 09:40:00-05:00,2025-01-22 10:00:00-05:00,LONG,21958.25,22018.724940912583,60.474940912583406,1209.4988182516681,target,1,2025,9,POS,False
2025-01-23 10:40:00-05:00,2025-01-23 15:00:00-05:00,LONG,21929.25,21953.0,23.75,475.0,force_close,1,2025,10,POS,False
2025-01-27 06:20:00-05:00,2025-01-27 08:20:00-05:00,SHORT,20966.5,21153.51486917854,-187.0148691785398,-3740.2973835707962,stop,-1,2025,6,NEG,False
2025-01-27 09:40:00-05:00,2025-01-27 15:00:00-05:00,SHORT,21286.25,21133.75,152.5,3050.0,force_close,-1,2025,9,NEG,False
2025-01-30 11:40:00-05:00,2025-01-30 15:00:00-05:00,SHORT,21552.0,21658.25,-106.25,-2125.0,force_close,-1,2025,11,NEG,False
2025-01-31 10:00:00-05:00,2025-01-31 11:00:00-05:00,LONG,21865.0,21946.99928508456,81.99928508455923,1639.9857016911847,target,-1,2025,10,NEG,False
2025-02-03 09:40:00-05:00,2025-02-03 10:20:00-05:00,LONG,21308.0,21166.12915907503,-141.87084092497025,-2837.416818499405,stop,-1,2025,9,NEG,False
2025-02-11 09:20:00-05:00,2025-02-11 09:40:00-05:00,SHORT,21700.75,21764.30173814544,-63.55173814544105,-1271.034762908821,stop,-1,2025,9,NEG,False
2025-02-12 09:40:00-05:00,2025-02-12 10:40:00-05:00,SHORT,21614.0,21738.528188491277,-124.52818849127652,-2490.5637698255305,stop,-1,2025,9,NEG,False
2025-02-12 12:00:00-05:00,2025-02-12 15:00:00-05:00,LONG,21779.5,21831.25,51.75,1035.0,force_close,-1,2025,12,NEG,False
2025-02-13 10:00:00-05:00,2025-02-13 10:40:00-05:00,LONG,21920.75,22020.069489937312,99.31948993731203,1986.3897987462406,target,-1,2025,10,NEG,False
2025-02-18 11:00:00-05:00,2025-02-18 14:20:00-05:00,SHORT,22184.75,22108.25569239038,76.49430760962059,1529.8861521924118,target,1,2025,11,POS,False
2025-02-18 14:40:00-05:00,2025-02-18 15:00:00-05:00,SHORT,22147.0,22179.0,-32.0,-640.0,force_close,1,2025,14,POS,False
2025-02-19 11:20:00-05:00,2025-02-19 15:00:00-05:00,SHORT,22211.75,22295.75,-84.0,-1680.0,force_close,-1,2025,11,NEG,False
2025-02-20 10:20:00-05:00,2025-02-20 11:00:00-05:00,SHORT,22077.75,21981.546108479604,96.2038915203957,1924.077830407914,target,1,2025,10,POS,False
2025-02-25 12:00:00-05:00,2025-02-25 15:00:00-05:00,SHORT,21171.0,21201.75,-30.75,-615.0,force_close,-1,2025,12,NEG,False
2025-02-27 10:20:00-05:00,2025-02-27 14:40:00-05:00,SHORT,21087.5,20925.790003147675,161.70999685232528,3234.1999370465055,target,-1,2025,10,NEG,False
2025-02-28 13:40:00-05:00,2025-02-28 15:00:00-05:00,SHORT,20633.5,20713.75,-80.25,-1605.0,force_close,-1,2025,13,NEG,False
2025-03-03 11:20:00-05:00,2025-03-03 13:20:00-05:00,LONG,20935.25,20762.064047857944,-173.1859521420556,-3463.7190428411122,stop,-1,2025,11,NEG,False
2025-03-03 14:00:00-05:00,2025-03-03 15:00:00-05:00,SHORT,20749.5,20604.25,145.25,2905.0,force_close,-1,2025,14,NEG,False
2025-03-05 12:40:00-05:00,2025-03-05 14:20:00-05:00,LONG,20500.75,20707.678595055986,206.92859505598608,4138.571901119722,target,-1,2025,12,NEG,False
2025-03-06 10:20:00-05:00,2025-03-06 12:00:00-05:00,SHORT,20443.5,20291.432685430813,152.06731456918715,3041.346291383743,target,-1,2025,10,NEG,False
2025-03-07 13:20:00-05:00,2025-03-07 15:00:00-05:00,SHORT,20096.5,20193.5,-97.0,-1940.0,force_close,-1,2025,13,NEG,False
2025-03-10 11:40:00-04:00,2025-03-10 13:20:00-04:00,SHORT,19668.25,19495.024497761762,173.22550223823782,3464.5100447647565,target,-1,2025,11,NEG,False
2025-03-11 11:20:00-04:00,2025-03-11 13:40:00-04:00,SHORT,19469.0,19251.972151972877,217.02784802712267,4340.556960542453,target,-1,2025,11,NEG,False
2025-03-13 10:20:00-04:00,2025-03-13 11:20:00-04:00,SHORT,19521.75,19361.973257729507,159.77674227049283,3195.5348454098566,target,1,2025,10,POS,False
2025-03-14 09:40:00-04:00,2025-03-14 10:20:00-04:00,LONG,19581.5,19492.650503786124,-88.84949621387568,-1776.9899242775136,stop,-1,2025,9,NEG,False
2025-03-25 10:40:00-04:00,2025-03-25 15:00:00-04:00,LONG,20462.5,20427.75,-34.75,-695.0,force_close,1,2025,10,POS,False
2025-03-26 14:20:00-04:00,2025-03-26 15:00:00-04:00,SHORT,20122.5,20057.25,65.25,1305.0,force_close,1,2025,14,POS,False
2025-03-27 10:00:00-04:00,2025-03-27 11:00:00-04:00,SHORT,20076.5,20176.2034608978,-99.70346089779923,-1994.0692179559846,stop,-1,2025,10,NEG,False
2025-03-28 09:20:00-04:00,2025-03-28 09:40:00-04:00,SHORT,19950.25,19867.870498286466,82.37950171353441,1647.5900342706882,target,-1,2025,9,NEG,False
2025-03-31 10:00:00-04:00,2025-03-31 11:40:00-04:00,SHORT,19089.25,19204.916214297384,-115.6662142973837,-2313.324285947674,stop,-1,2025,10,NEG,False
2025-04-01 10:40:00-04:00,2025-04-01 11:20:00-04:00,LONG,19410.25,19543.033278615083,132.78327861508296,2655.6655723016593,target,-1,2025,10,NEG,False
2025-04-02 09:40:00-04:00,2025-04-02 10:20:00-04:00,LONG,19499.0,19601.281639753604,102.2816397536044,2045.632795072088,target,-1,2025,9,NEG,False
2025-04-04 11:20:00-04:00,2025-04-04 13:20:00-04:00,SHORT,18042.75,17703.96649510762,338.78350489238073,6775.670097847615,target,-1,2025,11,NEG,False
2025-04-07 10:20:00-04:00,2025-04-07 10:40:00-04:00,LONG,17982.25,17420.870501691912,-561.3794983080879,-11227.589966161759,stop,-1,2025,10,NEG,False
2025-04-09 13:40:00-04:00,2025-04-09 15:00:00-04:00,LONG,18554.25,18775.25,221.0,4420.0,force_close,-1,2025,13,NEG,False
2025-04-15 09:40:00-04:00,2025-04-15 10:40:00-04:00,LONG,19059.25,18956.94911198393,-102.30088801607053,-2046.0177603214106,stop,-1,2025,9,NEG,False
2025-04-17 11:20:00-04:00,2025-04-17 15:00:00-04:00,SHORT,18422.25,18420.0,2.25,45.0,force_close,-1,2025,11,NEG,False
2025-04-24 10:00:00-04:00,2025-04-24 10:40:00-04:00,LONG,19051.75,19176.46685379492,124.71685379491828,2494.3370758983656,target,-1,2025,10,NEG,False
2025-04-29 10:00:00-04:00,2025-04-29 11:20:00-04:00,LONG,19506.25,19609.91235461471,103.66235461470933,2073.2470922941866,target,-1,2025,10,NEG,False
2025-04-30 10:20:00-04:00,2025-04-30 11:20:00-04:00,SHORT,19269.75,19398.46619951446,-128.71619951445973,-2574.3239902891946,stop,-1,2025,10,NEG,False
2025-05-06 09:40:00-04:00,2025-05-06 10:00:00-04:00,SHORT,19861.75,19782.16172564969,79.5882743503098,1591.765487006196,target,-1,2025,9,NEG,False
2025-05-06 10:20:00-04:00,2025-05-06 12:20:00-04:00,SHORT,19867.25,19970.216420230627,-102.96642023062668,-2059.3284046125336,stop,-1,2025,10,NEG,False
2025-05-13 10:20:00-04:00,2025-05-13 12:40:00-04:00,LONG,21217.0,21314.841781673007,97.84178167300706,1956.8356334601413,target,1,2025,10,POS,False
2025-05-15 11:20:00-04:00,2025-05-15 13:00:00-04:00,LONG,21389.5,21486.919907433858,97.41990743385759,1948.3981486771518,target,1,2025,11,POS,False
2025-05-21 09:40:00-04:00,2025-05-21 10:20:00-04:00,SHORT,21341.25,21418.77577001574,-77.52577001574173,-1550.5154003148346,stop,-1,2025,9,NEG,False
2025-05-27 10:20:00-04:00,2025-05-27 13:20:00-04:00,LONG,21374.0,21461.508917614316,87.50891761431558,1750.1783522863116,target,-1,2025,10,NEG,False
2025-05-30 10:20:00-04:00,2025-05-30 12:40:00-04:00,SHORT,21376.25,21260.07608409587,116.17391590413172,2323.4783180826344,target,-1,2025,10,NEG,False
2025-05-30 14:20:00-04:00,2025-05-30 15:00:00-04:00,SHORT,21279.25,21300.75,-21.5,-430.0,force_close,-1,2025,14,NEG,False
2025-06-05 14:40:00-04:00,2025-06-05 15:00:00-04:00,SHORT,21721.5,21686.75,34.75,695.0,force_close,1,2025,14,POS,False
2025-06-23 10:00:00-04:00,2025-06-23 11:00:00-04:00,LONG,21925.25,22013.749256579962,88.4992565799621,1769.9851315992419,target,1,2025,10,POS,False
2025-06-25 09:40:00-04:00,2025-06-25 10:00:00-04:00,LONG,22541.0,22500.84164500536,-40.15835499464083,-803.1670998928166,stop,1,2025,9,POS,False
2025-06-26 10:00:00-04:00,2025-06-26 11:20:00-04:00,LONG,22543.75,22599.84471938822,56.094719388220255,1121.894387764405,target,1,2025,10,POS,False
2025-06-27 10:00:00-04:00,2025-06-27 10:20:00-04:00,LONG,22764.0,22815.603387544495,51.60338754449549,1032.0677508899098,target,1,2025,10,POS,False
2025-06-27 11:40:00-04:00,2025-06-27 14:00:00-04:00,LONG,22811.75,22744.18132963282,-67.56867036718177,-1351.3734073436353,stop,1,2025,11,POS,False
2025-07-02 09:40:00-04:00,2025-07-02 10:40:00-04:00,SHORT,22703.5,22769.9501683812,-66.45016838120137,-1329.0033676240273,stop,1,2025,9,POS,False
2025-07-03 10:20:00-04:00,2025-07-03 18:20:00-04:00,LONG,23061.75,23051.75,-10.0,-200.0,force_close,0,2025,10,ZERO,False
2025-07-11 10:00:00-04:00,2025-07-11 15:00:00-04:00,LONG,22963.75,22976.5,12.75,255.0,force_close,-1,2025,10,NEG,False
2025-07-16 08:40:00-04:00,2025-07-16 09:40:00-04:00,LONG,23070.75,23021.58786901804,-49.16213098196022,-983.2426196392043,stop,-1,2025,8,NEG,False
2025-07-16 12:00:00-04:00,2025-07-16 15:00:00-04:00,SHORT,22990.75,23072.75,-82.0,-1640.0,force_close,-1,2025,12,NEG,False
2025-07-21 09:40:00-04:00,2025-07-21 10:00:00-04:00,LONG,23327.75,23369.97883895977,42.228838959770655,844.5767791954131,target,-1,2025,9,NEG,False
2025-07-23 11:00:00-04:00,2025-07-23 12:00:00-04:00,SHORT,23199.5,23259.56537073492,-60.06537073491927,-1201.3074146983854,stop,-1,2025,11,NEG,False
2025-07-25 10:00:00-04:00,2025-07-25 12:20:00-04:00,LONG,23389.25,23432.10454907827,42.85454907827079,857.0909815654159,target,-1,2025,10,NEG,False
2025-07-29 09:40:00-04:00,2025-07-29 10:00:00-04:00,LONG,23645.75,23608.57858098606,-37.17141901393916,-743.4283802787832,stop,-1,2025,9,NEG,False
2025-07-29 12:00:00-04:00,2025-07-29 15:00:00-04:00,SHORT,23503.75,23479.0,24.75,495.0,force_close,-1,2025,12,NEG,False
2025-08-01 14:40:00-04:00,2025-08-01 15:00:00-04:00,SHORT,22918.25,22870.25,48.0,960.0,force_close,-1,2025,14,NEG,False
2025-08-04 09:40:00-04:00,2025-08-04 10:00:00-04:00,LONG,23159.25,23222.30114341817,63.051143418171705,1261.022868363434,target,-1,2025,9,NEG,False
2025-08-05 12:20:00-04:00,2025-08-05 15:00:00-04:00,SHORT,23195.75,23147.0,48.75,975.0,force_close,-1,2025,12,NEG,False
2025-08-06 10:00:00-04:00,2025-08-06 10:20:00-04:00,LONG,23201.25,23273.30526965309,72.05526965309036,1441.1053930618073,target,-1,2025,10,NEG,False
2025-08-06 11:00:00-04:00,2025-08-06 12:00:00-04:00,LONG,23282.25,23370.898479383322,88.64847938332241,1772.9695876664482,target,-1,2025,11,NEG,False
2025-08-14 09:40:00-04:00,2025-08-14 10:40:00-04:00,SHORT,23915.0,23981.07669889947,-66.07669889946919,-1321.5339779893839,stop,-1,2025,9,NEG,False
2025-08-18 13:20:00-04:00,2025-08-18 15:00:00-04:00,SHORT,23764.25,23795.5,-31.25,-625.0,force_close,-1,2025,13,NEG,False
2025-08-19 11:20:00-04:00,2025-08-19 13:00:00-04:00,SHORT,23571.5,23486.188402202675,85.3115977973248,1706.2319559464959,target,-1,2025,11,NEG,False
2025-08-19 13:40:00-04:00,2025-08-19 15:00:00-04:00,SHORT,23499.0,23462.25,36.75,735.0,force_close,-1,2025,13,NEG,False
2025-08-20 11:20:00-04:00,2025-08-20 12:40:00-04:00,SHORT,23173.5,23292.01333306269,-118.51333306268862,-2370.2666612537723,stop,-1,2025,11,NEG,False
2025-08-21 10:20:00-04:00,2025-08-21 12:00:00-04:00,SHORT,23303.5,23203.259162700695,100.24083729930499,2004.8167459860997,target,-1,2025,10,NEG,False
2025-08-29 10:40:00-04:00,2025-08-29 11:00:00-04:00,SHORT,23509.0,23425.784954342642,83.21504565735813,1664.3009131471626,target,-1,2025,10,NEG,False
2025-08-29 11:20:00-04:00,2025-08-29 15:00:00-04:00,SHORT,23470.5,23459.0,11.5,230.0,force_close,-1,2025,11,NEG,False
2025-09-02 10:00:00-04:00,2025-09-02 11:20:00-04:00,SHORT,23233.75,23131.21222213453,102.53777786546925,2050.755557309385,target,-1,2025,10,NEG,False
2025-09-02 13:40:00-04:00,2025-09-02 15:00:00-04:00,SHORT,23209.75,23189.0,20.75,415.0,force_close,-1,2025,13,NEG,False
2025-09-05 11:40:00-04:00,2025-09-05 15:00:00-04:00,SHORT,23644.25,23657.25,-13.0,-260.0,force_close,-1,2025,11,NEG,False
2025-09-09 11:00:00-04:00,2025-09-09 15:00:00-04:00,SHORT,23785.75,23843.75,-58.0,-1160.0,force_close,-1,2025,11,NEG,False
2025-09-10 10:20:00-04:00,2025-09-10 12:40:00-04:00,LONG,23969.75,23906.070145565845,-63.67985443415455,-1273.597088683091,stop,-1,2025,10,NEG,False
2025-09-24 12:40:00-04:00,2025-09-24 15:00:00-04:00,SHORT,24695.75,24739.0,-43.25,-865.0,force_close,-1,2025,12,NEG,False
2025-09-25 10:20:00-04:00,2025-09-25 14:20:00-04:00,SHORT,24605.75,24506.162711844267,99.5872881557334,1991.745763114668,target,-1,2025,10,NEG,False
2025-09-30 10:00:00-04:00,2025-09-30 11:00:00-04:00,SHORT,24785.5,24849.048400781918,-63.548400781917735,-1270.9680156383547,stop,-1,2025,10,NEG,False
2025-10-03 09:40:00-04:00,2025-10-03 10:00:00-04:00,LONG,25159.5,25119.008901066914,-40.491098933085595,-809.8219786617119,stop,1,2025,9,POS,False
2025-10-03 10:40:00-04:00,2025-10-03 13:20:00-04:00,SHORT,25109.0,25052.490727275515,56.50927272448462,1130.1854544896923,target,1,2025,10,POS,False
2025-10-03 14:20:00-04:00,2025-10-03 15:00:00-04:00,SHORT,25006.75,25009.0,-2.25,-45.0,force_close,1,2025,14,POS,False
2025-10-08 09:40:00-04:00,2025-10-08 10:20:00-04:00,LONG,25148.0,25201.4396522825,53.4396522825009,1068.793045650018,target,-1,2025,9,NEG,False
2025-10-09 11:00:00-04:00,2025-10-09 13:20:00-04:00,SHORT,25250.5,25187.825923480872,62.67407651912799,1253.4815303825599,target,-1,2025,11,NEG,False
2025-10-10 09:40:00-04:00,2025-10-10 10:20:00-04:00,LONG,25371.5,25316.51431815092,-54.98568184908072,-1099.7136369816144,stop,-1,2025,9,NEG,False
2025-10-10 12:00:00-04:00,2025-10-10 13:20:00-04:00,SHORT,24827.0,24645.140178290025,181.85982170997522,3637.1964341995044,target,-1,2025,12,NEG,False
2025-10-14 10:40:00-04:00,2025-10-14 12:40:00-04:00,SHORT,24728.75,24880.726919090008,-151.97691909000787,-3039.5383818001574,stop,-1,2025,10,NEG,False
2025-10-15 10:00:00-04:00,2025-10-15 10:20:00-04:00,LONG,25014.0,25100.996060661415,86.99606066141496,1739.9212132282992,target,-1,2025,10,NEG,False
2025-10-21 10:20:00-04:00,2025-10-21 10:40:00-04:00,LONG,25272.25,25213.360878077703,-58.88912192229691,-1177.7824384459382,stop,-1,2025,10,NEG,False
2025-10-22 10:00:00-04:00,2025-10-22 10:40:00-04:00,SHORT,25258.0,25184.44998129051,73.55001870949127,1471.0003741898254,target,-1,2025,10,NEG,False
2025-10-22 11:00:00-04:00,2025-10-22 11:40:00-04:00,SHORT,25173.0,25064.571103824797,108.42889617520268,2168.5779235040536,target,-1,2025,11,NEG,False
2025-10-22 14:40:00-04:00,2025-10-22 15:00:00-04:00,SHORT,24929.0,24957.5,-28.5,-570.0,force_close,-1,2025,14,NEG,False
2025-10-23 10:00:00-04:00,2025-10-23 13:40:00-04:00,LONG,25160.5,25253.617977613558,93.11797761355774,1862.3595522711548,target,-1,2025,10,NEG,False
2025-10-28 12:40:00-04:00,2025-10-28 14:20:00-04:00,LONG,26102.75,26167.329740505942,64.57974050594203,1291.5948101188405,target,1,2025,12,POS,False
2025-10-29 10:00:00-04:00,2025-10-29 10:20:00-04:00,LONG,26318.75,26265.61205711655,-53.137942883451615,-1062.7588576690323,stop,1,2025,10,POS,False
2025-10-30 10:00:00-04:00,2025-10-30 11:00:00-04:00,SHORT,26125.0,25980.365318771324,144.63468122867562,2892.6936245735124,target,-1,2025,10,NEG,False
2025-11-04 10:00:00-05:00,2025-11-04 11:40:00-05:00,SHORT,25875.25,25757.027866494893,118.2221335051072,2364.442670102144,target,-1,2025,10,NEG,False
2025-11-07 10:00:00-05:00,2025-11-07 10:20:00-05:00,SHORT,25028.0,24883.97800088855,144.02199911145,2880.4399822289997,target,-1,2025,10,NEG,False
2025-11-07 14:40:00-05:00,2025-11-07 15:00:00-05:00,SHORT,25035.75,25113.5,-77.75,-1555.0,force_close,-1,2025,14,NEG,False
2025-11-11 11:20:00-05:00,2025-11-11 13:20:00-05:00,SHORT,25558.5,25645.950809105518,-87.45080910551769,-1749.0161821103538,stop,-1,2025,11,NEG,False
2025-11-14 10:00:00-05:00,2025-11-14 11:00:00-05:00,SHORT,24953.0,25117.471154944138,-164.4711549441381,-3289.423098882762,stop,-1,2025,10,NEG,False
2025-11-17 09:40:00-05:00,2025-11-17 11:20:00-05:00,SHORT,25171.25,25046.785386852185,124.46461314781482,2489.2922629562963,target,-1,2025,9,NEG,False
2025-11-17 11:40:00-05:00,2025-11-17 14:00:00-05:00,SHORT,25114.75,24938.590669076635,176.1593309233649,3523.186618467298,target,-1,2025,11,NEG,False
2025-11-21 11:40:00-05:00,2025-11-21 14:00:00-05:00,SHORT,24204.5,24471.920310472662,-267.4203104726621,-5348.406209453242,stop,-1,2025,11,NEG,False
2025-11-25 12:40:00-05:00,2025-11-25 15:00:00-05:00,LONG,25040.75,25013.75,-27.0,-540.0,force_close,-1,2025,12,NEG,False
2025-12-04 10:40:00-05:00,2025-12-04 11:20:00-05:00,SHORT,25628.25,25530.148472893663,98.10152710633702,1962.0305421267403,target,-1,2025,10,NEG,False
2025-12-04 12:00:00-05:00,2025-12-04 14:40:00-05:00,LONG,25642.0,25534.05788693034,-107.94211306966099,-2158.84226139322,stop,-1,2025,12,NEG,False
2025-12-08 13:00:00-05:00,2025-12-08 14:00:00-05:00,SHORT,25680.5,25599.55551088313,80.94448911687141,1618.8897823374282,target,1,2025,13,POS,False
2025-12-10 11:20:00-05:00,2025-12-10 14:20:00-05:00,SHORT,25637.5,25735.155292736345,-97.65529273634456,-1953.1058547268913,stop,-1,2025,11,NEG,False
2025-12-11 10:20:00-05:00,2025-12-11 14:20:00-05:00,SHORT,25572.25,25697.580468555487,-125.33046855548673,-2506.6093711097346,stop,-1,2025,10,NEG,False
2025-12-12 12:20:00-05:00,2025-12-12 15:00:00-05:00,SHORT,25295.25,25244.0,51.25,1025.0,force_close,-1,2025,12,NEG,False
2025-12-16 13:40:00-05:00,2025-12-16 15:00:00-05:00,SHORT,25044.5,25078.5,-34.0,-680.0,force_close,-1,2025,13,NEG,False
2026-01-02 14:20:00-05:00,2026-01-02 15:00:00-05:00,SHORT,25374.5,25399.5,-25.0,-500.0,force_close,-1,2026,14,NEG,False
2026-01-06 10:00:00-05:00,2026-01-06 11:00:00-05:00,LONG,25753.0,25681.21186091848,-71.78813908152006,-1435.7627816304012,stop,1,2026,10,POS,False
2026-01-08 10:20:00-05:00,2026-01-08 11:40:00-05:00,SHORT,25686.5,25593.69984111611,92.8001588838888,1856.003177677776,target,1,2026,10,POS,False
2026-01-09 10:40:00-05:00,2026-01-09 14:00:00-05:00,LONG,25842.75,25959.652840263865,116.90284026386507,2338.0568052773015,target,-1,2026,10,NEG,False
2026-01-14 10:20:00-05:00,2026-01-14 11:00:00-05:00,SHORT,25664.25,25556.89540243999,107.35459756001,2147.0919512002,target,-1,2026,10,NEG,False
2026-01-14 14:00:00-05:00,2026-01-14 15:00:00-05:00,SHORT,25515.0,25500.5,14.5,290.0,force_close,-1,2026,14,NEG,False
2026-01-16 13:20:00-05:00,2026-01-16 15:00:00-05:00,SHORT,25716.25,25716.25,-0.0,-0.0,force_close,-1,2026,13,NEG,False
2026-01-19 10:00:00-05:00,2026-01-19 12:40:00-05:00,SHORT,25316.0,25398.785784040236,-82.78578404023574,-1655.7156808047148,stop,0,2026,10,ZERO,False
2026-01-20 09:40:00-05:00,2026-01-20 11:00:00-05:00,SHORT,25300.5,25412.83319084541,-112.33319084540926,-2246.6638169081853,stop,-1,2026,9,NEG,False
2026-01-21 10:00:00-05:00,2026-01-21 11:00:00-05:00,LONG,25324.75,25459.835551994845,135.08555199484545,2701.711039896909,target,-1,2026,10,NEG,False
2026-01-26 09:40:00-05:00,2026-01-26 10:20:00-05:00,LONG,25792.75,25868.650987807236,75.90098780723565,1518.019756144713,target,-1,2026,9,NEG,False
2026-01-28 12:20:00-05:00,2026-01-28 15:00:00-05:00,SHORT,26161.5,26160.75,0.75,15.0,force_close,1,2026,12,POS,False
2026-01-29 11:20:00-05:00,2026-01-29 12:40:00-05:00,SHORT,25681.75,25838.22090534574,-156.4709053457409,-3129.418106914818,stop,-1,2026,11,NEG,False
2026-02-02 10:20:00-05:00,2026-02-02 15:00:00-05:00,LONG,25903.5,25847.0,-56.5,-1130.0,force_close,-1,2026,10,NEG,False
2026-02-04 13:00:00-05:00,2026-02-04 15:00:00-05:00,SHORT,24874.25,25106.25,-232.0,-4640.0,force_close,-1,2026,13,NEG,False
2026-02-05 09:40:00-05:00,2026-02-05 10:20:00-05:00,SHORT,24901.25,24717.982555526825,183.2674444731747,3665.348889463494,target,-1,2026,9,NEG,False
2026-02-12 13:40:00-05:00,2026-02-12 15:00:00-05:00,SHORT,24880.25,24898.5,-18.25,-365.0,force_close,-1,2026,13,NEG,False
2026-02-13 10:40:00-05:00,2026-02-13 15:00:00-05:00,SHORT,24828.0,24852.75,-24.75,-495.0,force_close,-1,2026,10,NEG,False
2026-02-17 09:40:00-05:00,2026-02-17 10:00:00-05:00,LONG,24798.0,24669.174639942394,-128.8253600576063,-2576.507201152126,stop,-1,2026,9,NEG,False
2026-02-17 10:20:00-05:00,2026-02-17 10:40:00-05:00,SHORT,24633.25,24452.196500766655,181.05349923334506,3621.0699846669013,target,-1,2026,10,NEG,False
2026-02-17 11:20:00-05:00,2026-02-17 15:00:00-05:00,LONG,24780.25,24815.0,34.75,695.0,force_close,-1,2026,11,NEG,False
2026-02-19 14:00:00-05:00,2026-02-19 15:00:00-05:00,SHORT,24842.0,24782.0,60.0,1200.0,force_close,-1,2026,14,NEG,False
2026-02-20 09:40:00-05:00,2026-02-20 10:20:00-05:00,SHORT,24848.75,24959.620807303905,-110.87080730390517,-2217.4161460781033,stop,-1,2026,9,NEG,False
2026-02-23 13:00:00-05:00,2026-02-23 15:00:00-05:00,SHORT,24744.75,24692.0,52.75,1055.0,force_close,-1,2026,13,NEG,False
2026-02-24 10:00:00-05:00,2026-02-24 10:40:00-05:00,LONG,24877.25,24981.14596016897,103.89596016897121,2077.9192033794243,target,-1,2026,10,NEG,False
2026-02-27 09:00:00-05:00,2026-02-27 10:20:00-05:00,SHORT,24870.5,24972.01412002117,-101.51412002116922,-2030.2824004233844,stop,-1,2026,9,NEG,False
2026-03-02 09:40:00-05:00,2026-03-02 11:00:00-05:00,LONG,24804.75,24952.54252814842,147.7925281484204,2955.8505629684078,target,-1,2026,9,NEG,False
2026-03-06 10:20:00-05:00,2026-03-06 15:00:00-05:00,SHORT,24783.25,24808.25,-25.0,-500.0,force_close,-1,2026,10,NEG,False
2026-03-11 12:40:00-04:00,2026-03-11 15:00:00-04:00,SHORT,24974.0,24957.5,16.5,330.0,force_close,-1,2026,12,NEG,False
2026-03-26 10:00:00-04:00,2026-03-26 11:00:00-04:00,SHORT,24216.0,24093.361024243673,122.63897575632654,2452.779515126531,target,-1,2026,10,NEG,False
2026-03-27 11:40:00-04:00,2026-03-27 13:40:00-04:00,SHORT,23564.0,23407.25179948773,156.74820051226925,3134.964010245385,target,-1,2026,11,NEG,False
2026-04-02 10:00:00-04:00,2026-04-02 10:40:00-04:00,SHORT,23898.0,24026.395536310774,-128.39553631077433,-2567.9107262154866,stop,-1,2026,10,NEG,False
2026-04-09 11:20:00-04:00,2026-04-09 12:00:00-04:00,LONG,25098.5,25193.427803214505,94.92780321450482,1898.5560642900964,target,1,2026,11,POS,False
2026-04-13 10:00:00-04:00,2026-04-13 12:40:00-04:00,LONG,25308.0,25395.890276221653,87.89027622165304,1757.8055244330608,target,-1,2026,10,NEG,False
2026-04-15 09:40:00-04:00,2026-04-15 10:00:00-04:00,LONG,26051.75,25986.84315747197,-64.90684252803112,-1298.1368505606224,stop,1,2026,9,POS,False
2026-04-16 10:40:00-04:00,2026-04-16 11:20:00-04:00,LONG,26372.75,26463.69618339199,90.9461833919886,1818.923667839772,target,1,2026,10,POS,False
