date_x,entry_time,exit_time,direction,entry_price,exit_price,entry_atr,sl_price,qty,bars_held,pnl_pts,pnl_$,reason,session_date,date_y,qqq_gamma_sign
2020-12-01,2020-12-01 10:00:00-05:00,2020-12-01 14:30:00-05:00,LONG,12390.75,12486.25,21.641091844975946,12331.236997426317,1,9,95.5,1910.0,FC,2020-12-01,,
2020-12-02,2020-12-02 10:00:00-05:00,2020-12-02 12:00:00-05:00,SHORT,12375.5,12450.880269161129,27.411006967683534,12450.880269161129,1,4,-75.38026916112904,-1507.6053832225807,SL,2020-12-02,2020-12-02,-1.0
2020-12-03,2020-12-03 10:00:00-05:00,2020-12-03 14:30:00-05:00,LONG,12495.25,12477.25,18.90892974794615,12443.250443193148,2,9,-18.0,-720.0,FC,2020-12-03,2020-12-03,-1.0
2020-12-04,2020-12-04 10:00:00-05:00,2020-12-04 14:30:00-05:00,LONG,12506.75,12495.75,17.553167617714678,12458.478789051285,1,9,-11.0,-220.0,FC,2020-12-04,2020-12-03,-1.0
2020-12-07,2020-12-07 10:00:00-05:00,2020-12-07 14:30:00-05:00,LONG,12584.75,12576.5,19.48036394009963,12531.178999164726,2,9,-8.25,-330.0,FC,2020-12-07,2020-12-03,-1.0
2020-12-08,2020-12-08 10:00:00-05:00,2020-12-08 13:30:00-05:00,SHORT,12551.75,12610.83599878839,21.48581774123259,12610.83599878839,1,7,-59.0859987883905,-1181.71997576781,SL,2020-12-08,2020-12-03,-1.0
2020-12-09,2020-12-09 10:00:00-05:00,2020-12-09 10:30:00-05:00,LONG,12636.0,12593.604898413461,15.416400576923204,12593.604898413461,2,1,-42.39510158653866,-1695.8040634615463,SL,2020-12-09,2020-12-09,-1.0
2020-12-10,2020-12-10 10:00:00-05:00,2020-12-10 14:30:00-05:00,SHORT,12373.5,12371.25,42.727104584520944,12490.999537607433,1,9,2.25,45.0,FC,2020-12-10,2020-12-10,-1.0
2020-12-11,2020-12-11 10:00:00-05:00,2020-12-11 14:30:00-05:00,SHORT,12314.5,12335.75,27.45700019908673,12390.006750547489,1,9,-21.25,-425.0,FC,2020-12-11,2020-12-10,-1.0
2020-12-14,2020-12-14 10:00:00-05:00,2020-12-14 14:30:00-05:00,LONG,12519.5,12520.25,25.802209834430236,12448.543922955318,2,9,0.75,30.0,FC,2020-12-14,2020-12-10,-1.0
2020-12-15,2020-12-15 10:00:00-05:00,2020-12-15 11:30:00-05:00,LONG,12566.0,12515.55154299547,18.344893456192338,12515.55154299547,1,3,-50.4484570045297,-1008.969140090594,SL,2020-12-15,2020-12-10,-1.0
2020-12-16,2020-12-16 10:00:00-05:00,2020-12-16 14:30:00-05:00,LONG,12601.25,12630.25,18.601003521000113,12550.097240317249,2,9,29.0,1160.0,FC,2020-12-16,2020-12-16,-1.0
2020-12-17,2020-12-17 10:00:00-05:00,2020-12-17 11:00:00-05:00,LONG,12740.0,12701.054756531943,14.161906715657205,12701.054756531943,1,2,-38.945243468057015,-778.9048693611403,SL,2020-12-17,2020-12-17,1.0
2020-12-18,2020-12-18 10:00:00-05:00,2020-12-18 14:30:00-05:00,SHORT,12725.0,12674.0,20.597688340437205,12781.643642936202,2,9,51.0,2040.0,FC,2020-12-18,2020-12-17,1.0
2020-12-21,2020-12-21 10:00:00-05:00,2020-12-21 14:30:00-05:00,SHORT,12582.5,12688.5,44.79980633108614,12705.699467410486,1,9,-106.0,-2120.0,FC,2020-12-21,2020-12-17,1.0
2020-12-22,2020-12-22 10:00:00-05:00,2020-12-22 11:30:00-05:00,LONG,12749.25,12678.152555092725,25.853616329917724,12678.152555092725,2,3,-71.09744490727462,-2843.897796290985,SL,2020-12-22,2020-12-22,-1.0
2020-12-23,2020-12-23 10:00:00-05:00,2020-12-23 14:30:00-05:00,SHORT,12689.5,12710.75,20.099869462156747,12744.774641020931,1,9,-21.25,-425.0,FC,2020-12-23,2020-12-22,-1.0
2020-12-28,2020-12-28 10:00:00-05:00,2020-12-28 10:30:00-05:00,LONG,12798.25,12756.268796786355,15.265892077689223,12756.268796786355,2,1,-41.98120321364513,-1679.2481285458052,SL,2020-12-28,,
2020-12-29,2020-12-29 10:00:00-05:00,2020-12-29 10:30:00-05:00,LONG,12859.75,12818.743778504007,14.911353271270034,12818.743778504007,1,1,-41.00622149599258,-820.1244299198515,SL,2020-12-29,2020-12-29,-1.0
2020-12-30,2020-12-30 10:00:00-05:00,2020-12-30 14:30:00-05:00,SHORT,12865.25,12855.75,16.816821750904467,12911.496259814987,2,9,9.5,380.0,FC,2020-12-30,2020-12-30,-1.0
2020-12-31,2020-12-31 10:00:00-05:00,2020-12-31 14:30:00-05:00,SHORT,12833.0,12830.75,12.67893172686623,12867.867062248883,1,9,2.25,45.0,FC,2020-12-31,2020-12-30,-1.0
2021-01-04,2021-01-04 10:00:00-05:00,2021-01-04 14:30:00-05:00,SHORT,12879.75,12646.5,22.17972903929496,12940.74425485806,1,9,233.25,4665.0,FC,2021-01-04,2020-12-30,-1.0
2021-01-05,2021-01-05 10:00:00-05:00,2021-01-05 14:30:00-05:00,LONG,12749.75,12784.25,41.97666243079112,12634.314178315324,1,9,34.5,690.0,FC,2021-01-05,,
2021-01-06,2021-01-06 10:00:00-05:00,2021-01-06 14:30:00-05:00,SHORT,12634.5,12687.5,61.22852784800354,12802.87845158201,1,9,-53.0,-1060.0,FC,2021-01-06,2021-01-06,-1.0
2021-01-07,2021-01-07 10:00:00-05:00,2021-01-07 14:30:00-05:00,LONG,12838.0,12908.5,37.336271954937416,12735.325252123923,2,9,70.5,2820.0,FC,2021-01-07,2021-01-07,-1.0
2021-01-08,2021-01-08 10:00:00-05:00,2021-01-08 14:00:00-05:00,LONG,13018.5,12947.688760197942,25.749541746202777,12947.688760197942,1,8,-70.81123980205848,-1416.2247960411696,SL,2021-01-08,2021-01-07,-1.0
2021-01-11,2021-01-11 10:00:00-05:00,2021-01-11 14:30:00-05:00,SHORT,12958.75,12917.0,32.4329488968172,13047.940609466248,2,9,41.75,1670.0,FC,2021-01-11,2021-01-07,-1.0
2021-01-12,2021-01-12 10:00:00-05:00,2021-01-12 14:30:00-05:00,SHORT,12890.5,12878.75,32.648381652151734,12980.283049543417,1,9,11.75,235.0,FC,2021-01-12,2021-01-07,-1.0
2021-01-13,2021-01-13 10:00:00-05:00,2021-01-13 14:30:00-05:00,LONG,12914.25,12995.5,31.008309045770112,12828.977150124132,1,9,81.25,1625.0,FC,2021-01-13,2021-01-13,-1.0
2021-01-14,2021-01-14 10:00:00-05:00,2021-01-14 14:30:00-05:00,LONG,12993.0,12952.5,23.21985731737837,12929.14539237721,1,9,-40.5,-810.0,FC,2021-01-14,2021-01-14,-1.0
2021-01-15,2021-01-15 10:00:00-05:00,2021-01-15 14:30:00-05:00,SHORT,12901.0,12847.0,26.565099420774004,12974.054023407129,2,9,54.0,2160.0,FC,2021-01-15,2021-01-14,-1.0
2021-01-19,2021-01-19 10:00:00-05:00,2021-01-19 14:30:00-05:00,LONG,12884.25,12981.25,20.873136353941355,12826.84887502666,1,9,97.0,1940.0,FC,2021-01-19,2021-01-14,-1.0
2021-01-20,2021-01-20 10:00:00-05:00,2021-01-20 14:30:00-05:00,LONG,13164.25,13298.5,23.120797751976667,13100.667806182064,1,9,134.25,2685.0,FC,2021-01-20,2021-01-20,-1.0
2021-01-21,2021-01-21 10:00:00-05:00,2021-01-21 14:30:00-05:00,LONG,13317.25,13391.75,24.953354529936718,13248.628275042674,1,9,74.5,1490.0,FC,2021-01-21,2021-01-21,-1.0
2021-01-22,2021-01-22 10:00:00-05:00,2021-01-22 14:30:00-05:00,LONG,13383.25,13368.0,25.017872406750833,13314.450850881436,1,9,-15.25,-305.0,FC,2021-01-22,2021-01-21,-1.0
2021-01-25,2021-01-25 10:00:00-05:00,2021-01-25 11:00:00-05:00,LONG,13539.5,13478.182237849494,22.297368054729,13478.182237849494,2,2,-61.31776215050559,-2452.7104860202235,SL,2021-01-25,2021-01-21,-1.0
2021-01-26,2021-01-26 10:00:00-05:00,2021-01-26 14:30:00-05:00,LONG,13478.0,13498.25,28.826810694242557,13398.726270590832,1,9,20.25,405.0,FC,2021-01-26,2021-01-21,-1.0
2021-01-27,2021-01-27 10:00:00-05:00,2021-01-27 14:30:00-05:00,SHORT,13280.5,13209.5,57.042707050143996,13437.367444387895,1,9,71.0,1420.0,FC,2021-01-27,2021-01-27,-1.0
2021-01-28,2021-01-28 10:00:00-05:00,2021-01-28 14:30:00-05:00,LONG,13188.75,13346.75,73.0169502631866,12987.953386776237,1,9,158.0,3160.0,FC,2021-01-28,2021-01-28,-1.0
2021-01-29,2021-01-29 10:00:00-05:00,2021-01-29 14:30:00-05:00,SHORT,13082.75,12930.75,68.49966115786702,13271.124068184134,1,9,152.0,3040.0,FC,2021-01-29,2021-01-28,-1.0
2021-02-01,2021-02-01 10:00:00-05:00,2021-02-01 14:30:00-05:00,LONG,13019.25,13257.75,45.60637820049822,12893.83245994863,1,9,238.5,4770.0,FC,2021-02-01,2021-01-28,-1.0
2021-02-02,2021-02-02 10:00:00-05:00,2021-02-02 14:30:00-05:00,LONG,13381.5,13471.0,30.787545834079683,13296.83424895628,1,9,89.5,1790.0,FC,2021-02-02,2021-01-28,-1.0
2021-02-03,2021-02-03 10:00:00-05:00,2021-02-03 10:30:00-05:00,LONG,13526.5,13444.426953866843,29.844744048420335,13444.426953866843,1,1,-82.07304613315682,-1641.4609226631364,SL,2021-02-03,2021-02-03,-1.0
2021-02-04,2021-02-04 10:00:00-05:00,2021-02-04 14:30:00-05:00,LONG,13437.5,13495.25,27.565866455168667,13361.693867248287,2,9,57.75,2310.0,FC,2021-02-04,2021-02-04,-1.0
2021-02-05,2021-02-05 10:00:00-05:00,2021-02-05 12:30:00-05:00,SHORT,13538.75,13604.402816537457,23.87375146816581,13604.402816537457,1,5,-65.6528165374566,-1313.056330749132,SL,2021-02-05,2021-02-04,-1.0
2021-02-08,2021-02-08 10:00:00-05:00,2021-02-08 12:00:00-05:00,LONG,13663.5,13609.34821009696,19.6915599647422,13609.34821009696,2,4,-54.15178990304048,-2166.071596121619,SL,2021-02-08,2021-02-04,-1.0
2021-02-09,2021-02-09 10:00:00-05:00,2021-02-09 14:30:00-05:00,LONG,13704.0,13695.0,18.227471933067953,13653.874452184064,1,9,-9.0,-180.0,FC,2021-02-09,2021-02-09,-1.0
2021-02-10,2021-02-10 10:00:00-05:00,2021-02-10 10:30:00-05:00,LONG,13735.5,13686.247869626404,17.909865590398773,13686.247869626404,2,1,-49.25213037359572,-1970.0852149438288,SL,2021-02-10,2021-02-10,-1.0
2021-02-11,2021-02-11 10:00:00-05:00,2021-02-11 13:00:00-05:00,LONG,13686.0,13632.953783916424,19.28953312130062,13632.953783916424,1,6,-53.04621608357593,-1060.9243216715186,SL,2021-02-11,2021-02-11,-1.0
2021-02-12,2021-02-12 10:00:00-05:00,2021-02-12 12:00:00-05:00,SHORT,13693.75,13749.382378632068,20.22995586620661,13749.382378632068,2,4,-55.63237863206814,-2225.2951452827256,SL,2021-02-12,2021-02-11,-1.0
2021-02-16,2021-02-16 10:00:00-05:00,2021-02-16 11:30:00-05:00,LONG,13853.0,13800.473274528353,19.10062744423506,13800.473274528353,1,3,-52.526725471647296,-1050.534509432946,SL,2021-02-16,2021-02-11,-1.0
2021-02-17,2021-02-17 10:00:00-05:00,2021-02-17 14:30:00-05:00,SHORT,13670.75,13645.25,35.04901667227096,13767.134795848746,2,9,25.5,1020.0,FC,2021-02-17,2021-02-17,-1.0
2021-02-18,2021-02-18 10:00:00-05:00,2021-02-18 14:30:00-05:00,SHORT,13567.5,13614.25,30.49383550235737,13651.358047631482,1,9,-46.75,-935.0,FC,2021-02-18,2021-02-18,-1.0
2021-02-19,2021-02-19 10:00:00-05:00,2021-02-19 13:00:00-05:00,LONG,13671.5,13595.900501021513,27.490726901267966,13595.900501021513,2,6,-75.59949897848674,-3023.9799591394694,SL,2021-02-19,2021-02-18,-1.0
2021-02-22,2021-02-22 10:00:00-05:00,2021-02-22 14:30:00-05:00,SHORT,13428.0,13353.5,40.47907069229609,13539.317444403814,1,9,74.5,1490.0,FC,2021-02-22,2021-02-18,-1.0
2021-02-23,2021-02-23 10:00:00-05:00,2021-02-23 11:00:00-05:00,SHORT,12885.25,13082.066278247365,71.56955572631456,13082.066278247365,1,2,-196.8162782473646,-3936.325564947292,SL,2021-02-23,2021-02-18,-1.0
2021-02-24,2021-02-24 10:00:00-05:00,2021-02-24 13:00:00-05:00,SHORT,13031.75,13236.653296180748,74.51028952027215,13236.653296180748,2,6,-204.90329618074793,-8196.131847229917,SL,2021-02-24,2021-02-24,-1.0
2021-02-25,2021-02-25 10:00:00-05:00,2021-02-25 14:30:00-05:00,SHORT,13219.75,13013.5,51.83800965770891,13362.304526558699,1,9,206.25,4125.0,FC,2021-02-25,2021-02-25,-1.0
2021-02-26,2021-02-26 10:00:00-05:00,2021-02-26 14:30:00-05:00,SHORT,12876.5,12950.75,84.56914534762925,13109.06514970598,1,9,-74.25,-1485.0,FC,2021-02-26,2021-02-25,-1.0
2021-03-01,2021-03-01 10:00:00-05:00,2021-03-01 14:30:00-05:00,LONG,13098.5,13252.25,42.08651747223854,12982.762076951343,2,9,153.75,6150.0,FC,2021-03-01,2021-02-25,-1.0
2021-03-02,2021-03-02 10:00:00-05:00,2021-03-02 14:30:00-05:00,LONG,13219.0,13137.75,44.118089246384436,13097.675254572443,1,9,-81.25,-1625.0,FC,2021-03-02,2021-02-25,-1.0
2021-03-03,2021-03-03 10:00:00-05:00,2021-03-03 14:30:00-05:00,SHORT,12905.0,12707.5,51.52534064370511,13046.694686770188,2,9,197.5,7900.0,FC,2021-03-03,2021-03-03,-1.0
2021-03-04,2021-03-04 10:00:00-05:00,2021-03-04 12:00:00-05:00,SHORT,12589.5,12771.904086829323,66.32875884702648,12771.904086829323,1,4,-182.4040868293232,-3648.081736586464,SL,2021-03-04,2021-03-04,-1.0
2021-03-05,2021-03-05 10:00:00-05:00,2021-03-05 14:30:00-05:00,SHORT,12421.75,12592.0,87.59753419872803,12662.643219046502,2,9,-170.25,-6810.0,FC,2021-03-05,2021-03-04,-1.0
2021-03-08,2021-03-08 10:00:00-05:00,2021-03-08 14:30:00-05:00,LONG,12579.5,12476.75,71.04791707455846,12384.118228044965,1,9,-102.75,-2055.0,FC,2021-03-08,2021-03-04,-1.0
2021-03-09,2021-03-09 10:00:00-05:00,2021-03-09 14:30:00-05:00,LONG,12704.75,12809.5,53.11547852118297,12558.682434066746,2,9,104.75,4190.0,FC,2021-03-09,2021-03-04,-1.0
2021-03-10,2021-03-10 10:00:00-05:00,2021-03-10 14:00:00-05:00,LONG,12911.5,12732.849471231955,64.96382864292568,12732.849471231955,1,8,-178.65052876804475,-3573.010575360895,SL,2021-03-10,2021-03-10,-1.0
2021-03-11,2021-03-11 10:00:00-05:00,2021-03-11 14:30:00-05:00,LONG,12957.25,13075.0,42.97861650813137,12839.058804602639,2,9,117.75,4710.0,FC,2021-03-11,2021-03-11,-1.0
2021-03-12,2021-03-12 10:00:00-05:00,2021-03-12 14:30:00-05:00,SHORT,12880.75,12874.0,49.14257763542507,13015.89208849742,1,9,6.75,135.0,FC,2021-03-12,2021-03-11,-1.0
2021-03-15,2021-03-15 10:00:00-04:00,2021-03-15 14:30:00-04:00,LONG,12952.25,13009.5,36.13170263227654,12852.887817761239,1,9,57.25,1145.0,FC,2021-03-15,2021-03-11,-1.0
2021-03-16,2021-03-16 10:00:00-04:00,2021-03-16 14:30:00-04:00,LONG,13225.0,13107.25,31.44812213435676,13138.517664130519,1,9,-117.75,-2355.0,FC,2021-03-16,2021-03-11,-1.0
2021-03-17,2021-03-17 10:00:00-04:00,2021-03-17 14:30:00-04:00,SHORT,13034.5,13080.0,37.783302124706296,13138.404080842942,2,9,-45.5,-1820.0,FC,2021-03-17,2021-03-17,-1.0
2021-03-18,2021-03-18 10:00:00-04:00,2021-03-18 14:30:00-04:00,SHORT,12995.25,12886.25,45.305382260987706,13119.839801217717,1,9,109.0,2180.0,FC,2021-03-18,2021-03-18,-1.0
2021-03-19,2021-03-19 10:00:00-04:00,2021-03-19 14:30:00-04:00,SHORT,12774.75,12859.0,50.109195481784305,12912.550287574906,1,9,-84.25,-1685.0,FC,2021-03-19,2021-03-18,-1.0
2021-03-22,2021-03-22 10:00:00-04:00,2021-03-22 14:30:00-04:00,LONG,13007.5,13137.75,33.98711179753115,12914.03544255679,2,9,130.25,5210.0,FC,2021-03-22,2021-03-18,-1.0
2021-03-23,2021-03-23 10:00:00-04:00,2021-03-23 14:30:00-04:00,LONG,13079.0,13111.25,32.57866982855796,12989.408657971466,1,9,32.25,645.0,FC,2021-03-23,2021-03-18,-1.0
2021-03-24,2021-03-24 10:00:00-04:00,2021-03-24 14:30:00-04:00,SHORT,12956.0,12909.5,37.2098135004166,13058.326987126145,1,9,46.5,930.0,FC,2021-03-24,2021-03-24,-1.0
2021-03-25,2021-03-25 10:00:00-04:00,2021-03-25 14:30:00-04:00,SHORT,12789.0,12660.75,44.19288341322071,12910.530429386357,1,9,128.25,2565.0,FC,2021-03-25,2021-03-25,-1.0
2021-03-26,2021-03-26 10:00:00-04:00,2021-03-26 14:30:00-04:00,LONG,12808.5,12754.5,41.35039440171959,12694.78641539527,1,9,-54.0,-1080.0,FC,2021-03-26,2021-03-25,-1.0
2021-03-29,2021-03-29 10:00:00-04:00,2021-03-29 13:30:00-04:00,SHORT,12854.25,12975.17161628237,43.97149682995303,12975.17161628237,2,7,-120.92161628237045,-4836.864651294818,SL,2021-03-29,2021-03-29,-1.0
2021-03-30,2021-03-30 10:00:00-04:00,2021-03-30 14:30:00-04:00,SHORT,12831.5,12850.5,34.23984538564609,12925.659574810526,1,9,-19.0,-380.0,FC,2021-03-30,2021-03-30,-1.0
2021-03-31,2021-03-31 10:00:00-04:00,2021-03-31 14:30:00-04:00,LONG,13051.75,13115.75,29.176110215429816,12971.515696907569,2,9,64.0,2560.0,FC,2021-03-31,2021-03-31,-1.0
2021-04-01,2021-04-01 10:00:00-04:00,2021-04-01 14:30:00-04:00,LONG,13292.0,13298.75,25.22230887731643,13222.63865058738,1,9,6.75,135.0,FC,2021-04-01,2021-03-31,-1.0
2021-04-05,2021-04-05 10:00:00-04:00,2021-04-05 14:30:00-04:00,LONG,13475.75,13596.0,26.6388643072891,13402.493123154954,1,9,120.25,2405.0,FC,2021-04-05,2021-03-31,-1.0
2021-04-06,2021-04-06 10:00:00-04:00,2021-04-06 14:30:00-04:00,LONG,13596.25,13607.5,26.832475694490768,13522.46069184015,1,9,11.25,225.0,FC,2021-04-06,,
2021-04-07,2021-04-07 10:00:00-04:00,2021-04-07 14:30:00-04:00,LONG,13576.0,13627.5,26.68520180878959,13502.615695025828,1,9,51.5,1030.0,FC,2021-04-07,2021-04-07,-1.0
2021-04-08,2021-04-08 10:00:00-04:00,2021-04-08 14:30:00-04:00,LONG,13749.75,13746.0,23.3724844005967,13685.47566789836,1,9,-3.75,-75.0,FC,2021-04-08,2021-04-08,1.0
2021-04-09,2021-04-09 10:00:00-04:00,2021-04-09 14:30:00-04:00,SHORT,13720.25,13774.0,32.81200572560623,13810.483015745418,2,9,-53.75,-2150.0,FC,2021-04-09,2021-04-08,1.0
2021-04-12,2021-04-12 10:00:00-04:00,2021-04-12 14:30:00-04:00,SHORT,13767.75,13800.0,25.183543682550987,13837.004745127015,1,9,-32.25,-645.0,FC,2021-04-12,2021-04-08,1.0
2021-04-13,2021-04-13 10:00:00-04:00,2021-04-13 14:30:00-04:00,LONG,13941.5,13944.5,31.488908694588474,13854.905501089881,2,9,3.0,120.0,FC,2021-04-13,2021-04-08,1.0
2021-04-14,2021-04-14 10:00:00-04:00,2021-04-14 10:30:00-04:00,LONG,13974.5,13921.974117119387,19.10032104749544,13921.974117119387,1,1,-52.5258828806127,-1050.517657612254,SL,2021-04-14,2021-04-14,-1.0
2021-04-15,2021-04-15 10:00:00-04:00,2021-04-15 14:30:00-04:00,LONG,13955.5,14013.75,24.906766463633492,13887.006392225008,2,9,58.25,2330.0,FC,2021-04-15,2021-04-15,-1.0
2021-04-16,2021-04-16 10:00:00-04:00,2021-04-16 12:30:00-04:00,SHORT,13963.75,14033.967159790916,25.53351265124229,14033.967159790916,1,5,-70.21715979091641,-1404.3431958183282,SL,2021-04-16,2021-04-15,-1.0
2021-04-19,2021-04-19 10:00:00-04:00,2021-04-19 14:30:00-04:00,SHORT,13995.25,13889.0,23.269243483472604,14059.24041957955,2,9,106.25,4250.0,FC,2021-04-19,2021-04-15,-1.0
2021-04-20,2021-04-20 10:00:00-04:00,2021-04-20 14:30:00-04:00,SHORT,13904.75,13769.0,31.70939387786946,13991.950833164141,1,9,135.75,2715.0,FC,2021-04-20,2021-04-15,-1.0
2021-04-21,2021-04-21 10:00:00-04:00,2021-04-21 14:30:00-04:00,LONG,13801.75,13861.25,31.647802799283312,13714.718542301971,1,9,59.5,1190.0,FC,2021-04-21,2021-04-21,-1.0
2021-04-22,2021-04-22 10:00:00-04:00,2021-04-22 13:30:00-04:00,LONG,13881.75,13820.257010116025,22.361087230536008,13820.257010116025,1,7,-61.49298988397459,-1229.8597976794917,SL,2021-04-22,2021-04-22,-1.0
2021-04-23,2021-04-23 10:00:00-04:00,2021-04-23 14:30:00-04:00,LONG,13828.0,13948.5,21.807039882867738,13768.030640322113,2,9,120.5,4820.0,FC,2021-04-23,2021-04-22,-1.0
2021-04-26,2021-04-26 10:00:00-04:00,2021-04-26 14:30:00-04:00,LONG,13932.5,14004.0,20.814242418687463,13875.26083334861,1,9,71.5,1430.0,FC,2021-04-26,2021-04-22,-1.0
2021-04-27,2021-04-27 10:00:00-04:00,2021-04-27 14:30:00-04:00,SHORT,13955.5,13965.25,20.545746362792755,14012.00080249768,1,9,-9.75,-195.0,FC,2021-04-27,2021-04-22,-1.0
2021-04-28,2021-04-28 10:00:00-04:00,2021-04-28 11:00:00-04:00,LONG,13972.25,13906.637725594679,23.859008874662038,13906.637725594679,2,2,-65.61227440532093,-2624.4909762128373,SL,2021-04-28,2021-04-28,-1.0
2021-04-29,2021-04-29 10:00:00-04:00,2021-04-29 14:30:00-04:00,SHORT,13966.75,13937.75,28.172559424941685,14044.22453841859,1,9,29.0,580.0,FC,2021-04-29,2021-04-29,-1.0
2021-04-30,2021-04-30 10:00:00-04:00,2021-04-30 14:30:00-04:00,SHORT,13906.75,13860.5,29.347490229556303,13987.45559813128,1,9,46.25,925.0,FC,2021-04-30,2021-04-30,-1.0
2021-05-03,2021-05-03 10:00:00-04:00,2021-05-03 10:30:00-04:00,SHORT,13874.75,13936.99795507521,22.63562002734914,13936.99795507521,1,1,-62.247955075210484,-1244.9591015042097,SL,2021-05-03,2021-05-03,-1.0
2021-05-04,2021-05-04 10:00:00-04:00,2021-05-04 14:30:00-04:00,SHORT,13543.25,13452.0,40.323893599837405,13654.140707399552,2,9,91.25,3650.0,FC,2021-05-04,2021-05-04,-1.0
2021-05-05,2021-05-05 10:00:00-04:00,2021-05-05 14:30:00-04:00,SHORT,13595.5,13558.75,30.603407343212794,13679.659370193835,1,9,36.75,735.0,FC,2021-05-05,2021-05-05,-1.0
2021-05-06,2021-05-06 10:00:00-04:00,2021-05-06 12:00:00-04:00,SHORT,13427.75,13523.794864968122,34.9254054429532,13523.794864968122,1,4,-96.04486496812206,-1920.8972993624411,SL,2021-05-06,2021-05-06,-1.0
2021-05-07,2021-05-07 10:00:00-04:00,2021-05-07 14:30:00-04:00,LONG,13723.25,13706.0,45.62066349999354,13597.793175375018,2,9,-17.25,-690.0,FC,2021-05-07,2021-05-07,-1.0
2021-05-10,2021-05-10 10:00:00-04:00,2021-05-10 14:30:00-04:00,SHORT,13536.25,13392.25,36.36126248685772,13636.24347183886,1,9,144.0,2880.0,FC,2021-05-10,2021-05-10,-1.0
2021-05-11,2021-05-11 10:00:00-04:00,2021-05-11 14:30:00-04:00,SHORT,13270.75,13373.25,55.443004866547255,13423.218263383005,1,9,-102.5,-2050.0,FC,2021-05-11,2021-05-11,-1.0
2021-05-12,2021-05-12 10:00:00-04:00,2021-05-12 14:30:00-04:00,SHORT,13157.75,13024.25,63.16321006814266,13331.448827687393,2,9,133.5,5340.0,FC,2021-05-12,2021-05-12,-1.0
2021-05-13,2021-05-13 10:00:00-04:00,2021-05-13 14:00:00-04:00,LONG,13159.25,13017.3302703271,51.60717442650883,13017.3302703271,1,8,-141.91972967289985,-2838.394593457997,SL,2021-05-13,2021-05-13,-1.0
2021-05-14,2021-05-14 10:00:00-04:00,2021-05-14 14:30:00-04:00,LONG,13268.0,13380.0,33.77834127748565,13175.109561486914,2,9,112.0,4480.0,FC,2021-05-14,2021-05-14,-1.0
2021-05-17,2021-05-17 10:00:00-04:00,2021-05-17 14:30:00-04:00,SHORT,13286.25,13229.0,30.95895275821211,13371.387120085083,1,9,57.25,1145.0,FC,2021-05-17,2021-05-17,-1.0
2021-05-18,2021-05-18 10:00:00-04:00,2021-05-18 14:30:00-04:00,SHORT,13327.25,13305.25,26.444582725769973,13399.972602495867,1,9,22.0,440.0,FC,2021-05-18,2021-05-18,-1.0
2021-05-19,2021-05-19 10:00:00-04:00,2021-05-19 12:30:00-04:00,SHORT,13043.75,13170.120787233489,45.95301353945072,13170.120787233489,1,5,-126.37078723348895,-2527.415744669779,SL,2021-05-19,2021-05-19,-1.0
2021-05-20,2021-05-20 10:00:00-04:00,2021-05-20 14:30:00-04:00,LONG,13384.75,13493.75,39.38007444207727,13276.454795284288,2,9,109.0,4360.0,FC,2021-05-20,2021-05-20,-1.0
2021-05-21,2021-05-21 10:00:00-04:00,2021-05-21 11:00:00-04:00,LONG,13542.75,13464.940121187174,28.294501386482356,13464.940121187174,1,2,-77.80987881282635,-1556.197576256527,SL,2021-05-21,2021-05-21,-1.0
2021-05-24,2021-05-24 10:00:00-04:00,2021-05-24 14:30:00-04:00,LONG,13579.0,13668.25,26.148670074329715,13507.091157295594,2,9,89.25,3570.0,FC,2021-05-24,2021-05-24,-1.0
2021-05-25,2021-05-25 10:00:00-04:00,2021-05-25 14:30:00-04:00,LONG,13651.25,13636.75,25.499485290973077,13581.126415449824,1,9,-14.5,-290.0,FC,2021-05-25,2021-05-25,-1.0
2021-05-26,2021-05-26 10:00:00-04:00,2021-05-26 14:30:00-04:00,SHORT,13671.0,13704.25,23.430185519119096,13735.433010177578,2,9,-33.25,-1330.0,FC,2021-05-26,2021-05-26,-1.0
2021-05-27,2021-05-27 10:00:00-04:00,2021-05-27 14:30:00-04:00,SHORT,13655.5,13666.75,29.581621201378603,13736.849458303792,1,9,-11.25,-225.0,FC,2021-05-27,2021-05-27,-1.0
2021-05-28,2021-05-28 10:00:00-04:00,2021-05-28 14:30:00-04:00,LONG,13722.75,13729.5,19.036597467470443,13670.399356964457,2,9,6.75,270.0,FC,2021-05-28,2021-05-28,1.0
2021-06-01,2021-06-01 10:00:00-04:00,2021-06-01 10:30:00-04:00,LONG,13722.75,13667.848046029127,19.964346898499596,13667.848046029127,1,1,-54.901953970873365,-1098.0390794174673,SL,2021-06-01,2021-06-01,-1.0
2021-06-02,2021-06-02 10:00:00-04:00,2021-06-02 13:30:00-04:00,LONG,13679.0,13625.609056759644,19.41488845103862,13625.609056759644,2,7,-53.39094324035614,-2135.6377296142455,SL,2021-06-02,2021-06-02,-1.0
2021-06-03,2021-06-03 10:00:00-04:00,2021-06-03 11:30:00-04:00,SHORT,13497.0,13593.211455159413,34.98598369433222,13593.211455159413,1,3,-96.21145515941316,-1924.2291031882633,SL,2021-06-03,2021-06-03,-1.0
2021-06-04,2021-06-04 10:00:00-04:00,2021-06-04 14:30:00-04:00,LONG,13698.25,13775.25,35.5312267551536,13600.539126423328,2,9,77.0,3080.0,FC,2021-06-04,2021-06-04,-1.0
2021-06-07,2021-06-07 10:00:00-04:00,2021-06-07 14:30:00-04:00,LONG,13755.0,13757.75,22.992960335845282,13691.769359076425,1,9,2.75,55.0,FC,2021-06-07,2021-06-07,-1.0
2021-06-08,2021-06-08 10:00:00-04:00,2021-06-08 11:30:00-04:00,LONG,13839.5,13753.081295766973,31.424983357464278,13753.081295766973,1,3,-86.4187042330268,-1728.374084660536,SL,2021-06-08,2021-06-08,-1.0
2021-06-09,2021-06-09 10:00:00-04:00,2021-06-09 14:30:00-04:00,LONG,13872.25,13863.25,22.663219285211248,13809.926146965669,2,9,-9.0,-360.0,FC,2021-06-09,2021-06-09,-1.0
2021-06-10,2021-06-10 10:00:00-04:00,2021-06-10 14:30:00-04:00,LONG,13933.0,13932.25,43.12189808639126,13814.414780262425,1,9,-0.75,-15.0,FC,2021-06-10,2021-06-10,-1.0
2021-06-11,2021-06-11 10:00:00-04:00,2021-06-11 14:30:00-04:00,LONG,13961.0,13969.0,18.907581923817,13909.004149709503,2,9,8.0,320.0,FC,2021-06-11,2021-06-11,-1.0
2021-06-14,2021-06-14 10:00:00-04:00,2021-06-14 14:30:00-04:00,LONG,14021.0,14048.75,19.220436149955713,13968.143800587623,1,9,27.75,555.0,FC,2021-06-14,2021-06-14,1.0
2021-06-15,2021-06-15 10:00:00-04:00,2021-06-15 11:30:00-04:00,LONG,14097.25,14045.444808060727,18.83825161428084,14045.444808060727,1,3,-51.805191939272845,-1036.103838785457,SL,2021-06-15,2021-06-15,-1.0
2021-06-16,2021-06-16 10:00:00-04:00,2021-06-16 12:00:00-04:00,LONG,14079.5,14035.065269992745,16.158083639002058,14035.065269992745,2,4,-44.434730007254984,-1777.3892002901994,SL,2021-06-16,2021-06-15,-1.0
2021-06-17,2021-06-17 10:00:00-04:00,2021-06-17 14:30:00-04:00,LONG,14024.75,14177.75,36.591144303627075,13924.124353165025,1,9,153.0,3060.0,FC,2021-06-17,2021-06-17,1.0
2021-06-18,2021-06-18 10:00:00-04:00,2021-06-18 14:30:00-04:00,SHORT,14096.5,14078.25,35.60847099545932,14194.423295237513,1,9,18.25,365.0,FC,2021-06-18,2021-06-18,-1.0
2021-06-21,2021-06-21 10:00:00-04:00,2021-06-21 14:30:00-04:00,SHORT,14057.25,14134.75,34.8407341906645,14153.062019024328,1,9,-77.5,-1550.0,FC,2021-06-21,2021-06-21,-1.0
2021-06-22,2021-06-22 10:00:00-04:00,2021-06-22 14:30:00-04:00,LONG,14142.5,14218.25,28.989155196440176,14062.77982320979,2,9,75.75,3030.0,FC,2021-06-22,2021-06-22,-1.0
2021-06-23,2021-06-23 10:00:00-04:00,2021-06-23 13:00:00-04:00,LONG,14305.5,14243.800319924534,22.436247300169704,14243.800319924534,1,6,-61.69968007546595,-1233.993601509319,SL,2021-06-23,2021-06-23,-1.0
2021-06-24,2021-06-24 10:00:00-04:00,2021-06-24 14:00:00-04:00,LONG,14376.5,14332.15913442211,16.123951119232647,14332.15913442211,2,8,-44.34086557788942,-1773.6346231155767,SL,2021-06-24,2021-06-24,1.0
2021-06-25,2021-06-25 10:00:00-04:00,2021-06-25 14:30:00-04:00,SHORT,14341.25,14339.0,21.64966373149518,14400.786575261613,1,9,2.25,45.0,FC,2021-06-25,2021-06-25,-1.0
2021-06-28,2021-06-28 10:00:00-04:00,2021-06-28 14:30:00-04:00,LONG,14451.0,14470.25,19.14286455280725,14398.35712247978,1,9,19.25,385.0,FC,2021-06-28,2021-06-28,1.0
2021-06-29,2021-06-29 10:00:00-04:00,2021-06-29 14:30:00-04:00,LONG,14513.75,14550.25,19.972150341436453,14458.82658656105,1,9,36.5,730.0,FC,2021-06-29,2021-06-29,-1.0
2021-06-30,2021-06-30 10:00:00-04:00,2021-06-30 14:30:00-04:00,SHORT,14535.25,14536.0,19.30493110228023,14588.33856053127,1,9,-0.75,-15.0,FC,2021-06-30,2021-06-30,-1.0
2021-07-01,2021-07-01 10:00:00-04:00,2021-07-01 14:30:00-04:00,SHORT,14545.25,14533.75,23.62724638811455,14610.224927567315,2,9,11.5,460.0,FC,2021-07-01,2021-07-01,-1.0
2021-07-02,2021-07-02 10:00:00-04:00,2021-07-02 14:30:00-04:00,LONG,14653.0,14697.75,22.58970741045901,14590.878304621237,1,9,44.75,895.0,FC,2021-07-02,2021-07-02,1.0
2021-07-06,2021-07-06 10:00:00-04:00,2021-07-06 12:00:00-04:00,LONG,14753.5,14706.800204442741,16.98174383900333,14706.800204442741,1,4,-46.69979555725877,-933.9959111451753,SL,2021-07-06,2021-07-06,-1.0
2021-07-07,2021-07-07 10:00:00-04:00,2021-07-07 11:00:00-04:00,LONG,14835.75,14774.61234740281,22.23187367170548,14774.61234740281,2,2,-61.137652597190026,-2445.506103887601,SL,2021-07-07,2021-07-07,1.0
2021-07-08,2021-07-08 10:00:00-04:00,2021-07-08 14:30:00-04:00,SHORT,14638.5,14703.5,44.16801641932928,14759.962045153155,1,9,-65.0,-1300.0,FC,2021-07-08,2021-07-08,-1.0
2021-07-09,2021-07-09 10:00:00-04:00,2021-07-09 14:30:00-04:00,LONG,14711.75,14807.25,29.25899320253017,14631.287768693042,2,9,95.5,3820.0,FC,2021-07-09,2021-07-09,-1.0
2021-07-12,2021-07-12 10:00:00-04:00,2021-07-12 14:30:00-04:00,LONG,14828.75,14854.25,23.959936457336898,14762.860174742324,1,9,25.5,510.0,FC,2021-07-12,2021-07-12,-1.0
2021-07-13,2021-07-13 10:00:00-04:00,2021-07-13 14:30:00-04:00,LONG,14914.0,14906.25,31.772659916117167,14826.625185230678,1,9,-7.75,-155.0,FC,2021-07-13,2021-07-13,-1.0
2021-07-14,2021-07-14 10:00:00-04:00,2021-07-14 12:00:00-04:00,LONG,14944.75,14872.844992107723,26.147275597192042,14872.844992107723,2,4,-71.90500789227735,-2876.200315691094,SL,2021-07-14,2021-07-14,-1.0
2021-07-15,2021-07-15 10:00:00-04:00,2021-07-15 14:30:00-04:00,SHORT,14893.0,14753.25,33.73458681552113,14985.770113742683,1,9,139.75,2795.0,FC,2021-07-15,2021-07-15,-1.0
2021-07-16,2021-07-16 10:00:00-04:00,2021-07-16 10:30:00-04:00,LONG,14817.25,14744.427609515731,26.48086926700708,14744.427609515731,1,1,-72.82239048426891,-1456.4478096853782,SL,2021-07-16,2021-07-16,-1.0
2021-07-19,2021-07-19 10:00:00-04:00,2021-07-19 14:30:00-04:00,SHORT,14483.5,14514.75,38.3952007838448,14589.086802155573,2,9,-31.25,-1250.0,FC,2021-07-19,2021-07-19,-1.0
2021-07-20,2021-07-20 10:00:00-04:00,2021-07-20 11:30:00-04:00,SHORT,14585.75,14672.253184853236,31.455703582994964,14672.253184853236,1,3,-86.50318485323623,-1730.0636970647247,SL,2021-07-20,2021-07-20,-1.0
2021-07-21,2021-07-21 10:00:00-04:00,2021-07-21 14:30:00-04:00,LONG,14756.0,14777.0,27.992294308618547,14679.0211906513,2,9,21.0,840.0,FC,2021-07-21,2021-07-21,-1.0
2021-07-22,2021-07-22 10:00:00-04:00,2021-07-22 14:30:00-04:00,LONG,14878.0,14916.25,18.796143520800157,14826.3106053178,1,9,38.25,765.0,FC,2021-07-22,2021-07-22,-1.0
2021-07-23,2021-07-23 10:00:00-04:00,2021-07-23 14:30:00-04:00,LONG,14976.75,15108.5,18.4397990051774,14926.040552735762,1,9,131.75,2635.0,FC,2021-07-23,2021-07-23,-1.0
2021-07-26,2021-07-26 10:00:00-04:00,2021-07-26 14:30:00-04:00,LONG,15099.5,15104.25,22.95535535566473,15036.372772771922,1,9,4.75,95.0,FC,2021-07-26,2021-07-26,-1.0
2021-07-27,2021-07-27 10:00:00-04:00,2021-07-27 14:30:00-04:00,SHORT,15042.75,14870.5,22.681471147896595,15105.124045656716,1,9,172.25,3445.0,FC,2021-07-27,2021-07-27,-1.0
2021-07-28,2021-07-28 10:00:00-04:00,2021-07-28 14:30:00-04:00,LONG,14979.0,15000.0,33.76974733487197,14886.133194829103,1,9,21.0,420.0,FC,2021-07-28,2021-07-28,1.0
2021-07-29,2021-07-29 10:00:00-04:00,2021-07-29 14:30:00-04:00,LONG,15054.25,15055.75,27.842159721018533,14977.684060767198,1,9,1.5,30.0,FC,2021-07-29,2021-07-29,-1.0
2021-07-30,2021-07-30 10:00:00-04:00,2021-07-30 14:30:00-04:00,LONG,14948.0,14943.25,31.678121542967183,14860.885165756841,1,9,-4.75,-95.0,FC,2021-07-30,2021-07-30,-1.0
2021-08-02,2021-08-02 10:00:00-04:00,2021-08-02 12:00:00-04:00,SHORT,14976.75,15050.580690238354,26.847523723037575,15050.580690238354,2,4,-73.83069023835378,-2953.2276095341513,SL,2021-08-02,2021-08-02,-1.0
2021-08-03,2021-08-03 10:00:00-04:00,2021-08-03 12:00:00-04:00,SHORT,14905.25,14971.169788543166,23.97083219751471,14971.169788543166,1,4,-65.91978854316585,-1318.395770863317,SL,2021-08-03,2021-08-03,-1.0
2021-08-04,2021-08-04 10:00:00-04:00,2021-08-04 11:00:00-04:00,LONG,15056.5,15000.679649389309,20.29830931297848,15000.679649389309,2,2,-55.820350610691094,-2232.8140244276437,SL,2021-08-04,2021-08-04,-1.0
2021-08-05,2021-08-05 10:00:00-04:00,2021-08-05 14:30:00-04:00,LONG,15124.25,15155.0,16.663489397501802,15078.42540415687,1,9,30.75,615.0,FC,2021-08-05,2021-08-05,1.0
2021-08-06,2021-08-06 10:00:00-04:00,2021-08-06 14:30:00-04:00,SHORT,15111.75,15092.25,19.02730851078051,15164.075098404646,1,9,19.5,390.0,FC,2021-08-06,2021-08-06,-1.0
2021-08-09,2021-08-09 10:00:00-04:00,2021-08-09 14:30:00-04:00,LONG,15109.25,15134.75,20.291270001807302,15053.44900749503,1,9,25.5,510.0,FC,2021-08-09,2021-08-09,-1.0
2021-08-10,2021-08-10 10:00:00-04:00,2021-08-10 10:30:00-04:00,LONG,15147.5,15112.290131753161,12.803588453395744,15112.290131753161,1,1,-35.209868246838596,-704.1973649367719,SL,2021-08-10,2021-08-10,-1.0
2021-08-11,2021-08-11 10:00:00-04:00,2021-08-11 11:30:00-04:00,LONG,15057.5,14977.415201751517,29.121744817630326,14977.415201751517,2,3,-80.08479824848291,-3203.3919299393165,SL,2021-08-11,2021-08-11,-1.0
2021-08-12,2021-08-12 10:00:00-04:00,2021-08-12 11:00:00-04:00,SHORT,14974.75,15027.771804332984,19.280656121085467,15027.771804332984,1,2,-53.021804332984175,-1060.4360866596835,SL,2021-08-12,2021-08-12,-1.0
2021-08-13,2021-08-13 10:00:00-04:00,2021-08-13 14:30:00-04:00,LONG,15099.25,15111.0,14.660896066632128,15058.932535816763,2,9,11.75,470.0,FC,2021-08-13,2021-08-13,1.0
2021-08-16,2021-08-16 10:00:00-04:00,2021-08-16 14:30:00-04:00,SHORT,15031.5,15077.5,23.40281196415012,15095.857732901413,1,9,-46.0,-920.0,FC,2021-08-16,2021-08-16,-1.0
2021-08-17,2021-08-17 10:00:00-04:00,2021-08-17 11:00:00-04:00,SHORT,14976.5,15050.06577719255,26.75119170638198,15050.06577719255,2,2,-73.56577719255074,-2942.6310877020296,SL,2021-08-17,2021-08-17,-1.0
2021-08-18,2021-08-18 10:00:00-04:00,2021-08-18 12:00:00-04:00,LONG,15023.5,14959.0502010622,23.436290522835915,14959.0502010622,1,4,-64.44979893779964,-1288.9959787559928,SL,2021-08-18,2021-08-18,-1.0
2021-08-19,2021-08-19 10:00:00-04:00,2021-08-19 11:30:00-04:00,SHORT,14802.25,14905.593384499345,37.57941254521632,14905.593384499345,2,3,-103.34338449934512,-4133.735379973805,SL,2021-08-19,2021-08-19,-1.0
2021-08-20,2021-08-20 10:00:00-04:00,2021-08-20 14:30:00-04:00,LONG,15041.0,15059.0,33.11989807389723,14949.920280296783,1,9,18.0,360.0,FC,2021-08-20,2021-08-20,-1.0
2021-08-23,2021-08-23 10:00:00-04:00,2021-08-23 14:30:00-04:00,LONG,15204.0,15320.0,19.12951908455458,15151.393822517475,1,9,116.0,2320.0,FC,2021-08-23,2021-08-23,-1.0
2021-08-24,2021-08-24 10:00:00-04:00,2021-08-24 14:30:00-04:00,LONG,15332.5,15351.25,17.9649596036562,15283.096361089945,1,9,18.75,375.0,FC,2021-08-24,2021-08-24,-1.0
2021-08-25,2021-08-25 10:00:00-04:00,2021-08-25 14:30:00-04:00,LONG,15377.0,15355.0,16.39073849047721,15331.925469151187,1,9,-22.0,-440.0,FC,2021-08-25,2021-08-25,-1.0
2021-08-26,2021-08-26 10:00:00-04:00,2021-08-26 14:30:00-04:00,SHORT,15335.25,15313.75,16.1065754545925,15379.54308250013,2,9,21.5,860.0,FC,2021-08-26,2021-08-26,-1.0
2021-08-27,2021-08-27 10:00:00-04:00,2021-08-27 10:30:00-04:00,SHORT,15307.0,15357.527274911228,18.373554513173897,15357.527274911228,1,1,-50.52727491122823,-1010.5454982245647,SL,2021-08-27,2021-08-27,-1.0
2021-08-30,2021-08-30 10:00:00-04:00,2021-08-30 14:30:00-04:00,LONG,15529.25,15608.75,16.239511688272444,15484.591342857251,2,9,79.5,3180.0,FC,2021-08-30,2021-08-30,1.0
2021-08-31,2021-08-31 10:00:00-04:00,2021-08-31 14:30:00-04:00,SHORT,15525.25,15587.75,29.78225219633145,15607.151193539912,1,9,-62.5,-1250.0,FC,2021-08-31,2021-08-31,-1.0
2021-09-01,2021-09-01 10:00:00-04:00,2021-09-01 14:30:00-04:00,LONG,15670.0,15664.25,21.468887520153814,15610.960559319577,2,9,-5.75,-230.0,FC,2021-09-01,2021-09-01,-1.0
2021-09-02,2021-09-02 10:00:00-04:00,2021-09-02 12:30:00-04:00,LONG,15650.0,15610.974785394841,14.190987129148963,15610.974785394841,1,5,-39.02521460515891,-780.5042921031782,SL,2021-09-02,2021-09-02,-1.0
2021-09-03,2021-09-03 10:00:00-04:00,2021-09-03 14:30:00-04:00,LONG,15640.25,15651.25,31.386462780932597,15553.937227352435,2,9,11.0,440.0,FC,2021-09-03,2021-09-03,-1.0
2021-09-07,2021-09-07 10:00:00-04:00,2021-09-07 13:00:00-04:00,SHORT,15642.75,15695.409912457275,19.149059075372918,15695.409912457275,1,6,-52.65991245727491,-1053.1982491454983,SL,2021-09-07,2021-09-07,-1.0
2021-09-08,2021-09-08 10:00:00-04:00,2021-09-08 14:30:00-04:00,SHORT,15634.75,15608.0,20.03855890410128,15689.856036986279,2,9,26.75,1070.0,FC,2021-09-08,2021-09-08,-1.0
2021-09-09,2021-09-09 10:00:00-04:00,2021-09-09 13:30:00-04:00,LONG,15649.0,15586.61751730198,22.684539162916046,15586.61751730198,1,7,-62.382482698019885,-1247.6496539603977,SL,2021-09-09,2021-09-09,-1.0
2021-09-10,2021-09-10 10:00:00-04:00,2021-09-10 10:30:00-04:00,LONG,15648.0,15609.628222328483,13.9533736987333,15609.628222328483,2,1,-38.37177767151661,-1534.8711068606644,SL,2021-09-10,2021-09-10,-1.0
2021-09-13,2021-09-13 10:00:00-04:00,2021-09-13 14:30:00-04:00,SHORT,15438.75,15355.25,27.391415723745258,15514.076393240299,1,9,83.5,1670.0,FC,2021-09-13,2021-09-13,-1.0
2021-09-14,2021-09-14 10:00:00-04:00,2021-09-14 14:30:00-04:00,SHORT,15432.25,15377.0,32.610112897127095,15521.9278104671,1,9,55.25,1105.0,FC,2021-09-14,2021-09-14,-1.0
2021-09-15,2021-09-15 10:00:00-04:00,2021-09-15 13:00:00-04:00,SHORT,15356.0,15425.02219555742,25.09898020269831,15425.02219555742,1,6,-69.02219555741976,-1380.4439111483953,SL,2021-09-15,2021-09-15,-1.0
2021-09-16,2021-09-16 10:00:00-04:00,2021-09-16 14:30:00-04:00,SHORT,15409.5,15474.75,24.662356885214567,15477.321481434341,2,9,-65.25,-2610.0,FC,2021-09-16,2021-09-16,-1.0
2021-09-17,2021-09-17 10:00:00-04:00,2021-09-17 14:30:00-04:00,SHORT,15402.75,15288.25,27.10705972174125,15477.294414234788,1,9,114.5,2290.0,FC,2021-09-17,2021-09-17,-1.0
2021-09-20,2021-09-20 10:00:00-04:00,2021-09-20 14:30:00-04:00,SHORT,15107.5,14841.75,44.74183848214337,15230.540055825893,1,9,265.75,5315.0,FC,2021-09-20,2021-09-20,-1.0
2021-09-21,2021-09-21 10:00:00-04:00,2021-09-21 14:30:00-04:00,SHORT,15067.25,15005.75,37.15454719805219,15169.425004794644,1,9,61.5,1230.0,FC,2021-09-21,2021-09-21,-1.0
2021-09-22,2021-09-22 10:00:00-04:00,2021-09-22 14:30:00-04:00,LONG,15076.0,15201.5,28.264547022156446,14998.27249568907,1,9,125.5,2510.0,FC,2021-09-22,2021-09-22,-1.0
2021-09-23,2021-09-23 10:00:00-04:00,2021-09-23 14:30:00-04:00,LONG,15275.25,15327.25,39.73909124993352,15165.967499062683,1,9,52.0,1040.0,FC,2021-09-23,2021-09-23,-1.0
2021-09-24,2021-09-24 10:00:00-04:00,2021-09-24 14:30:00-04:00,LONG,15247.25,15273.0,30.005027176820043,15164.736175263744,1,9,25.75,515.0,FC,2021-09-24,2021-09-24,-1.0
2021-09-27,2021-09-27 10:00:00-04:00,2021-09-27 14:30:00-04:00,SHORT,15122.5,15212.5,40.00800766322225,15232.52202107386,1,9,-90.0,-1800.0,FC,2021-09-27,2021-09-27,-1.0
2021-09-28,2021-09-28 10:00:00-04:00,2021-09-28 14:30:00-04:00,SHORT,14951.0,14831.25,51.36268148314475,15092.247374078648,2,9,119.75,4790.0,FC,2021-09-28,2021-09-28,-1.0
2021-09-29,2021-09-29 10:00:00-04:00,2021-09-29 14:30:00-04:00,SHORT,14883.0,14822.5,44.83477157975636,15006.29562184433,1,9,60.5,1210.0,FC,2021-09-29,2021-09-29,-1.0
2021-09-30,2021-09-30 10:00:00-04:00,2021-09-30 12:00:00-04:00,LONG,14841.75,14749.60423563641,33.50755067766912,14749.60423563641,1,4,-92.14576436358948,-1842.9152872717896,SL,2021-09-30,2021-09-30,-1.0
2021-10-01,2021-10-01 10:00:00-04:00,2021-10-01 14:30:00-04:00,SHORT,14629.75,14740.75,48.954499417981076,14764.374873399447,2,9,-111.0,-4440.0,FC,2021-10-01,2021-10-01,-1.0
2021-10-04,2021-10-04 10:00:00-04:00,2021-10-04 14:30:00-04:00,SHORT,14596.75,14425.5,46.64765077127944,14725.031039621019,1,9,171.25,3425.0,FC,2021-10-04,2021-10-04,-1.0
2021-10-05,2021-10-05 10:00:00-04:00,2021-10-05 14:30:00-04:00,LONG,14581.0,14738.75,37.34516909741839,14478.300784982099,1,9,157.75,3155.0,FC,2021-10-05,2021-10-05,-1.0
2021-10-06,2021-10-06 10:00:00-04:00,2021-10-06 10:30:00-04:00,SHORT,14538.0,14663.764961476605,45.73271326422027,14663.764961476605,1,1,-125.7649614766051,-2515.299229532102,SL,2021-10-06,2021-10-06,-1.0
2021-10-07,2021-10-07 10:00:00-04:00,2021-10-07 14:30:00-04:00,LONG,14955.5,14939.75,34.124156769871476,14861.658568882853,2,9,-15.75,-630.0,FC,2021-10-07,2021-10-07,-1.0
2021-10-08,2021-10-08 10:00:00-04:00,2021-10-08 14:30:00-04:00,SHORT,14849.25,14866.0,40.94415937215815,14961.846438273435,1,9,-16.75,-335.0,FC,2021-10-08,2021-10-08,-1.0
2021-10-11,2021-10-11 10:00:00-04:00,2021-10-11 14:30:00-04:00,LONG,14859.75,14793.75,42.72490468948493,14742.256512103917,2,9,-66.0,-2640.0,FC,2021-10-11,2021-10-11,-1.0
2021-10-12,2021-10-12 10:00:00-04:00,2021-10-12 14:30:00-04:00,SHORT,14661.25,14699.25,43.67177822285973,14781.347390112864,1,9,-38.0,-760.0,FC,2021-10-12,2021-10-12,-1.0
2021-10-13,2021-10-13 10:00:00-04:00,2021-10-13 14:30:00-04:00,LONG,14714.5,14743.5,41.85485639078364,14599.399144925344,2,9,29.0,1160.0,FC,2021-10-13,2021-10-13,1.0
2021-10-14,2021-10-14 10:00:00-04:00,2021-10-14 14:30:00-04:00,LONG,14945.0,15042.75,27.51415404264086,14869.336076382737,1,9,97.75,1955.0,FC,2021-10-14,2021-10-14,-1.0
2021-10-15,2021-10-15 10:00:00-04:00,2021-10-15 14:30:00-04:00,LONG,15078.25,15111.5,24.446778106512088,15011.021360207093,1,9,33.25,665.0,FC,2021-10-15,2021-10-15,-1.0
2021-10-18,2021-10-18 10:00:00-04:00,2021-10-18 14:30:00-04:00,LONG,15137.75,15249.0,33.66328536603346,15045.175965243408,1,9,111.25,2225.0,FC,2021-10-18,2021-10-18,-1.0
2021-10-19,2021-10-19 10:00:00-04:00,2021-10-19 14:30:00-04:00,LONG,15322.75,15376.5,22.515689562554766,15260.831853702974,1,9,53.75,1075.0,FC,2021-10-19,2021-10-19,-1.0
2021-10-20,2021-10-20 10:00:00-04:00,2021-10-20 13:30:00-04:00,LONG,15406.25,15353.295501177055,19.256181390161423,15353.295501177055,1,7,-52.954498822944515,-1059.0899764588903,SL,2021-10-20,2021-10-20,1.0
2021-10-21,2021-10-21 10:00:00-04:00,2021-10-21 14:30:00-04:00,LONG,15380.25,15428.25,23.713880000399804,15315.0368299989,2,9,48.0,1920.0,FC,2021-10-21,2021-10-21,-1.0
2021-10-22,2021-10-22 10:00:00-04:00,2021-10-22 11:30:00-04:00,LONG,15424.5,15362.323028854555,22.609807689252627,15362.323028854555,1,3,-62.17697114544535,-1243.539422908907,SL,2021-10-22,2021-10-22,-1.0
2021-10-25,2021-10-25 10:00:00-04:00,2021-10-25 14:30:00-04:00,LONG,15390.5,15522.0,27.396538986759808,15315.159517786411,2,9,131.5,5260.0,FC,2021-10-25,2021-10-25,-1.0
2021-10-26,2021-10-26 10:00:00-04:00,2021-10-26 12:30:00-04:00,LONG,15639.0,15581.099895560073,21.05458343270057,15581.099895560073,1,5,-57.90010443992651,-1158.0020887985302,SL,2021-10-26,2021-10-26,-1.0
2021-10-27,2021-10-27 10:00:00-04:00,2021-10-27 14:30:00-04:00,LONG,15642.25,15699.25,29.690628994513823,15560.600770265088,2,9,57.0,2280.0,FC,2021-10-27,2021-10-27,-1.0
2021-10-28,2021-10-28 10:00:00-04:00,2021-10-28 14:30:00-04:00,LONG,15664.5,15745.75,24.64953197185289,15596.713787077404,1,9,81.25,1625.0,FC,2021-10-28,2021-10-28,-1.0
2021-10-29,2021-10-29 10:00:00-04:00,2021-10-29 14:30:00-04:00,LONG,15683.0,15766.0,31.665066493135367,15595.921067143878,1,9,83.0,1660.0,FC,2021-10-29,2021-10-29,1.0
2021-11-01,2021-11-01 10:00:00-04:00,2021-11-01 12:30:00-04:00,SHORT,15804.25,15862.9116303825,21.33150195727229,15862.9116303825,1,5,-58.661630382499425,-1173.2326076499885,SL,2021-11-01,2021-11-01,-1.0
2021-11-02,2021-11-02 10:00:00-04:00,2021-11-02 14:30:00-04:00,LONG,15955.75,15919.5,23.50067173555495,15891.123152727225,2,9,-36.25,-1450.0,FC,2021-11-02,2021-11-02,-1.0
2021-11-03,2021-11-03 10:00:00-04:00,2021-11-03 14:30:00-04:00,LONG,15970.75,16013.5,17.068806762278655,15923.810781403734,1,9,42.75,855.0,FC,2021-11-03,2021-11-03,1.0
2021-11-04,2021-11-04 10:00:00-04:00,2021-11-04 14:30:00-04:00,LONG,16246.0,16355.75,23.737516297427735,16180.721830182074,1,9,109.75,2195.0,FC,2021-11-04,2021-11-04,1.0
2021-11-05,2021-11-05 10:00:00-04:00,2021-11-05 13:30:00-04:00,LONG,16416.75,16326.030340616264,32.988967048631544,16326.030340616264,1,7,-90.71965938373614,-1814.3931876747229,SL,2021-11-05,2021-11-05,-1.0
2021-11-08,2021-11-08 10:00:00-05:00,2021-11-08 14:30:00-05:00,LONG,16337.75,16341.0,24.81816001224975,16269.500059966313,2,9,3.25,130.0,FC,2021-11-08,2021-11-08,-1.0
2021-11-09,2021-11-09 10:00:00-05:00,2021-11-09 14:30:00-05:00,SHORT,16226.0,16214.5,35.49797964512098,16323.619444024083,1,9,11.5,230.0,FC,2021-11-09,2021-11-09,-1.0
2021-11-10,2021-11-10 10:00:00-05:00,2021-11-10 14:30:00-05:00,SHORT,16172.5,15937.75,42.03927161163308,16288.10799693199,1,9,234.75,4695.0,FC,2021-11-10,2021-11-10,-1.0
2021-11-11,2021-11-11 10:00:00-05:00,2021-11-11 12:30:00-05:00,LONG,16094.75,16024.03703095962,25.713806923774325,16024.03703095962,1,5,-70.7129690403799,-1414.259380807598,SL,2021-11-11,2021-11-11,-1.0
2021-11-12,2021-11-12 10:00:00-05:00,2021-11-12 11:00:00-05:00,SHORT,16020.25,16086.101073098098,23.945844762944866,16086.101073098098,2,2,-65.85107309809791,-2634.0429239239165,SL,2021-11-12,2021-11-12,1.0
2021-11-15,2021-11-15 10:00:00-05:00,2021-11-15 10:30:00-05:00,LONG,16229.0,16166.570838738879,22.70151318586213,16166.570838738879,1,1,-62.42916126112141,-1248.5832252224282,SL,2021-11-15,2021-11-15,-1.0
2021-11-16,2021-11-16 10:00:00-05:00,2021-11-16 14:30:00-05:00,LONG,16224.5,16312.25,30.42141205628081,16140.841116845228,2,9,87.75,3510.0,FC,2021-11-16,2021-11-16,-1.0
2021-11-17,2021-11-17 10:00:00-05:00,2021-11-17 14:30:00-05:00,LONG,16284.25,16333.25,18.48870593178477,16233.406058687591,1,9,49.0,980.0,FC,2021-11-17,2021-11-17,-1.0
2021-11-18,2021-11-18 10:00:00-05:00,2021-11-18 10:30:00-05:00,LONG,16396.5,16342.426785949465,19.66298692746743,16342.426785949465,1,1,-54.07321405053517,-1081.4642810107034,SL,2021-11-18,2021-11-18,-1.0
2021-11-19,2021-11-19 10:00:00-05:00,2021-11-19 14:30:00-05:00,LONG,16612.5,16576.75,31.988452390611343,16524.53175592582,2,9,-35.75,-1430.0,FC,2021-11-19,2021-11-19,1.0
2021-11-22,2021-11-22 10:00:00-05:00,2021-11-22 11:30:00-05:00,LONG,16721.5,16653.902588375626,24.58087695431768,16653.902588375626,1,3,-67.59741162437422,-1351.9482324874843,SL,2021-11-22,2021-11-22,-1.0
2021-11-23,2021-11-23 10:00:00-05:00,2021-11-23 14:30:00-05:00,SHORT,16398.0,16161.75,44.61613649603169,16520.694375364088,2,9,236.25,9450.0,FC,2021-11-23,2021-11-23,-1.0
2021-11-24,2021-11-24 10:00:00-05:00,2021-11-24 11:30:00-05:00,SHORT,16181.25,16305.220433485263,45.0801576310048,16305.220433485263,1,3,-123.97043348526313,-2479.4086697052626,SL,2021-11-24,2021-11-24,-1.0
2021-11-29,2021-11-29 10:00:00-05:00,2021-11-29 14:30:00-05:00,LONG,16297.75,16396.0,40.196741043183,16187.208962131246,2,9,98.25,3930.0,FC,2021-11-29,2021-11-29,-1.0
2021-11-30,2021-11-30 10:00:00-05:00,2021-11-30 11:00:00-05:00,LONG,16406.0,16277.92820960925,46.57156014209117,16277.92820960925,1,2,-128.0717903907498,-2561.435807814996,SL,2021-11-30,2021-11-30,-1.0
2021-12-01,2021-12-01 10:00:00-05:00,2021-12-01 13:00:00-05:00,LONG,16329.25,16233.535712653817,34.80519539861218,16233.535712653817,2,6,-95.71428734618348,-3828.5714938473393,SL,2021-12-01,2021-12-01,-1.0
2021-12-02,2021-12-02 10:00:00-05:00,2021-12-02 14:30:00-05:00,SHORT,15993.5,16020.0,70.75332530908669,16188.071644599988,1,9,-26.5,-530.0,FC,2021-12-02,2021-12-02,-1.0
2021-12-03,2021-12-03 10:00:00-05:00,2021-12-03 14:30:00-05:00,SHORT,15842.0,15616.5,65.38213482328504,16021.800870764035,2,9,225.5,9020.0,FC,2021-12-03,2021-12-03,-1.0
2021-12-06,2021-12-06 10:00:00-05:00,2021-12-06 13:30:00-05:00,SHORT,15666.75,15850.552291233782,66.83719681228405,15850.552291233782,1,7,-183.80229123378194,-3676.045824675639,SL,2021-12-06,2021-12-06,-1.0
2021-12-07,2021-12-07 10:00:00-05:00,2021-12-07 14:30:00-05:00,LONG,16228.5,16319.25,39.38725213990993,16120.185056615248,2,9,90.75,3630.0,FC,2021-12-07,2021-12-07,-1.0
2021-12-08,2021-12-08 10:00:00-05:00,2021-12-08 14:30:00-05:00,LONG,16285.0,16352.25,39.202628947310934,16177.192770394895,1,9,67.25,1345.0,FC,2021-12-08,2021-12-08,1.0
2021-12-09,2021-12-09 10:00:00-05:00,2021-12-09 10:30:00-05:00,LONG,16348.75,16272.83221436869,27.60646750229469,16272.83221436869,1,1,-75.91778563131084,-1518.3557126262167,SL,2021-12-09,2021-12-09,-1.0
2021-12-10,2021-12-10 10:00:00-05:00,2021-12-10 14:30:00-05:00,SHORT,16221.0,16264.75,42.17556042417661,16336.982791166485,2,9,-43.75,-1750.0,FC,2021-12-10,2021-12-10,1.0
2021-12-13,2021-12-13 10:00:00-05:00,2021-12-13 14:30:00-05:00,SHORT,16275.0,16173.0,28.562236047034972,16353.546149129346,1,9,102.0,2040.0,FC,2021-12-13,2021-12-13,-1.0
2021-12-14,2021-12-14 10:00:00-05:00,2021-12-14 14:30:00-05:00,SHORT,15926.25,15827.75,50.08208686419723,16063.975738876543,1,9,98.5,1970.0,FC,2021-12-14,2021-12-14,-1.0
2021-12-15,2021-12-15 10:00:00-05:00,2021-12-15 14:30:00-05:00,SHORT,15840.5,15913.75,42.4516117547681,15957.241932325613,1,9,-73.25,-1465.0,FC,2021-12-15,2021-12-15,-1.0
2021-12-16,2021-12-16 10:00:00-05:00,2021-12-16 14:30:00-05:00,SHORT,16169.75,15851.75,49.90800046976108,16306.997001291844,2,9,318.0,12720.0,FC,2021-12-16,2021-12-16,-1.0
2021-12-17,2021-12-17 10:00:00-05:00,2021-12-17 14:30:00-05:00,SHORT,15782.0,15852.0,64.4658850712577,15959.28118394596,1,9,-70.0,-1400.0,FC,2021-12-17,2021-12-17,-1.0
2021-12-20,2021-12-20 10:00:00-05:00,2021-12-20 14:30:00-05:00,SHORT,15630.25,15573.25,48.66600843110866,15764.081523185549,2,9,57.0,2280.0,FC,2021-12-20,2021-12-20,-1.0
2021-12-21,2021-12-21 10:00:00-05:00,2021-12-21 12:00:00-05:00,SHORT,15664.75,15785.490490641992,43.90563296072443,15785.490490641992,1,4,-120.74049064199244,-2414.8098128398487,SL,2021-12-21,2021-12-21,-1.0
2021-12-22,2021-12-22 10:00:00-05:00,2021-12-22 14:30:00-05:00,LONG,16006.75,16047.0,37.64378967927378,15903.229578381997,2,9,40.25,1610.0,FC,2021-12-22,2021-12-22,-1.0
2021-12-23,2021-12-23 10:00:00-05:00,2021-12-23 14:30:00-05:00,LONG,16233.25,16328.0,25.546868638877463,16162.996111243086,1,9,94.75,1895.0,FC,2021-12-23,2021-12-23,-1.0
2021-12-27,2021-12-27 10:00:00-05:00,2021-12-27 14:30:00-05:00,LONG,16435.5,16555.0,26.533620644629014,16362.53254322727,1,9,119.5,2390.0,FC,2021-12-27,2021-12-27,1.0
2021-12-28,2021-12-28 10:00:00-05:00,2021-12-28 10:30:00-05:00,LONG,16575.5,16499.523149012508,27.62794581363285,16499.523149012508,1,1,-75.97685098749207,-1519.5370197498414,SL,2021-12-28,2021-12-28,-1.0
2021-12-29,2021-12-29 10:00:00-05:00,2021-12-29 14:30:00-05:00,SHORT,16510.5,16481.75,27.518077966441385,16586.174714407713,2,9,28.75,1150.0,FC,2021-12-29,2021-12-29,-1.0
2021-12-30,2021-12-30 10:00:00-05:00,2021-12-30 14:30:00-05:00,SHORT,16499.75,16525.75,25.319099009748044,16569.377522276805,1,9,-26.0,-520.0,FC,2021-12-30,2021-12-30,-1.0
2021-12-31,2021-12-31 10:00:00-05:00,2021-12-31 14:30:00-05:00,SHORT,16395.75,16364.0,25.960024626496523,16467.140067722867,2,9,31.75,1270.0,FC,2021-12-31,2021-12-31,-1.0
2022-01-03,2022-01-03 10:00:00-05:00,2022-01-03 10:30:00-05:00,SHORT,16316.5,16421.519899505744,38.18905436572531,16421.519899505744,1,1,-105.01989950574352,-2100.3979901148705,SL,2022-01-03,2022-01-03,1.0
2022-01-04,2022-01-04 10:00:00-05:00,2022-01-04 14:30:00-05:00,SHORT,16460.75,16172.5,27.856614652539584,16537.355690294484,2,9,288.25,11530.0,FC,2022-01-04,2022-01-04,-1.0
2022-01-05,2022-01-05 10:00:00-05:00,2022-01-05 14:30:00-05:00,SHORT,16212.75,15972.75,37.50033978251426,16315.875934401914,1,9,240.0,4800.0,FC,2022-01-05,2022-01-05,-1.0
2022-01-06,2022-01-06 10:00:00-05:00,2022-01-06 11:30:00-05:00,SHORT,15718.5,15884.130975877788,60.22944577374097,15884.130975877788,1,3,-165.63097587778793,-3312.6195175557586,SL,2022-01-06,2022-01-06,-1.0
2022-01-07,2022-01-07 10:00:00-05:00,2022-01-07 14:30:00-05:00,SHORT,15792.5,15580.0,66.99696693168409,15976.74165906213,2,9,212.5,8500.0,FC,2022-01-07,2022-01-07,-1.0
2022-01-10,2022-01-10 10:00:00-05:00,2022-01-10 14:00:00-05:00,SHORT,15259.25,15427.452351685824,61.16449152211824,15427.452351685824,1,8,-168.2023516858244,-3364.047033716488,SL,2022-01-10,2022-01-10,-1.0
2022-01-11,2022-01-11 10:00:00-05:00,2022-01-11 11:30:00-05:00,SHORT,15548.0,15689.549381043698,51.472502197708295,15689.549381043698,2,3,-141.5493810436983,-5661.975241747932,SL,2022-01-11,2022-01-11,-1.0
2022-01-12,2022-01-12 10:00:00-05:00,2022-01-12 11:30:00-05:00,LONG,15967.25,15829.91454897565,49.94016400885469,15829.91454897565,1,3,-137.33545102434982,-2746.7090204869965,SL,2022-01-12,2022-01-12,-1.0
2022-01-13,2022-01-13 10:00:00-05:00,2022-01-13 10:30:00-05:00,LONG,15939.0,15848.622128614024,32.86468050399092,15848.622128614024,2,1,-90.3778713859756,-3615.114855439024,SL,2022-01-13,2022-01-13,-1.0
2022-01-14,2022-01-14 10:00:00-05:00,2022-01-14 14:30:00-05:00,LONG,15581.0,15476.5,70.36812094860056,15387.487667391348,1,9,-104.5,-2090.0,FC,2022-01-14,2022-01-14,-1.0
2022-01-18,2022-01-18 10:00:00-05:00,2022-01-18 14:30:00-05:00,SHORT,15333.0,15259.75,52.71538714406059,15477.967314646166,2,9,73.25,2930.0,FC,2022-01-18,2022-01-18,-1.0
2022-01-19,2022-01-19 10:00:00-05:00,2022-01-19 11:00:00-05:00,LONG,15361.25,15208.035149280158,55.714491170851346,15208.035149280158,1,2,-153.2148507198417,-3064.297014396834,SL,2022-01-19,2022-01-19,-1.0
2022-01-20,2022-01-20 10:00:00-05:00,2022-01-20 14:30:00-05:00,LONG,15277.0,15134.25,48.35052390620392,15144.03605925794,2,9,-142.75,-5710.0,FC,2022-01-20,2022-01-20,-1.0
2022-01-21,2022-01-21 10:00:00-05:00,2022-01-21 11:30:00-05:00,SHORT,14650.0,14847.635033331355,71.86728484776546,14847.635033331355,1,3,-197.63503333135486,-3952.7006666270972,SL,2022-01-21,2022-01-21,-1.0
2022-01-24,2022-01-24 10:00:00-05:00,2022-01-24 14:30:00-05:00,SHORT,14096.5,14067.5,85.13561312746415,14330.622936100526,2,9,29.0,1160.0,FC,2022-01-24,2022-01-24,-1.0
2022-01-25,2022-01-25 10:00:00-05:00,2022-01-25 14:30:00-05:00,SHORT,14100.25,14311.0,95.37359244009458,14362.52737921026,1,9,-210.75,-4215.0,FC,2022-01-25,2022-01-25,-1.0
2022-01-26,2022-01-26 10:00:00-05:00,2022-01-26 14:30:00-05:00,LONG,14455.0,14508.25,70.52720316514169,14261.05019129586,2,9,53.25,2130.0,FC,2022-01-26,2022-01-26,-1.0
2022-01-28,2022-01-28 10:00:00-05:00,2022-01-28 11:30:00-05:00,SHORT,13899.75,14189.630162356209,105.41096812953047,14189.630162356209,1,3,-289.88016235620853,-5797.603247124171,SL,2022-01-28,2022-01-28,-1.0
2022-01-31,2022-01-31 10:00:00-05:00,2022-01-31 14:30:00-05:00,LONG,14630.25,14815.75,63.20117857469056,14456.446758919601,2,9,185.5,7420.0,FC,2022-01-31,2022-01-31,-1.0
2022-02-01,2022-02-01 10:00:00-05:00,2022-02-01 14:30:00-05:00,LONG,14841.75,14851.75,53.108577661684976,14695.701411430366,1,9,10.0,200.0,FC,2022-02-01,2022-02-01,-1.0
2022-02-02,2022-02-02 10:00:00-05:00,2022-02-02 11:30:00-05:00,LONG,15095.0,14961.758644068601,48.45140215687208,14961.758644068601,1,3,-133.24135593139908,-2664.8271186279817,SL,2022-02-02,2022-02-02,-1.0
2022-02-03,2022-02-03 10:00:00-05:00,2022-02-03 14:30:00-05:00,SHORT,14710.0,14640.25,57.149064229620386,14867.159926631455,2,9,69.75,2790.0,FC,2022-02-03,2022-02-03,-1.0
2022-02-04,2022-02-04 10:00:00-05:00,2022-02-04 14:30:00-05:00,SHORT,14576.25,14719.0,89.51228140240352,14822.40877385661,1,9,-142.75,-2855.0,FC,2022-02-04,2022-02-04,-1.0
2022-02-07,2022-02-07 10:00:00-05:00,2022-02-07 12:00:00-05:00,LONG,14781.25,14639.2364430354,51.64129344167328,14639.2364430354,2,4,-142.01355696460087,-5680.542278584035,SL,2022-02-07,2022-02-07,-1.0
2022-02-08,2022-02-08 10:00:00-05:00,2022-02-08 11:30:00-05:00,SHORT,14521.75,14632.86850030039,40.406727381959996,14632.86850030039,1,3,-111.11850030039022,-2222.3700060078045,SL,2022-02-08,2022-02-08,-1.0
2022-02-09,2022-02-09 10:00:00-05:00,2022-02-09 14:30:00-05:00,LONG,14878.5,15009.5,34.365097513971136,14783.995981836579,2,9,131.0,5240.0,FC,2022-02-09,2022-02-09,-1.0
2022-02-10,2022-02-10 10:00:00-05:00,2022-02-10 14:30:00-05:00,SHORT,14909.5,14767.0,63.92127384497306,15085.283503073675,1,9,142.5,2850.0,FC,2022-02-10,2022-02-10,-1.0
2022-02-11,2022-02-11 10:00:00-05:00,2022-02-11 14:30:00-05:00,SHORT,14639.0,14286.0,57.50342179780606,14797.134409943967,1,9,353.0,7060.0,FC,2022-02-11,2022-02-11,-1.0
2022-02-14,2022-02-14 10:00:00-05:00,2022-02-14 14:30:00-05:00,SHORT,14288.0,14205.25,79.63645017886748,14507.000237991886,1,9,82.75,1655.0,FC,2022-02-14,2022-02-14,-1.0
2022-02-15,2022-02-15 10:00:00-05:00,2022-02-15 14:30:00-05:00,LONG,14501.75,14543.0,52.35422333202742,14357.775885836925,1,9,41.25,825.0,FC,2022-02-15,2022-02-15,-1.0
2022-02-16,2022-02-16 10:00:00-05:00,2022-02-16 14:30:00-05:00,SHORT,14408.0,14559.25,48.13682945374245,14540.376280997792,1,9,-151.25,-3025.0,FC,2022-02-16,2022-02-16,-1.0
2022-02-18,2022-02-18 10:00:00-05:00,2022-02-18 14:30:00-05:00,SHORT,14184.75,14083.5,53.92734742148771,14333.050205409092,2,9,101.25,4050.0,FC,2022-02-18,2022-02-18,-1.0
2022-02-22,2022-02-22 10:00:00-05:00,2022-02-22 13:30:00-05:00,LONG,14022.0,13796.356873051895,82.05204616294745,13796.356873051895,1,7,-225.64312694810542,-4512.862538962108,SL,2022-02-22,2022-02-22,-1.0
2022-02-23,2022-02-23 10:00:00-05:00,2022-02-23 14:30:00-05:00,SHORT,13903.5,13619.25,51.84492140521455,14046.07353386434,2,9,284.25,11370.0,FC,2022-02-23,2022-02-23,-1.0
2022-02-24,2022-02-24 10:00:00-05:00,2022-02-24 14:00:00-05:00,SHORT,13340.5,13627.234989207444,104.26726880270692,13627.234989207444,1,8,-286.7349892074435,-5734.69978414887,SL,2022-02-24,2022-02-24,-1.0
2022-02-25,2022-02-25 10:00:00-05:00,2022-02-25 14:30:00-05:00,LONG,13868.0,14130.75,81.67114827014223,13643.404342257109,2,9,262.75,10510.0,FC,2022-02-25,2022-02-25,-1.0
2022-02-28,2022-02-28 10:00:00-05:00,2022-02-28 14:30:00-05:00,LONG,14144.5,14018.0,69.767225127961,13952.640130898108,1,9,-126.5,-2530.0,FC,2022-02-28,2022-02-28,-1.0
2022-03-01,2022-03-01 10:00:00-05:00,2022-03-01 12:00:00-05:00,LONG,14200.5,14033.496277084698,60.72862651465527,14033.496277084698,2,4,-167.0037229153022,-6680.148916612088,SL,2022-03-01,2022-03-01,-1.0
2022-03-02,2022-03-02 10:00:00-05:00,2022-03-02 14:30:00-05:00,LONG,14075.5,14235.0,63.02439060404833,13902.182925838868,1,9,159.5,3190.0,FC,2022-03-02,2022-03-02,-1.0
2022-03-03,2022-03-03 10:00:00-05:00,2022-03-03 11:00:00-05:00,LONG,14262.0,14111.508745249153,54.724092636671394,14111.508745249153,1,2,-150.49125475084657,-3009.8250950169313,SL,2022-03-03,2022-03-03,-1.0
2022-03-04,2022-03-04 10:00:00-05:00,2022-03-04 14:30:00-05:00,SHORT,13923.25,13813.75,74.28619379934328,14127.537032948194,2,9,109.5,4380.0,FC,2022-03-04,2022-03-04,-1.0
2022-03-07,2022-03-07 10:00:00-05:00,2022-03-07 14:30:00-05:00,SHORT,13674.0,13482.5,74.08383664793229,13877.730550781815,1,9,191.5,3830.0,FC,2022-03-07,2022-03-07,-1.0
2022-03-08,2022-03-08 10:00:00-05:00,2022-03-08 12:30:00-05:00,SHORT,13252.75,13468.996631521719,78.63513873517032,13468.996631521719,1,5,-216.24663152171888,-4324.932630434378,SL,2022-03-08,2022-03-08,-1.0
2022-03-09,2022-03-09 10:00:00-05:00,2022-03-09 14:30:00-05:00,LONG,13568.25,13714.5,71.42213610506977,13371.839125711058,2,9,146.25,5850.0,FC,2022-03-09,2022-03-09,-1.0
2022-03-10,2022-03-10 10:00:00-05:00,2022-03-10 14:30:00-05:00,SHORT,13575.25,13585.5,61.598815377020806,13744.646742286806,1,9,-10.25,-205.0,FC,2022-03-10,2022-03-10,-1.0
2022-03-11,2022-03-11 10:00:00-05:00,2022-03-11 14:30:00-05:00,SHORT,13590.0,13483.75,69.60023904938043,13781.400657385797,2,9,106.25,4250.0,FC,2022-03-11,2022-03-11,-1.0
2022-03-14,2022-03-14 10:00:00-04:00,2022-03-14 14:30:00-04:00,SHORT,13272.0,13036.25,70.16402493753398,13464.951068578219,1,9,235.75,4715.0,FC,2022-03-14,2022-03-14,-1.0
2022-03-15,2022-03-15 10:00:00-04:00,2022-03-15 14:30:00-04:00,LONG,13182.5,13296.5,62.86072495619915,13009.633006370452,1,9,114.0,2280.0,FC,2022-03-15,2022-03-15,-1.0
2022-03-16,2022-03-16 10:00:00-04:00,2022-03-16 14:30:00-04:00,LONG,13721.0,13531.5,49.833059321326935,13583.95908686635,1,9,-189.5,-3790.0,FC,2022-03-16,2022-03-16,-1.0
2022-03-17,2022-03-17 10:00:00-04:00,2022-03-17 14:30:00-04:00,LONG,13979.25,14017.25,59.78552997667459,13814.839792564146,2,9,38.0,1520.0,FC,2022-03-17,2022-03-17,-1.0
2022-03-18,2022-03-18 10:00:00-04:00,2022-03-18 14:30:00-04:00,LONG,14150.75,14312.75,49.55559594056701,14014.47211116344,1,9,162.0,3240.0,FC,2022-03-18,2022-03-18,-1.0
2022-03-21,2022-03-21 10:00:00-04:00,2022-03-21 14:30:00-04:00,LONG,14302.75,14324.75,46.424229195784676,14175.083369711592,1,9,22.0,440.0,FC,2022-03-21,2022-03-21,-1.0
2022-03-22,2022-03-22 10:00:00-04:00,2022-03-22 14:30:00-04:00,LONG,14468.75,14618.75,38.97745340944867,14361.562003124016,1,9,150.0,3000.0,FC,2022-03-22,2022-03-22,-1.0
2022-03-23,2022-03-23 10:00:00-04:00,2022-03-23 10:30:00-04:00,SHORT,14492.5,14588.706583011539,34.984212004195825,14588.706583011539,1,1,-96.2065830115389,-1924.131660230778,SL,2022-03-23,2022-03-23,-1.0
2022-03-24,2022-03-24 10:00:00-04:00,2022-03-24 11:30:00-04:00,SHORT,14481.75,14588.679339282768,38.88339610282434,14588.679339282768,2,3,-106.92933928276761,-4277.173571310705,SL,2022-03-24,2022-03-24,-1.0
2022-03-25,2022-03-25 10:00:00-04:00,2022-03-25 11:30:00-04:00,LONG,14720.25,14611.525371777137,39.53622844467713,14611.525371777137,1,3,-108.72462822286252,-2174.4925644572504,SL,2022-03-25,2022-03-25,-1.0
2022-03-28,2022-03-28 10:00:00-04:00,2022-03-28 12:00:00-04:00,LONG,14887.5,14755.164206553542,48.122106707802956,14755.164206553542,2,4,-132.3357934464584,-5293.431737858336,SL,2022-03-28,2022-03-28,1.0
2022-03-29,2022-03-29 10:00:00-04:00,2022-03-29 14:30:00-04:00,LONG,15152.25,15185.0,48.67744520381461,15018.38702568951,1,9,32.75,655.0,FC,2022-03-29,2022-03-29,1.0
2022-03-30,2022-03-30 10:00:00-04:00,2022-03-30 14:30:00-04:00,LONG,15187.0,15104.75,33.963253256634296,15093.601053544257,1,9,-82.25,-1645.0,FC,2022-03-30,2022-03-30,-1.0
2022-04-01,2022-04-01 10:00:00-04:00,2022-04-01 14:30:00-04:00,SHORT,14838.75,14821.25,38.73608331865696,14945.274229126306,2,9,17.5,700.0,FC,2022-04-01,2022-04-01,-1.0
2022-04-04,2022-04-04 10:00:00-04:00,2022-04-04 14:30:00-04:00,LONG,15048.75,15112.5,41.0796079370124,14935.781078173215,1,9,63.75,1275.0,FC,2022-04-04,2022-04-04,-1.0
2022-04-05,2022-04-05 10:00:00-04:00,2022-04-05 14:30:00-04:00,SHORT,15070.0,14886.25,29.048617030497226,15149.883696833867,1,9,183.75,3675.0,FC,2022-04-05,2022-04-05,-1.0
2022-04-06,2022-04-06 10:00:00-04:00,2022-04-06 14:30:00-04:00,SHORT,14505.75,14441.0,44.422054181028884,14627.91064899783,1,9,64.75,1295.0,FC,2022-04-06,2022-04-06,-1.0
2022-04-07,2022-04-07 10:00:00-04:00,2022-04-07 14:30:00-04:00,SHORT,14560.0,14482.0,46.61884388281935,14688.201820677754,1,9,78.0,1560.0,FC,2022-04-07,2022-04-07,-1.0
2022-04-08,2022-04-08 10:00:00-04:00,2022-04-08 11:00:00-04:00,SHORT,14322.75,14458.324857536725,49.299948195173,14458.324857536725,1,2,-135.57485753672518,-2711.4971507345035,SL,2022-04-08,2022-04-08,-1.0
2022-04-11,2022-04-11 10:00:00-04:00,2022-04-11 14:30:00-04:00,SHORT,14138.75,14060.0,49.32913920943028,14274.405132825934,2,9,78.75,3150.0,FC,2022-04-11,2022-04-11,-1.0
2022-04-12,2022-04-12 10:00:00-04:00,2022-04-12 12:30:00-04:00,LONG,14259.0,14074.600451944778,67.05438111098971,14074.600451944778,1,5,-184.3995480552221,-3687.9909611044422,SL,2022-04-12,2022-04-12,-1.0
2022-04-13,2022-04-13 10:00:00-04:00,2022-04-13 11:30:00-04:00,SHORT,14014.25,14162.34540061747,53.85287295180743,14162.34540061747,2,3,-148.09540061747066,-5923.816024698826,SL,2022-04-13,2022-04-13,-1.0
2022-04-14,2022-04-14 10:00:00-04:00,2022-04-14 14:30:00-04:00,SHORT,14114.5,14005.25,46.72151659821262,14242.984170645084,1,9,109.25,2185.0,FC,2022-04-14,2022-04-14,-1.0
2022-04-18,2022-04-18 10:00:00-04:00,2022-04-18 10:30:00-04:00,SHORT,13866.75,13968.407690393176,36.966432870245896,13968.407690393176,1,1,-101.65769039317638,-2033.1538078635276,SL,2022-04-18,2022-04-18,-1.0
2022-04-19,2022-04-19 10:00:00-04:00,2022-04-19 14:30:00-04:00,LONG,14015.25,14129.25,56.735730098494244,13859.22674222914,2,9,114.0,4560.0,FC,2022-04-19,2022-04-19,-1.0
2022-04-20,2022-04-20 10:00:00-04:00,2022-04-20 14:30:00-04:00,SHORT,14086.75,14029.25,57.19809121920289,14244.044750852809,1,9,57.5,1150.0,FC,2022-04-20,2022-04-20,-1.0
2022-04-21,2022-04-21 10:00:00-04:00,2022-04-21 11:00:00-04:00,LONG,14205.0,14093.505719955583,40.54337456160607,14093.505719955583,1,2,-111.49428004441688,-2229.8856008883376,SL,2022-04-21,2022-04-21,-1.0
2022-04-22,2022-04-22 10:00:00-04:00,2022-04-22 14:30:00-04:00,SHORT,13668.25,13444.0,58.01725717620809,13827.797457234572,2,9,224.25,8970.0,FC,2022-04-22,2022-04-22,-1.0
2022-04-25,2022-04-25 10:00:00-04:00,2022-04-25 11:00:00-04:00,SHORT,13249.75,13421.738058996903,62.54111236251064,13421.738058996903,1,2,-171.98805899690342,-3439.7611799380684,SL,2022-04-25,2022-04-25,-1.0
2022-04-26,2022-04-26 10:00:00-04:00,2022-04-26 14:30:00-04:00,SHORT,13268.25,13169.25,53.88474896954526,13416.43305966625,2,9,99.0,3960.0,FC,2022-04-26,2022-04-26,-1.0
2022-04-27,2022-04-27 10:00:00-04:00,2022-04-27 10:30:00-04:00,LONG,13176.5,12955.653956010176,80.30765235993627,12955.653956010176,1,1,-220.84604398982447,-4416.920879796489,SL,2022-04-27,2022-04-27,-1.0
2022-04-28,2022-04-28 10:00:00-04:00,2022-04-28 13:00:00-04:00,SHORT,13135.5,13304.891135832473,61.5967766663536,13304.891135832473,2,6,-169.39113583247308,-6775.645433298923,SL,2022-04-28,2022-04-28,-1.0
2022-04-29,2022-04-29 10:00:00-04:00,2022-04-29 10:30:00-04:00,LONG,13424.0,13242.019240502274,66.17482163553709,13242.019240502274,1,1,-181.98075949772647,-3639.6151899545293,SL,2022-04-29,2022-04-29,-1.0
2022-05-02,2022-05-02 10:00:00-04:00,2022-05-02 14:30:00-04:00,SHORT,12928.0,12746.75,72.59372142089192,13127.632733907452,2,9,181.25,7250.0,FC,2022-05-02,2022-05-02,-1.0
2022-05-03,2022-05-03 10:00:00-04:00,2022-05-03 14:30:00-04:00,LONG,13111.25,13036.75,52.73852148069557,12966.219065928088,1,9,-74.5,-1490.0,FC,2022-05-03,2022-05-03,-1.0
2022-05-04,2022-05-04 10:00:00-04:00,2022-05-04 13:30:00-04:00,SHORT,13018.25,13112.181201674757,34.156800609002644,13112.181201674757,2,7,-93.93120167475718,-3757.248066990287,SL,2022-05-04,2022-05-04,1.0
2022-05-05,2022-05-05 10:00:00-04:00,2022-05-05 14:30:00-04:00,SHORT,13173.75,12787.75,55.66009791794008,13326.815269274335,1,9,386.0,7720.0,FC,2022-05-05,2022-05-05,-1.0
2022-05-06,2022-05-06 10:00:00-04:00,2022-05-06 10:30:00-04:00,SHORT,12550.25,12781.880156339847,84.22914775994394,12781.880156339847,1,1,-231.6301563398465,-4632.60312679693,SL,2022-05-06,2022-05-06,-1.0
2022-05-09,2022-05-09 10:00:00-04:00,2022-05-09 14:30:00-04:00,SHORT,12451.25,12239.5,65.58775675237484,12631.616331069032,2,9,211.75,8470.0,FC,2022-05-09,2022-05-09,-1.0
2022-05-10,2022-05-10 10:00:00-04:00,2022-05-10 11:00:00-04:00,LONG,12463.5,12277.09676838229,67.78299331553112,12277.09676838229,1,2,-186.40323161771084,-3728.064632354217,SL,2022-05-10,2022-05-10,-1.0
2022-05-11,2022-05-11 10:00:00-04:00,2022-05-11 14:30:00-04:00,SHORT,12386.75,12081.5,107.52040895818021,12682.431124634995,2,9,305.25,12210.0,FC,2022-05-11,2022-05-11,-1.0
2022-05-12,2022-05-12 10:00:00-04:00,2022-05-12 10:30:00-04:00,SHORT,11795.75,12032.97894698854,86.2650716321966,12032.97894698854,1,1,-237.22894698853997,-4744.5789397707995,SL,2022-05-12,2022-05-12,-1.0
2022-05-13,2022-05-13 10:00:00-04:00,2022-05-13 14:30:00-04:00,LONG,12243.25,12250.25,60.46604731070583,12076.96836989556,2,9,7.0,280.0,FC,2022-05-13,2022-05-13,1.0
2022-05-16,2022-05-16 10:00:00-04:00,2022-05-16 14:30:00-04:00,SHORT,12253.0,12381.5,56.29341347959982,12407.8068870689,1,9,-128.5,-2570.0,FC,2022-05-16,2022-05-16,-1.0
2022-05-17,2022-05-17 10:00:00-04:00,2022-05-17 14:30:00-04:00,LONG,12445.75,12420.25,45.124373457429066,12321.65797299207,2,9,-25.5,-1020.0,FC,2022-05-17,2022-05-17,-1.0
2022-05-18,2022-05-18 10:00:00-04:00,2022-05-18 14:30:00-04:00,SHORT,12299.5,11997.5,46.59533885996134,12427.637181864893,1,9,302.0,6040.0,FC,2022-05-18,2022-05-18,-1.0
2022-05-19,2022-05-19 10:00:00-04:00,2022-05-19 14:30:00-04:00,SHORT,11894.0,11941.75,68.06536897863015,12081.179764691233,1,9,-47.75,-955.0,FC,2022-05-19,2022-05-19,-1.0
2022-05-20,2022-05-20 10:00:00-04:00,2022-05-20 14:30:00-04:00,SHORT,11994.5,11555.25,44.5836109144753,12117.104930014808,2,9,439.25,17570.0,FC,2022-05-20,2022-05-20,-1.0
2022-05-23,2022-05-23 10:00:00-04:00,2022-05-23 12:30:00-04:00,SHORT,11853.0,12018.05222863321,60.01899223025825,12018.05222863321,1,5,-165.0522286332107,-3301.044572664214,SL,2022-05-23,2022-05-23,-1.0
2022-05-24,2022-05-24 10:00:00-04:00,2022-05-24 14:30:00-04:00,SHORT,11679.0,11729.5,53.18120092482129,11825.24830254326,2,9,-50.5,-2020.0,FC,2022-05-24,2022-05-24,-1.0
2022-05-25,2022-05-25 10:00:00-04:00,2022-05-25 14:30:00-04:00,LONG,11806.5,11940.5,54.71958264323632,11656.0211477311,1,9,134.0,2680.0,FC,2022-05-25,2022-05-25,-1.0
2022-05-26,2022-05-26 10:00:00-04:00,2022-05-26 14:30:00-04:00,LONG,12114.25,12316.0,66.06781425718182,11932.56351079275,1,9,201.75,4035.0,FC,2022-05-26,2022-05-26,-1.0
2022-05-27,2022-05-27 10:00:00-04:00,2022-05-27 14:30:00-04:00,LONG,12520.5,12595.75,58.26651810141611,12360.267075221105,1,9,75.25,1505.0,FC,2022-05-27,2022-05-27,-1.0
2022-05-31,2022-05-31 10:00:00-04:00,2022-05-31 12:30:00-04:00,SHORT,12551.5,12723.888532365358,62.68673904194828,12723.888532365358,1,5,-172.3885323653576,-3447.770647307152,SL,2022-05-31,2022-05-31,-1.0
2022-06-01,2022-06-01 10:00:00-04:00,2022-06-01 10:30:00-04:00,LONG,12805.75,12684.807287143753,43.97916831136251,12684.807287143753,2,1,-120.94271285624745,-4837.708514249898,SL,2022-06-01,2022-06-01,-1.0
2022-06-02,2022-06-02 10:00:00-04:00,2022-06-02 11:30:00-04:00,SHORT,12531.0,12677.693286644208,53.34301332516606,12677.693286644208,1,3,-146.69328664420755,-2933.865732884151,SL,2022-06-02,2022-06-02,-1.0
2022-06-03,2022-06-03 10:00:00-04:00,2022-06-03 14:30:00-04:00,SHORT,12693.5,12600.75,49.2625345232389,12828.971969938906,2,9,92.75,3710.0,FC,2022-06-03,2022-06-03,-1.0
2022-06-06,2022-06-06 10:00:00-04:00,2022-06-06 11:30:00-04:00,LONG,12749.25,12647.115888183096,37.139677024328805,12647.115888183096,1,3,-102.1341118169039,-2042.682236338078,SL,2022-06-06,2022-06-06,-1.0
2022-06-07,2022-06-07 10:00:00-04:00,2022-06-07 11:00:00-04:00,SHORT,12529.25,12667.628781422054,50.31955688074715,12667.628781422054,2,2,-138.3787814220541,-5535.151256882164,SL,2022-06-07,2022-06-07,-1.0
2022-06-08,2022-06-08 10:00:00-04:00,2022-06-08 13:00:00-04:00,LONG,12759.75,12635.581436660075,45.152204850881446,12635.581436660075,1,6,-124.16856333992473,-2483.3712667984946,SL,2022-06-08,2022-06-08,-1.0
2022-06-09,2022-06-09 10:00:00-04:00,2022-06-09 14:30:00-04:00,LONG,12670.0,12538.5,55.52272940451786,12517.312494137575,2,9,-131.5,-5260.0,FC,2022-06-09,2022-06-09,-1.0
2022-06-10,2022-06-10 10:00:00-04:00,2022-06-10 14:30:00-04:00,SHORT,11987.5,11920.0,71.91843514066728,12185.275696636834,1,9,67.5,1350.0,FC,2022-06-10,2022-06-10,-1.0
2022-06-13,2022-06-13 10:00:00-04:00,2022-06-13 14:30:00-04:00,SHORT,11512.75,11422.0,55.68459469919705,11665.882635422791,1,9,90.75,1815.0,FC,2022-06-13,2022-06-13,-1.0
2022-06-14,2022-06-14 10:00:00-04:00,2022-06-14 14:30:00-04:00,SHORT,11406.25,11357.75,61.76063820323262,11576.09175505889,1,9,48.5,970.0,FC,2022-06-14,2022-06-14,-1.0
2022-06-15,2022-06-15 10:00:00-04:00,2022-06-15 14:30:00-04:00,LONG,11511.75,11465.0,48.7748442554783,11377.619178297435,1,9,-46.75,-935.0,FC,2022-06-15,2022-06-15,-1.0
2022-06-16,2022-06-16 10:00:00-04:00,2022-06-16 14:30:00-04:00,SHORT,11266.75,11096.0,63.01829770693802,11440.050318694079,2,9,170.75,6830.0,FC,2022-06-16,2022-06-16,-1.0
2022-06-21,2022-06-21 10:00:00-04:00,2022-06-21 14:30:00-04:00,LONG,11629.0,11597.75,42.215583843312544,11512.90714443089,1,9,-31.25,-625.0,FC,2022-06-21,2022-06-21,-1.0
2022-06-22,2022-06-22 10:00:00-04:00,2022-06-22 14:30:00-04:00,LONG,11591.75,11670.25,54.68464657634601,11441.367221915049,2,9,78.5,3140.0,FC,2022-06-22,2022-06-22,-1.0
2022-06-23,2022-06-23 10:00:00-04:00,2022-06-23 14:30:00-04:00,LONG,11646.25,11644.5,53.68088263560881,11498.627572752075,1,9,-1.75,-35.0,FC,2022-06-23,2022-06-23,-1.0
2022-06-24,2022-06-24 10:00:00-04:00,2022-06-24 14:30:00-04:00,LONG,11955.0,12028.25,40.650667002309866,11843.210665743647,2,9,73.25,2930.0,FC,2022-06-24,2022-06-24,-1.0
2022-06-27,2022-06-27 10:00:00-04:00,2022-06-27 14:30:00-04:00,SHORT,12064.75,12044.25,48.672430482984545,12198.599183828208,1,9,20.5,410.0,FC,2022-06-27,2022-06-27,-1.0
2022-06-28,2022-06-28 10:00:00-04:00,2022-06-28 11:00:00-04:00,LONG,12103.75,11988.080630683742,42.061588842275356,11988.080630683742,1,2,-115.66936931625787,-2313.3873863251574,SL,2022-06-28,2022-06-28,-1.0
2022-06-29,2022-06-29 10:00:00-04:00,2022-06-29 14:30:00-04:00,SHORT,11688.25,11707.0,49.975714335888654,11825.683214423694,2,9,-18.75,-750.0,FC,2022-06-29,2022-06-29,-1.0
2022-07-01,2022-07-01 10:00:00-04:00,2022-07-01 14:30:00-04:00,SHORT,11559.75,11545.5,60.31553080293095,11725.61770970806,1,9,14.25,285.0,FC,2022-07-01,2022-07-01,-1.0
2022-07-05,2022-07-05 10:00:00-04:00,2022-07-05 11:00:00-04:00,SHORT,11448.5,11567.471029404764,43.262192510823304,11567.471029404764,1,2,-118.97102940476361,-2379.4205880952723,SL,2022-07-05,2022-07-05,-1.0
2022-07-06,2022-07-06 10:00:00-04:00,2022-07-06 14:30:00-04:00,LONG,11852.0,11879.25,48.38590905408182,11718.938750101275,2,9,27.25,1090.0,FC,2022-07-06,2022-07-06,-1.0
2022-07-07,2022-07-07 10:00:00-04:00,2022-07-07 14:30:00-04:00,LONG,12034.75,12143.75,39.97929303573318,11924.806944151735,1,9,109.0,2180.0,FC,2022-07-07,2022-07-07,-1.0
2022-07-11,2022-07-11 10:00:00-04:00,2022-07-11 14:30:00-04:00,SHORT,11884.5,11943.75,45.828832586233375,12010.529289612141,1,9,-59.25,-1185.0,FC,2022-07-11,2022-07-11,-1.0
2022-07-12,2022-07-12 10:00:00-04:00,2022-07-12 14:30:00-04:00,SHORT,11856.25,11879.75,49.53442305778508,11992.469663408909,2,9,-23.5,-940.0,FC,2022-07-12,2022-07-12,-1.0
2022-07-13,2022-07-13 10:00:00-04:00,2022-07-13 14:30:00-04:00,SHORT,11679.5,11806.75,88.76883354161482,11923.614292239441,1,9,-127.25,-2545.0,FC,2022-07-13,2022-07-13,-1.0
2022-07-14,2022-07-14 10:00:00-04:00,2022-07-14 12:00:00-04:00,SHORT,11567.25,11712.406187767192,52.78406827897894,11712.406187767192,2,4,-145.15618776719202,-5806.247510687681,SL,2022-07-14,2022-07-14,-1.0
2022-07-15,2022-07-15 10:00:00-04:00,2022-07-15 14:30:00-04:00,LONG,11900.25,11976.25,53.14914440807712,11754.089852877787,1,9,76.0,1520.0,FC,2022-07-15,2022-07-15,1.0
2022-07-18,2022-07-18 10:00:00-04:00,2022-07-18 14:00:00-04:00,LONG,12162.5,12074.023021171854,32.173446846599006,12074.023021171854,1,8,-88.47697882814646,-1769.5395765629291,SL,2022-07-18,2022-07-18,-1.0
2022-07-19,2022-07-19 10:00:00-04:00,2022-07-19 14:30:00-04:00,LONG,12066.5,12236.0,36.703604827415255,11965.565086724608,2,9,169.5,6780.0,FC,2022-07-19,2022-07-19,-1.0
2022-07-20,2022-07-20 10:00:00-04:00,2022-07-20 14:30:00-04:00,LONG,12285.5,12446.25,35.51539568378465,12187.832661869592,1,9,160.75,3215.0,FC,2022-07-20,2022-07-20,1.0
2022-07-21,2022-07-21 10:00:00-04:00,2022-07-21 14:30:00-04:00,LONG,12497.0,12612.25,47.692724823012306,12365.845006736716,1,9,115.25,2305.0,FC,2022-07-21,2022-07-21,-1.0
2022-07-22,2022-07-22 10:00:00-04:00,2022-07-22 12:00:00-04:00,LONG,12578.5,12481.53142473199,35.261300097458715,12481.53142473199,1,4,-96.96857526801068,-1939.3715053602136,SL,2022-07-22,2022-07-22,-1.0
2022-07-25,2022-07-25 10:00:00-04:00,2022-07-25 14:30:00-04:00,SHORT,12387.25,12311.75,32.702889815399374,12477.182946992349,2,9,75.5,3020.0,FC,2022-07-25,2022-07-25,-1.0
2022-07-26,2022-07-26 10:00:00-04:00,2022-07-26 14:30:00-04:00,SHORT,12235.25,12095.0,35.295778521065266,12332.31339093293,1,9,140.25,2805.0,FC,2022-07-26,2022-07-26,-1.0
2022-07-27,2022-07-27 10:00:00-04:00,2022-07-27 14:30:00-04:00,LONG,12385.5,12455.75,33.974848783136196,12292.069165846375,1,9,70.25,1405.0,FC,2022-07-27,2022-07-27,1.0
2022-07-29,2022-07-29 10:00:00-04:00,2022-07-29 14:30:00-04:00,LONG,12865.25,12952.0,45.985772518869,12738.78912557311,1,9,86.75,1735.0,FC,2022-07-29,2022-07-29,1.0
2022-08-01,2022-08-01 10:00:00-04:00,2022-08-01 14:30:00-04:00,LONG,12990.75,12948.5,40.00569735578532,12880.73433227159,1,9,-42.25,-845.0,FC,2022-08-01,2022-08-01,1.0
2022-08-02,2022-08-02 10:00:00-04:00,2022-08-02 14:30:00-04:00,LONG,12912.5,12976.5,37.69594401042704,12808.836153971326,2,9,64.0,2560.0,FC,2022-08-02,2022-08-02,-1.0
2022-08-03,2022-08-03 10:00:00-04:00,2022-08-03 14:30:00-04:00,LONG,13114.25,13282.0,40.03880684977494,13004.143281163118,1,9,167.75,3355.0,FC,2022-08-03,2022-08-03,1.0
2022-08-04,2022-08-04 10:00:00-04:00,2022-08-04 11:00:00-04:00,LONG,13303.0,13197.064000180084,38.52218175269684,13197.064000180084,1,2,-105.9359998199161,-2118.719996398322,SL,2022-08-04,2022-08-04,-1.0
2022-08-05,2022-08-05 10:00:00-04:00,2022-08-05 14:30:00-04:00,SHORT,13181.75,13154.75,49.14065817741538,13316.886809987893,2,9,27.0,1080.0,FC,2022-08-05,2022-08-05,-1.0
2022-08-08,2022-08-08 10:00:00-04:00,2022-08-08 12:00:00-04:00,LONG,13392.25,13260.616262827694,47.86681351720209,13260.616262827694,1,4,-131.6337371723057,-2632.674743446114,SL,2022-08-08,2022-08-08,-1.0
2022-08-09,2022-08-09 10:00:00-04:00,2022-08-09 14:30:00-04:00,SHORT,13001.25,12995.0,37.2672220172338,13103.734860547393,2,9,6.25,250.0,FC,2022-08-09,2022-08-09,-1.0
2022-08-10,2022-08-10 10:00:00-04:00,2022-08-10 14:30:00-04:00,LONG,13318.25,13362.25,54.900987977073825,13167.272283063046,1,9,44.0,880.0,FC,2022-08-10,2022-08-10,1.0
2022-08-11,2022-08-11 10:00:00-04:00,2022-08-11 11:30:00-04:00,LONG,13493.75,13406.388789821265,31.76771279226722,13406.388789821265,1,3,-87.36121017873484,-1747.2242035746967,SL,2022-08-11,2022-08-11,-1.0
2022-08-12,2022-08-12 10:00:00-04:00,2022-08-12 14:30:00-04:00,LONG,13425.0,13518.0,29.91295499961644,13342.739373751056,2,9,93.0,3720.0,FC,2022-08-12,2022-08-12,-1.0
2022-08-15,2022-08-15 10:00:00-04:00,2022-08-15 14:30:00-04:00,LONG,13617.5,13654.25,32.781437114468254,13527.351047935212,1,9,36.75,735.0,FC,2022-08-15,2022-08-15,-1.0
2022-08-16,2022-08-16 10:00:00-04:00,2022-08-16 14:00:00-04:00,SHORT,13611.75,13686.673925075502,27.24506366381885,13686.673925075502,1,8,-74.92392507550176,-1498.4785015100351,SL,2022-08-16,2022-08-16,-1.0
2022-08-17,2022-08-17 10:00:00-04:00,2022-08-17 14:30:00-04:00,SHORT,13534.0,13577.5,33.144288628173896,13625.146793727477,2,9,-43.5,-1740.0,FC,2022-08-17,2022-08-17,-1.0
2022-08-18,2022-08-18 10:00:00-04:00,2022-08-18 11:30:00-04:00,SHORT,13452.25,13543.134053383576,33.048746684936525,13543.134053383576,1,3,-90.88405338357552,-1817.6810676715104,SL,2022-08-18,2022-08-18,-1.0
2022-08-19,2022-08-19 10:00:00-04:00,2022-08-19 14:30:00-04:00,SHORT,13308.5,13259.75,39.092317465349794,13416.003873029713,2,9,48.75,1950.0,FC,2022-08-19,2022-08-19,-1.0
2022-08-22,2022-08-22 10:00:00-04:00,2022-08-22 14:30:00-04:00,SHORT,13027.5,12921.25,30.813876612207046,13112.23816068357,1,9,106.25,2125.0,FC,2022-08-22,2022-08-22,-1.0
2022-08-23,2022-08-23 10:00:00-04:00,2022-08-23 14:30:00-04:00,SHORT,12948.0,12946.5,40.79962208179088,13060.198960724925,1,9,1.5,30.0,FC,2022-08-23,2022-08-23,-1.0
2022-08-24,2022-08-24 10:00:00-04:00,2022-08-24 11:30:00-04:00,SHORT,12904.25,12988.090319537461,30.48738892271347,12988.090319537461,1,3,-83.84031953746126,-1676.806390749225,SL,2022-08-24,2022-08-24,-1.0
2022-08-25,2022-08-25 10:00:00-04:00,2022-08-25 14:30:00-04:00,LONG,13043.75,13085.5,34.8135452379535,12948.012750595628,2,9,41.75,1670.0,FC,2022-08-25,2022-08-25,-1.0
2022-08-26,2022-08-26 10:00:00-04:00,2022-08-26 10:30:00-04:00,LONG,13122.25,13029.198028676818,33.83708048115719,13029.198028676818,1,1,-93.05197132318244,-1861.0394264636489,SL,2022-08-26,2022-08-26,-1.0
2022-08-29,2022-08-29 10:00:00-04:00,2022-08-29 14:30:00-04:00,SHORT,12533.75,12539.5,43.54311490072858,12653.493565977004,2,9,-5.75,-230.0,FC,2022-08-29,2022-08-29,-1.0
2022-08-30,2022-08-30 10:00:00-04:00,2022-08-30 14:30:00-04:00,SHORT,12479.75,12285.25,39.94154232202538,12589.589241385569,1,9,194.5,3890.0,FC,2022-08-30,2022-08-30,-1.0
2022-08-31,2022-08-31 10:00:00-04:00,2022-08-31 11:30:00-04:00,LONG,12455.75,12321.283678219408,48.89684428385155,12321.283678219408,1,3,-134.4663217805919,-2689.326435611838,SL,2022-08-31,2022-08-31,-1.0
2022-09-01,2022-09-01 10:00:00-04:00,2022-09-01 14:30:00-04:00,SHORT,12187.0,12174.0,41.18050910471543,12300.246400037968,2,9,13.0,520.0,FC,2022-09-01,2022-09-01,-1.0
2022-09-02,2022-09-02 10:00:00-04:00,2022-09-02 13:30:00-04:00,LONG,12308.5,12157.066037570079,55.06689542906225,12157.066037570079,1,7,-151.43396242992094,-3028.679248598419,SL,2022-09-02,2022-09-02,-1.0
2022-09-06,2022-09-06 10:00:00-04:00,2022-09-06 14:30:00-04:00,SHORT,12046.0,12039.5,49.066495698159876,12180.932863169939,2,9,6.5,260.0,FC,2022-09-06,2022-09-06,-1.0
2022-09-07,2022-09-07 10:00:00-04:00,2022-09-07 14:30:00-04:00,LONG,12078.5,12248.25,41.84773132314229,11963.418738861359,1,9,169.75,3395.0,FC,2022-09-07,2022-09-07,-1.0
2022-09-08,2022-09-08 10:00:00-04:00,2022-09-08 14:30:00-04:00,LONG,12322.0,12336.75,47.46999686876143,12191.457508610905,1,9,14.75,295.0,FC,2022-09-08,2022-09-08,-1.0
2022-09-09,2022-09-09 10:00:00-04:00,2022-09-09 14:30:00-04:00,LONG,12578.75,12676.25,35.12124619885843,12482.16657295314,1,9,97.5,1950.0,FC,2022-09-09,2022-09-09,-1.0
2022-09-12,2022-09-12 10:00:00-04:00,2022-09-12 14:30:00-04:00,LONG,12816.25,12776.25,35.66653362485634,12718.167032531645,1,9,-40.0,-800.0,FC,2022-09-12,2022-09-12,-1.0
2022-09-13,2022-09-13 10:00:00-04:00,2022-09-13 14:30:00-04:00,SHORT,12388.25,12253.5,76.76812131428596,12599.362333614286,2,9,134.75,5390.0,FC,2022-09-13,2022-09-13,-1.0
2022-09-14,2022-09-14 10:00:00-04:00,2022-09-14 14:30:00-04:00,SHORT,12193.75,12151.75,49.08469421257329,12328.732909084576,1,9,42.0,840.0,FC,2022-09-14,2022-09-14,-1.0
2022-09-15,2022-09-15 10:00:00-04:00,2022-09-15 14:30:00-04:00,SHORT,12203.5,12055.75,44.57534452519542,12326.082197444288,1,9,147.75,2955.0,FC,2022-09-15,2022-09-15,-1.0
2022-09-16,2022-09-16 10:00:00-04:00,2022-09-16 11:00:00-04:00,SHORT,11794.25,11896.652372558689,37.237226384977696,11896.652372558689,1,2,-102.40237255868851,-2048.0474511737702,SL,2022-09-16,2022-09-16,-1.0
2022-09-19,2022-09-19 10:00:00-04:00,2022-09-19 14:30:00-04:00,LONG,11914.5,11919.0,40.590052371113124,11802.877355979439,2,9,4.5,180.0,FC,2022-09-19,2022-09-19,-1.0
2022-09-20,2022-09-20 10:00:00-04:00,2022-09-20 12:00:00-04:00,SHORT,11920.75,12012.975112329483,33.53640448344794,12012.975112329483,1,4,-92.22511232948273,-1844.5022465896545,SL,2022-09-20,2022-09-20,-1.0
2022-09-21,2022-09-21 10:00:00-04:00,2022-09-21 14:30:00-04:00,LONG,11970.75,11847.5,32.00609953771688,11882.733226271279,2,9,-123.25,-4930.0,FC,2022-09-21,2022-09-21,-1.0
2022-09-22,2022-09-22 10:00:00-04:00,2022-09-22 14:30:00-04:00,SHORT,11591.5,11540.0,63.08812056872236,11764.992331563986,1,9,51.5,1030.0,FC,2022-09-22,2022-09-22,-1.0
2022-09-23,2022-09-23 10:00:00-04:00,2022-09-23 14:30:00-04:00,SHORT,11353.5,11282.5,45.76864273610599,11479.363767524292,1,9,71.0,1420.0,FC,2022-09-23,2022-09-23,-1.0
2022-09-26,2022-09-26 10:00:00-04:00,2022-09-26 12:30:00-04:00,LONG,11491.25,11323.392749696999,61.03900011018248,11323.392749696999,1,5,-167.8572503030009,-3357.145006060018,SL,2022-09-26,2022-09-26,-1.0
2022-09-27,2022-09-27 10:00:00-04:00,2022-09-27 12:00:00-04:00,LONG,11489.25,11366.856078690647,44.50688047612841,11366.856078690647,2,4,-122.39392130935266,-4895.7568523741065,SL,2022-09-27,2022-09-27,-1.0
2022-09-28,2022-09-28 10:00:00-04:00,2022-09-28 14:30:00-04:00,LONG,11311.75,11498.0,68.86796954630793,11122.363083747654,1,9,186.25,3725.0,FC,2022-09-28,2022-09-28,-1.0
2022-09-29,2022-09-29 10:00:00-04:00,2022-09-29 14:30:00-04:00,SHORT,11256.0,11133.25,62.299676450818204,11427.32411023975,1,9,122.75,2455.0,FC,2022-09-29,2022-09-29,-1.0
2022-09-30,2022-09-30 10:00:00-04:00,2022-09-30 14:30:00-04:00,SHORT,11231.5,11165.5,63.44133506779812,11405.963671436444,1,9,66.0,1320.0,FC,2022-09-30,2022-09-30,-1.0
2022-10-03,2022-10-03 10:00:00-04:00,2022-10-03 14:30:00-04:00,LONG,11091.25,11323.75,46.84651531448338,10962.42208288517,1,9,232.5,4650.0,FC,2022-10-03,2022-10-03,-1.0
2022-10-04,2022-10-04 10:00:00-04:00,2022-10-04 14:30:00-04:00,LONG,11616.75,11585.25,37.63831639136568,11513.244629923744,1,9,-31.5,-630.0,FC,2022-10-04,2022-10-04,-1.0
2022-10-05,2022-10-05 10:00:00-04:00,2022-10-05 13:30:00-04:00,SHORT,11494.5,11598.61097911619,37.8585378604331,11598.61097911619,2,7,-104.11097911619072,-4164.439164647629,SL,2022-10-05,2022-10-05,-1.0
2022-10-06,2022-10-06 10:00:00-04:00,2022-10-06 14:30:00-04:00,LONG,11637.5,11588.25,49.508264760949714,11501.352271907388,1,9,-49.25,-985.0,FC,2022-10-06,2022-10-06,-1.0
2022-10-07,2022-10-07 10:00:00-04:00,2022-10-07 14:30:00-04:00,SHORT,11225.5,11097.25,61.31154155668976,11394.106739280896,2,9,128.25,5130.0,FC,2022-10-07,2022-10-07,-1.0
2022-10-10,2022-10-10 10:00:00-04:00,2022-10-10 14:30:00-04:00,SHORT,11014.25,11002.75,45.30288227384127,11138.832926253064,1,9,11.5,230.0,FC,2022-10-10,2022-10-10,-1.0
2022-10-11,2022-10-11 10:00:00-04:00,2022-10-11 12:00:00-04:00,SHORT,10823.5,10958.376555928577,49.04602033766455,10958.376555928577,1,4,-134.87655592857664,-2697.5311185715327,SL,2022-10-11,2022-10-11,-1.0
2022-10-12,2022-10-12 10:00:00-04:00,2022-10-12 14:30:00-04:00,SHORT,10891.0,10908.0,53.934615135556484,11039.32019162278,2,9,-17.0,-680.0,FC,2022-10-12,2022-10-12,-1.0
2022-10-13,2022-10-13 10:00:00-04:00,2022-10-13 11:30:00-04:00,SHORT,10615.0,10839.331965982015,81.5752603570963,10839.331965982015,1,3,-224.3319659820154,-4486.639319640308,SL,2022-10-13,2022-10-13,-1.0
2022-10-14,2022-10-14 10:00:00-04:00,2022-10-14 12:00:00-04:00,LONG,11050.5,10835.894320087933,78.03842905893336,10835.894320087933,2,4,-214.605679912067,-8584.22719648268,SL,2022-10-14,2022-10-14,-1.0
2022-10-18,2022-10-18 10:00:00-04:00,2022-10-18 11:30:00-04:00,LONG,11307.5,11152.173446215513,56.48238319435872,11152.173446215513,1,3,-155.32655378448726,-3106.531075689745,SL,2022-10-18,2022-10-18,-1.0
2022-10-19,2022-10-19 10:00:00-04:00,2022-10-19 14:30:00-04:00,SHORT,11137.0,11143.25,54.57270024474456,11287.074925673047,2,9,-6.25,-250.0,FC,2022-10-19,2022-10-19,-1.0
2022-10-20,2022-10-20 10:00:00-04:00,2022-10-20 14:30:00-04:00,LONG,11202.5,11057.75,62.73228060404267,11029.986228338883,1,9,-144.75,-2895.0,FC,2022-10-20,2022-10-20,-1.0
2022-10-21,2022-10-21 10:00:00-04:00,2022-10-21 14:30:00-04:00,LONG,11155.75,11295.5,59.338508549860194,10992.569101487885,2,9,139.75,5590.0,FC,2022-10-21,2022-10-21,-1.0
2022-10-24,2022-10-24 10:00:00-04:00,2022-10-24 14:30:00-04:00,LONG,11362.25,11430.75,60.934744246573544,11194.679453321924,1,9,68.5,1370.0,FC,2022-10-24,2022-10-24,-1.0
2022-10-25,2022-10-25 10:00:00-04:00,2022-10-25 14:30:00-04:00,LONG,11649.25,11684.75,42.82863400367833,11531.471256489884,1,9,35.5,710.0,FC,2022-10-25,2022-10-25,-1.0
2022-10-26,2022-10-26 10:00:00-04:00,2022-10-26 11:00:00-04:00,SHORT,11482.75,11591.643955294678,39.59780192533714,11591.643955294678,1,2,-108.89395529467765,-2177.879105893553,SL,2022-10-26,2022-10-26,-1.0
2022-10-28,2022-10-28 10:00:00-04:00,2022-10-28 11:30:00-04:00,SHORT,11320.5,11491.467200448962,62.169891072349884,11491.467200448962,2,3,-170.9672004489621,-6838.688017958484,SL,2022-10-28,2022-10-28,1.0
2022-11-01,2022-11-01 10:00:00-04:00,2022-11-01 10:30:00-04:00,LONG,11513.0,11416.833446655462,34.969655761649946,11416.833446655462,1,1,-96.16655334453753,-1923.3310668907507,SL,2022-11-01,2022-11-01,-1.0
2022-11-02,2022-11-02 10:00:00-04:00,2022-11-02 14:30:00-04:00,SHORT,11279.75,11434.75,31.609134410733528,11366.675119629517,2,9,-155.0,-6200.0,FC,2022-11-02,2022-11-02,-1.0
2022-11-03,2022-11-03 10:00:00-04:00,2022-11-03 11:00:00-04:00,SHORT,10725.75,10850.075925764939,45.2094275508867,10850.075925764939,1,2,-124.3259257649388,-2486.518515298776,SL,2022-11-03,2022-11-03,-1.0
2022-11-04,2022-11-04 10:00:00-04:00,2022-11-04 14:30:00-04:00,LONG,10844.5,10743.75,72.0913721853774,10646.248726490212,2,9,-100.75,-4030.0,FC,2022-11-04,2022-11-04,-1.0
2022-11-07,2022-11-07 10:00:00-05:00,2022-11-07 14:30:00-05:00,LONG,10883.5,10995.75,40.806316899349035,10771.28262852679,1,9,112.25,2245.0,FC,2022-11-07,2022-11-07,-1.0
2022-11-08,2022-11-08 10:00:00-05:00,2022-11-08 14:30:00-05:00,LONG,11064.5,10944.75,33.75852979507007,10971.664043063558,1,9,-119.75,-2395.0,FC,2022-11-08,2022-11-08,-1.0
2022-11-09,2022-11-09 10:00:00-05:00,2022-11-09 14:30:00-05:00,SHORT,10976.75,10898.25,47.904531577712234,11108.48746183871,2,9,78.5,3140.0,FC,2022-11-09,2022-11-09,-1.0
2022-11-10,2022-11-10 10:00:00-05:00,2022-11-10 14:30:00-05:00,LONG,11450.75,11507.25,85.35364269276316,11216.027482594902,1,9,56.5,1130.0,FC,2022-11-10,2022-11-10,1.0
2022-11-11,2022-11-11 10:00:00-05:00,2022-11-11 14:30:00-05:00,LONG,11644.75,11854.25,47.1917313404676,11514.972738813714,1,9,209.5,4190.0,FC,2022-11-11,2022-11-11,1.0
2022-11-14,2022-11-14 10:00:00-05:00,2022-11-14 14:30:00-05:00,LONG,11744.75,11884.25,33.122028384958014,11653.664421941365,1,9,139.5,2790.0,FC,2022-11-14,2022-11-14,-1.0
2022-11-15,2022-11-15 10:00:00-05:00,2022-11-15 13:30:00-05:00,LONG,12031.25,11894.38062940784,49.770680215330515,11894.38062940784,1,7,-136.8693705921596,-2737.3874118431922,SL,2022-11-15,2022-11-15,-1.0
2022-11-16,2022-11-16 10:00:00-05:00,2022-11-16 14:30:00-05:00,SHORT,11782.5,11762.25,43.01158045157048,11900.781846241818,2,9,20.25,810.0,FC,2022-11-16,2022-11-16,-1.0
2022-11-17,2022-11-17 10:00:00-05:00,2022-11-17 12:30:00-05:00,SHORT,11589.0,11714.355789821984,45.58392357163087,11714.355789821984,1,5,-125.35578982198422,-2507.1157964396843,SL,2022-11-17,2022-11-17,-1.0
2022-11-18,2022-11-18 10:00:00-05:00,2022-11-18 11:30:00-05:00,LONG,11753.25,11649.9963966805,37.54676484345459,11649.9963966805,2,3,-103.25360331949923,-4130.144132779969,SL,2022-11-18,2022-11-18,1.0
2022-11-21,2022-11-21 10:00:00-05:00,2022-11-21 14:30:00-05:00,SHORT,11662.5,11588.75,30.168155378727064,11745.462427291499,1,9,73.75,1475.0,FC,2022-11-21,2022-11-21,-1.0
2022-11-22,2022-11-22 10:00:00-05:00,2022-11-22 11:00:00-05:00,SHORT,11546.0,11639.362991631553,33.95017877511026,11639.362991631553,1,2,-93.36299163155309,-1867.2598326310617,SL,2022-11-22,2022-11-22,1.0
2022-11-23,2022-11-23 10:00:00-05:00,2022-11-23 13:00:00-05:00,LONG,11832.5,11748.350136497767,30.59995036444797,11748.350136497767,2,6,-84.14986350223262,-3365.994540089305,SL,2022-11-23,2022-11-23,1.0
2022-11-28,2022-11-28 10:00:00-05:00,2022-11-28 11:30:00-05:00,LONG,11757.5,11673.800217131042,30.43628467962092,11673.800217131042,1,3,-83.69978286895821,-1673.9956573791642,SL,2022-11-28,2022-11-28,-1.0
2022-11-29,2022-11-29 10:00:00-05:00,2022-11-29 14:30:00-05:00,SHORT,11578.5,11511.25,28.249292979088807,11656.185555692495,2,9,67.25,2690.0,FC,2022-11-29,2022-11-29,-1.0
2022-11-30,2022-11-30 10:00:00-05:00,2022-11-30 14:00:00-05:00,SHORT,11564.75,11648.101181707332,30.30952062084784,11648.101181707332,1,8,-83.35118170733222,-1667.0236341466443,SL,2022-11-30,2022-11-30,1.0
2022-12-01,2022-12-01 10:00:00-05:00,2022-12-01 10:30:00-05:00,LONG,12109.75,12004.114007581882,38.413088152042974,12004.114007581882,2,1,-105.6359924181179,-4225.439696724716,SL,2022-12-01,2022-12-01,1.0
2022-12-02,2022-12-02 10:00:00-05:00,2022-12-02 14:30:00-05:00,SHORT,11873.75,11936.0,50.99747215380431,12013.993048422963,1,9,-62.25,-1245.0,FC,2022-12-02,2022-12-02,-1.0
2022-12-05,2022-12-05 10:00:00-05:00,2022-12-05 14:30:00-05:00,SHORT,11933.0,11776.0,28.26899123685136,12010.739725901341,2,9,157.0,6280.0,FC,2022-12-05,2022-12-05,-1.0
2022-12-06,2022-12-06 10:00:00-05:00,2022-12-06 14:30:00-05:00,SHORT,11664.75,11516.75,38.08208323530596,11769.475728897092,1,9,148.0,2960.0,FC,2022-12-06,2022-12-06,-1.0
2022-12-07,2022-12-07 10:00:00-05:00,2022-12-07 14:30:00-05:00,SHORT,11471.5,11510.5,43.742141233382725,11591.790888391803,1,9,-39.0,-780.0,FC,2022-12-07,2022-12-07,-1.0
2022-12-08,2022-12-08 10:00:00-05:00,2022-12-08 14:30:00-05:00,LONG,11601.0,11607.0,34.160350312945994,11507.059036639399,2,9,6.0,240.0,FC,2022-12-08,2022-12-08,-1.0
2022-12-09,2022-12-09 10:00:00-05:00,2022-12-09 14:30:00-05:00,SHORT,11612.75,11663.5,49.9413794159534,11750.088793393872,1,9,-50.75,-1015.0,FC,2022-12-09,2022-12-09,-1.0
2022-12-12,2022-12-12 10:00:00-05:00,2022-12-12 14:30:00-05:00,LONG,11711.75,11719.0,26.898793378873187,11637.778318208098,2,9,7.25,290.0,FC,2022-12-12,2022-12-12,-1.0
2022-12-13,2022-12-13 10:00:00-05:00,2022-12-13 11:00:00-05:00,LONG,12257.5,12066.562252919772,69.43190802917401,12066.562252919772,1,2,-190.9377470802283,-3818.754941604566,SL,2022-12-13,2022-12-13,-1.0
2022-12-14,2022-12-14 10:00:00-05:00,2022-12-14 14:30:00-05:00,LONG,12009.25,11879.0,32.73015717458804,11919.242067769883,2,9,-130.25,-5210.0,FC,2022-12-14,2022-12-14,-1.0
2022-12-15,2022-12-15 10:00:00-05:00,2022-12-15 14:30:00-05:00,SHORT,11573.0,11421.5,50.05750663591344,11710.658143248762,1,9,151.5,3030.0,FC,2022-12-15,2022-12-15,-1.0
2022-12-16,2022-12-16 10:00:00-05:00,2022-12-16 14:30:00-05:00,SHORT,11454.5,11297.25,41.730313376454745,11569.25836178525,1,9,157.25,3145.0,FC,2022-12-16,2022-12-16,-1.0
2022-12-19,2022-12-19 10:00:00-05:00,2022-12-19 14:30:00-05:00,SHORT,11268.75,11156.25,32.906067768507654,11359.241686363395,1,9,112.5,2250.0,FC,2022-12-19,2022-12-19,-1.0
2022-12-20,2022-12-20 10:00:00-05:00,2022-12-20 14:30:00-05:00,SHORT,11168.75,11193.25,40.086583765901,11278.988105356228,1,9,-24.5,-490.0,FC,2022-12-20,2022-12-20,-1.0
2022-12-21,2022-12-21 10:00:00-05:00,2022-12-21 14:30:00-05:00,LONG,11226.0,11361.0,31.73695951808537,11138.723361325265,2,9,135.0,5400.0,FC,2022-12-21,2022-12-21,-1.0
2022-12-27,2022-12-27 10:00:00-05:00,2022-12-27 14:30:00-05:00,SHORT,10930.25,10909.25,38.01556732551696,11034.792810145173,1,9,21.0,420.0,FC,2022-12-27,2022-12-27,-1.0
2022-12-28,2022-12-28 10:00:00-05:00,2022-12-28 14:30:00-05:00,SHORT,10950.75,10806.75,32.87589274923728,11041.158705060403,1,9,144.0,2880.0,FC,2022-12-28,2022-12-28,-1.0
2022-12-29,2022-12-29 10:00:00-05:00,2022-12-29 14:30:00-05:00,LONG,10963.25,11035.5,31.238678655507883,10877.343633697354,1,9,72.25,1445.0,FC,2022-12-29,2022-12-29,-1.0
2022-12-30,2022-12-30 10:00:00-05:00,2022-12-30 14:30:00-05:00,SHORT,10915.25,10903.25,30.288983338587542,10998.544704181115,1,9,12.0,240.0,FC,2022-12-30,2022-12-30,-1.0
2023-01-03,2023-01-03 10:00:00-05:00,2023-01-03 14:30:00-05:00,SHORT,10993.75,10903.5,53.635213009255125,11141.246835775451,1,9,90.25,1805.0,FC,2023-01-03,2023-01-03,-1.0
2023-01-04,2023-01-04 10:00:00-05:00,2023-01-04 14:30:00-05:00,SHORT,10980.5,10913.0,36.76403949573651,11081.601108613275,1,9,67.5,1350.0,FC,2023-01-04,2023-01-04,-1.0
2023-01-05,2023-01-05 10:00:00-05:00,2023-01-05 14:30:00-05:00,SHORT,10867.75,10860.5,43.35578361296722,10986.97840493566,1,9,7.25,145.0,FC,2023-01-05,2023-01-05,-1.0
2023-01-06,2023-01-06 10:00:00-05:00,2023-01-06 11:00:00-05:00,SHORT,10814.5,10983.032232196028,61.28444807128306,10983.032232196028,1,2,-168.53223219602842,-3370.6446439205683,SL,2023-01-06,2023-01-06,-1.0
2023-01-09,2023-01-09 10:00:00-05:00,2023-01-09 14:30:00-05:00,LONG,11310.75,11300.25,34.92907018499603,11214.69505699126,2,9,-10.5,-420.0,FC,2023-01-09,2023-01-09,-1.0
2023-01-10,2023-01-10 10:00:00-05:00,2023-01-10 14:30:00-05:00,LONG,11210.25,11262.25,38.99576363590144,11103.011650001272,1,9,52.0,1040.0,FC,2023-01-10,2023-01-10,-1.0
2023-01-11,2023-01-11 10:00:00-05:00,2023-01-11 14:30:00-05:00,LONG,11336.75,11407.0,29.17202492583644,11256.52693145395,1,9,70.25,1405.0,FC,2023-01-11,2023-01-11,-1.0
2023-01-12,2023-01-12 10:00:00-05:00,2023-01-12 14:30:00-05:00,SHORT,11357.5,11535.25,78.34047340709606,11572.936301869515,1,9,-177.75,-3555.0,FC,2023-01-12,2023-01-12,1.0
2023-01-13,2023-01-13 10:00:00-05:00,2023-01-13 14:00:00-05:00,SHORT,11458.0,11549.296622188127,33.198771704773165,11549.296622188127,2,8,-91.296622188127,-3651.86488752508,SL,2023-01-13,2023-01-13,1.0
2023-01-17,2023-01-17 10:00:00-05:00,2023-01-17 14:30:00-05:00,LONG,11614.75,11621.75,29.820811541730954,11532.74276826024,1,9,7.0,140.0,FC,2023-01-17,2023-01-17,-1.0
2023-01-18,2023-01-18 10:00:00-05:00,2023-01-18 11:00:00-05:00,LONG,11719.25,11638.469400656613,29.374763397595284,11638.469400656613,1,2,-80.78059934338671,-1615.6119868677342,SL,2023-01-18,2023-01-18,-1.0
2023-01-19,2023-01-19 10:00:00-05:00,2023-01-19 14:30:00-05:00,SHORT,11396.25,11432.75,34.40013465338644,11490.850370296812,2,9,-36.5,-1460.0,FC,2023-01-19,2023-01-19,-1.0
2023-01-20,2023-01-20 10:00:00-05:00,2023-01-20 14:30:00-05:00,LONG,11449.25,11614.75,30.177912392612114,11366.260740920317,1,9,165.5,3310.0,FC,2023-01-20,2023-01-20,-1.0
2023-01-23,2023-01-23 10:00:00-05:00,2023-01-23 14:30:00-05:00,LONG,11801.0,11929.5,36.5333276324134,11700.533349010862,1,9,128.5,2570.0,FC,2023-01-23,2023-01-23,1.0
2023-01-24,2023-01-24 10:00:00-05:00,2023-01-24 14:30:00-05:00,LONG,11884.25,11905.5,30.148626502848547,11801.341277117166,1,9,21.25,425.0,FC,2023-01-24,2023-01-24,-1.0
2023-01-25,2023-01-25 10:00:00-05:00,2023-01-25 11:30:00-05:00,SHORT,11624.25,11716.882855991576,33.68467490602757,11716.882855991576,1,3,-92.63285599157643,-1852.6571198315287,SL,2023-01-25,2023-01-25,-1.0
2023-01-26,2023-01-26 10:00:00-05:00,2023-01-26 14:30:00-05:00,LONG,11975.25,12045.75,39.64738805742165,11866.219682842091,2,9,70.5,2820.0,FC,2023-01-26,2023-01-26,-1.0
2023-01-27,2023-01-27 10:00:00-05:00,2023-01-27 14:30:00-05:00,LONG,12123.0,12264.5,32.792150583484755,12032.821585895417,1,9,141.5,2830.0,FC,2023-01-27,2023-01-27,1.0
2023-01-30,2023-01-30 10:00:00-05:00,2023-01-30 10:30:00-05:00,LONG,12119.75,12031.910690490902,31.941567094217596,12031.910690490902,1,1,-87.8393095090978,-1756.786190181956,SL,2023-01-30,2023-01-30,-1.0
2023-01-31,2023-01-31 10:00:00-05:00,2023-01-31 14:30:00-05:00,LONG,11995.0,12101.0,38.12651712568652,11890.152077904362,2,9,106.0,4240.0,FC,2023-01-31,2023-01-31,-1.0
2023-02-01,2023-02-01 10:00:00-05:00,2023-02-01 11:00:00-05:00,LONG,12149.5,12082.648264762856,24.30972190441601,12082.648264762856,1,2,-66.85173523714366,-1337.0347047428731,SL,2023-02-01,2023-02-01,-1.0
2023-02-02,2023-02-02 10:00:00-05:00,2023-02-02 14:30:00-05:00,LONG,12673.0,12817.75,38.42031190449208,12567.344142262647,2,9,144.75,5790.0,FC,2023-02-02,2023-02-02,1.0
2023-02-03,2023-02-03 10:00:00-05:00,2023-02-03 14:30:00-05:00,LONG,12721.25,12649.5,65.4185839030627,12541.348894266577,1,9,-71.75,-1435.0,FC,2023-02-03,2023-02-03,-1.0
2023-02-06,2023-02-06 10:00:00-05:00,2023-02-06 14:30:00-05:00,SHORT,12549.25,12547.5,34.84949668209537,12645.086115875762,2,9,1.75,70.0,FC,2023-02-06,2023-02-06,-1.0
2023-02-07,2023-02-07 10:00:00-05:00,2023-02-07 12:00:00-05:00,SHORT,12497.75,12580.642272026094,30.142644373125453,12580.642272026094,1,4,-82.89227202609436,-1657.8454405218872,SL,2023-02-07,2023-02-07,-1.0
2023-02-08,2023-02-08 10:00:00-05:00,2023-02-08 11:30:00-05:00,LONG,12698.75,12596.817538484987,37.06634964182295,12596.817538484987,2,3,-101.93246151501262,-4077.2984606005048,SL,2023-02-08,2023-02-08,-1.0
2023-02-09,2023-02-09 10:00:00-05:00,2023-02-09 11:30:00-05:00,LONG,12673.5,12579.612142621936,34.14103904656893,12579.612142621936,1,3,-93.88785737806393,-1877.7571475612785,SL,2023-02-09,2023-02-09,-1.0
2023-02-10,2023-02-10 10:00:00-05:00,2023-02-10 14:30:00-05:00,SHORT,12347.0,12291.0,37.58252881198477,12450.351954232958,2,9,56.0,2240.0,FC,2023-02-10,2023-02-10,-1.0
2023-02-13,2023-02-13 10:00:00-05:00,2023-02-13 14:30:00-05:00,LONG,12461.0,12523.25,35.53297607102859,12363.28431580467,1,9,62.25,1245.0,FC,2023-02-13,2023-02-13,-1.0
2023-02-14,2023-02-14 10:00:00-05:00,2023-02-14 14:30:00-05:00,LONG,12585.5,12593.75,66.81700069593447,12401.753248086181,1,9,8.25,165.0,FC,2023-02-14,2023-02-14,-1.0
2023-02-15,2023-02-15 10:00:00-05:00,2023-02-15 14:30:00-05:00,LONG,12563.75,12708.0,38.042865204494774,12459.13212068764,1,9,144.25,2885.0,FC,2023-02-15,2023-02-15,-1.0
2023-02-16,2023-02-16 10:00:00-05:00,2023-02-16 13:00:00-05:00,SHORT,12564.25,12677.017638765406,41.00641409651127,12677.017638765406,1,6,-112.76763876540645,-2255.352775308129,SL,2023-02-16,2023-02-16,-1.0
2023-02-17,2023-02-17 10:00:00-05:00,2023-02-17 14:30:00-05:00,SHORT,12329.5,12343.25,38.049594984676084,12434.13638620786,2,9,-13.75,-550.0,FC,2023-02-17,2023-02-17,-1.0
2023-02-21,2023-02-21 10:00:00-05:00,2023-02-21 14:30:00-05:00,SHORT,12228.25,12119.5,34.72294121374506,12323.7380883378,1,9,108.75,2175.0,FC,2023-02-21,2023-02-21,-1.0
2023-02-22,2023-02-22 10:00:00-05:00,2023-02-22 14:30:00-05:00,SHORT,12122.5,12116.0,30.55186410799906,12206.517626296998,1,9,6.5,130.0,FC,2023-02-22,2023-02-22,-1.0
2023-02-23,2023-02-23 10:00:00-05:00,2023-02-23 11:00:00-05:00,LONG,12232.0,12146.4327320103,31.115370178072737,12146.4327320103,1,2,-85.56726798969976,-1711.3453597939952,SL,2023-02-23,2023-02-23,-1.0
2023-02-24,2023-02-24 10:00:00-05:00,2023-02-24 14:30:00-05:00,SHORT,11976.5,11969.25,35.94764069351117,12075.356011907155,2,9,7.25,290.0,FC,2023-02-24,2023-02-24,-1.0
2023-02-27,2023-02-27 10:00:00-05:00,2023-02-27 12:00:00-05:00,LONG,12147.0,12069.40832004198,28.215156348371067,12069.40832004198,1,4,-77.5916799580209,-1551.833599160418,SL,2023-02-27,2023-02-27,-1.0
2023-02-28,2023-02-28 10:00:00-05:00,2023-02-28 14:30:00-05:00,LONG,12092.5,12142.0,32.00617763869421,12004.48301149359,2,9,49.5,1980.0,FC,2023-02-28,2023-02-28,-1.0
2023-03-01,2023-03-01 10:00:00-05:00,2023-03-01 14:30:00-05:00,SHORT,12051.75,11949.75,30.756087690157837,12136.329241147934,1,9,102.0,2040.0,FC,2023-03-01,2023-03-01,-1.0
2023-03-02,2023-03-02 10:00:00-05:00,2023-03-02 14:00:00-05:00,SHORT,11897.0,11981.367399059278,30.67905420337376,11981.367399059278,1,8,-84.36739905927789,-1687.3479811855577,SL,2023-03-02,2023-03-02,-1.0
2023-03-03,2023-03-03 10:00:00-05:00,2023-03-03 14:30:00-05:00,LONG,12189.75,12300.25,31.298970712300033,12103.677830541175,2,9,110.5,4420.0,FC,2023-03-03,2023-03-03,1.0
2023-03-06,2023-03-06 10:00:00-05:00,2023-03-06 14:30:00-05:00,LONG,12383.0,12358.25,25.97637198537583,12311.564977040216,1,9,-24.75,-495.0,FC,2023-03-06,2023-03-06,-1.0
2023-03-07,2023-03-07 10:00:00-05:00,2023-03-07 10:30:00-05:00,LONG,12333.75,12275.1193342627,21.32024208629141,12275.1193342627,2,1,-58.63066573730066,-2345.2266294920264,SL,2023-03-07,2023-03-07,-1.0
2023-03-08,2023-03-08 10:00:00-05:00,2023-03-08 14:30:00-05:00,SHORT,12178.5,12196.0,28.083337748042933,12255.729178807118,1,9,-17.5,-350.0,FC,2023-03-08,2023-03-08,-1.0
2023-03-09,2023-03-09 10:00:00-05:00,2023-03-09 13:00:00-05:00,LONG,12326.75,12230.225635111174,35.09976905048205,12230.225635111174,2,6,-96.52436488882631,-3860.9745955530525,SL,2023-03-09,2023-03-09,-1.0
2023-03-10,2023-03-10 10:00:00-05:00,2023-03-10 14:30:00-05:00,SHORT,11909.0,11816.75,64.48758545967101,12086.340860014096,1,9,92.25,1845.0,FC,2023-03-10,2023-03-10,-1.0
2023-03-13,2023-03-13 10:00:00-04:00,2023-03-13 14:30:00-04:00,SHORT,12004.75,12171.75,98.19732110388303,12274.792633035679,1,9,-167.0,-3340.0,FC,2023-03-13,2023-03-13,-1.0
2023-03-14,2023-03-14 10:00:00-04:00,2023-03-14 14:30:00-04:00,LONG,12260.5,12257.0,53.3180591378916,12113.875337370799,2,9,-3.5,-140.0,FC,2023-03-14,2023-03-14,-1.0
2023-03-15,2023-03-15 10:00:00-04:00,2023-03-15 14:30:00-04:00,SHORT,12209.25,12352.0,58.79137135631394,12370.926271229864,1,9,-142.75,-2855.0,FC,2023-03-15,2023-03-15,-1.0
2023-03-16,2023-03-16 10:00:00-04:00,2023-03-16 14:30:00-04:00,LONG,12417.25,12669.5,45.9776860387484,12290.811363393443,2,9,252.25,10090.0,FC,2023-03-16,2023-03-16,-1.0
2023-03-17,2023-03-17 10:00:00-04:00,2023-03-17 11:00:00-04:00,LONG,12747.75,12646.771517294417,36.719448256575795,12646.771517294417,1,2,-100.97848270558279,-2019.5696541116558,SL,2023-03-17,2023-03-17,-1.0
2023-03-20,2023-03-20 10:00:00-04:00,2023-03-20 14:30:00-04:00,SHORT,12565.0,12666.0,51.774363091375875,12707.379498501283,2,9,-101.0,-4040.0,FC,2023-03-20,2023-03-20,-1.0
2023-03-21,2023-03-21 10:00:00-04:00,2023-03-21 10:30:00-04:00,LONG,12815.0,12736.52282274065,28.537155367036434,12736.52282274065,1,1,-78.47717725935036,-1569.543545187007,SL,2023-03-21,2023-03-21,-1.0
2023-03-22,2023-03-22 10:00:00-04:00,2023-03-22 14:30:00-04:00,LONG,12883.0,12985.75,21.925208687363572,12822.70567610975,2,9,102.75,4110.0,FC,2023-03-22,2023-03-22,-1.0
2023-03-23,2023-03-23 10:00:00-04:00,2023-03-23 14:30:00-04:00,LONG,12889.75,12813.75,33.08143962067743,12798.776041043137,1,9,-76.0,-1520.0,FC,2023-03-23,2023-03-23,-1.0
2023-03-24,2023-03-24 10:00:00-04:00,2023-03-24 14:30:00-04:00,SHORT,12821.25,12832.25,47.23857430901196,12951.156079349783,2,9,-11.0,-440.0,FC,2023-03-24,2023-03-24,-1.0
2023-03-27,2023-03-27 10:00:00-04:00,2023-03-27 11:30:00-04:00,LONG,12932.25,12842.596474643808,32.60128194770632,12842.596474643808,1,3,-89.6535253561924,-1793.070507123848,SL,2023-03-27,2023-03-27,-1.0
2023-03-28,2023-03-28 10:00:00-04:00,2023-03-28 14:30:00-04:00,SHORT,12692.0,12667.75,27.108187953846468,12766.547516873077,2,9,24.25,970.0,FC,2023-03-28,2023-03-28,-1.0
2023-03-29,2023-03-29 10:00:00-04:00,2023-03-29 14:30:00-04:00,LONG,12915.5,12919.75,22.46867462895665,12853.71114477037,1,9,4.25,85.0,FC,2023-03-29,2023-03-29,-1.0
2023-03-30,2023-03-30 10:00:00-04:00,2023-03-30 14:00:00-04:00,LONG,13080.25,13013.39446311796,24.311104320741585,13013.39446311796,1,8,-66.85553688203981,-1337.1107376407963,SL,2023-03-30,2023-03-30,1.0
2023-03-31,2023-03-31 10:00:00-04:00,2023-03-31 14:30:00-04:00,LONG,13140.5,13233.0,27.288940618151177,13065.455413300084,2,9,92.5,3700.0,FC,2023-03-31,2023-03-31,1.0
2023-04-03,2023-04-03 10:00:00-04:00,2023-04-03 11:30:00-04:00,LONG,13228.25,13159.721819396944,24.919338401111098,13159.721819396944,1,3,-68.52818060305617,-1370.5636120611234,SL,2023-04-03,2023-04-03,-1.0
2023-04-04,2023-04-04 10:00:00-04:00,2023-04-04 11:30:00-04:00,LONG,13280.75,13210.438501672466,25.56781757364863,13210.438501672466,2,3,-70.31149832753363,-2812.459933101345,SL,2023-04-04,2023-04-04,-1.0
2023-04-05,2023-04-05 10:00:00-04:00,2023-04-05 14:30:00-04:00,SHORT,13137.5,13052.75,24.294964694488357,13204.311152909842,1,9,84.75,1695.0,FC,2023-04-05,2023-04-05,-1.0
2023-04-06,2023-04-06 10:00:00-04:00,2023-04-06 11:30:00-04:00,SHORT,12985.5,13062.328471293915,27.937625925059947,13062.328471293915,1,3,-76.82847129391484,-1536.569425878297,SL,2023-04-06,2023-04-06,1.0
2023-04-10,2023-04-10 10:00:00-04:00,2023-04-10 11:30:00-04:00,SHORT,12987.0,13064.773765689215,28.28136934153281,13064.773765689215,2,3,-77.773765689215,-3110.9506275686,SL,2023-04-10,2023-04-10,-1.0
2023-04-11,2023-04-11 10:00:00-04:00,2023-04-11 14:30:00-04:00,SHORT,13106.5,13126.5,26.54307900037673,13179.493467251035,1,9,-20.0,-400.0,FC,2023-04-11,2023-04-11,-1.0
2023-04-12,2023-04-12 10:00:00-04:00,2023-04-12 14:30:00-04:00,SHORT,13065.25,13019.5,48.808682555763724,13199.473877028351,2,9,45.75,1830.0,FC,2023-04-12,2023-04-12,-1.0
2023-04-13,2023-04-13 10:00:00-04:00,2023-04-13 14:30:00-04:00,LONG,13067.25,13204.0,31.824977395420223,12979.731312162594,1,9,136.75,2735.0,FC,2023-04-13,2023-04-13,-1.0
2023-04-14,2023-04-14 10:00:00-04:00,2023-04-14 10:30:00-04:00,LONG,13234.5,13138.672086290302,34.846514076253655,13138.672086290302,1,1,-95.8279137096979,-1916.558274193958,SL,2023-04-14,2023-04-14,-1.0
2023-04-17,2023-04-17 10:00:00-04:00,2023-04-17 14:30:00-04:00,SHORT,13162.0,13106.25,25.79703887274023,13232.941856900035,2,9,55.75,2230.0,FC,2023-04-17,2023-04-17,-1.0
2023-04-18,2023-04-18 10:00:00-04:00,2023-04-18 10:30:00-04:00,LONG,13252.0,13190.677038359308,22.29925877843328,13190.677038359308,1,1,-61.322961640691574,-1226.4592328138315,SL,2023-04-18,2023-04-18,-1.0
2023-04-19,2023-04-19 10:00:00-04:00,2023-04-19 11:30:00-04:00,SHORT,13094.75,13157.25958400368,22.73075781951961,13157.25958400368,2,3,-62.509584003679265,-2500.3833601471706,SL,2023-04-19,2023-04-19,-1.0
2023-04-20,2023-04-20 10:00:00-04:00,2023-04-20 13:30:00-04:00,SHORT,13115.75,13189.954598059567,26.983490203479057,13189.954598059567,1,7,-74.2045980595667,-1484.0919611913341,SL,2023-04-20,2023-04-20,-1.0
2023-04-21,2023-04-21 10:00:00-04:00,2023-04-21 10:30:00-04:00,SHORT,12995.75,13075.732377974135,29.08450108150346,13075.732377974135,2,1,-79.98237797413458,-3199.295118965383,SL,2023-04-21,2023-04-21,-1.0
2023-04-24,2023-04-24 10:00:00-04:00,2023-04-24 11:00:00-04:00,LONG,13100.25,13030.281371369001,25.44313768399982,13030.281371369001,1,2,-69.96862863099886,-1399.3725726199773,SL,2023-04-24,2023-04-24,-1.0
2023-04-25,2023-04-25 10:00:00-04:00,2023-04-25 14:30:00-04:00,SHORT,12979.25,12857.25,22.597261432136765,13041.392468938377,2,9,122.0,4880.0,FC,2023-04-25,2023-04-25,-1.0
2023-04-26,2023-04-26 10:00:00-04:00,2023-04-26 14:30:00-04:00,SHORT,12961.0,12922.75,33.74818756906745,13053.807515814935,1,9,38.25,765.0,FC,2023-04-26,2023-04-26,-1.0
2023-04-27,2023-04-27 10:00:00-04:00,2023-04-27 14:30:00-04:00,LONG,13023.5,13218.25,26.74876201018644,12949.940904471987,1,9,194.75,3895.0,FC,2023-04-27,2023-04-27,-1.0
2023-04-28,2023-04-28 10:00:00-04:00,2023-04-28 14:30:00-04:00,LONG,13209.0,13278.0,27.926459717826518,13132.202235775978,1,9,69.0,1380.0,FC,2023-04-28,2023-04-28,1.0
2023-05-01,2023-05-01 10:00:00-04:00,2023-05-01 14:30:00-04:00,LONG,13310.5,13326.5,20.458709113592345,13254.238549937621,1,9,16.0,320.0,FC,2023-05-01,2023-05-01,-1.0
2023-05-02,2023-05-02 10:00:00-04:00,2023-05-02 14:30:00-04:00,SHORT,13288.25,13178.5,19.23910622992368,13341.15754213229,1,9,109.75,2195.0,FC,2023-05-02,2023-05-02,-1.0
2023-05-03,2023-05-03 10:00:00-04:00,2023-05-03 14:30:00-04:00,LONG,13232.75,13264.75,22.335083371517243,13171.328520728328,1,9,32.0,640.0,FC,2023-05-03,2023-05-03,-1.0
2023-05-04,2023-05-04 10:00:00-04:00,2023-05-04 14:00:00-04:00,SHORT,13041.5,13125.742175420235,30.63351833463083,13125.742175420235,1,8,-84.24217542023507,-1684.8435084047014,SL,2023-05-04,2023-05-04,-1.0
2023-05-05,2023-05-05 10:00:00-04:00,2023-05-05 14:30:00-04:00,LONG,13190.75,13319.75,28.281937357151396,13112.974672267834,2,9,129.0,5160.0,FC,2023-05-05,2023-05-05,1.0
2023-05-08,2023-05-08 10:00:00-04:00,2023-05-08 14:30:00-04:00,LONG,13270.25,13340.25,17.95665269229952,13220.869205096176,1,9,70.0,1400.0,FC,2023-05-08,2023-05-08,-1.0
2023-05-09,2023-05-09 10:00:00-04:00,2023-05-09 12:00:00-04:00,LONG,13309.5,13263.578468569278,16.698738702080625,13263.578468569278,1,4,-45.9215314307221,-918.430628614442,SL,2023-05-09,2023-05-09,-1.0
2023-05-10,2023-05-10 10:00:00-04:00,2023-05-10 13:30:00-04:00,LONG,13376.0,13277.966043368242,35.64871150245756,13277.966043368242,2,7,-98.03395663175797,-3921.358265270319,SL,2023-05-10,2023-05-10,1.0
2023-05-11,2023-05-11 10:00:00-04:00,2023-05-11 14:30:00-04:00,SHORT,13385.75,13436.0,28.229906996668618,13463.382244240838,1,9,-50.25,-1005.0,FC,2023-05-11,2023-05-11,-1.0
2023-05-12,2023-05-12 10:00:00-04:00,2023-05-12 14:30:00-04:00,SHORT,13442.0,13324.25,18.162669546447063,13491.94734125273,2,9,117.75,4710.0,FC,2023-05-12,2023-05-12,-1.0
2023-05-15,2023-05-15 10:00:00-04:00,2023-05-15 11:30:00-04:00,SHORT,13377.0,13431.755008800956,19.910912291256608,13431.755008800956,1,3,-54.75500880095569,-1095.1001760191139,SL,2023-05-15,2023-05-15,1.0
2023-05-16,2023-05-16 10:00:00-04:00,2023-05-16 14:30:00-04:00,LONG,13485.75,13523.5,23.653407242279687,13420.703130083732,2,9,37.75,1510.0,FC,2023-05-16,2023-05-16,-1.0
2023-05-17,2023-05-17 10:00:00-04:00,2023-05-17 11:30:00-04:00,SHORT,13479.0,13538.997159825614,21.81714902749625,13538.997159825614,1,3,-59.99715982561429,-1199.9431965122858,SL,2023-05-17,2023-05-17,1.0
2023-05-18,2023-05-18 10:00:00-04:00,2023-05-18 14:30:00-04:00,LONG,13713.0,13788.5,20.807276718627598,13655.779989023775,2,9,75.5,3020.0,FC,2023-05-18,2023-05-18,1.0
2023-05-19,2023-05-19 10:00:00-04:00,2023-05-19 12:00:00-04:00,LONG,13896.75,13826.93219066761,25.388294302686887,13826.93219066761,1,4,-69.81780933238952,-1396.3561866477903,SL,2023-05-19,2023-05-19,-1.0
2023-05-22,2023-05-22 10:00:00-04:00,2023-05-22 14:30:00-04:00,LONG,13929.25,13921.25,24.724263202323343,13861.25827619361,2,9,-8.0,-320.0,FC,2023-05-22,2023-05-22,-1.0
2023-05-23,2023-05-23 10:00:00-04:00,2023-05-23 14:30:00-04:00,SHORT,13863.5,13732.25,25.29377667892553,13933.057885867045,1,9,131.25,2625.0,FC,2023-05-23,2023-05-23,-1.0
2023-05-24,2023-05-24 10:00:00-04:00,2023-05-24 14:30:00-04:00,SHORT,13643.0,13609.25,23.61215782724288,13707.933434024919,1,9,33.75,675.0,FC,2023-05-24,2023-05-24,-1.0
2023-05-25,2023-05-25 10:00:00-04:00,2023-05-25 14:30:00-04:00,LONG,13876.25,13994.0,36.8704651918502,13774.856220722411,1,9,117.75,2355.0,FC,2023-05-25,2023-05-25,1.0
2023-05-26,2023-05-26 10:00:00-04:00,2023-05-26 14:30:00-04:00,LONG,14118.5,14325.25,33.30958493861229,14026.898641418817,1,9,206.75,4135.0,FC,2023-05-26,2023-05-26,1.0
2023-05-30,2023-05-30 10:00:00-04:00,2023-05-30 14:30:00-04:00,LONG,14443.0,14403.0,37.966460196082835,14338.592234460772,1,9,-40.0,-800.0,FC,2023-05-30,2023-05-30,-1.0
2023-05-31,2023-05-31 10:00:00-04:00,2023-05-31 10:30:00-04:00,LONG,14375.75,14295.415139261682,29.212676632115745,14295.415139261682,2,1,-80.33486073831773,-3213.394429532709,SL,2023-05-31,2023-05-31,1.0
2023-06-01,2023-06-01 10:00:00-04:00,2023-06-01 11:30:00-04:00,SHORT,14307.75,14391.878583625114,30.592212227314366,14391.878583625114,1,3,-84.1285836251136,-1682.5716725022721,SL,2023-06-01,2023-06-01,1.0
2023-06-02,2023-06-02 10:00:00-04:00,2023-06-02 14:30:00-04:00,LONG,14481.5,14572.5,38.805880386840485,14374.783828936188,2,9,91.0,3640.0,FC,2023-06-02,2023-06-02,1.0
2023-06-05,2023-06-05 10:00:00-04:00,2023-06-05 14:30:00-04:00,LONG,14597.0,14616.0,23.392136413482476,14532.671624862924,1,9,19.0,380.0,FC,2023-06-05,2023-06-05,1.0
2023-06-06,2023-06-06 10:00:00-04:00,2023-06-06 12:00:00-04:00,SHORT,14545.5,14606.99860477566,22.363129009330432,14606.99860477566,1,4,-61.49860477565926,-1229.9720955131852,SL,2023-06-06,2023-06-06,1.0
2023-06-07,2023-06-07 10:00:00-04:00,2023-06-07 10:30:00-04:00,LONG,14631.25,14569.226750466967,22.553908921102604,14569.226750466967,2,1,-62.02324953303287,-2480.9299813213147,SL,2023-06-07,2023-06-07,-1.0
2023-06-08,2023-06-08 10:00:00-04:00,2023-06-08 11:30:00-04:00,SHORT,14378.5,14469.149871503654,32.96358963769262,14469.149871503654,1,3,-90.64987150365414,-1812.9974300730828,SL,2023-06-08,2023-06-07,-1.0
2023-06-09,2023-06-09 10:00:00-04:00,2023-06-09 11:00:00-04:00,LONG,14653.75,14568.095697633136,31.14701904249604,14568.095697633136,2,2,-85.6543023668637,-3426.172094674548,SL,2023-06-09,2023-06-09,1.0
2023-06-12,2023-06-12 10:00:00-04:00,2023-06-12 14:30:00-04:00,LONG,14796.0,14888.75,24.56894969939077,14728.435388326676,1,9,92.75,1855.0,FC,2023-06-12,2023-06-12,1.0
2023-06-13,2023-06-13 10:00:00-04:00,2023-06-13 14:30:00-04:00,LONG,15024.0,15026.75,45.373726935485166,14899.222250927416,1,9,2.75,55.0,FC,2023-06-13,2023-06-13,1.0
2023-06-14,2023-06-14 10:00:00-04:00,2023-06-14 14:30:00-04:00,LONG,15120.25,15039.0,26.67266942751111,15046.900159074345,1,9,-81.25,-1625.0,FC,2023-06-14,2023-06-14,1.0
2023-06-15,2023-06-15 10:00:00-04:00,2023-06-15 14:30:00-04:00,LONG,15201.5,15356.25,38.26252587758121,15096.278053836651,2,9,154.75,6190.0,FC,2023-06-15,2023-06-15,-1.0
2023-06-16,2023-06-16 10:00:00-04:00,2023-06-16 14:30:00-04:00,LONG,15359.0,15353.5,40.23490007921917,15248.354024782147,1,9,-5.5,-110.0,FC,2023-06-16,2023-06-16,1.0
2023-06-20,2023-06-20 10:00:00-04:00,2023-06-20 14:30:00-04:00,SHORT,15224.75,15267.75,32.45267928557013,15313.994868035317,2,9,-43.0,-1720.0,FC,2023-06-20,2023-06-20,-1.0
2023-06-21,2023-06-21 10:00:00-04:00,2023-06-21 14:30:00-04:00,SHORT,15127.75,15133.0,29.128590646489215,15207.853624277845,1,9,-5.25,-105.0,FC,2023-06-21,2023-06-21,-1.0
2023-06-22,2023-06-22 10:00:00-04:00,2023-06-22 14:30:00-04:00,LONG,15083.0,15155.75,35.72502338235475,14984.756185698525,2,9,72.75,2910.0,FC,2023-06-22,2023-06-22,-1.0
2023-06-23,2023-06-23 10:00:00-04:00,2023-06-23 13:30:00-04:00,SHORT,15020.25,15127.554104190198,39.019674250980856,15127.554104190198,1,7,-107.3041041901979,-2146.082083803958,SL,2023-06-23,2023-06-23,-1.0
2023-06-26,2023-06-26 10:00:00-04:00,2023-06-26 11:00:00-04:00,LONG,15136.5,15044.42553989522,33.48162185628426,15044.42553989522,2,2,-92.07446010478088,-3682.9784041912353,SL,2023-06-26,2023-06-26,-1.0
2023-06-27,2023-06-27 10:00:00-04:00,2023-06-27 14:30:00-04:00,LONG,14958.75,15124.75,25.972387517693118,14887.325934326343,1,9,166.0,3320.0,FC,2023-06-27,2023-06-27,-1.0
2023-06-28,2023-06-28 10:00:00-04:00,2023-06-28 14:30:00-04:00,LONG,15091.25,15136.0,27.994073663166823,15014.266297426291,1,9,44.75,895.0,FC,2023-06-28,2023-06-28,-1.0
2023-06-29,2023-06-29 10:00:00-04:00,2023-06-29 14:30:00-04:00,SHORT,15098.25,15073.0,31.26425327544464,15184.226696507472,1,9,25.25,505.0,FC,2023-06-29,2023-06-29,-1.0
2023-06-30,2023-06-30 10:00:00-04:00,2023-06-30 14:30:00-04:00,LONG,15314.0,15362.0,30.430432643508155,15230.316310230353,1,9,48.0,960.0,FC,2023-06-30,2023-06-30,-1.0
2023-07-03,2023-07-03 10:00:00-04:00,2023-07-03 11:00:00-04:00,LONG,15371.25,15316.961344930745,19.74132911609244,15316.961344930745,1,2,-54.28865506925467,-1085.7731013850935,SL,2023-07-03,2023-06-30,-1.0
2023-07-05,2023-07-05 10:00:00-04:00,2023-07-05 14:30:00-04:00,LONG,15373.25,15343.0,25.532789754310308,15303.034828175647,2,9,-30.25,-1210.0,FC,2023-07-05,2023-07-05,-1.0
2023-07-06,2023-07-06 10:00:00-04:00,2023-07-06 14:30:00-04:00,SHORT,15158.0,15216.25,34.85657109690658,15253.855570516493,1,9,-58.25,-1165.0,FC,2023-07-06,2023-07-06,-1.0
2023-07-07,2023-07-07 10:00:00-04:00,2023-07-07 14:30:00-04:00,LONG,15273.0,15327.0,36.214371548244245,15173.41047824233,2,9,54.0,2160.0,FC,2023-07-07,2023-07-07,-1.0
2023-07-10,2023-07-10 10:00:00-04:00,2023-07-10 14:30:00-04:00,SHORT,15115.0,15188.75,34.61211200532301,15210.183308014639,1,9,-73.75,-1475.0,FC,2023-07-10,2023-07-10,-1.0
2023-07-11,2023-07-11 10:00:00-04:00,2023-07-11 12:30:00-04:00,SHORT,15166.25,15242.530884068585,27.738503297667158,15242.530884068585,2,5,-76.28088406858478,-3051.2353627433913,SL,2023-07-11,2023-07-11,-1.0
2023-07-12,2023-07-12 10:00:00-04:00,2023-07-12 12:00:00-04:00,LONG,15462.75,15380.489599805538,29.91287279798589,15380.489599805538,1,4,-82.26040019446191,-1645.2080038892382,SL,2023-07-12,2023-07-12,1.0
2023-07-13,2023-07-13 10:00:00-04:00,2023-07-13 14:30:00-04:00,LONG,15606.0,15669.0,27.245250731417574,15531.075560488602,2,9,63.0,2520.0,FC,2023-07-13,2023-07-13,1.0
2023-07-14,2023-07-14 10:00:00-04:00,2023-07-14 13:30:00-04:00,LONG,15806.5,15738.256350885647,24.81587240521894,15738.256350885647,1,7,-68.24364911435259,-1364.8729822870519,SL,2023-07-14,2023-07-14,-1.0
2023-07-17,2023-07-17 10:00:00-04:00,2023-07-17 14:30:00-04:00,LONG,15740.25,15830.5,23.570991375854113,15675.429773716402,2,9,90.25,3610.0,FC,2023-07-17,2023-07-17,-1.0
2023-07-18,2023-07-18 10:00:00-04:00,2023-07-18 12:00:00-04:00,SHORT,15779.0,15841.877331885733,22.86448432208492,15841.877331885733,1,4,-62.87733188573293,-1257.5466377146586,SL,2023-07-18,2023-07-18,1.0
2023-07-19,2023-07-19 10:00:00-04:00,2023-07-19 13:30:00-04:00,LONG,16002.25,15945.777966843176,20.535284784299503,15945.777966843176,2,7,-56.47203315682418,-2258.8813262729673,SL,2023-07-19,2023-07-19,-1.0
2023-07-20,2023-07-20 10:00:00-04:00,2023-07-20 14:30:00-04:00,SHORT,15861.0,15613.0,28.42534532243689,15939.1696996367,1,9,248.0,4960.0,FC,2023-07-20,2023-07-20,-1.0
2023-07-21,2023-07-21 10:00:00-04:00,2023-07-21 14:30:00-04:00,SHORT,15622.25,15597.0,29.400925576972174,15703.102545336673,1,9,25.25,505.0,FC,2023-07-21,2023-07-21,1.0
2023-07-24,2023-07-24 10:00:00-04:00,2023-07-24 11:00:00-04:00,SHORT,15506.0,15591.866937505289,31.224340911014156,15591.866937505289,1,2,-85.86693750528866,-1717.3387501057732,SL,2023-07-24,2023-07-24,-1.0
2023-07-25,2023-07-25 10:00:00-04:00,2023-07-25 14:30:00-04:00,LONG,15663.0,15709.5,23.383018396648247,15598.696699409218,2,9,46.5,1860.0,FC,2023-07-25,2023-07-25,-1.0
2023-07-26,2023-07-26 10:00:00-04:00,2023-07-26 14:30:00-04:00,SHORT,15626.5,15559.75,25.745138047229595,15697.29912962988,1,9,66.75,1335.0,FC,2023-07-26,2023-07-26,-1.0
2023-07-27,2023-07-27 10:00:00-04:00,2023-07-27 10:30:00-04:00,LONG,15871.0,15790.580727023413,29.243371991486384,15790.580727023413,1,1,-80.41927297658731,-1608.3854595317462,SL,2023-07-27,2023-07-27,-1.0
2023-07-28,2023-07-28 10:00:00-04:00,2023-07-28 14:30:00-04:00,LONG,15788.5,15858.25,39.159514810588604,15680.811334270882,2,9,69.75,2790.0,FC,2023-07-28,2023-07-28,-1.0
2023-07-31,2023-07-31 10:00:00-04:00,2023-07-31 14:30:00-04:00,LONG,15827.75,15828.75,29.803963421203825,15745.78910059169,1,9,1.0,20.0,FC,2023-07-31,2023-07-31,1.0
2023-08-01,2023-08-01 10:00:00-04:00,2023-08-01 14:30:00-04:00,SHORT,15779.5,15831.5,24.69389684865573,15847.408216333803,1,9,-52.0,-1040.0,FC,2023-08-01,2023-08-01,-1.0
2023-08-02,2023-08-02 10:00:00-04:00,2023-08-02 14:30:00-04:00,SHORT,15601.0,15496.25,36.95858648046293,15702.636112821274,2,9,104.75,4190.0,FC,2023-08-02,2023-08-02,-1.0
2023-08-03,2023-08-03 10:00:00-04:00,2023-08-03 14:30:00-04:00,SHORT,15437.0,15467.25,41.4241029527621,15550.916283120096,1,9,-30.25,-605.0,FC,2023-08-03,2023-08-03,-1.0
2023-08-04,2023-08-04 10:00:00-04:00,2023-08-04 12:30:00-04:00,SHORT,15448.5,15588.28977105885,50.832644021399666,15588.28977105885,2,5,-139.7897710588495,-5591.59084235398,SL,2023-08-04,2023-08-04,-1.0
2023-08-07,2023-08-07 10:00:00-04:00,2023-08-07 14:30:00-04:00,SHORT,15387.0,15428.25,33.68384247873596,15479.630566816524,1,9,-41.25,-825.0,FC,2023-08-07,2023-08-07,-1.0
2023-08-08,2023-08-08 10:00:00-04:00,2023-08-08 14:30:00-04:00,SHORT,15294.0,15312.25,36.37973597517529,15394.044273931731,2,9,-18.25,-730.0,FC,2023-08-08,2023-08-08,-1.0
2023-08-09,2023-08-09 10:00:00-04:00,2023-08-09 14:30:00-04:00,SHORT,15279.25,15291.5,32.364537592063954,15368.252478378176,1,9,-12.25,-245.0,FC,2023-08-09,2023-08-09,-1.0
2023-08-10,2023-08-10 10:00:00-04:00,2023-08-10 11:30:00-04:00,LONG,15422.25,15294.999873468167,46.272773284303284,15294.999873468167,2,3,-127.2501265318333,-5090.005061273332,SL,2023-08-10,2023-08-10,-1.0
2023-08-11,2023-08-11 10:00:00-04:00,2023-08-11 10:30:00-04:00,SHORT,15070.0,15172.182733187685,37.15735752279423,15172.182733187685,1,1,-102.18273318768479,-2043.6546637536958,SL,2023-08-11,2023-08-11,-1.0
2023-08-14,2023-08-14 10:00:00-04:00,2023-08-14 11:00:00-04:00,SHORT,15116.5,15225.164415402734,39.51433287372163,15225.164415402734,2,2,-108.66441540273445,-4346.576616109378,SL,2023-08-14,2023-08-14,-1.0
2023-08-15,2023-08-15 10:00:00-04:00,2023-08-15 14:30:00-04:00,SHORT,15181.5,15146.75,41.524456489601896,15295.692255346405,1,9,34.75,695.0,FC,2023-08-15,2023-08-15,-1.0
2023-08-16,2023-08-16 10:00:00-04:00,2023-08-16 14:30:00-04:00,SHORT,15101.5,15067.5,30.415586578327012,15185.1428630904,1,9,34.0,680.0,FC,2023-08-16,2023-08-16,-1.0
2023-08-17,2023-08-17 10:00:00-04:00,2023-08-17 14:30:00-04:00,SHORT,14928.75,14858.75,31.730374140917093,15016.008528887522,1,9,70.0,1400.0,FC,2023-08-17,2023-08-17,-1.0
2023-08-18,2023-08-18 10:00:00-04:00,2023-08-18 12:00:00-04:00,SHORT,14641.0,14733.23982542069,33.541754698432435,14733.23982542069,1,4,-92.23982542068916,-1844.7965084137832,SL,2023-08-18,2023-08-18,-1.0
2023-08-21,2023-08-21 10:00:00-04:00,2023-08-21 10:30:00-04:00,LONG,14913.5,14827.42698169294,31.299279384385393,14827.42698169294,2,1,-86.0730183070591,-3442.920732282364,SL,2023-08-21,2023-08-21,-1.0
2023-08-22,2023-08-22 10:00:00-04:00,2023-08-22 14:30:00-04:00,LONG,15005.0,14979.75,29.52747347898037,14923.799447932804,1,9,-25.25,-505.0,FC,2023-08-22,2023-08-22,-1.0
2023-08-23,2023-08-23 10:00:00-04:00,2023-08-23 14:30:00-04:00,LONG,15094.0,15209.75,37.77688618109901,14990.113563001978,2,9,115.75,4630.0,FC,2023-08-23,2023-08-23,-1.0
2023-08-24,2023-08-24 10:00:00-04:00,2023-08-24 14:30:00-04:00,SHORT,15223.75,14969.25,40.251086331315854,15334.440487411119,1,9,254.5,5090.0,FC,2023-08-24,2023-08-24,-1.0
2023-08-28,2023-08-28 10:00:00-04:00,2023-08-28 14:30:00-04:00,LONG,15052.0,15024.25,35.224009563807286,14955.13397369953,1,9,-27.75,-555.0,FC,2023-08-28,2023-08-28,-1.0
2023-08-29,2023-08-29 10:00:00-04:00,2023-08-29 14:30:00-04:00,LONG,15156.5,15396.0,33.55934828996026,15064.21179220261,2,9,239.5,9580.0,FC,2023-08-29,2023-08-29,1.0
2023-08-30,2023-08-30 10:00:00-04:00,2023-08-30 10:30:00-04:00,LONG,15465.0,15380.78016686183,30.62539386842541,15380.78016686183,1,1,-84.21983313816963,-1684.3966627633927,SL,2023-08-30,2023-08-30,1.0
2023-08-31,2023-08-31 10:00:00-04:00,2023-08-31 14:30:00-04:00,LONG,15566.5,15584.25,30.528465222878797,15482.546720637083,2,9,17.75,710.0,FC,2023-08-31,2023-08-31,-1.0
2023-09-01,2023-09-01 10:00:00-04:00,2023-09-01 14:30:00-04:00,LONG,15559.5,15469.75,40.13849996177668,15449.119125105115,1,9,-89.75,-1795.0,FC,2023-09-01,2023-09-01,-1.0
2023-09-05,2023-09-05 10:00:00-04:00,2023-09-05 11:30:00-04:00,SHORT,15462.5,15554.359747317369,33.40354447904299,15554.359747317369,2,3,-91.8597473173686,-3674.389892694744,SL,2023-09-05,2023-09-05,-1.0
2023-09-06,2023-09-06 10:00:00-04:00,2023-09-06 14:30:00-04:00,SHORT,15482.75,15370.0,23.592671466701812,15547.62984653343,1,9,112.75,2255.0,FC,2023-09-06,2023-09-06,-1.0
2023-09-07,2023-09-07 10:00:00-04:00,2023-09-07 14:30:00-04:00,SHORT,15192.75,15253.75,35.83736467213706,15291.302752848376,1,9,-61.0,-1220.0,FC,2023-09-07,2023-09-07,-1.0
2023-09-08,2023-09-08 10:00:00-04:00,2023-09-08 14:30:00-04:00,LONG,15332.75,15295.25,33.221617693538846,15241.390551342769,2,9,-37.5,-1500.0,FC,2023-09-08,2023-09-08,-1.0
2023-09-11,2023-09-11 10:00:00-04:00,2023-09-11 14:30:00-04:00,LONG,15563.25,15676.75,29.433151586175562,15482.308833138017,1,9,113.5,2270.0,FC,2023-09-11,2023-09-11,1.0
2023-09-12,2023-09-12 10:00:00-04:00,2023-09-12 10:30:00-04:00,LONG,15650.25,15581.90722862277,24.85191686444723,15581.90722862277,1,1,-68.34277137723075,-1366.855427544615,SL,2023-09-12,2023-09-12,-1.0
2023-09-13,2023-09-13 10:00:00-04:00,2023-09-13 14:30:00-04:00,LONG,15547.25,15593.0,37.13155058938352,15445.138235879196,2,9,45.75,1830.0,FC,2023-09-13,2023-09-13,-1.0
2023-09-14,2023-09-14 10:00:00-04:00,2023-09-14 11:30:00-04:00,SHORT,15582.25,15679.151676092915,35.23697312469679,15679.151676092915,1,3,-96.9016760929153,-1938.033521858306,SL,2023-09-14,2023-09-14,-1.0
2023-09-15,2023-09-15 10:00:00-04:00,2023-09-15 14:30:00-04:00,SHORT,15512.0,15366.0,34.11188573235425,15605.807685763973,2,9,146.0,5840.0,FC,2023-09-15,2023-09-15,-1.0
2023-09-18,2023-09-18 10:00:00-04:00,2023-09-18 14:30:00-04:00,SHORT,15409.5,15430.75,28.777717357186596,15488.638722732263,1,9,-21.25,-425.0,FC,2023-09-18,2023-09-18,-1.0
2023-09-19,2023-09-19 10:00:00-04:00,2023-09-19 14:00:00-04:00,SHORT,15303.75,15375.367652257462,26.042782639077394,15375.367652257462,2,8,-71.6176522574624,-2864.706090298496,SL,2023-09-19,2023-09-19,-1.0
2023-09-20,2023-09-20 10:00:00-04:00,2023-09-20 11:30:00-04:00,LONG,15412.25,15348.813370011889,23.067865450222165,15348.813370011889,1,3,-63.436629988111235,-1268.7325997622247,SL,2023-09-20,2023-09-20,-1.0
2023-09-21,2023-09-21 10:00:00-04:00,2023-09-21 14:30:00-04:00,SHORT,14933.5,14933.75,33.48565829787526,15025.585560319158,2,9,-0.25,-10.0,FC,2023-09-21,2023-09-21,-1.0
2023-09-22,2023-09-22 10:00:00-04:00,2023-09-22 12:00:00-04:00,SHORT,14949.75,15023.546347158046,26.83503533019862,15023.546347158046,1,4,-73.79634715804605,-1475.926943160921,SL,2023-09-22,2023-09-22,-1.0
2023-09-25,2023-09-25 10:00:00-04:00,2023-09-25 14:30:00-04:00,SHORT,14876.0,14888.75,40.56085573758857,14987.542353278368,2,9,-12.75,-510.0,FC,2023-09-25,2023-09-25,-1.0
2023-09-26,2023-09-26 10:00:00-04:00,2023-09-26 14:30:00-04:00,SHORT,14772.5,14709.25,32.77116655898111,14862.620708037199,1,9,63.25,1265.0,FC,2023-09-26,2023-09-26,-1.0
2023-09-27,2023-09-27 10:00:00-04:00,2023-09-27 14:30:00-04:00,SHORT,14764.25,14674.0,27.899332359292803,14840.973163988056,1,9,90.25,1805.0,FC,2023-09-27,2023-09-27,-1.0
2023-09-28,2023-09-28 10:00:00-04:00,2023-09-28 14:30:00-04:00,LONG,14744.25,14876.5,43.12178842403788,14625.665081833897,1,9,132.25,2645.0,FC,2023-09-28,2023-09-28,-1.0
2023-09-29,2023-09-29 10:00:00-04:00,2023-09-29 12:00:00-04:00,LONG,15032.5,14940.967134539187,33.28467834938627,14940.967134539187,1,4,-91.5328654608129,-1830.657309216258,SL,2023-09-29,2023-09-29,-1.0
2023-10-02,2023-10-02 10:00:00-04:00,2023-10-02 14:30:00-04:00,LONG,14921.25,14881.25,39.65647333378742,14812.194698332085,2,9,-40.0,-1600.0,FC,2023-10-02,2023-10-02,-1.0
2023-10-03,2023-10-03 10:00:00-04:00,2023-10-03 10:30:00-04:00,LONG,14950.0,14837.561861333885,40.88659587858753,14837.561861333885,1,1,-112.43813866611526,-2248.7627733223053,SL,2023-10-03,2023-10-03,-1.0
2023-10-04,2023-10-04 10:00:00-04:00,2023-10-04 14:30:00-04:00,LONG,14801.75,14842.5,42.106614806890605,14685.956809281051,2,9,40.75,1630.0,FC,2023-10-04,2023-10-04,-1.0
2023-10-05,2023-10-05 10:00:00-04:00,2023-10-05 14:30:00-04:00,SHORT,14847.75,14865.0,42.82081061830266,14965.507229200331,1,9,-17.25,-345.0,FC,2023-10-05,2023-10-05,-1.0
2023-10-06,2023-10-06 10:00:00-04:00,2023-10-06 11:30:00-04:00,SHORT,14762.25,14910.474067955514,53.899661074732194,14910.474067955514,2,3,-148.22406795551433,-5928.962718220573,SL,2023-10-06,2023-10-06,1.0
2023-10-09,2023-10-09 10:00:00-04:00,2023-10-09 14:30:00-04:00,LONG,15054.5,15195.75,39.2927634198188,14946.444900595498,1,9,141.25,2825.0,FC,2023-10-09,2023-10-09,-1.0
2023-10-10,2023-10-10 10:00:00-04:00,2023-10-10 14:30:00-04:00,LONG,15240.5,15275.75,28.36903010149237,15162.485167220895,1,9,35.25,705.0,FC,2023-10-10,2023-10-10,-1.0
2023-10-11,2023-10-11 10:00:00-04:00,2023-10-11 14:30:00-04:00,LONG,15330.25,15310.0,28.650704142170365,15251.460563609031,1,9,-20.25,-405.0,FC,2023-10-11,2023-10-11,-1.0
2023-10-12,2023-10-12 10:00:00-04:00,2023-10-12 13:30:00-04:00,LONG,15385.75,15314.965927385338,25.739662768968138,15314.965927385338,2,7,-70.78407261466236,-2831.3629045864946,SL,2023-10-12,2023-10-12,-1.0
2023-10-13,2023-10-13 10:00:00-04:00,2023-10-13 11:00:00-04:00,LONG,15344.75,15258.307676038821,31.43357234951932,15258.307676038821,1,2,-86.44232396117877,-1728.8464792235754,SL,2023-10-13,2023-10-13,-1.0
2023-10-16,2023-10-16 10:00:00-04:00,2023-10-16 14:30:00-04:00,LONG,15227.5,15303.25,34.06796726008534,15133.813090034766,2,9,75.75,3030.0,FC,2023-10-16,2023-10-16,-1.0
2023-10-17,2023-10-17 10:00:00-04:00,2023-10-17 10:30:00-04:00,SHORT,15079.0,15177.245094512557,35.725488913656775,15177.245094512557,1,1,-98.24509451255653,-1964.9018902511307,SL,2023-10-17,2023-10-17,-1.0
2023-10-18,2023-10-18 10:00:00-04:00,2023-10-18 14:30:00-04:00,SHORT,15164.5,15098.5,31.93363590401118,15252.31749873603,2,9,66.0,2640.0,FC,2023-10-18,2023-10-18,-1.0
2023-10-19,2023-10-19 10:00:00-04:00,2023-10-19 14:30:00-04:00,SHORT,15058.0,14987.25,37.20958477354071,15160.326358127237,1,8,70.75,1415.0,FC,2023-10-19,2023-10-19,-1.0
2023-10-20,2023-10-20 10:00:00-04:00,2023-10-20 14:30:00-04:00,SHORT,14837.5,14707.5,37.186432152345446,14939.76268841895,1,9,130.0,2600.0,FC,2023-10-20,2023-10-20,-1.0
2023-10-23,2023-10-23 10:00:00-04:00,2023-10-23 12:00:00-04:00,SHORT,14636.5,14759.463077190432,44.71384625106644,14759.463077190432,1,4,-122.96307719043216,-2459.261543808643,SL,2023-10-23,2023-10-23,-1.0
2023-10-24,2023-10-24 10:00:00-04:00,2023-10-24 12:30:00-04:00,LONG,14827.5,14742.442945969085,30.9298378294236,14742.442945969085,2,5,-85.05705403091451,-3402.2821612365806,SL,2023-10-24,2023-10-24,-1.0
2023-10-25,2023-10-25 10:00:00-04:00,2023-10-25 14:30:00-04:00,SHORT,14651.5,14485.0,36.92531182789625,14753.044607526715,1,9,166.5,3330.0,FC,2023-10-25,2023-10-25,-1.0
2023-10-26,2023-10-26 10:00:00-04:00,2023-10-26 14:30:00-04:00,SHORT,14330.5,14258.25,48.06871465377735,14462.688965297888,1,9,72.25,1445.0,FC,2023-10-26,2023-10-26,-1.0
2023-10-27,2023-10-27 10:00:00-04:00,2023-10-27 14:30:00-04:00,SHORT,14327.25,14228.5,33.1398474245486,14418.384580417509,1,9,98.75,1975.0,FC,2023-10-27,2023-10-27,-1.0
2023-10-30,2023-10-30 10:00:00-04:00,2023-10-30 10:30:00-04:00,LONG,14450.75,14361.664563127177,32.39470431739058,14361.664563127177,1,1,-89.08543687282327,-1781.7087374564653,SL,2023-10-30,2023-10-30,-1.0
2023-10-31,2023-10-31 10:00:00-04:00,2023-10-31 13:30:00-04:00,SHORT,14340.0,14444.392483908832,37.96090323957564,14444.392483908832,2,7,-104.39248390883222,-4175.699356353289,SL,2023-10-31,2023-10-31,-1.0
2023-11-01,2023-11-01 10:00:00-04:00,2023-11-01 14:30:00-04:00,LONG,14547.0,14613.75,34.955034458831065,14450.873655238214,1,9,66.75,1335.0,FC,2023-11-01,2023-11-01,-1.0
2023-11-02,2023-11-02 10:00:00-04:00,2023-11-02 14:30:00-04:00,LONG,14916.5,14992.75,28.373036710562985,14838.474149045951,1,9,76.25,1525.0,FC,2023-11-02,2023-11-02,-1.0
2023-11-03,2023-11-03 10:00:00-04:00,2023-11-03 14:30:00-04:00,LONG,15124.25,15206.0,34.153191541803594,15030.32872326004,1,9,81.75,1635.0,FC,2023-11-03,2023-11-03,-1.0
2023-11-07,2023-11-07 10:00:00-05:00,2023-11-07 14:30:00-05:00,LONG,15297.75,15403.5,28.092767845706287,15220.494888424308,1,9,105.75,2115.0,FC,2023-11-07,2023-11-07,-1.0
2023-11-08,2023-11-08 10:00:00-05:00,2023-11-08 11:00:00-05:00,LONG,15390.0,15338.18879272876,18.840439007723273,15338.18879272876,1,2,-51.811207271239255,-1036.224145424785,SL,2023-11-08,2023-11-08,1.0
2023-11-09,2023-11-09 10:00:00-05:00,2023-11-09 10:30:00-05:00,LONG,15423.0,15363.892828016184,21.49351708502425,15363.892828016184,2,1,-59.10717198381644,-2364.2868793526577,SL,2023-11-09,2023-11-09,-1.0
2023-11-13,2023-11-13 10:00:00-05:00,2023-11-13 14:30:00-05:00,LONG,15490.5,15585.25,24.45340919252365,15423.25312472056,1,9,94.75,1895.0,FC,2023-11-13,2023-11-13,-1.0
2023-11-14,2023-11-14 10:00:00-05:00,2023-11-14 14:30:00-05:00,LONG,15862.5,15855.25,45.13055669614583,15738.3909690856,1,9,-7.25,-145.0,FC,2023-11-14,2023-11-14,1.0
2023-11-15,2023-11-15 10:00:00-05:00,2023-11-15 14:30:00-05:00,LONG,15918.0,15918.0,32.342177913950096,15829.059010736637,2,9,0.0,0.0,FC,2023-11-15,2023-11-15,-1.0
2023-11-16,2023-11-16 10:00:00-05:00,2023-11-16 11:30:00-05:00,LONG,15889.25,15810.839481387446,28.51291585911089,15810.839481387446,1,3,-78.41051861255437,-1568.2103722510874,SL,2023-11-16,2023-11-16,1.0
2023-11-17,2023-11-17 10:00:00-05:00,2023-11-17 14:30:00-05:00,SHORT,15873.5,15916.75,22.55089978722105,15935.514974414858,2,9,-43.25,-1730.0,FC,2023-11-17,2023-11-17,-1.0
2023-11-20,2023-11-20 10:00:00-05:00,2023-11-20 14:30:00-05:00,LONG,15996.25,16070.25,28.282287404444652,15918.473709637778,1,9,74.0,1480.0,FC,2023-11-20,2023-11-20,1.0
2023-11-21,2023-11-21 10:00:00-05:00,2023-11-21 14:30:00-05:00,SHORT,15985.25,15973.75,20.825624095321295,16042.520466262133,1,9,11.5,230.0,FC,2023-11-21,2023-11-21,-1.0
2023-11-22,2023-11-22 10:00:00-05:00,2023-11-22 14:30:00-05:00,LONG,16066.5,16085.25,33.42245445125512,15974.588250259048,1,9,18.75,375.0,FC,2023-11-22,2023-11-22,-1.0
2023-11-27,2023-11-27 10:00:00-05:00,2023-11-27 14:30:00-05:00,LONG,16008.25,16039.75,22.6572692053029,15945.942509685417,1,9,31.5,630.0,FC,2023-11-27,2023-11-27,-1.0
2023-11-28,2023-11-28 10:00:00-05:00,2023-11-28 11:00:00-05:00,SHORT,15967.5,16026.906984914065,21.60253996875069,16026.906984914065,1,2,-59.406984914065106,-1188.1396982813021,SL,2023-11-28,2023-11-28,-1.0
2023-11-29,2023-11-29 10:00:00-05:00,2023-11-29 10:30:00-05:00,LONG,16194.25,16128.93441082234,23.751123337331233,16128.93441082234,2,1,-65.31558917766051,-2612.6235671064205,SL,2023-11-29,2023-11-29,1.0
2023-11-30,2023-11-30 10:00:00-05:00,2023-11-30 14:30:00-05:00,SHORT,15977.0,15888.25,27.96767578972946,16053.911108421757,1,9,88.75,1775.0,FC,2023-11-30,2023-11-30,-1.0
2023-12-01,2023-12-01 10:00:00-05:00,2023-12-01 11:30:00-05:00,SHORT,15913.75,15979.34230662496,23.851747863621434,15979.34230662496,1,3,-65.59230662495975,-1311.846132499195,SL,2023-12-01,2023-12-01,1.0
2023-12-04,2023-12-04 10:00:00-05:00,2023-12-04 14:30:00-05:00,SHORT,15839.75,15829.25,33.420951012899806,15931.657615285474,2,9,10.5,420.0,FC,2023-12-04,2023-12-04,-1.0
2023-12-05,2023-12-05 10:00:00-05:00,2023-12-05 14:30:00-05:00,LONG,15854.5,15892.5,30.881983815428825,15769.57454450757,1,9,38.0,760.0,FC,2023-12-05,2023-12-05,-1.0
2023-12-06,2023-12-06 10:00:00-05:00,2023-12-06 13:30:00-05:00,LONG,16148.75,16058.035703836853,32.987016786599,16058.035703836853,1,7,-90.71429616314708,-1814.2859232629417,SL,2023-12-06,2023-12-05,-1.0
2023-12-07,2023-12-07 10:00:00-05:00,2023-12-07 11:00:00-05:00,SHORT,15907.0,15997.792025174607,33.01528188167538,15997.792025174607,2,2,-90.79202517460726,-3631.6810069842904,SL,2023-12-07,2023-12-07,-1.0
2023-12-08,2023-12-08 10:00:00-05:00,2023-12-08 10:30:00-05:00,SHORT,15991.25,16084.640850755024,33.96030936546308,16084.640850755024,1,1,-93.39085075502408,-1867.8170151004815,SL,2023-12-08,2023-12-08,-1.0
2023-12-11,2023-12-11 10:00:00-05:00,2023-12-11 14:30:00-05:00,LONG,16373.0,16447.25,30.138809890002197,16290.118272802494,2,9,74.25,2970.0,FC,2023-12-11,2023-12-11,1.0
2023-12-12,2023-12-12 10:00:00-05:00,2023-12-12 14:30:00-05:00,LONG,16467.25,16532.5,30.768576125298615,16382.636415655428,1,9,65.25,1305.0,FC,2023-12-12,2023-12-12,1.0
2023-12-13,2023-12-13 10:00:00-05:00,2023-12-13 14:30:00-05:00,LONG,16610.5,16697.75,18.76441753744053,16558.89785177204,1,9,87.25,1745.0,FC,2023-12-13,2023-12-13,1.0
2023-12-14,2023-12-14 10:00:00-05:00,2023-12-14 11:00:00-05:00,LONG,16849.25,16768.702481245487,29.29000681982269,16768.702481245487,1,2,-80.54751875451257,-1610.9503750902513,SL,2023-12-14,2023-12-14,1.0
2023-12-15,2023-12-15 10:00:00-05:00,2023-12-15 14:30:00-05:00,LONG,16821.75,16790.5,27.098207358710646,16747.229929763547,2,9,-31.25,-1250.0,FC,2023-12-15,2023-12-15,1.0
2023-12-18,2023-12-18 10:00:00-05:00,2023-12-18 14:30:00-05:00,LONG,16878.5,16956.25,21.492004999011463,16819.39698625272,1,9,77.75,1555.0,FC,2023-12-18,2023-12-18,-1.0
2023-12-19,2023-12-19 10:00:00-05:00,2023-12-19 14:30:00-05:00,LONG,16981.0,17005.0,19.09355207661048,16928.49273178932,1,9,24.0,480.0,FC,2023-12-19,2023-12-19,1.0
2023-12-20,2023-12-20 10:00:00-05:00,2023-12-20 14:30:00-05:00,LONG,17016.5,17011.25,18.26914817875098,16966.259842508436,1,9,-5.25,-105.0,FC,2023-12-20,2023-12-20,-1.0
2023-12-21,2023-12-21 10:00:00-05:00,2023-12-21 14:30:00-05:00,SHORT,16893.5,16881.0,30.40922223414231,16977.12536114389,2,9,12.5,500.0,FC,2023-12-21,2023-12-21,-1.0
2023-12-22,2023-12-22 10:00:00-05:00,2023-12-22 14:30:00-05:00,LONG,17022.5,16915.75,24.131845066933934,16956.137426065932,1,9,-106.75,-2135.0,FC,2023-12-22,2023-12-22,-1.0
2023-12-27,2023-12-27 10:00:00-05:00,2023-12-27 10:30:00-05:00,LONG,17115.5,17068.04376233024,17.25681369809447,17068.04376233024,2,1,-47.45623766976132,-1898.2495067904529,SL,2023-12-27,2023-12-27,0.0
2023-12-28,2023-12-28 10:00:00-05:00,2023-12-28 14:30:00-05:00,LONG,17124.5,17124.5,14.733380763855319,17083.9832028994,1,9,0.0,0.0,FC,2023-12-28,2023-12-28,1.0
2024-01-02,2024-01-02 10:00:00-05:00,2024-01-02 14:30:00-05:00,SHORT,16763.5,16698.75,41.60991434007526,16877.927264435206,1,9,64.75,1295.0,FC,2024-01-02,2024-01-02,-1.0
2024-01-03,2024-01-03 10:00:00-05:00,2024-01-03 14:30:00-05:00,SHORT,16613.75,16618.0,29.415439255682617,16694.642457953127,1,9,-4.25,-85.0,FC,2024-01-03,2024-01-03,-1.0
2024-01-04,2024-01-04 10:00:00-05:00,2024-01-04 11:00:00-05:00,SHORT,16460.75,16540.10752712183,28.857282589755567,16540.10752712183,2,2,-79.35752712182875,-3174.30108487315,SL,2024-01-04,2024-01-04,-1.0
2024-01-05,2024-01-05 10:00:00-05:00,2024-01-05 14:30:00-05:00,LONG,16471.5,16477.75,34.345127876621476,16377.05089833929,1,9,6.25,125.0,FC,2024-01-05,2024-01-05,-1.0
2024-01-08,2024-01-08 10:00:00-05:00,2024-01-08 14:30:00-05:00,LONG,16628.5,16756.5,40.494253726788365,16517.14080225133,1,9,128.0,2560.0,FC,2024-01-08,2024-01-08,1.0
2024-01-09,2024-01-09 10:00:00-05:00,2024-01-09 14:30:00-05:00,LONG,16705.0,16816.25,25.34569921986474,16635.29932714537,1,9,111.25,2225.0,FC,2024-01-09,2024-01-09,-1.0
2024-01-10,2024-01-10 10:00:00-05:00,2024-01-10 14:30:00-05:00,LONG,16837.25,16951.25,26.62708837899494,16764.025506957765,1,9,114.0,2280.0,FC,2024-01-10,2024-01-10,1.0
2024-01-11,2024-01-11 10:00:00-05:00,2024-01-11 10:30:00-05:00,LONG,16958.25,16829.687672705903,46.74993719785388,16829.687672705903,1,1,-128.56232729409749,-2571.2465458819497,SL,2024-01-11,2024-01-11,-1.0
2024-01-12,2024-01-12 10:00:00-05:00,2024-01-12 14:30:00-05:00,LONG,16986.25,16979.0,38.64214045076786,16879.984113760387,2,9,-7.25,-290.0,FC,2024-01-12,2024-01-12,-1.0
2024-01-16,2024-01-16 10:00:00-05:00,2024-01-16 11:00:00-05:00,SHORT,16913.75,17017.842587967276,37.85185016991903,17017.842587967276,1,2,-104.0925879672759,-2081.851759345518,SL,2024-01-16,2024-01-16,-1.0
2024-01-17,2024-01-17 10:00:00-05:00,2024-01-17 11:30:00-05:00,SHORT,16707.0,16819.108099234247,40.76658153972613,16819.108099234247,2,3,-112.10809923424677,-4484.323969369871,SL,2024-01-17,2024-01-17,-1.0
2024-01-18,2024-01-18 10:00:00-05:00,2024-01-18 14:30:00-05:00,LONG,17027.75,17093.25,32.72771783018962,16937.74877596698,1,9,65.5,1310.0,FC,2024-01-18,2024-01-18,1.0
2024-01-19,2024-01-19 10:00:00-05:00,2024-01-19 14:30:00-05:00,LONG,17208.5,17415.25,28.191299176561145,17130.97392726446,1,9,206.75,4135.0,FC,2024-01-19,2024-01-19,1.0
2024-01-22,2024-01-22 10:00:00-05:00,2024-01-22 11:00:00-05:00,LONG,17540.25,17451.40181634598,32.30843041964307,17451.40181634598,1,2,-88.84818365401952,-1776.9636730803904,SL,2024-01-22,2024-01-22,-1.0
2024-01-23,2024-01-23 10:00:00-05:00,2024-01-23 14:30:00-05:00,LONG,17473.75,17473.25,27.69416425753414,17397.591048291782,2,9,-0.5,-20.0,FC,2024-01-23,2024-01-23,1.0
2024-01-24,2024-01-24 10:00:00-05:00,2024-01-24 14:30:00-05:00,LONG,17669.75,17646.75,24.550583821713627,17602.235894490288,1,9,-23.0,-460.0,FC,2024-01-24,2024-01-24,1.0
2024-01-25,2024-01-25 10:00:00-05:00,2024-01-25 14:00:00-05:00,LONG,17668.5,17574.75987402765,34.08731853539929,17574.75987402765,2,8,-93.74012597234832,-3749.605038893933,SL,2024-01-25,2024-01-25,-1.0
2024-01-26,2024-01-26 10:00:00-05:00,2024-01-26 14:30:00-05:00,SHORT,17548.75,17529.0,36.968223253540486,17650.412613947236,1,9,19.75,395.0,FC,2024-01-26,2024-01-26,-1.0
2024-01-29,2024-01-29 10:00:00-05:00,2024-01-29 14:30:00-05:00,LONG,17558.25,17619.0,23.10560345834593,17494.70959048955,1,9,60.75,1215.0,FC,2024-01-29,2024-01-29,-1.0
2024-01-30,2024-01-30 10:00:00-05:00,2024-01-30 12:30:00-05:00,LONG,17669.25,17610.91731786386,21.211884413141554,17610.91731786386,1,5,-58.33268213614065,-1166.653642722813,SL,2024-01-30,2024-01-30,-1.0
2024-01-31,2024-01-31 10:00:00-05:00,2024-01-31 14:30:00-05:00,SHORT,17369.5,17330.75,36.87425032828987,17470.904188402797,2,9,38.75,1550.0,FC,2024-01-31,2024-01-31,-1.0
2024-02-01,2024-02-01 10:00:00-05:00,2024-02-01 12:30:00-05:00,SHORT,17303.5,17392.34836189636,32.308495235039494,17392.34836189636,1,5,-88.84836189635826,-1776.9672379271651,SL,2024-02-01,2024-02-01,-1.0
2024-02-02,2024-02-02 10:00:00-05:00,2024-02-02 14:30:00-05:00,LONG,17594.0,17748.0,46.3393715292999,17466.566728294427,2,9,154.0,6160.0,FC,2024-02-02,2024-02-02,-1.0
2024-02-05,2024-02-05 10:00:00-05:00,2024-02-05 10:30:00-05:00,LONG,17704.25,17628.216399621364,27.648581955868224,17628.216399621364,1,1,-76.03360037863604,-1520.6720075727208,SL,2024-02-05,2024-02-05,-1.0
2024-02-06,2024-02-06 10:00:00-05:00,2024-02-06 14:30:00-05:00,SHORT,17654.0,17594.5,32.811691979906456,17744.232152944744,2,9,59.5,2380.0,FC,2024-02-06,2024-02-06,-1.0
2024-02-07,2024-02-07 10:00:00-05:00,2024-02-07 14:30:00-05:00,LONG,17745.75,17840.5,28.19160580912989,17668.223084024892,1,9,94.75,1895.0,FC,2024-02-07,2024-02-07,1.0
2024-02-08,2024-02-08 10:00:00-05:00,2024-02-08 14:30:00-05:00,LONG,17851.0,17842.75,21.52022993134124,17791.81936768881,1,9,-8.25,-165.0,FC,2024-02-08,2024-02-08,1.0
2024-02-09,2024-02-09 10:00:00-05:00,2024-02-09 14:30:00-05:00,LONG,17939.5,18051.0,27.47265467878004,17863.950199633357,2,9,111.5,4460.0,FC,2024-02-09,2024-02-09,1.0
2024-02-12,2024-02-12 10:00:00-05:00,2024-02-12 14:00:00-05:00,LONG,18040.5,17995.773298079188,16.264255243932286,17995.773298079188,1,8,-44.72670192081205,-894.534038416241,SL,2024-02-12,2024-02-12,-1.0
2024-02-13,2024-02-13 10:00:00-05:00,2024-02-13 14:30:00-05:00,SHORT,17674.5,17613.5,49.41526551696267,17810.391980171647,2,9,61.0,2440.0,FC,2024-02-13,2024-02-13,-1.0
2024-02-14,2024-02-14 10:00:00-05:00,2024-02-14 11:30:00-05:00,LONG,17789.25,17705.746865097386,30.36477632822323,17705.746865097386,1,3,-83.50313490261397,-1670.0626980522793,SL,2024-02-14,2024-02-14,-1.0
2024-02-15,2024-02-15 10:00:00-05:00,2024-02-15 13:30:00-05:00,SHORT,17816.75,17895.526273776315,28.64591773684147,17895.526273776315,2,7,-78.77627377631507,-3151.0509510526026,SL,2024-02-15,2024-02-15,-1.0
2024-02-16,2024-02-16 10:00:00-05:00,2024-02-16 12:00:00-05:00,SHORT,17772.25,17883.474895389503,40.4454165052733,17883.474895389503,1,4,-111.22489538950322,-2224.4979077900643,SL,2024-02-16,2024-02-16,-1.0
2024-02-20,2024-02-20 10:00:00-05:00,2024-02-20 14:30:00-05:00,SHORT,17562.75,17540.5,45.015296569078956,17686.54206556497,2,9,22.25,890.0,FC,2024-02-20,2024-02-20,-1.0
2024-02-21,2024-02-21 10:00:00-05:00,2024-02-21 14:30:00-05:00,SHORT,17473.0,17411.0,31.369272514789873,17559.265499415673,1,9,62.0,1240.0,FC,2024-02-21,2024-02-21,-1.0
2024-02-22,2024-02-22 10:00:00-05:00,2024-02-22 14:30:00-05:00,LONG,17921.75,18085.5,36.21439903072783,17822.160402665497,1,9,163.75,3275.0,FC,2024-02-22,2024-02-22,1.0
2024-02-23,2024-02-23 10:00:00-05:00,2024-02-23 11:30:00-05:00,LONG,18079.75,18000.67819929003,28.75338207635368,18000.67819929003,1,3,-79.07180070997128,-1581.4360141994257,SL,2024-02-23,2024-02-23,-1.0
2024-02-26,2024-02-26 10:00:00-05:00,2024-02-26 14:30:00-05:00,LONG,17985.5,18031.75,27.25849872878303,17910.539128495846,2,9,46.25,1850.0,FC,2024-02-26,2024-02-26,-1.0
2024-02-27,2024-02-27 10:00:00-05:00,2024-02-27 14:30:00-05:00,LONG,17990.25,18006.0,29.819467571743413,17908.246464177704,1,9,15.75,315.0,FC,2024-02-27,2024-02-27,-1.0
2024-02-28,2024-02-28 10:00:00-05:00,2024-02-28 14:30:00-05:00,SHORT,17896.5,17910.25,30.036236812876584,17979.09965123541,1,9,-13.75,-275.0,FC,2024-02-28,2024-02-28,-1.0
2024-02-29,2024-02-29 10:00:00-05:00,2024-02-29 12:00:00-05:00,LONG,18053.5,17951.849021218502,36.96399228418029,17951.849021218502,2,4,-101.65097878149754,-4066.0391512599017,SL,2024-02-29,2024-02-29,1.0
2024-03-01,2024-03-01 10:00:00-05:00,2024-03-01 14:30:00-05:00,LONG,18133.0,18367.75,29.226200392134803,18052.62794892163,1,9,234.75,4695.0,FC,2024-03-01,2024-03-01,1.0
2024-03-04,2024-03-04 10:00:00-05:00,2024-03-04 14:30:00-05:00,LONG,18296.25,18299.5,20.80057528915509,18239.048417954822,1,9,3.25,65.0,FC,2024-03-04,2024-03-04,-1.0
2024-03-05,2024-03-05 10:00:00-05:00,2024-03-05 14:30:00-05:00,SHORT,18038.75,17893.75,32.79144982944158,18128.926487030963,1,9,145.0,2900.0,FC,2024-03-05,2024-03-05,-1.0
2024-03-06,2024-03-06 10:00:00-05:00,2024-03-06 12:30:00-05:00,SHORT,18046.5,18135.788740041844,32.46863274248905,18135.788740041844,1,5,-89.288740041844,-1785.7748008368799,SL,2024-03-06,2024-03-06,-1.0
2024-03-07,2024-03-07 10:00:00-05:00,2024-03-07 14:30:00-05:00,LONG,18192.75,18340.25,41.59575081496359,18078.36168525885,2,9,147.5,5900.0,FC,2024-03-07,2024-03-07,-1.0
2024-03-08,2024-03-08 10:00:00-05:00,2024-03-08 11:30:00-05:00,LONG,18387.5,18250.088867413793,49.96768457680249,18250.088867413793,1,3,-137.4111325862068,-2748.222651724136,SL,2024-03-08,2024-03-08,-1.0
2024-03-11,2024-03-11 10:00:00-04:00,2024-03-11 14:30:00-04:00,SHORT,18147.5,18240.75,61.32465777716852,18316.142808887213,2,9,-93.25,-3730.0,FC,2024-03-11,2024-03-11,-1.0
2024-03-12,2024-03-12 10:00:00-04:00,2024-03-12 14:30:00-04:00,LONG,18293.25,18444.5,52.40179597262901,18149.14506107527,1,9,151.25,3025.0,FC,2024-03-12,2024-03-12,1.0
2024-03-13,2024-03-13 10:00:00-04:00,2024-03-13 14:30:00-04:00,SHORT,18338.5,18383.5,29.69728036462263,18420.167521002713,1,9,-45.0,-900.0,FC,2024-03-13,2024-03-13,-1.0
2024-03-14,2024-03-14 10:00:00-04:00,2024-03-14 14:30:00-04:00,SHORT,18238.0,18300.0,39.18774219384715,18345.76629103308,2,9,-62.0,-2480.0,FC,2024-03-14,2024-03-14,-1.0
2024-03-15,2024-03-15 10:00:00-04:00,2024-03-15 14:30:00-04:00,SHORT,18094.0,18056.5,44.76476549907049,18217.103105122445,1,9,37.5,750.0,FC,2024-03-15,2024-03-15,-1.0
2024-03-18,2024-03-18 10:00:00-04:00,2024-03-18 14:30:00-04:00,LONG,18289.25,18310.0,30.655972801705314,18204.94607479531,1,9,20.75,415.0,FC,2024-03-18,2024-03-18,-1.0
2024-03-19,2024-03-19 10:00:00-04:00,2024-03-19 13:00:00-04:00,SHORT,18090.5,18209.105863549616,43.129404927133066,18209.105863549616,1,6,-118.6058635496156,-2372.117270992312,SL,2024-03-19,2024-03-19,-1.0
2024-03-20,2024-03-20 10:00:00-04:00,2024-03-20 14:30:00-04:00,LONG,18258.5,18371.5,32.30200286365139,18169.66949212496,2,9,113.0,4520.0,FC,2024-03-20,2024-03-20,-1.0
2024-03-21,2024-03-21 10:00:00-04:00,2024-03-21 14:30:00-04:00,LONG,18648.25,18616.25,32.720028014881265,18558.269922959076,1,9,-32.0,-640.0,FC,2024-03-21,2024-03-21,1.0
2024-03-22,2024-03-22 10:00:00-04:00,2024-03-22 14:00:00-04:00,SHORT,18530.75,18610.831560256403,29.1205673659648,18610.831560256403,2,8,-80.08156025640346,-3203.2624102561385,SL,2024-03-22,2024-03-22,-1.0
2024-03-25,2024-03-25 10:00:00-04:00,2024-03-25 12:00:00-04:00,SHORT,18479.0,18552.813000106955,26.84109094798329,18552.813000106955,1,4,-73.81300010695486,-1476.2600021390972,SL,2024-03-25,2024-03-25,-1.0
2024-03-26,2024-03-26 10:00:00-04:00,2024-03-26 14:30:00-04:00,LONG,18588.25,18559.0,24.77081824664377,18520.13024982173,2,9,-29.25,-1170.0,FC,2024-03-26,2024-03-26,-1.0
2024-03-27,2024-03-27 10:00:00-04:00,2024-03-27 14:30:00-04:00,SHORT,18450.5,18455.0,30.515860362064572,18534.418615995677,1,9,-4.5,-90.0,FC,2024-03-27,2024-03-27,-1.0
2024-03-28,2024-03-28 10:00:00-04:00,2024-03-28 14:30:00-04:00,LONG,18514.5,18473.5,27.456955616973723,18438.993372053323,2,9,-41.0,-1640.0,FC,2024-03-28,2024-03-28,-1.0
2024-04-01,2024-04-01 10:00:00-04:00,2024-04-01 11:00:00-04:00,LONG,18586.0,18492.205667876,34.10702986327334,18492.205667876,1,2,-93.79433212400181,-1875.8866424800362,SL,2024-04-01,2024-04-01,-1.0
2024-04-02,2024-04-02 10:00:00-04:00,2024-04-02 14:30:00-04:00,SHORT,18254.5,18283.25,39.61290047162624,18363.43547629697,2,9,-28.75,-1150.0,FC,2024-04-02,2024-04-02,-1.0
2024-04-03,2024-04-03 10:00:00-04:00,2024-04-03 10:30:00-04:00,SHORT,18269.75,18354.101592078023,30.673306210189754,18354.101592078023,1,1,-84.3515920780228,-1687.031841560456,SL,2024-04-03,2024-04-03,-1.0
2024-04-04,2024-04-04 10:00:00-04:00,2024-04-04 14:30:00-04:00,LONG,18518.0,18334.0,28.218600041087456,18440.39884988701,2,9,-184.0,-7360.0,FC,2024-04-04,2024-04-04,-1.0
2024-04-05,2024-04-05 10:00:00-04:00,2024-04-05 12:00:00-04:00,SHORT,18205.5,18329.255749273252,45.00209064481924,18329.255749273252,1,4,-123.75574927325215,-2475.114985465043,SL,2024-04-05,2024-04-05,-1.0
2024-04-08,2024-04-08 10:00:00-04:00,2024-04-08 14:30:00-04:00,LONG,18300.75,18312.75,41.83831532448819,18185.694632857656,2,9,12.0,480.0,FC,2024-04-08,2024-04-08,-1.0
2024-04-09,2024-04-09 10:00:00-04:00,2024-04-09 11:00:00-04:00,LONG,18342.25,18250.614157026193,33.32212471774796,18250.614157026193,1,2,-91.63584297380658,-1832.7168594761315,SL,2024-04-09,2024-04-09,-1.0
2024-04-10,2024-04-10 10:00:00-04:00,2024-04-10 14:30:00-04:00,SHORT,18179.5,18142.75,66.62277829946498,18362.712640323527,2,9,36.75,1470.0,FC,2024-04-10,2024-04-10,-1.0
2024-04-11,2024-04-11 10:00:00-04:00,2024-04-11 14:30:00-04:00,LONG,18260.75,18498.0,43.58624499036541,18140.887826276496,1,9,237.25,4745.0,FC,2024-04-11,2024-04-11,-1.0
2024-04-12,2024-04-12 10:00:00-04:00,2024-04-12 14:30:00-04:00,SHORT,18338.0,18168.5,37.56168068717592,18441.294621889734,1,9,169.5,3390.0,FC,2024-04-12,2024-04-12,-1.0
2024-04-15,2024-04-15 10:00:00-04:00,2024-04-15 10:30:00-04:00,LONG,18304.5,18209.8918837582,34.402951360655216,18209.8918837582,1,1,-94.60811624180133,-1892.1623248360265,SL,2024-04-15,2024-04-15,-1.0
2024-04-16,2024-04-16 10:00:00-04:00,2024-04-16 14:30:00-04:00,SHORT,17897.75,17857.25,44.478121480322066,18020.064834070887,2,9,40.5,1620.0,FC,2024-04-16,2024-04-16,-1.0
2024-04-17,2024-04-17 10:00:00-04:00,2024-04-17 14:30:00-04:00,SHORT,17891.0,17710.0,39.496783263140465,17999.616153973635,1,9,181.0,3620.0,FC,2024-04-17,2024-04-17,-1.0
2024-04-18,2024-04-18 10:00:00-04:00,2024-04-18 11:00:00-04:00,SHORT,17610.5,17716.266293862293,38.46047049537902,17716.266293862293,1,2,-105.76629386229251,-2115.3258772458503,SL,2024-04-18,2024-04-18,-1.0
2024-04-19,2024-04-19 10:00:00-04:00,2024-04-19 14:30:00-04:00,SHORT,17455.25,17211.0,51.37130844940755,17596.52109823587,2,9,244.25,9770.0,FC,2024-04-19,2024-04-19,-1.0
2024-04-22,2024-04-22 10:00:00-04:00,2024-04-22 14:00:00-04:00,SHORT,17283.0,17379.866731961312,35.22426616774991,17379.866731961312,1,8,-96.86673196131233,-1937.3346392262465,SL,2024-04-22,2024-04-22,-1.0
2024-04-23,2024-04-23 10:00:00-04:00,2024-04-23 14:30:00-04:00,LONG,17501.0,17647.75,37.30700244887498,17398.405743265594,2,9,146.75,5870.0,FC,2024-04-23,2024-04-23,-1.0
2024-04-24,2024-04-24 10:00:00-04:00,2024-04-24 11:30:00-04:00,LONG,17736.0,17640.016090074172,34.90323997302783,17640.016090074172,1,3,-95.9839099258279,-1919.678198516558,SL,2024-04-24,2024-04-24,-1.0
2024-04-25,2024-04-25 10:00:00-04:00,2024-04-25 13:00:00-04:00,SHORT,17356.5,17489.60184084183,48.400669397029965,17489.60184084183,2,6,-133.1018408418313,-5324.073633673252,SL,2024-04-25,2024-04-25,-1.0
2024-04-26,2024-04-26 10:00:00-04:00,2024-04-26 14:30:00-04:00,LONG,17786.0,17850.75,51.23919977578517,17645.09220061659,1,9,64.75,1295.0,FC,2024-04-26,2024-04-26,1.0
2024-04-29,2024-04-29 10:00:00-04:00,2024-04-29 14:30:00-04:00,LONG,17867.0,17887.0,31.366148685421685,17780.74309111509,1,9,20.0,400.0,FC,2024-04-29,2024-04-29,-1.0
2024-04-30,2024-04-30 10:00:00-04:00,2024-04-30 14:30:00-04:00,SHORT,17871.75,17688.5,29.722128196567926,17953.48585254056,1,9,183.25,3665.0,FC,2024-04-30,2024-04-30,-1.0
2024-05-01,2024-05-01 10:00:00-04:00,2024-05-01 14:30:00-04:00,SHORT,17475.0,17559.0,34.48345524430354,17569.829501921835,1,9,-84.0,-1680.0,FC,2024-05-01,2024-05-01,-1.0
2024-05-02,2024-05-02 10:00:00-04:00,2024-05-02 14:00:00-04:00,SHORT,17498.75,17608.58624215214,39.94045169168734,17608.58624215214,2,8,-109.8362421521415,-4393.44968608566,SL,2024-05-02,2024-05-02,-1.0
2024-05-03,2024-05-03 10:00:00-04:00,2024-05-03 14:30:00-04:00,LONG,18000.75,18015.25,51.27944048759925,17859.731538659104,1,9,14.5,290.0,FC,2024-05-03,2024-05-03,1.0
2024-05-06,2024-05-06 10:00:00-04:00,2024-05-06 14:30:00-04:00,LONG,18109.75,18146.5,23.343080996922698,18045.55652725846,1,9,36.75,735.0,FC,2024-05-06,2024-05-06,1.0
2024-05-07,2024-05-07 10:00:00-04:00,2024-05-07 14:30:00-04:00,LONG,18193.5,18186.0,22.015956146028486,18132.95612059842,1,9,-7.5,-150.0,FC,2024-05-07,2024-05-07,-1.0
2024-05-08,2024-05-08 10:00:00-04:00,2024-05-08 14:30:00-04:00,SHORT,18168.0,18186.75,28.991398988964896,18247.726347219654,2,9,-18.75,-750.0,FC,2024-05-08,2024-05-08,-1.0
2024-05-09,2024-05-09 10:00:00-04:00,2024-05-09 14:30:00-04:00,SHORT,18157.5,18216.5,30.71469052895754,18241.965398954635,1,9,-59.0,-1180.0,FC,2024-05-09,2024-05-09,-1.0
2024-05-10,2024-05-10 10:00:00-04:00,2024-05-10 10:30:00-04:00,LONG,18328.75,18248.59967958942,29.145571058391837,18248.59967958942,2,1,-80.1503204105793,-3206.012816423172,SL,2024-05-10,2024-05-10,-1.0
2024-05-13,2024-05-13 10:00:00-04:00,2024-05-13 14:30:00-04:00,LONG,18286.0,18282.75,24.920267247905905,18217.46926506826,1,9,-3.25,-65.0,FC,2024-05-13,2024-05-13,1.0
2024-05-14,2024-05-14 10:00:00-04:00,2024-05-14 14:30:00-04:00,LONG,18290.0,18378.5,30.574475618213324,18205.920192049914,2,9,88.5,3540.0,FC,2024-05-14,2024-05-14,1.0
2024-05-15,2024-05-15 10:00:00-04:00,2024-05-15 14:30:00-04:00,LONG,18483.0,18685.75,32.2961209481949,18394.185667392463,1,9,202.75,4055.0,FC,2024-05-15,2024-05-15,1.0
2024-05-16,2024-05-16 10:00:00-04:00,2024-05-16 14:30:00-04:00,LONG,18708.75,18675.5,19.638083238559172,18654.74527109396,1,9,-33.25,-665.0,FC,2024-05-16,2024-05-16,1.0
2024-05-17,2024-05-17 10:00:00-04:00,2024-05-17 14:30:00-04:00,SHORT,18638.0,18571.25,20.150243396530207,18693.41316934046,2,9,66.75,2670.0,FC,2024-05-17,2024-05-17,-1.0
2024-05-20,2024-05-20 10:00:00-04:00,2024-05-20 14:30:00-04:00,LONG,18749.5,18750.0,24.62508464892428,18681.781017215457,1,9,0.5,10.0,FC,2024-05-20,2024-05-20,1.0
2024-05-21,2024-05-21 10:00:00-04:00,2024-05-21 11:30:00-04:00,SHORT,18707.75,18758.839482323885,18.57799357232159,18758.839482323885,1,3,-51.08948232388502,-1021.7896464777004,SL,2024-05-21,2024-05-21,1.0
2024-05-22,2024-05-22 10:00:00-04:00,2024-05-22 14:00:00-04:00,LONG,18824.5,18772.03507402534,19.07815489987548,18772.03507402534,2,8,-52.4649259746584,-2098.597038986336,SL,2024-05-22,2024-05-22,-1.0
2024-05-23,2024-05-23 10:00:00-04:00,2024-05-23 14:30:00-04:00,SHORT,18852.0,18679.75,33.513915411698456,18944.16326738217,1,9,172.25,3445.0,FC,2024-05-23,2024-05-23,-1.0
2024-05-24,2024-05-24 10:00:00-04:00,2024-05-24 10:30:00-04:00,SHORT,18749.75,18826.83537886665,28.0310468605997,18826.83537886665,1,1,-77.08537886664999,-1541.7075773329998,SL,2024-05-24,2024-05-24,1.0
2024-05-28,2024-05-28 10:00:00-04:00,2024-05-28 14:30:00-04:00,SHORT,18864.25,18877.25,29.293122939810257,18944.80608808448,2,9,-13.0,-520.0,FC,2024-05-28,2024-05-28,-1.0
2024-05-29,2024-05-29 10:00:00-04:00,2024-05-29 14:30:00-04:00,SHORT,18831.75,18837.5,32.86926528029546,18922.14047952081,1,9,-5.75,-115.0,FC,2024-05-29,2024-05-29,-1.0
2024-05-30,2024-05-30 10:00:00-04:00,2024-05-30 14:30:00-04:00,SHORT,18739.0,18674.5,28.0757155876918,18816.20821786615,2,9,64.5,2580.0,FC,2024-05-30,2024-05-30,-1.0
2024-05-31,2024-05-31 10:00:00-04:00,2024-05-31 14:30:00-04:00,SHORT,18544.25,18319.0,44.264865313081145,18665.978379610973,1,9,225.25,4505.0,FC,2024-05-31,2024-05-31,-1.0
2024-06-03,2024-06-03 10:00:00-04:00,2024-06-03 11:00:00-04:00,LONG,18677.0,18586.854390097924,32.78022178257316,18586.854390097924,1,2,-90.1456099020761,-1802.912198041522,SL,2024-06-03,2024-06-03,-1.0
2024-06-04,2024-06-04 10:00:00-04:00,2024-06-04 14:30:00-04:00,SHORT,18602.5,18735.5,36.02408755445286,18701.566240774744,2,9,-133.0,-5320.0,FC,2024-06-04,2024-06-04,-1.0
2024-06-05,2024-06-05 10:00:00-04:00,2024-06-05 14:30:00-04:00,LONG,18857.75,19026.0,28.667068034962494,18778.915562903854,1,9,168.25,3365.0,FC,2024-06-05,2024-06-05,1.0
2024-06-06,2024-06-06 10:00:00-04:00,2024-06-06 14:30:00-04:00,LONG,19033.75,19050.75,29.365067841200478,18952.996063436698,1,9,17.0,340.0,FC,2024-06-06,2024-06-06,-1.0
2024-06-07,2024-06-07 10:00:00-04:00,2024-06-07 13:30:00-04:00,SHORT,19032.5,19150.136895758813,42.77705300320429,19150.136895758813,1,7,-117.6368957588129,-2352.737915176258,SL,2024-06-07,2024-06-07,1.0
2024-06-10,2024-06-10 10:00:00-04:00,2024-06-10 11:30:00-04:00,SHORT,18993.5,19074.986448670006,29.63143588000285,19074.986448670006,2,3,-81.48644867000621,-3259.4579468002485,SL,2024-06-10,2024-06-10,-1.0
2024-06-11,2024-06-11 10:00:00-04:00,2024-06-11 11:00:00-04:00,SHORT,19032.5,19107.73768764475,27.35915914354521,19107.73768764475,1,2,-75.2376876447488,-1504.753752894976,SL,2024-06-11,2024-06-11,1.0
2024-06-12,2024-06-12 10:00:00-04:00,2024-06-12 14:30:00-04:00,LONG,19491.0,19526.25,42.904128537138945,19373.013646522868,2,9,35.25,1410.0,FC,2024-06-12,2024-06-12,1.0
2024-06-13,2024-06-13 10:00:00-04:00,2024-06-13 10:30:00-04:00,LONG,19631.25,19541.97756893088,32.462702206952514,19541.97756893088,1,1,-89.2724310691192,-1785.4486213823839,SL,2024-06-13,2024-06-13,1.0
2024-06-14,2024-06-14 10:00:00-04:00,2024-06-14 14:30:00-04:00,LONG,19638.75,19657.25,35.29689123601855,19541.683549100948,2,9,18.5,740.0,FC,2024-06-14,2024-06-14,1.0
2024-06-17,2024-06-17 10:00:00-04:00,2024-06-17 14:30:00-04:00,LONG,19954.5,20240.75,28.204185919575178,19876.938488721167,1,9,286.25,5725.0,FC,2024-06-17,2024-06-17,1.0
2024-06-18,2024-06-18 10:00:00-04:00,2024-06-18 14:30:00-04:00,LONG,20179.0,20184.75,28.48028172796343,20100.6792252481,1,9,5.75,115.0,FC,2024-06-18,2024-06-18,1.0
2024-06-20,2024-06-20 10:00:00-04:00,2024-06-20 14:30:00-04:00,SHORT,20234.5,20068.25,27.968471735868686,20311.41329727364,1,9,166.25,3325.0,FC,2024-06-20,2024-06-20,-1.0
2024-06-21,2024-06-21 10:00:00-04:00,2024-06-21 12:00:00-04:00,SHORT,19953.75,20066.36559806646,40.95112656962145,20066.36559806646,1,4,-112.61559806645892,-2252.3119613291783,SL,2024-06-21,2024-06-21,-1.0
2024-06-24,2024-06-24 10:00:00-04:00,2024-06-24 14:30:00-04:00,SHORT,19946.75,19781.0,37.0659753671678,20048.681432259713,2,9,165.75,6630.0,FC,2024-06-24,2024-06-24,-1.0
2024-06-25,2024-06-25 10:00:00-04:00,2024-06-25 11:30:00-04:00,SHORT,19832.0,19912.59491166889,29.307240606868504,19912.59491166889,1,3,-80.59491166888984,-1611.8982333777967,SL,2024-06-25,2024-06-25,-1.0
2024-06-26,2024-06-26 10:00:00-04:00,2024-06-26 14:30:00-04:00,LONG,19972.0,19970.0,31.750212231665476,19884.68691636292,2,9,-2.0,-80.0,FC,2024-06-26,2024-06-26,-1.0
2024-06-27,2024-06-27 10:00:00-04:00,2024-06-27 12:00:00-04:00,LONG,20060.25,19972.075270941277,32.063537839535506,19972.075270941277,1,4,-88.17472905872273,-1763.4945811744547,SL,2024-06-27,2024-06-27,-1.0
2024-06-28,2024-06-28 10:00:00-04:00,2024-06-28 12:30:00-04:00,LONG,20147.5,20052.45504542091,34.56180166512422,20052.45504542091,2,5,-95.0449545790907,-3801.798183163628,SL,2024-06-28,2024-06-28,-1.0
2024-07-01,2024-07-01 10:00:00-04:00,2024-07-01 12:30:00-04:00,SHORT,19887.75,19999.206222755616,40.52953554749698,19999.206222755616,1,5,-111.45622275561618,-2229.1244551123236,SL,2024-07-01,2024-07-01,1.0
2024-07-02,2024-07-02 10:00:00-04:00,2024-07-02 14:30:00-04:00,LONG,20062.5,20223.0,38.438892418767956,19956.79304584839,2,9,160.5,6420.0,FC,2024-07-02,2024-07-02,1.0
2024-07-05,2024-07-05 10:00:00-04:00,2024-07-05 14:30:00-04:00,LONG,20513.75,20602.5,34.0073156673038,20420.229881914915,1,9,88.75,1775.0,FC,2024-07-05,2024-07-05,1.0
2024-07-08,2024-07-08 10:00:00-04:00,2024-07-08 14:30:00-04:00,LONG,20634.5,20651.25,17.20451415000685,20587.187586087482,1,9,16.75,335.0,FC,2024-07-08,2024-07-08,-1.0
2024-07-09,2024-07-09 10:00:00-04:00,2024-07-09 10:30:00-04:00,LONG,20749.5,20699.241414781132,18.275849170496684,20699.241414781132,1,1,-50.258585218867665,-1005.1717043773533,SL,2024-07-09,2024-07-09,1.0
2024-07-10,2024-07-10 10:00:00-04:00,2024-07-10 11:30:00-04:00,LONG,20764.25,20714.395982138987,18.12873376764113,20714.395982138987,2,3,-49.854017861012835,-1994.1607144405134,SL,2024-07-10,2024-07-10,1.0
2024-07-11,2024-07-11 10:00:00-04:00,2024-07-11 10:30:00-04:00,LONG,20869.5,20788.446326785157,29.47406298721587,20788.446326785157,1,1,-81.053673214843,-1621.07346429686,SL,2024-07-11,2024-07-11,-1.0
2024-07-12,2024-07-12 10:00:00-04:00,2024-07-12 14:30:00-04:00,LONG,20542.75,20703.75,45.79087034082886,20416.82510656272,2,9,161.0,6440.0,FC,2024-07-12,2024-07-12,1.0
2024-07-15,2024-07-15 10:00:00-04:00,2024-07-15 14:30:00-04:00,LONG,20627.75,20600.75,28.3898427331063,20549.67793248396,1,9,-27.0,-540.0,FC,2024-07-15,2024-07-15,-1.0
2024-07-16,2024-07-16 10:00:00-04:00,2024-07-16 14:30:00-04:00,SHORT,20581.0,20534.0,37.942821284139896,20685.342758531384,2,9,47.0,1880.0,FC,2024-07-16,2024-07-16,-1.0
2024-07-17,2024-07-17 10:00:00-04:00,2024-07-17 14:30:00-04:00,SHORT,20209.0,20059.25,44.36171740280016,20330.9947228577,1,9,149.75,2995.0,FC,2024-07-17,2024-07-17,-1.0
2024-07-18,2024-07-18 10:00:00-04:00,2024-07-18 14:30:00-04:00,SHORT,20067.75,19849.5,48.144331075584745,20200.146910457857,1,9,218.25,4365.0,FC,2024-07-18,2024-07-18,-1.0
2024-07-22,2024-07-22 10:00:00-04:00,2024-07-22 11:30:00-04:00,LONG,19970.5,19843.878506339064,46.04417951306793,19843.878506339064,1,3,-126.62149366093581,-2532.4298732187162,SL,2024-07-22,2024-07-22,-1.0
2024-07-23,2024-07-23 10:00:00-04:00,2024-07-23 14:30:00-04:00,LONG,20006.25,19961.25,44.48042035016843,19883.928844037036,2,9,-45.0,-1800.0,FC,2024-07-23,2024-07-23,-1.0
2024-07-24,2024-07-24 10:00:00-04:00,2024-07-24 14:30:00-04:00,SHORT,19512.0,19290.75,51.660197485023886,19654.065543083816,1,9,221.25,4425.0,FC,2024-07-24,2024-07-24,-1.0
2024-07-25,2024-07-25 10:00:00-04:00,2024-07-25 11:30:00-04:00,SHORT,19030.5,19258.75768332686,83.00279393704064,19258.75768332686,1,3,-228.2576833268613,-4565.153666537226,SL,2024-07-25,2024-07-25,-1.0
2024-07-26,2024-07-26 10:00:00-04:00,2024-07-26 13:00:00-04:00,SHORT,19129.25,19257.472205849695,46.62625667261666,19257.472205849695,2,6,-128.22220584969546,-5128.888233987818,SL,2024-07-26,2024-07-26,1.0
2024-07-29,2024-07-29 10:00:00-04:00,2024-07-29 11:00:00-04:00,LONG,19357.75,19233.528369213545,45.17150210416585,19233.528369213545,1,2,-124.22163078645463,-2484.4326157290925,SL,2024-07-29,2024-07-29,1.0
2024-07-30,2024-07-30 10:00:00-04:00,2024-07-30 11:00:00-04:00,LONG,19225.75,19122.544711104587,37.52919596196861,19122.544711104587,2,2,-103.2052888954131,-4128.211555816524,SL,2024-07-30,2024-07-30,-1.0
2024-07-31,2024-07-31 10:00:00-04:00,2024-07-31 14:30:00-04:00,LONG,19391.0,19472.0,51.1254761900956,19250.404940477238,1,9,81.0,1620.0,FC,2024-07-31,2024-07-31,1.0
2024-08-01,2024-08-01 10:00:00-04:00,2024-08-01 10:30:00-04:00,LONG,19646.0,19452.722055288155,70.28288898612476,19452.722055288155,1,1,-193.2779447118446,-3865.5588942368922,SL,2024-08-01,2024-08-01,-1.0
2024-08-02,2024-08-02 10:00:00-04:00,2024-08-02 14:30:00-04:00,SHORT,18575.0,18552.75,99.96031622350797,18849.890869614646,2,9,22.25,890.0,FC,2024-08-02,2024-08-02,-1.0
2024-08-05,2024-08-05 10:00:00-04:00,2024-08-05 14:30:00-04:00,SHORT,17889.5,18035.5,196.59596762941052,18430.13891098088,1,9,-146.0,-2920.0,FC,2024-08-05,2024-08-05,-1.0
2024-08-06,2024-08-06 10:00:00-04:00,2024-08-06 13:00:00-04:00,SHORT,18142.75,18413.93722887279,98.61353777192308,18413.93722887279,2,6,-271.18722887279,-10847.4891549116,SL,2024-08-06,2024-08-06,-1.0
2024-08-07,2024-08-07 10:00:00-04:00,2024-08-07 12:30:00-04:00,LONG,18520.25,18335.32601961159,67.24508377760307,18335.32601961159,1,5,-184.92398038840838,-3698.4796077681676,SL,2024-08-07,2024-08-07,-1.0
2024-08-08,2024-08-08 10:00:00-04:00,2024-08-08 14:30:00-04:00,LONG,18208.0,18512.25,94.55645574849285,17947.969746691644,2,9,304.25,12170.0,FC,2024-08-08,2024-08-08,-1.0
2024-08-09,2024-08-09 10:00:00-04:00,2024-08-09 14:30:00-04:00,LONG,18432.25,18588.25,62.79904679210115,18259.552621321724,1,9,156.0,3120.0,FC,2024-08-09,2024-08-09,-1.0
2024-08-12,2024-08-12 10:00:00-04:00,2024-08-12 10:30:00-04:00,SHORT,18540.25,18668.876476645157,46.773264234602195,18668.876476645157,1,1,-128.6264766451568,-2572.529532903136,SL,2024-08-12,2024-08-12,-1.0
2024-08-13,2024-08-13 10:00:00-04:00,2024-08-13 14:30:00-04:00,LONG,18899.25,19071.0,48.71638083856311,18765.279952693953,2,9,171.75,6870.0,FC,2024-08-13,2024-08-13,-1.0
2024-08-14,2024-08-14 10:00:00-04:00,2024-08-14 14:30:00-04:00,LONG,19028.5,19088.0,50.80212400723123,18888.794158980116,1,9,59.5,1190.0,FC,2024-08-14,2024-08-14,-1.0
2024-08-15,2024-08-15 10:00:00-04:00,2024-08-15 14:30:00-04:00,LONG,19460.75,19581.5,58.71090882063707,19299.29500074325,1,9,120.75,2415.0,FC,2024-08-15,2024-08-15,1.0
2024-08-16,2024-08-16 10:00:00-04:00,2024-08-16 14:30:00-04:00,LONG,19498.0,19615.25,40.15266462249246,19387.580172288144,1,9,117.25,2345.0,FC,2024-08-16,2024-08-16,-1.0
2024-08-19,2024-08-19 10:00:00-04:00,2024-08-19 14:30:00-04:00,LONG,19587.75,19743.0,34.716982949327004,19492.27829688935,1,9,155.25,3105.0,FC,2024-08-19,2024-08-19,1.0
2024-08-20,2024-08-20 10:00:00-04:00,2024-08-20 10:30:00-04:00,LONG,19918.5,19825.01787124731,33.99350136461454,19825.01787124731,1,1,-93.48212875269019,-1869.6425750538037,SL,2024-08-20,2024-08-20,-1.0
2024-08-21,2024-08-21 10:00:00-04:00,2024-08-21 12:30:00-04:00,LONG,19878.75,19799.274243742104,28.900275002871343,19799.274243742104,2,5,-79.47575625789614,-3179.0302503158455,SL,2024-08-21,2024-08-21,1.0
2024-08-22,2024-08-22 10:00:00-04:00,2024-08-22 10:30:00-04:00,LONG,19976.0,19887.77485943226,32.08186929736124,19887.77485943226,1,1,-88.22514056774162,-1764.5028113548324,SL,2024-08-22,2024-08-22,-1.0
2024-08-23,2024-08-23 10:00:00-04:00,2024-08-23 11:00:00-04:00,LONG,19754.5,19672.054410196182,29.980214474115055,19672.054410196182,2,2,-82.44558980381771,-3297.8235921527084,SL,2024-08-23,2024-08-23,1.0
2024-08-26,2024-08-26 10:00:00-04:00,2024-08-26 14:30:00-04:00,SHORT,19722.0,19578.0,37.169414042197786,19824.215888616043,1,9,144.0,2880.0,FC,2024-08-26,2024-08-26,-1.0
2024-08-27,2024-08-27 10:00:00-04:00,2024-08-27 11:00:00-04:00,SHORT,19540.5,19669.91669828508,47.06061755821044,19669.91669828508,1,2,-129.4166982850802,-2588.333965701604,SL,2024-08-27,2024-08-27,-1.0
2024-08-28,2024-08-28 10:00:00-04:00,2024-08-28 14:30:00-04:00,SHORT,19557.75,19327.25,36.664661374133615,19658.577818778867,2,9,230.5,9220.0,FC,2024-08-28,2024-08-28,-1.0
2024-08-29,2024-08-29 10:00:00-04:00,2024-08-29 14:30:00-04:00,LONG,19643.75,19498.0,59.352352205397736,19480.531031435155,1,9,-145.75,-2915.0,FC,2024-08-29,2024-08-29,-1.0
2024-08-30,2024-08-30 10:00:00-04:00,2024-08-30 11:00:00-04:00,LONG,19593.0,19480.846158853936,40.78321496220571,19480.846158853936,2,2,-112.15384114606422,-4486.153645842569,SL,2024-08-30,2024-08-30,-1.0
2024-09-03,2024-09-03 10:00:00-04:00,2024-09-03 14:30:00-04:00,SHORT,19366.5,19036.0,56.617533870576715,19522.198218144087,1,9,330.5,6610.0,FC,2024-09-03,2024-09-03,-1.0
2024-09-04,2024-09-04 10:00:00-04:00,2024-09-04 14:30:00-04:00,SHORT,18972.5,19016.75,53.629168016076086,19119.98021204421,1,9,-44.25,-885.0,FC,2024-09-04,2024-09-04,-1.0
2024-09-05,2024-09-05 10:00:00-04:00,2024-09-05 11:30:00-04:00,LONG,19053.25,18879.397285667907,63.21916884803434,18879.397285667907,2,3,-173.85271433209346,-6954.108573283738,SL,2024-09-05,2024-09-05,-1.0
2024-09-06,2024-09-06 10:00:00-04:00,2024-09-06 14:30:00-04:00,SHORT,18745.75,18457.25,80.23698224585269,18966.401701176095,1,9,288.5,5770.0,FC,2024-09-06,2024-09-06,-1.0
2024-09-09,2024-09-09 10:00:00-04:00,2024-09-09 11:00:00-04:00,LONG,18687.5,18571.846482585846,42.05582451423805,18571.846482585846,1,2,-115.65351741415361,-2313.0703482830722,SL,2024-09-09,2024-09-09,-1.0
2024-09-10,2024-09-10 10:00:00-04:00,2024-09-10 12:00:00-04:00,LONG,18762.5,18635.86750491134,46.048180032240225,18635.86750491134,2,4,-126.6324950886592,-5065.299803546368,SL,2024-09-10,2024-09-10,-1.0
2024-09-11,2024-09-11 10:00:00-04:00,2024-09-11 11:00:00-04:00,LONG,18792.0,18638.239107860678,55.913051687026396,18638.239107860678,1,2,-153.7608921393221,-3075.217842786442,SL,2024-09-11,2024-09-11,-1.0
2024-09-12,2024-09-12 10:00:00-04:00,2024-09-12 14:30:00-04:00,LONG,19494.5,19704.25,46.206991306892355,19367.430773906046,2,9,209.75,8390.0,FC,2024-09-12,2024-09-12,-1.0
2024-09-13,2024-09-13 10:00:00-04:00,2024-09-13 14:30:00-04:00,LONG,19699.0,19751.0,35.96209193850334,19600.104247169114,1,9,52.0,1040.0,FC,2024-09-13,2024-09-13,-1.0
2024-09-16,2024-09-16 10:00:00-04:00,2024-09-16 14:30:00-04:00,SHORT,19663.25,19664.75,36.890340805151254,19764.698437214167,1,9,-1.5,-30.0,FC,2024-09-16,2024-09-16,-1.0
2024-09-17,2024-09-17 10:00:00-04:00,2024-09-17 12:30:00-04:00,LONG,19760.0,19651.86425681484,39.32208843096813,19651.86425681484,2,5,-108.13574318516112,-4325.429727406445,SL,2024-09-17,2024-09-17,-1.0
2024-09-18,2024-09-18 10:00:00-04:00,2024-09-18 12:00:00-04:00,LONG,19708.5,19630.526628732205,28.353953188289324,19630.526628732205,1,4,-77.9733712677953,-1559.467425355906,SL,2024-09-18,2024-09-18,-1.0
2024-09-19,2024-09-19 10:00:00-04:00,2024-09-19 14:30:00-04:00,LONG,20009.5,20152.25,48.54388943003637,19876.0043040674,2,9,142.75,5710.0,FC,2024-09-19,2024-09-19,1.0
2024-09-20,2024-09-20 10:00:00-04:00,2024-09-20 14:30:00-04:00,SHORT,20001.75,19954.5,36.54001640717022,20102.23504511972,1,9,47.25,945.0,FC,2024-09-20,2024-09-20,-1.0
2024-09-23,2024-09-23 10:00:00-04:00,2024-09-23 14:30:00-04:00,LONG,20066.0,20067.25,38.76307571679838,19959.401541778803,1,9,1.25,25.0,FC,2024-09-23,2024-09-23,1.0
2024-09-24,2024-09-24 10:00:00-04:00,2024-09-24 10:30:00-04:00,LONG,20089.25,19984.8281894366,37.971567477600296,19984.8281894366,1,1,-104.42181056339905,-2088.436211267981,SL,2024-09-24,2024-09-24,1.0
2024-09-25,2024-09-25 10:00:00-04:00,2024-09-25 13:30:00-04:00,LONG,20232.0,20150.272187816972,29.719204430191844,20150.272187816972,2,7,-81.72781218302771,-3269.1124873211083,SL,2024-09-25,2024-09-25,-1.0
2024-09-26,2024-09-26 10:00:00-04:00,2024-09-26 11:00:00-04:00,LONG,20427.25,20322.966082339724,37.921424603736426,20322.966082339724,1,2,-104.28391766027562,-2085.6783532055124,SL,2024-09-26,2024-09-26,1.0
2024-09-27,2024-09-27 10:00:00-04:00,2024-09-27 12:30:00-04:00,LONG,20327.0,20223.887359473676,37.49550564593533,20223.887359473676,2,5,-103.11264052632396,-4124.505621052958,SL,2024-09-27,2024-09-27,-1.0
2024-09-30,2024-09-30 10:00:00-04:00,2024-09-30 14:30:00-04:00,SHORT,20204.25,20093.25,40.50644889932166,20315.642734473135,1,9,111.0,2220.0,FC,2024-09-30,2024-09-30,-1.0
2024-10-01,2024-10-01 10:00:00-04:00,2024-10-01 14:30:00-04:00,SHORT,20044.0,20059.25,57.42515064749847,20201.91916428062,1,9,-15.25,-305.0,FC,2024-10-01,2024-10-01,-1.0
2024-10-02,2024-10-02 10:00:00-04:00,2024-10-02 11:30:00-04:00,SHORT,19914.75,20074.21375617012,57.986820425498884,20074.21375617012,2,3,-159.46375617012018,-6378.550246804807,SL,2024-10-02,2024-10-02,-1.0
2024-10-03,2024-10-03 10:00:00-04:00,2024-10-03 13:30:00-04:00,LONG,20024.5,19887.518196991557,49.811564730342724,19887.518196991557,1,7,-136.9818030084425,-2739.6360601688502,SL,2024-10-03,2024-10-03,-1.0
2024-10-04,2024-10-04 10:00:00-04:00,2024-10-04 14:30:00-04:00,LONG,20086.5,20145.25,59.32684984559412,19923.351162924617,2,9,58.75,2350.0,FC,2024-10-04,2024-10-04,1.0
2024-10-07,2024-10-07 10:00:00-04:00,2024-10-07 14:30:00-04:00,SHORT,20110.0,20106.25,36.68661504627316,20210.888191377253,1,9,3.75,75.0,FC,2024-10-07,2024-10-07,-1.0
2024-10-08,2024-10-08 10:00:00-04:00,2024-10-08 14:30:00-04:00,LONG,20156.0,20237.25,41.52449996833336,20041.807625087084,1,9,81.25,1625.0,FC,2024-10-08,2024-10-08,-1.0
2024-10-09,2024-10-09 10:00:00-04:00,2024-10-09 14:30:00-04:00,LONG,20266.0,20456.25,29.906160494325203,20183.758058640607,1,9,190.25,3805.0,FC,2024-10-09,2024-10-09,-1.0
2024-10-10,2024-10-10 10:00:00-04:00,2024-10-10 12:00:00-04:00,SHORT,20357.5,20468.196441427855,40.25325142831048,20468.196441427855,1,4,-110.69644142785546,-2213.9288285571092,SL,2024-10-10,2024-10-10,-1.0
2024-10-11,2024-10-11 10:00:00-04:00,2024-10-11 10:30:00-04:00,SHORT,20359.75,20450.07229562385,32.8444711359447,20450.07229562385,2,1,-90.32229562384964,-3612.8918249539856,SL,2024-10-11,2024-10-11,-1.0
2024-10-14,2024-10-14 10:00:00-04:00,2024-10-14 11:00:00-04:00,LONG,20671.0,20582.12202523418,32.31926355120629,20582.12202523418,1,2,-88.87797476581909,-1777.5594953163818,SL,2024-10-14,2024-10-14,-1.0
2024-10-15,2024-10-15 10:00:00-04:00,2024-10-15 10:30:00-04:00,LONG,20629.5,20558.038876610764,25.985863050630837,20558.038876610764,2,1,-71.46112338923558,-2858.4449355694233,SL,2024-10-15,2024-10-15,-1.0
2024-10-16,2024-10-16 10:00:00-04:00,2024-10-16 10:30:00-04:00,SHORT,20223.75,20325.94224785112,37.16081740040683,20325.94224785112,1,1,-102.19224785111874,-2043.8449570223747,SL,2024-10-16,2024-10-16,1.0
2024-10-17,2024-10-17 10:00:00-04:00,2024-10-17 14:30:00-04:00,LONG,20434.25,20394.0,45.71825536492021,20308.524797746468,2,9,-40.25,-1610.0,FC,2024-10-17,2024-10-17,-1.0
2024-10-18,2024-10-18 10:00:00-04:00,2024-10-18 14:30:00-04:00,LONG,20475.25,20501.75,30.557900815261036,20391.21577275803,1,9,26.5,530.0,FC,2024-10-18,2024-10-18,1.0
2024-10-21,2024-10-21 10:00:00-04:00,2024-10-21 11:00:00-04:00,LONG,20493.25,20397.700851217352,34.74514501187218,20397.700851217352,1,2,-95.54914878264753,-1910.9829756529507,SL,2024-10-21,2024-10-21,-1.0
2024-10-22,2024-10-22 10:00:00-04:00,2024-10-22 14:30:00-04:00,LONG,20460.25,20551.75,43.212244566831245,20341.416327441213,2,9,91.5,3660.0,FC,2024-10-22,2024-10-22,1.0
2024-10-23,2024-10-23 10:00:00-04:00,2024-10-23 14:30:00-04:00,SHORT,20433.0,20122.25,30.3183689569478,20516.375514631607,1,9,310.75,6215.0,FC,2024-10-23,2024-10-23,-1.0
2024-10-24,2024-10-24 10:00:00-04:00,2024-10-24 14:30:00-04:00,SHORT,20337.0,20364.0,35.410658678176105,20434.379311364984,1,9,-27.0,-540.0,FC,2024-10-24,2024-10-24,-1.0
2024-10-25,2024-10-25 10:00:00-04:00,2024-10-25 14:00:00-04:00,LONG,20649.5,20539.09498406606,40.14727852143169,20539.09498406606,2,8,-110.40501593393856,-4416.200637357542,SL,2024-10-25,2024-10-25,-1.0
2024-10-28,2024-10-28 10:00:00-04:00,2024-10-28 14:30:00-04:00,SHORT,20556.25,20531.75,41.15665278774643,20669.430795166303,1,9,24.5,490.0,FC,2024-10-28,2024-10-28,-1.0
2024-10-29,2024-10-29 10:00:00-04:00,2024-10-29 12:00:00-04:00,SHORT,20514.25,20610.677769821206,35.06464357134833,20610.677769821206,1,4,-96.42776982120631,-1928.5553964241262,SL,2024-10-29,2024-10-29,-1.0
2024-10-30,2024-10-30 10:00:00-04:00,2024-10-30 14:30:00-04:00,SHORT,20632.5,20595.5,41.05338461138686,20745.396807681314,2,9,37.0,1480.0,FC,2024-10-30,2024-10-30,-1.0
2024-10-31,2024-10-31 10:00:00-04:00,2024-10-31 14:30:00-04:00,SHORT,20166.0,20039.5,53.088377279963794,20311.9930375199,1,9,126.5,2530.0,FC,2024-10-31,2024-10-31,-1.0
2024-11-01,2024-11-01 10:00:00-04:00,2024-11-01 14:30:00-04:00,SHORT,20169.75,20161.5,43.254006473562505,20288.698517802295,1,9,8.25,165.0,FC,2024-11-01,2024-11-01,-1.0
2024-11-04,2024-11-04 10:00:00-05:00,2024-11-04 14:30:00-05:00,SHORT,20131.25,20132.75,50.049915523489155,20268.887267689595,1,9,-1.5,-30.0,FC,2024-11-04,2024-11-04,-1.0
2024-11-05,2024-11-05 10:00:00-05:00,2024-11-05 14:30:00-05:00,LONG,20290.75,20316.25,41.17675173576454,20177.513932726648,2,9,25.5,1020.0,FC,2024-11-05,2024-11-05,-1.0
2024-11-06,2024-11-06 10:00:00-05:00,2024-11-06 14:30:00-05:00,LONG,20675.5,20886.75,64.60517324017931,20497.835773589508,1,9,211.25,4225.0,FC,2024-11-06,2024-11-06,1.0
2024-11-07,2024-11-07 10:00:00-05:00,2024-11-07 14:30:00-05:00,LONG,21109.25,21184.5,37.08865453110459,21007.25620003946,1,9,75.25,1505.0,FC,2024-11-07,2024-11-07,1.0
2024-11-08,2024-11-08 10:00:00-05:00,2024-11-08 14:30:00-05:00,LONG,21207.5,21258.5,29.352506494249955,21126.780607140812,1,9,51.0,1020.0,FC,2024-11-08,2024-11-08,1.0
2024-11-11,2024-11-11 10:00:00-05:00,2024-11-11 14:30:00-05:00,SHORT,21172.5,21161.25,33.458640926372524,21264.511262547523,1,9,11.25,225.0,FC,2024-11-11,2024-11-11,1.0
2024-11-12,2024-11-12 10:00:00-05:00,2024-11-12 12:30:00-05:00,LONG,21235.25,21135.7696054088,36.17468894225441,21135.7696054088,1,5,-99.480394591199,-1989.60789182398,SL,2024-11-12,2024-11-12,1.0
2024-11-13,2024-11-13 10:00:00-05:00,2024-11-13 14:00:00-05:00,SHORT,21140.25,21244.907645389827,38.05732559630131,21244.907645389827,2,8,-104.65764538982694,-4186.305815593078,SL,2024-11-13,2024-11-13,-1.0
2024-11-14,2024-11-14 10:00:00-05:00,2024-11-14 14:30:00-05:00,SHORT,21092.0,21066.0,35.92706699873601,21190.799434246524,1,9,26.0,520.0,FC,2024-11-14,2024-11-14,-1.0
2024-11-15,2024-11-15 10:00:00-05:00,2024-11-15 14:30:00-05:00,SHORT,20690.0,20421.5,42.43679129148688,20806.70117605159,1,9,268.5,5370.0,FC,2024-11-15,2024-11-15,-1.0
2024-11-18,2024-11-18 10:00:00-05:00,2024-11-18 10:30:00-05:00,SHORT,20530.25,20645.109452207333,41.76707352993954,20645.109452207333,1,1,-114.85945220733265,-2297.189044146653,SL,2024-11-18,2024-11-18,1.0
2024-11-19,2024-11-19 10:00:00-05:00,2024-11-19 14:00:00-05:00,SHORT,20555.0,20737.559819975253,66.3853890819101,20737.559819975253,2,8,-182.55981997525305,-7302.392799010122,SL,2024-11-19,2024-11-19,-1.0
2024-11-20,2024-11-20 10:00:00-05:00,2024-11-20 14:30:00-05:00,SHORT,20614.0,20572.5,44.7163152242901,20736.9698668668,1,9,41.5,830.0,FC,2024-11-20,2024-11-20,-1.0
2024-11-21,2024-11-21 10:00:00-05:00,2024-11-21 14:30:00-05:00,SHORT,20667.0,20832.25,77.74380529577158,20880.795464563373,1,9,-165.25,-3305.0,FC,2024-11-21,2024-11-21,1.0
2024-11-22,2024-11-22 10:00:00-05:00,2024-11-22 10:30:00-05:00,LONG,20855.0,20726.357752570453,46.77899906528911,20726.357752570453,2,1,-128.64224742954684,-5145.689897181874,SL,2024-11-22,2024-11-22,1.0
2024-11-25,2024-11-25 10:00:00-05:00,2024-11-25 12:30:00-05:00,LONG,20944.75,20830.595685053268,41.51065998063012,20830.595685053268,1,5,-114.15431494673248,-2283.0862989346497,SL,2024-11-25,2024-11-25,-1.0
2024-11-26,2024-11-26 10:00:00-05:00,2024-11-26 14:30:00-05:00,LONG,20973.75,20922.5,39.67372752081653,20864.647249317753,2,9,-51.25,-2050.0,FC,2024-11-26,2024-11-26,1.0
2024-11-27,2024-11-27 10:00:00-05:00,2024-11-27 14:30:00-05:00,SHORT,20860.5,20801.5,32.73170036094882,20950.512175992608,1,9,59.0,1180.0,FC,2024-11-27,2024-11-27,-1.0
2024-12-02,2024-12-02 10:00:00-05:00,2024-12-02 14:30:00-05:00,LONG,21151.25,21188.0,34.34848884938336,21056.791655664194,1,9,36.75,735.0,FC,2024-12-02,2024-12-02,1.0
2024-12-03,2024-12-03 10:00:00-05:00,2024-12-03 14:30:00-05:00,LONG,21203.0,21234.0,28.08026076460223,21125.779282897343,1,9,31.0,620.0,FC,2024-12-03,2024-12-03,-1.0
2024-12-04,2024-12-04 10:00:00-05:00,2024-12-04 14:30:00-05:00,LONG,21417.5,21506.25,25.837629889099567,21346.446517804976,1,9,88.75,1775.0,FC,2024-12-04,2024-12-04,1.0
2024-12-05,2024-12-05 10:00:00-05:00,2024-12-05 14:30:00-05:00,LONG,21510.5,21496.0,19.5973153154153,21456.60738288261,1,9,-14.5,-290.0,FC,2024-12-05,2024-12-05,-1.0
2024-12-06,2024-12-06 10:00:00-05:00,2024-12-06 14:30:00-05:00,LONG,21609.5,21619.5,35.34758478810366,21512.294141832714,2,9,10.0,400.0,FC,2024-12-06,2024-12-06,1.0
2024-12-09,2024-12-09 10:00:00-05:00,2024-12-09 10:30:00-05:00,LONG,21623.25,21549.416730897166,26.848461491939986,21549.416730897166,1,1,-73.83326910283358,-1476.6653820566717,SL,2024-12-09,2024-12-09,-1.0
2024-12-10,2024-12-10 10:00:00-05:00,2024-12-10 11:30:00-05:00,LONG,21546.75,21472.169455051942,27.120198162930098,21472.169455051942,2,3,-74.58054494805765,-2983.221797922306,SL,2024-12-10,2024-12-10,-1.0
2024-12-11,2024-12-11 10:00:00-05:00,2024-12-11 14:30:00-05:00,LONG,21695.5,21802.0,39.08733335138339,21588.009833283697,1,9,106.5,2130.0,FC,2024-12-11,2024-12-11,1.0
2024-12-12,2024-12-12 10:00:00-05:00,2024-12-12 14:30:00-05:00,SHORT,21682.5,21668.5,27.33680156451464,21757.676204302414,1,9,14.0,280.0,FC,2024-12-12,2024-12-12,-1.0
2024-12-13,2024-12-13 10:00:00-05:00,2024-12-13 11:00:00-05:00,LONG,21881.0,21784.95666229502,34.924850074538135,21784.95666229502,1,2,-96.04333770498124,-1920.8667540996248,SL,2024-12-13,2024-12-13,-1.0
2024-12-16,2024-12-16 10:00:00-05:00,2024-12-16 14:30:00-05:00,LONG,22267.0,22423.5,31.37034463596416,22180.731552251098,2,9,156.5,6260.0,FC,2024-12-16,2024-12-16,1.0
2024-12-17,2024-12-17 10:00:00-05:00,2024-12-17 14:30:00-05:00,LONG,22307.0,22287.25,36.52412816364752,22206.55864754997,1,9,-19.75,-395.0,FC,2024-12-17,2024-12-17,-1.0
2024-12-18,2024-12-18 10:00:00-05:00,2024-12-18 14:30:00-05:00,SHORT,22288.5,22074.75,35.790336699434384,22386.923425923444,2,9,213.75,8550.0,FC,2024-12-18,2024-12-18,-1.0
2024-12-19,2024-12-19 10:00:00-05:00,2024-12-19 14:30:00-05:00,SHORT,21578.25,21500.75,63.344917957011226,21752.44852438178,1,9,77.5,1550.0,FC,2024-12-19,2024-12-19,-1.0
2024-12-20,2024-12-20 10:00:00-05:00,2024-12-20 10:30:00-05:00,SHORT,21231.5,21428.54414595375,71.6524167104541,21428.54414595375,1,1,-197.04414595375056,-3940.882919075011,SL,2024-12-20,2024-12-20,-1.0
2024-12-23,2024-12-23 10:00:00-05:00,2024-12-23 14:30:00-05:00,LONG,21630.5,21758.25,56.17667220051136,21476.014151448595,2,9,127.75,5110.0,FC,2024-12-23,2024-12-23,-1.0
2024-12-26,2024-12-26 10:00:00-05:00,2024-12-26 14:30:00-05:00,LONG,21957.75,22007.25,44.183697820189366,21836.244830994478,1,9,49.5,990.0,FC,2024-12-26,2024-12-26,-1.0
2024-12-27,2024-12-27 10:00:00-05:00,2024-12-27 14:30:00-05:00,SHORT,21696.0,21644.5,42.595554035228425,21813.137773596878,1,9,51.5,1030.0,FC,2024-12-27,2024-12-27,-1.0
2024-12-30,2024-12-30 10:00:00-05:00,2024-12-30 12:00:00-05:00,SHORT,21288.0,21455.170977904952,60.789446510891715,21455.170977904952,1,4,-167.17097790495245,-3343.419558099049,SL,2024-12-30,2024-12-30,-1.0
2024-12-31,2024-12-31 10:00:00-05:00,2024-12-31 14:30:00-05:00,SHORT,21435.0,21198.75,48.28060377280225,21567.771660375205,2,9,236.25,9450.0,FC,2024-12-31,2024-12-31,-1.0
2025-01-02,2025-01-02 10:00:00-05:00,2025-01-02 11:30:00-05:00,LONG,21391.25,21186.9322993294,74.29734569840008,21186.9322993294,1,3,-204.31770067059915,-4086.354013411983,SL,2025-01-02,2025-01-02,-1.0
2025-01-03,2025-01-03 10:00:00-05:00,2025-01-03 14:30:00-05:00,LONG,21382.25,21537.75,49.625632481956444,21245.77951067462,2,9,155.5,6220.0,FC,2025-01-03,2025-01-03,-1.0
2025-01-06,2025-01-06 10:00:00-05:00,2025-01-06 14:30:00-05:00,LONG,21819.5,21709.25,51.23465563099276,21678.60469701477,1,9,-110.25,-2205.0,FC,2025-01-06,2025-01-06,1.0
2025-01-07,2025-01-07 10:00:00-05:00,2025-01-07 10:30:00-05:00,LONG,21709.75,21594.047470021716,42.07364726483096,21594.047470021716,2,1,-115.70252997828356,-4628.101199131343,SL,2025-01-07,2025-01-07,-1.0
2025-01-08,2025-01-08 10:00:00-05:00,2025-01-08 14:30:00-05:00,SHORT,21344.25,21418.0,65.7955044336843,21525.18763719263,1,9,-73.75,-1475.0,FC,2025-01-08,2025-01-08,-1.0
2025-01-10,2025-01-10 10:00:00-05:00,2025-01-10 14:30:00-05:00,SHORT,21052.75,21095.75,80.36532405011158,21273.754641137806,2,9,-43.0,-1720.0,FC,2025-01-10,2025-01-10,-1.0
2025-01-13,2025-01-13 10:00:00-05:00,2025-01-13 14:30:00-05:00,SHORT,20801.75,20893.0,61.304502237590796,20970.337381153375,1,9,-91.25,-1825.0,FC,2025-01-13,2025-01-13,-1.0
2025-01-14,2025-01-14 10:00:00-05:00,2025-01-14 14:30:00-05:00,SHORT,20981.25,20982.0,67.19796989892147,21166.044417222034,2,9,-0.75,-30.0,FC,2025-01-14,2025-01-14,-1.0
2025-01-15,2025-01-15 10:00:00-05:00,2025-01-15 14:30:00-05:00,LONG,21327.25,21416.75,68.9573947024223,21137.61716456834,1,9,89.5,1790.0,FC,2025-01-15,2025-01-15,-1.0
2025-01-16,2025-01-16 10:00:00-05:00,2025-01-16 14:30:00-05:00,LONG,21378.75,21345.25,52.17019702403835,21235.281958183896,1,9,-33.5,-670.0,FC,2025-01-16,2025-01-16,-1.0
2025-01-17,2025-01-17 10:00:00-05:00,2025-01-17 14:30:00-05:00,LONG,21505.5,21631.25,65.28174015249027,21325.975214580652,2,9,125.75,5030.0,FC,2025-01-17,2025-01-17,1.0
2025-01-20,2025-01-20 10:00:00-05:00,2025-01-20 12:30:00-05:00,LONG,21743.0,21621.20984145489,44.28733038004036,21621.20984145489,1,5,-121.7901585451109,-2435.803170902218,SL,2025-01-20,2025-01-17,1.0
2025-01-21,2025-01-21 10:00:00-05:00,2025-01-21 14:30:00-05:00,LONG,21631.0,21741.0,51.2242679989167,21490.13326300298,2,9,110.0,4400.0,FC,2025-01-21,2025-01-21,1.0
2025-01-22,2025-01-22 10:00:00-05:00,2025-01-22 14:30:00-05:00,LONG,22014.0,22019.75,33.690981819528574,21921.349799996296,1,9,5.75,115.0,FC,2025-01-22,2025-01-22,1.0
2025-01-23,2025-01-23 10:00:00-05:00,2025-01-23 14:00:00-05:00,SHORT,21897.5,21978.148024125498,29.326554227453588,21978.148024125498,1,8,-80.64802412549761,-1612.9604825099523,SL,2025-01-23,2025-01-23,-1.0
2025-01-24,2025-01-24 10:00:00-05:00,2025-01-24 12:30:00-05:00,LONG,22058.25,21970.087618486952,32.059047822926125,21970.087618486952,2,5,-88.16238151304788,-3526.495260521915,SL,2025-01-24,2025-01-24,-1.0
2025-01-27,2025-01-27 10:00:00-05:00,2025-01-27 14:30:00-05:00,SHORT,21334.25,21252.25,104.8280153117925,21622.52704210743,1,9,82.0,1640.0,FC,2025-01-27,2025-01-27,-1.0
2025-01-28,2025-01-28 10:00:00-05:00,2025-01-28 10:30:00-05:00,SHORT,21283.0,21466.48732084555,66.72266212565424,21466.48732084555,1,1,-183.48732084555013,-3669.7464169110026,SL,2025-01-28,2025-01-28,-1.0
2025-01-29,2025-01-29 10:00:00-05:00,2025-01-29 14:30:00-05:00,SHORT,21519.0,21399.75,45.128846151361515,21643.104326916244,2,9,119.25,4770.0,FC,2025-01-29,2025-01-29,-1.0
2025-01-30,2025-01-30 10:00:00-05:00,2025-01-30 11:00:00-05:00,LONG,21674.0,21516.57480391266,57.2455258499423,21516.57480391266,1,2,-157.42519608734074,-3148.5039217468147,SL,2025-01-30,2025-01-30,-1.0
2025-01-31,2025-01-31 10:00:00-05:00,2025-01-31 14:00:00-05:00,LONG,21868.25,21760.576482543664,39.15400634775929,21760.576482543664,2,8,-107.67351745633641,-4306.9406982534565,SL,2025-01-31,2025-01-31,-1.0
2025-02-03,2025-02-03 10:00:00-05:00,2025-02-03 11:00:00-05:00,SHORT,21216.0,21407.721233431785,69.71681215701226,21407.721233431785,1,2,-191.72123343178464,-3834.424668635693,SL,2025-02-03,2025-02-03,-1.0
2025-02-04,2025-02-04 10:00:00-05:00,2025-02-04 14:30:00-05:00,LONG,21559.75,21660.0,61.16309023144221,21391.551501863534,2,9,100.25,4010.0,FC,2025-02-04,2025-02-04,-1.0
2025-02-05,2025-02-05 10:00:00-05:00,2025-02-05 14:30:00-05:00,LONG,21565.25,21717.5,40.14400859608234,21454.853976360773,1,9,152.25,3045.0,FC,2025-02-05,2025-02-05,-1.0
2025-02-06,2025-02-06 10:00:00-05:00,2025-02-06 14:30:00-05:00,LONG,21790.0,21797.5,34.763760833506296,21694.399657707858,1,9,7.5,150.0,FC,2025-02-06,2025-02-06,-1.0
2025-02-07,2025-02-07 10:00:00-05:00,2025-02-07 10:30:00-05:00,LONG,21904.0,21791.36468800133,40.95829527224438,21791.36468800133,1,1,-112.63531199867066,-2252.706239973413,SL,2025-02-07,2025-02-07,-1.0
2025-02-10,2025-02-10 10:00:00-05:00,2025-02-10 14:30:00-05:00,LONG,21791.0,21870.5,34.63248370908741,21695.76066980001,2,9,79.5,3180.0,FC,2025-02-10,2025-02-10,-1.0
2025-02-11,2025-02-11 10:00:00-05:00,2025-02-11 14:30:00-05:00,LONG,21777.75,21801.0,39.9363888684475,21667.92493061177,1,9,23.25,465.0,FC,2025-02-11,2025-02-11,-1.0
2025-02-12,2025-02-12 10:00:00-05:00,2025-02-12 14:30:00-05:00,SHORT,21677.0,21789.5,67.89374023330895,21863.7077856416,1,9,-112.5,-2250.0,FC,2025-02-12,2025-02-12,-1.0
2025-02-13,2025-02-13 10:00:00-05:00,2025-02-13 14:30:00-05:00,LONG,21919.5,22027.5,49.80100877971325,21782.54722585579,2,9,108.0,4320.0,FC,2025-02-13,2025-02-13,1.0
2025-02-14,2025-02-14 10:00:00-05:00,2025-02-14 14:30:00-05:00,LONG,22127.25,22176.75,30.711257309511126,22042.794042398844,1,9,49.5,990.0,FC,2025-02-14,2025-02-14,1.0
2025-02-18,2025-02-18 10:00:00-05:00,2025-02-18 14:30:00-05:00,SHORT,22202.25,22151.25,33.8961022678273,22295.464281236524,1,9,51.0,1020.0,FC,2025-02-18,2025-02-18,-1.0
2025-02-19,2025-02-19 10:00:00-05:00,2025-02-19 14:00:00-05:00,SHORT,22167.75,22256.925982840785,32.427630123921546,22256.925982840785,1,8,-89.17598284078485,-1783.519656815697,SL,2025-02-19,2025-02-19,1.0
2025-02-20,2025-02-20 10:00:00-05:00,2025-02-20 14:30:00-05:00,SHORT,22010.75,22093.75,43.48509072556478,22130.333999495302,2,9,-83.0,-3320.0,FC,2025-02-20,2025-02-20,-1.0
2025-02-21,2025-02-21 10:00:00-05:00,2025-02-21 14:30:00-05:00,SHORT,22092.5,21679.5,35.05617488974232,22188.904480946792,1,9,413.0,8260.0,FC,2025-02-21,2025-02-21,-1.0
2025-02-24,2025-02-24 10:00:00-05:00,2025-02-24 14:30:00-05:00,SHORT,21566.25,21570.5,56.18737247344255,21720.765274301968,1,9,-4.25,-85.0,FC,2025-02-24,2025-02-24,-1.0
2025-02-25,2025-02-25 10:00:00-05:00,2025-02-25 14:30:00-05:00,SHORT,21260.0,21133.5,67.23819216554939,21444.90502845526,2,9,126.5,5060.0,FC,2025-02-25,2025-02-25,-1.0
2025-02-26,2025-02-26 10:00:00-05:00,2025-02-26 14:30:00-05:00,SHORT,21301.75,21124.25,49.29363368792143,21437.307492641783,1,9,177.5,3550.0,FC,2025-02-26,2025-02-26,-1.0
2025-02-27,2025-02-27 10:00:00-05:00,2025-02-27 14:30:00-05:00,SHORT,21009.0,20897.5,83.24852696685875,21237.93344915886,1,9,111.5,2230.0,FC,2025-02-27,2025-02-27,-1.0
2025-02-28,2025-02-28 10:00:00-05:00,2025-02-28 11:00:00-05:00,SHORT,20593.5,20776.829143932428,66.66514324815499,20776.829143932428,1,2,-183.32914393242754,-3666.582878648551,SL,2025-02-28,2025-02-28,-1.0
2025-03-03,2025-03-03 10:00:00-05:00,2025-03-03 14:30:00-05:00,SHORT,20845.25,20715.0,72.71188170272602,21045.207674682497,2,9,130.25,5210.0,FC,2025-03-03,2025-03-03,-1.0
2025-03-04,2025-03-04 10:00:00-05:00,2025-03-04 13:30:00-05:00,SHORT,20232.5,20464.030387804716,84.19286829262384,20464.030387804716,1,7,-231.53038780471616,-4630.607756094323,SL,2025-03-04,2025-03-04,-1.0
2025-03-05,2025-03-05 10:00:00-05:00,2025-03-05 13:00:00-05:00,SHORT,20316.75,20545.465453597684,83.1692558537033,20545.465453597684,2,6,-228.71545359768425,-9148.61814390737,SL,2025-03-05,2025-03-05,-1.0
2025-03-06,2025-03-06 10:00:00-05:00,2025-03-06 10:30:00-05:00,SHORT,20281.5,20465.666301661087,66.96956424039516,20465.666301661087,1,1,-184.16630166108735,-3683.326033221747,SL,2025-03-06,2025-03-06,-1.0
2025-03-07,2025-03-07 10:00:00-05:00,2025-03-07 14:30:00-05:00,SHORT,20140.0,20252.25,82.75400016217043,20367.573500445968,2,9,-112.25,-4490.0,FC,2025-03-07,2025-03-07,-1.0
2025-03-10,2025-03-10 10:00:00-04:00,2025-03-10 14:30:00-04:00,SHORT,19790.5,19431.25,75.53832290678803,19998.230387993666,1,9,359.25,7185.0,FC,2025-03-10,2025-03-10,-1.0
2025-03-11,2025-03-11 10:00:00-04:00,2025-03-11 14:30:00-04:00,SHORT,19523.5,19508.75,82.50122150620464,19750.37835914206,1,9,14.75,295.0,FC,2025-03-11,2025-03-11,-1.0
2025-03-12,2025-03-12 10:00:00-04:00,2025-03-12 11:30:00-04:00,LONG,19644.5,19431.47592095501,77.46330147090534,19431.47592095501,1,3,-213.02407904498978,-4260.4815808997955,SL,2025-03-12,2025-03-12,1.0
2025-03-13,2025-03-13 10:00:00-04:00,2025-03-13 14:30:00-04:00,SHORT,19366.75,19328.0,81.5490843504612,19591.00998196377,2,9,38.75,1550.0,FC,2025-03-13,2025-03-13,-1.0
2025-03-14,2025-03-14 10:00:00-04:00,2025-03-14 14:30:00-04:00,LONG,19548.5,19632.5,59.43982701481549,19385.04047570926,1,9,84.0,1680.0,FC,2025-03-14,2025-03-14,1.0
2025-03-17,2025-03-17 10:00:00-04:00,2025-03-17 12:00:00-04:00,LONG,19997.25,19835.38532103187,58.85988326113761,19835.38532103187,1,4,-161.86467896812974,-3237.2935793625948,SL,2025-03-17,2025-03-17,-1.0
2025-03-18,2025-03-18 10:00:00-04:00,2025-03-18 14:30:00-04:00,SHORT,19672.5,19700.0,62.54885113466358,19844.509340620323,2,9,-27.5,-1100.0,FC,2025-03-18,2025-03-18,-1.0
2025-03-19,2025-03-19 10:00:00-04:00,2025-03-19 14:30:00-04:00,LONG,19823.25,19871.25,46.45088800241991,19695.510057993346,1,9,48.0,960.0,FC,2025-03-19,2025-03-19,-1.0
2025-03-20,2025-03-20 10:00:00-04:00,2025-03-20 14:30:00-04:00,LONG,19932.75,19807.25,66.808593189383,19749.026368729195,1,9,-125.5,-2510.0,FC,2025-03-20,2025-03-20,-1.0
2025-03-21,2025-03-21 10:00:00-04:00,2025-03-21 13:00:00-04:00,SHORT,19718.5,19890.280206568026,62.465529661100135,19890.280206568026,2,6,-171.7802065680262,-6871.2082627210475,SL,2025-03-21,2025-03-21,-1.0
2025-03-24,2025-03-24 10:00:00-04:00,2025-03-24 14:30:00-04:00,LONG,20316.0,20335.0,36.95114884558708,20214.384340674635,1,9,19.0,380.0,FC,2025-03-24,2025-03-24,1.0
2025-03-25,2025-03-25 10:00:00-04:00,2025-03-25 14:30:00-04:00,LONG,20410.75,20433.75,34.23234796656049,20316.611043091958,1,9,23.0,460.0,FC,2025-03-25,2025-03-25,1.0
2025-03-26,2025-03-26 10:00:00-04:00,2025-03-26 14:30:00-04:00,SHORT,20316.5,20135.25,41.709717774003025,20431.20172387851,1,9,181.25,3625.0,FC,2025-03-26,2025-03-26,-1.0
2025-03-27,2025-03-27 10:00:00-04:00,2025-03-27 14:30:00-04:00,SHORT,20076.5,20058.25,56.855488172571704,20232.852592474574,1,9,18.25,365.0,FC,2025-03-27,2025-03-27,-1.0
2025-03-28,2025-03-28 10:00:00-04:00,2025-03-28 14:30:00-04:00,SHORT,19856.0,19475.25,54.30475166736836,20005.338067085264,1,9,380.75,7615.0,FC,2025-03-28,2025-03-28,-1.0
2025-03-31,2025-03-31 10:00:00-04:00,2025-03-31 12:30:00-04:00,SHORT,19089.25,19276.405991960826,68.05672434939106,19276.405991960826,1,5,-187.1559919608262,-3743.1198392165243,SL,2025-03-31,2025-03-31,-1.0
2025-04-01,2025-04-01 10:00:00-04:00,2025-04-01 14:30:00-04:00,LONG,19398.75,19401.5,58.44403640155642,19238.02889989572,2,9,2.75,110.0,FC,2025-04-01,2025-04-01,-1.0
2025-04-02,2025-04-02 10:00:00-04:00,2025-04-02 14:30:00-04:00,LONG,19532.25,19612.75,70.74139435233636,19337.711165531076,1,9,80.5,1610.0,FC,2025-04-02,2025-04-02,-1.0
2025-04-03,2025-04-03 10:00:00-04:00,2025-04-03 14:30:00-04:00,SHORT,18989.25,18779.25,96.96119457882784,19255.893285091777,1,9,210.0,4200.0,FC,2025-04-03,2025-04-03,-1.0
2025-04-04,2025-04-04 10:00:00-04:00,2025-04-04 14:30:00-04:00,SHORT,18203.0,17660.0,168.43546497971215,18666.197528694207,1,9,543.0,10860.0,FC,2025-04-04,2025-04-04,-1.0
2025-04-07,2025-04-07 10:00:00-04:00,2025-04-07 10:30:00-04:00,SHORT,17273.5,17946.22183807444,244.62612293616058,17946.22183807444,1,1,-672.7218380744416,-13454.436761488832,SL,2025-04-07,2025-04-07,-1.0
2025-04-08,2025-04-08 10:00:00-04:00,2025-04-08 12:30:00-04:00,LONG,18247.75,17896.849627687072,127.60013538651921,17896.849627687072,2,5,-350.9003723129281,-14036.014892517123,SL,2025-04-08,2025-04-08,-1.0
2025-04-09,2025-04-09 10:00:00-04:00,2025-04-09 14:30:00-04:00,LONG,17446.5,19040.75,218.21505201580302,16846.408606956542,1,9,1594.25,31885.0,FC,2025-04-09,2025-04-09,-1.0
2025-04-10,2025-04-10 10:00:00-04:00,2025-04-10 12:00:00-04:00,LONG,18661.75,18278.039178147268,139.53120794644764,18278.039178147268,1,4,-383.7108218527319,-7674.216437054638,SL,2025-04-10,2025-04-10,-1.0
2025-04-11,2025-04-11 10:00:00-04:00,2025-04-11 14:30:00-04:00,LONG,18562.0,18765.0,160.49679568079546,18120.63381187781,2,9,203.0,8120.0,FC,2025-04-11,2025-04-11,-1.0
2025-04-14,2025-04-14 10:00:00-04:00,2025-04-14 12:30:00-04:00,LONG,19045.5,18801.768837113905,88.62951377676129,18801.768837113905,1,5,-243.73116288609526,-4874.623257721905,SL,2025-04-14,2025-04-14,-1.0
2025-04-15,2025-04-15 10:00:00-04:00,2025-04-15 14:30:00-04:00,LONG,19067.75,18918.25,71.7230798775485,18870.511530336742,2,9,-149.5,-5980.0,FC,2025-04-15,2025-04-15,-1.0
2025-04-16,2025-04-16 10:00:00-04:00,2025-04-16 14:30:00-04:00,SHORT,18524.0,18350.0,77.61472748956007,18737.44050059629,1,9,174.0,3480.0,FC,2025-04-16,2025-04-16,-1.0
2025-04-17,2025-04-17 10:00:00-04:00,2025-04-17 14:30:00-04:00,SHORT,18467.75,18480.5,71.210705523875,18663.579440190657,1,9,-12.75,-255.0,FC,2025-04-17,2025-04-17,-1.0
2025-04-21,2025-04-21 10:00:00-04:00,2025-04-21 14:30:00-04:00,SHORT,17994.5,17752.25,60.871899917810445,18161.89772477398,2,9,242.25,9690.0,FC,2025-04-21,2025-04-21,-1.0
2025-04-22,2025-04-22 10:00:00-04:00,2025-04-22 14:30:00-04:00,LONG,18253.75,18347.75,58.06539640001537,18094.07015989996,1,9,94.0,1880.0,FC,2025-04-22,2025-04-22,-1.0
2025-04-23,2025-04-23 10:00:00-04:00,2025-04-23 12:00:00-04:00,LONG,19074.75,18877.35890659173,71.7785794211892,18877.35890659173,1,4,-197.39109340827054,-3947.8218681654107,SL,2025-04-23,2025-04-23,-1.0
2025-04-24,2025-04-24 10:00:00-04:00,2025-04-24 14:30:00-04:00,LONG,19051.75,19284.25,80.98974299135196,18829.028206773783,2,9,232.5,9300.0,FC,2025-04-24,2025-04-24,1.0
2025-04-25,2025-04-25 10:00:00-04:00,2025-04-25 14:30:00-04:00,LONG,19257.0,19487.25,73.86046751053551,19053.883714346026,1,9,230.25,4605.0,FC,2025-04-25,2025-04-25,1.0
2025-04-28,2025-04-28 10:00:00-04:00,2025-04-28 11:30:00-04:00,LONG,19465.25,19317.879555820247,53.58925242900129,19317.879555820247,1,3,-147.37044417975267,-2947.4088835950533,SL,2025-04-28,2025-04-28,-1.0
2025-04-29,2025-04-29 10:00:00-04:00,2025-04-29 14:30:00-04:00,LONG,19506.25,19672.75,63.86409562436026,19330.62373703301,2,9,166.5,6660.0,FC,2025-04-29,2025-04-29,-1.0
2025-04-30,2025-04-30 10:00:00-04:00,2025-04-30 11:00:00-04:00,SHORT,19121.25,19339.604080421406,79.4014837896022,19339.604080421406,1,2,-218.35408042140625,-4367.081608428125,SL,2025-04-30,2025-04-30,-1.0
2025-05-01,2025-05-01 10:00:00-04:00,2025-05-01 14:30:00-04:00,LONG,19877.0,20017.75,51.545471683348474,19735.249952870792,2,9,140.75,5630.0,FC,2025-05-01,2025-05-01,1.0
2025-05-02,2025-05-02 10:00:00-04:00,2025-05-02 14:30:00-04:00,LONG,20073.0,20246.75,62.408491443583365,19901.376648530146,1,9,173.75,3475.0,FC,2025-05-02,2025-05-02,1.0
2025-05-05,2025-05-05 10:00:00-04:00,2025-05-05 14:30:00-04:00,LONG,20051.0,20161.75,40.97965013766457,19938.305962121423,1,9,110.75,2215.0,FC,2025-05-05,2025-05-05,-1.0
2025-05-06,2025-05-06 10:00:00-04:00,2025-05-06 10:30:00-04:00,SHORT,19757.25,19900.72293043326,52.17197470300453,19900.72293043326,1,1,-143.47293043326135,-2869.458608665227,SL,2025-05-06,2025-05-06,-1.0
2025-05-07,2025-05-07 10:00:00-04:00,2025-05-07 14:30:00-04:00,SHORT,19937.5,19772.25,50.294520392102726,20075.80993107828,2,9,165.25,6610.0,FC,2025-05-07,2025-05-07,-1.0
2025-05-08,2025-05-08 10:00:00-04:00,2025-05-08 14:30:00-04:00,LONG,20090.0,20267.25,49.67963270680167,19953.381010056295,1,9,177.25,3545.0,FC,2025-05-08,2025-05-08,-1.0
2025-05-09,2025-05-09 10:00:00-04:00,2025-05-09 10:30:00-04:00,LONG,20254.25,20118.07637669364,49.51768120231296,20118.07637669364,1,1,-136.17362330636024,-2723.472466127205,SL,2025-05-09,2025-05-09,-1.0
2025-05-12,2025-05-12 10:00:00-04:00,2025-05-12 14:30:00-04:00,LONG,20786.5,20924.75,73.53307810567603,20584.28403520939,2,9,138.25,5530.0,FC,2025-05-12,2025-05-12,1.0
2025-05-13,2025-05-13 10:00:00-04:00,2025-05-13 14:30:00-04:00,LONG,21124.5,21303.75,55.95394834905659,20970.626642040093,1,9,179.25,3585.0,FC,2025-05-13,2025-05-13,1.0
2025-05-14,2025-05-14 10:00:00-04:00,2025-05-14 14:30:00-04:00,LONG,21330.75,21346.5,47.60838908590696,21199.826930013754,1,9,15.75,315.0,FC,2025-05-14,2025-05-14,1.0
2025-05-15,2025-05-15 10:00:00-04:00,2025-05-15 14:30:00-04:00,LONG,21298.5,21409.25,48.522862076904886,21165.06212928851,1,9,110.75,2215.0,FC,2025-05-15,2025-05-15,1.0
2025-05-16,2025-05-16 10:00:00-04:00,2025-05-16 11:00:00-04:00,LONG,21437.5,21321.34543853397,42.23802235128488,21321.34543853397,1,2,-116.15456146603174,-2323.0912293206347,SL,2025-05-16,2025-05-16,1.0
2025-05-19,2025-05-19 10:00:00-04:00,2025-05-19 14:30:00-04:00,LONG,21356.25,21460.5,59.10964465330244,21193.69847720342,2,9,104.25,4170.0,FC,2025-05-19,2025-05-19,1.0
2025-05-20,2025-05-20 10:00:00-04:00,2025-05-20 14:30:00-04:00,SHORT,21394.75,21350.0,41.07831847943272,21507.71537581844,1,9,44.75,895.0,FC,2025-05-20,2025-05-20,-1.0
2025-05-21,2025-05-21 10:00:00-04:00,2025-05-21 13:30:00-04:00,LONG,21374.25,21235.22139530826,50.55585625154169,21235.22139530826,1,7,-139.02860469173902,-2780.5720938347804,SL,2025-05-21,2025-05-21,-1.0
2025-05-22,2025-05-22 10:00:00-04:00,2025-05-22 14:30:00-04:00,LONG,21285.5,21291.5,72.59441761930628,21085.86535154691,2,9,6.0,240.0,FC,2025-05-22,2025-05-22,-1.0
2025-05-23,2025-05-23 10:00:00-04:00,2025-05-23 14:30:00-04:00,SHORT,20885.0,21037.5,86.73922162509265,21123.532859469004,1,9,-152.5,-3050.0,FC,2025-05-23,2025-05-23,-1.0
2025-05-27,2025-05-27 10:00:00-04:00,2025-05-27 14:30:00-04:00,LONG,21293.75,21461.25,45.65312163773862,21168.20391549622,2,9,167.5,6700.0,FC,2025-05-27,2025-05-27,1.0
2025-05-28,2025-05-28 10:00:00-04:00,2025-05-28 14:30:00-04:00,LONG,21467.5,21481.25,38.35078476898104,21362.0353418853,1,9,13.75,275.0,FC,2025-05-28,2025-05-28,-1.0
2025-05-29,2025-05-29 10:00:00-04:00,2025-05-29 14:30:00-04:00,SHORT,21518.0,21330.5,65.40980843576952,21697.876973198367,1,9,187.5,3750.0,FC,2025-05-29,2025-05-29,-1.0
2025-05-30,2025-05-30 10:00:00-04:00,2025-05-30 14:30:00-04:00,SHORT,21257.5,21280.75,65.65507570736062,21438.05145819524,1,9,-23.25,-465.0,FC,2025-05-30,2025-05-30,-1.0
2025-06-02,2025-06-02 10:00:00-04:00,2025-06-02 14:30:00-04:00,LONG,21317.25,21507.75,54.19663111788233,21168.209264425823,2,9,190.5,7620.0,FC,2025-06-02,2025-06-02,-1.0
2025-06-03,2025-06-03 10:00:00-04:00,2025-06-03 14:30:00-04:00,LONG,21594.75,21698.75,40.17342149057379,21484.273090900922,1,9,104.0,2080.0,FC,2025-06-03,2025-06-03,-1.0
2025-06-04,2025-06-04 10:00:00-04:00,2025-06-04 10:30:00-04:00,LONG,21754.0,21644.51160578527,39.81396153262944,21644.51160578527,1,1,-109.48839421473167,-2189.7678842946334,SL,2025-06-04,2025-06-04,1.0
2025-06-05,2025-06-05 10:00:00-04:00,2025-06-05 11:00:00-04:00,SHORT,21723.75,21875.780006619203,55.28363877061883,21875.780006619203,2,2,-152.03000661920305,-6081.200264768122,SL,2025-06-05,2025-06-05,-1.0
2025-06-06,2025-06-06 10:00:00-04:00,2025-06-06 14:30:00-04:00,LONG,21840.25,21844.25,46.95988245098583,21711.11032325979,1,9,4.0,80.0,FC,2025-06-06,2025-06-06,1.0
2025-06-09,2025-06-09 10:00:00-04:00,2025-06-09 14:30:00-04:00,LONG,21786.5,21865.25,30.21354058294815,21703.412763396893,1,9,78.75,1575.0,FC,2025-06-09,2025-06-09,-1.0
2025-06-10,2025-06-10 10:00:00-04:00,2025-06-10 12:00:00-04:00,LONG,21857.0,21750.839010354222,38.603996234827754,21750.839010354222,1,4,-106.16098964577759,-2123.219792915552,SL,2025-06-10,2025-06-10,-1.0
2025-06-11,2025-06-11 10:00:00-04:00,2025-06-11 14:30:00-04:00,LONG,21980.5,21851.0,54.59528036974142,21830.362978983212,2,9,-129.5,-5180.0,FC,2025-06-11,2025-06-11,-1.0
2025-06-12,2025-06-12 10:00:00-04:00,2025-06-12 14:30:00-04:00,LONG,21857.25,21920.5,54.773239120252356,21706.623592419306,1,9,63.25,1265.0,FC,2025-06-12,2025-06-12,-1.0
2025-06-13,2025-06-13 10:00:00-04:00,2025-06-13 14:30:00-04:00,LONG,21729.0,21673.75,60.6147481037275,21562.309442714748,1,9,-55.25,-1105.0,FC,2025-06-13,2025-06-13,-1.0
2025-06-16,2025-06-16 10:00:00-04:00,2025-06-16 14:30:00-04:00,LONG,22151.5,22173.0,49.99988176663105,22014.000325141766,2,9,21.5,860.0,FC,2025-06-16,2025-06-16,-1.0
2025-06-17,2025-06-17 10:00:00-04:00,2025-06-17 14:00:00-04:00,LONG,22095.5,21964.92698812362,47.4810952277746,21964.92698812362,1,8,-130.5730118763786,-2611.4602375275717,SL,2025-06-17,2025-06-17,-1.0
2025-06-18,2025-06-18 10:00:00-04:00,2025-06-18 14:30:00-04:00,LONG,22001.5,22012.0,41.86901056878493,21886.360220935843,2,9,10.5,420.0,FC,2025-06-18,2025-06-18,-1.0
2025-06-20,2025-06-20 10:00:00-04:00,2025-06-20 11:00:00-04:00,LONG,22018.0,21874.075906352933,52.336034053478805,21874.075906352933,1,2,-143.9240936470669,-2878.481872941338,SL,2025-06-20,2025-06-20,1.0
2025-06-23,2025-06-23 10:00:00-04:00,2025-06-23 13:00:00-04:00,LONG,21925.25,21769.71602962547,56.55780740892023,21769.71602962547,2,6,-155.53397037453033,-6221.358814981213,SL,2025-06-23,2025-06-23,1.0
2025-06-24,2025-06-24 10:00:00-04:00,2025-06-24 14:30:00-04:00,LONG,22291.0,22415.0,43.55200144347696,22171.231996030438,1,9,124.0,2480.0,FC,2025-06-24,2025-06-24,1.0
2025-06-25,2025-06-25 10:00:00-04:00,2025-06-25 11:30:00-04:00,LONG,22522.25,22450.826069627565,25.97233831724912,22450.826069627565,1,3,-71.42393037243528,-1428.4786074487056,SL,2025-06-25,2025-06-25,1.0
2025-06-26,2025-06-26 10:00:00-04:00,2025-06-26 14:30:00-04:00,LONG,22543.75,22673.25,33.30213372056252,22452.169132268453,2,9,129.5,5180.0,FC,2025-06-26,2025-06-26,1.0
2025-06-27,2025-06-27 10:00:00-04:00,2025-06-27 14:30:00-04:00,LONG,22764.0,22666.0,32.4247249210742,22674.832006467044,1,9,-98.0,-1960.0,FC,2025-06-27,2025-06-27,-1.0
2025-06-30,2025-06-30 10:00:00-04:00,2025-06-30 14:30:00-04:00,LONG,22826.5,22819.75,33.971881838715824,22733.07732494353,2,9,-6.75,-270.0,FC,2025-06-30,2025-06-30,1.0
2025-07-01,2025-07-01 10:00:00-04:00,2025-07-01 14:30:00-04:00,SHORT,22815.0,22724.5,32.01537202484815,22903.04227306833,1,9,90.5,1810.0,FC,2025-07-01,2025-07-01,1.0
2025-07-02,2025-07-02 10:00:00-04:00,2025-07-02 11:00:00-04:00,SHORT,22707.25,22822.27668997652,41.82788726418942,22822.27668997652,1,2,-115.02668997651926,-2300.5337995303853,SL,2025-07-02,2025-07-02,1.0
2025-07-07,2025-07-07 10:00:00-04:00,2025-07-07 14:30:00-04:00,SHORT,22945.5,22786.5,33.96810282595407,23038.912282771373,2,9,159.0,6360.0,FC,2025-07-07,2025-07-07,-1.0
2025-07-08,2025-07-08 10:00:00-04:00,2025-07-08 14:30:00-04:00,SHORT,22881.5,22913.0,31.108092364253043,22967.047254001696,1,9,-31.5,-630.0,FC,2025-07-08,2025-07-08,-1.0
2025-07-09,2025-07-09 10:00:00-04:00,2025-07-09 11:00:00-04:00,LONG,23086.0,22987.80651681269,35.70672115902218,22987.80651681269,2,2,-98.19348318731136,-3927.7393274924543,SL,2025-07-09,2025-07-09,1.0
2025-07-10,2025-07-10 10:00:00-04:00,2025-07-10 14:30:00-04:00,SHORT,22960.0,23033.25,37.099036103069665,23062.02234928344,1,9,-73.25,-1465.0,FC,2025-07-10,2025-07-10,-1.0
2025-07-11,2025-07-11 10:00:00-04:00,2025-07-11 14:30:00-04:00,LONG,22963.75,23000.0,41.62017080011322,22849.29453029969,2,9,36.25,1450.0,FC,2025-07-11,2025-07-11,-1.0
2025-07-14,2025-07-14 10:00:00-04:00,2025-07-14 14:30:00-04:00,LONG,22911.75,23049.0,39.78614998566305,22802.338087539425,1,9,137.25,2745.0,FC,2025-07-14,2025-07-14,-1.0
2025-07-15,2025-07-15 10:00:00-04:00,2025-07-15 14:30:00-04:00,LONG,23138.5,23168.0,38.53979084921133,23032.515575164667,1,9,29.5,590.0,FC,2025-07-15,2025-07-15,-1.0
2025-07-16,2025-07-16 10:00:00-04:00,2025-07-16 14:30:00-04:00,SHORT,22968.5,23045.0,38.52502682695403,23074.443823774123,1,9,-76.5,-1530.0,FC,2025-07-16,2025-07-16,-1.0
2025-07-17,2025-07-17 10:00:00-04:00,2025-07-17 14:30:00-04:00,LONG,23150.0,23256.0,37.374449974527295,23047.22026257005,2,9,106.0,4240.0,FC,2025-07-17,2025-07-17,1.0
2025-07-18,2025-07-18 10:00:00-04:00,2025-07-18 10:30:00-04:00,LONG,23257.5,23187.686212492434,25.386831820933196,23187.686212492434,1,1,-69.8137875075663,-1396.275750151326,SL,2025-07-18,2025-07-18,-1.0
2025-07-21,2025-07-21 10:00:00-04:00,2025-07-21 14:30:00-04:00,LONG,23375.25,23411.75,33.38737300331018,23283.4347242409,2,9,36.5,1460.0,FC,2025-07-21,2025-07-21,1.0
2025-07-22,2025-07-22 10:00:00-04:00,2025-07-22 14:30:00-04:00,SHORT,23142.25,23215.75,44.177540264658184,23263.73823572781,1,9,-73.5,-1470.0,FC,2025-07-22,2025-07-22,-1.0
2025-07-23,2025-07-23 10:00:00-04:00,2025-07-23 12:00:00-04:00,SHORT,23166.0,23254.161718878302,32.05880686483679,23254.161718878302,2,4,-88.16171887830205,-3526.468755132082,SL,2025-07-23,2025-07-23,-1.0
2025-07-24,2025-07-24 10:00:00-04:00,2025-07-24 14:30:00-04:00,LONG,23362.75,23414.75,28.756795434706444,23283.66881255456,1,9,52.0,1040.0,FC,2025-07-24,2025-07-24,-1.0
2025-07-25,2025-07-25 10:00:00-04:00,2025-07-25 14:30:00-04:00,LONG,23389.25,23452.5,25.356992289976866,23319.518271202563,1,9,63.25,1265.0,FC,2025-07-25,2025-07-25,1.0
2025-07-28,2025-07-28 10:00:00-04:00,2025-07-28 11:30:00-04:00,LONG,23521.0,23450.850723658565,25.50882776052179,23450.850723658565,1,3,-70.14927634143532,-1402.9855268287065,SL,2025-07-28,2025-07-28,-1.0
2025-07-29,2025-07-29 10:00:00-04:00,2025-07-29 11:30:00-04:00,LONG,23581.0,23506.751066325734,26.999612245187016,23506.751066325734,2,3,-74.24893367426557,-2969.957346970623,SL,2025-07-29,2025-07-29,-1.0
2025-07-30,2025-07-30 10:00:00-04:00,2025-07-30 14:30:00-04:00,SHORT,23483.75,23555.0,27.015269834673113,23558.04199204535,1,9,-71.25,-1425.0,FC,2025-07-30,2025-07-30,-1.0
2025-07-31,2025-07-31 10:00:00-04:00,2025-07-31 14:30:00-04:00,SHORT,23671.25,23417.75,43.96480878881984,23792.153224169255,2,9,253.5,10140.0,FC,2025-07-31,2025-07-31,-1.0
2025-08-01,2025-08-01 10:00:00-04:00,2025-08-01 14:30:00-04:00,SHORT,22883.0,22891.0,74.10282246525223,23086.782761779443,1,9,-8.0,-160.0,FC,2025-08-01,2025-08-01,-1.0
2025-08-04,2025-08-04 10:00:00-04:00,2025-08-04 14:30:00-04:00,LONG,23246.0,23265.75,43.87312026103727,23125.348919282147,2,9,19.75,790.0,FC,2025-08-04,2025-08-04,-1.0
2025-08-05,2025-08-05 10:00:00-04:00,2025-08-05 10:30:00-04:00,LONG,23374.25,23275.02101976597,36.08326553964769,23275.02101976597,1,1,-99.22898023403104,-1984.5796046806208,SL,2025-08-05,2025-08-05,-1.0
2025-08-06,2025-08-06 10:00:00-04:00,2025-08-06 14:30:00-04:00,LONG,23201.25,23420.0,39.40774254100063,23092.87870801225,2,9,218.75,8750.0,FC,2025-08-06,2025-08-06,-1.0
2025-08-07,2025-08-07 10:00:00-04:00,2025-08-07 10:30:00-04:00,LONG,23654.5,23551.274305429753,37.53661620736254,23551.274305429753,1,1,-103.22569457024656,-2064.513891404931,SL,2025-08-07,2025-08-07,-1.0
2025-08-08,2025-08-08 10:00:00-04:00,2025-08-08 14:30:00-04:00,LONG,23643.5,23707.0,35.41444233619986,23546.11028357545,2,9,63.5,2540.0,FC,2025-08-08,2025-08-08,1.0
2025-08-11,2025-08-11 10:00:00-04:00,2025-08-11 14:30:00-04:00,LONG,23744.25,23682.5,28.40289591366972,23666.14203623741,1,9,-61.75,-1235.0,FC,2025-08-11,2025-08-11,-1.0
2025-08-12,2025-08-12 10:00:00-04:00,2025-08-12 11:30:00-04:00,SHORT,23653.0,23801.2401579032,53.905511964800304,23801.2401579032,2,3,-148.24015790320118,-5929.606316128047,SL,2025-08-12,2025-08-12,1.0
2025-08-13,2025-08-13 10:00:00-04:00,2025-08-13 11:00:00-04:00,LONG,24017.25,23946.0206616927,25.901577566291746,23946.0206616927,1,2,-71.22933830730108,-1424.5867661460215,SL,2025-08-13,2025-08-13,-1.0
2025-08-14,2025-08-14 10:00:00-04:00,2025-08-14 14:30:00-04:00,LONG,23936.0,23904.0,43.039991494618654,23817.6400233898,2,9,-32.0,-1280.0,FC,2025-08-14,2025-08-14,1.0
2025-08-15,2025-08-15 10:00:00-04:00,2025-08-15 14:30:00-04:00,SHORT,23807.0,23824.5,37.3179509035744,23909.62436498483,1,9,-17.5,-350.0,FC,2025-08-15,2025-08-15,-1.0
2025-08-18,2025-08-18 10:00:00-04:00,2025-08-18 14:30:00-04:00,SHORT,23749.0,23767.0,33.83490634931458,23842.045992460615,2,9,-18.0,-720.0,FC,2025-08-18,2025-08-18,-1.0
2025-08-19,2025-08-19 10:00:00-04:00,2025-08-19 14:30:00-04:00,SHORT,23678.75,23473.75,36.59345336852742,23779.38199676345,1,9,205.0,4100.0,FC,2025-08-19,2025-08-19,-1.0
2025-08-20,2025-08-20 10:00:00-04:00,2025-08-20 14:30:00-04:00,SHORT,23173.25,23210.25,55.82033175797709,23326.755912334436,1,9,-37.0,-740.0,FC,2025-08-20,2025-08-20,-1.0
2025-08-21,2025-08-21 10:00:00-04:00,2025-08-21 10:30:00-04:00,SHORT,23187.75,23321.11359243385,48.49585179412652,23321.11359243385,2,1,-133.36359243384868,-5334.543697353947,SL,2025-08-21,2025-08-21,-1.0
2025-08-22,2025-08-22 10:00:00-04:00,2025-08-22 14:30:00-04:00,LONG,23268.5,23594.75,41.46614705428314,23154.46809560072,1,9,326.25,6525.0,FC,2025-08-22,2025-08-22,-1.0
2025-08-25,2025-08-25 10:00:00-04:00,2025-08-25 14:30:00-04:00,LONG,23519.25,23565.0,30.10032151133617,23436.474115843826,1,9,45.75,915.0,FC,2025-08-25,2025-08-25,-1.0
2025-08-26,2025-08-26 10:00:00-04:00,2025-08-26 14:30:00-04:00,LONG,23494.75,23539.0,31.931066718956778,23406.93956652287,1,9,44.25,885.0,FC,2025-08-26,2025-08-26,-1.0
2025-08-27,2025-08-27 10:00:00-04:00,2025-08-27 11:00:00-04:00,SHORT,23535.5,23611.45752959948,27.620919854356572,23611.45752959948,1,2,-75.95752959948004,-1519.1505919896008,SL,2025-08-27,2025-08-27,-1.0
2025-08-28,2025-08-28 10:00:00-04:00,2025-08-28 14:30:00-04:00,LONG,23609.25,23775.5,45.02711817780633,23485.42542501103,2,9,166.25,6650.0,FC,2025-08-28,2025-08-28,-1.0
2025-08-29,2025-08-29 10:00:00-04:00,2025-08-29 14:30:00-04:00,SHORT,23518.25,23441.5,40.840514752865104,23630.56141557038,1,9,76.75,1535.0,FC,2025-08-29,2025-08-29,-1.0
2025-09-02,2025-09-02 10:00:00-04:00,2025-09-02 14:30:00-04:00,SHORT,23233.75,23164.0,69.06217333868527,23423.670976681384,1,9,69.75,1395.0,FC,2025-09-02,2025-09-02,-1.0
2025-09-03,2025-09-03 10:00:00-04:00,2025-09-03 14:30:00-04:00,LONG,23378.25,23349.25,37.096833472642864,23276.233707950232,1,9,-29.0,-580.0,FC,2025-09-03,2025-09-03,-1.0
2025-09-04,2025-09-04 10:00:00-04:00,2025-09-04 14:30:00-04:00,LONG,23474.0,23597.25,34.92427372657666,23377.958247251914,2,9,123.25,4930.0,FC,2025-09-04,2025-09-04,-1.0
2025-09-05,2025-09-05 10:00:00-04:00,2025-09-05 10:30:00-04:00,LONG,23852.5,23749.494437993464,37.456568002376244,23749.494437993464,1,1,-103.00556200653591,-2060.111240130718,SL,2025-09-05,2025-09-05,-1.0
2025-09-08,2025-09-08 10:00:00-04:00,2025-09-08 14:30:00-04:00,LONG,23846.25,23812.5,31.41922448894151,23759.84713265541,2,9,-33.75,-1350.0,FC,2025-09-08,2025-09-08,-1.0
2025-09-09,2025-09-09 10:00:00-04:00,2025-09-09 11:00:00-04:00,LONG,23815.0,23740.125213847215,27.227194964648525,23740.125213847215,1,2,-74.87478615278451,-1497.4957230556902,SL,2025-09-09,2025-09-09,-1.0
2025-09-10,2025-09-10 10:00:00-04:00,2025-09-10 14:30:00-04:00,LONG,23930.25,23857.75,37.73380928628793,23826.482024462708,2,9,-72.5,-2900.0,FC,2025-09-10,2025-09-10,-1.0
2025-09-11,2025-09-11 10:00:00-04:00,2025-09-11 14:30:00-04:00,LONG,23979.75,24021.5,37.515538698174396,23876.58226858002,1,9,41.75,835.0,FC,2025-09-11,2025-09-11,1.0
2025-09-12,2025-09-12 10:00:00-04:00,2025-09-12 14:30:00-04:00,LONG,24042.5,24122.0,23.60139016060156,23977.596177058345,1,9,79.5,1590.0,FC,2025-09-12,2025-09-12,1.0
2025-09-15,2025-09-15 10:00:00-04:00,2025-09-15 14:30:00-04:00,LONG,24503.25,24506.5,32.352964030101056,24414.27934891722,1,9,3.25,65.0,FC,2025-09-15,2025-09-15,-1.0
2025-09-16,2025-09-16 10:00:00-04:00,2025-09-16 14:30:00-04:00,LONG,24538.25,24530.25,25.593115972078554,24467.868931076784,1,9,-8.0,-160.0,FC,2025-09-16,2025-09-16,-1.0
2025-09-17,2025-09-17 10:00:00-04:00,2025-09-17 14:30:00-04:00,SHORT,24477.0,24441.25,27.55981459228156,24552.789490128773,2,9,35.75,1430.0,FC,2025-09-17,2025-09-17,-1.0
2025-09-18,2025-09-18 10:00:00-04:00,2025-09-18 14:30:00-04:00,LONG,24697.5,24738.25,45.32449447993169,24572.857640180187,1,9,40.75,815.0,FC,2025-09-18,2025-09-18,1.0
2025-09-19,2025-09-19 10:00:00-04:00,2025-09-19 14:30:00-04:00,LONG,24791.0,24811.0,32.02493178518263,24702.93143759075,1,9,20.0,400.0,FC,2025-09-19,2025-09-19,1.0
2025-09-22,2025-09-22 10:00:00-04:00,2025-09-22 14:30:00-04:00,LONG,24872.25,25009.75,33.0504915167192,24781.361148329022,1,9,137.5,2750.0,FC,2025-09-22,2025-09-22,-1.0
2025-09-23,2025-09-23 10:00:00-04:00,2025-09-23 14:30:00-04:00,SHORT,24940.0,24811.25,25.268713196198707,25009.488961289546,1,9,128.75,2575.0,FC,2025-09-23,2025-09-23,-1.0
2025-09-24,2025-09-24 10:00:00-04:00,2025-09-24 14:30:00-04:00,SHORT,24820.75,24702.25,30.390467252470913,24904.323784944296,1,9,118.5,2370.0,FC,2025-09-24,2025-09-24,-1.0
2025-09-25,2025-09-25 10:00:00-04:00,2025-09-25 10:30:00-04:00,SHORT,24452.75,24593.31451721302,51.11436989564402,24593.31451721302,1,1,-140.56451721302074,-2811.2903442604147,SL,2025-09-25,2025-09-25,-1.0
2025-09-26,2025-09-26 10:00:00-04:00,2025-09-26 10:30:00-04:00,LONG,24706.25,24566.0585332395,50.97871518563721,24566.0585332395,2,1,-140.1914667605015,-5607.65867042006,SL,2025-09-26,2025-09-26,-1.0
2025-09-29,2025-09-29 10:00:00-04:00,2025-09-29 12:00:00-04:00,LONG,24942.0,24841.702544650816,36.4718019451578,24841.702544650816,1,4,-100.29745534918402,-2005.9491069836804,SL,2025-09-29,2025-09-29,-1.0
2025-09-30,2025-09-30 10:00:00-04:00,2025-09-30 14:30:00-04:00,SHORT,24785.5,24827.5,37.10227307132462,24887.531250946144,2,9,-42.0,-1680.0,FC,2025-09-30,2025-09-30,-1.0
2025-10-01,2025-10-01 10:00:00-04:00,2025-10-01 14:30:00-04:00,LONG,24784.75,25012.5,45.05192997672867,24660.857192563995,1,9,227.75,4555.0,FC,2025-10-01,2025-10-01,-1.0
2025-10-02,2025-10-02 10:00:00-04:00,2025-10-02 14:30:00-04:00,LONG,25062.75,25106.75,35.05954007112834,24966.3362648044,1,9,44.0,880.0,FC,2025-10-02,2025-10-02,1.0
2025-10-03,2025-10-03 10:00:00-04:00,2025-10-03 14:30:00-04:00,SHORT,25105.75,25038.25,27.412690086531455,25181.13489773796,1,9,67.5,1350.0,FC,2025-10-03,2025-10-03,-1.0
2025-10-06,2025-10-06 10:00:00-04:00,2025-10-06 14:30:00-04:00,LONG,25155.5,25235.5,39.28837237485,25047.456975969162,1,9,80.0,1600.0,FC,2025-10-06,2025-10-06,-1.0
2025-10-07,2025-10-07 10:00:00-04:00,2025-10-07 11:30:00-04:00,LONG,25241.25,25161.574188516173,28.973022357754544,25161.574188516173,1,3,-79.67581148382669,-1593.5162296765338,SL,2025-10-07,2025-10-07,-1.0
2025-10-08,2025-10-08 10:00:00-04:00,2025-10-08 14:30:00-04:00,LONG,25174.25,25283.5,38.732374363408276,25067.735970500627,2,9,109.25,4370.0,FC,2025-10-08,2025-10-08,-1.0
2025-10-09,2025-10-09 10:00:00-04:00,2025-10-09 11:00:00-04:00,LONG,25278.75,25197.61009755545,29.505419070745525,25197.61009755545,1,2,-81.13990244454908,-1622.7980488909816,SL,2025-10-09,2025-10-09,-1.0
2025-10-10,2025-10-10 10:00:00-04:00,2025-10-10 11:00:00-04:00,LONG,25355.5,25259.978533546466,34.735078710375724,25259.978533546466,2,2,-95.52146645353423,-3820.8586581413692,SL,2025-10-10,2025-10-10,-1.0
2025-10-13,2025-10-13 10:00:00-04:00,2025-10-13 14:30:00-04:00,LONG,24888.0,24951.0,75.585773613074,24680.139122564047,1,9,63.0,1260.0,FC,2025-10-13,2025-10-13,-1.0
2025-10-14,2025-10-14 10:00:00-04:00,2025-10-14 12:00:00-04:00,SHORT,24576.25,24807.029720299975,83.91989829090068,24807.029720299975,1,4,-230.77972029997545,-4615.594405999509,SL,2025-10-14,2025-10-14,-1.0
2025-10-15,2025-10-15 10:00:00-04:00,2025-10-15 12:00:00-04:00,LONG,25014.0,24880.295197687494,48.61992811363877,24880.295197687494,2,4,-133.70480231250622,-5348.192092500249,SL,2025-10-15,2025-10-15,-1.0
2025-10-16,2025-10-16 10:00:00-04:00,2025-10-16 12:30:00-04:00,LONG,25062.25,24927.75672659175,48.90664487572792,24927.75672659175,1,5,-134.4932734082504,-2689.8654681650078,SL,2025-10-16,2025-10-16,1.0
2025-10-17,2025-10-17 10:00:00-04:00,2025-10-17 14:30:00-04:00,LONG,24822.25,25015.75,91.1131024442594,24571.688968278286,2,9,193.5,7740.0,FC,2025-10-17,2025-10-17,-1.0
2025-10-20,2025-10-20 10:00:00-04:00,2025-10-20 14:30:00-04:00,LONG,25222.0,25337.25,46.934713649729616,25092.929537463242,1,9,115.25,2305.0,FC,2025-10-20,2025-10-20,-1.0
2025-10-21,2025-10-21 10:00:00-04:00,2025-10-21 12:00:00-04:00,SHORT,25234.75,25321.912758530856,31.695548556674396,25321.912758530856,1,4,-87.16275853085608,-1743.2551706171216,SL,2025-10-21,2025-10-21,-1.0
2025-10-22,2025-10-22 10:00:00-04:00,2025-10-22 14:30:00-04:00,SHORT,25258.0,24916.25,41.77421518573106,25372.879091760762,2,9,341.75,13670.0,FC,2025-10-22,2025-10-22,-1.0
2025-10-23,2025-10-23 10:00:00-04:00,2025-10-23 14:30:00-04:00,LONG,25160.5,25276.25,60.4089109306822,24994.375494940625,1,9,115.75,2315.0,FC,2025-10-23,2025-10-23,-1.0
2025-10-24,2025-10-24 10:00:00-04:00,2025-10-24 14:30:00-04:00,LONG,25506.0,25545.75,45.831855093966716,25379.962398491592,1,9,39.75,795.0,FC,2025-10-24,2025-10-24,-1.0
2025-10-27,2025-10-27 10:00:00-04:00,2025-10-27 14:30:00-04:00,LONG,25848.75,25930.0,28.965709127239304,25769.09429990009,1,9,81.25,1625.0,FC,2025-10-27,2025-10-27,1.0
2025-10-28,2025-10-28 10:00:00-04:00,2025-10-28 14:30:00-04:00,LONG,26065.0,26182.0,28.735180722309927,25985.978253013647,1,9,117.0,2340.0,FC,2025-10-28,2025-10-28,1.0
2025-10-29,2025-10-29 10:00:00-04:00,2025-10-29 12:00:00-04:00,LONG,26318.75,26233.871982231496,30.86473373400189,26233.871982231496,1,4,-84.87801776850392,-1697.5603553700785,SL,2025-10-29,2025-10-29,-1.0
2025-10-30,2025-10-30 10:00:00-04:00,2025-10-30 14:30:00-04:00,SHORT,26125.0,25996.75,79.66292475284291,26344.07304307032,2,9,128.25,5130.0,FC,2025-10-30,2025-10-30,-1.0
2025-10-31,2025-10-31 10:00:00-04:00,2025-10-31 14:30:00-04:00,SHORT,26102.25,26010.0,47.28681053189338,26232.288728962707,1,9,92.25,1845.0,FC,2025-10-31,2025-10-31,-1.0
2025-11-03,2025-11-03 10:00:00-05:00,2025-11-03 14:30:00-05:00,LONG,26134.25,26096.5,48.47896863202213,26000.932836261938,1,9,-37.75,-755.0,FC,2025-11-03,2025-11-03,-1.0
2025-11-04,2025-11-04 10:00:00-05:00,2025-11-04 14:30:00-05:00,SHORT,25875.25,25660.5,70.11528323745036,26068.067028902988,2,9,214.75,8590.0,FC,2025-11-04,2025-11-04,-1.0
2025-11-05,2025-11-05 10:00:00-05:00,2025-11-05 14:30:00-05:00,LONG,25696.0,25852.75,72.86547001499227,25495.61995745877,1,9,156.75,3135.0,FC,2025-11-05,2025-11-05,-1.0
2025-11-06,2025-11-06 10:00:00-05:00,2025-11-06 14:30:00-05:00,SHORT,25513.0,25431.25,61.169704833165795,25681.216688291206,1,9,81.75,1635.0,FC,2025-11-06,2025-11-06,-1.0
2025-11-07,2025-11-07 10:00:00-05:00,2025-11-07 14:30:00-05:00,SHORT,25028.0,24951.25,79.75973472350732,25247.339270489647,1,9,76.75,1535.0,FC,2025-11-07,2025-11-07,-1.0
2025-11-10,2025-11-10 10:00:00-05:00,2025-11-10 11:30:00-05:00,LONG,25638.25,25510.90509520038,46.30723810895153,25510.90509520038,1,3,-127.34490479961823,-2546.8980959923647,SL,2025-11-10,2025-11-10,-1.0
2025-11-11,2025-11-11 10:00:00-05:00,2025-11-11 11:00:00-05:00,LONG,25627.0,25514.671943856058,40.84656587052464,25514.671943856058,2,2,-112.32805614394238,-4493.122245757695,SL,2025-11-11,2025-11-11,-1.0
2025-11-12,2025-11-12 10:00:00-05:00,2025-11-12 14:30:00-05:00,SHORT,25593.25,25580.25,53.59798915341176,25740.644470171883,1,9,13.0,260.0,FC,2025-11-12,2025-11-12,-1.0
2025-11-13,2025-11-13 10:00:00-05:00,2025-11-13 14:30:00-05:00,SHORT,25381.25,25122.75,71.21799338951962,25577.09948182118,1,9,258.5,5170.0,FC,2025-11-13,2025-11-13,-1.0
2025-11-14,2025-11-14 10:00:00-05:00,2025-11-14 11:30:00-05:00,SHORT,24953.0,25245.332299452737,106.30265434645014,25245.332299452737,1,3,-292.33229945273706,-5846.645989054741,SL,2025-11-14,2025-11-14,-1.0
2025-11-17,2025-11-17 10:00:00-05:00,2025-11-17 11:30:00-05:00,LONG,25198.5,24958.80180018966,87.16298174921424,24958.80180018966,2,3,-239.69819981034016,-9587.927992413606,SL,2025-11-17,2025-11-17,-1.0
2025-11-18,2025-11-18 10:00:00-05:00,2025-11-18 13:30:00-05:00,SHORT,24522.5,24789.264780211484,97.00537462235768,24789.264780211484,1,7,-266.7647802114843,-5335.295604229686,SL,2025-11-18,2025-11-18,-1.0
2025-11-19,2025-11-19 10:00:00-05:00,2025-11-19 11:30:00-05:00,LONG,24893.75,24660.46352911309,84.83144395887655,24660.46352911309,2,3,-233.28647088690923,-9331.45883547637,SL,2025-11-19,2025-11-19,-1.0
2025-11-20,2025-11-20 10:00:00-05:00,2025-11-20 11:30:00-05:00,LONG,25274.25,25072.66301969642,73.30435647402918,25072.66301969642,1,3,-201.58698030357846,-4031.739606071569,SL,2025-11-20,2025-11-20,-1.0
2025-11-21,2025-11-21 10:00:00-05:00,2025-11-21 14:00:00-05:00,SHORT,24174.0,24518.986947373047,125.44979904474424,24518.986947373047,2,8,-344.98694737304686,-13799.477894921874,SL,2025-11-21,2025-11-21,-1.0
2025-11-24,2025-11-24 10:00:00-05:00,2025-11-24 14:30:00-05:00,LONG,24683.5,24932.75,82.28769816103915,24457.20883005714,1,9,249.25,4985.0,FC,2025-11-24,2025-11-24,-1.0
2025-11-25,2025-11-25 10:00:00-05:00,2025-11-25 14:30:00-05:00,LONG,24817.0,24982.25,75.07755128513116,24610.536733965888,1,9,165.25,3305.0,FC,2025-11-25,2025-11-25,-1.0
2025-11-26,2025-11-26 10:00:00-05:00,2025-11-26 14:30:00-05:00,LONG,25167.5,25344.75,50.026454263831006,25029.927250774464,1,9,177.25,3545.0,FC,2025-11-26,2025-11-26,1.0
2025-12-01,2025-12-01 10:00:00-05:00,2025-12-01 14:30:00-05:00,LONG,25365.5,25395.75,55.86424896263017,25211.87331535277,1,9,30.25,605.0,FC,2025-12-01,2025-12-01,-1.0
2025-12-02,2025-12-02 10:00:00-05:00,2025-12-02 11:30:00-05:00,LONG,25597.75,25472.04098050477,45.71237072553811,25472.04098050477,1,3,-125.70901949522886,-2514.180389904577,SL,2025-12-02,2025-12-02,1.0
2025-12-03,2025-12-03 10:00:00-05:00,2025-12-03 14:00:00-05:00,SHORT,25494.5,25649.36844168801,56.31579697745822,25649.36844168801,2,8,-154.86844168800963,-6194.737667520385,SL,2025-12-03,2025-12-03,-1.0
2025-12-04,2025-12-04 10:00:00-05:00,2025-12-04 14:30:00-05:00,SHORT,25555.5,25532.5,50.2687750222743,25693.739131311253,1,9,23.0,460.0,FC,2025-12-04,2025-12-04,-1.0
2025-12-05,2025-12-05 10:00:00-05:00,2025-12-05 12:00:00-05:00,LONG,25791.25,25660.849006640106,47.41854303996091,25660.849006640106,1,4,-130.40099335989362,-2608.0198671978724,SL,2025-12-05,2025-12-05,1.0
2025-12-08,2025-12-08 10:00:00-05:00,2025-12-08 14:30:00-05:00,SHORT,25744.5,25598.25,38.68853462140018,25850.89347020885,2,9,146.25,5850.0,FC,2025-12-08,2025-12-08,-1.0
2025-12-09,2025-12-09 10:00:00-05:00,2025-12-09 14:30:00-05:00,SHORT,25629.5,25711.0,38.72656039989337,25735.998041099705,1,9,-81.5,-1630.0,FC,2025-12-09,2025-12-09,-1.0
2025-12-10,2025-12-10 10:00:00-05:00,2025-12-10 14:30:00-05:00,SHORT,25631.25,25668.0,45.37182882279828,25756.022529262696,2,9,-36.75,-1470.0,FC,2025-12-10,2025-12-10,-1.0
2025-12-11,2025-12-11 10:00:00-05:00,2025-12-11 10:30:00-05:00,SHORT,25414.5,25595.48612756553,65.81313729655675,25595.48612756553,1,1,-180.9861275655312,-3619.722551310624,SL,2025-12-11,2025-12-11,-1.0
2025-12-12,2025-12-12 10:00:00-05:00,2025-12-12 14:30:00-05:00,SHORT,25558.25,25227.0,50.894287288130386,25698.20929004236,2,9,331.25,13250.0,FC,2025-12-12,2025-12-12,-1.0
2025-12-15,2025-12-15 10:00:00-05:00,2025-12-15 14:30:00-05:00,SHORT,25223.75,25136.0,47.02806653490081,25353.077182970977,1,9,87.75,1755.0,FC,2025-12-15,2025-12-15,-1.0
2025-12-16,2025-12-16 10:00:00-05:00,2025-12-16 10:30:00-05:00,LONG,25147.0,24953.145331059764,70.49260688735788,24953.145331059764,1,1,-193.85466894023557,-3877.0933788047114,SL,2025-12-16,2025-12-16,-1.0
2025-12-17,2025-12-17 10:00:00-05:00,2025-12-17 14:30:00-05:00,SHORT,25098.5,24716.25,61.31923653796531,25267.127900479405,2,9,382.25,15290.0,FC,2025-12-17,2025-12-17,-1.0
2025-12-18,2025-12-18 10:00:00-05:00,2025-12-18 14:30:00-05:00,LONG,25040.0,25044.75,60.66730735741125,24873.16490476712,1,9,4.75,95.0,FC,2025-12-18,2025-12-18,-1.0
2025-12-22,2025-12-22 10:00:00-05:00,2025-12-22 11:00:00-05:00,LONG,25748.0,25651.30576021722,35.161541739193,25651.30576021722,1,2,-96.69423978278064,-1933.8847956556128,SL,2025-12-22,2025-12-22,-1.0
2025-12-23,2025-12-23 10:00:00-05:00,2025-12-23 14:30:00-05:00,LONG,25692.75,25786.5,37.25851636048498,25590.289080008668,2,9,93.75,3750.0,FC,2025-12-23,2025-12-23,1.0
2025-12-26,2025-12-26 10:00:00-05:00,2025-12-26 14:30:00-05:00,LONG,25881.0,25881.25,23.41743566216983,25816.602051929032,1,9,0.25,5.0,FC,2025-12-26,2025-12-26,1.0
2025-12-29,2025-12-29 10:00:00-05:00,2025-12-29 14:30:00-05:00,SHORT,25724.5,25710.75,47.722795280665274,25855.73768702183,1,9,13.75,275.0,FC,2025-12-29,2025-12-29,-1.0
2025-12-30,2025-12-30 10:00:00-05:00,2025-12-30 14:30:00-05:00,LONG,25756.75,25736.0,33.73349744883089,25663.982882015716,1,9,-20.75,-415.0,FC,2025-12-30,2025-12-30,-1.0
2025-12-31,2025-12-31 10:00:00-05:00,2025-12-31 14:30:00-05:00,SHORT,25605.5,25582.0,36.715227365897874,25706.466875256217,2,9,23.5,940.0,FC,2025-12-31,2025-12-31,-1.0
2026-01-02,2026-01-02 10:00:00-05:00,2026-01-02 10:30:00-05:00,LONG,25733.0,25616.5985633727,42.3277951372004,25616.5985633727,1,1,-116.40143662730043,-2328.0287325460085,SL,2026-01-02,2026-01-02,-1.0
2026-01-05,2026-01-05 10:00:00-05:00,2026-01-05 14:30:00-05:00,LONG,25599.75,25586.0,51.16429802504775,25459.04818043112,2,9,-13.75,-550.0,FC,2026-01-05,2026-01-05,1.0
2026-01-06,2026-01-06 10:00:00-05:00,2026-01-06 14:30:00-05:00,LONG,25753.0,25809.0,44.327743823537276,25631.098704485274,1,9,56.0,1120.0,FC,2026-01-06,2026-01-06,-1.0
2026-01-07,2026-01-07 10:00:00-05:00,2026-01-07 14:30:00-05:00,LONG,25855.0,25899.25,31.763926877171606,25767.649201087777,1,9,44.25,885.0,FC,2026-01-07,2026-01-07,1.0
2026-01-08,2026-01-08 10:00:00-05:00,2026-01-08 14:30:00-05:00,SHORT,25603.25,25627.5,52.54097957233885,25747.737693823932,1,9,-24.25,-485.0,FC,2026-01-08,2026-01-08,-1.0
2026-01-09,2026-01-09 10:00:00-05:00,2026-01-09 14:30:00-05:00,LONG,25734.75,25959.0,52.52836604606169,25590.29699337333,2,9,224.25,8970.0,FC,2026-01-09,2026-01-09,1.0
2026-01-12,2026-01-12 10:00:00-05:00,2026-01-12 14:30:00-05:00,LONG,25901.0,25996.0,47.17557144455009,25771.267178527487,1,9,95.0,1900.0,FC,2026-01-12,2026-01-12,-1.0
2026-01-13,2026-01-13 10:00:00-05:00,2026-01-13 10:30:00-05:00,LONG,25948.75,25819.429360995888,47.02568691058656,25819.429360995888,1,1,-129.3206390041123,-2586.412780082246,SL,2026-01-13,2026-01-13,-1.0
2026-01-14,2026-01-14 10:00:00-05:00,2026-01-14 14:30:00-05:00,SHORT,25585.0,25513.5,59.50671833221511,25748.64347541359,2,9,71.5,2860.0,FC,2026-01-14,2026-01-14,-1.0
2026-01-15,2026-01-15 10:00:00-05:00,2026-01-15 14:30:00-05:00,LONG,25864.0,25800.0,50.00870749959161,25726.476054376122,1,9,-64.0,-1280.0,FC,2026-01-15,2026-01-15,-1.0
2026-01-16,2026-01-16 10:00:00-05:00,2026-01-16 14:30:00-05:00,SHORT,25728.5,25681.25,46.07212706374196,25855.19834942529,2,9,47.25,1890.0,FC,2026-01-16,2026-01-16,-1.0
2026-01-20,2026-01-20 10:00:00-05:00,2026-01-20 14:30:00-05:00,SHORT,25324.75,25161.25,64.68101535478809,25502.622792225666,1,9,163.5,3270.0,FC,2026-01-20,2026-01-20,-1.0
2026-01-21,2026-01-21 10:00:00-05:00,2026-01-21 14:30:00-05:00,LONG,25324.75,25429.5,81.0244625092184,25101.932728099648,1,9,104.75,2095.0,FC,2026-01-21,2026-01-21,-1.0
2026-01-22,2026-01-22 10:00:00-05:00,2026-01-22 14:30:00-05:00,LONG,25578.0,25709.25,55.0319546348351,25426.662124754203,1,9,131.25,2625.0,FC,2026-01-22,2026-01-22,-1.0
2026-01-23,2026-01-23 10:00:00-05:00,2026-01-23 14:30:00-05:00,LONG,25663.75,25745.25,51.10580325077984,25523.209041060356,1,9,81.5,1630.0,FC,2026-01-23,2026-01-23,-1.0
2026-01-26,2026-01-26 10:00:00-05:00,2026-01-26 14:30:00-05:00,LONG,25837.25,25899.5,51.793506921600496,25694.817855965597,1,9,62.25,1245.0,FC,2026-01-26,2026-01-26,-1.0
2026-01-27,2026-01-27 10:00:00-05:00,2026-01-27 14:30:00-05:00,LONG,26053.25,26092.75,37.875500766978504,25949.09237289081,1,9,39.5,790.0,FC,2026-01-27,2026-01-27,1.0
2026-01-28,2026-01-28 10:00:00-05:00,2026-01-28 12:00:00-05:00,LONG,26253.5,26143.395539900088,40.037985490876856,26143.395539900088,1,4,-110.1044600999121,-2202.089201998242,SL,2026-01-28,2026-01-28,-1.0
2026-01-29,2026-01-29 10:00:00-05:00,2026-01-29 14:30:00-05:00,SHORT,25864.5,25878.5,69.92405182142525,26056.79114250892,2,9,-14.0,-560.0,FC,2026-01-29,2026-01-29,-1.0
2026-01-30,2026-01-30 10:00:00-05:00,2026-01-30 14:30:00-05:00,SHORT,25827.0,25716.75,79.51509629802722,26045.666514819575,1,9,110.25,2205.0,FC,2026-01-30,2026-01-30,-1.0
2026-02-02,2026-02-02 10:00:00-05:00,2026-02-02 14:30:00-05:00,LONG,25749.25,25922.0,82.86214445826249,25521.37910273978,1,9,172.75,3455.0,FC,2026-02-02,2026-02-02,-1.0
2026-02-03,2026-02-03 10:00:00-05:00,2026-02-03 14:30:00-05:00,SHORT,25633.0,25295.25,65.23254568102726,25812.389500622827,1,9,337.75,6755.0,FC,2026-02-03,2026-02-03,-1.0
2026-02-04,2026-02-04 10:00:00-05:00,2026-02-04 14:30:00-05:00,SHORT,25194.25,24963.5,69.10858403092482,25384.29860608504,1,9,230.75,4615.0,FC,2026-02-04,2026-02-04,-1.0
2026-02-05,2026-02-05 10:00:00-05:00,2026-02-05 14:30:00-05:00,SHORT,24769.25,24764.0,118.23487683537468,25094.39591129728,1,9,5.25,105.0,FC,2026-02-05,2026-02-05,-1.0
2026-02-06,2026-02-06 10:00:00-05:00,2026-02-06 14:30:00-05:00,LONG,24850.75,25105.0,97.91048036940984,24581.49617898412,1,9,254.25,5085.0,FC,2026-02-06,2026-02-06,1.0
2026-02-09,2026-02-09 10:00:00-05:00,2026-02-09 14:30:00-05:00,LONG,25113.25,25418.25,73.38270993589111,24911.4475476763,1,9,305.0,6100.0,FC,2026-02-09,2026-02-09,-1.0
2026-02-10,2026-02-10 10:00:00-05:00,2026-02-10 14:30:00-05:00,LONG,25392.25,25300.0,55.38364628066124,25239.944972728183,1,9,-92.25,-1845.0,FC,2026-02-10,2026-02-10,-1.0
2026-02-11,2026-02-11 10:00:00-05:00,2026-02-11 10:30:00-05:00,LONG,25305.25,25116.76765495535,68.53903456169029,25116.76765495535,2,1,-188.48234504464926,-7539.293801785971,SL,2026-02-11,2026-02-11,-1.0
2026-02-12,2026-02-12 10:00:00-05:00,2026-02-12 14:30:00-05:00,SHORT,25208.25,24871.75,56.37491707269844,25363.281021949922,1,9,336.5,6730.0,FC,2026-02-12,2026-02-12,-1.0
2026-02-13,2026-02-13 10:00:00-05:00,2026-02-13 13:00:00-05:00,SHORT,24699.0,24971.889968315278,99.23271575101,24971.889968315278,1,6,-272.88996831527766,-5457.799366305553,SL,2026-02-13,2026-02-13,-1.0
2026-02-17,2026-02-17 10:00:00-05:00,2026-02-17 11:30:00-05:00,SHORT,24485.5,24737.370000640152,91.58909114187358,24737.370000640152,2,3,-251.87000064015228,-10074.800025606091,SL,2026-02-17,2026-02-17,-1.0
2026-02-18,2026-02-18 10:00:00-05:00,2026-02-18 14:30:00-05:00,LONG,24940.75,24991.75,62.26420551957787,24769.52343482116,1,9,51.0,1020.0,FC,2026-02-18,2026-02-18,-1.0
2026-02-19,2026-02-19 10:00:00-05:00,2026-02-19 14:30:00-05:00,SHORT,24881.5,24809.0,64.59881899134908,25059.14675222621,1,9,72.5,1450.0,FC,2026-02-19,2026-02-19,-1.0
2026-02-20,2026-02-20 10:00:00-05:00,2026-02-20 14:30:00-05:00,LONG,24897.5,25052.75,78.74817287817761,24680.94252458501,1,9,155.25,3105.0,FC,2026-02-20,2026-02-20,-1.0
2026-02-23,2026-02-23 10:00:00-05:00,2026-02-23 14:30:00-05:00,SHORT,24913.25,24714.75,59.32306664371989,25076.38843327023,1,9,198.5,3970.0,FC,2026-02-23,2026-02-23,-1.0
2026-02-24,2026-02-24 10:00:00-05:00,2026-02-24 14:30:00-05:00,LONG,24877.25,25002.75,69.60450435694196,24685.837613018408,1,9,125.5,2510.0,FC,2026-02-24,2026-02-24,-1.0
2026-02-25,2026-02-25 10:00:00-05:00,2026-02-25 14:30:00-05:00,LONG,25343.25,25371.0,50.36658031275787,25204.741904139915,1,9,27.75,555.0,FC,2026-02-25,2026-02-25,-1.0
2026-02-26,2026-02-26 10:00:00-05:00,2026-02-26 14:30:00-05:00,SHORT,25193.0,25048.25,45.63649724935448,25318.500367435725,1,9,144.75,2895.0,FC,2026-02-26,2026-02-26,-1.0
2026-02-27,2026-02-27 10:00:00-05:00,2026-02-27 14:30:00-05:00,SHORT,24880.0,24906.75,70.40733515581564,25073.620171678493,1,9,-26.75,-535.0,FC,2026-02-27,2026-02-27,-1.0
2026-03-02,2026-03-02 10:00:00-05:00,2026-03-02 14:30:00-05:00,LONG,24862.0,25079.25,96.13345364461327,24597.633002477312,2,9,217.25,8690.0,FC,2026-03-02,2026-03-02,-1.0
2026-03-03,2026-03-03 10:00:00-05:00,2026-03-03 13:30:00-05:00,SHORT,24489.25,24736.80967469071,90.02169988753056,24736.80967469071,1,7,-247.55967469071038,-4951.193493814208,SL,2026-03-03,2026-03-03,-1.0
2026-03-04,2026-03-04 10:00:00-05:00,2026-03-04 14:30:00-05:00,LONG,24919.25,25194.5,88.66868547598376,24675.411114941046,2,9,275.25,11010.0,FC,2026-03-04,2026-03-04,-1.0
2026-03-05,2026-03-05 10:00:00-05:00,2026-03-05 11:00:00-05:00,LONG,25185.5,24956.874738242357,83.13645882096063,24956.874738242357,1,2,-228.62526175764287,-4572.5052351528575,SL,2026-03-05,2026-03-05,-1.0
2026-03-06,2026-03-06 10:00:00-05:00,2026-03-06 14:30:00-05:00,SHORT,24691.25,24820.0,90.37728035810134,24939.787520984777,2,9,-128.75,-5150.0,FC,2026-03-06,2026-03-06,-1.0
2026-03-09,2026-03-09 10:00:00-04:00,2026-03-09 11:30:00-04:00,SHORT,24370.75,24637.688886610627,97.06868604022776,24637.688886610627,1,3,-266.9388866106274,-5338.777732212548,SL,2026-03-09,2026-03-09,-1.0
2026-03-10,2026-03-10 10:00:00-04:00,2026-03-10 14:30:00-04:00,LONG,24962.25,25068.0,76.96806615758724,24750.587818066637,2,9,105.75,4230.0,FC,2026-03-10,2026-03-10,-1.0
2026-03-11,2026-03-11 10:00:00-04:00,2026-03-11 12:00:00-04:00,LONG,25101.25,24903.48873579577,71.91318698335618,24903.48873579577,1,4,-197.76126420422952,-3955.2252840845904,SL,2026-03-11,2026-03-11,-1.0
2026-03-12,2026-03-12 10:00:00-04:00,2026-03-12 14:30:00-04:00,SHORT,24657.75,24636.5,72.29917826254271,24856.572740221993,2,9,21.25,850.0,FC,2026-03-12,2026-03-12,-1.0
2026-03-13,2026-03-13 10:00:00-04:00,2026-03-13 11:00:00-04:00,LONG,24726.0,24520.443870154064,74.74768358034028,24520.443870154064,1,2,-205.55612984593608,-4111.122596918722,SL,2026-03-13,2026-03-13,-1.0
2026-03-16,2026-03-16 10:00:00-04:00,2026-03-16 14:30:00-04:00,LONG,24736.5,24719.5,55.72594357995111,24583.253655155135,2,9,-17.0,-680.0,FC,2026-03-16,2026-03-16,-1.0
2026-03-17,2026-03-17 10:00:00-04:00,2026-03-17 14:30:00-04:00,LONG,24875.0,24785.5,63.549027739489816,24700.240173716404,1,9,-89.5,-1790.0,FC,2026-03-17,2026-03-17,-1.0
2026-03-18,2026-03-18 10:00:00-04:00,2026-03-18 14:30:00-04:00,SHORT,24749.0,24636.75,59.94162770346276,24913.839476184523,2,9,112.25,4490.0,FC,2026-03-18,2026-03-18,-1.0
2026-03-19,2026-03-19 10:00:00-04:00,2026-03-19 14:30:00-04:00,SHORT,24291.75,24257.0,81.00540992933884,24514.514877305683,1,9,34.75,695.0,FC,2026-03-19,2026-03-19,-1.0
2026-03-23,2026-03-23 10:00:00-04:00,2026-03-23 14:30:00-04:00,LONG,24599.5,24446.5,177.07775269835506,24112.536180079525,1,9,-153.0,-3060.0,FC,2026-03-23,2026-03-23,-1.0
2026-03-24,2026-03-24 10:00:00-04:00,2026-03-24 14:30:00-04:00,SHORT,24215.75,24259.75,92.00541986469253,24468.764904627904,2,9,-44.0,-1760.0,FC,2026-03-24,2026-03-24,-1.0
2026-03-25,2026-03-25 10:00:00-04:00,2026-03-25 14:30:00-04:00,SHORT,24368.75,24413.0,83.47666717437038,24598.31083472952,1,9,-44.25,-885.0,FC,2026-03-25,2026-03-25,-1.0
2026-03-26,2026-03-26 10:00:00-04:00,2026-03-26 14:30:00-04:00,SHORT,24216.0,23848.25,71.82453097339767,24413.517460176845,2,9,367.75,14710.0,FC,2026-03-26,2026-03-26,-1.0
2026-03-27,2026-03-27 10:00:00-04:00,2026-03-27 14:30:00-04:00,SHORT,23478.75,23362.0,76.34763429111337,23688.705994300562,1,9,116.75,2335.0,FC,2026-03-27,2026-03-27,-1.0
2026-03-30,2026-03-30 10:00:00-04:00,2026-03-30 14:30:00-04:00,SHORT,23302.0,23155.0,76.08450504324452,23511.23238886892,1,9,147.0,2940.0,FC,2026-03-30,2026-03-30,-1.0
2026-03-31,2026-03-31 10:00:00-04:00,2026-03-31 14:30:00-04:00,LONG,23565.0,23827.0,83.74497719556459,23334.701312712197,1,9,262.0,5240.0,FC,2026-03-31,2026-03-31,1.0
2026-04-01,2026-04-01 10:00:00-04:00,2026-04-01 14:30:00-04:00,LONG,24120.75,24154.0,82.27453762182161,23894.49502153999,1,9,33.25,665.0,FC,2026-04-01,2026-04-01,-1.0
2026-04-02,2026-04-02 10:00:00-04:00,2026-04-02 11:00:00-04:00,SHORT,23898.0,24105.231088150533,75.35675932746582,24105.231088150533,1,2,-207.23108815053274,-4144.621763010655,SL,2026-04-02,2026-04-02,-1.0
2026-04-06,2026-04-06 10:00:00-04:00,2026-04-06 13:30:00-04:00,LONG,24411.0,24238.77098158476,62.62873396917822,24238.77098158476,2,7,-172.22901841524072,-6889.160736609629,SL,2026-04-06,2026-04-06,-1.0
2026-04-07,2026-04-07 10:00:00-04:00,2026-04-07 14:30:00-04:00,SHORT,24120.25,24194.0,82.96639730352305,24348.40759258469,1,9,-73.75,-1475.0,FC,2026-04-07,2026-04-07,-1.0
2026-04-08,2026-04-08 10:00:00-04:00,2026-04-08 14:30:00-04:00,LONG,25080.75,25054.0,67.21199564621382,24895.917011972913,2,9,-26.75,-1070.0,FC,2026-04-08,2026-04-08,1.0
2026-04-09,2026-04-09 10:00:00-04:00,2026-04-09 14:30:00-04:00,LONG,25033.25,25162.5,46.19695077864276,24906.208385358732,1,9,129.25,2585.0,FC,2026-04-09,2026-04-09,-1.0
2026-04-10,2026-04-10 10:00:00-04:00,2026-04-10 14:30:00-04:00,LONG,25320.5,25267.5,48.90470548919231,25186.012059904722,1,9,-53.0,-1060.0,FC,2026-04-10,2026-04-10,-1.0
2026-04-13,2026-04-13 10:00:00-04:00,2026-04-13 14:30:00-04:00,LONG,25308.0,25399.75,55.47201374233633,25155.451962208575,2,9,91.75,3670.0,FC,2026-04-13,2026-04-13,1.0
2026-04-14,2026-04-14 10:00:00-04:00,2026-04-14 14:30:00-04:00,LONG,25722.25,25909.75,42.122873991463685,25606.412096523476,1,9,187.5,3750.0,FC,2026-04-14,2026-04-14,1.0
2026-04-15,2026-04-15 10:00:00-04:00,2026-04-15 14:30:00-04:00,LONG,26068.5,26247.75,44.693061232667496,25945.594081610165,1,9,179.25,3585.0,FC,2026-04-15,2026-04-15,1.0
2026-04-16,2026-04-16 10:00:00-04:00,2026-04-16 14:30:00-04:00,LONG,26321.25,26373.5,49.902992172720644,26184.016771525017,1,9,52.25,1045.0,FC,2026-04-16,2026-04-16,1.0
2026-04-17,2026-04-17 10:00:00-04:00,2026-04-17 14:30:00-04:00,LONG,26731.25,26784.5,56.934171191762495,26574.681029222655,1,9,53.25,1065.0,FC,2026-04-17,2026-04-17,1.0
2026-04-20,2026-04-20 10:00:00-04:00,2026-04-20 11:00:00-04:00,LONG,26780.75,26647.540069455372,48.43997474350107,26647.540069455372,1,2,-133.20993054462815,-2664.198610892563,SL,2026-04-20,2026-04-20,-1.0
2026-04-21,2026-04-21 10:00:00-04:00,2026-04-21 11:30:00-04:00,LONG,26838.5,26719.78856163221,43.167795770105656,26719.78856163221,2,3,-118.71143836779083,-4748.457534711633,SL,2026-04-21,2026-04-21,-1.0
2026-04-22,2026-04-22 10:00:00-04:00,2026-04-22 14:30:00-04:00,LONG,26864.5,26999.25,48.33553075485215,26731.577290424157,1,9,134.75,2695.0,FC,2026-04-22,2026-04-22,1.0
2026-04-23,2026-04-23 10:00:00-04:00,2026-04-23 14:00:00-04:00,LONG,27016.75,26844.171998152528,62.75563703544464,26844.171998152528,1,8,-172.57800184747248,-3451.5600369494496,SL,2026-04-23,2026-04-23,-1.0
2026-04-24,2026-04-24 10:00:00-04:00,2026-04-24 14:30:00-04:00,LONG,27193.75,27387.5,69.94725489835889,27001.395049029514,2,9,193.75,7750.0,FC,2026-04-24,2026-04-24,1.0
2026-04-27,2026-04-27 10:00:00-04:00,2026-04-27 14:30:00-04:00,LONG,27401.5,27428.5,48.23741118712171,27268.847119235415,1,9,27.0,540.0,FC,2026-04-27,2026-04-27,1.0
2026-04-28,2026-04-28 10:00:00-04:00,2026-04-28 14:30:00-04:00,SHORT,27202.5,27176.0,74.32459013896774,27406.892622882162,1,9,26.5,530.0,FC,2026-04-28,2026-04-28,-1.0
2026-04-29,2026-04-29 10:00:00-04:00,2026-04-29 14:30:00-04:00,SHORT,27220.25,27208.5,50.80183420219363,27359.955044056034,1,9,11.75,235.0,FC,2026-04-29,2026-04-29,-1.0
2026-04-30,2026-04-30 10:00:00-04:00,2026-04-30 14:00:00-04:00,SHORT,27245.75,27512.920731131777,97.15299313882778,27512.920731131777,1,8,-267.17073113177685,-5343.414622635537,SL,2026-04-30,2026-04-30,1.0
2026-05-01,2026-05-01 10:00:00-04:00,2026-05-01 14:30:00-04:00,LONG,27873.5,27867.5,60.552577413440815,27706.980412113036,2,9,-6.0,-240.0,FC,2026-05-01,2026-05-01,1.0
2026-05-04,2026-05-04 10:00:00-04:00,2026-05-04 11:30:00-04:00,LONG,27896.0,27712.346829377395,66.78297113549316,27712.346829377395,1,3,-183.6531706226051,-3673.063412452102,SL,2026-05-04,2026-05-04,1.0
2026-05-05,2026-05-05 10:00:00-04:00,2026-05-05 14:30:00-04:00,LONG,28085.25,28177.25,48.22879287298016,27952.620819599306,2,9,92.0,3680.0,FC,2026-05-05,2026-05-05,1.0
2026-05-06,2026-05-06 10:00:00-04:00,2026-05-06 14:30:00-04:00,LONG,28469.0,28634.5,79.5757586202962,28250.166663794185,1,9,165.5,3310.0,FC,2026-05-06,2026-05-06,1.0
2026-05-07,2026-05-07 10:00:00-04:00,2026-05-07 12:30:00-04:00,LONG,28781.5,28659.094170687516,44.51121065908452,28659.094170687516,1,5,-122.40582931248355,-2448.116586249671,SL,2026-05-07,2026-05-07,-1.0
2026-05-08,2026-05-08 10:00:00-04:00,2026-05-08 14:30:00-04:00,LONG,29107.25,29286.75,65.69986298121431,28926.575376801662,2,9,179.5,7180.0,FC,2026-05-08,2026-05-08,1.0
2026-05-11,2026-05-11 10:00:00-04:00,2026-05-11 14:30:00-04:00,LONG,29310.25,29472.0,60.13763119182963,29144.87151422247,1,9,161.75,3235.0,FC,2026-05-11,2026-05-11,-1.0
2026-05-12,2026-05-12 10:00:00-04:00,2026-05-12 14:30:00-04:00,SHORT,29129.5,28991.0,68.55860486512482,29318.036163379093,1,9,138.5,2770.0,FC,2026-05-12,2026-05-12,-1.0
2026-05-13,2026-05-13 10:00:00-04:00,2026-05-13 12:00:00-04:00,SHORT,29169.25,29383.11261309661,77.76822294422212,29383.11261309661,1,4,-213.8626130966113,-4277.252261932226,SL,2026-05-13,2026-05-13,1.0
2026-05-14,2026-05-14 10:00:00-04:00,2026-05-14 14:30:00-04:00,LONG,29541.75,29673.5,75.33704509992117,29334.573125975217,2,9,131.75,5270.0,FC,2026-05-14,2026-05-14,1.0
2026-05-15,2026-05-15 10:00:00-04:00,2026-05-15 14:00:00-04:00,SHORT,29143.25,29432.51718413485,105.1880669581267,29432.51718413485,1,8,-289.26718413484923,-5785.343682696985,SL,2026-05-15,2026-05-15,1.0
2026-05-18,2026-05-18 10:00:00-04:00,2026-05-18 12:30:00-04:00,LONG,29243.75,28931.624204008192,113.5002894515662,28931.624204008192,2,5,-312.12579599180754,-12485.031839672301,SL,2026-05-18,2026-05-18,-1.0
2026-05-19,2026-05-19 10:00:00-04:00,2026-05-19 14:30:00-04:00,SHORT,28938.75,29023.5,97.11174551158496,29205.80730015686,1,9,-84.75,-1695.0,FC,2026-05-19,2026-05-19,-1.0
2026-05-20,2026-05-20 10:00:00-04:00,2026-05-20 14:30:00-04:00,LONG,29100.5,29305.5,73.48748323189508,28898.40942111229,2,9,205.0,8200.0,FC,2026-05-20,2026-05-20,-1.0
2026-05-21,2026-05-21 10:00:00-04:00,2026-05-21 14:30:00-04:00,LONG,29288.25,29459.0,85.36609245002401,29053.493245762435,1,9,170.75,3415.0,FC,2026-05-21,2026-05-21,-1.0
2026-05-22,2026-05-22 10:00:00-04:00,2026-05-22 14:30:00-04:00,LONG,29643.0,29660.5,70.38546476465024,29449.439971897213,1,9,17.5,350.0,FC,2026-05-22,2026-05-22,-1.0
