date_x,entry_time,exit_time,direction,entry_price,exit_price,entry_atr,sl_price,qty,bars_held,pnl_pts,pnl_$,reason,session_date,date_y,qqq_gamma_sign
2020-12-01,2020-12-01 10:00:00-05:00,2020-12-01 11:00:00-05:00,LONG,12390.75,12369.978297140504,16.61736228759635,12369.978297140504,1,2,-20.771702859496145,-415.4340571899229,SL,2020-12-01,,
2020-12-02,2020-12-02 10:00:00-05:00,2020-12-02 10:30:00-05:00,SHORT,12375.5,12404.871350353123,23.497080282499052,12404.871350353123,2,1,-29.37135035312349,-1174.8540141249396,SL,2020-12-02,2020-12-02,-1.0
2020-12-03,2020-12-03 10:00:00-05:00,2020-12-03 11:30:00-05:00,LONG,12495.25,12470.352919084895,19.917664732083825,12470.352919084895,1,3,-24.897080915105107,-497.94161830210214,SL,2020-12-03,2020-12-03,-1.0
2020-12-04,2020-12-04 10:00:00-05:00,2020-12-04 10:30:00-05:00,LONG,12506.75,12484.870833888206,17.50333288943537,12484.870833888206,2,1,-21.879166111793893,-875.1666444717557,SL,2020-12-04,2020-12-03,-1.0
2020-12-07,2020-12-07 10:00:00-05:00,2020-12-07 13:30:00-05:00,LONG,12584.75,12561.145447687617,18.883641849906745,12561.145447687617,1,7,-23.60455231238302,-472.0910462476604,SL,2020-12-07,2020-12-03,-1.0
2020-12-08,2020-12-08 10:00:00-05:00,2020-12-08 12:00:00-05:00,SHORT,12551.75,12574.981949971043,18.585559976834446,12574.981949971043,2,4,-23.231949971042923,-929.2779988417169,SL,2020-12-08,2020-12-03,-1.0
2020-12-09,2020-12-09 10:00:00-05:00,2020-12-09 10:30:00-05:00,LONG,12636.0,12616.587206991531,15.530234406774278,12616.587206991531,1,1,-19.412793008468725,-388.2558601693745,SL,2020-12-09,2020-12-09,-1.0
2020-12-10,2020-12-10 10:00:00-05:00,2020-12-10 10:30:00-05:00,SHORT,12373.5,12413.524765689996,32.019812551995976,12413.524765689996,2,1,-40.02476568999555,-1600.990627599822,SL,2020-12-10,2020-12-10,-1.0
2020-12-11,2020-12-11 10:00:00-05:00,2020-12-11 10:30:00-05:00,SHORT,12314.5,12348.239543338903,26.991634671122686,12348.239543338903,1,1,-33.73954333890288,-674.7908667780575,SL,2020-12-11,2020-12-10,-1.0
2020-12-14,2020-12-14 10:00:00-05:00,2020-12-14 13:00:00-05:00,LONG,12519.5,12490.569264581978,23.14458833441726,12490.569264581978,2,6,-28.930735418021868,-1157.2294167208747,SL,2020-12-14,2020-12-10,-1.0
2020-12-15,2020-12-15 10:00:00-05:00,2020-12-15 11:00:00-05:00,LONG,12566.0,12540.262542634497,20.5899658924023,12540.262542634497,1,2,-25.73745736550336,-514.7491473100672,SL,2020-12-15,2020-12-10,-1.0
2020-12-16,2020-12-16 10:00:00-05:00,2020-12-16 10:30:00-05:00,LONG,12601.25,12579.476672381175,17.418662095059027,12579.476672381175,2,1,-21.773327618824624,-870.933104752985,SL,2020-12-16,2020-12-16,-1.0
2020-12-17,2020-12-17 10:00:00-05:00,2020-12-17 10:30:00-05:00,LONG,12740.0,12720.74081581494,15.40734734804888,12720.74081581494,1,1,-19.259184185060803,-385.18368370121607,SL,2020-12-17,2020-12-17,1.0
2020-12-18,2020-12-18 10:00:00-05:00,2020-12-18 14:30:00-05:00,SHORT,12725.0,12674.0,17.410270273827212,12746.762837842283,2,9,51.0,2040.0,FC,2020-12-18,2020-12-17,1.0
2020-12-21,2020-12-21 10:00:00-05:00,2020-12-21 13:00:00-05:00,SHORT,12582.5,12626.560820987155,35.248656789723896,12626.560820987155,1,6,-44.06082098715524,-881.2164197431048,SL,2020-12-21,2020-12-17,1.0
2020-12-22,2020-12-22 10:00:00-05:00,2020-12-22 10:30:00-05:00,LONG,12749.25,12714.486213105876,27.811029515299076,12714.486213105876,2,1,-34.76378689412377,-1390.5514757649507,SL,2020-12-22,2020-12-22,-1.0
2020-12-23,2020-12-23 10:00:00-05:00,2020-12-23 13:30:00-05:00,SHORT,12689.5,12716.823067072777,21.858453658221936,12716.823067072777,1,7,-27.32306707277712,-546.4613414555424,SL,2020-12-23,2020-12-22,-1.0
2020-12-24,2020-12-24 10:00:00-05:00,2020-12-24 11:00:00-05:00,LONG,12704.0,12683.37451767927,16.50038585658386,12683.37451767927,2,2,-20.625482320729134,-825.0192928291654,SL,2020-12-24,2020-12-22,-1.0
2020-12-28,2020-12-28 10:00:00-05:00,2020-12-28 10:30:00-05:00,LONG,12798.25,12778.41261642835,15.869906857320819,12778.41261642835,1,1,-19.837383571650207,-396.74767143300414,SL,2020-12-28,,
2020-12-29,2020-12-29 10:00:00-05:00,2020-12-29 10:30:00-05:00,LONG,12859.75,12843.116662056047,13.306670355162598,12843.116662056047,2,1,-16.633337943952938,-665.3335177581175,SL,2020-12-29,2020-12-29,-1.0
2020-12-30,2020-12-30 10:00:00-05:00,2020-12-30 14:30:00-05:00,SHORT,12865.25,12855.75,16.218475419763767,12885.523094274704,1,9,9.5,190.0,FC,2020-12-30,2020-12-30,-1.0
2020-12-31,2020-12-31 10:00:00-05:00,2020-12-31 10:30:00-05:00,SHORT,12833.0,12849.803339443402,13.442671554721585,12849.803339443402,1,1,-16.803339443402365,-336.0667888680473,SL,2020-12-31,2020-12-30,-1.0
2021-01-04,2021-01-04 10:00:00-05:00,2021-01-04 14:30:00-05:00,SHORT,12879.75,12646.5,19.020808585567874,12903.52601073196,2,9,233.25,9330.0,FC,2021-01-04,2020-12-30,-1.0
2021-01-05,2021-01-05 10:00:00-05:00,2021-01-05 11:30:00-05:00,LONG,12749.75,12706.079897756255,34.93608179499561,12706.079897756255,1,3,-43.67010224374462,-873.4020448748925,SL,2021-01-05,,
2021-01-06,2021-01-06 10:00:00-05:00,2021-01-06 10:30:00-05:00,SHORT,12634.5,12698.731819792725,51.38545583417982,12698.731819792725,2,1,-64.23181979272522,-2569.2727917090087,SL,2021-01-06,2021-01-06,-1.0
2021-01-07,2021-01-07 10:00:00-05:00,2021-01-07 14:30:00-05:00,LONG,12838.0,12908.5,39.66892181611764,12788.413847729853,1,9,70.5,1410.0,FC,2021-01-07,2021-01-07,-1.0
2021-01-08,2021-01-08 10:00:00-05:00,2021-01-08 10:30:00-05:00,LONG,13018.5,12985.81775860061,26.14579311951283,12985.81775860061,1,1,-32.68224139939048,-653.6448279878095,SL,2021-01-08,2021-01-07,-1.0
2021-01-11,2021-01-11 10:00:00-05:00,2021-01-11 11:00:00-05:00,SHORT,12958.75,12996.657096325313,30.325677060249582,12996.657096325313,2,2,-37.90709632531252,-1516.283853012501,SL,2021-01-11,2021-01-07,-1.0
2021-01-12,2021-01-12 10:00:00-05:00,2021-01-12 11:30:00-05:00,SHORT,12890.5,12926.342815999826,28.674252799860934,12926.342815999826,1,3,-35.84281599982569,-716.8563199965138,SL,2021-01-12,2021-01-07,-1.0
2021-01-13,2021-01-13 10:00:00-05:00,2021-01-13 10:30:00-05:00,LONG,12914.25,12880.458315229458,27.033347816432975,12880.458315229458,2,1,-33.791684770541906,-1351.6673908216762,SL,2021-01-13,2021-01-13,-1.0
2021-01-14,2021-01-14 10:00:00-05:00,2021-01-14 12:30:00-05:00,LONG,12993.0,12963.152275969456,23.87817922443565,12963.152275969456,1,5,-29.84772403054376,-596.9544806108752,SL,2021-01-14,2021-01-14,-1.0
2021-01-15,2021-01-15 10:00:00-05:00,2021-01-15 14:30:00-05:00,SHORT,12901.0,12847.0,25.799484044923833,12933.249355056154,2,9,54.0,2160.0,FC,2021-01-15,2021-01-14,-1.0
2021-01-19,2021-01-19 10:00:00-05:00,2021-01-19 10:30:00-05:00,LONG,12884.25,12860.08243491791,19.334052065673237,12860.08243491791,1,1,-24.167565082090732,-483.35130164181464,SL,2021-01-19,2021-01-14,-1.0
2021-01-20,2021-01-20 10:00:00-05:00,2021-01-20 14:30:00-05:00,LONG,13164.25,13298.5,21.220783525892916,13137.724020592634,2,9,134.25,5370.0,FC,2021-01-20,2021-01-20,-1.0
2021-01-21,2021-01-21 10:00:00-05:00,2021-01-21 14:30:00-05:00,LONG,13317.25,13391.75,22.562903534230777,13289.046370582211,1,9,74.5,1490.0,FC,2021-01-21,2021-01-21,-1.0
2021-01-22,2021-01-22 10:00:00-05:00,2021-01-22 10:30:00-05:00,LONG,13383.25,13354.730265426046,22.81578765916336,13354.730265426046,1,1,-28.519734573954338,-570.3946914790868,SL,2021-01-22,2021-01-21,-1.0
2021-01-25,2021-01-25 10:00:00-05:00,2021-01-25 10:30:00-05:00,LONG,13539.5,13514.301877816333,20.158497746933016,13514.301877816333,2,1,-25.198122183666783,-1007.9248873466713,SL,2021-01-25,2021-01-21,-1.0
2021-01-26,2021-01-26 10:00:00-05:00,2021-01-26 10:30:00-05:00,LONG,13478.0,13441.164142459138,29.468686032689362,13441.164142459138,1,1,-36.83585754086198,-736.7171508172396,SL,2021-01-26,2021-01-21,-1.0
2021-01-27,2021-01-27 10:00:00-05:00,2021-01-27 10:30:00-05:00,SHORT,13280.5,13329.344163180125,39.07533054410072,13329.344163180125,2,1,-48.84416318012518,-1953.7665272050072,SL,2021-01-27,2021-01-27,-1.0
2021-01-28,2021-01-28 10:00:00-05:00,2021-01-28 14:30:00-05:00,LONG,13188.75,13346.75,65.01671294543527,13107.479108818206,1,9,158.0,3160.0,FC,2021-01-28,2021-01-28,-1.0
2021-01-29,2021-01-29 10:00:00-05:00,2021-01-29 14:30:00-05:00,SHORT,13082.75,12930.75,61.76093155048003,13159.9511644381,1,9,152.0,3040.0,FC,2021-01-29,2021-01-28,-1.0
2021-02-01,2021-02-01 10:00:00-05:00,2021-02-01 14:30:00-05:00,LONG,13019.25,13257.75,51.7812679392023,12954.523415075997,1,9,238.5,4770.0,FC,2021-02-01,2021-01-28,-1.0
2021-02-02,2021-02-02 10:00:00-05:00,2021-02-02 14:30:00-05:00,LONG,13381.5,13471.0,35.40794658596252,13337.240066767547,1,9,89.5,1790.0,FC,2021-02-02,2021-01-28,-1.0
2021-02-03,2021-02-03 10:00:00-05:00,2021-02-03 10:30:00-05:00,LONG,13526.5,13489.267827182664,29.78573825386853,13489.267827182664,1,1,-37.232172817335595,-744.6434563467119,SL,2021-02-03,2021-02-03,-1.0
2021-02-04,2021-02-04 10:00:00-05:00,2021-02-04 10:30:00-05:00,LONG,13437.5,13401.876077298046,28.499138161563504,13401.876077298046,2,1,-35.62392270195414,-1424.9569080781657,SL,2021-02-04,2021-02-04,-1.0
2021-02-05,2021-02-05 10:00:00-05:00,2021-02-05 11:00:00-05:00,SHORT,13538.75,13567.495816193032,22.996652954425507,13567.495816193032,1,2,-28.745816193031715,-574.9163238606343,SL,2021-02-05,2021-02-04,-1.0
2021-02-08,2021-02-08 10:00:00-05:00,2021-02-08 10:30:00-05:00,LONG,13663.5,13638.017610332658,20.385911733873233,13638.017610332658,2,1,-25.48238966734243,-1019.2955866936973,SL,2021-02-08,2021-02-04,-1.0
2021-02-09,2021-02-09 10:00:00-05:00,2021-02-09 11:30:00-05:00,LONG,13704.0,13682.567049178479,17.146360657216896,13682.567049178479,1,3,-21.432950821521445,-428.6590164304289,SL,2021-02-09,2021-02-09,-1.0
2021-02-10,2021-02-10 10:00:00-05:00,2021-02-10 10:30:00-05:00,LONG,13735.5,13714.39266023474,16.885871812207977,13714.39266023474,2,1,-21.107339765259894,-844.2935906103958,SL,2021-02-10,2021-02-10,-1.0
2021-02-11,2021-02-11 10:00:00-05:00,2021-02-11 12:30:00-05:00,LONG,13686.0,13659.38471778235,21.292225774119476,13659.38471778235,1,5,-26.61528221765002,-532.3056443530004,SL,2021-02-11,2021-02-11,-1.0
2021-02-12,2021-02-12 10:00:00-05:00,2021-02-12 11:00:00-05:00,SHORT,13693.75,13719.525224284376,20.620179427501483,13719.525224284376,2,2,-25.775224284376236,-1031.0089713750494,SL,2021-02-12,2021-02-11,-1.0
2021-02-16,2021-02-16 10:00:00-05:00,2021-02-16 10:30:00-05:00,LONG,13853.0,13834.326002729264,14.93919781658932,13834.326002729264,1,1,-18.673997270736436,-373.4799454147287,SL,2021-02-16,2021-02-11,-1.0
2021-02-17,2021-02-17 10:00:00-05:00,2021-02-17 14:30:00-05:00,SHORT,13670.75,13645.25,26.764903032695035,13704.20612879087,2,9,25.5,1020.0,FC,2021-02-17,2021-02-17,-1.0
2021-02-18,2021-02-18 10:00:00-05:00,2021-02-18 13:30:00-05:00,SHORT,13567.5,13603.955982737298,29.164786189838455,13603.955982737298,1,7,-36.455982737297745,-729.1196547459549,SL,2021-02-18,2021-02-18,-1.0
2021-02-19,2021-02-19 10:00:00-05:00,2021-02-19 10:30:00-05:00,LONG,13671.5,13635.930884874888,28.455292100090137,13635.930884874888,2,1,-35.56911512511215,-1422.764605004486,SL,2021-02-19,2021-02-18,-1.0
2021-02-22,2021-02-22 10:00:00-05:00,2021-02-22 14:30:00-05:00,SHORT,13428.0,13353.5,36.588284979122484,13473.735356223902,1,9,74.5,1490.0,FC,2021-02-22,2021-02-18,-1.0
2021-02-23,2021-02-23 10:00:00-05:00,2021-02-23 10:30:00-05:00,SHORT,12885.25,12950.114312757167,51.89145020573271,12950.114312757167,1,1,-64.86431275716677,-1297.2862551433354,SL,2021-02-23,2021-02-18,-1.0
2021-02-24,2021-02-24 10:00:00-05:00,2021-02-24 11:00:00-05:00,SHORT,13031.75,13113.42801013373,65.34240810698338,13113.42801013373,2,2,-81.67801013372991,-3267.1204053491965,SL,2021-02-24,2021-02-24,-1.0
2021-02-25,2021-02-25 10:00:00-05:00,2021-02-25 14:30:00-05:00,SHORT,13219.75,13013.5,49.12790543987,13281.159881799838,1,9,206.25,4125.0,FC,2021-02-25,2021-02-25,-1.0
2021-02-26,2021-02-26 10:00:00-05:00,2021-02-26 11:00:00-05:00,SHORT,12876.5,12970.158438513887,74.92675081110987,12970.158438513887,1,2,-93.65843851388672,-1873.1687702777344,SL,2021-02-26,2021-02-25,-1.0
2021-03-01,2021-03-01 10:00:00-05:00,2021-03-01 14:30:00-05:00,LONG,13098.5,13252.25,52.673590859125255,13032.658011426094,2,9,153.75,6150.0,FC,2021-03-01,2021-02-25,-1.0
2021-03-02,2021-03-02 10:00:00-05:00,2021-03-02 10:30:00-05:00,LONG,13219.0,13167.059403742074,41.55247700634068,13167.059403742074,1,1,-51.94059625792579,-1038.8119251585158,SL,2021-03-02,2021-02-25,-1.0
2021-03-03,2021-03-03 10:00:00-05:00,2021-03-03 11:30:00-05:00,SHORT,12905.0,12957.214028169681,41.77122253574423,12957.214028169681,2,3,-52.214028169681114,-2088.5611267872446,SL,2021-03-03,2021-03-03,-1.0
2021-03-04,2021-03-04 10:00:00-05:00,2021-03-04 11:00:00-05:00,SHORT,12589.5,12660.0124887903,56.40999103223974,12660.0124887903,1,2,-70.51248879030027,-1410.2497758060053,SL,2021-03-04,2021-03-04,-1.0
2021-03-05,2021-03-05 10:00:00-05:00,2021-03-05 13:00:00-05:00,SHORT,12421.75,12513.422808851416,73.33824708113227,12513.422808851416,2,6,-91.67280885141554,-3666.9123540566216,SL,2021-03-05,2021-03-04,-1.0
2021-03-08,2021-03-08 10:00:00-05:00,2021-03-08 12:30:00-05:00,LONG,12579.5,12493.10150154262,69.11879876590353,12493.10150154262,1,5,-86.3984984573799,-1727.969969147598,SL,2021-03-08,2021-03-04,-1.0
2021-03-09,2021-03-09 10:00:00-05:00,2021-03-09 14:30:00-05:00,LONG,12704.75,12809.5,56.58410007276629,12634.019874909041,2,9,104.75,4190.0,FC,2021-03-09,2021-03-04,-1.0
2021-03-10,2021-03-10 10:00:00-05:00,2021-03-10 10:30:00-05:00,LONG,12911.5,12845.591652740724,52.72667780742062,12845.591652740724,1,1,-65.90834725927562,-1318.1669451855123,SL,2021-03-10,2021-03-10,-1.0
2021-03-11,2021-03-11 10:00:00-05:00,2021-03-11 14:30:00-05:00,LONG,12957.25,13075.0,44.55428990732552,12901.557137615842,2,9,117.75,4710.0,FC,2021-03-11,2021-03-11,-1.0
2021-03-12,2021-03-12 10:00:00-05:00,2021-03-12 14:30:00-05:00,SHORT,12880.75,12874.0,43.09873480858954,12934.623418510737,1,9,6.75,135.0,FC,2021-03-12,2021-03-11,-1.0
2021-03-15,2021-03-15 10:00:00-04:00,2021-03-15 11:00:00-04:00,LONG,12952.25,12906.855749974879,36.31540002009775,12906.855749974879,1,2,-45.39425002512144,-907.8850005024287,SL,2021-03-15,2021-03-11,-1.0
2021-03-16,2021-03-16 10:00:00-04:00,2021-03-16 12:30:00-04:00,LONG,13225.0,13186.780640994999,30.57548720400012,13186.780640994999,2,5,-38.219359005001024,-1528.774360200041,SL,2021-03-16,2021-03-11,-1.0
2021-03-17,2021-03-17 10:00:00-04:00,2021-03-17 14:30:00-04:00,SHORT,13034.5,13080.0,32.60502381748302,13075.256279771855,1,9,-45.5,-910.0,FC,2021-03-17,2021-03-17,-1.0
2021-03-18,2021-03-18 10:00:00-04:00,2021-03-18 14:30:00-04:00,SHORT,12995.25,12886.25,42.63142908828914,13048.539286360361,2,9,109.0,4360.0,FC,2021-03-18,2021-03-18,-1.0
2021-03-19,2021-03-19 10:00:00-04:00,2021-03-19 11:00:00-04:00,SHORT,12774.75,12831.659914430533,45.52793154442635,12831.659914430533,1,2,-56.90991443053281,-1138.1982886106562,SL,2021-03-19,2021-03-18,-1.0
2021-03-22,2021-03-22 10:00:00-04:00,2021-03-22 14:30:00-04:00,LONG,13007.5,13137.75,36.31716710389529,12962.10354112013,2,9,130.25,5210.0,FC,2021-03-22,2021-03-18,-1.0
2021-03-23,2021-03-23 10:00:00-04:00,2021-03-23 14:30:00-04:00,LONG,13079.0,13111.25,30.966183210109037,13040.292270987364,1,9,32.25,645.0,FC,2021-03-23,2021-03-18,-1.0
2021-03-24,2021-03-24 10:00:00-04:00,2021-03-24 11:00:00-04:00,SHORT,12956.0,12998.66976012359,34.13580809887151,12998.66976012359,1,2,-42.669760123590095,-853.3952024718019,SL,2021-03-24,2021-03-24,-1.0
2021-03-25,2021-03-25 10:00:00-04:00,2021-03-25 10:30:00-04:00,SHORT,12789.0,12836.33627750623,37.86902200498383,12836.33627750623,2,1,-47.336277506230545,-1893.4511002492218,SL,2021-03-25,2021-03-25,-1.0
2021-03-26,2021-03-26 10:00:00-04:00,2021-03-26 11:30:00-04:00,LONG,12808.5,12760.915529451251,38.067576438999346,12760.915529451251,1,3,-47.58447054874887,-951.6894109749774,SL,2021-03-26,2021-03-25,-1.0
2021-03-29,2021-03-29 10:00:00-04:00,2021-03-29 11:00:00-04:00,SHORT,12854.25,12906.139075978088,41.511260782470664,12906.139075978088,2,2,-51.88907597808793,-2075.5630391235172,SL,2021-03-29,2021-03-29,-1.0
2021-03-30,2021-03-30 10:00:00-04:00,2021-03-30 11:00:00-04:00,SHORT,12831.5,12874.293379197885,34.23470335830842,12874.293379197885,1,2,-42.79337919788486,-855.8675839576972,SL,2021-03-30,2021-03-30,-1.0
2021-03-31,2021-03-31 10:00:00-04:00,2021-03-31 14:30:00-04:00,LONG,13051.75,13115.75,28.30442655339251,13016.369466808259,2,9,64.0,2560.0,FC,2021-03-31,2021-03-31,-1.0
2021-04-01,2021-04-01 10:00:00-04:00,2021-04-01 13:30:00-04:00,LONG,13292.0,13261.050299904262,24.759760076590965,13261.050299904262,1,7,-30.94970009573808,-618.9940019147616,SL,2021-04-01,2021-03-31,-1.0
2021-04-05,2021-04-05 10:00:00-04:00,2021-04-05 14:30:00-04:00,LONG,13475.75,13596.0,20.31908757997945,13450.351140525026,2,9,120.25,4810.0,FC,2021-04-05,2021-03-31,-1.0
2021-04-06,2021-04-06 10:00:00-04:00,2021-04-06 11:00:00-04:00,LONG,13596.25,13567.496357045042,23.002914363966894,13567.496357045042,1,2,-28.753642954958195,-575.0728590991639,SL,2021-04-06,,
2021-04-07,2021-04-07 10:00:00-04:00,2021-04-07 14:30:00-04:00,LONG,13576.0,13627.5,23.637933266338223,13546.452583417078,2,9,51.5,2060.0,FC,2021-04-07,2021-04-07,-1.0
2021-04-08,2021-04-08 10:00:00-04:00,2021-04-08 10:30:00-04:00,LONG,13749.75,13721.74586766494,22.403305868048225,13721.74586766494,1,1,-28.004132335059694,-560.0826467011939,SL,2021-04-08,2021-04-08,1.0
2021-04-09,2021-04-09 10:00:00-04:00,2021-04-09 12:00:00-04:00,SHORT,13720.25,13752.948655315333,26.158924252265578,13752.948655315333,2,4,-32.69865531533287,-1307.9462126133149,SL,2021-04-09,2021-04-08,1.0
2021-04-12,2021-04-12 10:00:00-04:00,2021-04-12 10:30:00-04:00,SHORT,13767.75,13797.707514447424,23.966011557939655,13797.707514447424,1,1,-29.95751444742382,-599.1502889484764,SL,2021-04-12,2021-04-08,1.0
2021-04-13,2021-04-13 10:00:00-04:00,2021-04-13 10:30:00-04:00,LONG,13941.5,13910.833064090912,24.5335487272705,13910.833064090912,2,1,-30.66693590908835,-1226.677436363534,SL,2021-04-13,2021-04-08,1.0
2021-04-14,2021-04-14 10:00:00-04:00,2021-04-14 10:30:00-04:00,LONG,13974.5,13951.001817987628,18.798545609897026,13951.001817987628,1,1,-23.498182012372126,-469.9636402474425,SL,2021-04-14,2021-04-14,-1.0
2021-04-15,2021-04-15 10:00:00-04:00,2021-04-15 14:30:00-04:00,LONG,13955.5,14013.75,24.195978965561434,13925.255026293049,2,9,58.25,2330.0,FC,2021-04-15,2021-04-15,-1.0
2021-04-16,2021-04-16 10:00:00-04:00,2021-04-16 10:30:00-04:00,SHORT,13963.75,13992.122456154259,22.697964923407184,13992.122456154259,1,1,-28.372456154258543,-567.4491230851709,SL,2021-04-16,2021-04-15,-1.0
2021-04-19,2021-04-19 10:00:00-04:00,2021-04-19 14:30:00-04:00,SHORT,13995.25,13889.0,20.80055559820885,14021.250694497761,2,9,106.25,4250.0,FC,2021-04-19,2021-04-15,-1.0
2021-04-20,2021-04-20 10:00:00-04:00,2021-04-20 14:30:00-04:00,SHORT,13904.75,13769.0,27.5933132305577,13939.241641538198,1,9,135.75,2715.0,FC,2021-04-20,2021-04-15,-1.0
2021-04-21,2021-04-21 10:00:00-04:00,2021-04-21 10:30:00-04:00,LONG,13801.75,13765.710402202974,28.83167823762001,13765.710402202974,1,1,-36.039597797025635,-720.7919559405127,SL,2021-04-21,2021-04-21,-1.0
2021-04-22,2021-04-22 10:00:00-04:00,2021-04-22 13:30:00-04:00,LONG,13881.75,13853.885715790024,22.291427367981147,13853.885715790024,2,7,-27.864284209976176,-1114.571368399047,SL,2021-04-22,2021-04-22,-1.0
2021-04-23,2021-04-23 10:00:00-04:00,2021-04-23 14:30:00-04:00,LONG,13828.0,13948.5,24.110707479999274,13797.861615650001,1,9,120.5,2410.0,FC,2021-04-23,2021-04-22,-1.0
2021-04-26,2021-04-26 10:00:00-04:00,2021-04-26 14:30:00-04:00,LONG,13932.5,14004.0,20.060579705228825,13907.424275368465,1,9,71.5,1430.0,FC,2021-04-26,2021-04-22,-1.0
2021-04-27,2021-04-27 10:00:00-04:00,2021-04-27 13:00:00-04:00,SHORT,13955.5,13977.899685100596,17.91974808047654,13977.899685100596,1,6,-22.39968510059589,-447.9937020119178,SL,2021-04-27,2021-04-22,-1.0
2021-04-28,2021-04-28 10:00:00-04:00,2021-04-28 10:30:00-04:00,LONG,13972.25,13947.764178715735,19.58865702741098,13947.764178715735,2,1,-24.485821284264603,-979.4328513705841,SL,2021-04-28,2021-04-28,-1.0
2021-04-29,2021-04-29 10:00:00-04:00,2021-04-29 14:30:00-04:00,SHORT,13966.75,13937.75,23.87264345051193,13996.59080431314,1,9,29.0,580.0,FC,2021-04-29,2021-04-29,-1.0
2021-04-30,2021-04-30 10:00:00-04:00,2021-04-30 10:30:00-04:00,SHORT,13906.75,13939.393307432516,26.114645946013304,13939.393307432516,1,1,-32.64330743251594,-652.8661486503188,SL,2021-04-30,2021-04-30,-1.0
2021-05-03,2021-05-03 10:00:00-04:00,2021-05-03 10:30:00-04:00,SHORT,13874.75,13901.106252498097,21.085001998476976,13901.106252498097,2,1,-26.356252498097092,-1054.2500999238837,SL,2021-05-03,2021-05-03,-1.0
2021-05-04,2021-05-04 10:00:00-04:00,2021-05-04 14:30:00-04:00,SHORT,13543.25,13452.0,28.4642437612652,13578.830304701582,1,9,91.25,1825.0,FC,2021-05-04,2021-05-04,-1.0
2021-05-05,2021-05-05 10:00:00-04:00,2021-05-05 14:30:00-04:00,SHORT,13595.5,13558.75,29.08812301102415,13631.86015376378,1,9,36.75,735.0,FC,2021-05-05,2021-05-05,-1.0
2021-05-06,2021-05-06 10:00:00-04:00,2021-05-06 11:00:00-04:00,SHORT,13427.75,13467.366217181409,31.692973745127116,13467.366217181409,1,2,-39.6162171814085,-792.32434362817,SL,2021-05-06,2021-05-06,-1.0
2021-05-07,2021-05-07 10:00:00-04:00,2021-05-07 14:30:00-04:00,LONG,13723.25,13706.0,35.038915989768014,13679.45135501279,2,9,-17.25,-690.0,FC,2021-05-07,2021-05-07,-1.0
2021-05-10,2021-05-10 10:00:00-04:00,2021-05-10 14:30:00-04:00,SHORT,13536.25,13392.25,30.893952092535518,13574.86744011567,1,9,144.0,2880.0,FC,2021-05-10,2021-05-10,-1.0
2021-05-11,2021-05-11 10:00:00-04:00,2021-05-11 12:00:00-04:00,SHORT,13270.75,13325.729904036445,43.98392322915628,13325.729904036445,1,4,-54.97990403644508,-1099.5980807289016,SL,2021-05-11,2021-05-11,-1.0
2021-05-12,2021-05-12 10:00:00-04:00,2021-05-12 14:30:00-04:00,SHORT,13157.75,13024.25,52.43099600382876,13223.288745004786,2,9,133.5,5340.0,FC,2021-05-12,2021-05-12,-1.0
2021-05-13,2021-05-13 10:00:00-04:00,2021-05-13 11:30:00-04:00,LONG,13159.25,13100.240676352945,47.207458917643734,13100.240676352945,1,3,-59.00932364705477,-1180.1864729410954,SL,2021-05-13,2021-05-13,-1.0
2021-05-14,2021-05-14 10:00:00-04:00,2021-05-14 14:30:00-04:00,LONG,13268.0,13380.0,38.10819381926843,13220.364757725914,2,9,112.0,4480.0,FC,2021-05-14,2021-05-14,-1.0
2021-05-17,2021-05-17 10:00:00-04:00,2021-05-17 11:00:00-04:00,SHORT,13286.25,13325.373595797542,31.298876638033803,13325.373595797542,1,2,-39.12359579754229,-782.4719159508459,SL,2021-05-17,2021-05-17,-1.0
2021-05-18,2021-05-18 10:00:00-04:00,2021-05-18 10:30:00-04:00,SHORT,13327.25,13360.972321919447,26.977857535558716,13360.972321919447,2,1,-33.722321919447495,-1348.8928767778998,SL,2021-05-18,2021-05-18,-1.0
2021-05-19,2021-05-19 10:00:00-04:00,2021-05-19 10:30:00-04:00,SHORT,13043.75,13091.33827094735,38.070616757879904,13091.33827094735,1,1,-47.58827094734988,-951.7654189469977,SL,2021-05-19,2021-05-19,-1.0
2021-05-20,2021-05-20 10:00:00-04:00,2021-05-20 14:30:00-04:00,LONG,13384.75,13493.75,38.39349260527934,13336.7581342434,2,9,109.0,4360.0,FC,2021-05-20,2021-05-20,-1.0
2021-05-21,2021-05-21 10:00:00-04:00,2021-05-21 10:30:00-04:00,LONG,13542.75,13508.246882591413,27.602493926868956,13508.246882591413,1,1,-34.50311740858706,-690.0623481717412,SL,2021-05-21,2021-05-21,-1.0
2021-05-24,2021-05-24 10:00:00-04:00,2021-05-24 14:30:00-04:00,LONG,13579.0,13668.25,26.24532945916551,13546.193338176043,2,9,89.25,3570.0,FC,2021-05-24,2021-05-24,-1.0
2021-05-25,2021-05-25 10:00:00-04:00,2021-05-25 12:00:00-04:00,LONG,13651.25,13622.531052112376,22.975158310100138,13622.531052112376,1,4,-28.71894788762438,-574.3789577524876,SL,2021-05-25,2021-05-25,-1.0
2021-05-26,2021-05-26 10:00:00-04:00,2021-05-26 10:30:00-04:00,SHORT,13671.0,13698.755176534703,22.20414122776203,13698.755176534703,2,1,-27.755176534703423,-1110.207061388137,SL,2021-05-26,2021-05-26,-1.0
2021-05-27,2021-05-27 10:00:00-04:00,2021-05-27 10:30:00-04:00,SHORT,13655.5,13685.298260102898,23.83860808231797,13685.298260102898,1,1,-29.798260102897984,-595.9652020579597,SL,2021-05-27,2021-05-27,-1.0
2021-05-28,2021-05-28 10:00:00-04:00,2021-05-28 10:30:00-04:00,LONG,13722.75,13699.253962080526,18.79683033557967,13699.253962080526,2,1,-23.496037919474475,-939.841516778979,SL,2021-05-28,2021-05-28,1.0
2021-06-01,2021-06-01 10:00:00-04:00,2021-06-01 10:30:00-04:00,LONG,13722.75,13702.592449494572,16.12604040434224,13702.592449494572,1,1,-20.157550505427935,-403.1510101085587,SL,2021-06-01,2021-06-01,-1.0
2021-06-02,2021-06-02 10:00:00-04:00,2021-06-02 13:30:00-04:00,LONG,13679.0,13655.596115217162,18.723107826270006,13655.596115217162,2,7,-23.40388478283785,-936.155391313514,SL,2021-06-02,2021-06-02,-1.0
2021-06-03,2021-06-03 10:00:00-04:00,2021-06-03 10:30:00-04:00,SHORT,13497.0,13528.43643668306,25.149149346447206,13528.43643668306,1,1,-31.436436683059583,-628.7287336611917,SL,2021-06-03,2021-06-03,-1.0
2021-06-04,2021-06-04 10:00:00-04:00,2021-06-04 14:30:00-04:00,LONG,13698.25,13775.25,28.84855496834302,13662.18930628957,2,9,77.0,3080.0,FC,2021-06-04,2021-06-04,-1.0
2021-06-07,2021-06-07 10:00:00-04:00,2021-06-07 10:30:00-04:00,LONG,13755.0,13728.193147974043,21.44548162076464,13728.193147974043,1,1,-26.806852025956687,-536.1370405191337,SL,2021-06-07,2021-06-07,-1.0
2021-06-08,2021-06-08 10:00:00-04:00,2021-06-08 11:00:00-04:00,LONG,13839.5,13808.629612552939,24.696309957648495,13808.629612552939,2,2,-30.870387447061148,-1234.815497882446,SL,2021-06-08,2021-06-08,-1.0
2021-06-09,2021-06-09 10:00:00-04:00,2021-06-09 10:30:00-04:00,LONG,13872.25,13846.082935730723,20.93365141542162,13846.082935730723,1,1,-26.167064269277034,-523.3412853855407,SL,2021-06-09,2021-06-09,-1.0
2021-06-10,2021-06-10 10:00:00-04:00,2021-06-10 11:00:00-04:00,LONG,13933.0,13898.307397122348,27.754082302122086,13898.307397122348,2,2,-34.69260287765246,-1387.7041151060985,SL,2021-06-10,2021-06-10,-1.0
2021-06-11,2021-06-11 10:00:00-04:00,2021-06-11 11:00:00-04:00,LONG,13961.0,13936.600283086664,19.519773530668953,13936.600283086664,1,2,-24.399716913336306,-487.9943382667261,SL,2021-06-11,2021-06-11,-1.0
2021-06-14,2021-06-14 10:00:00-04:00,2021-06-14 10:30:00-04:00,LONG,14021.0,14001.086103469168,15.931117224665028,14001.086103469168,2,1,-19.913896530832062,-796.5558612332825,SL,2021-06-14,2021-06-14,1.0
2021-06-15,2021-06-15 10:00:00-04:00,2021-06-15 10:30:00-04:00,LONG,14097.25,14076.710864611017,16.431308311185813,14076.710864611017,1,1,-20.539135388982686,-410.7827077796537,SL,2021-06-15,2021-06-15,-1.0
2021-06-16,2021-06-16 10:00:00-04:00,2021-06-16 11:00:00-04:00,LONG,14079.5,14060.243931555602,15.404854755517592,14060.243931555602,2,2,-19.256068444397897,-770.2427377759159,SL,2021-06-16,2021-06-15,-1.0
2021-06-17,2021-06-17 10:00:00-04:00,2021-06-17 14:30:00-04:00,LONG,14024.75,14177.75,28.46400787880351,13989.169990151495,1,9,153.0,3060.0,FC,2021-06-17,2021-06-17,1.0
2021-06-18,2021-06-18 10:00:00-04:00,2021-06-18 14:30:00-04:00,SHORT,14096.5,14078.25,28.518013750371605,14132.147517187965,1,9,18.25,365.0,FC,2021-06-18,2021-06-18,-1.0
2021-06-21,2021-06-21 10:00:00-04:00,2021-06-21 11:00:00-04:00,SHORT,14057.25,14096.207120833022,31.165696666417002,14096.207120833022,1,2,-38.95712083302169,-779.1424166604338,SL,2021-06-21,2021-06-21,-1.0
2021-06-22,2021-06-22 10:00:00-04:00,2021-06-22 14:30:00-04:00,LONG,14142.5,14218.25,25.545077636354378,14110.568652954556,2,9,75.75,3030.0,FC,2021-06-22,2021-06-22,-1.0
2021-06-23,2021-06-23 10:00:00-04:00,2021-06-23 11:00:00-04:00,LONG,14305.5,14279.763473149596,20.589221480322294,14279.763473149596,1,2,-25.736526850403607,-514.7305370080721,SL,2021-06-23,2021-06-23,-1.0
2021-06-24,2021-06-24 10:00:00-04:00,2021-06-24 13:30:00-04:00,LONG,14376.5,14356.403270962466,16.0773832300272,14356.403270962466,2,7,-20.096729037533805,-803.8691615013522,SL,2021-06-24,2021-06-24,1.0
2021-06-25,2021-06-25 10:00:00-04:00,2021-06-25 10:30:00-04:00,SHORT,14341.25,14364.388579031196,18.51086322495653,14364.388579031196,1,1,-23.13857903119606,-462.7715806239212,SL,2021-06-25,2021-06-25,-1.0
2021-06-28,2021-06-28 10:00:00-04:00,2021-06-28 14:30:00-04:00,LONG,14451.0,14470.25,17.53012479889536,14429.08734400138,2,9,19.25,770.0,FC,2021-06-28,2021-06-28,1.0
2021-06-29,2021-06-29 10:00:00-04:00,2021-06-29 10:30:00-04:00,LONG,14513.75,14492.728339126896,16.817328698484182,14492.728339126896,1,1,-21.021660873104338,-420.43321746208676,SL,2021-06-29,2021-06-29,-1.0
2021-06-30,2021-06-30 10:00:00-04:00,2021-06-30 10:30:00-04:00,SHORT,14535.25,14555.879072203257,16.503257762605674,14555.879072203257,2,1,-20.629072203257238,-825.1628881302895,SL,2021-06-30,2021-06-30,-1.0
2021-07-01,2021-07-01 10:00:00-04:00,2021-07-01 14:30:00-04:00,SHORT,14545.25,14533.75,19.0930758018797,14569.11634475235,1,9,11.5,230.0,FC,2021-07-01,2021-07-01,-1.0
2021-07-02,2021-07-02 10:00:00-04:00,2021-07-02 11:00:00-04:00,LONG,14653.0,14629.003206964597,19.19743442832312,14629.003206964597,1,2,-23.996793035403243,-479.93586070806487,SL,2021-07-02,2021-07-02,1.0
2021-07-06,2021-07-06 10:00:00-04:00,2021-07-06 11:00:00-04:00,LONG,14753.5,14736.233355440982,13.813315647214754,14736.233355440982,2,2,-17.26664455901846,-690.6657823607384,SL,2021-07-06,2021-07-06,-1.0
2021-07-07,2021-07-07 10:00:00-04:00,2021-07-07 10:30:00-04:00,LONG,14835.75,14811.405866932095,19.475306454324073,14811.405866932095,1,1,-24.344133067905204,-486.8826613581041,SL,2021-07-07,2021-07-07,1.0
2021-07-08,2021-07-08 10:00:00-04:00,2021-07-08 12:00:00-04:00,SHORT,14638.5,14679.154543125629,32.52363450050305,14679.154543125629,2,4,-40.65454312562906,-1626.1817250251625,SL,2021-07-08,2021-07-08,-1.0
2021-07-09,2021-07-09 10:00:00-04:00,2021-07-09 14:30:00-04:00,LONG,14711.75,14807.25,30.002494089250373,14674.246882388437,1,9,95.5,1910.0,FC,2021-07-09,2021-07-09,-1.0
2021-07-12,2021-07-12 10:00:00-04:00,2021-07-12 14:30:00-04:00,LONG,14828.75,14854.25,21.72565758859133,14801.59292801426,1,9,25.5,510.0,FC,2021-07-12,2021-07-12,-1.0
2021-07-13,2021-07-13 10:00:00-04:00,2021-07-13 13:30:00-04:00,LONG,14914.0,14886.788508131132,21.76919349509477,14886.788508131132,1,7,-27.211491868867597,-544.2298373773519,SL,2021-07-13,2021-07-13,-1.0
2021-07-14,2021-07-14 10:00:00-04:00,2021-07-14 11:30:00-04:00,LONG,14944.75,14914.865600140778,23.90751988737746,14914.865600140778,2,3,-29.884399859221958,-1195.3759943688783,SL,2021-07-14,2021-07-14,-1.0
2021-07-15,2021-07-15 10:00:00-04:00,2021-07-15 14:30:00-04:00,SHORT,14893.0,14753.25,27.694513572150953,14927.61814196519,1,9,139.75,2795.0,FC,2021-07-15,2021-07-15,-1.0
2021-07-16,2021-07-16 10:00:00-04:00,2021-07-16 10:30:00-04:00,LONG,14817.25,14783.997715192663,26.60182784586948,14783.997715192663,1,1,-33.252284807336764,-665.0456961467353,SL,2021-07-16,2021-07-16,-1.0
2021-07-19,2021-07-19 10:00:00-04:00,2021-07-19 11:30:00-04:00,SHORT,14483.5,14522.877305283158,31.501844226526778,14522.877305283158,2,3,-39.37730528315842,-1575.0922113263368,SL,2021-07-19,2021-07-19,-1.0
2021-07-20,2021-07-20 10:00:00-04:00,2021-07-20 11:00:00-04:00,SHORT,14585.75,14624.262605470663,30.81008437653116,14624.262605470663,1,2,-38.5126054706634,-770.252109413268,SL,2021-07-20,2021-07-20,-1.0
2021-07-21,2021-07-21 10:00:00-04:00,2021-07-21 14:30:00-04:00,LONG,14756.0,14777.0,27.07089057133066,14722.161386785836,2,9,21.0,840.0,FC,2021-07-21,2021-07-21,-1.0
2021-07-22,2021-07-22 10:00:00-04:00,2021-07-22 12:30:00-04:00,LONG,14878.0,14854.532016724232,18.77438662061479,14854.532016724232,1,5,-23.467983275768347,-469.35966551536694,SL,2021-07-22,2021-07-22,-1.0
2021-07-23,2021-07-23 10:00:00-04:00,2021-07-23 14:30:00-04:00,LONG,14976.75,15108.5,17.179183695073583,14955.276020381158,2,9,131.75,5270.0,FC,2021-07-23,2021-07-23,-1.0
2021-07-26,2021-07-26 10:00:00-04:00,2021-07-26 14:30:00-04:00,LONG,15099.5,15104.25,19.66842603090166,15074.914467461373,1,9,4.75,95.0,FC,2021-07-26,2021-07-26,-1.0
2021-07-27,2021-07-27 10:00:00-04:00,2021-07-27 14:30:00-04:00,SHORT,15042.75,14870.5,19.29956155654132,15066.874451945676,1,9,172.25,3445.0,FC,2021-07-27,2021-07-27,-1.0
2021-07-28,2021-07-28 10:00:00-04:00,2021-07-28 14:30:00-04:00,LONG,14979.0,15000.0,31.42904247203008,14939.713696909963,1,9,21.0,420.0,FC,2021-07-28,2021-07-28,1.0
2021-07-29,2021-07-29 10:00:00-04:00,2021-07-29 14:30:00-04:00,LONG,15054.25,15055.75,27.002323035080135,15020.49709620615,1,9,1.5,30.0,FC,2021-07-29,2021-07-29,-1.0
2021-07-30,2021-07-30 10:00:00-04:00,2021-07-30 11:30:00-04:00,LONG,14948.0,14912.258997851124,28.592801719101214,14912.258997851124,1,3,-35.74100214887585,-714.820042977517,SL,2021-07-30,2021-07-30,-1.0
2021-08-02,2021-08-02 10:00:00-04:00,2021-08-02 10:30:00-04:00,SHORT,14976.75,15005.36645702867,22.893165622935236,15005.36645702867,2,1,-28.616457028669174,-1144.658281146767,SL,2021-08-02,2021-08-02,-1.0
2021-08-03,2021-08-03 10:00:00-04:00,2021-08-03 10:30:00-04:00,SHORT,14905.25,14931.803939251298,21.24315140103825,14931.803939251298,1,1,-26.55393925129829,-531.0787850259658,SL,2021-08-03,2021-08-03,-1.0
2021-08-04,2021-08-04 10:00:00-04:00,2021-08-04 10:30:00-04:00,LONG,15056.5,15031.576302165899,19.93895826728134,15031.576302165899,2,1,-24.923697834101404,-996.9479133640561,SL,2021-08-04,2021-08-04,-1.0
2021-08-05,2021-08-05 10:00:00-04:00,2021-08-05 10:30:00-04:00,LONG,15124.25,15103.499588930179,16.600328855857082,15103.499588930179,1,1,-20.750411069820984,-415.0082213964197,SL,2021-08-05,2021-08-05,1.0
2021-08-06,2021-08-06 10:00:00-04:00,2021-08-06 10:30:00-04:00,SHORT,15111.75,15130.344833703835,14.875866963067837,15130.344833703835,2,1,-18.59483370383532,-743.7933481534128,SL,2021-08-06,2021-08-06,-1.0
2021-08-09,2021-08-09 10:00:00-04:00,2021-08-09 10:30:00-04:00,LONG,15109.25,15087.496947911257,17.402441670994694,15087.496947911257,1,1,-21.75305208874306,-435.0610417748612,SL,2021-08-09,2021-08-09,-1.0
2021-08-10,2021-08-10 10:00:00-04:00,2021-08-10 10:30:00-04:00,LONG,15147.5,15130.929112621983,13.256709902413855,15130.929112621983,2,1,-16.570887378016778,-662.8354951206711,SL,2021-08-10,2021-08-10,-1.0
2021-08-11,2021-08-11 10:00:00-04:00,2021-08-11 11:00:00-04:00,LONG,15057.5,15031.201889514057,21.03848838875377,15031.201889514057,1,2,-26.298110485942743,-525.9622097188549,SL,2021-08-11,2021-08-11,-1.0
2021-08-12,2021-08-12 10:00:00-04:00,2021-08-12 10:30:00-04:00,SHORT,14974.75,14996.39533658388,17.31626926710432,14996.39533658388,2,1,-21.645336583880635,-865.8134633552254,SL,2021-08-12,2021-08-12,-1.0
2021-08-13,2021-08-13 10:00:00-04:00,2021-08-13 14:30:00-04:00,LONG,15099.25,15111.0,13.749180625094835,15082.06352421863,1,9,11.75,235.0,FC,2021-08-13,2021-08-13,1.0
2021-08-16,2021-08-16 10:00:00-04:00,2021-08-16 14:00:00-04:00,SHORT,15031.5,15053.158285752996,17.32662860239582,15053.158285752996,1,8,-21.658285752995653,-433.16571505991305,SL,2021-08-16,2021-08-16,-1.0
2021-08-17,2021-08-17 10:00:00-04:00,2021-08-17 10:30:00-04:00,SHORT,14976.5,15002.95294382922,21.162355063375188,15002.95294382922,2,1,-26.452943829219294,-1058.1177531687717,SL,2021-08-17,2021-08-17,-1.0
2021-08-18,2021-08-18 10:00:00-04:00,2021-08-18 11:00:00-04:00,LONG,15023.5,14995.10081251534,22.719349987727522,14995.10081251534,1,2,-28.399187484659706,-567.9837496931941,SL,2021-08-18,2021-08-18,-1.0
2021-08-19,2021-08-19 10:00:00-04:00,2021-08-19 10:30:00-04:00,SHORT,14802.25,14841.390920891057,31.31273671284542,14841.390920891057,2,1,-39.14092089105725,-1565.63683564229,SL,2021-08-19,2021-08-19,-1.0
2021-08-20,2021-08-20 10:00:00-04:00,2021-08-20 12:00:00-04:00,LONG,15041.0,15002.224087899493,31.020729680406042,15002.224087899493,1,4,-38.77591210050741,-775.5182420101482,SL,2021-08-20,2021-08-20,-1.0
2021-08-23,2021-08-23 10:00:00-04:00,2021-08-23 14:30:00-04:00,LONG,15204.0,15320.0,19.39181095923109,15179.760236300961,2,9,116.0,4640.0,FC,2021-08-23,2021-08-23,-1.0
2021-08-24,2021-08-24 10:00:00-04:00,2021-08-24 14:30:00-04:00,LONG,15332.5,15351.25,16.3810407379444,15312.02369907757,1,9,18.75,375.0,FC,2021-08-24,2021-08-24,-1.0
2021-08-25,2021-08-25 10:00:00-04:00,2021-08-25 10:30:00-04:00,LONG,15377.0,15358.816616850801,14.546706519358706,15358.816616850801,1,1,-18.183383149198562,-363.66766298397124,SL,2021-08-25,2021-08-25,-1.0
2021-08-26,2021-08-26 10:00:00-04:00,2021-08-26 10:30:00-04:00,SHORT,15335.25,15353.549251275845,14.639401020675018,15353.549251275845,2,1,-18.299251275844654,-731.9700510337861,SL,2021-08-26,2021-08-26,-1.0
2021-08-27,2021-08-27 10:00:00-04:00,2021-08-27 10:30:00-04:00,SHORT,15307.0,15328.633023789387,17.30641903151033,15328.633023789387,1,1,-21.633023789387153,-432.66047578774305,SL,2021-08-27,2021-08-27,-1.0
2021-08-30,2021-08-30 10:00:00-04:00,2021-08-30 14:30:00-04:00,LONG,15529.25,15608.75,15.079347349321967,15510.400815813347,2,9,79.5,3180.0,FC,2021-08-30,2021-08-30,1.0
2021-08-31,2021-08-31 10:00:00-04:00,2021-08-31 10:30:00-04:00,SHORT,15525.25,15551.374566889308,20.89965351144705,15551.374566889308,1,1,-26.12456688930797,-522.4913377861594,SL,2021-08-31,2021-08-31,-1.0
2021-09-01,2021-09-01 10:00:00-04:00,2021-09-01 14:30:00-04:00,LONG,15670.0,15664.25,18.69066212149975,15646.636672348126,2,9,-5.75,-230.0,FC,2021-09-01,2021-09-01,-1.0
2021-09-02,2021-09-02 10:00:00-04:00,2021-09-02 10:30:00-04:00,LONG,15650.0,15631.920982517882,14.463213985694068,15631.920982517882,1,1,-18.079017482117706,-361.5803496423541,SL,2021-09-02,2021-09-02,-1.0
2021-09-03,2021-09-03 10:00:00-04:00,2021-09-03 11:00:00-04:00,LONG,15640.25,15613.932404467354,21.054076426116225,15613.932404467354,2,2,-26.31759553264601,-1052.7038213058404,SL,2021-09-03,2021-09-03,-1.0
2021-09-07,2021-09-07 10:00:00-04:00,2021-09-07 11:00:00-04:00,SHORT,15642.75,15660.52431744424,14.219453955392915,15660.52431744424,1,2,-17.774317444240296,-355.4863488848059,SL,2021-09-07,2021-09-07,-1.0
2021-09-08,2021-09-08 10:00:00-04:00,2021-09-08 10:30:00-04:00,SHORT,15634.75,15656.353348811512,17.282679049209484,15656.353348811512,2,1,-21.60334881151175,-864.13395246047,SL,2021-09-08,2021-09-08,-1.0
2021-09-09,2021-09-09 10:00:00-04:00,2021-09-09 11:30:00-04:00,LONG,15649.0,15623.03902886389,20.768776908888682,15623.03902886389,1,3,-25.960971136109947,-519.2194227221989,SL,2021-09-09,2021-09-09,-1.0
2021-09-10,2021-09-10 10:00:00-04:00,2021-09-10 10:30:00-04:00,LONG,15648.0,15627.90131794788,16.078945641695483,15627.90131794788,2,1,-20.09868205211933,-803.9472820847732,SL,2021-09-10,2021-09-10,-1.0
2021-09-13,2021-09-13 10:00:00-04:00,2021-09-13 14:30:00-04:00,SHORT,15438.75,15355.25,22.586469356694195,15466.983086695867,1,9,83.5,1670.0,FC,2021-09-13,2021-09-13,-1.0
2021-09-14,2021-09-14 10:00:00-04:00,2021-09-14 12:00:00-04:00,SHORT,15432.25,15465.680492887646,26.74439431011654,15465.680492887646,1,4,-33.430492887646324,-668.6098577529265,SL,2021-09-14,2021-09-14,-1.0
2021-09-15,2021-09-15 10:00:00-04:00,2021-09-15 12:30:00-04:00,SHORT,15356.0,15384.354194502928,22.683355602341994,15384.354194502928,2,5,-28.354194502928294,-1134.1677801171318,SL,2021-09-15,2021-09-15,-1.0
2021-09-16,2021-09-16 10:00:00-04:00,2021-09-16 13:00:00-04:00,SHORT,15409.5,15436.095195331365,21.27615626509198,15436.095195331365,1,6,-26.595195331365176,-531.9039066273035,SL,2021-09-16,2021-09-16,-1.0
2021-09-17,2021-09-17 10:00:00-04:00,2021-09-17 14:30:00-04:00,SHORT,15402.75,15288.25,22.223031957371965,15430.528789946715,2,9,114.5,4580.0,FC,2021-09-17,2021-09-17,-1.0
2021-09-20,2021-09-20 10:00:00-04:00,2021-09-20 14:30:00-04:00,SHORT,15107.5,14841.75,34.54700993676148,15150.683762420951,1,9,265.75,5315.0,FC,2021-09-20,2021-09-20,-1.0
2021-09-21,2021-09-21 10:00:00-04:00,2021-09-21 12:30:00-04:00,SHORT,15067.25,15113.023748633232,36.618998906585695,15113.023748633232,1,5,-45.77374863323166,-915.4749726646332,SL,2021-09-21,2021-09-21,-1.0
2021-09-22,2021-09-22 10:00:00-04:00,2021-09-22 14:30:00-04:00,LONG,15076.0,15201.5,33.04981326082148,15034.687733423973,2,9,125.5,5020.0,FC,2021-09-22,2021-09-22,-1.0
2021-09-23,2021-09-23 10:00:00-04:00,2021-09-23 14:30:00-04:00,LONG,15275.25,15327.25,34.258908758753165,15232.426364051558,1,9,52.0,1040.0,FC,2021-09-23,2021-09-23,-1.0
2021-09-24,2021-09-24 10:00:00-04:00,2021-09-24 10:30:00-04:00,LONG,15247.25,15211.791973620117,28.366421103906784,15211.791973620117,1,1,-35.45802637988345,-709.160527597669,SL,2021-09-24,2021-09-24,-1.0
2021-09-27,2021-09-27 10:00:00-04:00,2021-09-27 10:30:00-04:00,SHORT,15122.5,15159.825605142329,29.8604841138624,15159.825605142329,2,1,-37.32560514232864,-1493.0242056931456,SL,2021-09-27,2021-09-27,-1.0
2021-09-28,2021-09-28 10:00:00-04:00,2021-09-28 14:30:00-04:00,SHORT,14951.0,14831.25,40.50159514127684,15001.626993926597,1,9,119.75,2395.0,FC,2021-09-28,2021-09-28,-1.0
2021-09-29,2021-09-29 10:00:00-04:00,2021-09-29 14:30:00-04:00,SHORT,14883.0,14822.5,42.86552461518876,14936.581905768986,1,9,60.5,1210.0,FC,2021-09-29,2021-09-29,-1.0
2021-09-30,2021-09-30 10:00:00-04:00,2021-09-30 11:00:00-04:00,LONG,14841.75,14797.257776121123,35.59377910310198,14797.257776121123,1,2,-44.49222387887676,-889.8444775775351,SL,2021-09-30,2021-09-30,-1.0
2021-10-01,2021-10-01 10:00:00-04:00,2021-10-01 12:00:00-04:00,SHORT,14629.75,14685.316968990646,44.45357519251768,14685.316968990646,2,4,-55.566968990646274,-2222.678759625851,SL,2021-10-01,2021-10-01,-1.0
2021-10-04,2021-10-04 10:00:00-04:00,2021-10-04 14:30:00-04:00,SHORT,14596.75,14425.5,42.7024599763672,14650.128074970458,1,9,171.25,3425.0,FC,2021-10-04,2021-10-04,-1.0
2021-10-05,2021-10-05 10:00:00-04:00,2021-10-05 14:30:00-04:00,LONG,14581.0,14738.75,40.01146403837803,14530.985669952028,1,9,157.75,3155.0,FC,2021-10-05,2021-10-05,-1.0
2021-10-06,2021-10-06 10:00:00-04:00,2021-10-06 10:30:00-04:00,SHORT,14538.0,14588.048745245884,40.038996196707565,14588.048745245884,1,1,-50.048745245883765,-1000.9749049176753,SL,2021-10-06,2021-10-06,-1.0
2021-10-07,2021-10-07 10:00:00-04:00,2021-10-07 14:30:00-04:00,LONG,14955.5,14939.75,35.29231789576672,14911.38460263029,2,9,-15.75,-630.0,FC,2021-10-07,2021-10-07,-1.0
2021-10-08,2021-10-08 10:00:00-04:00,2021-10-08 10:30:00-04:00,SHORT,14849.25,14891.437340478213,33.74987238257003,14891.437340478213,1,1,-42.18734047821272,-843.7468095642544,SL,2021-10-08,2021-10-08,-1.0
2021-10-11,2021-10-11 10:00:00-04:00,2021-10-11 13:00:00-04:00,LONG,14859.75,14815.216033612542,35.627173109965995,14815.216033612542,2,6,-44.53396638745835,-1781.358655498334,SL,2021-10-11,2021-10-11,-1.0
2021-10-12,2021-10-12 10:00:00-04:00,2021-10-12 10:30:00-04:00,SHORT,14661.25,14707.852889203885,37.28231136310825,14707.852889203885,1,1,-46.60288920388484,-932.0577840776969,SL,2021-10-12,2021-10-12,-1.0
2021-10-13,2021-10-13 10:00:00-04:00,2021-10-13 10:30:00-04:00,LONG,14714.5,14669.826396480916,35.738882815267196,14669.826396480916,2,1,-44.67360351908428,-1786.9441407633713,SL,2021-10-13,2021-10-13,1.0
2021-10-14,2021-10-14 10:00:00-04:00,2021-10-14 14:30:00-04:00,LONG,14945.0,15042.75,27.207695282698104,14910.990380896628,1,9,97.75,1955.0,FC,2021-10-14,2021-10-14,-1.0
2021-10-15,2021-10-15 10:00:00-04:00,2021-10-15 10:30:00-04:00,LONG,15078.25,15048.5875745803,23.729940335759295,15048.5875745803,1,1,-29.662425419699503,-593.24850839399,SL,2021-10-15,2021-10-15,-1.0
2021-10-18,2021-10-18 10:00:00-04:00,2021-10-18 14:30:00-04:00,LONG,15137.75,15249.0,27.058557289470404,15103.926803388162,2,9,111.25,4450.0,FC,2021-10-18,2021-10-18,-1.0
2021-10-19,2021-10-19 10:00:00-04:00,2021-10-19 14:30:00-04:00,LONG,15322.75,15376.5,21.833037804040128,15295.45870274495,1,9,53.75,1075.0,FC,2021-10-19,2021-10-19,-1.0
2021-10-20,2021-10-20 10:00:00-04:00,2021-10-20 10:30:00-04:00,LONG,15406.25,15382.344546054464,19.124363156427965,15382.344546054464,1,1,-23.905453945535555,-478.1090789107111,SL,2021-10-20,2021-10-20,1.0
2021-10-21,2021-10-21 10:00:00-04:00,2021-10-21 14:30:00-04:00,LONG,15380.25,15428.25,21.672679600767758,15353.159150499041,2,9,48.0,1920.0,FC,2021-10-21,2021-10-21,-1.0
2021-10-22,2021-10-22 10:00:00-04:00,2021-10-22 11:00:00-04:00,LONG,15424.5,15397.594697002076,21.524242398339744,15397.594697002076,1,2,-26.905302997924082,-538.1060599584816,SL,2021-10-22,2021-10-22,-1.0
2021-10-25,2021-10-25 10:00:00-04:00,2021-10-25 14:30:00-04:00,LONG,15390.5,15522.0,24.088864368060527,15360.388919539924,2,9,131.5,5260.0,FC,2021-10-25,2021-10-25,-1.0
2021-10-26,2021-10-26 10:00:00-04:00,2021-10-26 12:00:00-04:00,LONG,15639.0,15613.389205506985,20.48863559441239,15613.389205506985,1,4,-25.61079449301542,-512.2158898603084,SL,2021-10-26,2021-10-26,-1.0
2021-10-27,2021-10-27 10:00:00-04:00,2021-10-27 10:30:00-04:00,LONG,15642.25,15609.685871108737,26.05130311301102,15609.685871108737,2,1,-32.56412889126295,-1302.5651556505181,SL,2021-10-27,2021-10-27,-1.0
2021-10-28,2021-10-28 10:00:00-04:00,2021-10-28 14:30:00-04:00,LONG,15664.5,15745.75,24.17092199197525,15634.286347510031,1,9,81.25,1625.0,FC,2021-10-28,2021-10-28,-1.0
2021-10-29,2021-10-29 10:00:00-04:00,2021-10-29 14:30:00-04:00,LONG,15683.0,15766.0,27.721338386870386,15648.348327016412,1,9,83.0,1660.0,FC,2021-10-29,2021-10-29,1.0
2021-11-01,2021-11-01 10:00:00-04:00,2021-11-01 11:30:00-04:00,SHORT,15804.25,15830.668777577466,21.135022061973565,15830.668777577466,1,3,-26.418777577466244,-528.3755515493249,SL,2021-11-01,2021-11-01,-1.0
2021-11-02,2021-11-02 10:00:00-04:00,2021-11-02 10:30:00-04:00,LONG,15955.75,15930.043215111667,20.565427910665466,15930.043215111667,2,1,-25.70678488833255,-1028.271395533302,SL,2021-11-02,2021-11-02,-1.0
2021-11-03,2021-11-03 10:00:00-04:00,2021-11-03 10:30:00-04:00,LONG,15970.75,15949.408844020209,17.072924783832583,15949.408844020209,1,1,-21.341155979791438,-426.82311959582876,SL,2021-11-03,2021-11-03,1.0
2021-11-04,2021-11-04 10:00:00-04:00,2021-11-04 14:30:00-04:00,LONG,16246.0,16355.75,20.48857232228309,16220.389284597146,2,9,109.75,4390.0,FC,2021-11-04,2021-11-04,1.0
2021-11-05,2021-11-05 10:00:00-04:00,2021-11-05 13:00:00-04:00,LONG,16416.75,16384.062893172388,26.149685462090297,16384.062893172388,1,6,-32.6871068276123,-653.7421365522459,SL,2021-11-05,2021-11-05,-1.0
2021-11-08,2021-11-08 10:00:00-05:00,2021-11-08 11:00:00-05:00,LONG,16337.75,16306.709918998342,24.83206480132578,16306.709918998342,2,2,-31.04008100165811,-1241.6032400663244,SL,2021-11-08,2021-11-08,-1.0
2021-11-09,2021-11-09 10:00:00-05:00,2021-11-09 10:30:00-05:00,SHORT,16226.0,16258.780040549309,26.2240324394466,16258.780040549309,1,1,-32.78004054930898,-655.6008109861796,SL,2021-11-09,2021-11-09,-1.0
2021-11-10,2021-11-10 10:00:00-05:00,2021-11-10 10:30:00-05:00,SHORT,16172.5,16213.543807626858,32.83504610148702,16213.543807626858,2,1,-41.043807626858325,-1641.752305074333,SL,2021-11-10,2021-11-10,-1.0
2021-11-11,2021-11-11 10:00:00-05:00,2021-11-11 10:30:00-05:00,LONG,16094.75,16058.196020437175,29.24318365026017,16058.196020437175,1,1,-36.55397956282468,-731.0795912564936,SL,2021-11-11,2021-11-11,-1.0
2021-11-12,2021-11-12 10:00:00-05:00,2021-11-12 10:30:00-05:00,SHORT,16020.25,16050.199459669413,23.959567735530857,16050.199459669413,2,1,-29.949459669413045,-1197.9783867765218,SL,2021-11-12,2021-11-12,1.0
2021-11-15,2021-11-15 10:00:00-05:00,2021-11-15 10:30:00-05:00,LONG,16229.0,16203.54068644823,20.367450841416414,16203.54068644823,1,1,-25.45931355176981,-509.1862710353962,SL,2021-11-15,2021-11-15,-1.0
2021-11-16,2021-11-16 10:00:00-05:00,2021-11-16 14:30:00-05:00,LONG,16224.5,16312.25,24.90647128785624,16193.36691089018,2,9,87.75,3510.0,FC,2021-11-16,2021-11-16,-1.0
2021-11-17,2021-11-17 10:00:00-05:00,2021-11-17 14:30:00-05:00,LONG,16284.25,16333.25,18.94103567230354,16260.57370540962,1,9,49.0,980.0,FC,2021-11-17,2021-11-17,-1.0
2021-11-18,2021-11-18 10:00:00-05:00,2021-11-18 10:30:00-05:00,LONG,16396.5,16372.84382404187,18.924940766502615,16372.84382404187,1,1,-23.656175958129097,-473.12351916258194,SL,2021-11-18,2021-11-18,-1.0
2021-11-19,2021-11-19 10:00:00-05:00,2021-11-19 10:30:00-05:00,LONG,16612.5,16579.132894390965,26.69368448722786,16579.132894390965,2,1,-33.36710560903521,-1334.6842243614083,SL,2021-11-19,2021-11-19,1.0
2021-11-22,2021-11-22 10:00:00-05:00,2021-11-22 11:00:00-05:00,LONG,16721.5,16693.847237728416,22.122209817268576,16693.847237728416,1,2,-27.652762271583924,-553.0552454316785,SL,2021-11-22,2021-11-22,-1.0
2021-11-23,2021-11-23 10:00:00-05:00,2021-11-23 14:30:00-05:00,SHORT,16398.0,16161.75,38.621929338510824,16446.277411673138,2,9,236.25,9450.0,FC,2021-11-23,2021-11-23,-1.0
2021-11-24,2021-11-24 10:00:00-05:00,2021-11-24 10:30:00-05:00,SHORT,16181.25,16232.78934883462,41.231479067696036,16232.78934883462,1,1,-51.53934883461989,-1030.7869766923977,SL,2021-11-24,2021-11-24,-1.0
2021-11-29,2021-11-29 10:00:00-05:00,2021-11-29 11:00:00-05:00,LONG,16297.75,16246.292593981485,41.16592481481274,16246.292593981485,2,2,-51.45740601851503,-2058.296240740601,SL,2021-11-29,2021-11-29,-1.0
2021-11-30,2021-11-30 10:00:00-05:00,2021-11-30 11:00:00-05:00,LONG,16406.0,16354.197503756151,41.44199699507913,16354.197503756151,1,2,-51.80249624384851,-1036.0499248769702,SL,2021-11-30,2021-11-30,-1.0
2021-12-01,2021-12-01 10:00:00-05:00,2021-12-01 11:00:00-05:00,LONG,16329.25,16278.903739670615,40.27700826350778,16278.903739670615,2,2,-50.34626032938468,-2013.850413175387,SL,2021-12-01,2021-12-01,-1.0
2021-12-02,2021-12-02 10:00:00-05:00,2021-12-02 14:30:00-05:00,SHORT,15993.5,16020.0,59.424638380513514,16067.780797975642,1,9,-26.5,-530.0,FC,2021-12-02,2021-12-02,-1.0
2021-12-03,2021-12-03 10:00:00-05:00,2021-12-03 14:30:00-05:00,SHORT,15842.0,15616.5,57.613250247899856,15914.016562809875,2,9,225.5,9020.0,FC,2021-12-03,2021-12-03,-1.0
2021-12-06,2021-12-06 10:00:00-05:00,2021-12-06 10:30:00-05:00,SHORT,15666.75,15740.141634388396,58.71330751071596,15740.141634388396,1,1,-73.39163438839569,-1467.8326877679137,SL,2021-12-06,2021-12-06,-1.0
2021-12-07,2021-12-07 10:00:00-05:00,2021-12-07 14:30:00-05:00,LONG,16228.5,16319.25,42.65531028753613,16175.18086214058,2,9,90.75,3630.0,FC,2021-12-07,2021-12-07,-1.0
2021-12-08,2021-12-08 10:00:00-05:00,2021-12-08 14:30:00-05:00,LONG,16285.0,16352.25,36.37817552823913,16239.5272805897,1,9,67.25,1345.0,FC,2021-12-08,2021-12-08,1.0
2021-12-09,2021-12-09 10:00:00-05:00,2021-12-09 10:30:00-05:00,LONG,16348.75,16314.117411791814,27.706070566548384,16314.117411791814,1,1,-34.63258820818555,-692.651764163711,SL,2021-12-09,2021-12-09,-1.0
2021-12-10,2021-12-10 10:00:00-05:00,2021-12-10 10:30:00-05:00,SHORT,16221.0,16262.776949703924,33.42155976313882,16262.776949703924,2,1,-41.7769497039244,-1671.077988156976,SL,2021-12-10,2021-12-10,1.0
2021-12-13,2021-12-13 10:00:00-05:00,2021-12-13 10:30:00-05:00,SHORT,16275.0,16309.814492728801,27.851594183041215,16309.814492728801,1,1,-34.81449272880127,-696.2898545760254,SL,2021-12-13,2021-12-13,-1.0
2021-12-14,2021-12-14 10:00:00-05:00,2021-12-14 14:30:00-05:00,SHORT,15926.25,15827.75,37.74494201806472,15973.431177522581,2,9,98.5,3940.0,FC,2021-12-14,2021-12-14,-1.0
2021-12-15,2021-12-15 10:00:00-05:00,2021-12-15 11:00:00-05:00,SHORT,15840.5,15888.65765516058,38.5261241284637,15888.65765516058,1,2,-48.15765516057945,-963.153103211589,SL,2021-12-15,2021-12-15,-1.0
2021-12-16,2021-12-16 10:00:00-05:00,2021-12-16 14:30:00-05:00,SHORT,16169.75,15851.75,44.84194524067204,16225.80243155084,2,9,318.0,12720.0,FC,2021-12-16,2021-12-16,-1.0
2021-12-17,2021-12-17 10:00:00-05:00,2021-12-17 11:00:00-05:00,SHORT,15782.0,15852.234444316482,56.18755545318581,15852.234444316482,1,2,-70.23444431648204,-1404.6888863296408,SL,2021-12-17,2021-12-17,-1.0
2021-12-20,2021-12-20 10:00:00-05:00,2021-12-20 14:30:00-05:00,SHORT,15630.25,15573.25,50.887686687737094,15693.859608359671,2,9,57.0,2280.0,FC,2021-12-20,2021-12-20,-1.0
2021-12-21,2021-12-21 10:00:00-05:00,2021-12-21 11:30:00-05:00,SHORT,15664.75,15718.490543033548,42.99243442683858,15718.490543033548,1,3,-53.74054303354751,-1074.8108606709502,SL,2021-12-21,2021-12-21,-1.0
2021-12-22,2021-12-22 10:00:00-05:00,2021-12-22 10:30:00-05:00,LONG,16006.75,15962.76861571988,35.18510742409572,15962.76861571988,2,1,-43.98138428011953,-1759.255371204781,SL,2021-12-22,2021-12-22,-1.0
2021-12-23,2021-12-23 10:00:00-05:00,2021-12-23 14:30:00-05:00,LONG,16233.25,16328.0,26.614987152499882,16199.981266059374,1,9,94.75,1895.0,FC,2021-12-23,2021-12-23,-1.0
2021-12-27,2021-12-27 10:00:00-05:00,2021-12-27 14:30:00-05:00,LONG,16435.5,16555.0,22.345020583063622,16407.568724271172,1,9,119.5,2390.0,FC,2021-12-27,2021-12-27,1.0
2021-12-28,2021-12-28 10:00:00-05:00,2021-12-28 10:30:00-05:00,LONG,16575.5,16547.082339975965,22.73412801922947,16547.082339975965,1,1,-28.417660024035285,-568.3532004807057,SL,2021-12-28,2021-12-28,-1.0
2021-12-29,2021-12-29 10:00:00-05:00,2021-12-29 14:30:00-05:00,SHORT,16510.5,16481.75,25.564594535776173,16542.45574316972,2,9,28.75,1150.0,FC,2021-12-29,2021-12-29,-1.0
2021-12-30,2021-12-30 10:00:00-05:00,2021-12-30 10:30:00-05:00,SHORT,16499.75,16528.531163196865,23.024930557492247,16528.531163196865,1,1,-28.781163196865236,-575.6232639373047,SL,2021-12-30,2021-12-30,-1.0
2021-12-31,2021-12-31 10:00:00-05:00,2021-12-31 14:30:00-05:00,SHORT,16395.75,16364.0,23.692941619036617,16425.366177023796,2,9,31.75,1270.0,FC,2021-12-31,2021-12-31,-1.0
2022-01-03,2022-01-03 10:00:00-05:00,2022-01-03 10:30:00-05:00,SHORT,16316.5,16351.597736391774,28.078189113419,16351.597736391774,1,1,-35.09773639177365,-701.954727835473,SL,2022-01-03,2022-01-03,1.0
2022-01-04,2022-01-04 10:00:00-05:00,2022-01-04 14:30:00-05:00,SHORT,16460.75,16172.5,25.949239194409287,16493.186548993013,2,9,288.25,11530.0,FC,2022-01-04,2022-01-04,-1.0
2022-01-05,2022-01-05 10:00:00-05:00,2022-01-05 14:30:00-05:00,SHORT,16212.75,15972.75,32.6312930068966,16253.53911625862,1,9,240.0,4800.0,FC,2022-01-05,2022-01-05,-1.0
2022-01-06,2022-01-06 10:00:00-05:00,2022-01-06 10:30:00-05:00,SHORT,15718.5,15783.227651565352,51.78212125228221,15783.227651565352,1,1,-64.72765156535206,-1294.5530313070412,SL,2022-01-06,2022-01-06,-1.0
2022-01-07,2022-01-07 10:00:00-05:00,2022-01-07 14:30:00-05:00,SHORT,15792.5,15580.0,54.00516494911116,15860.00645618639,2,9,212.5,8500.0,FC,2022-01-07,2022-01-07,-1.0
2022-01-10,2022-01-10 10:00:00-05:00,2022-01-10 11:30:00-05:00,SHORT,15259.25,15323.614850346092,51.4918802768734,15323.614850346092,1,3,-64.36485034609177,-1287.2970069218354,SL,2022-01-10,2022-01-10,-1.0
2022-01-11,2022-01-11 10:00:00-05:00,2022-01-11 10:30:00-05:00,SHORT,15548.0,15611.174756025994,50.53980482079507,15611.174756025994,2,1,-63.1747560259937,-2526.990241039748,SL,2022-01-11,2022-01-11,-1.0
2022-01-12,2022-01-12 10:00:00-05:00,2022-01-12 11:00:00-05:00,LONG,15967.25,15910.790657116804,45.167474306556656,15910.790657116804,1,2,-56.45934288319586,-1129.1868576639172,SL,2022-01-12,2022-01-12,-1.0
2022-01-13,2022-01-13 10:00:00-05:00,2022-01-13 10:30:00-05:00,LONG,15939.0,15895.224400478546,35.02047961716366,15895.224400478546,2,1,-43.77559952145384,-1751.0239808581537,SL,2022-01-13,2022-01-13,-1.0
2022-01-14,2022-01-14 10:00:00-05:00,2022-01-14 10:30:00-05:00,LONG,15581.0,15512.18995574974,55.04803540020808,15512.18995574974,1,1,-68.81004425026003,-1376.2008850052007,SL,2022-01-14,2022-01-14,-1.0
2022-01-18,2022-01-18 10:00:00-05:00,2022-01-18 10:30:00-05:00,SHORT,15333.0,15387.993836485515,43.99506918841156,15387.993836485515,2,1,-54.9938364855152,-2199.753459420608,SL,2022-01-18,2022-01-18,-1.0
2022-01-19,2022-01-19 10:00:00-05:00,2022-01-19 10:30:00-05:00,LONG,15361.25,15296.775022398582,51.57998208113424,15296.775022398582,1,1,-64.47497760141778,-1289.4995520283555,SL,2022-01-19,2022-01-19,-1.0
2022-01-20,2022-01-20 10:00:00-05:00,2022-01-20 13:30:00-05:00,LONG,15277.0,15215.19260251424,49.44591798860792,15215.19260251424,2,7,-61.80739748575979,-2472.2958994303917,SL,2022-01-20,2022-01-20,-1.0
2022-01-21,2022-01-21 10:00:00-05:00,2022-01-21 11:00:00-05:00,SHORT,14650.0,14731.230283840801,64.98422707264137,14731.230283840801,1,2,-81.23028384080135,-1624.605676816027,SL,2022-01-21,2022-01-21,-1.0
2022-01-24,2022-01-24 10:00:00-05:00,2022-01-24 14:30:00-05:00,SHORT,14096.5,14067.5,71.5280034051361,14185.91000425642,2,9,29.0,1160.0,FC,2022-01-24,2022-01-24,-1.0
2022-01-25,2022-01-25 10:00:00-05:00,2022-01-25 11:00:00-05:00,SHORT,14100.25,14219.74756449691,95.59805159752808,14219.74756449691,1,2,-119.49756449691085,-2389.951289938217,SL,2022-01-25,2022-01-25,-1.0
2022-01-26,2022-01-26 10:00:00-05:00,2022-01-26 11:00:00-05:00,LONG,14455.0,14355.05947073173,79.95242341461521,14355.05947073173,2,2,-99.94052926826953,-3997.621170730781,SL,2022-01-26,2022-01-26,-1.0
2022-01-28,2022-01-28 10:00:00-05:00,2022-01-28 10:30:00-05:00,SHORT,13899.75,14020.362753900392,96.49020312031331,14020.362753900392,1,1,-120.61275390039191,-2412.255078007838,SL,2022-01-28,2022-01-28,-1.0
2022-01-31,2022-01-31 10:00:00-05:00,2022-01-31 14:30:00-05:00,LONG,14630.25,14815.75,66.05981113656716,14547.67523607929,2,9,185.5,7420.0,FC,2022-01-31,2022-01-31,-1.0
2022-02-01,2022-02-01 10:00:00-05:00,2022-02-01 10:30:00-05:00,LONG,14841.75,14776.914764110112,51.86818871191111,14776.914764110112,1,1,-64.83523588988828,-1296.7047177977656,SL,2022-02-01,2022-02-01,-1.0
2022-02-02,2022-02-02 10:00:00-05:00,2022-02-02 10:30:00-05:00,LONG,15095.0,15038.992966085689,44.80562713144901,15038.992966085689,2,1,-56.00703391431125,-2240.28135657245,SL,2022-02-02,2022-02-02,-1.0
2022-02-03,2022-02-03 10:00:00-05:00,2022-02-03 10:30:00-05:00,SHORT,14710.0,14775.377456718597,52.30196537487846,14775.377456718597,1,1,-65.37745671859739,-1307.5491343719477,SL,2022-02-03,2022-02-03,-1.0
2022-02-04,2022-02-04 10:00:00-05:00,2022-02-04 10:30:00-05:00,SHORT,14576.25,14662.218749050851,68.77499924068152,14662.218749050851,2,1,-85.96874905085133,-3438.749962034053,SL,2022-02-04,2022-02-04,-1.0
2022-02-07,2022-02-07 10:00:00-05:00,2022-02-07 10:30:00-05:00,LONG,14781.25,14713.416188251058,54.26704939915389,14713.416188251058,1,1,-67.83381174894203,-1356.6762349788405,SL,2022-02-07,2022-02-07,-1.0
2022-02-08,2022-02-08 10:00:00-05:00,2022-02-08 11:00:00-05:00,SHORT,14521.75,14575.471407226154,42.977125780923146,14575.471407226154,2,2,-53.72140722615404,-2148.8562890461617,SL,2022-02-08,2022-02-08,-1.0
2022-02-09,2022-02-09 10:00:00-05:00,2022-02-09 14:30:00-05:00,LONG,14878.5,15009.5,36.82541609182731,14832.468229885217,1,9,131.0,2620.0,FC,2022-02-09,2022-02-09,-1.0
2022-02-10,2022-02-10 10:00:00-05:00,2022-02-10 10:30:00-05:00,SHORT,14909.5,14962.95911481183,42.767291849464094,14962.95911481183,1,1,-53.45911481183066,-1069.1822962366132,SL,2022-02-10,2022-02-10,-1.0
2022-02-11,2022-02-11 10:00:00-05:00,2022-02-11 10:30:00-05:00,SHORT,14639.0,14705.460502617263,53.16840209381018,14705.460502617263,2,1,-66.46050261726305,-2658.420104690522,SL,2022-02-11,2022-02-11,-1.0
2022-02-14,2022-02-14 10:00:00-05:00,2022-02-14 11:30:00-05:00,SHORT,14288.0,14373.213517253937,68.17081380314875,14373.213517253937,1,3,-85.21351725393652,-1704.2703450787303,SL,2022-02-14,2022-02-14,-1.0
2022-02-15,2022-02-15 10:00:00-05:00,2022-02-15 13:00:00-05:00,LONG,14501.75,14432.73827676901,55.20937858479089,14432.73827676901,2,6,-69.01172323098945,-2760.468929239578,SL,2022-02-15,2022-02-15,-1.0
2022-02-16,2022-02-16 10:00:00-05:00,2022-02-16 11:00:00-05:00,SHORT,14408.0,14461.820586588046,43.05646927043669,14461.820586588046,1,2,-53.82058658804635,-1076.411731760927,SL,2022-02-16,2022-02-16,-1.0
2022-02-18,2022-02-18 10:00:00-05:00,2022-02-18 14:30:00-05:00,SHORT,14184.75,14083.5,47.95323379648871,14244.691542245611,2,9,101.25,4050.0,FC,2022-02-18,2022-02-18,-1.0
2022-02-22,2022-02-22 10:00:00-05:00,2022-02-22 11:00:00-05:00,LONG,14022.0,13938.773141602793,66.58148671776623,13938.773141602793,1,2,-83.22685839720725,-1664.537167944145,SL,2022-02-22,2022-02-22,-1.0
2022-02-23,2022-02-23 10:00:00-05:00,2022-02-23 14:30:00-05:00,SHORT,13903.5,13619.25,54.75817097825453,13971.947713722819,2,9,284.25,11370.0,FC,2022-02-23,2022-02-23,-1.0
2022-02-24,2022-02-24 10:00:00-05:00,2022-02-24 10:30:00-05:00,SHORT,13340.5,13446.937824192913,85.15025935433063,13446.937824192913,1,1,-106.43782419291347,-2128.7564838582693,SL,2022-02-24,2022-02-24,-1.0
2022-02-25,2022-02-25 10:00:00-05:00,2022-02-25 14:30:00-05:00,LONG,13868.0,14130.75,81.14766458817121,13766.565419264785,2,9,262.75,10510.0,FC,2022-02-25,2022-02-25,-1.0
2022-02-28,2022-02-28 10:00:00-05:00,2022-02-28 10:30:00-05:00,LONG,14144.5,14052.107524036592,73.91398077072674,14052.107524036592,1,1,-92.39247596340829,-1847.8495192681657,SL,2022-02-28,2022-02-28,-1.0
2022-03-01,2022-03-01 10:00:00-05:00,2022-03-01 12:00:00-05:00,LONG,14200.5,14121.52433543672,63.18053165062519,14121.52433543672,2,4,-78.97566456328059,-3159.0265825312235,SL,2022-03-01,2022-03-01,-1.0
2022-03-02,2022-03-02 10:00:00-05:00,2022-03-02 10:30:00-05:00,LONG,14075.5,13998.098538320133,61.92116934389406,13998.098538320133,1,1,-77.40146167986677,-1548.0292335973354,SL,2022-03-02,2022-03-02,-1.0
2022-03-03,2022-03-03 10:00:00-05:00,2022-03-03 10:30:00-05:00,LONG,14262.0,14199.240069932006,50.2079440543955,14199.240069932006,2,1,-62.75993006799399,-2510.3972027197597,SL,2022-03-03,2022-03-03,-1.0
2022-03-04,2022-03-04 10:00:00-05:00,2022-03-04 14:30:00-05:00,SHORT,13923.25,13813.75,67.6642389122018,14007.830298640252,1,9,109.5,2190.0,FC,2022-03-04,2022-03-04,-1.0
2022-03-07,2022-03-07 10:00:00-05:00,2022-03-07 14:30:00-05:00,SHORT,13674.0,13482.5,65.63297212522157,13756.041215156527,1,9,191.5,3830.0,FC,2022-03-07,2022-03-07,-1.0
2022-03-08,2022-03-08 10:00:00-05:00,2022-03-08 11:30:00-05:00,SHORT,13252.75,13341.288719163578,70.8309753308631,13341.288719163578,1,3,-88.53871916357821,-1770.7743832715641,SL,2022-03-08,2022-03-08,-1.0
2022-03-09,2022-03-09 10:00:00-05:00,2022-03-09 14:30:00-05:00,LONG,13568.25,13714.5,74.77467536828499,13474.781655789644,2,9,146.25,5850.0,FC,2022-03-09,2022-03-09,-1.0
2022-03-10,2022-03-10 10:00:00-05:00,2022-03-10 14:30:00-05:00,SHORT,13575.25,13585.5,58.82433523603572,13648.780419045044,1,9,-10.25,-205.0,FC,2022-03-10,2022-03-10,-1.0
2022-03-11,2022-03-11 10:00:00-05:00,2022-03-11 14:30:00-05:00,SHORT,13590.0,13483.75,61.00223518736122,13666.252793984202,2,9,106.25,4250.0,FC,2022-03-11,2022-03-11,-1.0
2022-03-14,2022-03-14 10:00:00-04:00,2022-03-14 10:30:00-04:00,SHORT,13272.0,13347.074521725634,60.05961738050629,13347.074521725634,1,1,-75.07452172563353,-1501.4904345126706,SL,2022-03-14,2022-03-14,-1.0
2022-03-15,2022-03-15 10:00:00-04:00,2022-03-15 14:30:00-04:00,LONG,13182.5,13296.5,57.04926857014933,13111.188414287313,2,9,114.0,4560.0,FC,2022-03-15,2022-03-15,-1.0
2022-03-16,2022-03-16 10:00:00-04:00,2022-03-16 14:30:00-04:00,LONG,13721.0,13531.5,49.02631205455046,13659.717109931811,1,9,-189.5,-3790.0,FC,2022-03-16,2022-03-16,-1.0
2022-03-17,2022-03-17 10:00:00-04:00,2022-03-17 11:00:00-04:00,LONG,13979.25,13908.032438851229,56.974048919017186,13908.032438851229,2,2,-71.21756114877098,-2848.7024459508393,SL,2022-03-17,2022-03-17,-1.0
2022-03-18,2022-03-18 10:00:00-04:00,2022-03-18 14:30:00-04:00,LONG,14150.75,14312.75,46.78983071759869,14092.262711603002,1,9,162.0,3240.0,FC,2022-03-18,2022-03-18,-1.0
2022-03-21,2022-03-21 10:00:00-04:00,2022-03-21 10:30:00-04:00,LONG,14302.75,14251.640288707718,40.887769033825144,14251.640288707718,1,1,-51.109711292281645,-1022.1942258456329,SL,2022-03-21,2022-03-21,-1.0
2022-03-22,2022-03-22 10:00:00-04:00,2022-03-22 14:30:00-04:00,LONG,14468.75,14618.75,40.067577083056435,14418.66552864618,2,9,150.0,6000.0,FC,2022-03-22,2022-03-22,-1.0
2022-03-23,2022-03-23 10:00:00-04:00,2022-03-23 10:30:00-04:00,SHORT,14492.5,14535.061427274157,34.04914181932479,14535.061427274157,1,1,-42.56142727415681,-851.2285454831363,SL,2022-03-23,2022-03-23,-1.0
2022-03-24,2022-03-24 10:00:00-04:00,2022-03-24 10:30:00-04:00,SHORT,14481.75,14527.613983775185,36.69118702014891,14527.613983775185,2,1,-45.86398377518526,-1834.5593510074104,SL,2022-03-24,2022-03-24,-1.0
2022-03-25,2022-03-25 10:00:00-04:00,2022-03-25 11:30:00-04:00,LONG,14720.25,14673.068961602166,37.74483071826686,14673.068961602166,1,3,-47.18103839783362,-943.6207679566724,SL,2022-03-25,2022-03-25,-1.0
2022-03-28,2022-03-28 10:00:00-04:00,2022-03-28 10:30:00-04:00,LONG,14887.5,14835.791834550471,41.36653235962264,14835.791834550471,2,1,-51.70816544952868,-2068.326617981147,SL,2022-03-28,2022-03-28,1.0
2022-03-29,2022-03-29 10:00:00-04:00,2022-03-29 10:30:00-04:00,LONG,15152.25,15100.82531741964,41.13974606428841,15100.82531741964,1,1,-51.42468258036024,-1028.4936516072048,SL,2022-03-29,2022-03-29,1.0
2022-03-30,2022-03-30 10:00:00-04:00,2022-03-30 11:30:00-04:00,LONG,15187.0,15143.792954685914,34.565636251269154,15143.792954685914,2,3,-43.20704531408592,-1728.2818125634367,SL,2022-03-30,2022-03-30,-1.0
2022-04-01,2022-04-01 10:00:00-04:00,2022-04-01 10:30:00-04:00,SHORT,14838.75,14884.048302619378,36.238642095502925,14884.048302619378,1,1,-45.298302619377864,-905.9660523875573,SL,2022-04-01,2022-04-01,-1.0
2022-04-04,2022-04-04 10:00:00-04:00,2022-04-04 14:30:00-04:00,LONG,15048.75,15112.5,35.605358417145396,15004.243301978568,2,9,63.75,2550.0,FC,2022-04-04,2022-04-04,-1.0
2022-04-05,2022-04-05 10:00:00-04:00,2022-04-05 14:30:00-04:00,SHORT,15070.0,14886.25,26.432109574996495,15103.040136968746,1,9,183.75,3675.0,FC,2022-04-05,2022-04-05,-1.0
2022-04-06,2022-04-06 10:00:00-04:00,2022-04-06 14:00:00-04:00,SHORT,14505.75,14552.20745060791,37.16596048632736,14552.20745060791,1,8,-46.45745060790978,-929.1490121581955,SL,2022-04-06,2022-04-06,-1.0
2022-04-07,2022-04-07 10:00:00-04:00,2022-04-07 14:30:00-04:00,SHORT,14560.0,14482.0,44.46438831750613,14615.580485396882,2,9,78.0,3120.0,FC,2022-04-07,2022-04-07,-1.0
2022-04-08,2022-04-08 10:00:00-04:00,2022-04-08 10:30:00-04:00,SHORT,14322.75,14377.656145157602,43.924916126081996,14377.656145157602,1,1,-54.90614515760171,-1098.1229031520343,SL,2022-04-08,2022-04-08,-1.0
2022-04-11,2022-04-11 10:00:00-04:00,2022-04-11 14:30:00-04:00,SHORT,14138.75,14060.0,45.59202151008617,14195.740026887608,2,9,78.75,3150.0,FC,2022-04-11,2022-04-11,-1.0
2022-04-12,2022-04-12 10:00:00-04:00,2022-04-12 10:30:00-04:00,LONG,14259.0,14196.00891203441,50.39287037247312,14196.00891203441,1,1,-62.99108796559085,-1259.821759311817,SL,2022-04-12,2022-04-12,-1.0
2022-04-13,2022-04-13 10:00:00-04:00,2022-04-13 10:30:00-04:00,SHORT,14014.25,14073.797820857986,47.638256686388786,14073.797820857986,2,1,-59.54782085798615,-2381.912834319446,SL,2022-04-13,2022-04-13,-1.0
2022-04-14,2022-04-14 10:00:00-04:00,2022-04-14 14:30:00-04:00,SHORT,14114.5,14005.25,39.80965435796371,14164.262067947455,1,9,109.25,2185.0,FC,2022-04-14,2022-04-14,-1.0
2022-04-18,2022-04-18 10:00:00-04:00,2022-04-18 10:30:00-04:00,SHORT,13866.75,13910.131741976942,34.70539358155395,13910.131741976942,1,1,-43.38174197694207,-867.6348395388413,SL,2022-04-18,2022-04-18,-1.0
2022-04-19,2022-04-19 10:00:00-04:00,2022-04-19 14:30:00-04:00,LONG,14015.25,14129.25,47.0300609989752,13956.462423751282,2,9,114.0,4560.0,FC,2022-04-19,2022-04-19,-1.0
2022-04-20,2022-04-20 10:00:00-04:00,2022-04-20 11:00:00-04:00,SHORT,14086.75,14146.385326367965,47.708261094371956,14146.385326367965,1,2,-59.63532636796481,-1192.7065273592962,SL,2022-04-20,2022-04-20,-1.0
2022-04-21,2022-04-21 10:00:00-04:00,2022-04-21 10:30:00-04:00,LONG,14205.0,14153.460525302635,41.23157975789205,14153.460525302635,2,1,-51.53947469736522,-2061.578987894609,SL,2022-04-21,2022-04-21,-1.0
2022-04-22,2022-04-22 10:00:00-04:00,2022-04-22 10:30:00-04:00,SHORT,13668.25,13732.389891489433,51.31191319154567,13732.389891489433,1,1,-64.13989148943256,-1282.7978297886511,SL,2022-04-22,2022-04-22,-1.0
2022-04-25,2022-04-25 10:00:00-04:00,2022-04-25 10:30:00-04:00,SHORT,13249.75,13321.868049819914,57.69443985593081,13321.868049819914,2,1,-72.11804981991372,-2884.721992796549,SL,2022-04-25,2022-04-25,-1.0
2022-04-26,2022-04-26 10:00:00-04:00,2022-04-26 14:30:00-04:00,SHORT,13268.25,13169.25,51.3401846513037,13332.42523081413,1,9,99.0,1980.0,FC,2022-04-26,2022-04-26,-1.0
2022-04-27,2022-04-27 10:00:00-04:00,2022-04-27 10:30:00-04:00,LONG,13176.5,13088.932383245505,70.05409340359597,13088.932383245505,1,1,-87.56761675449525,-1751.352335089905,SL,2022-04-27,2022-04-27,-1.0
2022-04-28,2022-04-28 10:00:00-04:00,2022-04-28 11:30:00-04:00,SHORT,13135.5,13210.786401932608,60.229121546086446,13210.786401932608,2,3,-75.28640193260799,-3011.4560773043195,SL,2022-04-28,2022-04-28,-1.0
2022-04-29,2022-04-29 10:00:00-04:00,2022-04-29 10:30:00-04:00,LONG,13424.0,13346.891477868994,61.686817704804454,13346.891477868994,1,1,-77.10852213100588,-1542.1704426201177,SL,2022-04-29,2022-04-29,-1.0
2022-05-02,2022-05-02 10:00:00-04:00,2022-05-02 11:00:00-04:00,SHORT,12928.0,13006.846222722372,63.07697817789699,13006.846222722372,2,2,-78.84622272237175,-3153.84890889487,SL,2022-05-02,2022-05-02,-1.0
2022-05-03,2022-05-03 10:00:00-04:00,2022-05-03 10:30:00-04:00,LONG,13111.25,13041.559010709185,55.75279143265252,13041.559010709185,1,1,-69.6909892908152,-1393.819785816304,SL,2022-05-03,2022-05-03,-1.0
2022-05-04,2022-05-04 10:00:00-04:00,2022-05-04 13:00:00-04:00,SHORT,13018.25,13069.501659136437,41.00132730914988,13069.501659136437,2,6,-51.2516591364365,-2050.06636545746,SL,2022-05-04,2022-05-04,1.0
2022-05-05,2022-05-05 10:00:00-04:00,2022-05-05 14:30:00-04:00,SHORT,13173.75,12787.75,50.34570724378509,13236.682134054732,1,9,386.0,7720.0,FC,2022-05-05,2022-05-05,-1.0
2022-05-06,2022-05-06 10:00:00-04:00,2022-05-06 10:30:00-04:00,SHORT,12550.25,12634.031444494702,67.02515559576065,12634.031444494702,1,1,-83.78144449470165,-1675.628889894033,SL,2022-05-06,2022-05-06,-1.0
2022-05-09,2022-05-09 10:00:00-04:00,2022-05-09 14:30:00-04:00,SHORT,12451.25,12239.5,64.60362099107833,12532.004526238848,2,9,211.75,8470.0,FC,2022-05-09,2022-05-09,-1.0
2022-05-10,2022-05-10 10:00:00-04:00,2022-05-10 11:00:00-04:00,LONG,12463.5,12385.538949073989,62.36884074080919,12385.538949073989,1,2,-77.96105092601101,-1559.2210185202202,SL,2022-05-10,2022-05-10,-1.0
2022-05-11,2022-05-11 10:00:00-04:00,2022-05-11 14:30:00-04:00,SHORT,12386.75,12081.5,76.85704363116872,12482.82130453896,2,9,305.25,12210.0,FC,2022-05-11,2022-05-11,-1.0
2022-05-12,2022-05-12 10:00:00-04:00,2022-05-12 10:30:00-04:00,SHORT,11795.75,11892.885971379203,77.70877710336177,11892.885971379203,1,1,-97.1359713792026,-1942.719427584052,SL,2022-05-12,2022-05-12,-1.0
2022-05-13,2022-05-13 10:00:00-04:00,2022-05-13 14:30:00-04:00,LONG,12243.25,12250.25,64.76792139264462,12162.290098259195,2,9,7.0,280.0,FC,2022-05-13,2022-05-13,1.0
2022-05-16,2022-05-16 10:00:00-04:00,2022-05-16 10:30:00-04:00,SHORT,12253.0,12323.115569609248,56.09245568739809,12323.115569609248,1,1,-70.11556960924827,-1402.3113921849654,SL,2022-05-16,2022-05-16,-1.0
2022-05-17,2022-05-17 10:00:00-04:00,2022-05-17 11:00:00-04:00,LONG,12445.75,12386.591724644164,47.32662028466931,12386.591724644164,2,2,-59.15827535583594,-2366.3310142334376,SL,2022-05-17,2022-05-17,-1.0
2022-05-18,2022-05-18 10:00:00-04:00,2022-05-18 10:30:00-04:00,SHORT,12299.5,12353.956426846147,43.565141476918114,12353.956426846147,1,1,-54.456426846147224,-1089.1285369229445,SL,2022-05-18,2022-05-18,-1.0
2022-05-19,2022-05-19 10:00:00-04:00,2022-05-19 10:30:00-04:00,SHORT,11894.0,11965.644154599779,57.315323679822825,11965.644154599779,2,1,-71.64415459977863,-2865.766183991145,SL,2022-05-19,2022-05-19,-1.0
2022-05-20,2022-05-20 10:00:00-04:00,2022-05-20 14:30:00-04:00,SHORT,11994.5,11555.25,49.4851159970178,12056.356394996272,1,9,439.25,8785.0,FC,2022-05-20,2022-05-20,-1.0
2022-05-23,2022-05-23 10:00:00-04:00,2022-05-23 11:00:00-04:00,SHORT,11853.0,11924.84515477494,57.4761238199514,11924.84515477494,1,2,-71.84515477493915,-1436.903095498783,SL,2022-05-23,2022-05-23,-1.0
2022-05-24,2022-05-24 10:00:00-04:00,2022-05-24 12:30:00-04:00,SHORT,11679.0,11742.554243944893,50.84339515591366,11742.554243944893,2,5,-63.55424394489273,-2542.1697577957093,SL,2022-05-24,2022-05-24,-1.0
2022-05-25,2022-05-25 10:00:00-04:00,2022-05-25 14:30:00-04:00,LONG,11806.5,11940.5,50.733815347256254,11743.08273081593,1,9,134.0,2680.0,FC,2022-05-25,2022-05-25,-1.0
2022-05-26,2022-05-26 10:00:00-04:00,2022-05-26 14:30:00-04:00,LONG,12114.25,12316.0,56.54580214900206,12043.567747313748,1,9,201.75,4035.0,FC,2022-05-26,2022-05-26,-1.0
2022-05-27,2022-05-27 10:00:00-04:00,2022-05-27 14:30:00-04:00,LONG,12520.5,12595.75,48.86525403552587,12459.418432455592,1,9,75.25,1505.0,FC,2022-05-27,2022-05-27,-1.0
2022-05-31,2022-05-31 10:00:00-04:00,2022-05-31 11:00:00-04:00,SHORT,12551.5,12613.660227085787,49.72818166862964,12613.660227085787,1,2,-62.16022708578748,-1243.2045417157497,SL,2022-05-31,2022-05-31,-1.0
2022-06-01,2022-06-01 10:00:00-04:00,2022-06-01 10:30:00-04:00,LONG,12805.75,12748.842542254726,45.525966196219635,12748.842542254726,2,1,-56.90745774527386,-2276.2983098109544,SL,2022-06-01,2022-06-01,-1.0
2022-06-02,2022-06-02 10:00:00-04:00,2022-06-02 10:30:00-04:00,SHORT,12531.0,12591.74753679709,48.59802943767099,12591.74753679709,1,1,-60.7475367970892,-1214.950735941784,SL,2022-06-02,2022-06-02,-1.0
2022-06-03,2022-06-03 10:00:00-04:00,2022-06-03 14:30:00-04:00,SHORT,12693.5,12600.75,42.62423060509981,12746.780288256376,2,9,92.75,3710.0,FC,2022-06-03,2022-06-03,-1.0
2022-06-06,2022-06-06 10:00:00-04:00,2022-06-06 11:30:00-04:00,LONG,12749.25,12703.646390148137,36.48288788149118,12703.646390148137,1,3,-45.60360985186344,-912.0721970372688,SL,2022-06-06,2022-06-06,-1.0
2022-06-07,2022-06-07 10:00:00-04:00,2022-06-07 10:30:00-04:00,SHORT,12529.25,12584.807715337938,44.446172270350374,12584.807715337938,2,1,-55.557715337938134,-2222.3086135175254,SL,2022-06-07,2022-06-07,-1.0
2022-06-08,2022-06-08 10:00:00-04:00,2022-06-08 10:30:00-04:00,LONG,12759.75,12709.54654613551,40.16276309159116,12709.54654613551,1,1,-50.20345386448935,-1004.069077289787,SL,2022-06-08,2022-06-08,-1.0
2022-06-09,2022-06-09 10:00:00-04:00,2022-06-09 10:30:00-04:00,LONG,12670.0,12614.790556007834,44.16755519373307,12614.790556007834,2,1,-55.20944399216569,-2208.3777596866275,SL,2022-06-09,2022-06-09,-1.0
2022-06-10,2022-06-10 10:00:00-04:00,2022-06-10 14:30:00-04:00,SHORT,11987.5,11920.0,52.47896204472119,12053.0987025559,1,9,67.5,1350.0,FC,2022-06-10,2022-06-10,-1.0
2022-06-13,2022-06-13 10:00:00-04:00,2022-06-13 14:30:00-04:00,SHORT,11512.75,11422.0,52.662424119856986,11578.578030149822,1,9,90.75,1815.0,FC,2022-06-13,2022-06-13,-1.0
2022-06-14,2022-06-14 10:00:00-04:00,2022-06-14 14:30:00-04:00,SHORT,11406.25,11357.75,54.96398560655588,11474.954982008196,1,9,48.5,970.0,FC,2022-06-14,2022-06-14,-1.0
2022-06-15,2022-06-15 10:00:00-04:00,2022-06-15 14:30:00-04:00,LONG,11511.75,11465.0,47.818590873783805,11451.97676140777,1,9,-46.75,-935.0,FC,2022-06-15,2022-06-15,-1.0
2022-06-16,2022-06-16 10:00:00-04:00,2022-06-16 14:30:00-04:00,SHORT,11266.75,11096.0,61.986844273904836,11344.233555342382,2,9,170.75,6830.0,FC,2022-06-16,2022-06-16,-1.0
2022-06-21,2022-06-21 10:00:00-04:00,2022-06-21 14:30:00-04:00,LONG,11629.0,11597.75,34.48552397369869,11585.893095032876,1,9,-31.25,-625.0,FC,2022-06-21,2022-06-21,-1.0
2022-06-22,2022-06-22 10:00:00-04:00,2022-06-22 14:30:00-04:00,LONG,11591.75,11670.25,41.369965303970844,11540.037543370036,2,9,78.5,3140.0,FC,2022-06-22,2022-06-22,-1.0
2022-06-23,2022-06-23 10:00:00-04:00,2022-06-23 13:00:00-04:00,LONG,11646.25,11584.729840547632,49.21612756189383,11584.729840547632,1,6,-61.52015945236781,-1230.4031890473561,SL,2022-06-23,2022-06-23,-1.0
2022-06-24,2022-06-24 10:00:00-04:00,2022-06-24 14:30:00-04:00,LONG,11955.0,12028.25,40.829473351766474,11903.963158310293,2,9,73.25,2930.0,FC,2022-06-24,2022-06-24,-1.0
2022-06-27,2022-06-27 10:00:00-04:00,2022-06-27 10:30:00-04:00,SHORT,12064.75,12116.162148751222,41.12971900097743,12116.162148751222,1,1,-51.41214875122205,-1028.242975024441,SL,2022-06-27,2022-06-27,-1.0
2022-06-28,2022-06-28 10:00:00-04:00,2022-06-28 10:30:00-04:00,LONG,12103.75,12054.106908910613,39.71447287150975,12054.106908910613,2,1,-49.64309108938687,-1985.7236435754749,SL,2022-06-28,2022-06-28,-1.0
2022-06-29,2022-06-29 10:00:00-04:00,2022-06-29 10:30:00-04:00,SHORT,11688.25,11741.762595123046,42.81007609843698,11741.762595123046,1,1,-53.512595123045685,-1070.2519024609137,SL,2022-06-29,2022-06-29,-1.0
2022-07-01,2022-07-01 10:00:00-04:00,2022-07-01 14:30:00-04:00,SHORT,11559.75,11545.5,51.60617291480054,11624.2577161435,2,9,14.25,570.0,FC,2022-07-01,2022-07-01,-1.0
2022-07-05,2022-07-05 10:00:00-04:00,2022-07-05 10:30:00-04:00,SHORT,11448.5,11494.66333725272,36.930669802175814,11494.66333725272,1,1,-46.16333725271943,-923.2667450543886,SL,2022-07-05,2022-07-05,-1.0
2022-07-06,2022-07-06 10:00:00-04:00,2022-07-06 10:30:00-04:00,LONG,11852.0,11796.904875175325,44.07609985973967,11796.904875175325,2,1,-55.09512482467471,-2203.8049929869885,SL,2022-07-06,2022-07-06,-1.0
2022-07-07,2022-07-07 10:00:00-04:00,2022-07-07 14:30:00-04:00,LONG,12034.75,12143.75,38.5894634322419,11986.513170709697,1,9,109.0,2180.0,FC,2022-07-07,2022-07-07,-1.0
2022-07-11,2022-07-11 10:00:00-04:00,2022-07-11 11:00:00-04:00,SHORT,11884.5,11929.568169874534,36.05453589962728,11929.568169874534,1,2,-45.06816987453385,-901.363397490677,SL,2022-07-11,2022-07-11,-1.0
2022-07-12,2022-07-12 10:00:00-04:00,2022-07-12 11:00:00-04:00,SHORT,11856.25,11905.037471065918,39.02997685273479,11905.037471065918,2,2,-48.787471065918,-1951.49884263672,SL,2022-07-12,2022-07-12,-1.0
2022-07-13,2022-07-13 10:00:00-04:00,2022-07-13 11:00:00-04:00,SHORT,11679.5,11749.579858087032,56.06388646962517,11749.579858087032,1,2,-70.07985808703233,-1401.5971617406467,SL,2022-07-13,2022-07-13,-1.0
2022-07-14,2022-07-14 10:00:00-04:00,2022-07-14 11:30:00-04:00,SHORT,11567.25,11626.819577135278,47.65566170822245,11626.819577135278,2,3,-59.56957713527845,-2382.783085411138,SL,2022-07-14,2022-07-14,-1.0
2022-07-15,2022-07-15 10:00:00-04:00,2022-07-15 14:30:00-04:00,LONG,11900.25,11976.25,44.733809559722594,11844.332738050347,1,9,76.0,1520.0,FC,2022-07-15,2022-07-15,1.0
2022-07-18,2022-07-18 10:00:00-04:00,2022-07-18 10:30:00-04:00,LONG,12162.5,12124.85991787387,30.112065700903837,12124.85991787387,1,1,-37.64008212613044,-752.8016425226087,SL,2022-07-18,2022-07-18,-1.0
2022-07-19,2022-07-19 10:00:00-04:00,2022-07-19 10:30:00-04:00,LONG,12066.5,12024.883688716616,33.293049026707116,12024.883688716616,2,1,-41.616311283383766,-1664.6524513353506,SL,2022-07-19,2022-07-19,-1.0
2022-07-20,2022-07-20 10:00:00-04:00,2022-07-20 14:30:00-04:00,LONG,12285.5,12446.25,32.00641427814566,12245.491982152318,1,9,160.75,3215.0,FC,2022-07-20,2022-07-20,1.0
2022-07-21,2022-07-21 10:00:00-04:00,2022-07-21 10:30:00-04:00,LONG,12497.0,12446.468582471207,40.42513402303382,12446.468582471207,1,1,-50.5314175287931,-1010.628350575862,SL,2022-07-21,2022-07-21,-1.0
2022-07-22,2022-07-22 10:00:00-04:00,2022-07-22 11:30:00-04:00,LONG,12578.5,12535.77336447626,34.18130841899266,12535.77336447626,2,3,-42.7266355237407,-1709.0654209496279,SL,2022-07-22,2022-07-22,-1.0
2022-07-25,2022-07-25 10:00:00-04:00,2022-07-25 14:30:00-04:00,SHORT,12387.25,12311.75,31.38572243014556,12426.482153037681,1,9,75.5,1510.0,FC,2022-07-25,2022-07-25,-1.0
2022-07-26,2022-07-26 10:00:00-04:00,2022-07-26 14:30:00-04:00,SHORT,12235.25,12095.0,31.367899867672634,12274.45987483459,1,9,140.25,2805.0,FC,2022-07-26,2022-07-26,-1.0
2022-07-27,2022-07-27 10:00:00-04:00,2022-07-27 14:30:00-04:00,LONG,12385.5,12455.75,31.650361073591494,12345.93704865801,1,9,70.25,1405.0,FC,2022-07-27,2022-07-27,1.0
2022-07-29,2022-07-29 10:00:00-04:00,2022-07-29 11:30:00-04:00,LONG,12865.25,12813.39636793876,41.48290564899279,12813.39636793876,1,3,-51.853632061240205,-1037.072641224804,SL,2022-07-29,2022-07-29,1.0
2022-08-01,2022-08-01 10:00:00-04:00,2022-08-01 13:30:00-04:00,LONG,12990.75,12950.349416109135,32.320467112692775,12950.349416109135,2,7,-40.400583890865164,-1616.0233556346066,SL,2022-08-01,2022-08-01,1.0
2022-08-02,2022-08-02 10:00:00-04:00,2022-08-02 10:30:00-04:00,LONG,12912.5,12869.074301732799,34.740558613761614,12869.074301732799,1,1,-43.42569826720137,-868.5139653440274,SL,2022-08-02,2022-08-02,-1.0
2022-08-03,2022-08-03 10:00:00-04:00,2022-08-03 11:00:00-04:00,LONG,13114.25,13067.811693747486,37.15064500201142,13067.811693747486,2,2,-46.43830625251394,-1857.5322501005576,SL,2022-08-03,2022-08-03,1.0
2022-08-04,2022-08-04 10:00:00-04:00,2022-08-04 10:30:00-04:00,LONG,13303.0,13261.81795567715,32.94563545828044,13261.81795567715,1,1,-41.18204432284983,-823.6408864569967,SL,2022-08-04,2022-08-04,-1.0
2022-08-05,2022-08-05 10:00:00-04:00,2022-08-05 10:30:00-04:00,SHORT,13181.75,13227.148495757301,36.3187966058416,13227.148495757301,2,1,-45.398495757301134,-1815.9398302920454,SL,2022-08-05,2022-08-05,-1.0
2022-08-08,2022-08-08 10:00:00-04:00,2022-08-08 10:30:00-04:00,LONG,13392.25,13349.919261782243,33.8645905742052,13349.919261782243,1,1,-42.33073821775724,-846.6147643551449,SL,2022-08-08,2022-08-08,-1.0
2022-08-09,2022-08-09 10:00:00-04:00,2022-08-09 11:00:00-04:00,SHORT,13001.25,13043.564045254678,33.85123620374263,13043.564045254678,2,2,-42.314045254677694,-1692.5618101871078,SL,2022-08-09,2022-08-09,-1.0
2022-08-10,2022-08-10 10:00:00-04:00,2022-08-10 10:30:00-04:00,LONG,13318.25,13269.363610361219,39.10911171102517,13269.363610361219,1,1,-48.88638963878111,-977.7277927756222,SL,2022-08-10,2022-08-10,1.0
2022-08-11,2022-08-11 10:00:00-04:00,2022-08-11 11:30:00-04:00,LONG,13493.75,13454.844451445573,31.124438843541324,13454.844451445573,2,3,-38.90554855442679,-1556.2219421770715,SL,2022-08-11,2022-08-11,-1.0
2022-08-12,2022-08-12 10:00:00-04:00,2022-08-12 10:30:00-04:00,LONG,13425.0,13388.695079670679,29.043936263457322,13388.695079670679,1,1,-36.30492032932125,-726.098406586425,SL,2022-08-12,2022-08-12,-1.0
2022-08-15,2022-08-15 10:00:00-04:00,2022-08-15 10:30:00-04:00,LONG,13617.5,13584.206179997063,26.635056002348616,13584.206179997063,2,1,-33.29382000293663,-1331.752800117465,SL,2022-08-15,2022-08-15,-1.0
2022-08-16,2022-08-16 10:00:00-04:00,2022-08-16 12:00:00-04:00,SHORT,13611.75,13642.361293090347,24.489034472277606,13642.361293090347,1,4,-30.611293090347317,-612.2258618069463,SL,2022-08-16,2022-08-16,-1.0
2022-08-17,2022-08-17 10:00:00-04:00,2022-08-17 14:30:00-04:00,SHORT,13534.0,13577.5,28.83787184801917,13570.047339810024,2,9,-43.5,-1740.0,FC,2022-08-17,2022-08-17,-1.0
2022-08-18,2022-08-18 10:00:00-04:00,2022-08-18 10:30:00-04:00,SHORT,13452.25,13491.190227687273,31.152182149818685,13491.190227687273,1,1,-38.940227687273364,-778.8045537454673,SL,2022-08-18,2022-08-18,-1.0
2022-08-19,2022-08-19 10:00:00-04:00,2022-08-19 14:30:00-04:00,SHORT,13308.5,13259.75,32.03627962903001,13348.545349536287,2,9,48.75,1950.0,FC,2022-08-19,2022-08-19,-1.0
2022-08-22,2022-08-22 10:00:00-04:00,2022-08-22 14:30:00-04:00,SHORT,13027.5,12921.25,29.070428215795925,13063.838035269744,1,9,106.25,2125.0,FC,2022-08-22,2022-08-22,-1.0
2022-08-23,2022-08-23 10:00:00-04:00,2022-08-23 10:30:00-04:00,SHORT,12948.0,12990.108554072862,33.68684325828937,12990.108554072862,1,1,-42.10855407286181,-842.1710814572361,SL,2022-08-23,2022-08-23,-1.0
2022-08-24,2022-08-24 10:00:00-04:00,2022-08-24 10:30:00-04:00,SHORT,12904.25,12942.441868446931,30.553494757544946,12942.441868446931,2,1,-38.19186844693104,-1527.6747378772416,SL,2022-08-24,2022-08-24,-1.0
2022-08-25,2022-08-25 10:00:00-04:00,2022-08-25 11:30:00-04:00,LONG,13043.75,13005.237443837192,30.81004493024632,13005.237443837192,1,3,-38.51255616280832,-770.2511232561665,SL,2022-08-25,2022-08-25,-1.0
2022-08-26,2022-08-26 10:00:00-04:00,2022-08-26 10:30:00-04:00,LONG,13122.25,13085.848696886625,29.121042490699004,13085.848696886625,2,1,-36.401303113374524,-1456.052124534981,SL,2022-08-26,2022-08-26,-1.0
2022-08-29,2022-08-29 10:00:00-04:00,2022-08-29 10:30:00-04:00,SHORT,12533.75,12583.194299711316,39.55543976905314,12583.194299711316,1,1,-49.44429971131649,-988.8859942263298,SL,2022-08-29,2022-08-29,-1.0
2022-08-30,2022-08-30 10:00:00-04:00,2022-08-30 14:30:00-04:00,SHORT,12479.75,12285.25,37.79136819594039,12526.989210244925,2,9,194.5,7780.0,FC,2022-08-30,2022-08-30,-1.0
2022-08-31,2022-08-31 10:00:00-04:00,2022-08-31 10:30:00-04:00,LONG,12455.75,12403.169043089498,42.064765528401374,12403.169043089498,1,1,-52.58095691050221,-1051.6191382100442,SL,2022-08-31,2022-08-31,-1.0
2022-09-01,2022-09-01 10:00:00-04:00,2022-09-01 14:30:00-04:00,SHORT,12187.0,12174.0,40.78484919711535,12237.981061496394,2,9,13.0,520.0,FC,2022-09-01,2022-09-01,-1.0
2022-09-02,2022-09-02 10:00:00-04:00,2022-09-02 13:00:00-04:00,LONG,12308.5,12252.204415441955,45.036467646436385,12252.204415441955,1,6,-56.29558455804545,-1125.911691160909,SL,2022-09-02,2022-09-02,-1.0
2022-09-06,2022-09-06 10:00:00-04:00,2022-09-06 11:00:00-04:00,SHORT,12046.0,12095.53738742639,39.62990994111139,12095.53738742639,2,2,-49.537387426389614,-1981.4954970555846,SL,2022-09-06,2022-09-06,-1.0
2022-09-07,2022-09-07 10:00:00-04:00,2022-09-07 14:30:00-04:00,LONG,12078.5,12248.25,41.48328001324683,12026.645899983441,1,9,169.75,3395.0,FC,2022-09-07,2022-09-07,-1.0
2022-09-08,2022-09-08 10:00:00-04:00,2022-09-08 10:30:00-04:00,LONG,12322.0,12272.74033363059,39.407733095527696,12272.74033363059,1,1,-49.25966636940939,-985.1933273881878,SL,2022-09-08,2022-09-08,-1.0
2022-09-09,2022-09-09 10:00:00-04:00,2022-09-09 14:30:00-04:00,LONG,12578.75,12676.25,35.440964926633214,12534.448793841708,2,9,97.5,3900.0,FC,2022-09-09,2022-09-09,-1.0
2022-09-12,2022-09-12 10:00:00-04:00,2022-09-12 11:30:00-04:00,LONG,12816.25,12776.713308862118,31.62935291030523,12776.713308862118,1,3,-39.53669113788237,-790.7338227576474,SL,2022-09-12,2022-09-12,-1.0
2022-09-13,2022-09-13 10:00:00-04:00,2022-09-13 14:30:00-04:00,SHORT,12388.25,12253.5,47.25280887658714,12447.316011095734,2,9,134.75,5390.0,FC,2022-09-13,2022-09-13,-1.0
2022-09-14,2022-09-14 10:00:00-04:00,2022-09-14 11:30:00-04:00,SHORT,12193.75,12247.761300007936,43.20904000634893,12247.761300007936,1,3,-54.01130000793637,-1080.2260001587274,SL,2022-09-14,2022-09-14,-1.0
2022-09-15,2022-09-15 10:00:00-04:00,2022-09-15 14:30:00-04:00,SHORT,12203.5,12055.75,39.70567537079552,12253.132094213495,2,9,147.75,5910.0,FC,2022-09-15,2022-09-15,-1.0
2022-09-16,2022-09-16 10:00:00-04:00,2022-09-16 10:30:00-04:00,SHORT,11794.25,11840.462478844864,36.96998307589102,11840.462478844864,1,1,-46.212478844863654,-924.2495768972731,SL,2022-09-16,2022-09-16,-1.0
2022-09-19,2022-09-19 10:00:00-04:00,2022-09-19 12:30:00-04:00,LONG,11914.5,11867.012502384347,37.989998092522676,11867.012502384347,2,5,-47.48749761565341,-1899.4999046261364,SL,2022-09-19,2022-09-19,-1.0
2022-09-20,2022-09-20 10:00:00-04:00,2022-09-20 11:00:00-04:00,SHORT,11920.75,11961.942872020278,32.95429761622183,11961.942872020278,1,2,-41.19287202027772,-823.8574404055544,SL,2022-09-20,2022-09-20,-1.0
2022-09-21,2022-09-21 10:00:00-04:00,2022-09-21 14:30:00-04:00,LONG,11970.75,11847.5,32.52143747038508,11930.098203162019,2,9,-123.25,-4930.0,FC,2022-09-21,2022-09-21,-1.0
2022-09-22,2022-09-22 10:00:00-04:00,2022-09-22 14:30:00-04:00,SHORT,11591.5,11540.0,54.150215896684365,11659.187769870856,1,9,51.5,1030.0,FC,2022-09-22,2022-09-22,-1.0
2022-09-23,2022-09-23 10:00:00-04:00,2022-09-23 11:00:00-04:00,SHORT,11353.5,11407.79265065914,43.4341205273117,11407.79265065914,1,2,-54.292650659139326,-1085.8530131827865,SL,2022-09-23,2022-09-23,-1.0
2022-09-26,2022-09-26 10:00:00-04:00,2022-09-26 11:30:00-04:00,LONG,11491.25,11423.903833117556,53.876933505955556,11423.903833117556,2,3,-67.34616688244387,-2693.8466752977547,SL,2022-09-26,2022-09-26,-1.0
2022-09-27,2022-09-27 10:00:00-04:00,2022-09-27 10:30:00-04:00,LONG,11489.25,11432.687812479862,45.249750016109935,11432.687812479862,1,1,-56.56218752013774,-1131.2437504027548,SL,2022-09-27,2022-09-27,-1.0
2022-09-28,2022-09-28 10:00:00-04:00,2022-09-28 14:30:00-04:00,LONG,11311.75,11498.0,58.752733760979616,11238.309082798776,2,9,186.25,7450.0,FC,2022-09-28,2022-09-28,-1.0
2022-09-29,2022-09-29 10:00:00-04:00,2022-09-29 14:30:00-04:00,SHORT,11256.0,11133.25,52.596082263393,11321.745102829242,1,9,122.75,2455.0,FC,2022-09-29,2022-09-29,-1.0
2022-09-30,2022-09-30 10:00:00-04:00,2022-09-30 11:00:00-04:00,SHORT,11231.5,11297.979367616694,53.18349409335457,11297.979367616694,1,2,-66.47936761669371,-1329.5873523338742,SL,2022-09-30,2022-09-30,-1.0
2022-10-03,2022-10-03 10:00:00-04:00,2022-10-03 14:30:00-04:00,LONG,11091.25,11323.75,48.94418033988989,11030.069774575137,2,9,232.5,9300.0,FC,2022-10-03,2022-10-03,-1.0
2022-10-04,2022-10-04 10:00:00-04:00,2022-10-04 13:30:00-04:00,LONG,11616.75,11568.811315086778,38.35094793057757,11568.811315086778,1,7,-47.93868491322246,-958.7736982644492,SL,2022-10-04,2022-10-04,-1.0
2022-10-05,2022-10-05 10:00:00-04:00,2022-10-05 13:00:00-04:00,SHORT,11494.5,11539.125312472663,35.70024997812971,11539.125312472663,2,6,-44.6253124726627,-1785.012498906508,SL,2022-10-05,2022-10-05,-1.0
2022-10-06,2022-10-06 10:00:00-04:00,2022-10-06 10:30:00-04:00,LONG,11637.5,11583.91857253454,42.865141972368974,11583.91857253454,1,1,-53.581427465460365,-1071.6285493092073,SL,2022-10-06,2022-10-06,-1.0
2022-10-07,2022-10-07 10:00:00-04:00,2022-10-07 14:30:00-04:00,SHORT,11225.5,11097.25,48.017818013062524,11285.522272516328,2,9,128.25,5130.0,FC,2022-10-07,2022-10-07,-1.0
2022-10-10,2022-10-10 10:00:00-04:00,2022-10-10 10:30:00-04:00,SHORT,11014.25,11066.09930308467,41.479442467734906,11066.09930308467,1,1,-51.84930308466937,-1036.9860616933875,SL,2022-10-10,2022-10-10,-1.0
2022-10-11,2022-10-11 10:00:00-04:00,2022-10-11 11:00:00-04:00,SHORT,10823.5,10879.939838864546,45.15187109163723,10879.939838864546,2,2,-56.43983886454589,-2257.5935545818356,SL,2022-10-11,2022-10-11,-1.0
2022-10-12,2022-10-12 10:00:00-04:00,2022-10-12 14:30:00-04:00,SHORT,10891.0,10908.0,48.10848446365845,10951.135605579573,1,9,-17.0,-340.0,FC,2022-10-12,2022-10-12,-1.0
2022-10-13,2022-10-13 10:00:00-04:00,2022-10-13 10:30:00-04:00,SHORT,10615.0,10682.11563854878,53.6925108390229,10682.11563854878,2,1,-67.11563854877932,-2684.6255419511726,SL,2022-10-13,2022-10-13,-1.0
2022-10-14,2022-10-14 10:00:00-04:00,2022-10-14 10:30:00-04:00,LONG,11050.5,10970.034989474694,64.3720084202443,10970.034989474694,1,1,-80.46501052530584,-1609.3002105061169,SL,2022-10-14,2022-10-14,-1.0
2022-10-18,2022-10-18 10:00:00-04:00,2022-10-18 11:00:00-04:00,LONG,11307.5,11242.892113980775,51.686308815379526,11242.892113980775,2,2,-64.60788601922468,-2584.315440768987,SL,2022-10-18,2022-10-18,-1.0
2022-10-19,2022-10-19 10:00:00-04:00,2022-10-19 10:30:00-04:00,SHORT,11137.0,11201.979975825247,51.98398066019763,11201.979975825247,1,1,-64.97997582524658,-1299.5995165049317,SL,2022-10-19,2022-10-19,-1.0
2022-10-20,2022-10-20 10:00:00-04:00,2022-10-20 13:30:00-04:00,LONG,11202.5,11133.812394813915,54.95008414886772,11133.812394813915,2,7,-68.68760518608542,-2747.504207443417,SL,2022-10-20,2022-10-20,-1.0
2022-10-21,2022-10-21 10:00:00-04:00,2022-10-21 11:00:00-04:00,LONG,11155.75,11092.791300168845,50.36695986492466,11092.791300168845,1,2,-62.95869983115517,-1259.1739966231034,SL,2022-10-21,2022-10-21,-1.0
2022-10-24,2022-10-24 10:00:00-04:00,2022-10-24 10:30:00-04:00,LONG,11362.25,11294.698999491306,54.04080040695626,11294.698999491306,2,1,-67.55100050869441,-2702.0400203477766,SL,2022-10-24,2022-10-24,-1.0
2022-10-25,2022-10-25 10:00:00-04:00,2022-10-25 14:30:00-04:00,LONG,11649.25,11684.75,40.99296367080036,11598.008795411499,1,9,35.5,710.0,FC,2022-10-25,2022-10-25,-1.0
2022-10-26,2022-10-26 10:00:00-04:00,2022-10-26 10:30:00-04:00,SHORT,11482.75,11529.539005565885,37.43120445270747,11529.539005565885,1,1,-46.78900556588451,-935.7801113176902,SL,2022-10-26,2022-10-26,-1.0
2022-10-28,2022-10-28 10:00:00-04:00,2022-10-28 10:30:00-04:00,SHORT,11320.5,11385.850517186283,52.28041374902626,11385.850517186283,2,1,-65.35051718628347,-2614.0206874513387,SL,2022-10-28,2022-10-28,1.0
2022-11-01,2022-11-01 10:00:00-04:00,2022-11-01 10:30:00-04:00,LONG,11513.0,11467.89853817999,36.08116945600717,11467.89853817999,1,1,-45.10146182000972,-902.0292364001943,SL,2022-11-01,2022-11-01,-1.0
2022-11-02,2022-11-02 10:00:00-04:00,2022-11-02 14:30:00-04:00,SHORT,11279.75,11434.75,31.209057177120183,11318.7613214714,2,9,-155.0,-6200.0,FC,2022-11-02,2022-11-02,-1.0
2022-11-03,2022-11-03 10:00:00-04:00,2022-11-03 10:30:00-04:00,SHORT,10725.75,10779.294819383911,42.83585550712928,10779.294819383911,1,1,-53.54481938391109,-1070.8963876782218,SL,2022-11-03,2022-11-03,-1.0
2022-11-04,2022-11-04 10:00:00-04:00,2022-11-04 12:00:00-04:00,LONG,10844.5,10781.31456745065,50.548346039479796,10781.31456745065,2,4,-63.18543254934957,-2527.417301973983,SL,2022-11-04,2022-11-04,-1.0
2022-11-07,2022-11-07 10:00:00-05:00,2022-11-07 14:30:00-05:00,LONG,10883.5,10995.75,42.61914604430595,10830.226067444617,1,9,112.25,2245.0,FC,2022-11-07,2022-11-07,-1.0
2022-11-08,2022-11-08 10:00:00-05:00,2022-11-08 14:30:00-05:00,LONG,11064.5,10944.75,33.200297733412214,11022.999627833235,1,9,-119.75,-2395.0,FC,2022-11-08,2022-11-08,-1.0
2022-11-09,2022-11-09 10:00:00-05:00,2022-11-09 10:30:00-05:00,SHORT,10976.75,11030.904249916503,43.32339993320262,11030.904249916503,2,1,-54.15424991650252,-2166.169996660101,SL,2022-11-09,2022-11-09,-1.0
2022-11-10,2022-11-10 10:00:00-05:00,2022-11-10 11:00:00-05:00,LONG,11450.75,11383.28458904236,53.97232876611281,11383.28458904236,1,2,-67.46541095764042,-1349.3082191528083,SL,2022-11-10,2022-11-10,1.0
2022-11-11,2022-11-11 10:00:00-05:00,2022-11-11 14:30:00-05:00,LONG,11644.75,11854.25,43.646114197901206,11590.192357252623,2,9,209.5,8380.0,FC,2022-11-11,2022-11-11,1.0
2022-11-14,2022-11-14 10:00:00-05:00,2022-11-14 14:30:00-05:00,LONG,11744.75,11884.25,35.239293998368034,11700.70088250204,1,9,139.5,2790.0,FC,2022-11-14,2022-11-14,-1.0
2022-11-15,2022-11-15 10:00:00-05:00,2022-11-15 11:00:00-05:00,LONG,12031.25,11983.784074291936,37.972740566451606,11983.784074291936,1,2,-47.46592570806388,-949.3185141612776,SL,2022-11-15,2022-11-15,-1.0
2022-11-16,2022-11-16 10:00:00-05:00,2022-11-16 14:30:00-05:00,SHORT,11782.5,11762.25,41.78086971147356,11834.726087139343,2,9,20.25,810.0,FC,2022-11-16,2022-11-16,-1.0
2022-11-17,2022-11-17 10:00:00-05:00,2022-11-17 10:30:00-05:00,SHORT,11589.0,11637.244034374635,38.59522749970831,11637.244034374635,1,1,-48.24403437463479,-964.8806874926959,SL,2022-11-17,2022-11-17,-1.0
2022-11-18,2022-11-18 10:00:00-05:00,2022-11-18 10:30:00-05:00,LONG,11753.25,11708.59955648694,35.7203548104478,11708.59955648694,2,1,-44.650443513059145,-1786.0177405223658,SL,2022-11-18,2022-11-18,1.0
2022-11-21,2022-11-21 10:00:00-05:00,2022-11-21 14:30:00-05:00,SHORT,11662.5,11588.75,30.395304251440958,11700.4941303143,1,9,73.75,1475.0,FC,2022-11-21,2022-11-21,-1.0
2022-11-22,2022-11-22 10:00:00-05:00,2022-11-22 10:30:00-05:00,SHORT,11546.0,11582.567667407848,29.254133926277483,11582.567667407848,1,1,-36.56766740784769,-731.3533481569539,SL,2022-11-22,2022-11-22,1.0
2022-11-23,2022-11-23 10:00:00-05:00,2022-11-23 12:00:00-05:00,LONG,11832.5,11800.481993480367,25.6144052157061,11800.481993480367,2,4,-32.01800651963276,-1280.7202607853105,SL,2022-11-23,2022-11-23,1.0
2022-11-25,2022-11-25 10:00:00-05:00,2022-11-25 10:30:00-05:00,SHORT,11803.25,11826.260893333792,18.40871466703345,11826.260893333792,1,1,-23.01089333379241,-460.2178666758482,SL,2022-11-25,2022-11-23,1.0
2022-11-28,2022-11-28 10:00:00-05:00,2022-11-28 10:30:00-05:00,LONG,11757.5,11727.199065740026,24.24074740797881,11727.199065740026,2,1,-30.300934259974383,-1212.0373703989753,SL,2022-11-28,2022-11-28,-1.0
2022-11-29,2022-11-29 10:00:00-05:00,2022-11-29 10:30:00-05:00,SHORT,11578.5,11609.786949639898,25.029559711917972,11609.786949639898,1,1,-31.286949639898012,-625.7389927979602,SL,2022-11-29,2022-11-29,-1.0
2022-11-30,2022-11-30 10:00:00-05:00,2022-11-30 14:00:00-05:00,SHORT,11564.75,11599.034162431026,27.42732994482085,11599.034162431026,2,8,-34.284162431025834,-1371.3664972410334,SL,2022-11-30,2022-11-30,1.0
2022-12-01,2022-12-01 10:00:00-05:00,2022-12-01 10:30:00-05:00,LONG,12109.75,12067.155841519496,34.075326784403394,12067.155841519496,1,1,-42.59415848050412,-851.8831696100824,SL,2022-12-01,2022-12-01,1.0
2022-12-02,2022-12-02 10:00:00-05:00,2022-12-02 10:30:00-05:00,SHORT,11873.75,11920.369717612339,37.29577408987143,11920.369717612339,2,1,-46.61971761233872,-1864.7887044935487,SL,2022-12-02,2022-12-02,-1.0
2022-12-05,2022-12-05 10:00:00-05:00,2022-12-05 14:30:00-05:00,SHORT,11933.0,11776.0,28.50839524092519,11968.635494051157,1,9,157.0,3140.0,FC,2022-12-05,2022-12-05,-1.0
2022-12-06,2022-12-06 10:00:00-05:00,2022-12-06 14:30:00-05:00,SHORT,11664.75,11516.75,30.555631226561907,11702.944539033202,1,9,148.0,2960.0,FC,2022-12-06,2022-12-06,-1.0
2022-12-07,2022-12-07 10:00:00-05:00,2022-12-07 10:30:00-05:00,SHORT,11471.5,11513.942532546598,33.954026037278204,11513.942532546598,1,1,-42.44253254659816,-848.8506509319632,SL,2022-12-07,2022-12-07,-1.0
2022-12-08,2022-12-08 10:00:00-05:00,2022-12-08 14:30:00-05:00,LONG,11601.0,11607.0,30.735336874699275,11562.580828906626,2,9,6.0,240.0,FC,2022-12-08,2022-12-08,-1.0
2022-12-09,2022-12-09 10:00:00-05:00,2022-12-09 10:30:00-05:00,SHORT,11612.75,11657.136001123163,35.50880089853019,11657.136001123163,1,1,-44.386001123162714,-887.7200224632543,SL,2022-12-09,2022-12-09,-1.0
2022-12-12,2022-12-12 10:00:00-05:00,2022-12-12 10:30:00-05:00,LONG,11711.75,11673.50675606444,30.5945951484482,11673.50675606444,2,1,-38.2432439355598,-1529.7297574223921,SL,2022-12-12,2022-12-12,-1.0
2022-12-13,2022-12-13 10:00:00-05:00,2022-12-13 10:30:00-05:00,LONG,12257.5,12203.617466683976,43.106026652819374,12203.617466683976,1,1,-53.88253331602391,-1077.6506663204782,SL,2022-12-13,2022-12-13,-1.0
2022-12-14,2022-12-14 10:00:00-05:00,2022-12-14 14:30:00-05:00,LONG,12009.25,11879.0,35.58536707276897,11964.768291159038,2,9,-130.25,-5210.0,FC,2022-12-14,2022-12-14,-1.0
2022-12-15,2022-12-15 10:00:00-05:00,2022-12-15 14:30:00-05:00,SHORT,11573.0,11421.5,42.785017497022665,11626.481271871278,1,9,151.5,3030.0,FC,2022-12-15,2022-12-15,-1.0
2022-12-16,2022-12-16 10:00:00-05:00,2022-12-16 14:30:00-05:00,SHORT,11454.5,11297.25,37.55983881927947,11501.4497985241,1,9,157.25,3145.0,FC,2022-12-16,2022-12-16,-1.0
2022-12-19,2022-12-19 10:00:00-05:00,2022-12-19 14:30:00-05:00,SHORT,11268.75,11156.25,33.863320299828715,11311.079150374786,1,9,112.5,2250.0,FC,2022-12-19,2022-12-19,-1.0
2022-12-20,2022-12-20 10:00:00-05:00,2022-12-20 10:30:00-05:00,SHORT,11168.75,11214.015682307743,36.21254584619425,11214.015682307743,1,1,-45.26568230774319,-905.3136461548638,SL,2022-12-20,2022-12-20,-1.0
2022-12-21,2022-12-21 10:00:00-05:00,2022-12-21 14:30:00-05:00,LONG,11226.0,11361.0,30.367240660154284,11188.040949174807,2,9,135.0,5400.0,FC,2022-12-21,2022-12-21,-1.0
2022-12-27,2022-12-27 10:00:00-05:00,2022-12-27 10:30:00-05:00,SHORT,10930.25,10968.357777453592,30.486221962872722,10968.357777453592,1,1,-38.10777745359155,-762.155549071831,SL,2022-12-27,2022-12-27,-1.0
2022-12-28,2022-12-28 10:00:00-05:00,2022-12-28 14:30:00-05:00,SHORT,10950.75,10806.75,27.764961333581933,10985.456201666977,2,9,144.0,5760.0,FC,2022-12-28,2022-12-28,-1.0
2022-12-29,2022-12-29 10:00:00-05:00,2022-12-29 14:30:00-05:00,LONG,10963.25,11035.5,26.535417842707243,10930.080727696615,1,9,72.25,1445.0,FC,2022-12-29,2022-12-29,-1.0
2022-12-30,2022-12-30 10:00:00-05:00,2022-12-30 11:00:00-05:00,SHORT,10915.25,10947.109582873516,25.487666298812687,10947.109582873516,1,2,-31.859582873516047,-637.1916574703209,SL,2022-12-30,2022-12-30,-1.0
2023-01-03,2023-01-03 10:00:00-05:00,2023-01-03 14:30:00-05:00,SHORT,10993.75,10903.5,40.360303685555074,11044.200379606944,2,9,90.25,3610.0,FC,2023-01-03,2023-01-03,-1.0
2023-01-04,2023-01-04 10:00:00-05:00,2023-01-04 12:00:00-05:00,SHORT,10980.5,11023.29135015224,34.23308012179168,11023.29135015224,1,4,-42.79135015223983,-855.8270030447966,SL,2023-01-04,2023-01-04,-1.0
2023-01-05,2023-01-05 10:00:00-05:00,2023-01-05 10:30:00-05:00,SHORT,10867.75,10915.670829817236,38.33666385378891,10915.670829817236,2,1,-47.920829817236154,-1916.8331926894462,SL,2023-01-05,2023-01-05,-1.0
2023-01-06,2023-01-06 10:00:00-05:00,2023-01-06 10:30:00-05:00,SHORT,10814.5,10866.643453876539,41.714763101230886,10866.643453876539,1,1,-52.14345387653884,-1042.8690775307768,SL,2023-01-06,2023-01-06,-1.0
2023-01-09,2023-01-09 10:00:00-05:00,2023-01-09 14:00:00-05:00,LONG,11310.75,11270.940118364137,31.847905308690137,11270.940118364137,2,8,-39.80988163586335,-1592.395265434534,SL,2023-01-09,2023-01-09,-1.0
2023-01-10,2023-01-10 10:00:00-05:00,2023-01-10 11:00:00-05:00,LONG,11210.25,11169.395851279944,32.68331897604448,11169.395851279944,1,2,-40.8541487200564,-817.082974401128,SL,2023-01-10,2023-01-10,-1.0
2023-01-11,2023-01-11 10:00:00-05:00,2023-01-11 14:30:00-05:00,LONG,11336.75,11407.0,27.33031583901809,11302.587105201228,2,9,70.25,2810.0,FC,2023-01-11,2023-01-11,-1.0
2023-01-12,2023-01-12 10:00:00-05:00,2023-01-12 10:30:00-05:00,SHORT,11357.5,11412.427474393055,43.94197951444411,11412.427474393055,1,1,-54.92747439305458,-1098.5494878610916,SL,2023-01-12,2023-01-12,1.0
2023-01-13,2023-01-13 10:00:00-05:00,2023-01-13 10:30:00-05:00,SHORT,11458.0,11500.36970492676,33.89576394140721,11500.36970492676,2,1,-42.36970492675937,-1694.7881970703747,SL,2023-01-13,2023-01-13,1.0
2023-01-16,2023-01-16 10:00:00-05:00,2023-01-16 12:00:00-05:00,LONG,11599.5,11572.289203139127,21.768637488697557,11572.289203139127,1,4,-27.210796860872506,-544.2159372174501,SL,2023-01-16,2023-01-13,1.0
2023-01-17,2023-01-17 10:00:00-05:00,2023-01-17 11:30:00-05:00,LONG,11614.75,11585.064587629318,23.748329896545776,11585.064587629318,2,3,-29.68541237068166,-1187.4164948272664,SL,2023-01-17,2023-01-17,-1.0
2023-01-18,2023-01-18 10:00:00-05:00,2023-01-18 10:30:00-05:00,LONG,11719.25,11685.918901939405,26.664878448475882,11685.918901939405,1,1,-33.33109806059474,-666.6219612118948,SL,2023-01-18,2023-01-18,-1.0
2023-01-19,2023-01-19 10:00:00-05:00,2023-01-19 14:30:00-05:00,SHORT,11396.25,11432.75,29.308845945367693,11432.88605743171,2,9,-36.5,-1460.0,FC,2023-01-19,2023-01-19,-1.0
2023-01-20,2023-01-20 10:00:00-05:00,2023-01-20 14:30:00-05:00,LONG,11449.25,11614.75,27.54977918732363,11414.812776015846,1,9,165.5,3310.0,FC,2023-01-20,2023-01-20,-1.0
2023-01-23,2023-01-23 10:00:00-05:00,2023-01-23 14:30:00-05:00,LONG,11801.0,11929.5,28.066277194178568,11765.917153507276,1,9,128.5,2570.0,FC,2023-01-23,2023-01-23,1.0
2023-01-24,2023-01-24 10:00:00-05:00,2023-01-24 10:30:00-05:00,LONG,11884.25,11852.01399210242,25.788806318063237,11852.01399210242,1,1,-32.23600789757984,-644.7201579515968,SL,2023-01-24,2023-01-24,-1.0
2023-01-25,2023-01-25 10:00:00-05:00,2023-01-25 10:30:00-05:00,SHORT,11624.25,11662.420785786706,30.53662862936428,11662.420785786706,2,1,-38.17078578670589,-1526.8314314682357,SL,2023-01-25,2023-01-25,-1.0
2023-01-26,2023-01-26 10:00:00-05:00,2023-01-26 11:00:00-05:00,LONG,11975.25,11934.380096461877,32.69592283049927,11934.380096461877,1,2,-40.86990353812325,-817.3980707624651,SL,2023-01-26,2023-01-26,-1.0
2023-01-27,2023-01-27 10:00:00-05:00,2023-01-27 14:30:00-05:00,LONG,12123.0,12264.5,29.133483963073388,12086.583145046157,2,9,141.5,5660.0,FC,2023-01-27,2023-01-27,1.0
2023-01-30,2023-01-30 10:00:00-05:00,2023-01-30 10:30:00-05:00,LONG,12119.75,12079.169611916766,32.464310466586994,12079.169611916766,1,1,-40.58038808323363,-811.6077616646726,SL,2023-01-30,2023-01-30,-1.0
2023-01-31,2023-01-31 10:00:00-05:00,2023-01-31 14:30:00-05:00,LONG,11995.0,12101.0,33.3198586834543,11953.350176645683,2,9,106.0,4240.0,FC,2023-01-31,2023-01-31,-1.0
2023-02-01,2023-02-01 10:00:00-05:00,2023-02-01 10:30:00-05:00,LONG,12149.5,12117.985472905037,25.21162167597057,12117.985472905037,1,1,-31.51452709496334,-630.2905418992668,SL,2023-02-01,2023-02-01,-1.0
2023-02-02,2023-02-02 10:00:00-05:00,2023-02-02 14:30:00-05:00,LONG,12673.0,12817.75,37.120490664273355,12626.599386669659,2,9,144.75,5790.0,FC,2023-02-02,2023-02-02,1.0
2023-02-03,2023-02-03 10:00:00-05:00,2023-02-03 14:00:00-05:00,LONG,12721.25,12656.361181212054,51.91105503035596,12656.361181212054,1,8,-64.88881878794564,-1297.7763757589128,SL,2023-02-03,2023-02-03,-1.0
2023-02-06,2023-02-06 10:00:00-05:00,2023-02-06 11:30:00-05:00,SHORT,12549.25,12596.241345646607,37.593076517286455,12596.241345646607,2,3,-46.99134564660744,-1879.6538258642977,SL,2023-02-06,2023-02-06,-1.0
2023-02-07,2023-02-07 10:00:00-05:00,2023-02-07 11:00:00-05:00,SHORT,12497.75,12535.93138632374,30.54510905899286,12535.93138632374,1,2,-38.1813863237403,-763.627726474806,SL,2023-02-07,2023-02-07,-1.0
2023-02-08,2023-02-08 10:00:00-05:00,2023-02-08 11:00:00-05:00,LONG,12698.75,12651.74133686633,37.60693050693693,12651.74133686633,2,2,-47.00866313367078,-1880.3465253468312,SL,2023-02-08,2023-02-08,-1.0
2023-02-09,2023-02-09 10:00:00-05:00,2023-02-09 10:30:00-05:00,LONG,12673.5,12632.86314395004,32.5094848399671,12632.86314395004,1,1,-40.63685604995953,-812.7371209991907,SL,2023-02-09,2023-02-09,-1.0
2023-02-10,2023-02-10 10:00:00-05:00,2023-02-10 10:30:00-05:00,SHORT,12347.0,12390.12776468868,34.50221175094328,12390.12776468868,2,1,-43.127764688679235,-1725.1105875471694,SL,2023-02-10,2023-02-10,-1.0
2023-02-13,2023-02-13 10:00:00-05:00,2023-02-13 10:30:00-05:00,LONG,12461.0,12417.157225689833,35.074219448133725,12417.157225689833,1,1,-43.84277431016744,-876.8554862033488,SL,2023-02-13,2023-02-13,-1.0
2023-02-14,2023-02-14 10:00:00-05:00,2023-02-14 11:00:00-05:00,LONG,12585.5,12532.892446173619,42.08604306110478,12532.892446173619,2,2,-52.60755382638126,-2104.3021530552505,SL,2023-02-14,2023-02-14,-1.0
2023-02-15,2023-02-15 10:00:00-05:00,2023-02-15 14:30:00-05:00,LONG,12563.75,12708.0,35.14620090210844,12519.817248872365,1,9,144.25,2885.0,FC,2023-02-15,2023-02-15,-1.0
2023-02-16,2023-02-16 10:00:00-05:00,2023-02-16 10:30:00-05:00,SHORT,12564.25,12605.437006019687,32.949604815749446,12605.437006019687,1,1,-41.18700601968703,-823.7401203937407,SL,2023-02-16,2023-02-16,-1.0
2023-02-17,2023-02-17 10:00:00-05:00,2023-02-17 10:30:00-05:00,SHORT,12329.5,12371.612395795146,33.68991663611716,12371.612395795146,2,1,-42.11239579514586,-1684.4958318058343,SL,2023-02-17,2023-02-17,-1.0
2023-02-21,2023-02-21 10:00:00-05:00,2023-02-21 14:30:00-05:00,SHORT,12228.25,12119.5,34.71115221473719,12271.638940268422,1,9,108.75,2175.0,FC,2023-02-21,2023-02-21,-1.0
2023-02-22,2023-02-22 10:00:00-05:00,2023-02-22 13:30:00-05:00,SHORT,12122.5,12158.115529784787,28.492423827830226,12158.115529784787,1,7,-35.61552978478721,-712.3105956957443,SL,2023-02-22,2023-02-22,-1.0
2023-02-23,2023-02-23 10:00:00-05:00,2023-02-23 10:30:00-05:00,LONG,12232.0,12195.604984552816,29.1160123577476,12195.604984552816,2,1,-36.39501544718405,-1455.800617887362,SL,2023-02-23,2023-02-23,-1.0
2023-02-24,2023-02-24 10:00:00-05:00,2023-02-24 12:00:00-05:00,SHORT,11976.5,12014.226385482054,30.18110838564268,12014.226385482054,1,4,-37.726385482053956,-754.5277096410791,SL,2023-02-24,2023-02-24,-1.0
2023-02-27,2023-02-27 10:00:00-05:00,2023-02-27 11:00:00-05:00,LONG,12147.0,12113.744646654008,26.60428267679331,12113.744646654008,2,2,-33.25535334599226,-1330.2141338396905,SL,2023-02-27,2023-02-27,-1.0
2023-02-28,2023-02-28 10:00:00-05:00,2023-02-28 11:00:00-05:00,LONG,12092.5,12058.95949253217,26.832405974262972,12058.95949253217,1,2,-33.54050746782923,-670.8101493565846,SL,2023-02-28,2023-02-28,-1.0
2023-03-01,2023-03-01 10:00:00-05:00,2023-03-01 14:30:00-05:00,SHORT,12051.75,11949.75,26.91555488280023,12085.3944436035,2,9,102.0,4080.0,FC,2023-03-01,2023-03-01,-1.0
2023-03-02,2023-03-02 10:00:00-05:00,2023-03-02 11:30:00-05:00,SHORT,11897.0,11934.538027609624,30.030422087699787,11934.538027609624,1,3,-37.538027609623896,-750.7605521924779,SL,2023-03-02,2023-03-02,-1.0
2023-03-03,2023-03-03 10:00:00-05:00,2023-03-03 10:30:00-05:00,LONG,12189.75,12155.207253128356,27.634197497315153,12155.207253128356,2,1,-34.54274687164434,-1381.7098748657736,SL,2023-03-03,2023-03-03,1.0
2023-03-06,2023-03-06 10:00:00-05:00,2023-03-06 14:30:00-05:00,LONG,12383.0,12358.25,24.966563711275157,12351.791795360907,1,9,-24.75,-495.0,FC,2023-03-06,2023-03-06,-1.0
2023-03-07,2023-03-07 10:00:00-05:00,2023-03-07 10:30:00-05:00,LONG,12333.75,12306.664751167906,21.6681990656761,12306.664751167906,2,1,-27.085248832094294,-1083.4099532837718,SL,2023-03-07,2023-03-07,-1.0
2023-03-08,2023-03-08 10:00:00-05:00,2023-03-08 11:00:00-05:00,SHORT,12178.5,12211.680162919825,26.544130335859847,12211.680162919825,1,2,-33.18016291982531,-663.6032583965061,SL,2023-03-08,2023-03-08,-1.0
2023-03-09,2023-03-09 10:00:00-05:00,2023-03-09 10:30:00-05:00,LONG,12326.75,12290.577194214295,28.938244628563854,12290.577194214295,2,1,-36.17280578570535,-1446.912231428214,SL,2023-03-09,2023-03-09,-1.0
2023-03-10,2023-03-10 10:00:00-05:00,2023-03-10 10:30:00-05:00,SHORT,11909.0,11966.948439216225,46.358751372980166,11966.948439216225,1,1,-57.94843921622487,-1158.9687843244974,SL,2023-03-10,2023-03-10,-1.0
2023-03-13,2023-03-13 10:00:00-04:00,2023-03-13 11:30:00-04:00,SHORT,12004.75,12097.889166574778,74.51133325982236,12097.889166574778,2,3,-93.13916657477785,-3725.566662991114,SL,2023-03-13,2023-03-13,-1.0
2023-03-14,2023-03-14 10:00:00-04:00,2023-03-14 14:30:00-04:00,LONG,12260.5,12257.0,54.06707415138573,12192.916157310769,1,9,-3.5,-70.0,FC,2023-03-14,2023-03-14,-1.0
2023-03-15,2023-03-15 10:00:00-04:00,2023-03-15 12:00:00-04:00,SHORT,12209.25,12269.87324166127,48.49859332901508,12269.87324166127,2,4,-60.623241661269276,-2424.929666450771,SL,2023-03-15,2023-03-15,-1.0
2023-03-16,2023-03-16 10:00:00-04:00,2023-03-16 14:30:00-04:00,LONG,12417.25,12669.5,43.823891041444284,12362.470136198195,1,9,252.25,5045.0,FC,2023-03-16,2023-03-16,-1.0
2023-03-17,2023-03-17 10:00:00-04:00,2023-03-17 10:30:00-04:00,LONG,12747.75,12703.983207494182,35.01343400465427,12703.983207494182,1,1,-43.76679250581765,-875.335850116353,SL,2023-03-17,2023-03-17,-1.0
2023-03-20,2023-03-20 10:00:00-04:00,2023-03-20 11:00:00-04:00,SHORT,12565.0,12622.024782997583,45.61982639806693,12622.024782997583,2,2,-57.024782997583316,-2280.9913199033326,SL,2023-03-20,2023-03-20,-1.0
2023-03-21,2023-03-21 10:00:00-04:00,2023-03-21 10:30:00-04:00,LONG,12815.0,12776.746471576102,30.60282273911872,12776.746471576102,1,1,-38.25352842389839,-765.0705684779678,SL,2023-03-21,2023-03-21,-1.0
2023-03-22,2023-03-22 10:00:00-04:00,2023-03-22 14:30:00-04:00,LONG,12883.0,12985.75,23.086799368361927,12854.141500789548,2,9,102.75,4110.0,FC,2023-03-22,2023-03-22,-1.0
2023-03-23,2023-03-23 10:00:00-04:00,2023-03-23 14:30:00-04:00,LONG,12889.75,12813.75,33.274521081981455,12848.156848647523,1,9,-76.0,-1520.0,FC,2023-03-23,2023-03-23,-1.0
2023-03-24,2023-03-24 10:00:00-04:00,2023-03-24 14:30:00-04:00,SHORT,12821.25,12832.25,41.46978560055432,12873.087232000693,2,9,-11.0,-440.0,FC,2023-03-24,2023-03-24,-1.0
2023-03-27,2023-03-27 10:00:00-04:00,2023-03-27 11:00:00-04:00,LONG,12932.25,12889.65256144065,34.07795084748016,12889.65256144065,1,2,-42.59743855935085,-851.948771187017,SL,2023-03-27,2023-03-27,-1.0
2023-03-28,2023-03-28 10:00:00-04:00,2023-03-28 10:30:00-04:00,SHORT,12692.0,12725.257078082923,26.60566246633828,12725.257078082923,2,1,-33.25707808292282,-1330.2831233169127,SL,2023-03-28,2023-03-28,-1.0
2023-03-29,2023-03-29 10:00:00-04:00,2023-03-29 10:30:00-04:00,LONG,12915.5,12887.586565635986,22.33074749121121,12887.586565635986,1,1,-27.913434364014392,-558.2686872802878,SL,2023-03-29,2023-03-29,-1.0
2023-03-30,2023-03-30 10:00:00-04:00,2023-03-30 10:30:00-04:00,LONG,13080.25,13052.729064473511,22.016748421190456,13052.729064473511,2,1,-27.520935526488756,-1100.8374210595503,SL,2023-03-30,2023-03-30,1.0
2023-03-31,2023-03-31 10:00:00-04:00,2023-03-31 14:30:00-04:00,LONG,13140.5,13233.0,22.697813850187096,13112.127732687266,1,9,92.5,1850.0,FC,2023-03-31,2023-03-31,1.0
2023-04-03,2023-04-03 10:00:00-04:00,2023-04-03 11:00:00-04:00,LONG,13228.25,13199.602059832567,22.918352133946343,13199.602059832567,1,2,-28.647940167433262,-572.9588033486652,SL,2023-04-03,2023-04-03,-1.0
2023-04-04,2023-04-04 10:00:00-04:00,2023-04-04 10:30:00-04:00,LONG,13280.75,13252.444261150427,22.644591079657832,13252.444261150427,2,1,-28.305738849572663,-1132.2295539829065,SL,2023-04-04,2023-04-04,-1.0
2023-04-05,2023-04-05 10:00:00-04:00,2023-04-05 10:30:00-04:00,SHORT,13137.5,13164.759178138891,21.807342511112417,13164.759178138891,1,1,-27.259178138891002,-545.18356277782,SL,2023-04-05,2023-04-05,-1.0
2023-04-06,2023-04-06 10:00:00-04:00,2023-04-06 10:30:00-04:00,SHORT,12985.5,13015.334466761075,23.867573408860114,13015.334466761075,2,1,-29.83446676107451,-1193.3786704429804,SL,2023-04-06,2023-04-06,1.0
2023-04-10,2023-04-10 10:00:00-04:00,2023-04-10 10:30:00-04:00,SHORT,12987.0,13012.698424647224,20.55873971777864,13012.698424647224,1,1,-25.698424647223874,-513.9684929444775,SL,2023-04-10,2023-04-10,-1.0
2023-04-11,2023-04-11 10:00:00-04:00,2023-04-11 14:30:00-04:00,SHORT,13106.5,13126.5,22.697905424820853,13134.872381781026,2,9,-20.0,-800.0,FC,2023-04-11,2023-04-11,-1.0
2023-04-12,2023-04-12 10:00:00-04:00,2023-04-12 10:30:00-04:00,SHORT,13065.25,13103.68762684159,30.750101473271965,13103.68762684159,1,1,-38.43762684159083,-768.7525368318165,SL,2023-04-12,2023-04-12,-1.0
2023-04-13,2023-04-13 10:00:00-04:00,2023-04-13 14:30:00-04:00,LONG,13067.25,13204.0,28.92382455162972,13031.095219310462,2,9,136.75,5470.0,FC,2023-04-13,2023-04-13,-1.0
2023-04-14,2023-04-14 10:00:00-04:00,2023-04-14 10:30:00-04:00,LONG,13234.5,13201.040138224844,26.767889420125677,13201.040138224844,1,1,-33.45986177515624,-669.1972355031248,SL,2023-04-14,2023-04-14,-1.0
2023-04-17,2023-04-17 10:00:00-04:00,2023-04-17 10:30:00-04:00,SHORT,13162.0,13191.897800262279,23.91824020982317,13191.897800262279,2,1,-29.897800262278906,-1195.9120104911563,SL,2023-04-17,2023-04-17,-1.0
2023-04-18,2023-04-18 10:00:00-04:00,2023-04-18 10:30:00-04:00,LONG,13252.0,13226.152710122025,20.67783190238017,13226.152710122025,1,1,-25.847289877974617,-516.9457975594923,SL,2023-04-18,2023-04-18,-1.0
2023-04-19,2023-04-19 10:00:00-04:00,2023-04-19 10:30:00-04:00,SHORT,13094.75,13121.700610158057,21.560488126445932,13121.700610158057,2,1,-26.950610158057316,-1078.0244063222926,SL,2023-04-19,2023-04-19,-1.0
2023-04-20,2023-04-20 10:00:00-04:00,2023-04-20 10:30:00-04:00,SHORT,13115.75,13144.463828271153,22.971062616922644,13144.463828271153,1,1,-28.713828271153034,-574.2765654230607,SL,2023-04-20,2023-04-20,-1.0
2023-04-21,2023-04-21 10:00:00-04:00,2023-04-21 10:30:00-04:00,SHORT,12995.75,13027.179405823057,25.143524658446175,13027.179405823057,2,1,-31.429405823057095,-1257.1762329222838,SL,2023-04-21,2023-04-21,-1.0
2023-04-24,2023-04-24 10:00:00-04:00,2023-04-24 10:30:00-04:00,LONG,13100.25,13072.12539463414,22.499684292688308,13072.12539463414,1,1,-28.12460536585968,-562.4921073171936,SL,2023-04-24,2023-04-24,-1.0
2023-04-25,2023-04-25 10:00:00-04:00,2023-04-25 14:30:00-04:00,SHORT,12979.25,12857.25,21.171230994784395,13005.714038743481,2,9,122.0,4880.0,FC,2023-04-25,2023-04-25,-1.0
2023-04-26,2023-04-26 10:00:00-04:00,2023-04-26 11:30:00-04:00,SHORT,12961.0,12996.426189403755,28.34095152300481,12996.426189403755,1,3,-35.426189403755416,-708.5237880751083,SL,2023-04-26,2023-04-26,-1.0
2023-04-27,2023-04-27 10:00:00-04:00,2023-04-27 14:30:00-04:00,LONG,13023.5,13218.25,25.028980641400917,12992.21377419825,2,9,194.75,7790.0,FC,2023-04-27,2023-04-27,-1.0
2023-04-28,2023-04-28 10:00:00-04:00,2023-04-28 14:30:00-04:00,LONG,13209.0,13278.0,25.821324774170616,13176.723344032287,1,9,69.0,1380.0,FC,2023-04-28,2023-04-28,1.0
2023-05-01,2023-05-01 10:00:00-04:00,2023-05-01 10:30:00-04:00,LONG,13310.5,13283.872201398834,21.302238880933547,13283.872201398834,1,1,-26.627798601166432,-532.5559720233286,SL,2023-05-01,2023-05-01,-1.0
2023-05-02,2023-05-02 10:00:00-04:00,2023-05-02 14:30:00-04:00,SHORT,13288.25,13178.5,19.48911942031421,13312.611399275393,2,9,109.75,4390.0,FC,2023-05-02,2023-05-02,-1.0
2023-05-03,2023-05-03 10:00:00-04:00,2023-05-03 10:30:00-04:00,LONG,13232.75,13206.697108408227,20.84231327341876,13206.697108408227,1,1,-26.052891591773005,-521.0578318354601,SL,2023-05-03,2023-05-03,-1.0
2023-05-04,2023-05-04 10:00:00-04:00,2023-05-04 11:30:00-04:00,SHORT,13041.5,13077.833179669244,29.066543735395175,13077.833179669244,2,3,-36.33317966924369,-1453.3271867697476,SL,2023-05-04,2023-05-04,-1.0
2023-05-05,2023-05-05 10:00:00-04:00,2023-05-05 14:30:00-04:00,LONG,13190.75,13319.75,26.449271374995757,13157.688410781255,1,9,129.0,2580.0,FC,2023-05-05,2023-05-05,1.0
2023-05-08,2023-05-08 10:00:00-04:00,2023-05-08 14:30:00-04:00,LONG,13270.25,13340.25,18.5650437336304,13247.043695332963,1,9,70.0,1400.0,FC,2023-05-08,2023-05-08,-1.0
2023-05-09,2023-05-09 10:00:00-04:00,2023-05-09 10:30:00-04:00,LONG,13309.5,13288.984944660599,16.412044271521818,13288.984944660599,1,1,-20.515055339401442,-410.30110678802885,SL,2023-05-09,2023-05-09,-1.0
2023-05-10,2023-05-10 10:00:00-04:00,2023-05-10 11:00:00-04:00,LONG,13376.0,13346.893346492841,23.285322805726324,13346.893346492841,2,2,-29.106653507158626,-1164.266140286345,SL,2023-05-10,2023-05-10,1.0
2023-05-11,2023-05-11 10:00:00-04:00,2023-05-11 10:30:00-04:00,SHORT,13385.75,13417.493353379754,25.394682703803397,13417.493353379754,1,1,-31.7433533797539,-634.867067595078,SL,2023-05-11,2023-05-11,-1.0
2023-05-12,2023-05-12 10:00:00-04:00,2023-05-12 14:30:00-04:00,SHORT,13442.0,13324.25,19.043192597286062,13465.803990746608,2,9,117.75,4710.0,FC,2023-05-12,2023-05-12,-1.0
2023-05-15,2023-05-15 10:00:00-04:00,2023-05-15 11:00:00-04:00,SHORT,13377.0,13400.986287760734,19.189030208587436,13400.986287760734,1,2,-23.98628776073383,-479.7257552146766,SL,2023-05-15,2023-05-15,1.0
2023-05-16,2023-05-16 10:00:00-04:00,2023-05-16 10:30:00-04:00,LONG,13485.75,13461.871822954252,19.102541636598747,13461.871822954252,2,1,-23.87817704574809,-955.1270818299236,SL,2023-05-16,2023-05-16,-1.0
2023-05-17,2023-05-17 10:00:00-04:00,2023-05-17 10:30:00-04:00,SHORT,13479.0,13503.396522941068,19.517218352854115,13503.396522941068,1,1,-24.396522941067815,-487.9304588213563,SL,2023-05-17,2023-05-17,1.0
2023-05-18,2023-05-18 10:00:00-04:00,2023-05-18 14:30:00-04:00,LONG,13713.0,13788.5,18.46841694228397,13689.914478822146,2,9,75.5,3020.0,FC,2023-05-18,2023-05-18,1.0
2023-05-19,2023-05-19 10:00:00-04:00,2023-05-19 10:30:00-04:00,LONG,13896.75,13868.028900062158,22.976879950273975,13868.028900062158,1,1,-28.721099937842155,-574.4219987568431,SL,2023-05-19,2023-05-19,-1.0
2023-05-22,2023-05-22 10:00:00-04:00,2023-05-22 10:30:00-04:00,LONG,13929.25,13902.673843294711,21.260925364230644,13902.673843294711,2,1,-26.576156705288668,-1063.0462682115467,SL,2023-05-22,2023-05-22,-1.0
2023-05-23,2023-05-23 10:00:00-04:00,2023-05-23 14:30:00-04:00,SHORT,13863.5,13732.25,22.097680768487667,13891.122100960609,1,9,131.25,2625.0,FC,2023-05-23,2023-05-23,-1.0
2023-05-24,2023-05-24 10:00:00-04:00,2023-05-24 14:30:00-04:00,SHORT,13643.0,13609.25,21.67952484121705,13670.09940605152,1,9,33.75,675.0,FC,2023-05-24,2023-05-24,-1.0
2023-05-25,2023-05-25 10:00:00-04:00,2023-05-25 14:30:00-04:00,LONG,13876.25,13994.0,31.675581910812117,13836.655522611485,1,9,117.75,2355.0,FC,2023-05-25,2023-05-25,1.0
2023-05-26,2023-05-26 10:00:00-04:00,2023-05-26 14:30:00-04:00,LONG,14118.5,14325.25,29.24799821811694,14081.940002227353,1,9,206.75,4135.0,FC,2023-05-26,2023-05-26,1.0
2023-05-30,2023-05-30 10:00:00-04:00,2023-05-30 10:30:00-04:00,LONG,14443.0,14405.03230100849,30.374159193207177,14405.03230100849,1,1,-37.96769899150968,-759.3539798301936,SL,2023-05-30,2023-05-30,-1.0
2023-05-31,2023-05-31 10:00:00-04:00,2023-05-31 10:30:00-04:00,LONG,14375.75,14341.389675064409,27.488259948472688,14341.389675064409,2,1,-34.36032493559105,-1374.412997423642,SL,2023-05-31,2023-05-31,1.0
2023-06-01,2023-06-01 10:00:00-04:00,2023-06-01 11:00:00-04:00,SHORT,14307.75,14343.920364139976,28.936291311981293,14343.920364139976,1,2,-36.1703641399763,-723.407282799526,SL,2023-06-01,2023-06-01,1.0
2023-06-02,2023-06-02 10:00:00-04:00,2023-06-02 14:30:00-04:00,LONG,14481.5,14572.5,29.348532257469344,14444.814334678164,2,9,91.0,3640.0,FC,2023-06-02,2023-06-02,1.0
2023-06-05,2023-06-05 10:00:00-04:00,2023-06-05 14:30:00-04:00,LONG,14597.0,14616.0,22.86898242919345,14568.413771963507,1,9,19.0,380.0,FC,2023-06-05,2023-06-05,1.0
2023-06-06,2023-06-06 10:00:00-04:00,2023-06-06 10:30:00-04:00,SHORT,14545.5,14573.245920054245,22.196736043395912,14573.245920054245,1,1,-27.74592005424529,-554.9184010849058,SL,2023-06-06,2023-06-06,1.0
2023-06-07,2023-06-07 10:00:00-04:00,2023-06-07 10:30:00-04:00,LONG,14631.25,14604.84439589861,21.124483281112646,14604.84439589861,2,1,-26.405604101390054,-1056.2241640556022,SL,2023-06-07,2023-06-07,-1.0
2023-06-08,2023-06-08 10:00:00-04:00,2023-06-08 10:30:00-04:00,SHORT,14378.5,14414.47800343012,28.782402744095556,14414.47800343012,1,1,-35.978003430120225,-719.5600686024045,SL,2023-06-08,2023-06-07,-1.0
2023-06-09,2023-06-09 10:00:00-04:00,2023-06-09 11:00:00-04:00,LONG,14653.75,14620.79075656015,26.36739475187937,14620.79075656015,2,2,-32.95924343984916,-1318.3697375939664,SL,2023-06-09,2023-06-09,1.0
2023-06-12,2023-06-12 10:00:00-04:00,2023-06-12 14:30:00-04:00,LONG,14796.0,14888.75,25.866133171970716,14763.667333535037,1,9,92.75,1855.0,FC,2023-06-12,2023-06-12,1.0
2023-06-13,2023-06-13 10:00:00-04:00,2023-06-13 10:30:00-04:00,LONG,15024.0,14984.718223821028,31.425420943177517,14984.718223821028,1,1,-39.281776178971995,-785.6355235794399,SL,2023-06-13,2023-06-13,1.0
2023-06-14,2023-06-14 10:00:00-04:00,2023-06-14 14:30:00-04:00,LONG,15120.25,15039.0,26.400788436519697,15087.24901445435,2,9,-81.25,-3250.0,FC,2023-06-14,2023-06-14,1.0
2023-06-15,2023-06-15 10:00:00-04:00,2023-06-15 14:30:00-04:00,LONG,15201.5,15356.25,33.8400038163471,15159.199995229566,1,9,154.75,3095.0,FC,2023-06-15,2023-06-15,-1.0
2023-06-16,2023-06-16 10:00:00-04:00,2023-06-16 14:30:00-04:00,LONG,15359.0,15353.5,32.61426873912577,15318.232164076093,1,9,-5.5,-110.0,FC,2023-06-16,2023-06-16,1.0
2023-06-20,2023-06-20 10:00:00-04:00,2023-06-20 13:00:00-04:00,SHORT,15224.75,15254.872696850116,24.09815748009261,15254.872696850116,2,6,-30.12269685011597,-1204.9078740046389,SL,2023-06-20,2023-06-20,-1.0
2023-06-21,2023-06-21 10:00:00-04:00,2023-06-21 14:30:00-04:00,SHORT,15127.75,15133.0,25.124851966376767,15159.156064957971,1,9,-5.25,-105.0,FC,2023-06-21,2023-06-21,-1.0
2023-06-22,2023-06-22 10:00:00-04:00,2023-06-22 14:30:00-04:00,LONG,15083.0,15155.75,29.314700594834285,15046.356624256458,2,9,72.75,2910.0,FC,2023-06-22,2023-06-22,-1.0
2023-06-23,2023-06-23 10:00:00-04:00,2023-06-23 10:30:00-04:00,SHORT,15020.25,15060.87217489911,32.49773991928807,15060.87217489911,1,1,-40.62217489911018,-812.4434979822036,SL,2023-06-23,2023-06-23,-1.0
2023-06-26,2023-06-26 10:00:00-04:00,2023-06-26 11:00:00-04:00,LONG,15136.5,15099.527652995987,29.577877603210947,15099.527652995987,2,2,-36.9723470040135,-1478.89388016054,SL,2023-06-26,2023-06-26,-1.0
2023-06-27,2023-06-27 10:00:00-04:00,2023-06-27 10:30:00-04:00,LONG,14958.75,14926.239491755492,26.0084065956057,14926.239491755492,1,1,-32.510508244507946,-650.2101648901589,SL,2023-06-27,2023-06-27,-1.0
2023-06-28,2023-06-28 10:00:00-04:00,2023-06-28 10:30:00-04:00,LONG,15091.25,15059.48220504688,25.414235962496598,15059.48220504688,2,1,-31.767794953120756,-1270.7117981248302,SL,2023-06-28,2023-06-28,-1.0
2023-06-29,2023-06-29 10:00:00-04:00,2023-06-29 11:30:00-04:00,SHORT,15098.25,15133.407792595031,28.126234076024943,15133.407792595031,1,3,-35.157792595031424,-703.1558519006285,SL,2023-06-29,2023-06-29,-1.0
2023-06-30,2023-06-30 10:00:00-04:00,2023-06-30 14:30:00-04:00,LONG,15314.0,15362.0,26.232161046893047,15281.209798691383,2,9,48.0,1920.0,FC,2023-06-30,2023-06-30,-1.0
2023-07-03,2023-07-03 10:00:00-04:00,2023-07-03 10:30:00-04:00,LONG,15371.25,15347.105996814447,19.315202548441682,15347.105996814447,1,1,-24.14400318555272,-482.8800637110544,SL,2023-07-03,2023-06-30,-1.0
2023-07-04,2023-07-04 10:00:00-04:00,2023-07-04 10:30:00-04:00,LONG,15364.75,15349.040159481072,12.567872415142876,15349.040159481072,2,1,-15.709840518928104,-628.3936207571242,SL,2023-07-04,2023-06-30,-1.0
2023-07-05,2023-07-05 10:00:00-04:00,2023-07-05 12:00:00-04:00,LONG,15373.25,15351.397537911325,17.48196967094028,15351.397537911325,1,4,-21.852462088674656,-437.0492417734931,SL,2023-07-05,2023-07-05,-1.0
2023-07-06,2023-07-06 10:00:00-04:00,2023-07-06 12:30:00-04:00,SHORT,15158.0,15190.539839830932,26.031871864745646,15190.539839830932,2,5,-32.53983983093167,-1301.5935932372668,SL,2023-07-06,2023-07-06,-1.0
2023-07-07,2023-07-07 10:00:00-04:00,2023-07-07 10:30:00-04:00,LONG,15273.0,15239.248499779887,27.00120017609003,15239.248499779887,1,1,-33.751500220112575,-675.0300044022515,SL,2023-07-07,2023-07-07,-1.0
2023-07-10,2023-07-10 10:00:00-04:00,2023-07-10 10:30:00-04:00,SHORT,15115.0,15151.64629308291,29.31703446632736,15151.64629308291,2,1,-36.646293082909324,-1465.851723316373,SL,2023-07-10,2023-07-10,-1.0
2023-07-11,2023-07-11 10:00:00-04:00,2023-07-11 11:00:00-04:00,SHORT,15166.25,15198.365265729844,25.69221258387538,15198.365265729844,1,2,-32.115265729844396,-642.3053145968879,SL,2023-07-11,2023-07-11,-1.0
2023-07-12,2023-07-12 10:00:00-04:00,2023-07-12 12:00:00-04:00,LONG,15462.75,15431.147930582541,25.281655533967438,15431.147930582541,2,4,-31.60206941745855,-1264.082776698342,SL,2023-07-12,2023-07-12,1.0
2023-07-13,2023-07-13 10:00:00-04:00,2023-07-13 10:30:00-04:00,LONG,15606.0,15574.454545819535,25.23636334437109,15574.454545819535,1,1,-31.54545418046473,-630.9090836092946,SL,2023-07-13,2023-07-13,1.0
2023-07-14,2023-07-14 10:00:00-04:00,2023-07-14 10:30:00-04:00,LONG,15806.5,15778.515702136083,22.387438291133954,15778.515702136083,2,1,-27.984297863917163,-1119.3719145566865,SL,2023-07-14,2023-07-14,-1.0
2023-07-17,2023-07-17 10:00:00-04:00,2023-07-17 14:30:00-04:00,LONG,15740.25,15830.5,21.49332680279542,15713.383341496507,1,9,90.25,1805.0,FC,2023-07-17,2023-07-17,-1.0
2023-07-18,2023-07-18 10:00:00-04:00,2023-07-18 11:30:00-04:00,SHORT,15779.0,15804.028762606411,20.02301008512855,15804.028762606411,1,3,-25.028762606410965,-500.5752521282193,SL,2023-07-18,2023-07-18,1.0
2023-07-19,2023-07-19 10:00:00-04:00,2023-07-19 10:30:00-04:00,LONG,16002.25,15977.510989491873,19.791208406501763,15977.510989491873,2,1,-24.73901050812674,-989.5604203250696,SL,2023-07-19,2023-07-19,-1.0
2023-07-20,2023-07-20 10:00:00-04:00,2023-07-20 14:30:00-04:00,SHORT,15861.0,15613.0,25.985713454035853,15893.482141817545,1,9,248.0,4960.0,FC,2023-07-20,2023-07-20,-1.0
2023-07-21,2023-07-21 10:00:00-04:00,2023-07-21 14:30:00-04:00,SHORT,15622.25,15597.0,26.75762815164239,15655.697035189552,1,9,25.25,505.0,FC,2023-07-21,2023-07-21,1.0
2023-07-24,2023-07-24 10:00:00-04:00,2023-07-24 10:30:00-04:00,SHORT,15506.0,15539.757381652571,27.005905322056428,15539.757381652571,1,1,-33.757381652570984,-675.1476330514197,SL,2023-07-24,2023-07-24,-1.0
2023-07-25,2023-07-25 10:00:00-04:00,2023-07-25 10:30:00-04:00,LONG,15663.0,15635.075417650847,22.33966587932292,15635.075417650847,2,1,-27.924582349152843,-1116.9832939661137,SL,2023-07-25,2023-07-25,-1.0
2023-07-26,2023-07-26 10:00:00-04:00,2023-07-26 14:30:00-04:00,SHORT,15626.5,15559.75,24.25426765994876,15656.817834574937,1,9,66.75,1335.0,FC,2023-07-26,2023-07-26,-1.0
2023-07-27,2023-07-27 10:00:00-04:00,2023-07-27 10:30:00-04:00,LONG,15871.0,15835.296667548546,28.562665961163702,15835.296667548546,1,1,-35.703332451454116,-714.0666490290823,SL,2023-07-27,2023-07-27,-1.0
2023-07-28,2023-07-28 10:00:00-04:00,2023-07-28 14:30:00-04:00,LONG,15788.5,15858.25,37.67370642049472,15741.407866974381,2,9,69.75,2790.0,FC,2023-07-28,2023-07-28,-1.0
2023-07-31,2023-07-31 10:00:00-04:00,2023-07-31 14:30:00-04:00,LONG,15827.75,15828.75,29.32628199025488,15791.092147512181,1,9,1.0,20.0,FC,2023-07-31,2023-07-31,1.0
2023-08-01,2023-08-01 10:00:00-04:00,2023-08-01 10:30:00-04:00,SHORT,15779.5,15809.16582426315,23.732659410518803,15809.16582426315,1,1,-29.66582426314926,-593.3164852629852,SL,2023-08-01,2023-08-01,-1.0
2023-08-02,2023-08-02 10:00:00-04:00,2023-08-02 14:30:00-04:00,SHORT,15601.0,15496.25,31.69968711301551,15640.624608891269,2,9,104.75,4190.0,FC,2023-08-02,2023-08-02,-1.0
2023-08-03,2023-08-03 10:00:00-04:00,2023-08-03 12:00:00-04:00,SHORT,15437.0,15482.151864081725,36.121491265379255,15482.151864081725,1,4,-45.15186408172485,-903.037281634497,SL,2023-08-03,2023-08-03,-1.0
2023-08-04,2023-08-04 10:00:00-04:00,2023-08-04 11:00:00-04:00,SHORT,15448.5,15500.35696599826,41.48557279860823,15500.35696599826,2,2,-51.85696599826042,-2074.278639930417,SL,2023-08-04,2023-08-04,-1.0
2023-08-07,2023-08-07 10:00:00-04:00,2023-08-07 10:30:00-04:00,SHORT,15387.0,15428.567229360158,33.253783488127304,15428.567229360158,1,1,-41.56722936015831,-831.3445872031662,SL,2023-08-07,2023-08-07,-1.0
2023-08-08,2023-08-08 10:00:00-04:00,2023-08-08 14:30:00-04:00,SHORT,15294.0,15312.25,30.831299580262225,15332.539124475328,2,9,-18.25,-730.0,FC,2023-08-08,2023-08-08,-1.0
2023-08-09,2023-08-09 10:00:00-04:00,2023-08-09 14:30:00-04:00,SHORT,15279.25,15291.5,28.23438422639613,15314.542980282995,1,9,-12.25,-245.0,FC,2023-08-09,2023-08-09,-1.0
2023-08-10,2023-08-10 10:00:00-04:00,2023-08-10 11:00:00-04:00,LONG,15422.25,15379.478261149432,34.21739108045443,15379.478261149432,2,2,-42.771738850568,-1710.86955402272,SL,2023-08-10,2023-08-10,-1.0
2023-08-11,2023-08-11 10:00:00-04:00,2023-08-11 10:30:00-04:00,SHORT,15070.0,15112.50287098103,34.00229678482489,15112.50287098103,1,1,-42.502870981030355,-850.0574196206071,SL,2023-08-11,2023-08-11,-1.0
2023-08-14,2023-08-14 10:00:00-04:00,2023-08-14 10:30:00-04:00,SHORT,15116.5,15161.177407585526,35.741926068421876,15161.177407585526,2,1,-44.67740758552645,-1787.096303421058,SL,2023-08-14,2023-08-14,-1.0
2023-08-15,2023-08-15 10:00:00-04:00,2023-08-15 14:30:00-04:00,SHORT,15181.5,15146.75,35.17431681637448,15225.467896020467,1,9,34.75,695.0,FC,2023-08-15,2023-08-15,-1.0
2023-08-16,2023-08-16 10:00:00-04:00,2023-08-16 10:30:00-04:00,SHORT,15101.5,15137.78296642959,29.02637314367156,15137.78296642959,1,1,-36.28296642958958,-725.6593285917916,SL,2023-08-16,2023-08-16,-1.0
2023-08-17,2023-08-17 10:00:00-04:00,2023-08-17 14:30:00-04:00,SHORT,14928.75,14858.75,29.68442304229274,14965.855528802866,2,9,70.0,2800.0,FC,2023-08-17,2023-08-17,-1.0
2023-08-18,2023-08-18 10:00:00-04:00,2023-08-18 11:00:00-04:00,SHORT,14641.0,14679.074724458098,30.459779566478144,14679.074724458098,1,2,-38.07472445809799,-761.4944891619598,SL,2023-08-18,2023-08-18,-1.0
2023-08-21,2023-08-21 10:00:00-04:00,2023-08-21 10:30:00-04:00,LONG,14913.5,14876.99981493398,29.20014805281482,14876.99981493398,2,1,-36.500185066019185,-1460.0074026407674,SL,2023-08-21,2023-08-21,-1.0
2023-08-22,2023-08-22 10:00:00-04:00,2023-08-22 11:00:00-04:00,LONG,15005.0,14970.40367235501,27.677062115990935,14970.40367235501,1,2,-34.59632764498929,-691.9265528997857,SL,2023-08-22,2023-08-22,-1.0
2023-08-23,2023-08-23 10:00:00-04:00,2023-08-23 14:30:00-04:00,LONG,15094.0,15209.75,30.726167617241053,15055.59229047845,2,9,115.75,4630.0,FC,2023-08-23,2023-08-23,-1.0
2023-08-24,2023-08-24 10:00:00-04:00,2023-08-24 14:30:00-04:00,SHORT,15223.75,14969.25,34.24951704355746,15266.561896304447,1,9,254.5,5090.0,FC,2023-08-24,2023-08-24,-1.0
2023-08-28,2023-08-28 10:00:00-04:00,2023-08-28 11:00:00-04:00,LONG,15052.0,15012.146745277689,31.882603777849116,15012.146745277689,1,2,-39.85325472231125,-797.065094446225,SL,2023-08-28,2023-08-28,-1.0
2023-08-29,2023-08-29 10:00:00-04:00,2023-08-29 14:30:00-04:00,LONG,15156.5,15396.0,29.744781445521717,15119.319023193098,2,9,239.5,9580.0,FC,2023-08-29,2023-08-29,1.0
2023-08-30,2023-08-30 10:00:00-04:00,2023-08-30 10:30:00-04:00,LONG,15465.0,15431.343003284914,26.925597372068356,15431.343003284914,1,1,-33.65699671508628,-673.1399343017256,SL,2023-08-30,2023-08-30,1.0
2023-08-31,2023-08-31 10:00:00-04:00,2023-08-31 12:30:00-04:00,LONG,15566.5,15533.511907093236,26.3904743254105,15533.511907093236,2,5,-32.988092906763995,-1319.5237162705598,SL,2023-08-31,2023-08-31,-1.0
2023-09-01,2023-09-01 10:00:00-04:00,2023-09-01 10:30:00-04:00,LONG,15559.5,15522.952492386927,29.238006090458402,15522.952492386927,1,1,-36.54750761307332,-730.9501522614664,SL,2023-09-01,2023-09-01,-1.0
2023-09-05,2023-09-05 10:00:00-04:00,2023-09-05 10:30:00-04:00,SHORT,15462.5,15497.87666020187,28.301328161496173,15497.87666020187,2,1,-35.37666020186953,-1415.066408074781,SL,2023-09-05,2023-09-05,-1.0
2023-09-06,2023-09-06 10:00:00-04:00,2023-09-06 14:30:00-04:00,SHORT,15482.75,15370.0,23.824466298877834,15512.530582873598,1,9,112.75,2255.0,FC,2023-09-06,2023-09-06,-1.0
2023-09-07,2023-09-07 10:00:00-04:00,2023-09-07 10:30:00-04:00,SHORT,15192.75,15228.104226714946,28.283381371957027,15228.104226714946,1,1,-35.35422671494598,-707.0845342989196,SL,2023-09-07,2023-09-07,-1.0
2023-09-08,2023-09-08 10:00:00-04:00,2023-09-08 11:30:00-04:00,LONG,15332.75,15295.892632684267,29.485893852586933,15295.892632684267,2,3,-36.85736731573343,-1474.294692629337,SL,2023-09-08,2023-09-08,-1.0
2023-09-11,2023-09-11 10:00:00-04:00,2023-09-11 14:30:00-04:00,LONG,15563.25,15676.75,27.51882638021506,15528.851467024731,1,9,113.5,2270.0,FC,2023-09-11,2023-09-11,1.0
2023-09-12,2023-09-12 10:00:00-04:00,2023-09-12 10:30:00-04:00,LONG,15650.25,15621.568041235203,22.945567011837564,15621.568041235203,1,1,-28.681958764796946,-573.6391752959389,SL,2023-09-12,2023-09-12,-1.0
2023-09-13,2023-09-13 10:00:00-04:00,2023-09-13 10:30:00-04:00,LONG,15547.25,15511.262915904226,28.78966727661884,15511.262915904226,2,1,-35.98708409577375,-1439.48336383095,SL,2023-09-13,2023-09-13,-1.0
2023-09-14,2023-09-14 10:00:00-04:00,2023-09-14 11:00:00-04:00,SHORT,15582.25,15618.110220334529,28.68817626762268,15618.110220334529,1,2,-35.860220334529004,-717.2044066905801,SL,2023-09-14,2023-09-14,-1.0
2023-09-15,2023-09-15 10:00:00-04:00,2023-09-15 14:30:00-04:00,SHORT,15512.0,15366.0,27.352096174212228,15546.190120217765,2,9,146.0,5840.0,FC,2023-09-15,2023-09-15,-1.0
2023-09-18,2023-09-18 10:00:00-04:00,2023-09-18 12:00:00-04:00,SHORT,15409.5,15440.22249220642,24.577993765136366,15440.22249220642,1,4,-30.7224922064197,-614.449844128394,SL,2023-09-18,2023-09-18,-1.0
2023-09-19,2023-09-19 10:00:00-04:00,2023-09-19 13:30:00-04:00,SHORT,15303.75,15331.2769599381,22.021567950481085,15331.2769599381,2,7,-27.526959938100845,-1101.0783975240338,SL,2023-09-19,2023-09-19,-1.0
2023-09-20,2023-09-20 10:00:00-04:00,2023-09-20 10:30:00-04:00,LONG,15412.25,15385.847382226639,21.122094218688485,15385.847382226639,1,1,-26.40261777336127,-528.0523554672254,SL,2023-09-20,2023-09-20,-1.0
2023-09-21,2023-09-21 10:00:00-04:00,2023-09-21 10:30:00-04:00,SHORT,14933.5,14969.542909132997,28.834327306397647,14969.542909132997,2,1,-36.04290913299701,-1441.7163653198804,SL,2023-09-21,2023-09-21,-1.0
2023-09-22,2023-09-22 10:00:00-04:00,2023-09-22 11:00:00-04:00,SHORT,14949.75,14982.34649505713,26.077196045704156,14982.34649505713,1,2,-32.596495057130596,-651.9299011426119,SL,2023-09-22,2023-09-22,-1.0
2023-09-25,2023-09-25 10:00:00-04:00,2023-09-25 11:30:00-04:00,SHORT,14876.0,14916.448267219052,32.35861377524058,14916.448267219052,2,3,-40.44826721905156,-1617.9306887620623,SL,2023-09-25,2023-09-25,-1.0
2023-09-26,2023-09-26 10:00:00-04:00,2023-09-26 14:30:00-04:00,SHORT,14772.5,14709.25,30.617767537475338,14810.772209421844,1,9,63.25,1265.0,FC,2023-09-26,2023-09-26,-1.0
2023-09-27,2023-09-27 10:00:00-04:00,2023-09-27 14:30:00-04:00,SHORT,14764.25,14674.0,26.19165964163809,14796.989574552048,1,9,90.25,1805.0,FC,2023-09-27,2023-09-27,-1.0
2023-09-28,2023-09-28 10:00:00-04:00,2023-09-28 11:00:00-04:00,LONG,14744.25,14699.412955229636,35.869635816291535,14699.412955229636,1,2,-44.83704477036372,-896.7408954072744,SL,2023-09-28,2023-09-28,-1.0
2023-09-29,2023-09-29 10:00:00-04:00,2023-09-29 10:30:00-04:00,LONG,15032.5,14991.252214022905,32.99822878167585,14991.252214022905,2,1,-41.24778597709519,-1649.9114390838076,SL,2023-09-29,2023-09-29,-1.0
2023-10-02,2023-10-02 10:00:00-04:00,2023-10-02 13:30:00-04:00,LONG,14921.25,14876.803154746953,35.557476202437215,14876.803154746953,1,7,-44.446845253047286,-888.9369050609457,SL,2023-10-02,2023-10-02,-1.0
2023-10-03,2023-10-03 10:00:00-04:00,2023-10-03 10:30:00-04:00,LONG,14950.0,14904.265440254816,36.58764779614778,14904.265440254816,2,1,-45.734559745184015,-1829.3823898073606,SL,2023-10-03,2023-10-03,-1.0
2023-10-04,2023-10-04 10:00:00-04:00,2023-10-04 10:30:00-04:00,LONG,14801.75,14753.655461640852,38.475630687317725,14753.655461640852,1,1,-48.09453835914792,-961.8907671829584,SL,2023-10-04,2023-10-04,-1.0
2023-10-05,2023-10-05 10:00:00-04:00,2023-10-05 14:30:00-04:00,SHORT,14847.75,14865.0,36.38063213203727,14893.225790165046,2,9,-17.25,-690.0,FC,2023-10-05,2023-10-05,-1.0
2023-10-06,2023-10-06 10:00:00-04:00,2023-10-06 10:30:00-04:00,SHORT,14762.25,14810.598840080076,38.679072064061494,14810.598840080076,1,1,-48.348840080076116,-966.9768016015223,SL,2023-10-06,2023-10-06,1.0
2023-10-09,2023-10-09 10:00:00-04:00,2023-10-09 10:30:00-04:00,LONG,15054.5,15008.740763059768,36.60738955218552,15008.740763059768,2,1,-45.75923694023186,-1830.3694776092743,SL,2023-10-09,2023-10-09,-1.0
2023-10-10,2023-10-10 10:00:00-04:00,2023-10-10 14:30:00-04:00,LONG,15240.5,15275.75,28.181770890754546,15205.272786386557,1,9,35.25,705.0,FC,2023-10-10,2023-10-10,-1.0
2023-10-11,2023-10-11 10:00:00-04:00,2023-10-11 12:00:00-04:00,LONG,15330.25,15298.495430999668,25.403655200265785,15298.495430999668,1,4,-31.754569000331685,-635.0913800066337,SL,2023-10-11,2023-10-11,-1.0
2023-10-12,2023-10-12 10:00:00-04:00,2023-10-12 13:30:00-04:00,LONG,15385.75,15356.480207483617,23.415834013106377,15356.480207483617,2,7,-29.26979251638295,-1170.791700655318,SL,2023-10-12,2023-10-12,-1.0
2023-10-13,2023-10-13 10:00:00-04:00,2023-10-13 10:30:00-04:00,LONG,15344.75,15310.324538108254,27.540369513397,15310.324538108254,1,1,-34.42546189174573,-688.5092378349145,SL,2023-10-13,2023-10-13,-1.0
2023-10-16,2023-10-16 10:00:00-04:00,2023-10-16 14:30:00-04:00,LONG,15227.5,15303.25,31.141352780912484,15188.57330902386,2,9,75.75,3030.0,FC,2023-10-16,2023-10-16,-1.0
2023-10-17,2023-10-17 10:00:00-04:00,2023-10-17 10:30:00-04:00,SHORT,15079.0,15116.805031450867,30.2440251606938,15116.805031450867,1,1,-37.80503145086732,-756.1006290173464,SL,2023-10-17,2023-10-17,-1.0
2023-10-18,2023-10-18 10:00:00-04:00,2023-10-18 10:30:00-04:00,SHORT,15164.5,15201.72937896681,29.783503173446945,15201.72937896681,2,1,-37.229378966809236,-1489.1751586723694,SL,2023-10-18,2023-10-18,-1.0
2023-10-19,2023-10-19 10:00:00-04:00,2023-10-19 10:30:00-04:00,SHORT,15058.0,15100.888376662971,34.31070133037734,15100.888376662971,1,1,-42.888376662971496,-857.7675332594299,SL,2023-10-19,2023-10-19,-1.0
2023-10-20,2023-10-20 10:00:00-04:00,2023-10-20 14:30:00-04:00,SHORT,14837.5,14707.5,35.70267151109475,14882.128339388868,2,9,130.0,5200.0,FC,2023-10-20,2023-10-20,-1.0
2023-10-23,2023-10-23 10:00:00-04:00,2023-10-23 10:30:00-04:00,SHORT,14636.5,14687.618797846279,40.89503827702328,14687.618797846279,1,1,-51.11879784627854,-1022.3759569255708,SL,2023-10-23,2023-10-23,-1.0
2023-10-24,2023-10-24 10:00:00-04:00,2023-10-24 10:30:00-04:00,LONG,14827.5,14787.66295081093,31.86963935125577,14787.66295081093,2,1,-39.83704918906915,-1593.481967562766,SL,2023-10-24,2023-10-24,-1.0
2023-10-25,2023-10-25 10:00:00-04:00,2023-10-25 14:30:00-04:00,SHORT,14651.5,14485.0,32.60608862076535,14692.257610775956,1,9,166.5,3330.0,FC,2023-10-25,2023-10-25,-1.0
2023-10-26,2023-10-26 10:00:00-04:00,2023-10-26 11:00:00-04:00,SHORT,14330.5,14380.28159592421,39.82527673936806,14380.28159592421,1,2,-49.781595924210706,-995.6319184842141,SL,2023-10-26,2023-10-26,-1.0
2023-10-27,2023-10-27 10:00:00-04:00,2023-10-27 11:30:00-04:00,SHORT,14327.25,14372.303019318186,36.042415454549314,14372.303019318186,2,3,-45.05301931818576,-1802.1207727274304,SL,2023-10-27,2023-10-27,-1.0
2023-10-30,2023-10-30 10:00:00-04:00,2023-10-30 10:30:00-04:00,LONG,14450.75,14413.527352413932,29.778118068854194,14413.527352413932,1,1,-37.22264758606798,-744.4529517213596,SL,2023-10-30,2023-10-30,-1.0
2023-10-31,2023-10-31 10:00:00-04:00,2023-10-31 10:30:00-04:00,SHORT,14340.0,14380.820544981423,32.65643598513821,14380.820544981423,2,1,-40.820544981423154,-1632.8217992569262,SL,2023-10-31,2023-10-31,-1.0
2023-11-01,2023-11-01 10:00:00-04:00,2023-11-01 14:30:00-04:00,LONG,14547.0,14613.75,30.254512480512865,14509.18185939936,1,9,66.75,1335.0,FC,2023-11-01,2023-11-01,-1.0
2023-11-02,2023-11-02 10:00:00-04:00,2023-11-02 10:30:00-04:00,LONG,14916.5,14881.734300502329,27.8125595981369,14881.734300502329,1,1,-34.76569949767145,-695.313989953429,SL,2023-11-02,2023-11-02,-1.0
2023-11-03,2023-11-03 10:00:00-04:00,2023-11-03 10:30:00-04:00,LONG,15124.25,15091.081523447136,26.534781242291384,15091.081523447136,2,1,-33.16847655286438,-1326.739062114575,SL,2023-11-03,2023-11-03,-1.0
2023-11-07,2023-11-07 10:00:00-05:00,2023-11-07 14:30:00-05:00,LONG,15297.75,15403.5,23.981754267099806,15267.772807166126,1,9,105.75,2115.0,FC,2023-11-07,2023-11-07,-1.0
2023-11-08,2023-11-08 10:00:00-05:00,2023-11-08 10:30:00-05:00,LONG,15390.0,15365.757239415783,19.394208467374042,15365.757239415783,1,1,-24.24276058421674,-484.8552116843348,SL,2023-11-08,2023-11-08,1.0
2023-11-09,2023-11-09 10:00:00-05:00,2023-11-09 10:30:00-05:00,LONG,15423.0,15398.669369987023,19.46450401038231,15398.669369987023,2,1,-24.330630012977053,-973.2252005190821,SL,2023-11-09,2023-11-09,-1.0
2023-11-13,2023-11-13 10:00:00-05:00,2023-11-13 14:30:00-05:00,LONG,15490.5,15585.25,24.39076959868583,15460.011538001643,1,9,94.75,1895.0,FC,2023-11-13,2023-11-13,-1.0
2023-11-14,2023-11-14 10:00:00-05:00,2023-11-14 14:30:00-05:00,LONG,15862.5,15855.25,29.030426467238648,15826.211966915951,1,9,-7.25,-145.0,FC,2023-11-14,2023-11-14,1.0
2023-11-15,2023-11-15 10:00:00-05:00,2023-11-15 12:30:00-05:00,LONG,15918.0,15884.970651887248,26.42347849020121,15884.970651887248,2,5,-33.029348112751904,-1321.1739245100762,SL,2023-11-15,2023-11-15,-1.0
2023-11-16,2023-11-16 10:00:00-05:00,2023-11-16 10:30:00-05:00,LONG,15889.25,15857.655121095928,25.275903123257564,15857.655121095928,1,1,-31.594878904072175,-631.8975780814435,SL,2023-11-16,2023-11-16,1.0
2023-11-17,2023-11-17 10:00:00-05:00,2023-11-17 13:30:00-05:00,SHORT,15873.5,15899.945146510197,21.156117208157934,15899.945146510197,2,7,-26.445146510197446,-1057.8058604078979,SL,2023-11-17,2023-11-17,-1.0
2023-11-20,2023-11-20 10:00:00-05:00,2023-11-20 10:30:00-05:00,LONG,15996.25,15968.89249190471,21.88600647623282,15968.89249190471,1,1,-27.35750809529054,-547.1501619058108,SL,2023-11-20,2023-11-20,1.0
2023-11-21,2023-11-21 10:00:00-05:00,2023-11-21 14:30:00-05:00,SHORT,15985.25,15973.75,19.297668400208764,16009.372085500261,2,9,11.5,460.0,FC,2023-11-21,2023-11-21,-1.0
2023-11-22,2023-11-22 10:00:00-05:00,2023-11-22 10:30:00-05:00,LONG,16066.5,16034.797561172558,25.361951061953228,16034.797561172558,1,1,-31.702438827442165,-634.0487765488433,SL,2023-11-22,2023-11-22,-1.0
2023-11-27,2023-11-27 10:00:00-05:00,2023-11-27 14:30:00-05:00,LONG,16008.25,16039.75,18.136203142497717,15985.579746071879,2,9,31.5,1260.0,FC,2023-11-27,2023-11-27,-1.0
2023-11-28,2023-11-28 10:00:00-05:00,2023-11-28 10:30:00-05:00,SHORT,15967.5,15991.692054209718,19.353643367774378,15991.692054209718,1,1,-24.192054209717753,-483.84108419435506,SL,2023-11-28,2023-11-28,-1.0
2023-11-29,2023-11-29 10:00:00-05:00,2023-11-29 10:30:00-05:00,LONG,16194.25,16168.107072398867,20.91434208090642,16168.107072398867,2,1,-26.142927601133124,-1045.717104045325,SL,2023-11-29,2023-11-29,1.0
2023-11-30,2023-11-30 10:00:00-05:00,2023-11-30 14:30:00-05:00,SHORT,15977.0,15888.25,22.82176381844565,16005.527204773058,1,9,88.75,1775.0,FC,2023-11-30,2023-11-30,-1.0
2023-12-01,2023-12-01 10:00:00-05:00,2023-12-01 10:30:00-05:00,SHORT,15913.75,15941.88792298183,22.510338385464742,15941.88792298183,1,1,-28.137922981830343,-562.7584596366069,SL,2023-12-01,2023-12-01,1.0
2023-12-04,2023-12-04 10:00:00-05:00,2023-12-04 14:30:00-05:00,SHORT,15839.75,15829.25,32.55993204734635,15880.449915059184,2,9,10.5,420.0,FC,2023-12-04,2023-12-04,-1.0
2023-12-05,2023-12-05 10:00:00-05:00,2023-12-05 14:30:00-05:00,LONG,15854.5,15892.5,27.617610356173973,15819.977987054783,1,9,38.0,760.0,FC,2023-12-05,2023-12-05,-1.0
2023-12-06,2023-12-06 10:00:00-05:00,2023-12-06 10:30:00-05:00,LONG,16148.75,16111.043626127497,30.16509909800174,16111.043626127497,1,1,-37.70637387250281,-754.1274774500562,SL,2023-12-06,2023-12-05,-1.0
2023-12-07,2023-12-07 10:00:00-05:00,2023-12-07 10:30:00-05:00,SHORT,15907.0,15943.852892286655,29.482313829323722,15943.852892286655,2,1,-36.85289228665533,-1474.1156914662133,SL,2023-12-07,2023-12-07,-1.0
2023-12-08,2023-12-08 10:00:00-05:00,2023-12-08 10:30:00-05:00,SHORT,15991.25,16024.512291027331,26.60983282186463,16024.512291027331,1,1,-33.26229102733123,-665.2458205466246,SL,2023-12-08,2023-12-08,-1.0
2023-12-11,2023-12-11 10:00:00-05:00,2023-12-11 12:00:00-05:00,LONG,16373.0,16337.644699331697,28.28424053464199,16337.644699331697,2,4,-35.355300668303244,-1414.2120267321297,SL,2023-12-11,2023-12-11,1.0
2023-12-12,2023-12-12 10:00:00-05:00,2023-12-12 14:30:00-05:00,LONG,16467.25,16532.5,24.276435202299858,16436.904455997126,1,9,65.25,1305.0,FC,2023-12-12,2023-12-12,1.0
2023-12-13,2023-12-13 10:00:00-05:00,2023-12-13 13:00:00-05:00,LONG,16610.5,16588.828324552775,17.337340357779222,16588.828324552775,1,6,-21.671675447225425,-433.4335089445085,SL,2023-12-13,2023-12-13,1.0
2023-12-14,2023-12-14 10:00:00-05:00,2023-12-14 10:30:00-05:00,LONG,16849.25,16816.73280407713,26.013756738293964,16816.73280407713,2,1,-32.51719592286827,-1300.6878369147307,SL,2023-12-14,2023-12-14,1.0
2023-12-15,2023-12-15 10:00:00-05:00,2023-12-15 14:00:00-05:00,LONG,16821.75,16791.430304475824,24.255756419340354,16791.430304475824,1,8,-30.319695524176495,-606.3939104835299,SL,2023-12-15,2023-12-15,1.0
2023-12-18,2023-12-18 10:00:00-05:00,2023-12-18 14:30:00-05:00,LONG,16878.5,16956.25,21.199479047482097,16852.000651190647,2,9,77.75,3110.0,FC,2023-12-18,2023-12-18,-1.0
2023-12-19,2023-12-19 10:00:00-05:00,2023-12-19 10:30:00-05:00,LONG,16981.0,16958.82142365347,17.742861077225434,16958.82142365347,1,1,-22.178576346530463,-443.57152693060925,SL,2023-12-19,2023-12-19,1.0
2023-12-20,2023-12-20 10:00:00-05:00,2023-12-20 14:30:00-05:00,LONG,17016.5,17011.25,16.77070553507217,16995.53661808116,2,9,-5.25,-210.0,FC,2023-12-20,2023-12-20,-1.0
2023-12-21,2023-12-21 10:00:00-05:00,2023-12-21 10:30:00-05:00,SHORT,16893.5,16923.917069194773,24.333655355819396,16923.917069194773,1,1,-30.41706919477292,-608.3413838954584,SL,2023-12-21,2023-12-21,-1.0
2023-12-22,2023-12-22 10:00:00-05:00,2023-12-22 11:30:00-05:00,LONG,17022.5,16994.06418802801,22.74864957759252,16994.06418802801,2,3,-28.435811971990915,-1137.4324788796366,SL,2023-12-22,2023-12-22,-1.0
2023-12-27,2023-12-27 10:00:00-05:00,2023-12-27 10:30:00-05:00,LONG,17115.5,17088.20449708947,21.83640232842217,17088.20449708947,1,1,-27.29550291052874,-545.9100582105748,SL,2023-12-27,2023-12-27,0.0
2023-12-28,2023-12-28 10:00:00-05:00,2023-12-28 10:30:00-05:00,LONG,17124.5,17104.912625050154,15.66989995987757,17104.912625050154,2,1,-19.58737494984598,-783.4949979938392,SL,2023-12-28,2023-12-28,1.0
2024-01-02,2024-01-02 10:00:00-05:00,2024-01-02 14:30:00-05:00,SHORT,16763.5,16698.75,26.272554464168227,16796.340693080212,1,9,64.75,1295.0,FC,2024-01-02,2024-01-02,-1.0
2024-01-03,2024-01-03 10:00:00-05:00,2024-01-03 10:30:00-05:00,SHORT,16613.75,16646.35244973985,26.081959791879683,16646.35244973985,1,1,-32.60244973985027,-652.0489947970054,SL,2024-01-03,2024-01-03,-1.0
2024-01-04,2024-01-04 10:00:00-05:00,2024-01-04 10:30:00-05:00,SHORT,16460.75,16492.894222759056,25.715378207243422,16492.894222759056,2,1,-32.14422275905599,-1285.7689103622397,SL,2024-01-04,2024-01-04,-1.0
2024-01-05,2024-01-05 10:00:00-05:00,2024-01-05 13:30:00-05:00,LONG,16471.5,16436.879259663732,27.696592269013713,16436.879259663732,1,7,-34.62074033626777,-692.4148067253554,SL,2024-01-05,2024-01-05,-1.0
2024-01-08,2024-01-08 10:00:00-05:00,2024-01-08 14:30:00-05:00,LONG,16628.5,16756.5,34.44092388784189,16585.4488451402,2,9,128.0,5120.0,FC,2024-01-08,2024-01-08,1.0
2024-01-09,2024-01-09 10:00:00-05:00,2024-01-09 14:30:00-05:00,LONG,16705.0,16816.25,23.213277309802443,16675.98340336275,1,9,111.25,2225.0,FC,2024-01-09,2024-01-09,-1.0
2024-01-10,2024-01-10 10:00:00-05:00,2024-01-10 10:30:00-05:00,LONG,16837.25,16806.86050994946,24.3115920404325,16806.86050994946,1,1,-30.38949005054019,-607.7898010108038,SL,2024-01-10,2024-01-10,1.0
2024-01-11,2024-01-11 10:00:00-05:00,2024-01-11 10:30:00-05:00,LONG,16958.25,16918.8365345845,31.53077233239966,16918.8365345845,2,1,-39.41346541549865,-1576.538616619946,SL,2024-01-11,2024-01-11,-1.0
2024-01-12,2024-01-12 10:00:00-05:00,2024-01-12 10:30:00-05:00,LONG,16986.25,16943.881181145676,33.895055083458615,16943.881181145676,1,1,-42.36881885432376,-847.3763770864753,SL,2024-01-12,2024-01-12,-1.0
2024-01-16,2024-01-16 10:00:00-05:00,2024-01-16 10:30:00-05:00,SHORT,16913.75,16956.687972666055,34.35037813284443,16956.687972666055,2,1,-42.93797266605543,-1717.5189066422172,SL,2024-01-16,2024-01-16,-1.0
2024-01-17,2024-01-17 10:00:00-05:00,2024-01-17 10:30:00-05:00,SHORT,16707.0,16750.014073232865,34.411258586292156,16750.014073232865,1,1,-43.014073232865485,-860.2814646573097,SL,2024-01-17,2024-01-17,-1.0
2024-01-18,2024-01-18 10:00:00-05:00,2024-01-18 10:30:00-05:00,LONG,17027.75,16989.76480611669,30.38815510664778,16989.76480611669,2,1,-37.985193883308966,-1519.4077553323586,SL,2024-01-18,2024-01-18,1.0
2024-01-19,2024-01-19 10:00:00-05:00,2024-01-19 10:30:00-05:00,LONG,17208.5,17172.55527646816,28.75577882547362,17172.55527646816,1,1,-35.94472353184028,-718.8944706368056,SL,2024-01-19,2024-01-19,1.0
2024-01-22,2024-01-22 10:00:00-05:00,2024-01-22 10:30:00-05:00,LONG,17540.25,17502.068459671027,30.545232263177105,17502.068459671027,2,1,-38.181540328972915,-1527.2616131589166,SL,2024-01-22,2024-01-22,-1.0
2024-01-23,2024-01-23 10:00:00-05:00,2024-01-23 10:30:00-05:00,LONG,17473.75,17441.2896131487,25.9683094810395,17441.2896131487,1,1,-32.46038685130043,-649.2077370260085,SL,2024-01-23,2024-01-23,1.0
2024-01-24,2024-01-24 10:00:00-05:00,2024-01-24 10:30:00-05:00,LONG,17669.75,17641.486040627122,22.61116749830135,17641.486040627122,2,1,-28.263959372878162,-1130.5583749151265,SL,2024-01-24,2024-01-24,1.0
2024-01-25,2024-01-25 10:00:00-05:00,2024-01-25 13:30:00-05:00,LONG,17668.5,17631.422128823673,29.662296941060877,17631.422128823673,1,7,-37.07787117632688,-741.5574235265376,SL,2024-01-25,2024-01-25,-1.0
2024-01-26,2024-01-26 10:00:00-05:00,2024-01-26 11:00:00-05:00,SHORT,17548.75,17590.52194364672,33.417554917374275,17590.52194364672,2,2,-41.77194364671959,-1670.8777458687837,SL,2024-01-26,2024-01-26,-1.0
2024-01-29,2024-01-29 10:00:00-05:00,2024-01-29 10:30:00-05:00,LONG,17558.25,17526.306659633796,25.554672292962128,17526.306659633796,1,1,-31.94334036620421,-638.8668073240842,SL,2024-01-29,2024-01-29,-1.0
2024-01-30,2024-01-30 10:00:00-05:00,2024-01-30 10:30:00-05:00,LONG,17669.25,17641.712864928686,22.029708057050517,17641.712864928686,2,1,-27.53713507131397,-1101.4854028525588,SL,2024-01-30,2024-01-30,-1.0
2024-01-31,2024-01-31 10:00:00-05:00,2024-01-31 14:30:00-05:00,SHORT,17369.5,17330.75,30.392751189683707,17407.490938987106,1,9,38.75,775.0,FC,2024-01-31,2024-01-31,-1.0
2024-02-01,2024-02-01 10:00:00-05:00,2024-02-01 10:30:00-05:00,SHORT,17303.5,17343.63604832182,32.10883865745586,17343.63604832182,1,1,-40.136048321819544,-802.7209664363909,SL,2024-02-01,2024-02-01,-1.0
2024-02-02,2024-02-02 10:00:00-05:00,2024-02-02 14:30:00-05:00,LONG,17594.0,17748.0,37.52004092635997,17547.09994884205,2,9,154.0,6160.0,FC,2024-02-02,2024-02-02,-1.0
2024-02-05,2024-02-05 10:00:00-05:00,2024-02-05 10:30:00-05:00,LONG,17704.25,17667.2012337059,29.63901303528123,17667.2012337059,1,1,-37.04876629410137,-740.9753258820274,SL,2024-02-05,2024-02-05,-1.0
2024-02-06,2024-02-06 10:00:00-05:00,2024-02-06 14:30:00-05:00,SHORT,17654.0,17594.5,28.056909673849475,17689.071137092313,2,9,59.5,2380.0,FC,2024-02-06,2024-02-06,-1.0
2024-02-07,2024-02-07 10:00:00-05:00,2024-02-07 14:30:00-05:00,LONG,17745.75,17840.5,26.467184796849192,17712.66601900394,1,9,94.75,1895.0,FC,2024-02-07,2024-02-07,1.0
2024-02-08,2024-02-08 10:00:00-05:00,2024-02-08 11:00:00-05:00,LONG,17851.0,17824.20546251796,21.435629985631785,17824.20546251796,1,2,-26.79453748204105,-535.890749640821,SL,2024-02-08,2024-02-08,1.0
2024-02-09,2024-02-09 10:00:00-05:00,2024-02-09 14:30:00-05:00,LONG,17939.5,18051.0,22.229609583646,17911.71298802044,2,9,111.5,4460.0,FC,2024-02-09,2024-02-09,1.0
2024-02-12,2024-02-12 10:00:00-05:00,2024-02-12 10:30:00-05:00,LONG,18040.5,18020.00361416692,16.397108666466128,18020.00361416692,1,1,-20.49638583308115,-409.927716661623,SL,2024-02-12,2024-02-12,-1.0
2024-02-13,2024-02-13 10:00:00-05:00,2024-02-13 10:30:00-05:00,SHORT,17674.5,17715.218671418414,32.57493713473138,17715.218671418414,2,1,-40.71867141841358,-1628.7468567365431,SL,2024-02-13,2024-02-13,-1.0
2024-02-14,2024-02-14 10:00:00-05:00,2024-02-14 11:00:00-05:00,LONG,17789.25,17752.107822499187,29.713742000649134,17752.107822499187,1,2,-37.14217750081298,-742.8435500162595,SL,2024-02-14,2024-02-14,-1.0
2024-02-15,2024-02-15 10:00:00-05:00,2024-02-15 10:30:00-05:00,SHORT,17816.75,17850.362942583786,26.89035406702902,17850.362942583786,2,1,-33.61294258378621,-1344.5177033514483,SL,2024-02-15,2024-02-15,-1.0
2024-02-16,2024-02-16 10:00:00-05:00,2024-02-16 11:00:00-05:00,SHORT,17772.25,17809.409576483686,29.727661186949984,17809.409576483686,1,2,-37.15957648368567,-743.1915296737134,SL,2024-02-16,2024-02-16,-1.0
2024-02-20,2024-02-20 10:00:00-05:00,2024-02-20 14:30:00-05:00,SHORT,17562.75,17540.5,32.94125139023072,17603.926564237787,2,9,22.25,890.0,FC,2024-02-20,2024-02-20,-1.0
2024-02-21,2024-02-21 10:00:00-05:00,2024-02-21 10:30:00-05:00,SHORT,17473.0,17511.646738401938,30.91739072154989,17511.646738401938,1,1,-38.64673840193791,-772.9347680387582,SL,2024-02-21,2024-02-21,-1.0
2024-02-22,2024-02-22 10:00:00-05:00,2024-02-22 14:30:00-05:00,LONG,17921.75,18085.5,36.410671915759416,17876.2366601053,2,9,163.75,6550.0,FC,2024-02-22,2024-02-22,1.0
2024-02-23,2024-02-23 10:00:00-05:00,2024-02-23 10:30:00-05:00,LONG,18079.75,18045.255555699863,27.595555440108583,18045.255555699863,1,1,-34.49444430013682,-689.8888860027364,SL,2024-02-23,2024-02-23,-1.0
2024-02-26,2024-02-26 10:00:00-05:00,2024-02-26 14:30:00-05:00,LONG,17985.5,18031.75,24.97554547258849,17954.280568159265,2,9,46.25,1850.0,FC,2024-02-26,2024-02-26,-1.0
2024-02-27,2024-02-27 10:00:00-05:00,2024-02-27 13:00:00-05:00,LONG,17990.25,17958.276003717525,25.57919702598022,17958.276003717525,1,6,-31.973996282475127,-639.4799256495025,SL,2024-02-27,2024-02-27,-1.0
2024-02-28,2024-02-28 10:00:00-05:00,2024-02-28 11:00:00-05:00,SHORT,17896.5,17928.811105538534,25.848884430828537,17928.811105538534,2,2,-32.31110553853432,-1292.4442215413728,SL,2024-02-28,2024-02-28,-1.0
2024-02-29,2024-02-29 10:00:00-05:00,2024-02-29 10:30:00-05:00,LONG,18053.5,18016.805239302084,29.355808558332846,18016.805239302084,1,1,-36.694760697915626,-733.8952139583125,SL,2024-02-29,2024-02-29,1.0
2024-03-01,2024-03-01 10:00:00-05:00,2024-03-01 14:30:00-05:00,LONG,18133.0,18367.75,28.461990669804518,18097.422511662746,2,9,234.75,9390.0,FC,2024-03-01,2024-03-01,1.0
2024-03-04,2024-03-04 10:00:00-05:00,2024-03-04 14:30:00-05:00,LONG,18296.25,18299.5,21.40104494592491,18269.498693817593,1,9,3.25,65.0,FC,2024-03-04,2024-03-04,-1.0
2024-03-05,2024-03-05 10:00:00-05:00,2024-03-05 10:30:00-05:00,SHORT,18038.75,18072.043356563237,26.63468525059124,18072.043356563237,1,1,-33.29335656323747,-665.8671312647493,SL,2024-03-05,2024-03-05,-1.0
2024-03-06,2024-03-06 10:00:00-05:00,2024-03-06 11:00:00-05:00,SHORT,18046.5,18083.408704345944,29.526963476756137,18083.408704345944,2,2,-36.90870434594399,-1476.3481738377595,SL,2024-03-06,2024-03-06,-1.0
2024-03-07,2024-03-07 10:00:00-05:00,2024-03-07 14:30:00-05:00,LONG,18192.75,18340.25,37.59523444306574,18145.755956946166,1,9,147.5,2950.0,FC,2024-03-07,2024-03-07,-1.0
2024-03-08,2024-03-08 10:00:00-05:00,2024-03-08 11:30:00-05:00,LONG,18387.5,18339.079665240602,38.73626780751738,18339.079665240602,1,3,-48.42033475939752,-968.4066951879504,SL,2024-03-08,2024-03-08,-1.0
2024-03-11,2024-03-11 10:00:00-04:00,2024-03-11 11:00:00-04:00,SHORT,18147.5,18219.135328060707,57.308262448565564,18219.135328060707,2,2,-71.63532806070725,-2865.41312242829,SL,2024-03-11,2024-03-11,-1.0
2024-03-12,2024-03-12 10:00:00-04:00,2024-03-12 14:30:00-04:00,LONG,18293.25,18444.5,42.86190972135847,18239.672612848302,1,9,151.25,3025.0,FC,2024-03-12,2024-03-12,1.0
2024-03-13,2024-03-13 10:00:00-04:00,2024-03-13 11:00:00-04:00,SHORT,18338.5,18375.826648088965,29.8613184711731,18375.826648088965,1,2,-37.32664808896516,-746.5329617793032,SL,2024-03-13,2024-03-13,-1.0
2024-03-14,2024-03-14 10:00:00-04:00,2024-03-14 10:30:00-04:00,SHORT,18238.0,18275.2234336819,29.77874694551873,18275.2234336819,2,1,-37.223433681898314,-1488.9373472759326,SL,2024-03-14,2024-03-14,-1.0
2024-03-15,2024-03-15 10:00:00-04:00,2024-03-15 11:00:00-04:00,SHORT,18094.0,18139.176756928893,36.14140554311444,18139.176756928893,1,2,-45.176756928893155,-903.5351385778631,SL,2024-03-15,2024-03-15,-1.0
2024-03-18,2024-03-18 10:00:00-04:00,2024-03-18 13:00:00-04:00,LONG,18289.25,18252.747972386373,29.201622090901893,18252.747972386373,2,6,-36.50202761362743,-1460.0811045450973,SL,2024-03-18,2024-03-18,-1.0
2024-03-19,2024-03-19 10:00:00-04:00,2024-03-19 11:00:00-04:00,SHORT,18090.5,18135.833461081125,36.266768864899994,18135.833461081125,1,2,-45.33346108112528,-906.6692216225056,SL,2024-03-19,2024-03-19,-1.0
2024-03-20,2024-03-20 10:00:00-04:00,2024-03-20 14:30:00-04:00,LONG,18258.5,18371.5,29.80839255474412,18221.23950930657,2,9,113.0,4520.0,FC,2024-03-20,2024-03-20,-1.0
2024-03-21,2024-03-21 10:00:00-04:00,2024-03-21 14:30:00-04:00,LONG,18648.25,18616.25,30.900833854729342,18609.62395768159,1,9,-32.0,-640.0,FC,2024-03-21,2024-03-21,1.0
2024-03-22,2024-03-22 10:00:00-04:00,2024-03-22 12:30:00-04:00,SHORT,18530.75,18565.37306766771,27.698454134168244,18565.37306766771,2,5,-34.62306766771144,-1384.9227067084576,SL,2024-03-22,2024-03-22,-1.0
2024-03-25,2024-03-25 10:00:00-04:00,2024-03-25 10:30:00-04:00,SHORT,18479.0,18509.299979038828,24.239983231061153,18509.299979038828,1,1,-30.299979038827587,-605.9995807765517,SL,2024-03-25,2024-03-25,-1.0
2024-03-26,2024-03-26 10:00:00-04:00,2024-03-26 10:30:00-04:00,LONG,18588.25,18560.09816332528,22.521469339776182,18560.09816332528,2,1,-28.151836674718652,-1126.073466988746,SL,2024-03-26,2024-03-26,-1.0
2024-03-27,2024-03-27 10:00:00-04:00,2024-03-27 14:30:00-04:00,SHORT,18450.5,18455.0,24.051896761384736,18480.56487095173,1,9,-4.5,-90.0,FC,2024-03-27,2024-03-27,-1.0
2024-03-28,2024-03-28 10:00:00-04:00,2024-03-28 10:30:00-04:00,LONG,18514.5,18484.047790983648,24.361767213082384,18484.047790983648,2,1,-30.452209016351844,-1218.0883606540738,SL,2024-03-28,2024-03-28,-1.0
2024-04-01,2024-04-01 10:00:00-04:00,2024-04-01 10:30:00-04:00,LONG,18586.0,18552.23394537759,27.012843697928894,18552.23394537759,1,1,-33.76605462241059,-675.3210924482119,SL,2024-04-01,2024-04-01,-1.0
2024-04-02,2024-04-02 10:00:00-04:00,2024-04-02 13:30:00-04:00,SHORT,18254.5,18293.798074302023,31.43845944161932,18293.798074302023,2,7,-39.29807430202345,-1571.922972080938,SL,2024-04-02,2024-04-02,-1.0
2024-04-03,2024-04-03 10:00:00-04:00,2024-04-03 10:30:00-04:00,SHORT,18269.75,18304.030458502653,27.424366802123256,18304.030458502653,1,1,-34.280458502653346,-685.6091700530669,SL,2024-04-03,2024-04-03,-1.0
2024-04-04,2024-04-04 10:00:00-04:00,2024-04-04 11:30:00-04:00,LONG,18518.0,18484.989887016538,26.408090386768215,18484.989887016538,2,3,-33.01011298346202,-1320.404519338481,SL,2024-04-04,2024-04-04,-1.0
2024-04-05,2024-04-05 10:00:00-04:00,2024-04-05 10:30:00-04:00,SHORT,18205.5,18250.718241359806,36.174593087844904,18250.718241359806,1,1,-45.21824135980569,-904.3648271961138,SL,2024-04-05,2024-04-05,-1.0
2024-04-08,2024-04-08 10:00:00-04:00,2024-04-08 12:30:00-04:00,LONG,18300.75,18253.7243322566,37.620534194721735,18253.7243322566,2,5,-47.025667743400845,-1881.0267097360338,SL,2024-04-08,2024-04-08,-1.0
2024-04-09,2024-04-09 10:00:00-04:00,2024-04-09 10:30:00-04:00,LONG,18342.25,18305.250061947052,29.599950442358914,18305.250061947052,1,1,-36.99993805294798,-739.9987610589596,SL,2024-04-09,2024-04-09,-1.0
2024-04-10,2024-04-10 10:00:00-04:00,2024-04-10 11:00:00-04:00,SHORT,18179.5,18233.268822919843,43.0150583358752,18233.268822919843,2,2,-53.76882291984293,-2150.7529167937173,SL,2024-04-10,2024-04-10,-1.0
2024-04-11,2024-04-11 10:00:00-04:00,2024-04-11 10:30:00-04:00,LONG,18260.75,18211.948123612143,39.04150111028719,18211.948123612143,1,1,-48.80187638785719,-976.0375277571438,SL,2024-04-11,2024-04-11,-1.0
2024-04-12,2024-04-12 10:00:00-04:00,2024-04-12 14:30:00-04:00,SHORT,18338.0,18168.5,33.075138279644364,18379.343922849555,2,9,169.5,6780.0,FC,2024-04-12,2024-04-12,-1.0
2024-04-15,2024-04-15 10:00:00-04:00,2024-04-15 10:30:00-04:00,LONG,18304.5,18263.808293898463,32.553364881230536,18263.808293898463,1,1,-40.69170610153742,-813.8341220307484,SL,2024-04-15,2024-04-15,-1.0
2024-04-16,2024-04-16 10:00:00-04:00,2024-04-16 14:30:00-04:00,SHORT,17897.75,17857.25,40.42449207864241,17948.2806150983,2,9,40.5,1620.0,FC,2024-04-16,2024-04-16,-1.0
2024-04-17,2024-04-17 10:00:00-04:00,2024-04-17 14:30:00-04:00,SHORT,17891.0,17710.0,38.551523804628765,17939.189404755787,1,9,181.0,3620.0,FC,2024-04-17,2024-04-17,-1.0
2024-04-18,2024-04-18 10:00:00-04:00,2024-04-18 10:30:00-04:00,SHORT,17610.5,17654.933066023867,35.54645281909457,17654.933066023867,1,1,-44.43306602386656,-888.6613204773312,SL,2024-04-18,2024-04-18,-1.0
2024-04-19,2024-04-19 10:00:00-04:00,2024-04-19 14:30:00-04:00,SHORT,17455.25,17211.0,48.878147690636794,17516.347684613294,2,9,244.25,9770.0,FC,2024-04-19,2024-04-19,-1.0
2024-04-22,2024-04-22 10:00:00-04:00,2024-04-22 13:30:00-04:00,SHORT,17283.0,17331.36044841709,38.68835873367168,17331.36044841709,1,7,-48.36044841709008,-967.2089683418017,SL,2024-04-22,2024-04-22,-1.0
2024-04-23,2024-04-23 10:00:00-04:00,2024-04-23 14:30:00-04:00,LONG,17501.0,17647.75,35.50556063340017,17456.61804920825,2,9,146.75,5870.0,FC,2024-04-23,2024-04-23,-1.0
2024-04-24,2024-04-24 10:00:00-04:00,2024-04-24 11:00:00-04:00,LONG,17736.0,17696.475037516746,31.61996998660403,17696.475037516746,1,2,-39.52496248325406,-790.4992496650812,SL,2024-04-24,2024-04-24,-1.0
2024-04-25,2024-04-25 10:00:00-04:00,2024-04-25 10:30:00-04:00,SHORT,17356.5,17407.19698106835,40.55758485467966,17407.19698106835,2,1,-50.696981068351306,-2027.8792427340522,SL,2024-04-25,2024-04-25,-1.0
2024-04-26,2024-04-26 10:00:00-04:00,2024-04-26 14:30:00-04:00,LONG,17786.0,17850.75,44.3131967550859,17730.60850405614,1,9,64.75,1295.0,FC,2024-04-26,2024-04-26,1.0
2024-04-29,2024-04-29 10:00:00-04:00,2024-04-29 14:30:00-04:00,LONG,17867.0,17887.0,29.570535872126836,17830.036830159843,1,9,20.0,400.0,FC,2024-04-29,2024-04-29,-1.0
2024-04-30,2024-04-30 10:00:00-04:00,2024-04-30 14:30:00-04:00,SHORT,17871.75,17688.5,26.030700734371088,17904.288375917964,1,9,183.25,3665.0,FC,2024-04-30,2024-04-30,-1.0
2024-05-01,2024-05-01 10:00:00-04:00,2024-05-01 14:30:00-04:00,SHORT,17475.0,17559.0,33.01378488802647,17516.267231110032,1,9,-84.0,-1680.0,FC,2024-05-01,2024-05-01,-1.0
2024-05-02,2024-05-02 10:00:00-04:00,2024-05-02 11:30:00-04:00,SHORT,17498.75,17548.194119359778,39.55529548782302,17548.194119359778,2,3,-49.44411935977769,-1977.7647743911075,SL,2024-05-02,2024-05-02,-1.0
2024-05-03,2024-05-03 10:00:00-04:00,2024-05-03 10:30:00-04:00,LONG,18000.75,17949.595336974686,40.92373042025055,17949.595336974686,1,1,-51.15466302531422,-1023.0932605062844,SL,2024-05-03,2024-05-03,1.0
2024-05-06,2024-05-06 10:00:00-04:00,2024-05-06 11:30:00-04:00,LONG,18109.75,18078.468578801003,25.025136959196782,18078.468578801003,2,3,-31.281421198997123,-1251.256847959885,SL,2024-05-06,2024-05-06,1.0
2024-05-07,2024-05-07 10:00:00-04:00,2024-05-07 14:30:00-04:00,LONG,18193.5,18186.0,20.483735321453516,18167.895330848183,1,9,-7.5,-150.0,FC,2024-05-07,2024-05-07,-1.0
2024-05-08,2024-05-08 10:00:00-04:00,2024-05-08 10:30:00-04:00,SHORT,18168.0,18196.463663366398,22.770930693117254,18196.463663366398,2,1,-28.463663366397668,-1138.5465346559067,SL,2024-05-08,2024-05-08,-1.0
2024-05-09,2024-05-09 10:00:00-04:00,2024-05-09 11:00:00-04:00,SHORT,18157.5,18187.502436653922,24.001949323137467,18187.502436653922,1,2,-30.002436653921905,-600.0487330784381,SL,2024-05-09,2024-05-09,-1.0
2024-05-10,2024-05-10 10:00:00-04:00,2024-05-10 10:30:00-04:00,LONG,18328.75,18298.953884109564,23.83689271234888,18298.953884109564,2,1,-29.79611589043634,-1191.8446356174536,SL,2024-05-10,2024-05-10,-1.0
2024-05-13,2024-05-13 10:00:00-04:00,2024-05-13 12:00:00-04:00,LONG,18286.0,18259.711884709584,21.03049223233222,18259.711884709584,1,4,-26.28811529041559,-525.7623058083118,SL,2024-05-13,2024-05-13,1.0
2024-05-14,2024-05-14 10:00:00-04:00,2024-05-14 14:30:00-04:00,LONG,18290.0,18378.5,21.69983433424391,18262.875207082194,2,9,88.5,3540.0,FC,2024-05-14,2024-05-14,1.0
2024-05-15,2024-05-15 10:00:00-04:00,2024-05-15 14:30:00-04:00,LONG,18483.0,18685.75,24.20853873761238,18452.739326577983,1,9,202.75,4055.0,FC,2024-05-15,2024-05-15,1.0
2024-05-16,2024-05-16 10:00:00-04:00,2024-05-16 10:30:00-04:00,LONG,18708.75,18684.777943605124,19.177645115901306,18684.777943605124,1,1,-23.972056394875835,-479.4411278975167,SL,2024-05-16,2024-05-16,1.0
2024-05-17,2024-05-17 10:00:00-04:00,2024-05-17 10:30:00-04:00,SHORT,18638.0,18661.786118069835,19.028894455867906,18661.786118069835,2,1,-23.78611806983463,-951.4447227933852,SL,2024-05-17,2024-05-17,-1.0
2024-05-20,2024-05-20 10:00:00-04:00,2024-05-20 14:30:00-04:00,LONG,18749.5,18750.0,19.15534904118695,18725.555813698516,1,9,0.5,10.0,FC,2024-05-20,2024-05-20,1.0
2024-05-21,2024-05-21 10:00:00-04:00,2024-05-21 10:30:00-04:00,SHORT,18707.75,18729.17397554718,17.1391804377425,18729.17397554718,1,1,-21.423975547178998,-428.47951094357995,SL,2024-05-21,2024-05-21,1.0
2024-05-22,2024-05-22 10:00:00-04:00,2024-05-22 10:30:00-04:00,LONG,18824.5,18803.840467259,16.52762619279825,18803.840467259,2,1,-20.659532740999566,-826.3813096399826,SL,2024-05-22,2024-05-22,-1.0
2024-05-23,2024-05-23 10:00:00-04:00,2024-05-23 10:30:00-04:00,SHORT,18852.0,18886.859064588196,27.887251670557905,18886.859064588196,1,1,-34.859064588195906,-697.1812917639181,SL,2024-05-23,2024-05-23,-1.0
2024-05-24,2024-05-24 10:00:00-04:00,2024-05-24 10:30:00-04:00,SHORT,18749.75,18784.734396649346,27.987517319477256,18784.734396649346,2,1,-34.98439664934631,-1399.3758659738523,SL,2024-05-24,2024-05-24,1.0
2024-05-28,2024-05-28 10:00:00-04:00,2024-05-28 10:30:00-04:00,SHORT,18864.25,18891.534117373496,21.827293898797638,18891.534117373496,1,1,-27.284117373495974,-545.6823474699195,SL,2024-05-28,2024-05-28,-1.0
2024-05-29,2024-05-29 10:00:00-04:00,2024-05-29 10:30:00-04:00,SHORT,18831.75,18866.092701851976,27.474161481580055,18866.092701851976,2,1,-34.34270185197602,-1373.7080740790407,SL,2024-05-29,2024-05-29,-1.0
2024-05-30,2024-05-30 10:00:00-04:00,2024-05-30 14:30:00-04:00,SHORT,18739.0,18674.5,26.654072891428484,18772.317591114286,1,9,64.5,1290.0,FC,2024-05-30,2024-05-30,-1.0
2024-05-31,2024-05-31 10:00:00-04:00,2024-05-31 14:30:00-04:00,SHORT,18544.25,18319.0,35.322372517314,18588.40296564664,1,9,225.25,4505.0,FC,2024-05-31,2024-05-31,-1.0
2024-06-03,2024-06-03 10:00:00-04:00,2024-06-03 11:00:00-04:00,LONG,18677.0,18635.696569107185,33.042744714251086,18635.696569107185,1,2,-41.303430892814504,-826.0686178562901,SL,2024-06-03,2024-06-03,-1.0
2024-06-04,2024-06-04 10:00:00-04:00,2024-06-04 10:30:00-04:00,SHORT,18602.5,18645.38724185349,34.30979348279043,18645.38724185349,2,1,-42.887241853488376,-1715.489674139535,SL,2024-06-04,2024-06-04,-1.0
2024-06-05,2024-06-05 10:00:00-04:00,2024-06-05 10:30:00-04:00,LONG,18857.75,18820.91679766562,29.466561867502392,18820.91679766562,1,1,-36.833202334379166,-736.6640466875833,SL,2024-06-05,2024-06-05,1.0
2024-06-06,2024-06-06 10:00:00-04:00,2024-06-06 14:30:00-04:00,LONG,19033.75,19050.75,25.6091401922934,19001.738574759635,2,9,17.0,680.0,FC,2024-06-06,2024-06-06,-1.0
2024-06-07,2024-06-07 10:00:00-04:00,2024-06-07 11:00:00-04:00,SHORT,19032.5,19068.750470880386,29.0003767043079,19068.750470880386,1,2,-36.250470880386274,-725.0094176077255,SL,2024-06-07,2024-06-07,1.0
2024-06-10,2024-06-10 10:00:00-04:00,2024-06-10 10:30:00-04:00,SHORT,18993.5,19032.65840156447,31.326721251576153,19032.65840156447,2,1,-39.158401564469386,-1566.3360625787755,SL,2024-06-10,2024-06-10,-1.0
2024-06-11,2024-06-11 10:00:00-04:00,2024-06-11 10:30:00-04:00,SHORT,19032.5,19064.418120400584,25.534496320466758,19064.418120400584,1,1,-31.918120400583575,-638.3624080116715,SL,2024-06-11,2024-06-11,1.0
2024-06-12,2024-06-12 10:00:00-04:00,2024-06-12 14:30:00-04:00,LONG,19491.0,19526.25,30.199323378548314,19453.250845776816,2,9,35.25,1410.0,FC,2024-06-12,2024-06-12,1.0
2024-06-13,2024-06-13 10:00:00-04:00,2024-06-13 10:30:00-04:00,LONG,19631.25,19592.353061232552,31.11755101395732,19592.353061232552,1,1,-38.896938767447864,-777.9387753489573,SL,2024-06-13,2024-06-13,1.0
2024-06-14,2024-06-14 10:00:00-04:00,2024-06-14 10:30:00-04:00,LONG,19638.75,19600.595485889186,30.52361128865033,19600.595485889186,2,1,-38.15451411081449,-1526.1805644325796,SL,2024-06-14,2024-06-14,1.0
2024-06-17,2024-06-17 10:00:00-04:00,2024-06-17 14:30:00-04:00,LONG,19954.5,20240.75,28.891689068200762,19918.38538866475,1,9,286.25,5725.0,FC,2024-06-17,2024-06-17,1.0
2024-06-18,2024-06-18 10:00:00-04:00,2024-06-18 11:30:00-04:00,LONG,20179.0,20145.153161677314,27.07747065814808,20145.153161677314,1,3,-33.84683832268638,-676.9367664537276,SL,2024-06-18,2024-06-18,1.0
2024-06-20,2024-06-20 10:00:00-04:00,2024-06-20 14:30:00-04:00,SHORT,20234.5,20068.25,20.708858666387876,20260.386073332986,2,9,166.25,6650.0,FC,2024-06-20,2024-06-20,-1.0
2024-06-21,2024-06-21 10:00:00-04:00,2024-06-21 10:30:00-04:00,SHORT,19953.75,19995.87630978588,33.70104782870274,19995.87630978588,1,1,-42.12630978587913,-842.5261957175826,SL,2024-06-21,2024-06-21,-1.0
2024-06-24,2024-06-24 10:00:00-04:00,2024-06-24 10:30:00-04:00,SHORT,19946.75,19986.549561848078,31.839649478463013,19986.549561848078,2,1,-39.799561848078156,-1591.9824739231262,SL,2024-06-24,2024-06-24,-1.0
2024-06-25,2024-06-25 10:00:00-04:00,2024-06-25 10:30:00-04:00,SHORT,19832.0,19869.812160693677,30.24972855494162,19869.812160693677,1,1,-37.81216069367656,-756.2432138735312,SL,2024-06-25,2024-06-25,-1.0
2024-06-26,2024-06-26 10:00:00-04:00,2024-06-26 11:30:00-04:00,LONG,19972.0,19935.940148986505,28.84788081079472,19935.940148986505,2,3,-36.05985101349506,-1442.3940405398025,SL,2024-06-26,2024-06-26,-1.0
2024-06-27,2024-06-27 10:00:00-04:00,2024-06-27 11:00:00-04:00,LONG,20060.25,20023.54910687642,29.360714498862524,20023.54910687642,1,2,-36.70089312357959,-734.0178624715918,SL,2024-06-27,2024-06-27,-1.0
2024-06-28,2024-06-28 10:00:00-04:00,2024-06-28 11:30:00-04:00,LONG,20147.5,20111.892707088155,28.485834329476937,20111.892707088155,2,3,-35.607292911845434,-1424.2917164738174,SL,2024-06-28,2024-06-28,-1.0
2024-07-01,2024-07-01 10:00:00-04:00,2024-07-01 10:30:00-04:00,SHORT,19887.75,19931.398151406665,34.918521125331516,19931.398151406665,1,1,-43.64815140666542,-872.9630281333084,SL,2024-07-01,2024-07-01,1.0
2024-07-02,2024-07-02 10:00:00-04:00,2024-07-02 10:30:00-04:00,LONG,20062.5,20020.162796559624,33.86976275230232,20020.162796559624,2,1,-42.33720344037647,-1693.4881376150588,SL,2024-07-02,2024-07-02,1.0
2024-07-03,2024-07-03 10:00:00-04:00,2024-07-03 10:30:00-04:00,LONG,20274.25,20242.96370409381,25.02903672495292,20242.96370409381,1,1,-31.28629590618948,-625.7259181237896,SL,2024-07-03,2024-07-02,1.0
2024-07-05,2024-07-05 10:00:00-04:00,2024-07-05 10:30:00-04:00,LONG,20513.75,20486.178954429874,22.056836456101554,20486.178954429874,2,1,-27.571045570126444,-1102.8418228050577,SL,2024-07-05,2024-07-05,1.0
2024-07-08,2024-07-08 10:00:00-04:00,2024-07-08 10:30:00-04:00,LONG,20634.5,20611.886717989662,18.09062560827023,20611.886717989662,1,1,-22.61328201033757,-452.2656402067514,SL,2024-07-08,2024-07-08,-1.0
2024-07-09,2024-07-09 10:00:00-04:00,2024-07-09 10:30:00-04:00,LONG,20749.5,20725.48531500446,19.211747996433854,20725.48531500446,2,1,-24.014684995541757,-960.5873998216703,SL,2024-07-09,2024-07-09,1.0
2024-07-10,2024-07-10 10:00:00-04:00,2024-07-10 11:00:00-04:00,LONG,20764.25,20741.67444633107,18.060442935141396,20741.67444633107,1,2,-22.575553668928478,-451.51107337856956,SL,2024-07-10,2024-07-10,1.0
2024-07-11,2024-07-11 10:00:00-04:00,2024-07-11 10:30:00-04:00,LONG,20869.5,20842.067603440413,21.945917247670547,20842.067603440413,2,1,-27.432396559586778,-1097.295862383471,SL,2024-07-11,2024-07-11,-1.0
2024-07-12,2024-07-12 10:00:00-04:00,2024-07-12 14:30:00-04:00,LONG,20542.75,20703.75,38.31993847515034,20494.850076906063,1,9,161.0,3220.0,FC,2024-07-12,2024-07-12,1.0
2024-07-15,2024-07-15 10:00:00-04:00,2024-07-15 13:30:00-04:00,LONG,20627.75,20592.437410769082,28.25007138473486,20592.437410769082,1,7,-35.31258923091809,-706.2517846183619,SL,2024-07-15,2024-07-15,-1.0
2024-07-16,2024-07-16 10:00:00-04:00,2024-07-16 14:30:00-04:00,SHORT,20581.0,20534.0,32.94720993303172,20622.184012416288,2,9,47.0,1880.0,FC,2024-07-16,2024-07-16,-1.0
2024-07-17,2024-07-17 10:00:00-04:00,2024-07-17 14:30:00-04:00,SHORT,20209.0,20059.25,38.53483126265192,20257.168539078313,1,9,149.75,2995.0,FC,2024-07-17,2024-07-17,-1.0
2024-07-18,2024-07-18 10:00:00-04:00,2024-07-18 14:30:00-04:00,SHORT,20067.75,19849.5,43.12270955883108,20121.65338694854,1,9,218.25,4365.0,FC,2024-07-18,2024-07-18,-1.0
2024-07-22,2024-07-22 10:00:00-04:00,2024-07-22 10:30:00-04:00,LONG,19970.5,19913.35879655959,45.71296275232865,19913.35879655959,1,1,-57.1412034404093,-1142.824068808186,SL,2024-07-22,2024-07-22,-1.0
2024-07-23,2024-07-23 10:00:00-04:00,2024-07-23 11:00:00-04:00,LONG,20006.25,19954.124965683382,41.70002745329482,19954.124965683382,2,2,-52.12503431661753,-2085.001372664701,SL,2024-07-23,2024-07-23,-1.0
2024-07-24,2024-07-24 10:00:00-04:00,2024-07-24 14:30:00-04:00,SHORT,19512.0,19290.75,46.4725904450891,19570.090738056362,1,9,221.25,4425.0,FC,2024-07-24,2024-07-24,-1.0
2024-07-25,2024-07-25 10:00:00-04:00,2024-07-25 11:00:00-04:00,SHORT,19030.5,19108.87958416783,62.703667334262256,19108.87958416783,1,2,-78.37958416782931,-1567.5916833565861,SL,2024-07-25,2024-07-25,-1.0
2024-07-26,2024-07-26 10:00:00-04:00,2024-07-26 12:30:00-04:00,SHORT,19129.25,19196.157675595117,53.52614047609291,19196.157675595117,2,5,-66.90767559511733,-2676.307023804693,SL,2024-07-26,2024-07-26,1.0
2024-07-29,2024-07-29 10:00:00-04:00,2024-07-29 10:30:00-04:00,LONG,19357.75,19302.96651104028,43.82679116777631,19302.96651104028,1,1,-54.78348895972158,-1095.6697791944316,SL,2024-07-29,2024-07-29,1.0
2024-07-30,2024-07-30 10:00:00-04:00,2024-07-30 10:30:00-04:00,LONG,19225.75,19175.687066899944,40.050346480045754,19175.687066899944,2,1,-50.0629331000564,-2002.517324002256,SL,2024-07-30,2024-07-30,-1.0
2024-07-31,2024-07-31 10:00:00-04:00,2024-07-31 14:30:00-04:00,LONG,19391.0,19472.0,51.927643133844846,19326.090446082693,1,9,81.0,1620.0,FC,2024-07-31,2024-07-31,1.0
2024-08-01,2024-08-01 10:00:00-04:00,2024-08-01 10:30:00-04:00,LONG,19646.0,19569.329348599334,61.33652112053141,19569.329348599334,1,1,-76.67065140066552,-1533.4130280133104,SL,2024-08-01,2024-08-01,-1.0
2024-08-02,2024-08-02 10:00:00-04:00,2024-08-02 14:30:00-04:00,SHORT,18575.0,18552.75,84.18154870633157,18680.226935882914,2,9,22.25,890.0,FC,2024-08-02,2024-08-02,-1.0
2024-08-05,2024-08-05 10:00:00-04:00,2024-08-05 10:30:00-04:00,SHORT,17889.5,18067.168971346993,142.13517707759468,18067.168971346993,1,1,-177.6689713469932,-3553.379426939864,SL,2024-08-05,2024-08-05,-1.0
2024-08-06,2024-08-06 10:00:00-04:00,2024-08-06 11:00:00-04:00,SHORT,18142.75,18277.16400756225,107.53120604980063,18277.16400756225,2,2,-134.41400756224903,-5376.560302489961,SL,2024-08-06,2024-08-06,-1.0
2024-08-07,2024-08-07 10:00:00-04:00,2024-08-07 10:30:00-04:00,LONG,18520.25,18418.052320895473,81.75814328362225,18418.052320895473,1,1,-102.1976791045272,-2043.953582090544,SL,2024-08-07,2024-08-07,-1.0
2024-08-08,2024-08-08 10:00:00-04:00,2024-08-08 14:30:00-04:00,LONG,18208.0,18512.25,89.16793446764548,18096.540081915442,2,9,304.25,12170.0,FC,2024-08-08,2024-08-08,-1.0
2024-08-09,2024-08-09 10:00:00-04:00,2024-08-09 14:30:00-04:00,LONG,18432.25,18588.25,66.15633139703147,18349.55458575371,1,9,156.0,3120.0,FC,2024-08-09,2024-08-09,-1.0
2024-08-12,2024-08-12 10:00:00-04:00,2024-08-12 10:30:00-04:00,SHORT,18540.25,18601.49850542967,48.998804343737504,18601.49850542967,1,1,-61.24850542967033,-1224.9701085934066,SL,2024-08-12,2024-08-12,-1.0
2024-08-13,2024-08-13 10:00:00-04:00,2024-08-13 14:30:00-04:00,LONG,18899.25,19071.0,45.38747057767554,18842.515661777907,2,9,171.75,6870.0,FC,2024-08-13,2024-08-13,-1.0
2024-08-14,2024-08-14 10:00:00-04:00,2024-08-14 10:30:00-04:00,LONG,19028.5,18977.151723043313,41.07862156535027,18977.151723043313,1,1,-51.34827695668719,-1026.9655391337437,SL,2024-08-14,2024-08-14,-1.0
2024-08-15,2024-08-15 10:00:00-04:00,2024-08-15 14:30:00-04:00,LONG,19460.75,19581.5,47.85015193935307,19400.93731007581,2,9,120.75,4830.0,FC,2024-08-15,2024-08-15,1.0
2024-08-16,2024-08-16 10:00:00-04:00,2024-08-16 14:30:00-04:00,LONG,19498.0,19615.25,37.65581128665924,19450.930235891676,1,9,117.25,2345.0,FC,2024-08-16,2024-08-16,-1.0
2024-08-19,2024-08-19 10:00:00-04:00,2024-08-19 10:30:00-04:00,LONG,19587.75,19544.689986439807,34.44801084815267,19544.689986439807,1,1,-43.0600135601926,-861.200271203852,SL,2024-08-19,2024-08-19,1.0
2024-08-20,2024-08-20 10:00:00-04:00,2024-08-20 10:30:00-04:00,LONG,19918.5,19878.95545614302,31.63563508558484,19878.95545614302,2,1,-39.544543856980454,-1581.7817542792181,SL,2024-08-20,2024-08-20,-1.0
2024-08-21,2024-08-21 10:00:00-04:00,2024-08-21 10:30:00-04:00,LONG,19878.75,19842.13981635777,29.288146913783674,19842.13981635777,1,1,-36.61018364223128,-732.2036728446255,SL,2024-08-21,2024-08-21,1.0
2024-08-22,2024-08-22 10:00:00-04:00,2024-08-22 10:30:00-04:00,LONG,19976.0,19937.29821933247,30.96142453402412,19937.29821933247,2,1,-38.70178066752851,-1548.0712267011404,SL,2024-08-22,2024-08-22,-1.0
2024-08-23,2024-08-23 10:00:00-04:00,2024-08-23 11:00:00-04:00,LONG,19754.5,19712.3745481808,33.700361455361,19712.3745481808,1,2,-42.12545181919995,-842.509036383999,SL,2024-08-23,2024-08-23,1.0
2024-08-26,2024-08-26 10:00:00-04:00,2024-08-26 14:30:00-04:00,SHORT,19722.0,19578.0,40.6177176585546,19772.772147073192,2,9,144.0,5760.0,FC,2024-08-26,2024-08-26,-1.0
2024-08-27,2024-08-27 10:00:00-04:00,2024-08-27 10:30:00-04:00,SHORT,19540.5,19591.136784721228,40.50942777698325,19591.136784721228,1,1,-50.63678472122774,-1012.7356944245548,SL,2024-08-27,2024-08-27,-1.0
2024-08-28,2024-08-28 10:00:00-04:00,2024-08-28 14:30:00-04:00,SHORT,19557.75,19327.25,33.5201968873977,19599.650246109246,2,9,230.5,9220.0,FC,2024-08-28,2024-08-28,-1.0
2024-08-29,2024-08-29 10:00:00-04:00,2024-08-29 10:30:00-04:00,LONG,19643.75,19577.38776217137,53.08979026290612,19577.38776217137,1,1,-66.3622378286309,-1327.244756572618,SL,2024-08-29,2024-08-29,-1.0
2024-08-30,2024-08-30 10:00:00-04:00,2024-08-30 10:30:00-04:00,LONG,19593.0,19539.224116956546,43.02070643476252,19539.224116956546,2,1,-53.77588304345409,-2151.0353217381635,SL,2024-08-30,2024-08-30,-1.0
2024-09-03,2024-09-03 10:00:00-04:00,2024-09-03 14:30:00-04:00,SHORT,19366.5,19036.0,52.03696375338311,19431.546204691727,1,9,330.5,6610.0,FC,2024-09-03,2024-09-03,-1.0
2024-09-04,2024-09-04 10:00:00-04:00,2024-09-04 11:00:00-04:00,SHORT,18972.5,19039.46566267044,53.572530136353784,19039.46566267044,1,2,-66.96566267044182,-1339.3132534088363,SL,2024-09-04,2024-09-04,-1.0
2024-09-05,2024-09-05 10:00:00-04:00,2024-09-05 11:00:00-04:00,LONG,19053.25,18984.76824429948,54.78540456041597,18984.76824429948,2,2,-68.48175570051899,-2739.2702280207595,SL,2024-09-05,2024-09-05,-1.0
2024-09-06,2024-09-06 10:00:00-04:00,2024-09-06 14:30:00-04:00,SHORT,18745.75,18457.25,64.15041794510302,18825.93802243138,1,9,288.5,5770.0,FC,2024-09-06,2024-09-06,-1.0
2024-09-09,2024-09-09 10:00:00-04:00,2024-09-09 10:30:00-04:00,LONG,18687.5,18629.440806177317,46.44735505814468,18629.440806177317,1,1,-58.05919382268257,-1161.1838764536515,SL,2024-09-09,2024-09-09,-1.0
2024-09-10,2024-09-10 10:00:00-04:00,2024-09-10 10:30:00-04:00,LONG,18762.5,18706.71690410961,44.626476712312,18706.71690410961,2,1,-55.78309589039054,-2231.3238356156216,SL,2024-09-10,2024-09-10,-1.0
2024-09-11,2024-09-11 10:00:00-04:00,2024-09-11 10:30:00-04:00,LONG,18792.0,18731.86438299695,48.10849360243884,18731.86438299695,1,1,-60.13561700304854,-1202.7123400609707,SL,2024-09-11,2024-09-11,-1.0
2024-09-12,2024-09-12 10:00:00-04:00,2024-09-12 14:30:00-04:00,LONG,19494.5,19704.25,49.41200822449183,19432.734989719385,2,9,209.75,8390.0,FC,2024-09-12,2024-09-12,-1.0
2024-09-13,2024-09-13 10:00:00-04:00,2024-09-13 10:30:00-04:00,LONG,19699.0,19652.247506186697,37.4019950506435,19652.247506186697,1,1,-46.75249381330286,-935.0498762660573,SL,2024-09-13,2024-09-13,-1.0
2024-09-16,2024-09-16 10:00:00-04:00,2024-09-16 14:30:00-04:00,SHORT,19663.25,19664.75,33.44467426521841,19705.055842831523,2,9,-1.5,-60.0,FC,2024-09-16,2024-09-16,-1.0
2024-09-17,2024-09-17 10:00:00-04:00,2024-09-17 12:30:00-04:00,LONG,19760.0,19717.604717961956,33.916225630435086,19717.604717961956,1,5,-42.39528203804366,-847.9056407608732,SL,2024-09-17,2024-09-17,-1.0
2024-09-18,2024-09-18 10:00:00-04:00,2024-09-18 10:30:00-04:00,LONG,19708.5,19669.82712599852,30.938299201183543,19669.82712599852,2,1,-38.67287400148052,-1546.914960059221,SL,2024-09-18,2024-09-18,-1.0
2024-09-19,2024-09-19 10:00:00-04:00,2024-09-19 14:30:00-04:00,LONG,20009.5,20152.25,51.28753312835216,19945.39058358956,1,9,142.75,2855.0,FC,2024-09-19,2024-09-19,1.0
2024-09-20,2024-09-20 10:00:00-04:00,2024-09-20 14:30:00-04:00,SHORT,20001.75,19954.5,37.631510362353865,20048.789387952944,1,9,47.25,945.0,FC,2024-09-20,2024-09-20,-1.0
2024-09-23,2024-09-23 10:00:00-04:00,2024-09-23 14:30:00-04:00,LONG,20066.0,20067.25,37.819531395331104,20018.725585755838,1,9,1.25,25.0,FC,2024-09-23,2024-09-23,1.0
2024-09-24,2024-09-24 10:00:00-04:00,2024-09-24 10:30:00-04:00,LONG,20089.25,20045.558869715587,34.952904227529466,20045.558869715587,1,1,-43.69113028441279,-873.8226056882559,SL,2024-09-24,2024-09-24,1.0
2024-09-25,2024-09-25 10:00:00-04:00,2024-09-25 12:00:00-04:00,LONG,20232.0,20193.74555874177,30.603553006582512,20193.74555874177,2,4,-38.254441258228326,-1530.177650329133,SL,2024-09-25,2024-09-25,-1.0
2024-09-26,2024-09-26 10:00:00-04:00,2024-09-26 10:30:00-04:00,LONG,20427.25,20386.400283794523,32.67977296438305,20386.400283794523,1,1,-40.84971620547731,-816.9943241095461,SL,2024-09-26,2024-09-26,1.0
2024-09-27,2024-09-27 10:00:00-04:00,2024-09-27 11:00:00-04:00,LONG,20327.0,20280.510992193314,37.191206245349484,20280.510992193314,2,2,-46.48900780668555,-1859.560312267422,SL,2024-09-27,2024-09-27,-1.0
2024-09-30,2024-09-30 10:00:00-04:00,2024-09-30 12:30:00-04:00,SHORT,20204.25,20251.03467268473,37.42773814778572,20251.03467268473,1,5,-46.78467268473105,-935.693453694621,SL,2024-09-30,2024-09-30,-1.0
2024-10-01,2024-10-01 10:00:00-04:00,2024-10-01 14:30:00-04:00,SHORT,20044.0,20059.25,45.528912809567316,20100.91114101196,2,9,-15.25,-610.0,FC,2024-10-01,2024-10-01,-1.0
2024-10-02,2024-10-02 10:00:00-04:00,2024-10-02 10:30:00-04:00,SHORT,19914.75,19981.176073281298,53.140858625039826,19981.176073281298,1,1,-66.42607328129816,-1328.5214656259632,SL,2024-10-02,2024-10-02,-1.0
2024-10-03,2024-10-03 10:00:00-04:00,2024-10-03 10:30:00-04:00,LONG,20024.5,19967.221107993286,45.82311360537002,19967.221107993286,2,1,-57.27889200671416,-2291.1556802685664,SL,2024-10-03,2024-10-03,-1.0
2024-10-04,2024-10-04 10:00:00-04:00,2024-10-04 10:30:00-04:00,LONG,20086.5,20024.452182122892,49.63825430168767,20024.452182122892,1,1,-62.04781787710817,-1240.9563575421635,SL,2024-10-04,2024-10-04,1.0
2024-10-07,2024-10-07 10:00:00-04:00,2024-10-07 10:30:00-04:00,SHORT,20110.0,20159.325128224027,39.46010257922224,20159.325128224027,2,1,-49.32512822402714,-1973.0051289610856,SL,2024-10-07,2024-10-07,-1.0
2024-10-08,2024-10-08 10:00:00-04:00,2024-10-08 14:30:00-04:00,LONG,20156.0,20237.25,41.79989117164317,20103.750136035447,1,9,81.25,1625.0,FC,2024-10-08,2024-10-08,-1.0
2024-10-09,2024-10-09 10:00:00-04:00,2024-10-09 14:30:00-04:00,LONG,20266.0,20456.25,31.5423758200733,20226.57203022491,1,9,190.25,3805.0,FC,2024-10-09,2024-10-09,-1.0
2024-10-10,2024-10-10 10:00:00-04:00,2024-10-10 10:30:00-04:00,SHORT,20357.5,20398.671277920384,32.937022336307905,20398.671277920384,1,1,-41.171277920384455,-823.4255584076891,SL,2024-10-10,2024-10-10,-1.0
2024-10-11,2024-10-11 10:00:00-04:00,2024-10-11 10:30:00-04:00,SHORT,20359.75,20398.54958172252,31.039665378016803,20398.54958172252,2,1,-38.79958172252009,-1551.9832689008035,SL,2024-10-11,2024-10-11,-1.0
2024-10-14,2024-10-14 10:00:00-04:00,2024-10-14 10:30:00-04:00,LONG,20671.0,20636.138449266993,27.889240586405176,20636.138449266993,1,1,-34.86155073300688,-697.2310146601376,SL,2024-10-14,2024-10-14,-1.0
2024-10-15,2024-10-15 10:00:00-04:00,2024-10-15 10:30:00-04:00,LONG,20629.5,20597.77398261837,25.380813905303985,20597.77398261837,2,1,-31.72601738162848,-1269.0406952651392,SL,2024-10-15,2024-10-15,-1.0
2024-10-16,2024-10-16 10:00:00-04:00,2024-10-16 10:30:00-04:00,SHORT,20223.75,20266.090496894125,33.87239751530082,20266.090496894125,1,1,-42.34049689412495,-846.8099378824991,SL,2024-10-16,2024-10-16,1.0
2024-10-17,2024-10-17 10:00:00-04:00,2024-10-17 10:30:00-04:00,LONG,20434.25,20387.661356018605,37.2709151851158,20387.661356018605,2,1,-46.58864398139485,-1863.545759255794,SL,2024-10-17,2024-10-17,-1.0
2024-10-18,2024-10-18 10:00:00-04:00,2024-10-18 14:30:00-04:00,LONG,20475.25,20501.75,32.51060083383535,20434.611748957705,1,9,26.5,530.0,FC,2024-10-18,2024-10-18,1.0
2024-10-21,2024-10-21 10:00:00-04:00,2024-10-21 11:00:00-04:00,LONG,20493.25,20455.39166970624,30.28666423500636,20455.39166970624,1,2,-37.85833029375863,-757.1666058751725,SL,2024-10-21,2024-10-21,-1.0
2024-10-22,2024-10-22 10:00:00-04:00,2024-10-22 14:30:00-04:00,LONG,20460.25,20551.75,35.97182535164633,20415.28521831044,2,9,91.5,3660.0,FC,2024-10-22,2024-10-22,1.0
2024-10-23,2024-10-23 10:00:00-04:00,2024-10-23 14:30:00-04:00,SHORT,20433.0,20122.25,29.882008209342565,20470.352510261677,1,9,310.75,6215.0,FC,2024-10-23,2024-10-23,-1.0
2024-10-24,2024-10-24 10:00:00-04:00,2024-10-24 13:30:00-04:00,SHORT,20337.0,20380.166945508972,34.53355640717695,20380.166945508972,1,7,-43.166945508972276,-863.3389101794455,SL,2024-10-24,2024-10-24,-1.0
2024-10-25,2024-10-25 10:00:00-04:00,2024-10-25 12:00:00-04:00,LONG,20649.5,20607.4266842903,33.65865256775828,20607.4266842903,2,4,-42.07331570969836,-1682.9326283879345,SL,2024-10-25,2024-10-25,-1.0
2024-10-28,2024-10-28 10:00:00-04:00,2024-10-28 10:30:00-04:00,SHORT,20556.25,20602.066987119128,36.653589695302344,20602.066987119128,1,1,-45.81698711912759,-916.3397423825518,SL,2024-10-28,2024-10-28,-1.0
2024-10-29,2024-10-29 10:00:00-04:00,2024-10-29 10:30:00-04:00,SHORT,20514.25,20555.156534838225,32.72522787058098,20555.156534838225,2,1,-40.906534838224616,-1636.2613935289846,SL,2024-10-29,2024-10-29,-1.0
2024-10-30,2024-10-30 10:00:00-04:00,2024-10-30 10:30:00-04:00,SHORT,20632.5,20675.695411356857,34.55632908548594,20675.695411356857,1,1,-43.19541135685722,-863.9082271371444,SL,2024-10-30,2024-10-30,-1.0
2024-10-31,2024-10-31 10:00:00-04:00,2024-10-31 14:30:00-04:00,SHORT,20166.0,20039.5,41.96477732916178,20218.455971661453,2,9,126.5,5060.0,FC,2024-10-31,2024-10-31,-1.0
2024-11-01,2024-11-01 10:00:00-04:00,2024-11-01 10:30:00-04:00,SHORT,20169.75,20220.908946630003,40.927157304000986,20220.908946630003,1,1,-51.1589466300029,-1023.178932600058,SL,2024-11-01,2024-11-01,-1.0
2024-11-04,2024-11-04 10:00:00-05:00,2024-11-04 10:30:00-05:00,SHORT,20131.25,20187.411807126984,44.929445701586886,20187.411807126984,2,1,-56.16180712698406,-2246.4722850793623,SL,2024-11-04,2024-11-04,-1.0
2024-11-05,2024-11-05 10:00:00-05:00,2024-11-05 11:00:00-05:00,LONG,20290.75,20243.748370076897,37.60130393848371,20243.748370076897,1,2,-47.00162992310288,-940.0325984620576,SL,2024-11-05,2024-11-05,-1.0
2024-11-06,2024-11-06 10:00:00-05:00,2024-11-06 14:30:00-05:00,LONG,20675.5,20886.75,55.19296601815246,20606.50879247731,2,9,211.25,8450.0,FC,2024-11-06,2024-11-06,1.0
2024-11-07,2024-11-07 10:00:00-05:00,2024-11-07 14:30:00-05:00,LONG,21109.25,21184.5,38.338096506119335,21061.32737936735,1,9,75.25,1505.0,FC,2024-11-07,2024-11-07,1.0
2024-11-08,2024-11-08 10:00:00-05:00,2024-11-08 10:30:00-05:00,LONG,21207.5,21170.27783109844,29.77773512124837,21170.27783109844,1,1,-37.22216890156051,-744.4433780312102,SL,2024-11-08,2024-11-08,1.0
2024-11-11,2024-11-11 10:00:00-05:00,2024-11-11 11:00:00-05:00,SHORT,21172.5,21207.02124343237,27.61699474589407,21207.02124343237,2,2,-34.521243432369374,-1380.849737294775,SL,2024-11-11,2024-11-11,1.0
2024-11-12,2024-11-12 10:00:00-05:00,2024-11-12 10:30:00-05:00,LONG,21235.25,21195.60158382723,31.7187329382158,21195.60158382723,1,1,-39.64841617277125,-792.968323455425,SL,2024-11-12,2024-11-12,1.0
2024-11-13,2024-11-13 10:00:00-05:00,2024-11-13 12:30:00-05:00,SHORT,21140.25,21181.036528592565,32.62922287405143,21181.036528592565,2,5,-40.786528592565446,-1631.4611437026178,SL,2024-11-13,2024-11-13,-1.0
2024-11-14,2024-11-14 10:00:00-05:00,2024-11-14 11:00:00-05:00,SHORT,21092.0,21133.19672079203,32.95737663362431,21133.19672079203,1,2,-41.196720792031556,-823.9344158406311,SL,2024-11-14,2024-11-14,-1.0
2024-11-15,2024-11-15 10:00:00-05:00,2024-11-15 14:30:00-05:00,SHORT,20690.0,20421.5,38.083210897855515,20737.60401362232,2,9,268.5,10740.0,FC,2024-11-15,2024-11-15,-1.0
2024-11-18,2024-11-18 10:00:00-05:00,2024-11-18 10:30:00-05:00,SHORT,20530.25,20577.812898170432,38.05031853634626,20577.812898170432,1,1,-47.56289817043216,-951.2579634086433,SL,2024-11-18,2024-11-18,1.0
2024-11-19,2024-11-19 10:00:00-05:00,2024-11-19 11:00:00-05:00,SHORT,20555.0,20616.728239170057,49.382591336046,20616.728239170057,2,2,-61.72823917005735,-2469.129566802294,SL,2024-11-19,2024-11-19,-1.0
2024-11-20,2024-11-20 10:00:00-05:00,2024-11-20 12:00:00-05:00,SHORT,20614.0,20664.385238538158,40.30819083052677,20664.385238538158,1,4,-50.385238538157864,-1007.7047707631573,SL,2024-11-20,2024-11-20,-1.0
2024-11-21,2024-11-21 10:00:00-05:00,2024-11-21 11:30:00-05:00,SHORT,20667.0,20746.578186878367,63.662549502694894,20746.578186878367,2,3,-79.57818687836698,-3183.127475134679,SL,2024-11-21,2024-11-21,1.0
2024-11-22,2024-11-22 10:00:00-05:00,2024-11-22 10:30:00-05:00,LONG,20855.0,20792.367971356216,50.105622915025926,20792.367971356216,1,1,-62.632028643784,-1252.64057287568,SL,2024-11-22,2024-11-22,1.0
2024-11-25,2024-11-25 10:00:00-05:00,2024-11-25 10:30:00-05:00,LONG,20944.75,20901.488648433955,34.60908125283465,20901.488648433955,2,1,-43.26135156604505,-1730.454062641802,SL,2024-11-25,2024-11-25,-1.0
2024-11-26,2024-11-26 10:00:00-05:00,2024-11-26 10:30:00-05:00,LONG,20973.75,20925.48332775485,38.6133377961203,20925.48332775485,1,1,-48.2666722451504,-965.3334449030081,SL,2024-11-26,2024-11-26,1.0
2024-11-27,2024-11-27 10:00:00-05:00,2024-11-27 14:30:00-05:00,SHORT,20860.5,20801.5,31.20379741354878,20899.504746766936,2,9,59.0,2360.0,FC,2024-11-27,2024-11-27,-1.0
2024-12-02,2024-12-02 10:00:00-05:00,2024-12-02 14:30:00-05:00,LONG,21151.25,21188.0,26.718439278137154,21117.851950902328,1,9,36.75,735.0,FC,2024-12-02,2024-12-02,1.0
2024-12-03,2024-12-03 10:00:00-05:00,2024-12-03 10:30:00-05:00,LONG,21203.0,21173.410065792767,23.671947365787503,21173.410065792767,1,1,-29.589934207233455,-591.7986841446691,SL,2024-12-03,2024-12-03,-1.0
2024-12-04,2024-12-04 10:00:00-05:00,2024-12-04 14:30:00-05:00,LONG,21417.5,21506.25,23.646954584594557,21387.94130676926,2,9,88.75,3550.0,FC,2024-12-04,2024-12-04,1.0
2024-12-05,2024-12-05 10:00:00-05:00,2024-12-05 13:30:00-05:00,LONG,21510.5,21486.126091007973,19.499127193622055,21486.126091007973,1,7,-24.373908992027282,-487.47817984054564,SL,2024-12-05,2024-12-05,-1.0
2024-12-06,2024-12-06 10:00:00-05:00,2024-12-06 11:30:00-05:00,LONG,21609.5,21577.4063631123,25.674909510160106,21577.4063631123,2,3,-32.093636887700995,-1283.7454755080398,SL,2024-12-06,2024-12-06,1.0
2024-12-09,2024-12-09 10:00:00-05:00,2024-12-09 10:30:00-05:00,LONG,21623.25,21593.106346835015,24.114922531989016,21593.106346835015,1,1,-30.143653164985153,-602.8730632997031,SL,2024-12-09,2024-12-09,-1.0
2024-12-10,2024-12-10 10:00:00-05:00,2024-12-10 11:00:00-05:00,LONG,21546.75,21516.454125250064,24.236699799947846,21516.454125250064,2,2,-30.295874749936047,-1211.8349899974419,SL,2024-12-10,2024-12-10,-1.0
2024-12-11,2024-12-11 10:00:00-05:00,2024-12-11 14:30:00-05:00,LONG,21695.5,21802.0,28.983839797498486,21659.270200253126,1,9,106.5,2130.0,FC,2024-12-11,2024-12-11,1.0
2024-12-12,2024-12-12 10:00:00-05:00,2024-12-12 10:30:00-05:00,SHORT,21682.5,21712.30326343283,23.84261074626494,21712.30326343283,1,1,-29.803263432830136,-596.0652686566027,SL,2024-12-12,2024-12-12,-1.0
2024-12-13,2024-12-13 10:00:00-05:00,2024-12-13 10:30:00-05:00,LONG,21881.0,21843.17410257246,30.26071794203287,21843.17410257246,2,1,-37.82589742754135,-1513.035897101654,SL,2024-12-13,2024-12-13,-1.0
2024-12-16,2024-12-16 10:00:00-05:00,2024-12-16 10:30:00-05:00,LONG,22267.0,22227.7418319635,31.406534429199198,22227.7418319635,1,1,-39.25816803650014,-785.1633607300028,SL,2024-12-16,2024-12-16,1.0
2024-12-17,2024-12-17 10:00:00-05:00,2024-12-17 10:30:00-05:00,LONG,22307.0,22268.333129635965,30.933496291228067,22268.333129635965,2,1,-38.666870364035276,-1546.674814561411,SL,2024-12-17,2024-12-17,-1.0
2024-12-18,2024-12-18 10:00:00-05:00,2024-12-18 11:00:00-05:00,SHORT,22288.5,22328.099097670583,31.679278136466383,22328.099097670583,1,2,-39.59909767058343,-791.9819534116687,SL,2024-12-18,2024-12-18,-1.0
2024-12-19,2024-12-19 10:00:00-05:00,2024-12-19 14:30:00-05:00,SHORT,21578.25,21500.75,59.148461565852145,21652.185576957316,2,9,77.5,3100.0,FC,2024-12-19,2024-12-19,-1.0
2024-12-20,2024-12-20 10:00:00-05:00,2024-12-20 10:30:00-05:00,SHORT,21231.5,21311.90323325657,64.32258660525483,21311.90323325657,1,1,-80.40323325656937,-1608.0646651313873,SL,2024-12-20,2024-12-20,-1.0
2024-12-23,2024-12-23 10:00:00-05:00,2024-12-23 10:30:00-05:00,LONG,21630.5,21561.105193071297,55.51584554296153,21561.105193071297,2,1,-69.39480692870347,-2775.792277148139,SL,2024-12-23,2024-12-23,-1.0
2024-12-26,2024-12-26 10:00:00-05:00,2024-12-26 14:30:00-05:00,LONG,21957.75,22007.25,36.33461437737599,21912.33173202828,1,9,49.5,990.0,FC,2024-12-26,2024-12-26,-1.0
2024-12-27,2024-12-27 10:00:00-05:00,2024-12-27 14:30:00-05:00,SHORT,21696.0,21644.5,34.06313229205663,21738.57891536507,1,9,51.5,1030.0,FC,2024-12-27,2024-12-27,-1.0
2024-12-30,2024-12-30 10:00:00-05:00,2024-12-30 10:30:00-05:00,SHORT,21288.0,21347.668003100625,47.73440248049946,21347.668003100625,1,1,-59.668003100625356,-1193.3600620125071,SL,2024-12-30,2024-12-30,-1.0
2024-12-31,2024-12-31 10:00:00-05:00,2024-12-31 14:30:00-05:00,SHORT,21435.0,21198.75,46.439622285441814,21493.0495278568,2,9,236.25,9450.0,FC,2024-12-31,2024-12-31,-1.0
2025-01-02,2025-01-02 10:00:00-05:00,2025-01-02 10:30:00-05:00,LONG,21391.25,21313.335594441116,62.331524447107995,21313.335594441116,1,1,-77.91440555888403,-1558.2881111776805,SL,2025-01-02,2025-01-02,-1.0
2025-01-03,2025-01-03 10:00:00-05:00,2025-01-03 10:30:00-05:00,LONG,21382.25,21318.439703530985,51.048237175211646,21318.439703530985,2,1,-63.81029646901516,-2552.4118587606063,SL,2025-01-03,2025-01-03,-1.0
2025-01-06,2025-01-06 10:00:00-05:00,2025-01-06 13:30:00-05:00,LONG,21819.5,21765.75911075117,42.99271139906364,21765.75911075117,1,7,-53.74088924883108,-1074.8177849766216,SL,2025-01-06,2025-01-06,1.0
2025-01-07,2025-01-07 10:00:00-05:00,2025-01-07 10:30:00-05:00,LONG,21709.75,21659.31241688948,40.35006648841677,21659.31241688948,2,1,-50.43758311052079,-2017.5033244208316,SL,2025-01-07,2025-01-07,-1.0
2025-01-08,2025-01-08 10:00:00-05:00,2025-01-08 12:00:00-05:00,SHORT,21344.25,21410.231000051015,52.784800040811575,21410.231000051015,1,4,-65.98100005101514,-1319.6200010203029,SL,2025-01-08,2025-01-08,-1.0
2025-01-10,2025-01-10 10:00:00-05:00,2025-01-10 11:00:00-05:00,SHORT,21052.75,21122.370113747456,55.69609099796384,21122.370113747456,2,2,-69.62011374745634,-2784.8045498982538,SL,2025-01-10,2025-01-10,-1.0
2025-01-13,2025-01-13 10:00:00-05:00,2025-01-13 11:00:00-05:00,SHORT,20801.75,20873.466103751274,57.37288300102047,20873.466103751274,1,2,-71.7161037512742,-1434.322075025484,SL,2025-01-13,2025-01-13,-1.0
2025-01-14,2025-01-14 10:00:00-05:00,2025-01-14 10:30:00-05:00,SHORT,20981.25,21049.82098226685,54.856785813480165,21049.82098226685,2,1,-68.57098226685048,-2742.839290674019,SL,2025-01-14,2025-01-14,-1.0
2025-01-15,2025-01-15 10:00:00-05:00,2025-01-15 12:00:00-05:00,LONG,21327.25,21260.60933635224,53.31253091820649,21260.60933635224,1,4,-66.64066364775863,-1332.8132729551726,SL,2025-01-15,2025-01-15,-1.0
2025-01-16,2025-01-16 10:00:00-05:00,2025-01-16 12:00:00-05:00,LONG,21378.75,21320.18226482741,46.85418813807175,21320.18226482741,2,4,-58.56773517258989,-2342.7094069035957,SL,2025-01-16,2025-01-16,-1.0
2025-01-17,2025-01-17 10:00:00-05:00,2025-01-17 14:30:00-05:00,LONG,21505.5,21631.25,50.043862387632515,21442.94517201546,1,9,125.75,2515.0,FC,2025-01-17,2025-01-17,1.0
2025-01-20,2025-01-20 10:00:00-05:00,2025-01-20 10:30:00-05:00,LONG,21743.0,21694.48147739507,38.81481808394247,21694.48147739507,1,1,-48.518522604928876,-970.3704520985775,SL,2025-01-20,2025-01-17,1.0
2025-01-21,2025-01-21 10:00:00-05:00,2025-01-21 10:30:00-05:00,LONG,21631.0,21569.733624541783,49.01310036657287,21569.733624541783,2,1,-61.266375458217226,-2450.655018328689,SL,2025-01-21,2025-01-21,1.0
2025-01-22,2025-01-22 10:00:00-05:00,2025-01-22 14:30:00-05:00,LONG,22014.0,22019.75,34.376214669199115,21971.0297316635,1,9,5.75,115.0,FC,2025-01-22,2025-01-22,1.0
2025-01-23,2025-01-23 10:00:00-05:00,2025-01-23 11:00:00-05:00,SHORT,21897.5,21933.221041616594,28.576833293275698,21933.221041616594,1,2,-35.72104161659445,-714.420832331889,SL,2025-01-23,2025-01-23,-1.0
2025-01-24,2025-01-24 10:00:00-05:00,2025-01-24 10:30:00-05:00,LONG,22058.25,22021.10331907867,29.717344737064828,22021.10331907867,2,1,-37.1466809213307,-1485.867236853228,SL,2025-01-24,2025-01-24,-1.0
2025-01-27,2025-01-27 10:00:00-05:00,2025-01-27 14:30:00-05:00,SHORT,21334.25,21252.25,75.88647031616014,21429.1080878952,1,9,82.0,1640.0,FC,2025-01-27,2025-01-27,-1.0
2025-01-28,2025-01-28 10:00:00-05:00,2025-01-28 10:30:00-05:00,SHORT,21283.0,21366.39820126988,66.71856101590275,21366.39820126988,1,1,-83.39820126987979,-1667.9640253975958,SL,2025-01-28,2025-01-28,-1.0
2025-01-29,2025-01-29 10:00:00-05:00,2025-01-29 14:30:00-05:00,SHORT,21519.0,21399.75,46.27645917318528,21576.845573966482,2,9,119.25,4770.0,FC,2025-01-29,2025-01-29,-1.0
2025-01-30,2025-01-30 10:00:00-05:00,2025-01-30 10:30:00-05:00,LONG,21674.0,21608.08069976989,52.73544018408949,21608.08069976989,1,1,-65.91930023011082,-1318.3860046022164,SL,2025-01-30,2025-01-30,-1.0
2025-01-31,2025-01-31 10:00:00-05:00,2025-01-31 13:30:00-05:00,LONG,21868.25,21812.397725975166,44.68181921986664,21812.397725975166,2,7,-55.852274024833605,-2234.090960993344,SL,2025-01-31,2025-01-31,-1.0
2025-02-03,2025-02-03 10:00:00-05:00,2025-02-03 10:30:00-05:00,SHORT,21216.0,21301.09705919499,68.07764735599316,21301.09705919499,1,1,-85.09705919499174,-1701.9411838998349,SL,2025-02-03,2025-02-03,-1.0
2025-02-04,2025-02-04 10:00:00-05:00,2025-02-04 14:30:00-05:00,LONG,21559.75,21660.0,62.551440828978805,21481.560698963778,2,9,100.25,4010.0,FC,2025-02-04,2025-02-04,-1.0
2025-02-05,2025-02-05 10:00:00-05:00,2025-02-05 10:30:00-05:00,LONG,21565.25,21509.76887442918,44.384900456654215,21509.76887442918,1,1,-55.48112557081913,-1109.6225114163826,SL,2025-02-05,2025-02-05,-1.0
2025-02-06,2025-02-06 10:00:00-05:00,2025-02-06 11:00:00-05:00,LONG,21790.0,21746.601657423365,34.718674061308725,21746.601657423365,2,2,-43.398342576634604,-1735.9337030653842,SL,2025-02-06,2025-02-06,-1.0
2025-02-07,2025-02-07 10:00:00-05:00,2025-02-07 10:30:00-05:00,LONG,21904.0,21858.740774336275,36.20738053098172,21858.740774336275,1,1,-45.259225663725374,-905.1845132745075,SL,2025-02-07,2025-02-07,-1.0
2025-02-10,2025-02-10 10:00:00-05:00,2025-02-10 14:30:00-05:00,LONG,21791.0,21870.5,40.25462470412145,21740.68171911985,2,9,79.5,3180.0,FC,2025-02-10,2025-02-10,-1.0
2025-02-11,2025-02-11 10:00:00-05:00,2025-02-11 12:30:00-05:00,LONG,21777.75,21734.853447117563,34.31724230594995,21734.853447117563,1,5,-42.89655288243739,-857.9310576487478,SL,2025-02-11,2025-02-11,-1.0
2025-02-12,2025-02-12 10:00:00-05:00,2025-02-12 10:30:00-05:00,SHORT,21677.0,21732.43844231735,44.350753853881805,21732.43844231735,2,1,-55.438442317350564,-2217.5376926940226,SL,2025-02-12,2025-02-12,-1.0
2025-02-13,2025-02-13 10:00:00-05:00,2025-02-13 14:30:00-05:00,LONG,21919.5,22027.5,44.00183985175083,21864.49770018531,1,9,108.0,2160.0,FC,2025-02-13,2025-02-13,1.0
2025-02-14,2025-02-14 10:00:00-05:00,2025-02-14 14:30:00-05:00,LONG,22127.25,22176.75,33.837905077633,22084.95261865296,1,9,49.5,990.0,FC,2025-02-14,2025-02-14,1.0
2025-02-18,2025-02-18 10:00:00-05:00,2025-02-18 14:30:00-05:00,SHORT,22202.25,22151.25,25.716411928165943,22234.395514910208,1,9,51.0,1020.0,FC,2025-02-18,2025-02-18,-1.0
2025-02-19,2025-02-19 10:00:00-05:00,2025-02-19 11:00:00-05:00,SHORT,22167.75,22202.86280025825,28.090240206601763,22202.86280025825,1,2,-35.11280025825181,-702.2560051650362,SL,2025-02-19,2025-02-19,1.0
2025-02-20,2025-02-20 10:00:00-05:00,2025-02-20 10:30:00-05:00,SHORT,22010.75,22052.98533370475,33.78826696379929,22052.98533370475,2,1,-42.23533370474979,-1689.4133481899917,SL,2025-02-20,2025-02-20,-1.0
2025-02-21,2025-02-21 10:00:00-05:00,2025-02-21 14:30:00-05:00,SHORT,22092.5,21679.5,32.692932325945954,22133.36616540743,1,9,413.0,8260.0,FC,2025-02-21,2025-02-21,-1.0
2025-02-24,2025-02-24 10:00:00-05:00,2025-02-24 12:00:00-05:00,SHORT,21566.25,21620.342283179485,43.27382654358792,21620.342283179485,1,4,-54.092283179485094,-1081.8456635897019,SL,2025-02-24,2025-02-24,-1.0
2025-02-25,2025-02-25 10:00:00-05:00,2025-02-25 14:30:00-05:00,SHORT,21260.0,21133.5,56.144816901280294,21330.181021126602,2,9,126.5,5060.0,FC,2025-02-25,2025-02-25,-1.0
2025-02-26,2025-02-26 10:00:00-05:00,2025-02-26 10:30:00-05:00,SHORT,21301.75,21362.70224978482,48.76179982785643,21362.70224978482,1,1,-60.95224978481929,-1219.0449956963857,SL,2025-02-26,2025-02-26,-1.0
2025-02-27,2025-02-27 10:00:00-05:00,2025-02-27 10:30:00-05:00,SHORT,21009.0,21092.35331273012,66.68265018409649,21092.35331273012,2,1,-83.3533127301198,-3334.132509204792,SL,2025-02-27,2025-02-27,-1.0
2025-02-28,2025-02-28 10:00:00-05:00,2025-02-28 10:30:00-05:00,SHORT,20593.5,20676.008170539062,66.00653643124956,20676.008170539062,1,1,-82.50817053906212,-1650.1634107812424,SL,2025-02-28,2025-02-28,-1.0
2025-03-03,2025-03-03 10:00:00-05:00,2025-03-03 10:30:00-05:00,SHORT,20845.25,20931.952376377394,69.3619011019164,20931.952376377394,2,1,-86.7023763773941,-3468.095055095764,SL,2025-03-03,2025-03-03,-1.0
2025-03-04,2025-03-04 10:00:00-05:00,2025-03-04 12:00:00-05:00,SHORT,20232.5,20329.52899080191,77.62319264152842,20329.52899080191,1,4,-97.02899080191128,-1940.5798160382255,SL,2025-03-04,2025-03-04,-1.0
2025-03-05,2025-03-05 10:00:00-05:00,2025-03-05 10:30:00-05:00,SHORT,20316.75,20420.526399781633,83.02111982530677,20420.526399781633,2,1,-103.77639978163279,-4151.055991265312,SL,2025-03-05,2025-03-05,-1.0
2025-03-06,2025-03-06 10:00:00-05:00,2025-03-06 10:30:00-05:00,SHORT,20281.5,20367.19616836285,68.55693469027952,20367.19616836285,1,1,-85.69616836285059,-1713.9233672570117,SL,2025-03-06,2025-03-06,-1.0
2025-03-07,2025-03-07 10:00:00-05:00,2025-03-07 14:30:00-05:00,SHORT,20140.0,20252.25,72.61921122325121,20230.774014029063,2,9,-112.25,-4490.0,FC,2025-03-07,2025-03-07,-1.0
2025-03-10,2025-03-10 10:00:00-04:00,2025-03-10 14:30:00-04:00,SHORT,19790.5,19431.25,74.28917751903387,19883.361471898792,1,9,359.25,7185.0,FC,2025-03-10,2025-03-10,-1.0
2025-03-11,2025-03-11 10:00:00-04:00,2025-03-11 14:30:00-04:00,SHORT,19523.5,19508.75,81.45200575962593,19625.315007199533,1,9,14.75,295.0,FC,2025-03-11,2025-03-11,-1.0
2025-03-12,2025-03-12 10:00:00-04:00,2025-03-12 11:00:00-04:00,LONG,19644.5,19548.723603704217,76.62111703662751,19548.723603704217,1,2,-95.77639629578334,-1915.5279259156669,SL,2025-03-12,2025-03-12,1.0
2025-03-13,2025-03-13 10:00:00-04:00,2025-03-13 10:30:00-04:00,SHORT,19366.75,19459.366144137504,74.09291531000471,19459.366144137504,2,1,-92.6161441375043,-3704.6457655001723,SL,2025-03-13,2025-03-13,-1.0
2025-03-14,2025-03-14 10:00:00-04:00,2025-03-14 10:30:00-04:00,LONG,19548.5,19472.335066170206,60.9319470638348,19472.335066170206,1,1,-76.16493382979388,-1523.2986765958776,SL,2025-03-14,2025-03-14,1.0
2025-03-17,2025-03-17 10:00:00-04:00,2025-03-17 10:30:00-04:00,LONG,19997.25,19930.43409347669,53.45272521864543,19930.43409347669,2,1,-66.81590652330851,-2672.6362609323405,SL,2025-03-17,2025-03-17,-1.0
2025-03-18,2025-03-18 10:00:00-04:00,2025-03-18 12:30:00-04:00,SHORT,19672.5,19736.442455577857,51.15396446228675,19736.442455577857,1,5,-63.94245557785689,-1278.8491115571378,SL,2025-03-18,2025-03-18,-1.0
2025-03-19,2025-03-19 10:00:00-04:00,2025-03-19 14:30:00-04:00,LONG,19823.25,19871.25,45.64255552084193,19766.19680559895,2,9,48.0,1920.0,FC,2025-03-19,2025-03-19,-1.0
2025-03-20,2025-03-20 10:00:00-04:00,2025-03-20 13:00:00-04:00,LONG,19932.75,19862.75771650614,55.99382679508713,19862.75771650614,1,6,-69.99228349385885,-1399.845669877177,SL,2025-03-20,2025-03-20,-1.0
2025-03-21,2025-03-21 10:00:00-04:00,2025-03-21 11:00:00-04:00,SHORT,19718.5,19787.360053787623,55.08804303009718,19787.360053787623,2,2,-68.86005378762275,-2754.40215150491,SL,2025-03-21,2025-03-21,-1.0
2025-03-24,2025-03-24 10:00:00-04:00,2025-03-24 14:30:00-04:00,LONG,20316.0,20335.0,40.994259361576745,20264.75717579803,1,9,19.0,380.0,FC,2025-03-24,2025-03-24,1.0
2025-03-25,2025-03-25 10:00:00-04:00,2025-03-25 10:30:00-04:00,LONG,20410.75,20371.091404327464,31.726876538028844,20371.091404327464,1,1,-39.65859567253574,-793.1719134507148,SL,2025-03-25,2025-03-25,1.0
2025-03-26,2025-03-26 10:00:00-04:00,2025-03-26 14:30:00-04:00,SHORT,20316.5,20135.25,32.71846230235418,20357.398077877944,2,9,181.25,7250.0,FC,2025-03-26,2025-03-26,-1.0
2025-03-27,2025-03-27 10:00:00-04:00,2025-03-27 11:00:00-04:00,SHORT,20076.5,20133.983175466317,45.98654037305243,20133.983175466317,1,2,-57.483175466317334,-1149.6635093263467,SL,2025-03-27,2025-03-27,-1.0
2025-03-28,2025-03-28 10:00:00-04:00,2025-03-28 14:30:00-04:00,SHORT,19856.0,19475.25,48.41645694771564,19916.520571184643,2,9,380.75,15230.0,FC,2025-03-28,2025-03-28,-1.0
2025-03-31,2025-03-31 10:00:00-04:00,2025-03-31 10:30:00-04:00,SHORT,19089.25,19159.826657145575,56.46132571645869,19159.826657145575,1,1,-70.57665714557515,-1411.533142911503,SL,2025-03-31,2025-03-31,-1.0
2025-04-01,2025-04-01 10:00:00-04:00,2025-04-01 10:30:00-04:00,LONG,19398.75,19326.94562996032,57.44349603174485,19326.94562996032,2,1,-71.80437003968109,-2872.1748015872436,SL,2025-04-01,2025-04-01,-1.0
2025-04-02,2025-04-02 10:00:00-04:00,2025-04-02 14:30:00-04:00,LONG,19532.25,19612.75,60.18301900652754,19457.02122624184,1,9,80.5,1610.0,FC,2025-04-02,2025-04-02,-1.0
2025-04-03,2025-04-03 10:00:00-04:00,2025-04-03 14:30:00-04:00,SHORT,18989.25,18779.25,95.75572771432408,19108.944659642904,1,9,210.0,4200.0,FC,2025-04-03,2025-04-03,-1.0
2025-04-04,2025-04-04 10:00:00-04:00,2025-04-04 14:30:00-04:00,SHORT,18203.0,17660.0,123.34319374246707,18357.178992178084,1,9,543.0,10860.0,FC,2025-04-04,2025-04-04,-1.0
2025-04-07,2025-04-07 10:00:00-04:00,2025-04-07 10:30:00-04:00,SHORT,17273.5,17524.6878290139,200.95026321112,17524.6878290139,1,1,-251.18782901389932,-5023.756580277986,SL,2025-04-07,2025-04-07,-1.0
2025-04-08,2025-04-08 10:00:00-04:00,2025-04-08 11:30:00-04:00,LONG,18247.75,18054.444084635354,154.6447322917182,18054.444084635354,2,3,-193.30591536464635,-7732.236614585854,SL,2025-04-08,2025-04-08,-1.0
2025-04-09,2025-04-09 10:00:00-04:00,2025-04-09 14:30:00-04:00,LONG,17446.5,19040.75,194.1312558184959,17203.83593022688,1,9,1594.25,31885.0,FC,2025-04-09,2025-04-09,-1.0
2025-04-10,2025-04-10 10:00:00-04:00,2025-04-10 12:00:00-04:00,LONG,18661.75,18460.637333243074,160.89013340554092,18460.637333243074,1,4,-201.11266675692605,-4022.253335138521,SL,2025-04-10,2025-04-10,-1.0
2025-04-11,2025-04-11 10:00:00-04:00,2025-04-11 10:30:00-04:00,LONG,18562.0,18360.969367206028,160.82450623517673,18360.969367206028,2,1,-201.03063279397247,-8041.225311758899,SL,2025-04-11,2025-04-11,-1.0
2025-04-14,2025-04-14 10:00:00-04:00,2025-04-14 12:00:00-04:00,LONG,19045.5,18921.84370624845,98.92503500123905,18921.84370624845,1,4,-123.65629375154822,-2473.1258750309644,SL,2025-04-14,2025-04-14,-1.0
2025-04-15,2025-04-15 10:00:00-04:00,2025-04-15 10:30:00-04:00,LONG,19067.75,18973.283221999252,75.57342240059684,18973.283221999252,2,1,-94.46677800074758,-3778.6711200299032,SL,2025-04-15,2025-04-15,-1.0
2025-04-16,2025-04-16 10:00:00-04:00,2025-04-16 10:30:00-04:00,SHORT,18524.0,18617.15878475606,74.52702780484636,18617.15878475606,1,1,-93.1587847560586,-1863.1756951211719,SL,2025-04-16,2025-04-16,-1.0
2025-04-17,2025-04-17 10:00:00-04:00,2025-04-17 14:30:00-04:00,SHORT,18467.75,18480.5,72.15909538492095,18557.94886923115,2,9,-12.75,-510.0,FC,2025-04-17,2025-04-17,-1.0
2025-04-21,2025-04-21 10:00:00-04:00,2025-04-21 14:30:00-04:00,SHORT,17994.5,17752.25,62.65457969670289,18072.818224620878,1,9,242.25,4845.0,FC,2025-04-21,2025-04-21,-1.0
2025-04-22,2025-04-22 10:00:00-04:00,2025-04-22 14:30:00-04:00,LONG,18253.75,18347.75,58.27383829907369,18180.90770212616,1,9,94.0,1880.0,FC,2025-04-22,2025-04-22,-1.0
2025-04-23,2025-04-23 10:00:00-04:00,2025-04-23 10:30:00-04:00,LONG,19074.75,18988.530080709188,68.97593543265067,18988.530080709188,1,1,-86.21991929081196,-1724.3983858162392,SL,2025-04-23,2025-04-23,-1.0
2025-04-24,2025-04-24 10:00:00-04:00,2025-04-24 14:30:00-04:00,LONG,19051.75,19284.25,75.7454209350446,18957.068223831193,2,9,232.5,9300.0,FC,2025-04-24,2025-04-24,1.0
2025-04-25,2025-04-25 10:00:00-04:00,2025-04-25 14:30:00-04:00,LONG,19257.0,19487.25,67.95147279952222,19172.060659000595,1,9,230.25,4605.0,FC,2025-04-25,2025-04-25,1.0
2025-04-28,2025-04-28 10:00:00-04:00,2025-04-28 11:30:00-04:00,LONG,19465.25,19398.672099337815,53.26232052974838,19398.672099337815,1,3,-66.57790066218513,-1331.5580132437026,SL,2025-04-28,2025-04-28,-1.0
2025-04-29,2025-04-29 10:00:00-04:00,2025-04-29 14:30:00-04:00,LONG,19506.25,19672.75,56.6674518260793,19435.415685217402,2,9,166.5,6660.0,FC,2025-04-29,2025-04-29,-1.0
2025-04-30,2025-04-30 10:00:00-04:00,2025-04-30 10:30:00-04:00,SHORT,19121.25,19196.66060505026,60.328484040207215,19196.66060505026,1,1,-75.41060505025962,-1508.2121010051924,SL,2025-04-30,2025-04-30,-1.0
2025-05-01,2025-05-01 10:00:00-04:00,2025-05-01 14:30:00-04:00,LONG,19877.0,20017.75,56.39742586090446,19806.503217673868,2,9,140.75,5630.0,FC,2025-05-01,2025-05-01,1.0
2025-05-02,2025-05-02 10:00:00-04:00,2025-05-02 14:30:00-04:00,LONG,20073.0,20246.75,60.878435275613086,19996.901955905483,1,9,173.75,3475.0,FC,2025-05-02,2025-05-02,1.0
2025-05-05,2025-05-05 10:00:00-04:00,2025-05-05 14:30:00-04:00,LONG,20051.0,20161.75,44.02794327454061,19995.965070906823,1,9,110.75,2215.0,FC,2025-05-05,2025-05-05,-1.0
2025-05-06,2025-05-06 10:00:00-04:00,2025-05-06 10:30:00-04:00,SHORT,19757.25,19813.4607280522,44.968582441760496,19813.4607280522,1,1,-56.210728052199556,-1124.2145610439911,SL,2025-05-06,2025-05-06,-1.0
2025-05-07,2025-05-07 10:00:00-04:00,2025-05-07 14:30:00-04:00,SHORT,19937.5,19772.25,52.7594630364386,20003.44932879555,2,9,165.25,6610.0,FC,2025-05-07,2025-05-07,-1.0
2025-05-08,2025-05-08 10:00:00-04:00,2025-05-08 11:00:00-04:00,LONG,20090.0,20022.022318086303,54.382145530958084,20022.022318086303,1,2,-67.97768191369687,-1359.5536382739374,SL,2025-05-08,2025-05-08,-1.0
2025-05-09,2025-05-09 10:00:00-04:00,2025-05-09 10:30:00-04:00,LONG,20254.25,20191.65985116845,50.072119065239676,20191.65985116845,2,1,-62.59014883155032,-2503.605953262013,SL,2025-05-09,2025-05-09,-1.0
2025-05-12,2025-05-12 10:00:00-04:00,2025-05-12 11:00:00-04:00,LONG,20786.5,20706.279927528612,64.17605797710927,20706.279927528612,1,2,-80.22007247138754,-1604.4014494277508,SL,2025-05-12,2025-05-12,1.0
2025-05-13,2025-05-13 10:00:00-04:00,2025-05-13 14:30:00-04:00,LONG,21124.5,21303.75,50.17418527624533,21061.782268404695,2,9,179.25,7170.0,FC,2025-05-13,2025-05-13,1.0
2025-05-14,2025-05-14 10:00:00-04:00,2025-05-14 14:30:00-04:00,LONG,21330.75,21346.5,42.61304230394896,21277.483697120064,1,9,15.75,315.0,FC,2025-05-14,2025-05-14,1.0
2025-05-15,2025-05-15 10:00:00-04:00,2025-05-15 14:30:00-04:00,LONG,21298.5,21409.25,42.75965393377989,21245.050432582775,1,9,110.75,2215.0,FC,2025-05-15,2025-05-15,1.0
2025-05-16,2025-05-16 10:00:00-04:00,2025-05-16 11:00:00-04:00,LONG,21437.5,21387.503808980455,39.99695281563477,21387.503808980455,1,2,-49.99619101954522,-999.9238203909044,SL,2025-05-16,2025-05-16,1.0
2025-05-19,2025-05-19 10:00:00-04:00,2025-05-19 14:30:00-04:00,LONG,21356.25,21460.5,48.58688138599245,21295.51639826751,2,9,104.25,4170.0,FC,2025-05-19,2025-05-19,1.0
2025-05-20,2025-05-20 10:00:00-04:00,2025-05-20 11:00:00-04:00,SHORT,21394.75,21447.40192185008,42.12153748006505,21447.40192185008,1,2,-52.651921850079816,-1053.0384370015963,SL,2025-05-20,2025-05-20,-1.0
2025-05-21,2025-05-21 10:00:00-04:00,2025-05-21 13:30:00-04:00,LONG,21374.25,21318.55914436351,44.55268450919144,21318.55914436351,2,7,-55.690855636490596,-2227.634225459624,SL,2025-05-21,2025-05-21,-1.0
2025-05-22,2025-05-22 10:00:00-04:00,2025-05-22 10:30:00-04:00,LONG,21285.5,21212.199486523965,58.64041078082772,21212.199486523965,1,1,-73.30051347603512,-1466.0102695207024,SL,2025-05-22,2025-05-22,-1.0
2025-05-23,2025-05-23 10:00:00-04:00,2025-05-23 10:30:00-04:00,SHORT,20885.0,20968.50319746285,66.8025579702801,20968.50319746285,2,1,-83.50319746285095,-3340.127898514038,SL,2025-05-23,2025-05-23,-1.0
2025-05-26,2025-05-26 10:00:00-04:00,2025-05-26 11:00:00-04:00,LONG,21279.25,21226.30575888952,42.355392888383165,21226.30575888952,1,2,-52.9442411104792,-1058.884822209584,SL,2025-05-26,2025-05-23,-1.0
2025-05-27,2025-05-27 10:00:00-04:00,2025-05-27 14:30:00-04:00,LONG,21293.75,21461.25,40.160293533424245,21243.54963308322,2,9,167.5,6700.0,FC,2025-05-27,2025-05-27,1.0
2025-05-28,2025-05-28 10:00:00-04:00,2025-05-28 14:30:00-04:00,LONG,21467.5,21481.25,33.32148889448441,21425.848138881895,1,9,13.75,275.0,FC,2025-05-28,2025-05-28,-1.0
2025-05-29,2025-05-29 10:00:00-04:00,2025-05-29 14:30:00-04:00,SHORT,21518.0,21330.5,53.92117641327682,21585.401470516597,1,9,187.5,3750.0,FC,2025-05-29,2025-05-29,-1.0
2025-05-30,2025-05-30 10:00:00-04:00,2025-05-30 10:30:00-04:00,SHORT,21257.5,21327.53660234381,56.0292818750473,21327.53660234381,1,1,-70.03660234381096,-1400.732046876219,SL,2025-05-30,2025-05-30,-1.0
2025-06-02,2025-06-02 10:00:00-04:00,2025-06-02 10:30:00-04:00,LONG,21317.25,21254.287871450175,50.3697028398613,21254.287871450175,2,1,-62.96212854982514,-2518.4851419930055,SL,2025-06-02,2025-06-02,-1.0
2025-06-03,2025-06-03 10:00:00-04:00,2025-06-03 14:30:00-04:00,LONG,21594.75,21698.75,41.001726265944455,21543.49784216757,1,9,104.0,2080.0,FC,2025-06-03,2025-06-03,-1.0
2025-06-04,2025-06-04 10:00:00-04:00,2025-06-04 10:30:00-04:00,LONG,21754.0,21709.46932350803,35.624541193576974,21709.46932350803,1,1,-44.53067649196964,-890.6135298393929,SL,2025-06-04,2025-06-04,1.0
2025-06-05,2025-06-05 10:00:00-04:00,2025-06-05 10:30:00-04:00,SHORT,21723.75,21774.142316644997,40.31385331599601,21774.142316644997,2,1,-50.392316644996754,-2015.6926657998702,SL,2025-06-05,2025-06-05,-1.0
2025-06-06,2025-06-06 10:00:00-04:00,2025-06-06 10:30:00-04:00,LONG,21840.25,21780.85436174025,47.51651060780001,21780.85436174025,1,1,-59.39563825974983,-1187.9127651949966,SL,2025-06-06,2025-06-06,1.0
2025-06-09,2025-06-09 10:00:00-04:00,2025-06-09 14:30:00-04:00,LONG,21786.5,21865.25,34.09701220715955,21743.87873474105,2,9,78.75,3150.0,FC,2025-06-09,2025-06-09,-1.0
2025-06-10,2025-06-10 10:00:00-04:00,2025-06-10 12:00:00-04:00,LONG,21857.0,21809.9770301149,37.6183759080798,21809.9770301149,1,4,-47.02296988509988,-940.4593977019977,SL,2025-06-10,2025-06-10,-1.0
2025-06-11,2025-06-11 10:00:00-04:00,2025-06-11 12:30:00-04:00,LONG,21980.5,21926.44150013443,43.24679989245376,21926.44150013443,2,5,-54.05849986556859,-2162.3399946227437,SL,2025-06-11,2025-06-11,-1.0
2025-06-12,2025-06-12 10:00:00-04:00,2025-06-12 14:30:00-04:00,LONG,21857.25,21920.5,49.19335686303187,21795.75830392121,1,9,63.25,1265.0,FC,2025-06-12,2025-06-12,-1.0
2025-06-13,2025-06-13 10:00:00-04:00,2025-06-13 10:30:00-04:00,LONG,21729.0,21657.89134361367,56.886925109062524,21657.89134361367,1,1,-71.10865638632822,-1422.1731277265644,SL,2025-06-13,2025-06-13,-1.0
2025-06-16,2025-06-16 10:00:00-04:00,2025-06-16 14:30:00-04:00,LONG,22151.5,22173.0,51.07342047563283,22087.65822440546,2,9,21.5,860.0,FC,2025-06-16,2025-06-16,-1.0
2025-06-17,2025-06-17 10:00:00-04:00,2025-06-17 13:00:00-04:00,LONG,22095.5,22035.77545510379,47.77963591696793,22035.77545510379,1,6,-59.72454489620941,-1194.4908979241882,SL,2025-06-17,2025-06-17,-1.0
2025-06-18,2025-06-18 10:00:00-04:00,2025-06-18 14:00:00-04:00,LONG,22001.5,21948.624697430994,42.300242055203626,21948.624697430994,2,8,-52.875302569005726,-2115.012102760229,SL,2025-06-18,2025-06-18,-1.0
2025-06-20,2025-06-20 10:00:00-04:00,2025-06-20 10:30:00-04:00,LONG,22018.0,21960.061662649674,46.3506698802616,21960.061662649674,1,1,-57.93833735032604,-1158.7667470065207,SL,2025-06-20,2025-06-20,1.0
2025-06-23,2025-06-23 10:00:00-04:00,2025-06-23 12:30:00-04:00,LONG,21925.25,21860.532364278773,51.7741085769822,21860.532364278773,2,5,-64.71763572122654,-2588.7054288490617,SL,2025-06-23,2025-06-23,1.0
2025-06-24,2025-06-24 10:00:00-04:00,2025-06-24 14:30:00-04:00,LONG,22291.0,22415.0,47.54514554004366,22231.568568074945,1,9,124.0,2480.0,FC,2025-06-24,2025-06-24,1.0
2025-06-25,2025-06-25 10:00:00-04:00,2025-06-25 10:30:00-04:00,LONG,22522.25,22486.865890219022,28.307287824783867,22486.865890219022,1,1,-35.38410978097818,-707.6821956195636,SL,2025-06-25,2025-06-25,1.0
2025-06-26,2025-06-26 10:00:00-04:00,2025-06-26 14:30:00-04:00,LONG,22543.75,22673.25,28.953427214141485,22507.558215982324,2,9,129.5,5180.0,FC,2025-06-26,2025-06-26,1.0
2025-06-27,2025-06-27 10:00:00-04:00,2025-06-27 14:00:00-04:00,LONG,22764.0,22728.757252945143,28.194197643884863,22728.757252945143,1,8,-35.24274705485732,-704.8549410971464,SL,2025-06-27,2025-06-27,-1.0
2025-06-30,2025-06-30 10:00:00-04:00,2025-06-30 14:30:00-04:00,LONG,22826.5,22819.75,34.18600211395715,22783.767497357552,2,9,-6.75,-270.0,FC,2025-06-30,2025-06-30,1.0
2025-07-01,2025-07-01 10:00:00-04:00,2025-07-01 14:30:00-04:00,SHORT,22815.0,22724.5,30.89763553839949,22853.622044423,1,9,90.5,1810.0,FC,2025-07-01,2025-07-01,1.0
2025-07-02,2025-07-02 10:00:00-04:00,2025-07-02 10:30:00-04:00,SHORT,22707.25,22752.898588686567,36.518870949253504,22752.898588686567,1,1,-45.648588686566654,-912.9717737313331,SL,2025-07-02,2025-07-02,1.0
2025-07-07,2025-07-07 10:00:00-04:00,2025-07-07 14:30:00-04:00,SHORT,22945.5,22786.5,30.768380194273867,22983.960475242842,2,9,159.0,6360.0,FC,2025-07-07,2025-07-07,-1.0
2025-07-08,2025-07-08 10:00:00-04:00,2025-07-08 11:00:00-04:00,SHORT,22881.5,22923.10183746836,33.281469974688115,22923.10183746836,1,2,-41.60183746835901,-832.0367493671802,SL,2025-07-08,2025-07-08,-1.0
2025-07-09,2025-07-09 10:00:00-04:00,2025-07-09 10:30:00-04:00,LONG,23086.0,23046.352587446523,31.71793004278055,23046.352587446523,2,1,-39.6474125534769,-1585.896502139076,SL,2025-07-09,2025-07-09,1.0
2025-07-10,2025-07-10 10:00:00-04:00,2025-07-10 11:30:00-04:00,SHORT,22960.0,22998.34728328091,30.677826624727967,22998.34728328091,1,3,-38.34728328090932,-766.9456656181865,SL,2025-07-10,2025-07-10,-1.0
2025-07-11,2025-07-11 10:00:00-04:00,2025-07-11 11:30:00-04:00,LONG,22963.75,22916.839489934977,37.528408052018776,22916.839489934977,2,3,-46.91051006502312,-1876.4204026009247,SL,2025-07-11,2025-07-11,-1.0
2025-07-14,2025-07-14 10:00:00-04:00,2025-07-14 14:30:00-04:00,LONG,22911.75,23049.0,35.02540625656017,22867.9682421793,1,9,137.25,2745.0,FC,2025-07-14,2025-07-14,-1.0
2025-07-15,2025-07-15 10:00:00-04:00,2025-07-15 13:00:00-04:00,LONG,23138.5,23095.029737040797,34.77621036736227,23095.029737040797,1,6,-43.470262959202955,-869.4052591840591,SL,2025-07-15,2025-07-15,-1.0
2025-07-16,2025-07-16 10:00:00-04:00,2025-07-16 11:00:00-04:00,SHORT,22968.5,23012.675468245885,35.340374596708884,23012.675468245885,2,2,-44.175468245884986,-1767.0187298353994,SL,2025-07-16,2025-07-16,-1.0
2025-07-17,2025-07-17 10:00:00-04:00,2025-07-17 14:30:00-04:00,LONG,23150.0,23256.0,34.07891545713372,23107.401355678583,1,9,106.0,2120.0,FC,2025-07-17,2025-07-17,1.0
2025-07-18,2025-07-18 10:00:00-04:00,2025-07-18 10:30:00-04:00,LONG,23257.5,23226.94199720305,24.44640223756199,23226.94199720305,1,1,-30.55800279695177,-611.1600559390354,SL,2025-07-18,2025-07-18,-1.0
2025-07-21,2025-07-21 10:00:00-04:00,2025-07-21 14:30:00-04:00,LONG,23375.25,23411.75,26.564521629226224,23342.044347963467,2,9,36.5,1460.0,FC,2025-07-21,2025-07-21,1.0
2025-07-22,2025-07-22 10:00:00-04:00,2025-07-22 10:30:00-04:00,SHORT,23142.25,23180.59638320059,30.677106560472218,23180.59638320059,1,1,-38.346383200590935,-766.9276640118187,SL,2025-07-22,2025-07-22,-1.0
2025-07-23,2025-07-23 10:00:00-04:00,2025-07-23 11:30:00-04:00,SHORT,23166.0,23203.841448351646,30.273158681317753,23203.841448351646,2,3,-37.84144835164625,-1513.65793406585,SL,2025-07-23,2025-07-23,-1.0
2025-07-24,2025-07-24 10:00:00-04:00,2025-07-24 10:30:00-04:00,LONG,23362.75,23328.079942219527,27.736046224378285,23328.079942219527,1,1,-34.670057780473144,-693.4011556094629,SL,2025-07-24,2025-07-24,-1.0
2025-07-25,2025-07-25 10:00:00-04:00,2025-07-25 14:30:00-04:00,LONG,23389.25,23452.5,24.41174216132356,23358.735322298344,2,9,63.25,2530.0,FC,2025-07-25,2025-07-25,1.0
2025-07-28,2025-07-28 10:00:00-04:00,2025-07-28 10:30:00-04:00,LONG,23521.0,23491.78598531066,23.37121175147285,23491.78598531066,1,1,-29.21401468933982,-584.2802937867964,SL,2025-07-28,2025-07-28,-1.0
2025-07-29,2025-07-29 10:00:00-04:00,2025-07-29 10:30:00-04:00,LONG,23581.0,23552.76805000886,22.585559992912472,23552.76805000886,2,1,-28.231949991139118,-1129.2779996455647,SL,2025-07-29,2025-07-29,-1.0
2025-07-30,2025-07-30 10:00:00-04:00,2025-07-30 10:30:00-04:00,SHORT,23483.75,23514.49708101658,24.597664813265084,23514.49708101658,1,1,-30.747081016579614,-614.9416203315923,SL,2025-07-30,2025-07-30,-1.0
2025-07-31,2025-07-31 10:00:00-04:00,2025-07-31 14:30:00-04:00,SHORT,23671.25,23417.75,37.379487629898264,23717.974359537373,2,9,253.5,10140.0,FC,2025-07-31,2025-07-31,-1.0
2025-08-01,2025-08-01 10:00:00-04:00,2025-08-01 10:30:00-04:00,SHORT,22883.0,22957.775909232932,59.82072738634717,22957.775909232932,1,1,-74.77590923293246,-1495.5181846586493,SL,2025-08-01,2025-08-01,-1.0
2025-08-04,2025-08-04 10:00:00-04:00,2025-08-04 11:30:00-04:00,LONG,23246.0,23191.656821483626,43.474542813098566,23191.656821483626,2,3,-54.34317851637388,-2173.7271406549553,SL,2025-08-04,2025-08-04,-1.0
2025-08-05,2025-08-05 10:00:00-04:00,2025-08-05 10:30:00-04:00,LONG,23374.25,23332.055616535385,33.755506771691344,23332.055616535385,1,1,-42.194383464615385,-843.8876692923077,SL,2025-08-05,2025-08-05,-1.0
2025-08-06,2025-08-06 10:00:00-04:00,2025-08-06 14:30:00-04:00,LONG,23201.25,23420.0,38.41754300278066,23153.228071246525,2,9,218.75,8750.0,FC,2025-08-06,2025-08-06,-1.0
2025-08-07,2025-08-07 10:00:00-04:00,2025-08-07 10:30:00-04:00,LONG,23654.5,23609.416917740502,36.06646580759867,23609.416917740502,1,1,-45.08308225949804,-901.6616451899608,SL,2025-08-07,2025-08-07,-1.0
2025-08-08,2025-08-08 10:00:00-04:00,2025-08-08 14:30:00-04:00,LONG,23643.5,23707.0,35.29845859548474,23599.376926755645,2,9,63.5,2540.0,FC,2025-08-08,2025-08-08,1.0
2025-08-11,2025-08-11 10:00:00-04:00,2025-08-11 14:00:00-04:00,LONG,23744.25,23709.048493727136,28.16120501829149,23709.048493727136,1,8,-35.20150627286421,-704.0301254572842,SL,2025-08-11,2025-08-11,-1.0
2025-08-12,2025-08-12 10:00:00-04:00,2025-08-12 10:30:00-04:00,SHORT,23653.0,23701.25929505355,38.607436042842096,23701.25929505355,2,1,-48.259295053550886,-1930.3718021420354,SL,2025-08-12,2025-08-12,1.0
2025-08-13,2025-08-13 10:00:00-04:00,2025-08-13 10:30:00-04:00,LONG,24017.25,23983.075095590957,27.33992352723502,23983.075095590957,1,1,-34.17490440904294,-683.4980881808588,SL,2025-08-13,2025-08-13,-1.0
2025-08-14,2025-08-14 10:00:00-04:00,2025-08-14 11:30:00-04:00,LONG,23936.0,23896.020061714462,31.983950628431522,23896.020061714462,2,3,-39.97993828553808,-1599.1975314215233,SL,2025-08-14,2025-08-14,1.0
2025-08-15,2025-08-15 10:00:00-04:00,2025-08-15 10:30:00-04:00,SHORT,23807.0,23847.444495932203,32.35559674576178,23847.444495932203,1,1,-40.4444959322027,-808.889918644054,SL,2025-08-15,2025-08-15,-1.0
2025-08-18,2025-08-18 10:00:00-04:00,2025-08-18 10:30:00-04:00,SHORT,23749.0,23788.230742795375,31.384594236299595,23788.230742795375,2,1,-39.23074279537468,-1569.2297118149872,SL,2025-08-18,2025-08-18,-1.0
2025-08-19,2025-08-19 10:00:00-04:00,2025-08-19 10:30:00-04:00,SHORT,23678.75,23717.78839811927,31.230718495417467,23717.78839811927,1,1,-39.03839811927173,-780.7679623854347,SL,2025-08-19,2025-08-19,-1.0
2025-08-20,2025-08-20 10:00:00-04:00,2025-08-20 11:30:00-04:00,SHORT,23173.25,23224.89933623015,41.31946898412214,23224.89933623015,2,3,-51.649336230151675,-2065.973449206067,SL,2025-08-20,2025-08-20,-1.0
2025-08-21,2025-08-21 10:00:00-04:00,2025-08-21 10:30:00-04:00,SHORT,23187.75,23244.39971085965,45.31976868771872,23244.39971085965,1,1,-56.64971085964862,-1132.9942171929724,SL,2025-08-21,2025-08-21,-1.0
2025-08-22,2025-08-22 10:00:00-04:00,2025-08-22 14:30:00-04:00,LONG,23268.5,23594.75,40.99590149688471,23217.255123128893,2,9,326.25,13050.0,FC,2025-08-22,2025-08-22,-1.0
2025-08-25,2025-08-25 10:00:00-04:00,2025-08-25 14:30:00-04:00,LONG,23519.25,23565.0,32.97808265308929,23478.02739668364,1,9,45.75,915.0,FC,2025-08-25,2025-08-25,-1.0
2025-08-26,2025-08-26 10:00:00-04:00,2025-08-26 14:30:00-04:00,LONG,23494.75,23539.0,31.654744499510844,23455.18156937561,1,9,44.25,885.0,FC,2025-08-26,2025-08-26,-1.0
2025-08-27,2025-08-27 10:00:00-04:00,2025-08-27 10:30:00-04:00,SHORT,23535.5,23567.47423615875,25.579388926998988,23567.47423615875,1,1,-31.97423615874868,-639.4847231749736,SL,2025-08-27,2025-08-27,-1.0
2025-08-28,2025-08-28 10:00:00-04:00,2025-08-28 14:30:00-04:00,LONG,23609.25,23775.5,37.359270445547814,23562.550911943064,2,9,166.25,6650.0,FC,2025-08-28,2025-08-28,-1.0
2025-08-29,2025-08-29 10:00:00-04:00,2025-08-29 14:30:00-04:00,SHORT,23518.25,23441.5,33.422928806431706,23560.02866100804,1,9,76.75,1535.0,FC,2025-08-29,2025-08-29,-1.0
2025-09-02,2025-09-02 10:00:00-04:00,2025-09-02 14:30:00-04:00,SHORT,23233.75,23164.0,46.683798423566365,23292.10474802946,1,9,69.75,1395.0,FC,2025-09-02,2025-09-02,-1.0
2025-09-03,2025-09-03 10:00:00-04:00,2025-09-03 14:30:00-04:00,LONG,23378.25,23349.25,39.23852249033808,23329.201846887077,1,9,-29.0,-580.0,FC,2025-09-03,2025-09-03,-1.0
2025-09-04,2025-09-04 10:00:00-04:00,2025-09-04 10:30:00-04:00,LONG,23474.0,23429.94049093529,35.247607251769296,23429.94049093529,2,1,-44.059509064711165,-1762.3803625884466,SL,2025-09-04,2025-09-04,-1.0
2025-09-05,2025-09-05 10:00:00-04:00,2025-09-05 10:30:00-04:00,LONG,23852.5,23813.173700796124,31.461039363102124,23813.173700796124,1,1,-39.32629920387626,-786.5259840775252,SL,2025-09-05,2025-09-05,-1.0
2025-09-08,2025-09-08 10:00:00-04:00,2025-09-08 10:30:00-04:00,LONG,23846.25,23806.297793018213,31.961765585428036,23806.297793018213,2,1,-39.95220698178673,-1598.0882792714692,SL,2025-09-08,2025-09-08,-1.0
2025-09-09,2025-09-09 10:00:00-04:00,2025-09-09 10:30:00-04:00,LONG,23815.0,23781.45010596887,26.839915224904587,23781.45010596887,1,1,-33.54989403112995,-670.997880622599,SL,2025-09-09,2025-09-09,-1.0
2025-09-10,2025-09-10 10:00:00-04:00,2025-09-10 13:30:00-04:00,LONG,23930.25,23893.280432678097,29.575653857521292,23893.280432678097,2,7,-36.969567321903014,-1478.7826928761206,SL,2025-09-10,2025-09-10,-1.0
2025-09-11,2025-09-11 10:00:00-04:00,2025-09-11 14:30:00-04:00,LONG,23979.75,24021.5,31.4569970626117,23940.428753671735,1,9,41.75,835.0,FC,2025-09-11,2025-09-11,1.0
2025-09-12,2025-09-12 10:00:00-04:00,2025-09-12 14:30:00-04:00,LONG,24042.5,24122.0,23.37500486861008,24013.281243914236,1,9,79.5,1590.0,FC,2025-09-12,2025-09-12,1.0
2025-09-15,2025-09-15 10:00:00-04:00,2025-09-15 14:30:00-04:00,LONG,24503.25,24506.5,28.00416741633983,24468.244790729575,1,9,3.25,65.0,FC,2025-09-15,2025-09-15,-1.0
2025-09-16,2025-09-16 10:00:00-04:00,2025-09-16 12:00:00-04:00,LONG,24538.25,24508.88829100453,23.48936719637572,24508.88829100453,1,4,-29.361708995471417,-587.2341799094283,SL,2025-09-16,2025-09-16,-1.0
2025-09-17,2025-09-17 10:00:00-04:00,2025-09-17 14:30:00-04:00,SHORT,24477.0,24441.25,23.404941936629594,24506.256177420786,2,9,35.75,1430.0,FC,2025-09-17,2025-09-17,-1.0
2025-09-18,2025-09-18 10:00:00-04:00,2025-09-18 14:30:00-04:00,LONG,24697.5,24738.25,39.633740958564054,24647.957823801797,1,9,40.75,815.0,FC,2025-09-18,2025-09-18,1.0
2025-09-19,2025-09-19 10:00:00-04:00,2025-09-19 11:00:00-04:00,LONG,24791.0,24750.465754725785,32.427396219371005,24750.465754725785,1,2,-40.53424527421521,-810.6849054843042,SL,2025-09-19,2025-09-19,1.0
2025-09-22,2025-09-22 10:00:00-04:00,2025-09-22 14:30:00-04:00,LONG,24872.25,25009.75,30.05444567006159,24834.681942912423,2,9,137.5,5500.0,FC,2025-09-22,2025-09-22,-1.0
2025-09-23,2025-09-23 10:00:00-04:00,2025-09-23 11:00:00-04:00,SHORT,24940.0,24969.597359556414,23.6778876451323,24969.597359556414,1,2,-29.59735955641372,-591.9471911282744,SL,2025-09-23,2025-09-23,-1.0
2025-09-24,2025-09-24 10:00:00-04:00,2025-09-24 14:30:00-04:00,SHORT,24820.75,24702.25,26.8072611794427,24854.259076474304,2,9,118.5,4740.0,FC,2025-09-24,2025-09-24,-1.0
2025-09-25,2025-09-25 10:00:00-04:00,2025-09-25 10:30:00-04:00,SHORT,24452.75,24498.175269949486,36.340215959589955,24498.175269949486,1,1,-45.42526994948639,-908.5053989897278,SL,2025-09-25,2025-09-25,-1.0
2025-09-26,2025-09-26 10:00:00-04:00,2025-09-26 10:30:00-04:00,LONG,24706.25,24650.624252282385,44.5005981740916,24650.624252282385,2,1,-55.62574771761501,-2225.0299087046005,SL,2025-09-26,2025-09-26,-1.0
2025-09-29,2025-09-29 10:00:00-04:00,2025-09-29 11:30:00-04:00,LONG,24942.0,24898.042857972538,35.16571362196891,24898.042857972538,1,3,-43.957142027462396,-879.1428405492479,SL,2025-09-29,2025-09-29,-1.0
2025-09-30,2025-09-30 10:00:00-04:00,2025-09-30 11:00:00-04:00,SHORT,24785.5,24826.920706466924,33.13656517353845,24826.920706466924,2,2,-41.42070646692446,-1656.8282586769783,SL,2025-09-30,2025-09-30,-1.0
2025-10-01,2025-10-01 10:00:00-04:00,2025-10-01 14:30:00-04:00,LONG,24784.75,25012.5,40.33868643394705,24734.326641957567,1,9,227.75,4555.0,FC,2025-10-01,2025-10-01,-1.0
2025-10-02,2025-10-02 10:00:00-04:00,2025-10-02 11:00:00-04:00,LONG,25062.75,25023.34450615213,31.52439507829476,25023.34450615213,1,2,-39.405493847869366,-788.1098769573873,SL,2025-10-02,2025-10-02,1.0
2025-10-03,2025-10-03 10:00:00-04:00,2025-10-03 11:30:00-04:00,SHORT,25105.75,25138.4389709576,26.15117676607797,25138.4389709576,2,3,-32.68897095759894,-1307.5588383039576,SL,2025-10-03,2025-10-03,-1.0
2025-10-06,2025-10-06 10:00:00-04:00,2025-10-06 11:00:00-04:00,LONG,25155.5,25115.13121001339,32.29503198928744,25115.13121001339,1,2,-40.368789986609045,-807.3757997321809,SL,2025-10-06,2025-10-06,-1.0
2025-10-07,2025-10-07 10:00:00-04:00,2025-10-07 11:00:00-04:00,LONG,25241.25,25207.154847269358,27.276122184514705,25207.154847269358,2,2,-34.09515273064244,-1363.8061092256976,SL,2025-10-07,2025-10-07,-1.0
2025-10-08,2025-10-08 10:00:00-04:00,2025-10-08 14:30:00-04:00,LONG,25174.25,25283.5,32.90132605009971,25133.123342437375,1,9,109.25,2185.0,FC,2025-10-08,2025-10-08,-1.0
2025-10-09,2025-10-09 10:00:00-04:00,2025-10-09 11:00:00-04:00,LONG,25278.75,25242.67387284935,28.860901720518267,25242.67387284935,1,2,-36.07612715064897,-721.5225430129794,SL,2025-10-09,2025-10-09,-1.0
2025-10-10,2025-10-10 10:00:00-04:00,2025-10-10 10:30:00-04:00,LONG,25355.5,25316.286523112907,31.370781509675492,25316.286523112907,2,1,-39.21347688709284,-1568.5390754837135,SL,2025-10-10,2025-10-10,-1.0
2025-10-13,2025-10-13 10:00:00-04:00,2025-10-13 10:30:00-04:00,LONG,24888.0,24798.77518600922,71.37985119262379,24798.77518600922,1,1,-89.22481399077878,-1784.4962798155757,SL,2025-10-13,2025-10-13,-1.0
2025-10-14,2025-10-14 10:00:00-04:00,2025-10-14 10:30:00-04:00,SHORT,24576.25,24665.648881660076,71.51910532806204,24665.648881660076,2,1,-89.39888166007586,-3575.9552664030343,SL,2025-10-14,2025-10-14,-1.0
2025-10-15,2025-10-15 10:00:00-04:00,2025-10-15 12:00:00-04:00,LONG,25014.0,24946.42507158367,54.05994273306217,24946.42507158367,1,4,-67.57492841632848,-1351.4985683265695,SL,2025-10-15,2025-10-15,-1.0
2025-10-16,2025-10-16 10:00:00-04:00,2025-10-16 12:00:00-04:00,LONG,25062.25,24997.939908334367,51.44807333250597,24997.939908334367,2,4,-64.31009166563308,-2572.4036666253232,SL,2025-10-16,2025-10-16,1.0
2025-10-17,2025-10-17 10:00:00-04:00,2025-10-17 11:30:00-04:00,LONG,24822.25,24722.966763398494,79.42658928120584,24722.966763398494,1,3,-99.28323660150636,-1985.6647320301272,SL,2025-10-17,2025-10-17,-1.0
2025-10-20,2025-10-20 10:00:00-04:00,2025-10-20 14:30:00-04:00,LONG,25222.0,25337.25,54.707050517706556,25153.616186852865,2,9,115.25,4610.0,FC,2025-10-20,2025-10-20,-1.0
2025-10-21,2025-10-21 10:00:00-04:00,2025-10-21 10:30:00-04:00,SHORT,25234.75,25276.34512939611,33.27610351688782,25276.34512939611,1,1,-41.59512939611159,-831.9025879222318,SL,2025-10-21,2025-10-21,-1.0
2025-10-22,2025-10-22 10:00:00-04:00,2025-10-22 14:30:00-04:00,SHORT,25258.0,24916.25,36.76604211689222,25303.957552646116,2,9,341.75,13670.0,FC,2025-10-22,2025-10-22,-1.0
2025-10-23,2025-10-23 10:00:00-04:00,2025-10-23 10:30:00-04:00,LONG,25160.5,25094.440470766254,52.84762338699646,25094.440470766254,1,1,-66.0595292337457,-1321.1905846749141,SL,2025-10-23,2025-10-23,-1.0
2025-10-24,2025-10-24 10:00:00-04:00,2025-10-24 11:00:00-04:00,LONG,25506.0,25456.416295510502,39.666963591598545,25456.416295510502,2,2,-49.583704489497904,-1983.3481795799162,SL,2025-10-24,2025-10-24,-1.0
2025-10-27,2025-10-27 10:00:00-04:00,2025-10-27 14:30:00-04:00,LONG,25848.75,25930.0,31.730971305048897,25809.08628586869,1,9,81.25,1625.0,FC,2025-10-27,2025-10-27,1.0
2025-10-28,2025-10-28 10:00:00-04:00,2025-10-28 11:00:00-04:00,LONG,26065.0,26032.064127003527,26.348698397177806,26032.064127003527,1,2,-32.935872996473336,-658.7174599294667,SL,2025-10-28,2025-10-28,1.0
2025-10-29,2025-10-29 10:00:00-04:00,2025-10-29 10:30:00-04:00,LONG,26318.75,26282.586452548316,28.93083796134664,26282.586452548316,2,1,-36.16354745168428,-1446.5418980673712,SL,2025-10-29,2025-10-29,-1.0
2025-10-30,2025-10-30 10:00:00-04:00,2025-10-30 14:30:00-04:00,SHORT,26125.0,25996.75,67.72252005352426,26209.653150066904,1,9,128.25,2565.0,FC,2025-10-30,2025-10-30,-1.0
2025-10-31,2025-10-31 10:00:00-04:00,2025-10-31 11:00:00-04:00,SHORT,26102.25,26167.66662920772,52.33330336617596,26167.66662920772,1,2,-65.41662920772069,-1308.3325841544138,SL,2025-10-31,2025-10-31,-1.0
2025-11-03,2025-11-03 10:00:00-05:00,2025-11-03 10:30:00-05:00,LONG,26134.25,26080.107433795478,43.31405296361792,26080.107433795478,2,1,-54.142566204522154,-2165.702648180886,SL,2025-11-03,2025-11-03,-1.0
2025-11-04,2025-11-04 10:00:00-05:00,2025-11-04 14:30:00-05:00,SHORT,25875.25,25660.5,56.712130842635204,25946.140163553293,1,9,214.75,4295.0,FC,2025-11-04,2025-11-04,-1.0
2025-11-05,2025-11-05 10:00:00-05:00,2025-11-05 14:30:00-05:00,LONG,25696.0,25852.75,66.57583208456919,25612.78020989429,1,9,156.75,3135.0,FC,2025-11-05,2025-11-05,-1.0
2025-11-06,2025-11-06 10:00:00-05:00,2025-11-06 14:30:00-05:00,SHORT,25513.0,25431.25,56.04252945118155,25583.053161813976,1,9,81.75,1635.0,FC,2025-11-06,2025-11-06,-1.0
2025-11-07,2025-11-07 10:00:00-05:00,2025-11-07 14:30:00-05:00,SHORT,25028.0,24951.25,70.69155965058725,25116.364449563232,1,9,76.75,1535.0,FC,2025-11-07,2025-11-07,-1.0
2025-11-10,2025-11-10 10:00:00-05:00,2025-11-10 11:00:00-05:00,LONG,25638.25,25570.586937943503,54.13044964519736,25570.586937943503,1,2,-67.66306205649744,-1353.2612411299488,SL,2025-11-10,2025-11-10,-1.0
2025-11-11,2025-11-11 10:00:00-05:00,2025-11-11 10:30:00-05:00,LONG,25627.0,25573.74794828697,42.60164137042302,25573.74794828697,2,1,-53.25205171302878,-2130.082068521151,SL,2025-11-11,2025-11-11,-1.0
2025-11-12,2025-11-12 10:00:00-05:00,2025-11-12 10:30:00-05:00,SHORT,25593.25,25649.914201565236,45.33136125218738,25649.914201565236,1,1,-56.664201565236,-1133.28403130472,SL,2025-11-12,2025-11-12,-1.0
2025-11-13,2025-11-13 10:00:00-05:00,2025-11-13 10:30:00-05:00,SHORT,25381.25,25453.674890721002,57.9399125768009,25453.674890721002,2,1,-72.42489072100216,-2896.9956288400863,SL,2025-11-13,2025-11-13,-1.0
2025-11-14,2025-11-14 10:00:00-05:00,2025-11-14 11:00:00-05:00,SHORT,24953.0,25057.439848318754,83.55187865500405,25057.439848318754,1,2,-104.43984831875423,-2088.7969663750846,SL,2025-11-14,2025-11-14,-1.0
2025-11-17,2025-11-17 10:00:00-05:00,2025-11-17 10:30:00-05:00,LONG,25198.5,25105.022059588948,74.78235232884155,25105.022059588948,2,1,-93.47794041105226,-3739.1176164420904,SL,2025-11-17,2025-11-17,-1.0
2025-11-18,2025-11-18 10:00:00-05:00,2025-11-18 11:30:00-05:00,SHORT,24522.5,24629.926324056963,85.94105924557078,24629.926324056963,1,3,-107.4263240569635,-2148.52648113927,SL,2025-11-18,2025-11-18,-1.0
2025-11-19,2025-11-19 10:00:00-05:00,2025-11-19 11:00:00-05:00,LONG,24893.75,24789.31366397066,83.54906882347231,24789.31366397066,2,2,-104.43633602933915,-4177.453441173566,SL,2025-11-19,2025-11-19,-1.0
2025-11-20,2025-11-20 10:00:00-05:00,2025-11-20 10:30:00-05:00,LONG,25274.25,25180.321628601574,75.14269711874144,25180.321628601574,1,1,-93.92837139842595,-1878.567427968519,SL,2025-11-20,2025-11-20,-1.0
2025-11-21,2025-11-21 10:00:00-05:00,2025-11-21 12:00:00-05:00,SHORT,24174.0,24313.169269238395,111.33541539071548,24313.169269238395,2,4,-139.16926923839492,-5566.770769535797,SL,2025-11-21,2025-11-21,-1.0
2025-11-24,2025-11-24 10:00:00-05:00,2025-11-24 14:30:00-05:00,LONG,24683.5,24932.75,87.37357856860949,24574.28302678924,1,9,249.25,4985.0,FC,2025-11-24,2025-11-24,-1.0
2025-11-25,2025-11-25 10:00:00-05:00,2025-11-25 10:30:00-05:00,LONG,24817.0,24738.22699338134,63.01840529492879,24738.22699338134,1,1,-78.77300661865956,-1575.4601323731913,SL,2025-11-25,2025-11-25,-1.0
2025-11-26,2025-11-26 10:00:00-05:00,2025-11-26 14:30:00-05:00,LONG,25167.5,25344.75,48.72399467802892,25106.595006652464,2,9,177.25,7090.0,FC,2025-11-26,2025-11-26,1.0
2025-12-01,2025-12-01 10:00:00-05:00,2025-12-01 11:00:00-05:00,LONG,25365.5,25307.934358555645,46.052513155484036,25307.934358555645,1,2,-57.565641444354696,-1151.312828887094,SL,2025-12-01,2025-12-01,-1.0
2025-12-02,2025-12-02 10:00:00-05:00,2025-12-02 11:00:00-05:00,LONG,25597.75,25543.27938814803,43.576489481578164,25543.27938814803,2,2,-54.470611851971626,-2178.824474078865,SL,2025-12-02,2025-12-02,1.0
2025-12-03,2025-12-03 10:00:00-05:00,2025-12-03 10:30:00-05:00,SHORT,25494.5,25553.58049767398,47.26439813918278,25553.58049767398,1,1,-59.08049767397824,-1181.6099534795649,SL,2025-12-03,2025-12-03,-1.0
2025-12-04,2025-12-04 10:00:00-05:00,2025-12-04 11:00:00-05:00,SHORT,25555.5,25607.136532542394,41.309226033914435,25607.136532542394,2,2,-51.63653254239398,-2065.461301695759,SL,2025-12-04,2025-12-04,-1.0
2025-12-05,2025-12-05 10:00:00-05:00,2025-12-05 11:00:00-05:00,LONG,25791.25,25741.588358916917,39.729312866467176,25741.588358916917,1,2,-49.66164108308294,-993.2328216616588,SL,2025-12-05,2025-12-05,1.0
2025-12-08,2025-12-08 10:00:00-05:00,2025-12-08 14:30:00-05:00,SHORT,25744.5,25598.25,35.61522323120843,25789.01902903901,2,9,146.25,5850.0,FC,2025-12-08,2025-12-08,-1.0
2025-12-09,2025-12-09 10:00:00-05:00,2025-12-09 11:00:00-05:00,SHORT,25629.5,25674.294009793117,35.83520783449403,25674.294009793117,1,2,-44.79400979311686,-895.8801958623371,SL,2025-12-09,2025-12-09,-1.0
2025-12-10,2025-12-10 10:00:00-05:00,2025-12-10 13:00:00-05:00,SHORT,25631.25,25676.50478021267,36.20382417013503,25676.50478021267,2,6,-45.254780212668265,-1810.1912085067306,SL,2025-12-10,2025-12-10,-1.0
2025-12-11,2025-12-11 10:00:00-05:00,2025-12-11 10:30:00-05:00,SHORT,25414.5,25485.081698365444,56.46535869235663,25485.081698365444,1,1,-70.58169836544403,-1411.6339673088805,SL,2025-12-11,2025-12-11,-1.0
2025-12-12,2025-12-12 10:00:00-05:00,2025-12-12 14:30:00-05:00,SHORT,25558.25,25227.0,51.37663630065094,25622.470795375815,2,9,331.25,13250.0,FC,2025-12-12,2025-12-12,-1.0
2025-12-15,2025-12-15 10:00:00-05:00,2025-12-15 14:30:00-05:00,SHORT,25223.75,25136.0,47.3175603182459,25282.896950397808,1,9,87.75,1755.0,FC,2025-12-15,2025-12-15,-1.0
2025-12-16,2025-12-16 10:00:00-05:00,2025-12-16 10:30:00-05:00,LONG,25147.0,25071.943024326625,60.045580538698786,25071.943024326625,1,1,-75.05697567337484,-1501.1395134674967,SL,2025-12-16,2025-12-16,-1.0
2025-12-17,2025-12-17 10:00:00-05:00,2025-12-17 14:30:00-05:00,SHORT,25098.5,24716.25,57.435917144028295,25170.294896430034,2,9,382.25,15290.0,FC,2025-12-17,2025-12-17,-1.0
2025-12-18,2025-12-18 10:00:00-05:00,2025-12-18 10:30:00-05:00,LONG,25040.0,24970.04984491523,55.96012406781558,24970.04984491523,1,1,-69.95015508477081,-1399.0031016954163,SL,2025-12-18,2025-12-18,-1.0
2025-12-22,2025-12-22 10:00:00-05:00,2025-12-22 10:30:00-05:00,LONG,25748.0,25699.428573932862,38.85714085371025,25699.428573932862,2,1,-48.57142606713751,-1942.8570426855003,SL,2025-12-22,2025-12-22,-1.0
2025-12-23,2025-12-23 10:00:00-05:00,2025-12-23 10:30:00-05:00,LONG,25692.75,25653.404557935988,31.476353651209756,25653.404557935988,1,1,-39.34544206401188,-786.9088412802375,SL,2025-12-23,2025-12-23,1.0
2025-12-26,2025-12-26 10:00:00-05:00,2025-12-26 10:30:00-05:00,LONG,25881.0,25855.35904835901,20.512761312792886,25855.35904835901,2,1,-25.64095164099126,-1025.6380656396504,SL,2025-12-26,2025-12-26,1.0
2025-12-29,2025-12-29 10:00:00-05:00,2025-12-29 11:00:00-05:00,SHORT,25724.5,25766.291717951528,33.43337436122092,25766.291717951528,1,2,-41.79171795152797,-835.8343590305594,SL,2025-12-29,2025-12-29,-1.0
2025-12-30,2025-12-30 10:00:00-05:00,2025-12-30 10:30:00-05:00,LONG,25756.75,25718.351154650416,30.719076279665764,25718.351154650416,2,1,-38.39884534958401,-1535.9538139833603,SL,2025-12-30,2025-12-30,-1.0
2025-12-31,2025-12-31 10:00:00-05:00,2025-12-31 14:30:00-05:00,SHORT,25605.5,25582.0,31.156734153873344,25644.44591769234,1,9,23.5,470.0,FC,2025-12-31,2025-12-31,-1.0
2026-01-02,2026-01-02 10:00:00-05:00,2026-01-02 10:30:00-05:00,LONG,25733.0,25689.010462962666,35.19162962986622,25689.010462962666,1,1,-43.98953703733423,-879.7907407466846,SL,2026-01-02,2026-01-02,-1.0
2026-01-05,2026-01-05 10:00:00-05:00,2026-01-05 14:30:00-05:00,LONG,25599.75,25586.0,48.28736206975021,25539.390797412812,2,9,-13.75,-550.0,FC,2026-01-05,2026-01-05,1.0
2026-01-06,2026-01-06 10:00:00-05:00,2026-01-06 11:00:00-05:00,LONG,25753.0,25704.425152890573,38.85987768754038,25704.425152890573,1,2,-48.57484710942663,-971.4969421885326,SL,2026-01-06,2026-01-06,-1.0
2026-01-07,2026-01-07 10:00:00-05:00,2026-01-07 10:30:00-05:00,LONG,25855.0,25817.45635192167,30.034918462663775,25817.45635192167,2,1,-37.54364807832826,-1501.7459231331304,SL,2026-01-07,2026-01-07,1.0
2026-01-08,2026-01-08 10:00:00-05:00,2026-01-08 10:30:00-05:00,SHORT,25603.25,25654.8955048634,41.31640389072187,25654.8955048634,1,1,-51.645504863401584,-1032.9100972680317,SL,2026-01-08,2026-01-08,-1.0
2026-01-09,2026-01-09 10:00:00-05:00,2026-01-09 10:30:00-05:00,LONG,25734.75,25680.69112477626,43.24710017899232,25680.69112477626,2,1,-54.05887522374178,-2162.355008949671,SL,2026-01-09,2026-01-09,1.0
2026-01-12,2026-01-12 10:00:00-05:00,2026-01-12 14:30:00-05:00,LONG,25901.0,25996.0,43.94135095636116,25846.07331130455,1,9,95.0,1900.0,FC,2026-01-12,2026-01-12,-1.0
2026-01-13,2026-01-13 10:00:00-05:00,2026-01-13 10:30:00-05:00,LONG,25948.75,25900.62708686854,38.49833050516816,25900.62708686854,1,1,-48.122913131461246,-962.4582626292249,SL,2026-01-13,2026-01-13,-1.0
2026-01-14,2026-01-14 10:00:00-05:00,2026-01-14 10:30:00-05:00,SHORT,25585.0,25644.242767966476,47.39421437318178,25644.242767966476,2,1,-59.242767966476094,-2369.710718659044,SL,2026-01-14,2026-01-14,-1.0
2026-01-15,2026-01-15 10:00:00-05:00,2026-01-15 14:30:00-05:00,LONG,25864.0,25800.0,50.33794908877843,25801.077563639028,1,9,-64.0,-1280.0,FC,2026-01-15,2026-01-15,-1.0
2026-01-16,2026-01-16 10:00:00-05:00,2026-01-16 14:30:00-05:00,SHORT,25728.5,25681.25,40.8348843445724,25779.543605430714,2,9,47.25,1890.0,FC,2026-01-16,2026-01-16,-1.0
2026-01-19,2026-01-19 10:00:00-05:00,2026-01-19 11:30:00-05:00,SHORT,25316.0,25379.102681526696,50.48214522135606,25379.102681526696,1,3,-63.10268152669596,-1262.0536305339192,SL,2026-01-19,2026-01-16,-1.0
2026-01-20,2026-01-20 10:00:00-05:00,2026-01-20 11:00:00-05:00,SHORT,25324.75,25394.02620775768,55.42096620614594,25394.02620775768,2,2,-69.27620775768082,-2771.048310307233,SL,2026-01-20,2026-01-20,-1.0
2026-01-21,2026-01-21 10:00:00-05:00,2026-01-21 12:00:00-05:00,LONG,25324.75,25247.905368713127,61.47570502949724,25247.905368713127,1,4,-76.84463128687275,-1536.892625737455,SL,2026-01-21,2026-01-21,-1.0
2026-01-22,2026-01-22 10:00:00-05:00,2026-01-22 14:30:00-05:00,LONG,25578.0,25709.25,57.58418453777831,25506.019769327777,2,9,131.25,5250.0,FC,2026-01-22,2026-01-22,-1.0
2026-01-23,2026-01-23 10:00:00-05:00,2026-01-23 14:30:00-05:00,LONG,25663.75,25745.25,47.384876772767306,25604.51890403404,1,9,81.5,1630.0,FC,2026-01-23,2026-01-23,-1.0
2026-01-26,2026-01-26 10:00:00-05:00,2026-01-26 14:30:00-05:00,LONG,25837.25,25899.5,51.5031525133748,25772.87105935828,1,9,62.25,1245.0,FC,2026-01-26,2026-01-26,-1.0
2026-01-27,2026-01-27 10:00:00-05:00,2026-01-27 14:30:00-05:00,LONG,26053.25,26092.75,36.32875663894334,26007.839054201322,1,9,39.5,790.0,FC,2026-01-27,2026-01-27,1.0
2026-01-28,2026-01-28 10:00:00-05:00,2026-01-28 10:30:00-05:00,LONG,26253.5,26208.944626476492,35.644298818807094,26208.944626476492,1,1,-44.555373523508024,-891.1074704701605,SL,2026-01-28,2026-01-28,-1.0
2026-01-29,2026-01-29 10:00:00-05:00,2026-01-29 14:30:00-05:00,SHORT,25864.5,25878.5,54.83501169598442,25933.04376461998,2,9,-14.0,-560.0,FC,2026-01-29,2026-01-29,-1.0
2026-01-30,2026-01-30 10:00:00-05:00,2026-01-30 10:30:00-05:00,SHORT,25827.0,25922.27708806025,76.22167044820188,25922.27708806025,1,1,-95.27708806025112,-1905.5417612050223,SL,2026-01-30,2026-01-30,-1.0
2026-02-02,2026-02-02 10:00:00-05:00,2026-02-02 14:30:00-05:00,LONG,25749.25,25922.0,85.24619251247523,25642.692259359406,2,9,172.75,6910.0,FC,2026-02-02,2026-02-02,-1.0
2026-02-03,2026-02-03 10:00:00-05:00,2026-02-03 14:30:00-05:00,SHORT,25633.0,25295.25,58.32180826771554,25705.902260334646,1,9,337.75,6755.0,FC,2026-02-03,2026-02-03,-1.0
2026-02-04,2026-02-04 10:00:00-05:00,2026-02-04 10:30:00-05:00,SHORT,25194.25,25273.56202660041,63.449621280329914,25273.56202660041,1,1,-79.31202660041163,-1586.2405320082325,SL,2026-02-04,2026-02-04,-1.0
2026-02-05,2026-02-05 10:00:00-05:00,2026-02-05 14:30:00-05:00,SHORT,24769.25,24764.0,98.85266864911765,24892.815835811398,2,9,5.25,210.0,FC,2026-02-05,2026-02-05,-1.0
2026-02-06,2026-02-06 10:00:00-05:00,2026-02-06 14:30:00-05:00,LONG,24850.75,25105.0,98.27916573638043,24727.901042829526,1,9,254.25,5085.0,FC,2026-02-06,2026-02-06,1.0
2026-02-09,2026-02-09 10:00:00-05:00,2026-02-09 14:30:00-05:00,LONG,25113.25,25418.25,72.2711006349886,25022.911124206265,1,9,305.0,6100.0,FC,2026-02-09,2026-02-09,-1.0
2026-02-10,2026-02-10 10:00:00-05:00,2026-02-10 12:00:00-05:00,LONG,25392.25,25325.563740002657,53.349007997874125,25325.563740002657,1,4,-66.68625999734286,-1333.7251999468572,SL,2026-02-10,2026-02-10,-1.0
2026-02-11,2026-02-11 10:00:00-05:00,2026-02-11 10:30:00-05:00,LONG,25305.25,25238.625243038146,53.29980556948203,25238.625243038146,2,1,-66.62475696185356,-2664.9902784741425,SL,2026-02-11,2026-02-11,-1.0
2026-02-12,2026-02-12 10:00:00-05:00,2026-02-12 14:30:00-05:00,SHORT,25208.25,24871.75,51.53288132608308,25272.666101657604,1,9,336.5,6730.0,FC,2026-02-12,2026-02-12,-1.0
2026-02-13,2026-02-13 10:00:00-05:00,2026-02-13 10:30:00-05:00,SHORT,24699.0,24798.784084010847,79.82726720867736,24798.784084010847,1,1,-99.78408401084744,-1995.6816802169487,SL,2026-02-13,2026-02-13,-1.0
2026-02-17,2026-02-17 10:00:00-05:00,2026-02-17 10:30:00-05:00,SHORT,24485.5,24570.64067175442,68.11253740353447,24570.64067175442,2,1,-85.1406717544196,-3405.626870176784,SL,2026-02-17,2026-02-17,-1.0
2026-02-18,2026-02-18 10:00:00-05:00,2026-02-18 14:30:00-05:00,LONG,24940.75,24991.75,58.9323275332958,24867.08459058338,1,9,51.0,1020.0,FC,2026-02-18,2026-02-18,-1.0
2026-02-19,2026-02-19 10:00:00-05:00,2026-02-19 10:30:00-05:00,SHORT,24881.5,24953.135184669834,57.308147735867635,24953.135184669834,1,1,-71.63518466983442,-1432.7036933966883,SL,2026-02-19,2026-02-19,-1.0
2026-02-20,2026-02-20 10:00:00-05:00,2026-02-20 14:30:00-05:00,LONG,24897.5,25052.75,59.82385748974867,24822.720178137813,2,9,155.25,6210.0,FC,2026-02-20,2026-02-20,-1.0
2026-02-23,2026-02-23 10:00:00-05:00,2026-02-23 14:30:00-05:00,SHORT,24913.25,24714.75,60.39210338842618,24988.74012923553,1,9,198.5,3970.0,FC,2026-02-23,2026-02-23,-1.0
2026-02-24,2026-02-24 10:00:00-05:00,2026-02-24 14:30:00-05:00,LONG,24877.25,25002.75,56.547471285491305,24806.565660893135,1,9,125.5,2510.0,FC,2026-02-24,2026-02-24,-1.0
2026-02-25,2026-02-25 10:00:00-05:00,2026-02-25 10:30:00-05:00,LONG,25343.25,25284.858266368807,46.71338690495351,25284.858266368807,1,1,-58.39173363119335,-1167.834672623867,SL,2026-02-25,2026-02-25,-1.0
2026-02-26,2026-02-26 10:00:00-05:00,2026-02-26 14:30:00-05:00,SHORT,25193.0,25048.25,41.34826626775069,25244.685332834688,2,9,144.75,5790.0,FC,2026-02-26,2026-02-26,-1.0
2026-02-27,2026-02-27 10:00:00-05:00,2026-02-27 10:30:00-05:00,SHORT,24880.0,24953.493419256065,58.794735404851856,24953.493419256065,1,1,-73.49341925606495,-1469.868385121299,SL,2026-02-27,2026-02-27,-1.0
2026-03-02,2026-03-02 10:00:00-05:00,2026-03-02 14:30:00-05:00,LONG,24862.0,25079.25,80.89491226288287,24760.881359671395,2,9,217.25,8690.0,FC,2026-03-02,2026-03-02,-1.0
2026-03-03,2026-03-03 10:00:00-05:00,2026-03-03 11:30:00-05:00,SHORT,24489.25,24590.500138260588,81.00011060846946,24590.500138260588,1,3,-101.25013826058785,-2025.002765211757,SL,2026-03-03,2026-03-03,-1.0
2026-03-04,2026-03-04 10:00:00-05:00,2026-03-04 14:30:00-05:00,LONG,24919.25,25194.5,86.68811015716288,24810.889862303546,2,9,275.25,11010.0,FC,2026-03-04,2026-03-04,-1.0
2026-03-05,2026-03-05 10:00:00-05:00,2026-03-05 10:30:00-05:00,LONG,25185.5,25089.476240752218,76.81900739822738,25089.476240752218,1,1,-96.02375924778244,-1920.4751849556487,SL,2026-03-05,2026-03-05,-1.0
2026-03-06,2026-03-06 10:00:00-05:00,2026-03-06 10:30:00-05:00,SHORT,24691.25,24789.689277341873,78.75142187349752,24789.689277341873,2,1,-98.4392773418731,-3937.5710936749238,SL,2026-03-06,2026-03-06,-1.0
2026-03-09,2026-03-09 10:00:00-04:00,2026-03-09 11:00:00-04:00,SHORT,24370.75,24486.7132098038,92.77056784303883,24486.7132098038,1,2,-115.96320980379824,-2319.2641960759647,SL,2026-03-09,2026-03-09,-1.0
2026-03-10,2026-03-10 10:00:00-04:00,2026-03-10 14:30:00-04:00,LONG,24962.25,25068.0,79.52726058396598,24862.840924270044,2,9,105.75,4230.0,FC,2026-03-10,2026-03-10,-1.0
2026-03-11,2026-03-11 10:00:00-04:00,2026-03-11 10:30:00-04:00,LONG,25101.25,25018.53293744593,66.17365004325599,25018.53293744593,1,1,-82.71706255407116,-1654.3412510814233,SL,2026-03-11,2026-03-11,-1.0
2026-03-12,2026-03-12 10:00:00-04:00,2026-03-12 10:30:00-04:00,SHORT,24657.75,24739.302395883507,65.24191670680449,24739.302395883507,2,1,-81.55239588350742,-3262.0958353402966,SL,2026-03-12,2026-03-12,-1.0
2026-03-13,2026-03-13 10:00:00-04:00,2026-03-13 10:30:00-04:00,LONG,24726.0,24641.200566637457,67.83954669003302,24641.200566637457,1,1,-84.79943336254291,-1695.9886672508583,SL,2026-03-13,2026-03-13,-1.0
2026-03-16,2026-03-16 10:00:00-04:00,2026-03-16 11:00:00-04:00,LONG,24736.5,24661.915477147275,59.667618282179355,24661.915477147275,2,2,-74.58452285272506,-2983.3809141090023,SL,2026-03-16,2026-03-16,-1.0
2026-03-17,2026-03-17 10:00:00-04:00,2026-03-17 10:30:00-04:00,LONG,24875.0,24804.276170415193,56.579063667847144,24804.276170415193,1,1,-70.72382958480739,-1414.4765916961478,SL,2026-03-17,2026-03-17,-1.0
2026-03-18,2026-03-18 10:00:00-04:00,2026-03-18 14:30:00-04:00,SHORT,24749.0,24636.75,48.11075083890269,24809.138438548627,2,9,112.25,4490.0,FC,2026-03-18,2026-03-18,-1.0
2026-03-19,2026-03-19 10:00:00-04:00,2026-03-19 14:30:00-04:00,SHORT,24291.75,24257.0,65.39725705318871,24373.496571316486,1,9,34.75,695.0,FC,2026-03-19,2026-03-19,-1.0
2026-03-23,2026-03-23 10:00:00-04:00,2026-03-23 12:00:00-04:00,LONG,24599.5,24448.644512147435,120.68439028205133,24448.644512147435,1,4,-150.8554878525647,-3017.109757051294,SL,2026-03-23,2026-03-23,-1.0
2026-03-24,2026-03-24 10:00:00-04:00,2026-03-24 11:00:00-04:00,SHORT,24215.75,24331.524401228646,92.61952098291552,24331.524401228646,2,2,-115.77440122864573,-4630.976049145829,SL,2026-03-24,2026-03-24,-1.0
2026-03-25,2026-03-25 10:00:00-04:00,2026-03-25 10:30:00-04:00,SHORT,24368.75,24470.45140100708,81.36112080566497,24470.45140100708,1,1,-101.70140100708159,-2034.0280201416317,SL,2026-03-25,2026-03-25,-1.0
2026-03-26,2026-03-26 10:00:00-04:00,2026-03-26 14:30:00-04:00,SHORT,24216.0,23848.25,70.74635578992746,24304.432944737408,2,9,367.75,14710.0,FC,2026-03-26,2026-03-26,-1.0
2026-03-27,2026-03-27 10:00:00-04:00,2026-03-27 11:30:00-04:00,SHORT,23478.75,23565.268912428663,69.21512994292931,23565.268912428663,1,3,-86.51891242866259,-1730.3782485732518,SL,2026-03-27,2026-03-27,-1.0
2026-03-30,2026-03-30 10:00:00-04:00,2026-03-30 11:30:00-04:00,SHORT,23302.0,23389.590742990593,70.07259439247514,23389.590742990593,2,3,-87.59074299059284,-3503.6297196237138,SL,2026-03-30,2026-03-30,-1.0
2026-03-31,2026-03-31 10:00:00-04:00,2026-03-31 11:00:00-04:00,LONG,23565.0,23466.990365127116,78.40770789830702,23466.990365127116,1,2,-98.00963487288391,-1960.1926974576782,SL,2026-03-31,2026-03-31,1.0
2026-04-01,2026-04-01 10:00:00-04:00,2026-04-01 14:30:00-04:00,LONG,24120.75,24154.0,76.50721002641855,24025.115987466976,2,9,33.25,1330.0,FC,2026-04-01,2026-04-01,-1.0
2026-04-02,2026-04-02 10:00:00-04:00,2026-04-02 10:30:00-04:00,SHORT,23898.0,23985.092971760194,69.6743774081562,23985.092971760194,1,1,-87.0929717601939,-1741.859435203878,SL,2026-04-02,2026-04-02,-1.0
2026-04-06,2026-04-06 10:00:00-04:00,2026-04-06 10:30:00-04:00,LONG,24411.0,24328.92381168601,65.66095065119251,24328.92381168601,2,1,-82.0761883139894,-3283.047532559576,SL,2026-04-06,2026-04-06,-1.0
2026-04-07,2026-04-07 10:00:00-04:00,2026-04-07 12:30:00-04:00,SHORT,24120.25,24206.033668700336,68.62693496026945,24206.033668700336,1,5,-85.78366870033642,-1715.6733740067284,SL,2026-04-07,2026-04-07,-1.0
2026-04-08,2026-04-08 10:00:00-04:00,2026-04-08 11:00:00-04:00,LONG,25080.75,24987.64378942145,74.48496846284061,24987.64378942145,2,2,-93.10621057854951,-3724.2484231419803,SL,2026-04-08,2026-04-08,1.0
2026-04-09,2026-04-09 10:00:00-04:00,2026-04-09 10:30:00-04:00,LONG,25033.25,24970.120303209536,50.503757432371614,24970.120303209536,1,1,-63.12969679046364,-1262.5939358092728,SL,2026-04-09,2026-04-09,-1.0
2026-04-10,2026-04-10 10:00:00-04:00,2026-04-10 12:00:00-04:00,LONG,25320.5,25263.417284263436,45.66617258925058,25263.417284263436,2,4,-57.08271573656384,-2283.3086294625537,SL,2026-04-10,2026-04-10,-1.0
2026-04-13,2026-04-13 10:00:00-04:00,2026-04-13 14:30:00-04:00,LONG,25308.0,25399.75,50.47916558815042,25244.901043014812,1,9,91.75,1835.0,FC,2026-04-13,2026-04-13,1.0
2026-04-14,2026-04-14 10:00:00-04:00,2026-04-14 14:30:00-04:00,LONG,25722.25,25909.75,40.14895677882191,25672.06380402647,1,9,187.5,3750.0,FC,2026-04-14,2026-04-14,1.0
2026-04-15,2026-04-15 10:00:00-04:00,2026-04-15 14:30:00-04:00,LONG,26068.5,26247.75,40.356764491601176,26018.0540443855,1,9,179.25,3585.0,FC,2026-04-15,2026-04-15,1.0
2026-04-16,2026-04-16 10:00:00-04:00,2026-04-16 14:30:00-04:00,LONG,26321.25,26373.5,41.64834150594738,26269.189573117565,1,9,52.25,1045.0,FC,2026-04-16,2026-04-16,1.0
2026-04-17,2026-04-17 10:00:00-04:00,2026-04-17 14:30:00-04:00,LONG,26731.25,26784.5,45.02370020260897,26674.97037474674,1,9,53.25,1065.0,FC,2026-04-17,2026-04-17,1.0
2026-04-20,2026-04-20 10:00:00-04:00,2026-04-20 10:30:00-04:00,LONG,26780.75,26721.959293008527,47.03256559317842,26721.959293008527,1,1,-58.79070699147269,-1175.8141398294538,SL,2026-04-20,2026-04-20,-1.0
2026-04-21,2026-04-21 10:00:00-04:00,2026-04-21 11:00:00-04:00,LONG,26838.5,26788.311449406436,40.15084047485247,26788.311449406436,2,2,-50.18855059356429,-2007.5420237425715,SL,2026-04-21,2026-04-21,-1.0
2026-04-22,2026-04-22 10:00:00-04:00,2026-04-22 14:30:00-04:00,LONG,26864.5,26999.25,48.377483549874036,26804.028145562657,1,9,134.75,2695.0,FC,2026-04-22,2026-04-22,1.0
2026-04-23,2026-04-23 10:00:00-04:00,2026-04-23 13:30:00-04:00,LONG,27016.75,26948.633745168958,54.49300386483438,26948.633745168958,1,7,-68.11625483104217,-1362.3250966208434,SL,2026-04-23,2026-04-23,-1.0
2026-04-24,2026-04-24 10:00:00-04:00,2026-04-24 14:30:00-04:00,LONG,27193.75,27387.5,62.29420879471563,27115.882239006605,2,9,193.75,7750.0,FC,2026-04-24,2026-04-24,1.0
2026-04-27,2026-04-27 10:00:00-04:00,2026-04-27 11:00:00-04:00,LONG,27401.5,27342.00721913528,47.594224691776205,27342.00721913528,1,2,-59.49278086471895,-1189.855617294379,SL,2026-04-27,2026-04-27,1.0
2026-04-28,2026-04-28 10:00:00-04:00,2026-04-28 14:30:00-04:00,SHORT,27202.5,27176.0,55.09300479555562,27271.366255994446,2,9,26.5,1060.0,FC,2026-04-28,2026-04-28,-1.0
2026-04-29,2026-04-29 10:00:00-04:00,2026-04-29 11:00:00-04:00,SHORT,27220.25,27280.169276691184,47.935421352946406,27280.169276691184,1,2,-59.91927669118377,-1198.3855338236754,SL,2026-04-29,2026-04-29,-1.0
2026-04-30,2026-04-30 10:00:00-04:00,2026-04-30 11:00:00-04:00,SHORT,27245.75,27348.32665545193,82.06132436154165,27348.32665545193,2,2,-102.57665545192867,-4103.066218077147,SL,2026-04-30,2026-04-30,1.0
2026-05-01,2026-05-01 10:00:00-04:00,2026-05-01 11:00:00-04:00,LONG,27873.5,27803.73431663157,55.812546694743794,27803.73431663157,1,2,-69.76568336843047,-1395.3136673686095,SL,2026-05-01,2026-05-01,1.0
2026-05-04,2026-05-04 10:00:00-04:00,2026-05-04 11:30:00-04:00,LONG,27896.0,27821.30940254098,59.752477967215896,27821.30940254098,2,3,-74.69059745901905,-2987.623898360762,SL,2026-05-04,2026-05-04,1.0
2026-05-05,2026-05-05 10:00:00-04:00,2026-05-05 14:30:00-04:00,LONG,28085.25,28177.25,49.21143140161359,28023.735710747984,1,9,92.0,1840.0,FC,2026-05-05,2026-05-05,1.0
2026-05-06,2026-05-06 10:00:00-04:00,2026-05-06 10:30:00-04:00,LONG,28469.0,28390.520379409707,62.78369647223421,28390.520379409707,1,1,-78.47962059029305,-1569.592411805861,SL,2026-05-06,2026-05-06,1.0
2026-05-07,2026-05-07 10:00:00-04:00,2026-05-07 12:30:00-04:00,LONG,28781.5,28721.269430242828,48.184455805737414,28721.269430242828,2,5,-60.23056975717191,-2409.2227902868763,SL,2026-05-07,2026-05-07,-1.0
2026-05-08,2026-05-08 10:00:00-04:00,2026-05-08 14:30:00-04:00,LONG,29107.25,29286.75,58.678636004938376,29033.901704993827,1,9,179.5,3590.0,FC,2026-05-08,2026-05-08,1.0
2026-05-11,2026-05-11 10:00:00-04:00,2026-05-11 14:30:00-04:00,LONG,29310.25,29472.0,56.59939983281667,29239.50075020898,1,9,161.75,3235.0,FC,2026-05-11,2026-05-11,-1.0
2026-05-12,2026-05-12 10:00:00-04:00,2026-05-12 10:30:00-04:00,SHORT,29129.5,29205.093290803256,60.4746326426041,29205.093290803256,1,1,-75.59329080325551,-1511.8658160651103,SL,2026-05-12,2026-05-12,-1.0
2026-05-13,2026-05-13 10:00:00-04:00,2026-05-13 10:30:00-04:00,SHORT,29169.25,29253.987776091664,67.7902208733328,29253.987776091664,2,1,-84.73777609166427,-3389.511043666571,SL,2026-05-13,2026-05-13,1.0
2026-05-14,2026-05-14 10:00:00-04:00,2026-05-14 14:30:00-04:00,LONG,29541.75,29673.5,67.76844818963131,29457.03943976296,1,9,131.75,2635.0,FC,2026-05-14,2026-05-14,1.0
2026-05-15,2026-05-15 10:00:00-04:00,2026-05-15 10:30:00-04:00,SHORT,29143.25,29254.252507063484,88.8020056507866,29254.252507063484,1,1,-111.00250706348379,-2220.050141269676,SL,2026-05-15,2026-05-15,1.0
2026-05-18,2026-05-18 10:00:00-04:00,2026-05-18 11:00:00-04:00,LONG,29243.75,29116.93160517417,101.45471586066473,29116.93160517417,2,2,-126.81839482583018,-5072.735793033207,SL,2026-05-18,2026-05-18,-1.0
2026-05-19,2026-05-19 10:00:00-04:00,2026-05-19 13:30:00-04:00,SHORT,28938.75,29058.545143912856,95.83611513028549,29058.545143912856,1,7,-119.79514391285556,-2395.9028782571113,SL,2026-05-19,2026-05-19,-1.0
2026-05-20,2026-05-20 10:00:00-04:00,2026-05-20 14:30:00-04:00,LONG,29100.5,29305.5,80.66586933680317,28999.667663328997,2,9,205.0,8200.0,FC,2026-05-20,2026-05-20,-1.0
2026-05-21,2026-05-21 10:00:00-04:00,2026-05-21 10:30:00-04:00,LONG,29288.25,29186.627984521045,81.29761238316406,29186.627984521045,1,1,-101.62201547895529,-2032.4403095791058,SL,2026-05-21,2026-05-21,-1.0
2026-05-22,2026-05-22 10:00:00-04:00,2026-05-22 10:30:00-04:00,LONG,29643.0,29555.227180040474,70.21825596762078,29555.227180040474,2,1,-87.7728199595258,-3510.912798381032,SL,2026-05-22,2026-05-22,-1.0
