entry_time,exit_time,entry_price,exit_price,qty,reason,bars_held,be_arm_time,be_arm_bar,pnl_points,pnl_dollars,cum_pnl_$,peak,drawdown
2020-12-01 19:00:00-05:00,2020-12-02 06:20:00-05:00,12442.75,12426.0,1,SL Yellow,34,,,-16.75,-335.0,-335.0,-335.0,0.0
2020-12-02 19:00:00-05:00,2020-12-03 04:20:00-05:00,12467.5,12467.0,2,SL Yellow,28,,,-0.5,-20.0,-355.0,-335.0,-20.0
2020-12-03 19:00:00-05:00,2020-12-04 07:20:00-05:00,12485.5,12501.0,1,SL Yellow,37,,,15.5,310.0,-45.0,-45.0,0.0
2020-12-07 19:00:00-05:00,2020-12-08 06:00:00-05:00,12566.5,12563.5,1,SL Yellow,33,,,-3.0,-60.0,-105.0,-45.0,-60.0
2020-12-08 19:00:00-05:00,2020-12-09 03:40:00-05:00,12659.75,12632.25,2,SL Yellow,26,,,-27.5,-1100.0,-1205.0,-45.0,-1160.0
2020-12-09 19:00:00-05:00,2020-12-10 06:40:00-05:00,12365.75,12343.25,1,SL Yellow,35,,,-22.5,-450.0,-1655.0,-45.0,-1610.0
2020-12-10 19:00:00-05:00,2020-12-11 03:20:00-05:00,12406.0,12326.75,2,SL Yellow,25,,,-79.25,-3170.0,-4825.0,-45.0,-4780.0
2020-12-13 19:00:00-05:00,2020-12-14 03:20:00-05:00,12412.25,12405.25,1,SL Yellow,25,,,-7.0,-140.0,-4965.0,-45.0,-4920.0
2020-12-14 19:00:00-05:00,2020-12-15 07:00:00-05:00,12476.5,12537.5,2,TP Green,36,,,61.0,2440.0,-2525.0,-45.0,-2480.0
2020-12-15 19:00:00-05:00,2020-12-16 06:20:00-05:00,12588.5,12626.5,1,SL Yellow,34,,,38.0,760.0,-1765.0,-45.0,-1720.0
2020-12-16 19:00:00-05:00,2020-12-17 03:20:00-05:00,12677.75,12743.5,1,TP Green,25,,,65.75,1315.0,-450.0,-45.0,-405.0
2020-12-17 19:00:00-05:00,2020-12-18 05:20:00-05:00,12745.25,12739.5,1,SL Yellow,31,,,-5.75,-115.0,-565.0,-45.0,-520.0
2020-12-20 19:00:00-05:00,2020-12-21 03:20:00-05:00,12739.0,12731.0,2,SL Yellow,25,,,-8.0,-320.0,-885.0,-45.0,-840.0
2020-12-21 19:00:00-05:00,2020-12-22 08:00:00-05:00,12703.25,12749.75,1,Force Close,39,,,46.5,930.0,45.0,45.0,0.0
2020-12-22 19:00:00-05:00,2020-12-23 06:40:00-05:00,12714.5,12717.75,1,SL Yellow,35,,,3.25,65.0,110.0,110.0,0.0
2020-12-23 19:00:00-05:00,2020-12-24 08:00:00-05:00,12653.5,12666.75,1,Force Close,39,,,13.25,265.0,375.0,375.0,0.0
2020-12-27 19:00:00-05:00,2020-12-28 04:20:00-05:00,12731.5,12775.5,1,SL Yellow,28,,,44.0,880.0,1255.0,1255.0,0.0
2020-12-28 19:00:00-05:00,2020-12-29 05:00:00-05:00,12859.25,12884.5,1,SL Yellow,30,,,25.25,505.0,1760.0,1760.0,0.0
2020-12-29 19:00:00-05:00,2020-12-30 07:00:00-05:00,12836.0,12882.75,1,TP Green,36,,,46.75,935.0,2695.0,2695.0,0.0
2020-12-30 19:00:00-05:00,2020-12-31 04:00:00-05:00,12854.25,12839.25,1,SL Yellow,27,,,-15.0,-300.0,2395.0,2695.0,-300.0
2021-01-03 19:00:00-05:00,2021-01-04 02:00:00-05:00,12845.25,12923.25,2,TP Green,21,,,78.0,3120.0,5515.0,5515.0,0.0
2021-01-04 19:00:00-05:00,2021-01-05 03:40:00-05:00,12683.0,12693.0,1,SL Yellow,26,,,10.0,200.0,5715.0,5715.0,0.0
2021-01-05 19:00:00-05:00,2021-01-06 03:20:00-05:00,12801.0,12540.75,1,SL Yellow,25,,,-260.25,-5205.0,510.0,5715.0,-5205.0
2021-01-06 19:00:00-05:00,2021-01-07 02:00:00-05:00,12666.0,12738.75,2,TP Green,21,,,72.75,2910.0,3420.0,5715.0,-2295.0
2021-01-07 19:00:00-05:00,2021-01-08 04:20:00-05:00,12946.75,12959.0,1,SL Yellow,28,,,12.25,245.0,3665.0,5715.0,-2050.0
2021-01-10 19:00:00-05:00,2021-01-11 04:40:00-05:00,13072.5,13037.25,1,SL Yellow,29,,,-35.25,-705.0,2960.0,5715.0,-2755.0
2021-01-11 19:00:00-05:00,2021-01-12 08:00:00-05:00,12926.25,12932.25,2,Force Close,39,,,6.0,240.0,3200.0,5715.0,-2515.0
2021-01-12 19:00:00-05:00,2021-01-13 05:20:00-05:00,12895.5,12879.0,1,SL Yellow,31,,,-16.5,-330.0,2870.0,5715.0,-2845.0
2021-01-13 19:00:00-05:00,2021-01-14 04:00:00-05:00,12992.5,12972.0,2,SL Yellow,27,,,-20.5,-820.0,2050.0,5715.0,-3665.0
2021-01-14 19:00:00-05:00,2021-01-15 03:20:00-05:00,12914.75,12880.25,1,SL Yellow,25,,,-34.5,-690.0,1360.0,5715.0,-4355.0
2021-01-17 19:00:00-05:00,2021-01-18 06:00:00-05:00,12749.25,12810.5,2,TP Green,33,,,61.25,2450.0,3810.0,5715.0,-1905.0
2021-01-18 19:00:00-05:00,2021-01-18 22:20:00-05:00,12844.5,12934.75,1,TP Green,10,,,90.25,1805.0,5615.0,5715.0,-100.0
2021-01-19 19:00:00-05:00,2021-01-20 07:20:00-05:00,13039.0,13092.0,1,TP Green,37,,,53.0,1060.0,6675.0,6675.0,0.0
2021-01-20 19:00:00-05:00,2021-01-21 04:20:00-05:00,13310.0,13352.0,1,SL Yellow,28,,,42.0,840.0,7515.0,7515.0,0.0
2021-01-21 19:00:00-05:00,2021-01-22 03:20:00-05:00,13389.75,13339.0,1,SL Yellow,25,,,-50.75,-1015.0,6500.0,7515.0,-1015.0
2021-01-24 19:00:00-05:00,2021-01-25 02:40:00-05:00,13401.5,13473.25,2,TP Green,23,,,71.75,2870.0,9370.0,9370.0,0.0
2021-01-25 19:00:00-05:00,2021-01-26 08:00:00-05:00,13460.0,13461.5,1,Force Close,39,,,1.5,30.0,9400.0,9400.0,0.0
2021-01-26 19:00:00-05:00,2021-01-27 03:40:00-05:00,13558.75,13536.0,1,SL Yellow,26,,,-22.75,-455.0,8945.0,9400.0,-455.0
2021-01-27 19:00:00-05:00,2021-01-28 03:20:00-05:00,12999.5,13002.25,2,SL Yellow,25,,,2.75,110.0,9055.0,9400.0,-345.0
2021-01-28 19:00:00-05:00,2021-01-29 04:00:00-05:00,13154.5,13001.0,1,SL Yellow,27,,,-153.5,-3070.0,5985.0,9400.0,-3415.0
2021-01-31 19:00:00-05:00,2021-01-31 22:40:00-05:00,12824.75,12935.25,2,TP Green,11,,,110.5,4420.0,10405.0,10405.0,0.0
2021-02-01 19:00:00-05:00,2021-02-01 21:20:00-05:00,13244.25,13363.0,1,TP Green,7,,,118.75,2375.0,12780.0,12780.0,0.0
2021-02-02 19:00:00-05:00,2021-02-03 02:40:00-05:00,13488.0,13575.25,1,TP Green,23,,,87.25,1745.0,14525.0,14525.0,0.0
2021-02-03 19:00:00-05:00,2021-02-04 06:40:00-05:00,13440.25,13423.25,1,SL Yellow,35,,,-17.0,-340.0,14185.0,14525.0,-340.0
2021-02-04 19:00:00-05:00,2021-02-05 03:40:00-05:00,13550.0,13582.5,2,SL Yellow,26,,,32.5,1300.0,15485.0,15485.0,0.0
2021-02-07 19:00:00-05:00,2021-02-08 03:20:00-05:00,13640.25,13647.5,1,SL Yellow,25,,,7.25,145.0,15630.0,15630.0,0.0
2021-02-08 19:00:00-05:00,2021-02-09 04:00:00-05:00,13671.0,13666.5,1,SL Yellow,27,,,-4.5,-90.0,15540.0,15630.0,-90.0
2021-02-09 19:00:00-05:00,2021-02-10 02:20:00-05:00,13683.25,13760.0,2,TP Green,22,,,76.75,3070.0,18610.0,18610.0,0.0
2021-02-10 19:00:00-05:00,2021-02-11 04:40:00-05:00,13638.0,13705.75,1,TP Green,29,,,67.75,1355.0,19965.0,19965.0,0.0
2021-02-11 19:00:00-05:00,2021-02-12 03:20:00-05:00,13732.75,13689.0,1,SL Yellow,25,,,-43.75,-875.0,19090.0,19965.0,-875.0
2021-02-14 19:00:00-05:00,2021-02-15 07:40:00-05:00,13846.0,13837.75,2,SL Yellow,38,,,-8.25,-330.0,18760.0,19965.0,-1205.0
2021-02-15 19:00:00-05:00,2021-02-16 03:20:00-05:00,13867.0,13852.0,1,SL Yellow,25,,,-15.0,-300.0,18460.0,19965.0,-1505.0
2021-02-16 19:00:00-05:00,2021-02-17 04:20:00-05:00,13717.25,13743.5,2,SL Yellow,28,,,26.25,1050.0,19510.0,19965.0,-455.0
2021-02-17 19:00:00-05:00,2021-02-18 03:20:00-05:00,13711.25,13628.75,1,SL Yellow,25,,,-82.5,-1650.0,17860.0,19965.0,-2105.0
2021-02-18 19:00:00-05:00,2021-02-19 05:00:00-05:00,13617.75,13690.5,2,TP Green,30,,,72.75,2910.0,20770.0,20770.0,0.0
2021-02-21 19:00:00-05:00,2021-02-22 03:40:00-05:00,13599.0,13375.75,1,SL Yellow,26,,,-223.25,-4465.0,16305.0,20770.0,-4465.0
2021-02-22 19:00:00-05:00,2021-02-22 23:20:00-05:00,13214.25,13321.5,2,TP Green,13,,,107.25,4290.0,20595.0,20770.0,-175.0
2021-02-23 19:00:00-05:00,2021-02-24 06:20:00-05:00,13162.5,13168.0,1,SL Yellow,34,,,5.5,110.0,20705.0,20770.0,-65.0
2021-02-24 19:00:00-05:00,2021-02-25 03:20:00-05:00,13319.5,13241.0,1,SL Yellow,25,,,-78.5,-1570.0,19135.0,20770.0,-1635.0
2021-02-25 19:00:00-05:00,2021-02-25 21:20:00-05:00,12726.25,12830.25,2,TP Green,7,,,104.0,4160.0,23295.0,23295.0,0.0
2021-02-28 19:00:00-05:00,2021-03-01 02:00:00-05:00,13013.25,13111.5,1,TP Green,21,,,98.25,1965.0,25260.0,25260.0,0.0
2021-03-01 19:00:00-05:00,2021-03-02 03:40:00-05:00,13316.5,13168.75,1,SL Yellow,26,,,-147.75,-2955.0,22305.0,25260.0,-2955.0
2021-03-02 19:00:00-05:00,2021-03-03 02:20:00-05:00,13091.5,13174.5,2,TP Green,22,,,83.0,3320.0,25625.0,25625.0,0.0
2021-03-03 19:00:00-05:00,2021-03-04 04:00:00-05:00,12622.75,12637.0,1,SL Yellow,27,,,14.25,285.0,25910.0,25910.0,0.0
2021-03-04 19:00:00-05:00,2021-03-05 03:20:00-05:00,12379.25,12386.5,1,SL Yellow,25,,,7.25,145.0,26055.0,26055.0,0.0
2021-03-07 19:00:00-05:00,2021-03-08 03:20:00-05:00,12618.0,12429.75,1,SL Yellow,25,,,-188.25,-3765.0,22290.0,26055.0,-3765.0
2021-03-08 19:00:00-05:00,2021-03-09 02:40:00-05:00,12374.5,12475.0,2,TP Green,23,,,100.5,4020.0,26310.0,26310.0,0.0
2021-03-09 19:00:00-05:00,2021-03-10 06:00:00-05:00,12791.75,12766.25,1,SL Yellow,33,,,-25.5,-510.0,25800.0,26310.0,-510.0
2021-03-10 19:00:00-05:00,2021-03-11 01:40:00-05:00,12762.5,12872.75,2,TP Green,20,,,110.25,4410.0,30210.0,30210.0,0.0
2021-03-11 19:00:00-05:00,2021-03-12 03:20:00-05:00,13067.0,12854.0,1,SL Yellow,25,,,-213.0,-4260.0,25950.0,30210.0,-4260.0
2021-03-14 19:00:00-04:00,2021-03-15 06:20:00-04:00,12947.5,12950.0,2,SL Yellow,34,,,2.5,100.0,26050.0,30210.0,-4160.0
2021-03-15 19:00:00-04:00,2021-03-16 02:40:00-04:00,13068.75,13152.25,1,TP Green,23,,,83.5,1670.0,27720.0,30210.0,-2490.0
2021-03-16 19:00:00-04:00,2021-03-17 05:00:00-04:00,13163.75,13117.0,1,SL Yellow,30,,,-46.75,-935.0,26785.0,30210.0,-3425.0
2021-03-17 19:00:00-04:00,2021-03-18 03:20:00-04:00,13188.75,13072.5,2,SL Yellow,25,,,-116.25,-4650.0,22135.0,30210.0,-8075.0
2021-03-18 19:00:00-04:00,2021-03-19 04:00:00-04:00,12784.25,12879.0,1,TP Green,27,,,94.75,1895.0,24030.0,30210.0,-6180.0
2021-03-21 19:00:00-04:00,2021-03-22 06:00:00-04:00,12852.25,12941.25,1,TP Green,33,,,89.0,1780.0,25810.0,30210.0,-4400.0
2021-03-22 19:00:00-04:00,2021-03-23 03:40:00-04:00,13076.75,13046.5,1,SL Yellow,26,,,-30.25,-605.0,25205.0,30210.0,-5005.0
2021-03-23 19:00:00-04:00,2021-03-24 03:20:00-04:00,13020.0,13029.25,2,SL Yellow,25,,,9.25,370.0,25575.0,30210.0,-4635.0
2021-03-24 19:00:00-04:00,2021-03-25 05:00:00-04:00,12810.0,12819.75,1,SL Yellow,30,,,9.75,195.0,25770.0,30210.0,-4440.0
2021-03-25 19:00:00-04:00,2021-03-26 02:20:00-04:00,12801.0,12867.5,1,TP Green,22,,,66.5,1330.0,27100.0,30210.0,-3110.0
2021-03-28 19:00:00-04:00,2021-03-29 04:00:00-04:00,12936.75,12865.0,1,SL Yellow,27,,,-71.75,-1435.0,25665.0,30210.0,-4545.0
2021-03-29 19:00:00-04:00,2021-03-30 03:20:00-04:00,12972.25,12896.5,2,SL Yellow,25,,,-75.75,-3030.0,22635.0,30210.0,-7575.0
2021-03-30 19:00:00-04:00,2021-03-31 04:20:00-04:00,12877.25,12884.75,1,SL Yellow,28,,,7.5,150.0,22785.0,30210.0,-7425.0
2021-03-31 19:00:00-04:00,2021-04-01 03:00:00-04:00,13107.75,13167.25,1,TP Green,24,,,59.5,1190.0,23975.0,30210.0,-6235.0
2021-04-01 19:00:00-04:00,2021-04-02 06:20:00-04:00,13332.5,13350.75,1,SL Yellow,34,,,18.25,365.0,24340.0,30210.0,-5870.0
2021-04-04 19:00:00-04:00,2021-04-05 03:20:00-04:00,13326.75,13315.5,1,SL Yellow,25,,,-11.25,-225.0,24115.0,30210.0,-6095.0
2021-04-05 19:00:00-04:00,2021-04-06 03:40:00-04:00,13619.0,13539.5,2,SL Yellow,26,,,-79.5,-3180.0,20935.0,30210.0,-9275.0
2021-04-06 19:00:00-04:00,2021-04-07 04:00:00-04:00,13591.5,13580.75,1,SL Yellow,27,,,-10.75,-215.0,20720.0,30210.0,-9490.0
2021-04-07 19:00:00-04:00,2021-04-07 23:40:00-04:00,13618.0,13700.0,2,TP Green,14,,,82.0,3280.0,24000.0,30210.0,-6210.0
2021-04-08 19:00:00-04:00,2021-04-09 04:00:00-04:00,13785.5,13730.0,1,SL Yellow,27,,,-55.5,-1110.0,22890.0,30210.0,-7320.0
2021-04-11 19:00:00-04:00,2021-04-12 06:20:00-04:00,13800.0,13784.0,2,SL Yellow,34,,,-16.0,-640.0,22250.0,30210.0,-7960.0
2021-04-12 19:00:00-04:00,2021-04-13 05:20:00-04:00,13811.25,13802.0,1,SL Yellow,31,,,-9.25,-185.0,22065.0,30210.0,-8145.0
2021-04-13 19:00:00-04:00,2021-04-14 07:40:00-04:00,13966.0,14025.75,2,TP Green,38,,,59.75,2390.0,24455.0,30210.0,-5755.0
2021-04-14 19:00:00-04:00,2021-04-15 03:40:00-04:00,13823.75,13879.0,1,TP Green,26,,,55.25,1105.0,25560.0,30210.0,-4650.0
2021-04-15 19:00:00-04:00,2021-04-16 03:20:00-04:00,14009.25,13976.0,1,SL Yellow,25,,,-33.25,-665.0,24895.0,30210.0,-5315.0
2021-04-18 19:00:00-04:00,2021-04-19 04:00:00-04:00,14002.0,14027.75,2,SL Yellow,27,,,25.75,1030.0,25925.0,30210.0,-4285.0
2021-04-19 19:00:00-04:00,2021-04-20 05:20:00-04:00,13905.75,13864.25,1,SL Yellow,31,,,-41.5,-830.0,25095.0,30210.0,-5115.0
2021-04-20 19:00:00-04:00,2021-04-21 08:00:00-04:00,13745.0,13754.75,2,SL Yellow,39,,,9.75,390.0,25485.0,30210.0,-4725.0
2021-04-21 19:00:00-04:00,2021-04-22 05:20:00-04:00,13894.0,13911.25,1,SL Yellow,31,,,17.25,345.0,25830.0,30210.0,-4380.0
2021-04-22 19:00:00-04:00,2021-04-23 08:00:00-04:00,13768.25,13769.25,1,Force Close,39,,,1.0,20.0,25850.0,30210.0,-4360.0
2021-04-25 19:00:00-04:00,2021-04-26 03:20:00-04:00,13924.0,13918.25,1,SL Yellow,25,,,-5.75,-115.0,25735.0,30210.0,-4475.0
2021-04-26 19:00:00-04:00,2021-04-27 04:00:00-04:00,14016.75,14025.0,2,SL Yellow,27,,,8.25,330.0,26065.0,30210.0,-4145.0
2021-04-27 19:00:00-04:00,2021-04-28 03:20:00-04:00,13970.0,13921.0,1,SL Yellow,25,,,-49.0,-980.0,25085.0,30210.0,-5125.0
2021-04-28 19:00:00-04:00,2021-04-29 04:00:00-04:00,13962.0,14027.5,2,TP Green,27,,,65.5,2620.0,27705.0,30210.0,-2505.0
2021-04-29 19:00:00-04:00,2021-04-30 05:40:00-04:00,13928.0,13887.0,1,SL Yellow,32,,,-41.0,-820.0,26885.0,30210.0,-3325.0
2021-05-02 19:00:00-04:00,2021-05-03 04:20:00-04:00,13883.0,13885.25,2,SL Yellow,28,,,2.25,90.0,26975.0,30210.0,-3235.0
2021-05-03 19:00:00-04:00,2021-05-04 03:20:00-04:00,13774.75,13738.25,1,SL Yellow,25,,,-36.5,-730.0,26245.0,30210.0,-3965.0
2021-05-04 19:00:00-04:00,2021-05-05 04:20:00-04:00,13519.25,13601.25,2,TP Green,28,,,82.0,3280.0,29525.0,30210.0,-685.0
2021-05-05 19:00:00-04:00,2021-05-06 03:20:00-04:00,13487.25,13554.75,1,TP Green,25,,,67.5,1350.0,30875.0,30875.0,0.0
2021-05-06 19:00:00-04:00,2021-05-07 03:40:00-04:00,13614.5,13604.75,1,SL Yellow,26,,,-9.75,-195.0,30680.0,30875.0,-195.0
2021-05-09 19:00:00-04:00,2021-05-10 03:20:00-04:00,13737.0,13654.5,2,SL Yellow,25,,,-82.5,-3300.0,27380.0,30875.0,-3495.0
2021-05-10 19:00:00-04:00,2021-05-11 03:20:00-04:00,13329.75,13191.75,1,SL Yellow,25,,,-138.0,-2760.0,24620.0,30875.0,-6255.0
2021-05-11 19:00:00-04:00,2021-05-12 04:00:00-04:00,13314.25,13292.0,2,SL Yellow,27,,,-22.25,-890.0,23730.0,30875.0,-7145.0
2021-05-12 19:00:00-04:00,2021-05-13 03:20:00-04:00,13015.75,12989.75,1,SL Yellow,25,,,-26.0,-520.0,23210.0,30875.0,-7665.0
2021-05-13 19:00:00-04:00,2021-05-13 23:20:00-04:00,13097.75,13181.75,2,TP Green,13,,,84.0,3360.0,26570.0,30875.0,-4305.0
2021-05-16 19:00:00-04:00,2021-05-17 03:20:00-04:00,13396.25,13355.75,1,SL Yellow,25,,,-40.5,-810.0,25760.0,30875.0,-5115.0
2021-05-17 19:00:00-04:00,2021-05-18 01:20:00-04:00,13299.25,13382.25,2,TP Green,19,,,83.0,3320.0,29080.0,30875.0,-1795.0
2021-05-18 19:00:00-04:00,2021-05-19 03:20:00-04:00,13217.5,13067.75,1,SL Yellow,25,,,-149.75,-2995.0,26085.0,30875.0,-4790.0
2021-05-19 19:00:00-04:00,2021-05-20 04:20:00-04:00,13187.25,13184.25,2,SL Yellow,28,,,-3.0,-120.0,25965.0,30875.0,-4910.0
2021-05-20 19:00:00-04:00,2021-05-21 04:00:00-04:00,13498.0,13517.5,1,SL Yellow,27,,,19.5,390.0,26355.0,30875.0,-4520.0
2021-05-23 19:00:00-04:00,2021-05-24 03:20:00-04:00,13387.75,13480.0,1,TP Green,25,,,92.25,1845.0,28200.0,30875.0,-2675.0
2021-05-24 19:00:00-04:00,2021-05-25 02:40:00-04:00,13663.75,13731.75,1,TP Green,23,,,68.0,1360.0,29560.0,30875.0,-1315.0
2021-05-25 19:00:00-04:00,2021-05-26 04:20:00-04:00,13690.0,13690.0,1,SL Yellow,28,,,0.0,0.0,29560.0,30875.0,-1315.0
2021-05-26 19:00:00-04:00,2021-05-27 03:20:00-04:00,13699.75,13630.0,1,SL Yellow,25,,,-69.75,-1395.0,28165.0,30875.0,-2710.0
2021-05-27 19:00:00-04:00,2021-05-28 08:00:00-04:00,13686.0,13698.75,2,SL Yellow,39,,,12.75,510.0,28675.0,30875.0,-2200.0
2021-05-30 19:00:00-04:00,2021-05-31 03:40:00-04:00,13719.0,13693.75,1,SL Yellow,26,,,-25.25,-505.0,28170.0,30875.0,-2705.0
2021-05-31 19:00:00-04:00,2021-06-01 05:20:00-04:00,13681.25,13744.25,2,TP Green,31,,,63.0,2520.0,30690.0,30875.0,-185.0
2021-06-01 19:00:00-04:00,2021-06-02 03:20:00-04:00,13628.0,13628.5,1,SL Yellow,25,,,0.5,10.0,30700.0,30875.0,-175.0
2021-06-02 19:00:00-04:00,2021-06-03 03:40:00-04:00,13676.0,13653.75,1,SL Yellow,26,,,-22.25,-445.0,30255.0,30875.0,-620.0
2021-06-03 19:00:00-04:00,2021-06-04 06:20:00-04:00,13520.0,13517.75,2,SL Yellow,34,,,-2.25,-90.0,30165.0,30875.0,-710.0
2021-06-06 19:00:00-04:00,2021-06-07 03:40:00-04:00,13776.0,13724.75,1,SL Yellow,26,,,-51.25,-1025.0,29140.0,30875.0,-1735.0
2021-06-07 19:00:00-04:00,2021-06-08 03:20:00-04:00,13822.0,13798.5,2,SL Yellow,25,,,-23.5,-940.0,28200.0,30875.0,-2675.0
2021-06-08 19:00:00-04:00,2021-06-09 03:40:00-04:00,13823.0,13816.0,1,SL Yellow,26,,,-7.0,-140.0,28060.0,30875.0,-2815.0
2021-06-09 19:00:00-04:00,2021-06-10 03:20:00-04:00,13819.5,13779.0,2,SL Yellow,25,,,-40.5,-1620.0,26440.0,30875.0,-4435.0
2021-06-10 19:00:00-04:00,2021-06-11 03:20:00-04:00,13955.5,13946.0,1,SL Yellow,25,,,-9.5,-190.0,26250.0,30875.0,-4625.0
2021-06-13 19:00:00-04:00,2021-06-14 03:20:00-04:00,14008.75,14009.25,2,SL Yellow,25,,,0.5,20.0,26270.0,30875.0,-4605.0
2021-06-14 19:00:00-04:00,2021-06-15 05:00:00-04:00,14111.5,14136.0,1,SL Yellow,30,,,24.5,490.0,26760.0,30875.0,-4115.0
2021-06-15 19:00:00-04:00,2021-06-16 07:40:00-04:00,14034.5,14031.25,1,SL Yellow,38,,,-3.25,-65.0,26695.0,30875.0,-4180.0
2021-06-17 19:00:00-04:00,2021-06-18 03:20:00-04:00,14184.5,14185.0,2,SL Yellow,25,,,0.5,20.0,26715.0,30875.0,-4160.0
2021-06-20 19:00:00-04:00,2021-06-21 05:00:00-04:00,14034.5,14109.25,1,TP Green,30,,,74.75,1495.0,28210.0,30875.0,-2665.0
2021-06-21 19:00:00-04:00,2021-06-22 03:40:00-04:00,14140.75,14073.25,1,SL Yellow,26,,,-67.5,-1350.0,26860.0,30875.0,-4015.0
2021-06-22 19:00:00-04:00,2021-06-23 03:20:00-04:00,14275.5,14266.25,2,SL Yellow,25,,,-9.25,-370.0,26490.0,30875.0,-4385.0
2021-06-23 19:00:00-04:00,2021-06-24 04:20:00-04:00,14277.25,14343.0,1,TP Green,28,,,65.75,1315.0,27805.0,30875.0,-3070.0
2021-06-24 19:00:00-04:00,2021-06-25 03:20:00-04:00,14359.25,14352.5,1,SL Yellow,25,,,-6.75,-135.0,27670.0,30875.0,-3205.0
2021-06-27 19:00:00-04:00,2021-06-28 04:20:00-04:00,14360.25,14363.0,2,SL Yellow,28,,,2.75,110.0,27780.0,30875.0,-3095.0
2021-06-28 19:00:00-04:00,2021-06-29 04:00:00-04:00,14493.75,14473.5,1,SL Yellow,27,,,-20.25,-405.0,27375.0,30875.0,-3500.0
2021-06-29 19:00:00-04:00,2021-06-30 04:00:00-04:00,14582.25,14560.0,2,SL Yellow,27,,,-22.25,-890.0,26485.0,30875.0,-4390.0
2021-06-30 19:00:00-04:00,2021-07-01 04:00:00-04:00,14559.75,14575.75,1,SL Yellow,27,,,16.0,320.0,26805.0,30875.0,-4070.0
2021-07-01 19:00:00-04:00,2021-07-02 04:00:00-04:00,14537.25,14557.25,1,SL Yellow,27,,,20.0,400.0,27205.0,30875.0,-3670.0
2021-07-04 19:00:00-04:00,2021-07-05 03:20:00-04:00,14716.0,14681.5,1,SL Yellow,25,,,-34.5,-690.0,26515.0,30875.0,-4360.0
2021-07-05 19:00:00-04:00,2021-07-06 04:20:00-04:00,14708.0,14699.0,2,SL Yellow,28,,,-9.0,-360.0,26155.0,30875.0,-4720.0
2021-07-06 19:00:00-04:00,2021-07-07 03:40:00-04:00,14766.5,14829.25,1,TP Green,26,,,62.75,1255.0,27410.0,30875.0,-3465.0
2021-07-07 19:00:00-04:00,2021-07-08 03:20:00-04:00,14812.0,14714.5,1,SL Yellow,25,,,-97.5,-1950.0,25460.0,30875.0,-5415.0
2021-07-08 19:00:00-04:00,2021-07-09 05:40:00-04:00,14698.75,14702.0,2,SL Yellow,32,,,3.25,130.0,25590.0,30875.0,-5285.0
2021-07-11 19:00:00-04:00,2021-07-12 03:20:00-04:00,14825.5,14812.0,1,SL Yellow,25,,,-13.5,-270.0,25320.0,30875.0,-5555.0
2021-07-12 19:00:00-04:00,2021-07-13 08:00:00-04:00,14872.75,14915.25,2,Force Close,39,,,42.5,1700.0,27020.0,30875.0,-3855.0
2021-07-13 19:00:00-04:00,2021-07-14 07:40:00-04:00,14872.0,14937.5,1,TP Green,38,,,65.5,1310.0,28330.0,30875.0,-2545.0
2021-07-14 19:00:00-04:00,2021-07-15 06:00:00-04:00,14901.25,14916.0,1,SL Yellow,33,,,14.75,295.0,28625.0,30875.0,-2250.0
2021-07-15 19:00:00-04:00,2021-07-16 04:20:00-04:00,14774.25,14785.25,1,SL Yellow,28,,,11.0,220.0,28845.0,30875.0,-2030.0
2021-07-18 19:00:00-04:00,2021-07-19 03:20:00-04:00,14654.0,14631.5,1,SL Yellow,25,,,-22.5,-450.0,28395.0,30875.0,-2480.0
2021-07-19 19:00:00-04:00,2021-07-20 03:40:00-04:00,14587.0,14600.25,2,SL Yellow,26,,,13.25,530.0,28925.0,30875.0,-1950.0
2021-07-20 19:00:00-04:00,2021-07-21 06:00:00-04:00,14742.0,14723.25,1,SL Yellow,33,,,-18.75,-375.0,28550.0,30875.0,-2325.0
2021-07-21 19:00:00-04:00,2021-07-22 04:00:00-04:00,14833.75,14855.75,2,SL Yellow,27,,,22.0,880.0,29430.0,30875.0,-1445.0
2021-07-22 19:00:00-04:00,2021-07-23 07:00:00-04:00,14976.5,14990.0,1,SL Yellow,36,,,13.5,270.0,29700.0,30875.0,-1175.0
2021-07-25 19:00:00-04:00,2021-07-26 03:20:00-04:00,15114.75,15096.75,1,SL Yellow,25,,,-18.0,-360.0,29340.0,30875.0,-1535.0
2021-07-26 19:00:00-04:00,2021-07-27 03:20:00-04:00,15117.75,15066.25,2,SL Yellow,25,,,-51.5,-2060.0,27280.0,30875.0,-3595.0
2021-07-27 19:00:00-04:00,2021-07-28 04:40:00-04:00,14921.25,14995.75,1,TP Green,29,,,74.5,1490.0,28770.0,30875.0,-2105.0
2021-07-28 19:00:00-04:00,2021-07-29 06:40:00-04:00,14977.5,14973.5,1,SL Yellow,35,,,-4.0,-80.0,28690.0,30875.0,-2185.0
2021-07-29 19:00:00-04:00,2021-07-30 03:20:00-04:00,14905.25,14834.75,2,SL Yellow,25,,,-70.5,-2820.0,25870.0,30875.0,-5005.0
2021-08-01 19:00:00-04:00,2021-08-02 06:20:00-04:00,15004.25,15028.0,1,SL Yellow,34,,,23.75,475.0,26345.0,30875.0,-4530.0
2021-08-02 19:00:00-04:00,2021-08-03 05:00:00-04:00,14965.75,14966.75,1,SL Yellow,30,,,1.0,20.0,26365.0,30875.0,-4510.0
2021-08-03 19:00:00-04:00,2021-08-04 04:00:00-04:00,15032.0,15051.5,1,SL Yellow,27,,,19.5,390.0,26755.0,30875.0,-4120.0
2021-08-04 19:00:00-04:00,2021-08-05 08:00:00-04:00,15080.0,15103.25,1,Force Close,39,,,23.25,465.0,27220.0,30875.0,-3655.0
2021-08-05 19:00:00-04:00,2021-08-06 03:20:00-04:00,15163.75,15146.75,1,SL Yellow,25,,,-17.0,-340.0,26880.0,30875.0,-3995.0
2021-08-08 19:00:00-04:00,2021-08-09 04:20:00-04:00,15033.0,15097.0,2,TP Green,28,,,64.0,2560.0,29440.0,30875.0,-1435.0
2021-08-09 19:00:00-04:00,2021-08-10 08:00:00-04:00,15119.0,15142.25,1,Force Close,39,,,23.25,465.0,29905.0,30875.0,-970.0
2021-08-10 19:00:00-04:00,2021-08-11 03:20:00-04:00,15037.25,15007.25,1,SL Yellow,25,,,-30.0,-600.0,29305.0,30875.0,-1570.0
2021-08-11 19:00:00-04:00,2021-08-12 04:00:00-04:00,14998.5,14993.75,2,SL Yellow,27,,,-4.75,-190.0,29115.0,30875.0,-1760.0
2021-08-12 19:00:00-04:00,2021-08-13 05:20:00-04:00,15073.0,15081.25,1,SL Yellow,31,,,8.25,165.0,29280.0,30875.0,-1595.0
2021-08-15 19:00:00-04:00,2021-08-16 05:20:00-04:00,15117.0,15096.25,1,SL Yellow,31,,,-20.75,-415.0,28865.0,30875.0,-2010.0
2021-08-16 19:00:00-04:00,2021-08-17 04:40:00-04:00,15128.5,15077.25,2,SL Yellow,29,,,-51.25,-2050.0,26815.0,30875.0,-4060.0
2021-08-17 19:00:00-04:00,2021-08-18 03:20:00-04:00,14963.5,14993.0,1,SL Yellow,25,,,29.5,590.0,27405.0,30875.0,-3470.0
2021-08-18 19:00:00-04:00,2021-08-19 03:20:00-04:00,14851.25,14752.75,1,SL Yellow,25,,,-98.5,-1970.0,25435.0,30875.0,-5440.0
2021-08-19 19:00:00-04:00,2021-08-20 03:20:00-04:00,14928.75,14854.75,2,SL Yellow,25,,,-74.0,-2960.0,22475.0,30875.0,-8400.0
2021-08-22 19:00:00-04:00,2021-08-23 03:20:00-04:00,15117.0,15124.25,1,SL Yellow,25,,,7.25,145.0,22620.0,30875.0,-8255.0
2021-08-23 19:00:00-04:00,2021-08-24 05:20:00-04:00,15329.5,15361.5,1,SL Yellow,31,,,32.0,640.0,23260.0,30875.0,-7615.0
2021-08-24 19:00:00-04:00,2021-08-25 04:20:00-04:00,15353.0,15375.25,1,SL Yellow,28,,,22.25,445.0,23705.0,30875.0,-7170.0
2021-08-25 19:00:00-04:00,2021-08-26 04:20:00-04:00,15364.0,15333.25,1,SL Yellow,28,,,-30.75,-615.0,23090.0,30875.0,-7785.0
2021-08-26 19:00:00-04:00,2021-08-27 04:00:00-04:00,15283.5,15320.75,2,SL Yellow,27,,,37.25,1490.0,24580.0,30875.0,-6295.0
2021-08-29 19:00:00-04:00,2021-08-30 03:20:00-04:00,15437.5,15433.0,1,SL Yellow,25,,,-4.5,-90.0,24490.0,30875.0,-6385.0
2021-08-30 19:00:00-04:00,2021-08-31 02:20:00-04:00,15605.0,15674.25,2,TP Green,22,,,69.25,2770.0,27260.0,30875.0,-3615.0
2021-08-31 19:00:00-04:00,2021-09-01 04:00:00-04:00,15589.5,15612.25,1,SL Yellow,27,,,22.75,455.0,27715.0,30875.0,-3160.0
2021-09-01 19:00:00-04:00,2021-09-02 08:00:00-04:00,15613.75,15651.25,1,Force Close,39,,,37.5,750.0,28465.0,30875.0,-2410.0
2021-09-02 19:00:00-04:00,2021-09-03 04:40:00-04:00,15602.75,15612.25,1,SL Yellow,29,,,9.5,190.0,28655.0,30875.0,-2220.0
2021-09-05 19:00:00-04:00,2021-09-06 06:40:00-04:00,15659.0,15687.0,1,SL Yellow,35,,,28.0,560.0,29215.0,30875.0,-1660.0
2021-09-06 19:00:00-04:00,2021-09-07 03:20:00-04:00,15694.25,15681.5,1,SL Yellow,25,,,-12.75,-255.0,28960.0,30875.0,-1915.0
2021-09-07 19:00:00-04:00,2021-09-08 03:20:00-04:00,15666.0,15621.0,2,SL Yellow,25,,,-45.0,-1800.0,27160.0,30875.0,-3715.0
2021-09-08 19:00:00-04:00,2021-09-09 03:20:00-04:00,15599.75,15558.75,1,SL Yellow,25,,,-41.0,-820.0,26340.0,30875.0,-4535.0
2021-09-09 19:00:00-04:00,2021-09-10 04:20:00-04:00,15552.25,15614.25,2,TP Green,28,,,62.0,2480.0,28820.0,30875.0,-2055.0
2021-09-12 19:00:00-04:00,2021-09-13 08:00:00-04:00,15473.5,15517.5,1,Force Close,39,,,44.0,880.0,29700.0,30875.0,-1175.0
2021-09-13 19:00:00-04:00,2021-09-14 03:20:00-04:00,15445.5,15398.25,1,SL Yellow,25,,,-47.25,-945.0,28755.0,30875.0,-2120.0
2021-09-14 19:00:00-04:00,2021-09-15 06:40:00-04:00,15395.5,15412.0,2,SL Yellow,35,,,16.5,660.0,29415.0,30875.0,-1460.0
2021-09-15 19:00:00-04:00,2021-09-16 03:20:00-04:00,15502.0,15489.25,1,SL Yellow,25,,,-12.75,-255.0,29160.0,30875.0,-1715.0
2021-09-16 19:00:00-04:00,2021-09-17 03:20:00-04:00,15494.75,15503.0,2,SL Yellow,25,,,8.25,330.0,29490.0,30875.0,-1385.0
2021-09-19 19:00:00-04:00,2021-09-20 03:40:00-04:00,15318.25,15203.75,1,SL Yellow,26,,,-114.5,-2290.0,27200.0,30875.0,-3675.0
2021-09-20 19:00:00-04:00,2021-09-20 23:40:00-04:00,14992.25,15085.25,2,TP Green,14,,,93.0,3720.0,30920.0,30920.0,0.0
2021-09-21 19:00:00-04:00,2021-09-22 02:20:00-04:00,14993.75,15089.5,1,TP Green,22,,,95.75,1915.0,32835.0,32835.0,0.0
2021-09-22 19:00:00-04:00,2021-09-23 04:20:00-04:00,15196.0,15268.75,1,TP Green,28,,,72.75,1455.0,34290.0,34290.0,0.0
2021-09-23 19:00:00-04:00,2021-09-24 03:20:00-04:00,15312.0,15228.25,1,SL Yellow,25,,,-83.75,-1675.0,32615.0,34290.0,-1675.0
2021-09-26 19:00:00-04:00,2021-09-27 01:40:00-04:00,15308.25,15393.25,2,TP Green,20,,,85.0,3400.0,36015.0,36015.0,0.0
2021-09-27 19:00:00-04:00,2021-09-28 03:20:00-04:00,15169.25,15025.25,1,SL Yellow,25,,,-144.0,-2880.0,33135.0,36015.0,-2880.0
2021-09-28 19:00:00-04:00,2021-09-29 02:40:00-04:00,14783.0,14865.75,2,TP Green,23,,,82.75,3310.0,36445.0,36445.0,0.0
2021-09-29 19:00:00-04:00,2021-09-30 01:00:00-04:00,14787.5,14866.25,1,TP Green,18,,,78.75,1575.0,38020.0,38020.0,0.0
2021-09-30 19:00:00-04:00,2021-10-01 04:00:00-04:00,14718.75,14605.25,1,SL Yellow,27,,,-113.5,-2270.0,35750.0,38020.0,-2270.0
2021-10-03 19:00:00-04:00,2021-10-04 03:20:00-04:00,14825.5,14653.5,2,SL Yellow,25,,,-172.0,-6880.0,28870.0,38020.0,-9150.0
2021-10-04 19:00:00-04:00,2021-10-05 03:40:00-04:00,14498.25,14478.25,1,SL Yellow,26,,,-20.0,-400.0,28470.0,38020.0,-9550.0
2021-10-05 19:00:00-04:00,2021-10-06 03:20:00-04:00,14651.5,14496.25,2,SL Yellow,25,,,-155.25,-6210.0,22260.0,38020.0,-15760.0
2021-10-06 19:00:00-04:00,2021-10-07 02:20:00-04:00,14813.0,14897.0,1,TP Green,22,,,84.0,1680.0,23940.0,38020.0,-14080.0
2021-10-07 19:00:00-04:00,2021-10-08 03:20:00-04:00,14899.25,14853.25,1,SL Yellow,25,,,-46.0,-920.0,23020.0,38020.0,-15000.0
2021-10-10 19:00:00-04:00,2021-10-11 03:20:00-04:00,14750.75,14743.5,2,SL Yellow,25,,,-7.25,-290.0,22730.0,38020.0,-15290.0
2021-10-11 19:00:00-04:00,2021-10-12 04:00:00-04:00,14670.75,14645.75,1,SL Yellow,27,,,-25.0,-500.0,22230.0,38020.0,-15790.0
2021-10-12 19:00:00-04:00,2021-10-13 04:20:00-04:00,14605.0,14690.5,2,TP Green,28,,,85.5,3420.0,25650.0,38020.0,-12370.0
2021-10-13 19:00:00-04:00,2021-10-14 02:40:00-04:00,14793.5,14874.25,1,TP Green,23,,,80.75,1615.0,27265.0,38020.0,-10755.0
2021-10-14 19:00:00-04:00,2021-10-15 03:20:00-04:00,15069.0,15055.0,1,SL Yellow,25,,,-14.0,-280.0,26985.0,38020.0,-11035.0
2021-10-17 19:00:00-04:00,2021-10-18 03:20:00-04:00,15115.5,15064.75,2,SL Yellow,25,,,-50.75,-2030.0,24955.0,38020.0,-13065.0
2021-10-18 19:00:00-04:00,2021-10-19 06:20:00-04:00,15275.75,15345.0,1,TP Green,34,,,69.25,1385.0,26340.0,38020.0,-11680.0
2021-10-19 19:00:00-04:00,2021-10-20 03:40:00-04:00,15406.5,15379.75,1,SL Yellow,26,,,-26.75,-535.0,25805.0,38020.0,-12215.0
2021-10-20 19:00:00-04:00,2021-10-21 04:00:00-04:00,15347.5,15342.25,2,SL Yellow,27,,,-5.25,-210.0,25595.0,38020.0,-12425.0
2021-10-21 19:00:00-04:00,2021-10-22 08:00:00-04:00,15405.0,15442.5,1,Force Close,39,,,37.5,750.0,26345.0,38020.0,-11675.0
2021-10-24 19:00:00-04:00,2021-10-25 04:00:00-04:00,15320.0,15377.75,1,TP Green,27,,,57.75,1155.0,27500.0,38020.0,-10520.0
2021-10-25 19:00:00-04:00,2021-10-26 03:40:00-04:00,15527.5,15602.5,1,TP Green,26,,,75.0,1500.0,29000.0,38020.0,-9020.0
2021-10-26 19:00:00-04:00,2021-10-27 04:40:00-04:00,15560.75,15555.5,1,SL Yellow,29,,,-5.25,-105.0,28895.0,38020.0,-9125.0
2021-10-27 19:00:00-04:00,2021-10-28 07:00:00-04:00,15614.25,15678.5,2,TP Green,36,,,64.25,2570.0,31465.0,38020.0,-6555.0
2021-10-28 19:00:00-04:00,2021-10-29 04:00:00-04:00,15670.5,15646.75,1,SL Yellow,27,,,-23.75,-475.0,30990.0,38020.0,-7030.0
2021-10-31 19:00:00-04:00,2021-11-01 03:40:00-04:00,15866.75,15874.75,2,SL Yellow,26,,,8.0,320.0,31310.0,38020.0,-6710.0
2021-11-01 19:00:00-04:00,2021-11-02 04:00:00-04:00,15885.5,15871.0,1,SL Yellow,27,,,-14.5,-290.0,31020.0,38020.0,-7000.0
2021-11-02 19:00:00-04:00,2021-11-03 06:40:00-04:00,15946.5,15968.0,2,SL Yellow,35,,,21.5,860.0,31880.0,38020.0,-6140.0
2021-11-03 19:00:00-04:00,2021-11-04 04:40:00-04:00,16170.5,16187.25,1,SL Yellow,29,,,16.75,335.0,32215.0,38020.0,-5805.0
2021-11-04 19:00:00-04:00,2021-11-05 03:20:00-04:00,16334.5,16307.0,1,SL Yellow,25,,,-27.5,-550.0,31665.0,38020.0,-6355.0
2021-11-07 19:00:00-05:00,2021-11-08 08:00:00-05:00,16313.0,16343.0,2,Force Close,39,,,30.0,1200.0,32865.0,38020.0,-5155.0
2021-11-08 19:00:00-05:00,2021-11-09 05:00:00-05:00,16295.75,16359.75,1,TP Green,30,,,64.0,1280.0,34145.0,38020.0,-3875.0
2021-11-09 19:00:00-05:00,2021-11-10 03:20:00-05:00,16192.0,16210.25,1,SL Yellow,25,,,18.25,365.0,34510.0,38020.0,-3510.0
2021-11-10 19:00:00-05:00,2021-11-11 03:20:00-05:00,16013.75,16005.75,1,SL Yellow,25,,,-8.0,-160.0,34350.0,38020.0,-3670.0
2021-11-11 19:00:00-05:00,2021-11-12 03:20:00-05:00,16075.75,16058.25,2,SL Yellow,25,,,-17.5,-700.0,33650.0,38020.0,-4370.0
2021-11-14 19:00:00-05:00,2021-11-15 04:20:00-05:00,16231.5,16211.5,1,SL Yellow,28,,,-20.0,-400.0,33250.0,38020.0,-4770.0
2021-11-15 19:00:00-05:00,2021-11-16 03:20:00-05:00,16187.75,16170.0,2,SL Yellow,25,,,-17.75,-710.0,32540.0,38020.0,-5480.0
2021-11-16 19:00:00-05:00,2021-11-17 08:00:00-05:00,16307.75,16298.25,1,SL Yellow,39,,,-9.5,-190.0,32350.0,38020.0,-5670.0
2021-11-17 19:00:00-05:00,2021-11-18 04:00:00-05:00,16328.5,16404.25,2,TP Green,27,,,75.75,3030.0,35380.0,38020.0,-2640.0
2021-11-18 19:00:00-05:00,2021-11-19 02:40:00-05:00,16497.75,16566.25,1,TP Green,23,,,68.5,1370.0,36750.0,38020.0,-1270.0
2021-11-21 19:00:00-05:00,2021-11-22 08:00:00-05:00,16605.0,16632.75,1,Force Close,39,,,27.75,555.0,37305.0,38020.0,-715.0
2021-11-22 19:00:00-05:00,2021-11-23 03:20:00-05:00,16400.25,16285.5,1,SL Yellow,25,,,-114.75,-2295.0,35010.0,38020.0,-3010.0
2021-11-23 19:00:00-05:00,2021-11-24 03:20:00-05:00,16301.25,16299.0,2,SL Yellow,25,,,-2.25,-90.0,34920.0,38020.0,-3100.0
2021-11-24 19:00:00-05:00,2021-11-25 03:20:00-05:00,16362.25,16426.0,1,TP Green,25,,,63.75,1275.0,36195.0,38020.0,-1825.0
2021-11-25 19:00:00-05:00,2021-11-26 03:20:00-05:00,16365.0,16165.25,1,SL Yellow,25,,,-199.75,-3995.0,32200.0,38020.0,-5820.0
2021-11-28 19:00:00-05:00,2021-11-29 03:40:00-05:00,16209.0,16190.0,2,SL Yellow,26,,,-19.0,-760.0,31440.0,38020.0,-6580.0
2021-11-29 19:00:00-05:00,2021-11-30 04:00:00-05:00,16423.0,16302.25,1,SL Yellow,27,,,-120.75,-2415.0,29025.0,38020.0,-8995.0
2021-11-30 19:00:00-05:00,2021-11-30 21:40:00-05:00,16201.75,16310.5,2,TP Green,8,,,108.75,4350.0,33375.0,38020.0,-4645.0
2021-12-01 19:00:00-05:00,2021-12-02 03:20:00-05:00,15943.25,15919.5,1,SL Yellow,25,,,-23.75,-475.0,32900.0,38020.0,-5120.0
2021-12-02 19:00:00-05:00,2021-12-03 03:20:00-05:00,15940.0,15936.25,2,SL Yellow,25,,,-3.75,-150.0,32750.0,38020.0,-5270.0
2021-12-05 19:00:00-05:00,2021-12-06 03:00:00-05:00,15684.0,15766.75,1,TP Green,24,,,82.75,1655.0,34405.0,38020.0,-3615.0
2021-12-06 19:00:00-05:00,2021-12-07 00:20:00-05:00,15829.5,15926.75,1,TP Green,16,,,97.25,1945.0,36350.0,38020.0,-1670.0
2021-12-07 19:00:00-05:00,2021-12-08 04:40:00-05:00,16334.75,16372.75,1,SL Yellow,29,,,38.0,760.0,37110.0,38020.0,-910.0
2021-12-08 19:00:00-05:00,2021-12-09 03:20:00-05:00,16373.5,16379.75,1,SL Yellow,25,,,6.25,125.0,37235.0,38020.0,-785.0
2021-12-09 19:00:00-05:00,2021-12-10 07:00:00-05:00,16180.5,16199.25,1,SL Yellow,36,,,18.75,375.0,37610.0,38020.0,-410.0
2021-12-12 19:00:00-05:00,2021-12-13 03:40:00-05:00,16365.25,16364.75,1,SL Yellow,26,,,-0.5,-10.0,37600.0,38020.0,-420.0
2021-12-13 19:00:00-05:00,2021-12-14 04:00:00-05:00,16103.75,16106.5,2,SL Yellow,27,,,2.75,110.0,37710.0,38020.0,-310.0
2021-12-14 19:00:00-05:00,2021-12-15 03:20:00-05:00,15931.5,15922.75,1,SL Yellow,25,,,-8.75,-175.0,37535.0,38020.0,-485.0
2021-12-15 19:00:00-05:00,2021-12-16 02:00:00-05:00,16302.75,16419.25,2,TP Green,21,,,116.5,4660.0,42195.0,42195.0,0.0
2021-12-16 19:00:00-05:00,2021-12-17 03:20:00-05:00,15845.75,15826.75,1,SL Yellow,25,,,-19.0,-380.0,41815.0,42195.0,-380.0
2021-12-19 19:00:00-05:00,2021-12-20 03:20:00-05:00,15688.75,15555.25,2,SL Yellow,25,,,-133.5,-5340.0,36475.0,42195.0,-5720.0
2021-12-20 19:00:00-05:00,2021-12-21 01:00:00-05:00,15709.0,15806.0,1,TP Green,18,,,97.0,1940.0,38415.0,42195.0,-3780.0
2021-12-21 19:00:00-05:00,2021-12-22 03:20:00-05:00,15950.25,15890.5,1,SL Yellow,25,,,-59.75,-1195.0,37220.0,42195.0,-4975.0
2021-12-22 19:00:00-05:00,2021-12-23 03:20:00-05:00,16170.25,16149.75,2,SL Yellow,25,,,-20.5,-820.0,36400.0,42195.0,-5795.0
2021-12-26 19:00:00-05:00,2021-12-27 08:00:00-05:00,16344.0,16370.75,1,Force Close,39,,,26.75,535.0,36935.0,42195.0,-5260.0
2021-12-27 19:00:00-05:00,2021-12-28 04:00:00-05:00,16543.5,16621.25,1,TP Green,27,,,77.75,1555.0,38490.0,42195.0,-3705.0
2021-12-28 19:00:00-05:00,2021-12-29 05:20:00-05:00,16537.0,16541.0,1,SL Yellow,31,,,4.0,80.0,38570.0,42195.0,-3625.0
2021-12-29 19:00:00-05:00,2021-12-30 03:40:00-05:00,16445.25,16515.75,1,TP Green,26,,,70.5,1410.0,39980.0,42195.0,-2215.0
2021-12-30 19:00:00-05:00,2021-12-31 05:40:00-05:00,16414.75,16403.75,1,SL Yellow,32,,,-11.0,-220.0,39760.0,42195.0,-2435.0
2022-01-02 19:00:00-05:00,2022-01-03 06:40:00-05:00,16390.0,16449.25,2,TP Green,35,,,59.25,2370.0,42130.0,42195.0,-65.0
2022-01-03 19:00:00-05:00,2022-01-04 03:20:00-05:00,16484.75,16509.75,1,SL Yellow,25,,,25.0,500.0,42630.0,42630.0,0.0
2022-01-04 19:00:00-05:00,2022-01-05 06:20:00-05:00,16228.0,16202.75,1,SL Yellow,34,,,-25.25,-505.0,42125.0,42630.0,-505.0
2022-01-05 19:00:00-05:00,2022-01-06 03:20:00-05:00,15795.75,15699.0,2,SL Yellow,25,,,-96.75,-3870.0,38255.0,42630.0,-4375.0
2022-01-06 19:00:00-05:00,2022-01-07 03:20:00-05:00,15832.25,15699.5,1,SL Yellow,25,,,-132.75,-2655.0,35600.0,42630.0,-7030.0
2022-01-09 19:00:00-05:00,2022-01-09 23:40:00-05:00,15542.75,15642.0,2,TP Green,14,,,99.25,3970.0,39570.0,42630.0,-3060.0
2022-01-10 19:00:00-05:00,2022-01-11 04:20:00-05:00,15615.0,15704.0,1,TP Green,28,,,89.0,1780.0,41350.0,42630.0,-1280.0
2022-01-11 19:00:00-05:00,2022-01-12 03:20:00-05:00,15830.0,15803.5,1,SL Yellow,25,,,-26.5,-530.0,40820.0,42630.0,-1810.0
2022-01-12 19:00:00-05:00,2022-01-13 04:00:00-05:00,15879.5,15867.0,2,SL Yellow,27,,,-12.5,-500.0,40320.0,42630.0,-2310.0
2022-01-13 19:00:00-05:00,2022-01-14 03:40:00-05:00,15502.0,15501.75,1,SL Yellow,26,,,-0.25,-5.0,40315.0,42630.0,-2315.0
2022-01-16 19:00:00-05:00,2022-01-17 08:00:00-05:00,15576.0,15617.5,2,Force Close,39,,,41.5,1660.0,41975.0,42630.0,-655.0
2022-01-17 19:00:00-05:00,2022-01-18 03:20:00-05:00,15586.5,15335.25,1,SL Yellow,25,,,-251.25,-5025.0,36950.0,42630.0,-5680.0
2022-01-18 19:00:00-05:00,2022-01-19 06:00:00-05:00,15190.75,15248.25,2,TP Green,33,,,57.5,2300.0,39250.0,42630.0,-3380.0
2022-01-19 19:00:00-05:00,2022-01-20 01:40:00-05:00,15058.0,15152.75,1,TP Green,20,,,94.75,1895.0,41145.0,42630.0,-1485.0
2022-01-20 19:00:00-05:00,2022-01-21 06:00:00-05:00,14740.0,14721.5,1,SL Yellow,33,,,-18.5,-370.0,40775.0,42630.0,-1855.0
2022-01-23 19:00:00-05:00,2022-01-24 03:40:00-05:00,14547.25,14498.25,2,SL Yellow,26,,,-49.0,-1960.0,38815.0,42630.0,-3815.0
2022-01-24 19:00:00-05:00,2022-01-25 03:20:00-05:00,14449.0,14248.25,1,SL Yellow,25,,,-200.75,-4015.0,34800.0,42630.0,-7830.0
2022-01-25 19:00:00-05:00,2022-01-26 03:00:00-05:00,14152.25,14274.5,2,TP Green,24,,,122.25,4890.0,39690.0,42630.0,-2940.0
2022-01-26 19:00:00-05:00,2022-01-28 03:00:00-05:00,14210.5,14071.25,1,SL Yellow,25,,,-139.25,-2785.0,36905.0,42630.0,-5725.0
2022-01-30 19:00:00-05:00,2022-01-31 03:40:00-05:00,14411.5,14528.75,2,TP Green,26,,,117.25,4690.0,41595.0,42630.0,-1035.0
2022-01-31 19:00:00-05:00,2022-02-01 03:20:00-05:00,14868.0,14940.5,1,TP Green,25,,,72.5,1450.0,43045.0,43045.0,0.0
2022-02-01 19:00:00-05:00,2022-02-02 04:40:00-05:00,15134.25,15250.25,1,TP Green,29,,,116.0,2320.0,45365.0,45365.0,0.0
2022-02-02 19:00:00-05:00,2022-02-03 04:40:00-05:00,14793.75,14781.75,1,SL Yellow,29,,,-12.0,-240.0,45125.0,45365.0,-240.0
2022-02-03 19:00:00-05:00,2022-02-04 03:20:00-05:00,14769.0,14719.5,2,SL Yellow,25,,,-49.5,-1980.0,43145.0,45365.0,-2220.0
2022-02-06 19:00:00-05:00,2022-02-07 02:00:00-05:00,14645.25,14725.75,1,TP Green,21,,,80.5,1610.0,44755.0,45365.0,-610.0
2022-02-07 19:00:00-05:00,2022-02-08 05:00:00-05:00,14614.0,14547.75,1,SL Yellow,30,,,-66.25,-1325.0,43430.0,45365.0,-1935.0
2022-02-08 19:00:00-05:00,2022-02-09 03:40:00-05:00,14769.5,14852.0,2,TP Green,26,,,82.5,3300.0,46730.0,46730.0,0.0
2022-02-09 19:00:00-05:00,2022-02-10 03:20:00-05:00,15022.25,14995.75,1,SL Yellow,25,,,-26.5,-530.0,46200.0,46730.0,-530.0
2022-02-10 19:00:00-05:00,2022-02-11 03:20:00-05:00,14646.25,14610.0,2,SL Yellow,25,,,-36.25,-1450.0,44750.0,46730.0,-1980.0
2022-02-13 19:00:00-05:00,2022-02-14 03:20:00-05:00,14268.0,14134.25,1,SL Yellow,25,,,-133.75,-2675.0,42075.0,46730.0,-4655.0
2022-02-14 19:00:00-05:00,2022-02-15 03:00:00-05:00,14278.5,14371.5,2,TP Green,24,,,93.0,3720.0,45795.0,46730.0,-935.0
2022-02-15 19:00:00-05:00,2022-02-16 03:00:00-05:00,14562.25,14649.25,1,TP Green,24,,,87.0,1740.0,47535.0,47535.0,0.0
2022-02-16 19:00:00-05:00,2022-02-18 03:40:00-05:00,14567.0,14255.75,1,SL Yellow,27,,,-311.25,-6225.0,41310.0,47535.0,-6225.0
2022-02-21 19:00:00-05:00,2022-02-22 05:00:00-05:00,13674.0,13794.5,2,TP Green,30,,,120.5,4820.0,46130.0,47535.0,-1405.0
2022-02-22 19:00:00-05:00,2022-02-23 04:20:00-05:00,13970.75,14057.5,1,TP Green,28,,,86.75,1735.0,47865.0,47865.0,0.0
2022-02-23 19:00:00-05:00,2022-02-24 04:20:00-05:00,13475.25,13186.5,1,SL Yellow,28,,,-288.75,-5775.0,42090.0,47865.0,-5775.0
2022-02-24 19:00:00-05:00,2022-02-25 03:20:00-05:00,13890.25,13779.75,2,SL Yellow,25,,,-110.5,-4420.0,37670.0,47865.0,-10195.0
2022-02-27 19:00:00-05:00,2022-02-28 02:20:00-05:00,13821.5,13959.25,1,TP Green,22,,,137.75,2755.0,40425.0,47865.0,-7440.0
2022-02-28 19:00:00-05:00,2022-03-01 03:20:00-05:00,14255.75,14226.0,1,SL Yellow,25,,,-29.75,-595.0,39830.0,47865.0,-8035.0
2022-03-01 19:00:00-05:00,2022-03-02 03:40:00-05:00,14060.75,13993.0,2,SL Yellow,26,,,-67.75,-2710.0,37120.0,47865.0,-10745.0
2022-03-02 19:00:00-05:00,2022-03-03 03:20:00-05:00,14206.0,14184.5,1,SL Yellow,25,,,-21.5,-430.0,36690.0,47865.0,-11175.0
2022-03-03 19:00:00-05:00,2022-03-04 03:40:00-05:00,13996.25,13958.75,2,SL Yellow,26,,,-37.5,-1500.0,35190.0,47865.0,-12675.0
2022-03-06 19:00:00-05:00,2022-03-07 04:20:00-05:00,13604.75,13602.0,1,SL Yellow,28,,,-2.75,-55.0,35135.0,47865.0,-12730.0
2022-03-07 19:00:00-05:00,2022-03-08 07:00:00-05:00,13294.5,13399.5,2,TP Green,36,,,105.0,4200.0,39335.0,47865.0,-8530.0
2022-03-08 19:00:00-05:00,2022-03-09 02:20:00-05:00,13261.25,13407.25,1,TP Green,22,,,146.0,2920.0,42255.0,47865.0,-5610.0
2022-03-09 19:00:00-05:00,2022-03-10 03:20:00-05:00,13735.25,13604.75,1,SL Yellow,25,,,-130.5,-2610.0,39645.0,47865.0,-8220.0
2022-03-10 19:00:00-05:00,2022-03-11 06:20:00-05:00,13594.25,13805.5,2,TP Green,34,,,211.25,8450.0,48095.0,48095.0,0.0
2022-03-13 19:00:00-04:00,2022-03-14 04:20:00-04:00,13344.25,13320.0,1,SL Yellow,28,,,-24.25,-485.0,47610.0,48095.0,-485.0
2022-03-14 19:00:00-04:00,2022-03-15 03:20:00-04:00,13099.75,12980.25,2,SL Yellow,25,,,-119.5,-4780.0,42830.0,48095.0,-5265.0
2022-03-15 19:00:00-04:00,2022-03-16 01:40:00-04:00,13439.5,13557.75,1,TP Green,20,,,118.25,2365.0,45195.0,48095.0,-2900.0
2022-03-16 19:00:00-04:00,2022-03-17 03:20:00-04:00,13955.25,13948.0,1,SL Yellow,25,,,-7.25,-145.0,45050.0,48095.0,-3045.0
2022-03-17 19:00:00-04:00,2022-03-18 07:00:00-04:00,14026.0,14006.25,2,SL Yellow,36,,,-19.75,-790.0,44260.0,48095.0,-3835.0
2022-03-20 19:00:00-04:00,2022-03-21 03:20:00-04:00,14415.25,14319.75,1,SL Yellow,25,,,-95.5,-1910.0,42350.0,48095.0,-5745.0
2022-03-21 19:00:00-04:00,2022-03-22 04:40:00-04:00,14360.75,14425.5,2,TP Green,29,,,64.75,2590.0,44940.0,48095.0,-3155.0
2022-03-22 19:00:00-04:00,2022-03-23 03:20:00-04:00,14656.0,14640.75,1,SL Yellow,25,,,-15.25,-305.0,44635.0,48095.0,-3460.0
2022-03-23 19:00:00-04:00,2022-03-24 03:20:00-04:00,14480.75,14509.5,2,SL Yellow,25,,,28.75,1150.0,45785.0,48095.0,-2310.0
2022-03-24 19:00:00-04:00,2022-03-25 03:20:00-04:00,14748.5,14768.75,1,SL Yellow,25,,,20.25,405.0,46190.0,48095.0,-1905.0
2022-03-27 19:00:00-04:00,2022-03-28 04:20:00-04:00,14738.75,14693.0,1,SL Yellow,28,,,-45.75,-915.0,45275.0,48095.0,-2820.0
2022-03-28 19:00:00-04:00,2022-03-29 05:00:00-04:00,14972.75,15048.75,2,TP Green,30,,,76.0,3040.0,48315.0,48315.0,0.0
2022-03-29 19:00:00-04:00,2022-03-30 03:40:00-04:00,15217.75,15182.0,1,SL Yellow,26,,,-35.75,-715.0,47600.0,48315.0,-715.0
2022-03-30 19:00:00-04:00,2022-04-01 03:00:00-04:00,15109.75,14935.0,2,SL Yellow,25,,,-174.75,-6990.0,40610.0,48315.0,-7705.0
2022-04-03 19:00:00-04:00,2022-04-04 05:00:00-04:00,14836.25,14912.5,1,TP Green,30,,,76.25,1525.0,42135.0,48315.0,-6180.0
2022-04-04 19:00:00-04:00,2022-04-05 04:40:00-04:00,15156.0,15164.25,1,SL Yellow,29,,,8.25,165.0,42300.0,48315.0,-6015.0
2022-04-05 19:00:00-04:00,2022-04-06 03:20:00-04:00,14838.0,14758.75,1,SL Yellow,25,,,-79.25,-1585.0,40715.0,48315.0,-7600.0
2022-04-06 19:00:00-04:00,2022-04-07 05:40:00-04:00,14506.75,14580.75,2,TP Green,32,,,74.0,2960.0,43675.0,48315.0,-4640.0
2022-04-07 19:00:00-04:00,2022-04-08 04:00:00-04:00,14549.25,14618.0,1,TP Green,27,,,68.75,1375.0,45050.0,48315.0,-3265.0
2022-04-10 19:00:00-04:00,2022-04-11 03:40:00-04:00,14357.25,14258.75,1,SL Yellow,26,,,-98.5,-1970.0,43080.0,48315.0,-5235.0
2022-04-11 19:00:00-04:00,2022-04-12 03:20:00-04:00,13999.0,13934.25,2,SL Yellow,25,,,-64.75,-2590.0,40490.0,48315.0,-7825.0
2022-04-12 19:00:00-04:00,2022-04-13 01:20:00-04:00,13974.0,14078.75,1,TP Green,19,,,104.75,2095.0,42585.0,48315.0,-5730.0
2022-04-13 19:00:00-04:00,2022-04-14 04:20:00-04:00,14230.25,14226.25,1,SL Yellow,28,,,-4.0,-80.0,42505.0,48315.0,-5810.0
2022-04-17 19:00:00-04:00,2022-04-18 05:20:00-04:00,13790.25,13797.25,2,SL Yellow,31,,,7.0,280.0,42785.0,48315.0,-5530.0
2022-04-18 19:00:00-04:00,2022-04-19 03:20:00-04:00,13975.25,13910.25,1,SL Yellow,25,,,-65.0,-1300.0,41485.0,48315.0,-6830.0
2022-04-19 19:00:00-04:00,2022-04-20 05:20:00-04:00,14087.25,14202.25,2,TP Green,31,,,115.0,4600.0,46085.0,48315.0,-2230.0
2022-04-20 19:00:00-04:00,2022-04-21 04:00:00-04:00,14074.75,14161.25,1,TP Green,27,,,86.5,1730.0,47815.0,48315.0,-500.0
2022-04-21 19:00:00-04:00,2022-04-22 03:20:00-04:00,13710.5,13689.25,1,SL Yellow,25,,,-21.25,-425.0,47390.0,48315.0,-925.0
2022-04-24 19:00:00-04:00,2022-04-25 03:20:00-04:00,13323.0,13278.25,2,SL Yellow,25,,,-44.75,-1790.0,45600.0,48315.0,-2715.0
2022-04-25 19:00:00-04:00,2022-04-26 03:20:00-04:00,13533.0,13447.0,1,SL Yellow,25,,,-86.0,-1720.0,43880.0,48315.0,-4435.0
2022-04-26 19:00:00-04:00,2022-04-27 02:00:00-04:00,12976.5,13091.75,2,TP Green,21,,,115.25,4610.0,48490.0,48490.0,0.0
2022-04-27 19:00:00-04:00,2022-04-28 03:00:00-04:00,13165.5,13274.25,1,TP Green,24,,,108.75,2175.0,50665.0,50665.0,0.0
2022-04-28 19:00:00-04:00,2022-04-29 01:00:00-04:00,13256.25,13380.5,1,TP Green,18,,,124.25,2485.0,53150.0,53150.0,0.0
2022-05-01 19:00:00-04:00,2022-05-02 03:40:00-04:00,12908.25,12905.25,1,SL Yellow,26,,,-3.0,-60.0,53090.0,53150.0,-60.0
2022-05-02 19:00:00-04:00,2022-05-02 22:40:00-04:00,13052.25,13156.0,2,TP Green,11,,,103.75,4150.0,57240.0,57240.0,0.0
2022-05-03 19:00:00-04:00,2022-05-04 03:20:00-04:00,13115.0,13093.0,1,SL Yellow,25,,,-22.0,-440.0,56800.0,57240.0,-440.0
2022-05-04 19:00:00-04:00,2022-05-05 03:20:00-04:00,13513.5,13430.5,2,SL Yellow,25,,,-83.0,-3320.0,53480.0,57240.0,-3760.0
2022-05-05 19:00:00-04:00,2022-05-06 03:20:00-04:00,12857.5,12770.5,1,SL Yellow,25,,,-87.0,-1740.0,51740.0,57240.0,-5500.0
2022-05-08 19:00:00-04:00,2022-05-09 03:40:00-04:00,12615.5,12535.25,2,SL Yellow,26,,,-80.25,-3210.0,48530.0,57240.0,-8710.0
2022-05-09 19:00:00-04:00,2022-05-10 01:00:00-04:00,12223.75,12334.0,1,TP Green,18,,,110.25,2205.0,50735.0,57240.0,-6505.0
2022-05-10 19:00:00-04:00,2022-05-11 00:40:00-04:00,12352.25,12451.5,1,TP Green,17,,,99.25,1985.0,52720.0,57240.0,-4520.0
2022-05-11 19:00:00-04:00,2022-05-12 03:20:00-04:00,11998.0,11871.5,1,SL Yellow,25,,,-126.5,-2530.0,50190.0,57240.0,-7050.0
2022-05-12 19:00:00-04:00,2022-05-12 23:00:00-04:00,11961.25,12104.0,2,TP Green,12,,,142.75,5710.0,55900.0,57240.0,-1340.0
2022-05-15 19:00:00-04:00,2022-05-16 05:20:00-04:00,12449.75,12312.25,1,SL Yellow,31,,,-137.5,-2750.0,53150.0,57240.0,-4090.0
2022-05-16 19:00:00-04:00,2022-05-17 02:40:00-04:00,12265.5,12347.5,2,TP Green,23,,,82.0,3280.0,56430.0,57240.0,-810.0
2022-05-17 19:00:00-04:00,2022-05-18 04:00:00-04:00,12568.5,12493.0,1,SL Yellow,27,,,-75.5,-1510.0,54920.0,57240.0,-2320.0
2022-05-18 19:00:00-04:00,2022-05-19 03:20:00-04:00,11877.25,11752.25,2,SL Yellow,25,,,-125.0,-5000.0,49920.0,57240.0,-7320.0
2022-05-19 19:00:00-04:00,2022-05-20 00:00:00-04:00,11897.25,12000.5,1,TP Green,15,,,103.25,2065.0,51985.0,57240.0,-5255.0
2022-05-22 19:00:00-04:00,2022-05-23 03:20:00-04:00,11960.25,11980.75,1,SL Yellow,25,,,20.5,410.0,52395.0,57240.0,-4845.0
2022-05-23 19:00:00-04:00,2022-05-24 03:20:00-04:00,11869.25,11773.5,1,SL Yellow,25,,,-95.75,-1915.0,50480.0,57240.0,-6760.0
2022-05-24 19:00:00-04:00,2022-05-25 03:20:00-04:00,11865.0,11816.75,2,SL Yellow,25,,,-48.25,-1930.0,48550.0,57240.0,-8690.0
2022-05-25 19:00:00-04:00,2022-05-26 04:20:00-04:00,11923.5,11887.75,1,SL Yellow,28,,,-35.75,-715.0,47835.0,57240.0,-9405.0
2022-05-26 19:00:00-04:00,2022-05-27 05:40:00-04:00,12280.0,12360.5,2,TP Green,32,,,80.5,3220.0,51055.0,57240.0,-6185.0
2022-05-30 19:00:00-04:00,2022-05-31 03:20:00-04:00,12791.25,12642.0,1,SL Yellow,25,,,-149.25,-2985.0,48070.0,57240.0,-9170.0
2022-05-31 19:00:00-04:00,2022-06-01 03:40:00-04:00,12686.5,12644.75,2,SL Yellow,26,,,-41.75,-1670.0,46400.0,57240.0,-10840.0
2022-06-01 19:00:00-04:00,2022-06-02 03:20:00-04:00,12527.75,12618.25,1,TP Green,25,,,90.5,1810.0,48210.0,57240.0,-9030.0
2022-06-02 19:00:00-04:00,2022-06-03 03:20:00-04:00,12927.0,12837.0,1,SL Yellow,25,,,-90.0,-1800.0,46410.0,57240.0,-10830.0
2022-06-05 19:00:00-04:00,2022-06-05 23:40:00-04:00,12548.0,12634.0,2,TP Green,14,,,86.0,3440.0,49850.0,57240.0,-7390.0
2022-06-06 19:00:00-04:00,2022-06-07 04:40:00-04:00,12591.75,12555.75,1,SL Yellow,29,,,-36.0,-720.0,49130.0,57240.0,-8110.0
2022-06-07 19:00:00-04:00,2022-06-08 04:00:00-04:00,12695.75,12654.75,2,SL Yellow,27,,,-41.0,-1640.0,47490.0,57240.0,-9750.0
2022-06-08 19:00:00-04:00,2022-06-09 05:00:00-04:00,12631.5,12697.25,1,TP Green,30,,,65.75,1315.0,48805.0,57240.0,-8435.0
2022-06-09 19:00:00-04:00,2022-06-10 03:40:00-04:00,12313.25,12301.0,1,SL Yellow,26,,,-12.25,-245.0,48560.0,57240.0,-8680.0
2022-06-12 19:00:00-04:00,2022-06-13 03:20:00-04:00,11692.25,11583.5,2,SL Yellow,25,,,-108.75,-4350.0,44210.0,57240.0,-13030.0
2022-06-13 19:00:00-04:00,2022-06-14 00:00:00-04:00,11360.0,11484.5,1,TP Green,15,,,124.5,2490.0,46700.0,57240.0,-10540.0
2022-06-14 19:00:00-04:00,2022-06-15 04:20:00-04:00,11366.75,11450.25,1,TP Green,28,,,83.5,1670.0,48370.0,57240.0,-8870.0
2022-06-15 19:00:00-04:00,2022-06-16 03:20:00-04:00,11678.25,11358.75,1,SL Yellow,25,,,-319.5,-6390.0,41980.0,57240.0,-15260.0
2022-06-16 19:00:00-04:00,2022-06-17 06:20:00-04:00,11183.5,11265.25,2,TP Green,34,,,81.75,3270.0,45250.0,57240.0,-11990.0
2022-06-19 19:00:00-04:00,2022-06-20 03:40:00-04:00,11405.5,11368.75,1,SL Yellow,26,,,-36.75,-735.0,44515.0,57240.0,-12725.0
2022-06-20 19:00:00-04:00,2022-06-20 23:00:00-04:00,11408.5,11490.5,2,TP Green,12,,,82.0,3280.0,47795.0,57240.0,-9445.0
2022-06-21 19:00:00-04:00,2022-06-22 03:20:00-04:00,11561.0,11372.25,1,SL Yellow,25,,,-188.75,-3775.0,44020.0,57240.0,-13220.0
2022-06-22 19:00:00-04:00,2022-06-23 03:20:00-04:00,11507.5,11491.0,2,SL Yellow,25,,,-16.5,-660.0,43360.0,57240.0,-13880.0
2022-06-23 19:00:00-04:00,2022-06-23 22:40:00-04:00,11713.0,11824.5,1,TP Green,11,,,111.5,2230.0,45590.0,57240.0,-11650.0
2022-06-26 19:00:00-04:00,2022-06-26 22:20:00-04:00,12110.5,12199.5,1,TP Green,10,,,89.0,1780.0,47370.0,57240.0,-9870.0
2022-06-27 19:00:00-04:00,2022-06-28 03:00:00-04:00,12062.75,12136.75,1,TP Green,24,,,74.0,1480.0,48850.0,57240.0,-8390.0
2022-06-28 19:00:00-04:00,2022-06-29 03:20:00-04:00,11674.25,11680.5,1,SL Yellow,25,,,6.25,125.0,48975.0,57240.0,-8265.0
2022-06-29 19:00:00-04:00,2022-07-01 03:00:00-04:00,11686.0,11418.0,1,SL Yellow,25,,,-268.0,-5360.0,43615.0,57240.0,-13625.0
2022-07-03 19:00:00-04:00,2022-07-04 03:40:00-04:00,11603.75,11518.0,2,SL Yellow,26,,,-85.75,-3430.0,40185.0,57240.0,-17055.0
2022-07-04 19:00:00-04:00,2022-07-05 03:20:00-04:00,11727.75,11648.75,1,SL Yellow,25,,,-79.0,-1580.0,38605.0,57240.0,-18635.0
2022-07-05 19:00:00-04:00,2022-07-06 04:20:00-04:00,11809.0,11775.5,2,SL Yellow,28,,,-33.5,-1340.0,37265.0,57240.0,-19975.0
2022-07-06 19:00:00-04:00,2022-07-07 05:00:00-04:00,11885.25,11941.5,1,TP Green,30,,,56.25,1125.0,38390.0,57240.0,-18850.0
2022-07-07 19:00:00-04:00,2022-07-10 21:00:00-04:00,12104.5,12088.75,1,SL Yellow,26,,,-15.75,-315.0,38075.0,57240.0,-19165.0
2022-07-11 19:00:00-04:00,2022-07-12 03:20:00-04:00,11887.75,11778.25,2,SL Yellow,25,,,-109.5,-4380.0,33695.0,57240.0,-23545.0
2022-07-12 19:00:00-04:00,2022-07-13 03:40:00-04:00,11772.75,11795.5,1,SL Yellow,26,,,22.75,455.0,34150.0,57240.0,-23090.0
2022-07-13 19:00:00-04:00,2022-07-14 03:20:00-04:00,11688.75,11704.0,1,SL Yellow,25,,,15.25,305.0,34455.0,57240.0,-22785.0
2022-07-14 19:00:00-04:00,2022-07-15 03:40:00-04:00,11832.0,11807.75,1,SL Yellow,26,,,-24.25,-485.0,33970.0,57240.0,-23270.0
2022-07-17 19:00:00-04:00,2022-07-18 03:20:00-04:00,12063.0,12159.25,2,TP Green,25,,,96.25,3850.0,37820.0,57240.0,-19420.0
2022-07-18 19:00:00-04:00,2022-07-19 03:20:00-04:00,11919.25,11918.0,1,SL Yellow,25,,,-1.25,-25.0,37795.0,57240.0,-19445.0
2022-07-19 19:00:00-04:00,2022-07-20 03:20:00-04:00,12322.5,12296.0,2,SL Yellow,25,,,-26.5,-1060.0,36735.0,57240.0,-20505.0
2022-07-20 19:00:00-04:00,2022-07-21 03:20:00-04:00,12432.5,12426.25,1,SL Yellow,25,,,-6.25,-125.0,36610.0,57240.0,-20630.0
2022-07-21 19:00:00-04:00,2022-07-22 03:20:00-04:00,12547.25,12536.5,2,SL Yellow,25,,,-10.75,-430.0,36180.0,57240.0,-21060.0
2022-07-24 19:00:00-04:00,2022-07-25 05:40:00-04:00,12413.75,12490.25,1,TP Green,32,,,76.5,1530.0,37710.0,57240.0,-19530.0
2022-07-25 19:00:00-04:00,2022-07-26 04:00:00-04:00,12301.75,12305.0,1,SL Yellow,27,,,3.25,65.0,37775.0,57240.0,-19465.0
2022-07-26 19:00:00-04:00,2022-07-27 06:00:00-04:00,12258.75,12287.0,1,SL Yellow,33,,,28.25,565.0,38340.0,57240.0,-18900.0
2022-07-27 19:00:00-04:00,2022-07-29 00:00:00-04:00,12584.5,12897.0,1,TP Green,16,,,312.5,6250.0,44590.0,57240.0,-12650.0
2022-07-31 19:00:00-04:00,2022-08-01 04:20:00-04:00,12931.75,12928.0,1,SL Yellow,28,,,-3.75,-75.0,44515.0,57240.0,-12725.0
2022-08-01 19:00:00-04:00,2022-08-02 04:00:00-04:00,12963.25,12860.75,2,SL Yellow,27,,,-102.5,-4100.0,40415.0,57240.0,-16825.0
2022-08-02 19:00:00-04:00,2022-08-03 03:40:00-04:00,12927.5,12909.0,1,SL Yellow,26,,,-18.5,-370.0,40045.0,57240.0,-17195.0
2022-08-03 19:00:00-04:00,2022-08-04 06:00:00-04:00,13236.5,13326.5,2,TP Green,33,,,90.0,3600.0,43645.0,57240.0,-13595.0
2022-08-04 19:00:00-04:00,2022-08-05 04:00:00-04:00,13339.25,13342.5,1,SL Yellow,27,,,3.25,65.0,43710.0,57240.0,-13530.0
2022-08-07 19:00:00-04:00,2022-08-08 01:20:00-04:00,13178.0,13240.5,1,TP Green,19,,,62.5,1250.0,44960.0,57240.0,-12280.0
2022-08-08 19:00:00-04:00,2022-08-09 03:20:00-04:00,13218.0,13189.5,1,SL Yellow,25,,,-28.5,-570.0,44390.0,57240.0,-12850.0
2022-08-09 19:00:00-04:00,2022-08-10 06:40:00-04:00,13051.25,13057.5,2,SL Yellow,35,,,6.25,250.0,44640.0,57240.0,-12600.0
2022-08-10 19:00:00-04:00,2022-08-11 02:20:00-04:00,13387.5,13465.25,1,TP Green,22,,,77.75,1555.0,46195.0,57240.0,-11045.0
2022-08-11 19:00:00-04:00,2022-08-12 03:40:00-04:00,13327.5,13391.25,1,TP Green,26,,,63.75,1275.0,47470.0,57240.0,-9770.0
2022-08-14 19:00:00-04:00,2022-08-15 03:20:00-04:00,13559.25,13507.0,1,SL Yellow,25,,,-52.25,-1045.0,46425.0,57240.0,-10815.0
2022-08-15 19:00:00-04:00,2022-08-16 05:00:00-04:00,13674.25,13659.0,2,SL Yellow,30,,,-15.25,-610.0,45815.0,57240.0,-11425.0
2022-08-16 19:00:00-04:00,2022-08-17 03:20:00-04:00,13645.25,13616.25,1,SL Yellow,25,,,-29.0,-580.0,45235.0,57240.0,-12005.0
2022-08-17 19:00:00-04:00,2022-08-18 03:40:00-04:00,13457.25,13446.5,2,SL Yellow,26,,,-10.75,-430.0,44805.0,57240.0,-12435.0
2022-08-18 19:00:00-04:00,2022-08-19 03:20:00-04:00,13523.0,13448.25,1,SL Yellow,25,,,-74.75,-1495.0,43310.0,57240.0,-13930.0
2022-08-21 19:00:00-04:00,2022-08-22 03:20:00-04:00,13208.25,13131.0,2,SL Yellow,25,,,-77.25,-3090.0,40220.0,57240.0,-17020.0
2022-08-22 19:00:00-04:00,2022-08-23 03:20:00-04:00,12948.0,12901.25,1,SL Yellow,25,,,-46.75,-935.0,39285.0,57240.0,-17955.0
2022-08-23 19:00:00-04:00,2022-08-24 03:20:00-04:00,12904.75,12849.25,2,SL Yellow,25,,,-55.5,-2220.0,37065.0,57240.0,-20175.0
2022-08-24 19:00:00-04:00,2022-08-25 02:00:00-04:00,12942.25,13064.0,1,TP Green,21,,,121.75,2435.0,39500.0,57240.0,-17740.0
2022-08-25 19:00:00-04:00,2022-08-26 03:40:00-04:00,13152.25,13113.75,1,SL Yellow,26,,,-38.5,-770.0,38730.0,57240.0,-18510.0
2022-08-28 19:00:00-04:00,2022-08-29 04:40:00-04:00,12476.5,12463.0,2,SL Yellow,29,,,-13.5,-540.0,38190.0,57240.0,-19050.0
2022-08-29 19:00:00-04:00,2022-08-30 03:20:00-04:00,12501.5,12593.75,1,TP Green,25,,,92.25,1845.0,40035.0,57240.0,-17205.0
2022-08-30 19:00:00-04:00,2022-08-31 00:20:00-04:00,12362.5,12459.75,1,TP Green,16,,,97.25,1945.0,41980.0,57240.0,-15260.0
2022-08-31 19:00:00-04:00,2022-09-01 08:00:00-04:00,12198.75,12199.25,1,Force Close,39,,,0.5,10.0,41990.0,57240.0,-15250.0
2022-09-01 19:00:00-04:00,2022-09-02 05:20:00-04:00,12286.5,12277.75,1,SL Yellow,31,,,-8.75,-175.0,41815.0,57240.0,-15425.0
2022-09-04 19:00:00-04:00,2022-09-05 03:40:00-04:00,12084.0,12078.75,2,SL Yellow,26,,,-5.25,-210.0,41605.0,57240.0,-15635.0
2022-09-05 19:00:00-04:00,2022-09-06 03:00:00-04:00,12156.0,12221.0,1,TP Green,24,,,65.0,1300.0,42905.0,57240.0,-14335.0
2022-09-06 19:00:00-04:00,2022-09-07 07:20:00-04:00,12009.0,11992.5,1,SL Yellow,37,,,-16.5,-330.0,42575.0,57240.0,-14665.0
2022-09-07 19:00:00-04:00,2022-09-08 00:40:00-04:00,12274.75,12358.25,2,TP Green,17,,,83.5,3340.0,45915.0,57240.0,-11325.0
2022-09-08 19:00:00-04:00,2022-09-09 03:00:00-04:00,12423.75,12509.75,1,TP Green,24,,,86.0,1720.0,47635.0,57240.0,-9605.0
2022-09-11 19:00:00-04:00,2022-09-12 06:00:00-04:00,12704.75,12731.0,1,SL Yellow,33,,,26.25,525.0,48160.0,57240.0,-9080.0
2022-09-12 19:00:00-04:00,2022-09-13 07:00:00-04:00,12848.5,12906.5,1,TP Green,36,,,58.0,1160.0,49320.0,57240.0,-7920.0
2022-09-13 19:00:00-04:00,2022-09-14 04:20:00-04:00,12123.25,12215.25,1,TP Green,28,,,92.0,1840.0,51160.0,57240.0,-6080.0
2022-09-14 19:00:00-04:00,2022-09-15 04:00:00-04:00,12250.0,12215.25,1,SL Yellow,27,,,-34.75,-695.0,50465.0,57240.0,-6775.0
2022-09-15 19:00:00-04:00,2022-09-16 03:20:00-04:00,11910.5,11882.25,2,SL Yellow,25,,,-28.25,-1130.0,49335.0,57240.0,-7905.0
2022-09-18 19:00:00-04:00,2022-09-19 03:20:00-04:00,11931.5,11834.0,1,SL Yellow,25,,,-97.5,-1950.0,47385.0,57240.0,-9855.0
2022-09-19 19:00:00-04:00,2022-09-20 03:20:00-04:00,12054.5,12045.75,2,SL Yellow,25,,,-8.75,-350.0,47035.0,57240.0,-10205.0
2022-09-20 19:00:00-04:00,2022-09-21 05:00:00-04:00,11914.5,11909.75,1,SL Yellow,30,,,-4.75,-95.0,46940.0,57240.0,-10300.0
2022-09-21 19:00:00-04:00,2022-09-22 03:40:00-04:00,11616.25,11713.0,2,TP Green,26,,,96.75,3870.0,50810.0,57240.0,-6430.0
2022-09-22 19:00:00-04:00,2022-09-23 03:20:00-04:00,11575.5,11506.75,1,SL Yellow,25,,,-68.75,-1375.0,49435.0,57240.0,-7805.0
2022-09-26 19:00:00-04:00,2022-09-27 02:00:00-04:00,11342.0,11443.0,2,TP Green,21,,,101.0,4040.0,53475.0,57240.0,-3765.0
2022-09-27 19:00:00-04:00,2022-09-28 04:00:00-04:00,11362.5,11205.0,1,SL Yellow,27,,,-157.5,-3150.0,50325.0,57240.0,-6915.0
2022-09-28 19:00:00-04:00,2022-09-29 03:20:00-04:00,11540.25,11364.25,2,SL Yellow,25,,,-176.0,-7040.0,43285.0,57240.0,-13955.0
2022-09-29 19:00:00-04:00,2022-09-30 03:20:00-04:00,11249.25,11323.75,1,TP Green,25,,,74.5,1490.0,44775.0,57240.0,-12465.0
2022-10-02 19:00:00-04:00,2022-10-03 04:00:00-04:00,11012.5,10963.25,1,SL Yellow,27,,,-49.25,-985.0,43790.0,57240.0,-13450.0
2022-10-03 19:00:00-04:00,2022-10-04 00:20:00-04:00,11321.25,11425.75,2,TP Green,16,,,104.5,4180.0,47970.0,57240.0,-9270.0
2022-10-04 19:00:00-04:00,2022-10-05 03:40:00-04:00,11623.0,11564.75,1,SL Yellow,26,,,-58.25,-1165.0,46805.0,57240.0,-10435.0
2022-10-05 19:00:00-04:00,2022-10-06 03:20:00-04:00,11656.5,11637.0,2,SL Yellow,25,,,-19.5,-780.0,46025.0,57240.0,-11215.0
2022-10-06 19:00:00-04:00,2022-10-07 03:20:00-04:00,11506.5,11503.25,1,SL Yellow,25,,,-3.25,-65.0,45960.0,57240.0,-11280.0
2022-10-09 19:00:00-04:00,2022-10-10 04:00:00-04:00,11028.75,11011.0,2,SL Yellow,27,,,-17.75,-710.0,45250.0,57240.0,-11990.0
2022-10-10 19:00:00-04:00,2022-10-11 03:40:00-04:00,11026.0,10911.0,1,SL Yellow,26,,,-115.0,-2300.0,42950.0,57240.0,-14290.0
2022-10-11 19:00:00-04:00,2022-10-12 02:20:00-04:00,10862.5,10966.0,2,TP Green,22,,,103.5,4140.0,47090.0,57240.0,-10150.0
2022-10-12 19:00:00-04:00,2022-10-13 03:20:00-04:00,10859.25,10833.0,1,SL Yellow,25,,,-26.25,-525.0,46565.0,57240.0,-10675.0
2022-10-13 19:00:00-04:00,2022-10-14 02:20:00-04:00,11080.0,11164.5,2,TP Green,22,,,84.5,3380.0,49945.0,57240.0,-7295.0
2022-10-16 19:00:00-04:00,2022-10-17 03:00:00-04:00,10788.5,10839.0,1,TP Green,24,,,50.5,1010.0,50955.0,57240.0,-6285.0
2022-10-18 19:00:00-04:00,2022-10-19 03:20:00-04:00,11371.75,11223.5,1,SL Yellow,25,,,-148.25,-2965.0,47990.0,57240.0,-9250.0
2022-10-19 19:00:00-04:00,2022-10-20 03:20:00-04:00,11086.0,11042.0,2,SL Yellow,25,,,-44.0,-1760.0,46230.0,57240.0,-11010.0
2022-10-20 19:00:00-04:00,2022-10-21 03:20:00-04:00,11002.75,11062.5,1,TP Green,25,,,59.75,1195.0,47425.0,57240.0,-9815.0
2022-10-23 19:00:00-04:00,2022-10-24 04:00:00-04:00,11483.25,11286.75,1,SL Yellow,27,,,-196.5,-3930.0,43495.0,57240.0,-13745.0
2022-10-24 19:00:00-04:00,2022-10-25 04:40:00-04:00,11484.0,11471.75,2,SL Yellow,29,,,-12.25,-490.0,43005.0,57240.0,-14235.0
2022-10-25 19:00:00-04:00,2022-10-26 04:00:00-04:00,11462.75,11532.0,1,TP Green,27,,,69.25,1385.0,44390.0,57240.0,-12850.0
2022-10-26 19:00:00-04:00,2022-10-28 03:20:00-04:00,11474.25,11082.25,1,SL Yellow,26,,,-392.0,-7840.0,36550.0,57240.0,-20690.0
2022-10-30 19:00:00-04:00,2022-11-01 03:00:00-04:00,11575.5,11538.5,2,SL Yellow,25,,,-37.0,-1480.0,35070.0,57240.0,-22170.0
2022-11-01 19:00:00-04:00,2022-11-02 05:00:00-04:00,11344.5,11357.75,1,SL Yellow,30,,,13.25,265.0,35335.0,57240.0,-21905.0
2022-11-02 19:00:00-04:00,2022-11-03 03:20:00-04:00,10914.5,10932.5,1,SL Yellow,25,,,18.0,360.0,35695.0,57240.0,-21545.0
2022-11-03 19:00:00-04:00,2022-11-04 02:20:00-04:00,10712.0,10811.5,1,TP Green,22,,,99.5,1990.0,37685.0,57240.0,-19555.0
2022-11-06 19:00:00-05:00,2022-11-07 03:20:00-05:00,10826.5,10931.0,1,TP Green,23,,,104.5,2090.0,39775.0,57240.0,-17465.0
2022-11-07 19:00:00-05:00,2022-11-08 04:00:00-05:00,11025.0,11000.75,1,SL Yellow,27,,,-24.25,-485.0,39290.0,57240.0,-17950.0
2022-11-08 19:00:00-05:00,2022-11-09 03:40:00-05:00,11104.25,11106.75,2,SL Yellow,26,,,2.5,100.0,39390.0,57240.0,-17850.0
2022-11-09 19:00:00-05:00,2022-11-10 04:00:00-05:00,10853.75,10854.0,1,SL Yellow,27,,,0.25,5.0,39395.0,57240.0,-17845.0
2022-11-10 19:00:00-05:00,2022-11-11 01:00:00-05:00,11648.5,11719.0,1,TP Green,18,,,70.5,1410.0,40805.0,57240.0,-16435.0
2022-11-13 19:00:00-05:00,2022-11-14 04:00:00-05:00,11802.0,11762.75,1,SL Yellow,27,,,-39.25,-785.0,40020.0,57240.0,-17220.0
2022-11-14 19:00:00-05:00,2022-11-15 02:20:00-05:00,11768.75,11848.75,2,TP Green,22,,,80.0,3200.0,43220.0,57240.0,-14020.0
2022-11-15 19:00:00-05:00,2022-11-16 02:40:00-05:00,11873.25,11956.75,1,TP Green,23,,,83.5,1670.0,44890.0,57240.0,-12350.0
2022-11-16 19:00:00-05:00,2022-11-17 03:40:00-05:00,11784.5,11779.0,1,SL Yellow,26,,,-5.5,-110.0,44780.0,57240.0,-12460.0
2022-11-17 19:00:00-05:00,2022-11-18 05:40:00-05:00,11726.0,11809.5,2,TP Green,32,,,83.5,3340.0,48120.0,57240.0,-9120.0
2022-11-18 19:00:00-05:00,2022-11-21 05:00:00-05:00,11711.0,11624.25,1,SL Yellow,25,,,-86.75,-1735.0,46385.0,57240.0,-10855.0
2022-11-21 19:00:00-05:00,2022-11-22 03:20:00-05:00,11610.5,11544.25,2,SL Yellow,25,,,-66.25,-2650.0,43735.0,57240.0,-13505.0
2022-11-22 19:00:00-05:00,2022-11-23 06:00:00-05:00,11747.25,11752.5,1,SL Yellow,33,,,5.25,105.0,43840.0,57240.0,-13400.0
2022-11-23 19:00:00-05:00,2022-11-24 07:20:00-05:00,11893.75,11908.25,1,SL Yellow,37,,,14.5,290.0,44130.0,57240.0,-13110.0
2022-11-24 19:00:00-05:00,2022-11-25 03:20:00-05:00,11904.75,11893.0,1,SL Yellow,25,,,-11.75,-235.0,43895.0,57240.0,-13345.0
2022-11-27 19:00:00-05:00,2022-11-28 04:00:00-05:00,11718.25,11695.75,2,SL Yellow,27,,,-22.5,-900.0,42995.0,57240.0,-14245.0
2022-11-28 19:00:00-05:00,2022-11-29 03:20:00-05:00,11619.75,11693.75,1,TP Green,25,,,74.0,1480.0,44475.0,57240.0,-12765.0
2022-11-29 19:00:00-05:00,2022-11-30 08:00:00-05:00,11508.5,11575.75,1,TP Green,25,,,67.25,1345.0,45820.0,57240.0,-11420.0
2022-11-30 19:00:00-05:00,2022-12-01 03:20:00-05:00,12070.25,12028.0,1,SL Yellow,25,,,-42.25,-845.0,44975.0,57240.0,-12265.0
2022-12-01 19:00:00-05:00,2022-12-02 08:00:00-05:00,12011.0,12045.25,2,TP Green,39,,,34.25,1370.0,46345.0,57240.0,-10895.0
2022-12-04 19:00:00-05:00,2022-12-05 04:00:00-05:00,11996.0,11973.25,1,SL Yellow,27,,,-22.75,-455.0,45890.0,57240.0,-11350.0
2022-12-05 19:00:00-05:00,2022-12-06 03:20:00-05:00,11827.75,11795.75,2,SL Yellow,25,,,-32.0,-1280.0,44610.0,57240.0,-12630.0
2022-12-06 19:00:00-05:00,2022-12-07 03:20:00-05:00,11584.75,11555.5,1,SL Yellow,25,,,-29.25,-585.0,44025.0,57240.0,-13215.0
2022-12-07 19:00:00-05:00,2022-12-08 07:40:00-05:00,11492.75,11556.25,2,TP Green,38,,,63.5,2540.0,46565.0,57240.0,-10675.0
2022-12-08 19:00:00-05:00,2022-12-09 02:20:00-05:00,11636.25,11711.25,1,TP Green,22,,,75.0,1500.0,48065.0,57240.0,-9175.0
2022-12-12 19:00:00-05:00,2022-12-13 03:20:00-05:00,11830.0,11828.5,1,SL Yellow,25,,,-1.5,-30.0,48035.0,57240.0,-9205.0
2022-12-13 19:00:00-05:00,2022-12-14 04:00:00-05:00,11965.5,11952.5,2,SL Yellow,27,,,-13.0,-520.0,47515.0,57240.0,-9725.0
2022-12-14 19:00:00-05:00,2022-12-15 03:20:00-05:00,11882.25,11734.25,1,SL Yellow,25,,,-148.0,-2960.0,44555.0,57240.0,-12685.0
2022-12-15 19:00:00-05:00,2022-12-16 03:20:00-05:00,11465.75,11344.75,2,SL Yellow,25,,,-121.0,-4840.0,39715.0,57240.0,-17525.0
2022-12-19 19:00:00-05:00,2022-12-20 03:20:00-05:00,11209.75,11088.0,1,SL Yellow,25,,,-121.75,-2435.0,37280.0,57240.0,-19960.0
2022-12-20 19:00:00-05:00,2022-12-21 05:20:00-05:00,11212.75,11227.0,2,SL Yellow,31,,,14.25,570.0,37850.0,57240.0,-19390.0
2022-12-21 19:00:00-05:00,2022-12-26 20:20:00-05:00,11345.0,11163.0,1,SL Yellow,25,,,-182.0,-3640.0,34210.0,57240.0,-23030.0
2022-12-27 19:00:00-05:00,2022-12-28 03:40:00-05:00,10911.25,10930.75,2,SL Yellow,26,,,19.5,780.0,34990.0,57240.0,-22250.0
2022-12-28 19:00:00-05:00,2022-12-29 05:40:00-05:00,10786.75,10846.5,1,TP Green,32,,,59.75,1195.0,36185.0,57240.0,-21055.0
2022-12-29 19:00:00-05:00,2022-12-30 03:40:00-05:00,11016.75,10950.5,1,SL Yellow,26,,,-66.25,-1325.0,34860.0,57240.0,-22380.0
2023-01-02 19:00:00-05:00,2023-01-03 03:00:00-05:00,11020.75,11070.25,2,TP Green,24,,,49.5,1980.0,36840.0,57240.0,-20400.0
2023-01-03 19:00:00-05:00,2023-01-04 03:20:00-05:00,10950.0,11038.25,1,TP Green,25,,,88.25,1765.0,38605.0,57240.0,-18635.0
2023-01-04 19:00:00-05:00,2023-01-05 03:20:00-05:00,10995.25,10937.5,1,SL Yellow,25,,,-57.75,-1155.0,37450.0,57240.0,-19790.0
2023-01-05 19:00:00-05:00,2023-01-06 03:40:00-05:00,10842.75,10826.0,2,SL Yellow,26,,,-16.75,-670.0,36780.0,57240.0,-20460.0
2023-01-08 19:00:00-05:00,2023-01-09 03:20:00-05:00,11125.25,11131.75,1,SL Yellow,25,,,6.5,130.0,36910.0,57240.0,-20330.0
2023-01-09 19:00:00-05:00,2023-01-10 06:00:00-05:00,11155.25,11173.0,1,SL Yellow,33,,,17.75,355.0,37265.0,57240.0,-19975.0
2023-01-10 19:00:00-05:00,2023-01-11 03:20:00-05:00,11296.5,11252.25,1,SL Yellow,25,,,-44.25,-885.0,36380.0,57240.0,-20860.0
2023-01-11 19:00:00-05:00,2023-01-12 03:20:00-05:00,11470.0,11457.25,2,SL Yellow,25,,,-12.75,-510.0,35870.0,57240.0,-21370.0
2023-01-12 19:00:00-05:00,2023-01-13 06:20:00-05:00,11533.25,11471.25,1,SL Yellow,34,,,-62.0,-1240.0,34630.0,57240.0,-22610.0
2023-01-15 19:00:00-05:00,2023-01-16 03:20:00-05:00,11590.5,11562.25,2,SL Yellow,25,,,-28.25,-1130.0,33500.0,57240.0,-23740.0
2023-01-16 19:00:00-05:00,2023-01-17 03:20:00-05:00,11593.5,11551.75,1,SL Yellow,25,,,-41.75,-835.0,32665.0,57240.0,-24575.0
2023-01-17 19:00:00-05:00,2023-01-17 21:40:00-05:00,11590.0,11643.5,2,TP Green,8,,,53.5,2140.0,34805.0,57240.0,-22435.0
2023-01-18 19:00:00-05:00,2023-01-19 03:40:00-05:00,11473.0,11445.75,1,SL Yellow,26,,,-27.25,-545.0,34260.0,57240.0,-22980.0
2023-01-19 19:00:00-05:00,2023-01-20 03:20:00-05:00,11396.5,11397.25,2,SL Yellow,25,,,0.75,30.0,34290.0,57240.0,-22950.0
2023-01-22 19:00:00-05:00,2023-01-23 03:20:00-05:00,11657.25,11667.75,1,SL Yellow,25,,,10.5,210.0,34500.0,57240.0,-22740.0
2023-01-23 19:00:00-05:00,2023-01-24 03:20:00-05:00,11918.25,11911.5,1,SL Yellow,25,,,-6.75,-135.0,34365.0,57240.0,-22875.0
2023-01-24 19:00:00-05:00,2023-01-25 04:00:00-05:00,11843.25,11815.75,2,SL Yellow,27,,,-27.5,-1100.0,33265.0,57240.0,-23975.0
2023-01-25 19:00:00-05:00,2023-01-26 04:20:00-05:00,11920.25,11920.75,1,SL Yellow,28,,,0.5,10.0,33275.0,57240.0,-23965.0
2023-01-26 19:00:00-05:00,2023-01-27 07:20:00-05:00,12049.75,12037.75,1,SL Yellow,37,,,-12.0,-240.0,33035.0,57240.0,-24205.0
2023-01-30 19:00:00-05:00,2023-01-31 03:20:00-05:00,11985.0,11940.25,2,SL Yellow,25,,,-44.75,-1790.0,31245.0,57240.0,-25995.0
2023-01-31 19:00:00-05:00,2023-02-01 05:00:00-05:00,12095.75,12109.75,1,SL Yellow,30,,,14.0,280.0,31525.0,57240.0,-25715.0
2023-02-01 19:00:00-05:00,2023-02-02 03:40:00-05:00,12519.0,12601.0,1,TP Green,26,,,82.0,1640.0,33165.0,57240.0,-24075.0
2023-02-02 19:00:00-05:00,2023-02-03 08:00:00-05:00,12678.75,12754.5,1,TP Green,39,,,75.75,1515.0,34680.0,57240.0,-22560.0
2023-02-05 19:00:00-05:00,2023-02-06 03:20:00-05:00,12574.5,12546.75,1,SL Yellow,25,,,-27.75,-555.0,34125.0,57240.0,-23115.0
2023-02-06 19:00:00-05:00,2023-02-07 05:40:00-05:00,12543.5,12534.0,2,SL Yellow,32,,,-9.5,-380.0,33745.0,57240.0,-23495.0
2023-02-07 19:00:00-05:00,2023-02-08 03:20:00-05:00,12748.25,12724.0,1,SL Yellow,25,,,-24.25,-485.0,33260.0,57240.0,-23980.0
2023-02-08 19:00:00-05:00,2023-02-09 03:20:00-05:00,12574.5,12665.75,2,TP Green,25,,,91.25,3650.0,36910.0,57240.0,-20330.0
2023-02-09 19:00:00-05:00,2023-02-10 04:00:00-05:00,12423.5,12392.5,1,SL Yellow,27,,,-31.0,-620.0,36290.0,57240.0,-20950.0
2023-02-13 19:00:00-05:00,2023-02-14 03:20:00-05:00,12531.5,12529.5,2,SL Yellow,25,,,-2.0,-80.0,36210.0,57240.0,-21030.0
2023-02-14 19:00:00-05:00,2023-02-15 08:00:00-05:00,12595.5,12574.75,1,SL Yellow,39,,,-20.75,-415.0,35795.0,57240.0,-21445.0
2023-02-15 19:00:00-05:00,2023-02-16 03:20:00-05:00,12759.0,12750.75,2,SL Yellow,25,,,-8.25,-330.0,35465.0,57240.0,-21775.0
2023-02-16 19:00:00-05:00,2023-02-17 03:20:00-05:00,12430.0,12341.75,1,SL Yellow,25,,,-88.25,-1765.0,33700.0,57240.0,-23540.0
2023-02-21 19:00:00-05:00,2023-02-22 03:20:00-05:00,12113.5,12098.5,2,SL Yellow,25,,,-15.0,-600.0,33100.0,57240.0,-24140.0
2023-02-22 19:00:00-05:00,2023-02-23 04:20:00-05:00,12173.5,12178.0,1,SL Yellow,28,,,4.5,90.0,33190.0,57240.0,-24050.0
2023-02-23 19:00:00-05:00,2023-02-24 03:40:00-05:00,12181.25,12136.0,1,SL Yellow,26,,,-45.25,-905.0,32285.0,57240.0,-24955.0
2023-02-26 19:00:00-05:00,2023-02-27 07:00:00-05:00,12013.5,12074.25,2,TP Green,36,,,60.75,2430.0,34715.0,57240.0,-22525.0
2023-02-27 19:00:00-05:00,2023-02-28 04:00:00-05:00,12101.75,12056.5,1,SL Yellow,27,,,-45.25,-905.0,33810.0,57240.0,-23430.0
2023-02-28 19:00:00-05:00,2023-03-01 01:00:00-05:00,12002.75,12085.0,2,TP Green,18,,,82.25,3290.0,37100.0,57240.0,-20140.0
2023-03-01 19:00:00-05:00,2023-03-02 04:00:00-05:00,11983.0,11874.0,1,SL Yellow,27,,,-109.0,-2180.0,34920.0,57240.0,-22320.0
2023-03-02 19:00:00-05:00,2023-03-03 06:00:00-05:00,12043.25,12107.0,2,TP Green,33,,,63.75,2550.0,37470.0,57240.0,-19770.0
2023-03-06 19:00:00-05:00,2023-03-07 08:00:00-05:00,12329.25,12352.0,1,Force Close,39,,,22.75,455.0,37925.0,57240.0,-19315.0
2023-03-07 19:00:00-05:00,2023-03-08 07:20:00-05:00,12162.25,12155.5,1,SL Yellow,37,,,-6.75,-135.0,37790.0,57240.0,-19450.0
2023-03-08 19:00:00-05:00,2023-03-09 03:40:00-05:00,12219.0,12178.75,2,SL Yellow,26,,,-40.25,-1610.0,36180.0,57240.0,-21060.0
2023-03-09 19:00:00-05:00,2023-03-10 08:00:00-05:00,11985.0,12004.75,1,Force Close,39,,,19.75,395.0,36575.0,57240.0,-20665.0
2023-03-13 19:00:00-04:00,2023-03-14 08:00:00-04:00,12092.5,12142.75,1,Force Close,39,,,50.25,1005.0,37580.0,57240.0,-19660.0
2023-03-14 19:00:00-04:00,2023-03-15 04:40:00-04:00,12329.5,12329.5,1,SL Yellow,29,,,0.0,0.0,37580.0,57240.0,-19660.0
2023-03-15 19:00:00-04:00,2023-03-16 05:00:00-04:00,12420.5,12404.25,1,SL Yellow,30,,,-16.25,-325.0,37255.0,57240.0,-19985.0
2023-03-16 19:00:00-04:00,2023-03-17 04:40:00-04:00,12728.25,12723.75,2,SL Yellow,29,,,-4.5,-180.0,37075.0,57240.0,-20165.0
2023-03-19 19:00:00-04:00,2023-03-20 03:20:00-04:00,12693.25,12557.0,1,SL Yellow,25,,,-136.25,-2725.0,34350.0,57240.0,-22890.0
2023-03-20 19:00:00-04:00,2023-03-21 05:20:00-04:00,12688.25,12704.75,2,SL Yellow,31,,,16.5,660.0,35010.0,57240.0,-22230.0
2023-03-21 19:00:00-04:00,2023-03-22 03:20:00-04:00,12867.5,12853.5,1,SL Yellow,25,,,-14.0,-280.0,34730.0,57240.0,-22510.0
2023-03-22 19:00:00-04:00,2023-03-23 02:40:00-04:00,12723.5,12794.25,2,TP Green,23,,,70.75,2830.0,37560.0,57240.0,-19680.0
2023-03-23 19:00:00-04:00,2023-03-24 04:00:00-04:00,12857.0,12863.75,1,SL Yellow,27,,,6.75,135.0,37695.0,57240.0,-19545.0
2023-03-26 19:00:00-04:00,2023-03-27 03:20:00-04:00,12937.25,12870.0,1,SL Yellow,25,,,-67.25,-1345.0,36350.0,57240.0,-20890.0
2023-03-27 19:00:00-04:00,2023-03-28 03:20:00-04:00,12815.5,12795.5,2,SL Yellow,25,,,-20.0,-800.0,35550.0,57240.0,-21690.0
2023-03-28 19:00:00-04:00,2023-03-29 02:20:00-04:00,12746.0,12813.0,1,TP Green,22,,,67.0,1340.0,36890.0,57240.0,-20350.0
2023-03-29 19:00:00-04:00,2023-03-30 06:00:00-04:00,12957.25,13013.25,1,TP Green,33,,,56.0,1120.0,38010.0,57240.0,-19230.0
2023-03-30 19:00:00-04:00,2023-03-31 03:40:00-04:00,13090.0,13092.75,1,SL Yellow,26,,,2.75,55.0,38065.0,57240.0,-19175.0
2023-04-02 19:00:00-04:00,2023-04-03 04:00:00-04:00,13258.5,13220.25,1,SL Yellow,27,,,-38.25,-765.0,37300.0,57240.0,-19940.0
2023-04-03 19:00:00-04:00,2023-04-04 05:40:00-04:00,13253.25,13345.75,2,TP Green,32,,,92.5,3700.0,41000.0,57240.0,-16240.0
2023-04-04 19:00:00-04:00,2023-04-05 03:20:00-04:00,13233.5,13216.0,1,SL Yellow,25,,,-17.5,-350.0,40650.0,57240.0,-16590.0
2023-04-05 19:00:00-04:00,2023-04-06 04:20:00-04:00,13063.5,13056.0,2,SL Yellow,28,,,-7.5,-300.0,40350.0,57240.0,-16890.0
2023-04-06 19:00:00-04:00,2023-04-07 03:20:00-04:00,13155.5,13158.25,1,SL Yellow,25,,,2.75,55.0,40405.0,57240.0,-16835.0
2023-04-09 19:00:00-04:00,2023-04-10 03:20:00-04:00,13153.25,13122.25,1,SL Yellow,25,,,-31.0,-620.0,39785.0,57240.0,-17455.0
2023-04-10 19:00:00-04:00,2023-04-11 06:20:00-04:00,13170.75,13186.25,2,SL Yellow,34,,,15.5,620.0,40405.0,57240.0,-16835.0
2023-04-11 19:00:00-04:00,2023-04-12 03:20:00-04:00,13086.5,13042.75,1,SL Yellow,25,,,-43.75,-875.0,39530.0,57240.0,-17710.0
2023-04-12 19:00:00-04:00,2023-04-13 04:00:00-04:00,12940.5,12974.25,2,SL Yellow,27,,,33.75,1350.0,40880.0,57240.0,-16360.0
2023-04-13 19:00:00-04:00,2023-04-14 04:00:00-04:00,13195.5,13189.5,1,SL Yellow,27,,,-6.0,-120.0,40760.0,57240.0,-16480.0
2023-04-16 19:00:00-04:00,2023-04-17 04:20:00-04:00,13178.5,13186.75,2,SL Yellow,28,,,8.25,330.0,41090.0,57240.0,-16150.0
2023-04-17 19:00:00-04:00,2023-04-18 04:40:00-04:00,13181.75,13243.0,1,TP Green,29,,,61.25,1225.0,42315.0,57240.0,-14925.0
2023-04-18 19:00:00-04:00,2023-04-19 03:20:00-04:00,13179.0,13121.5,1,SL Yellow,25,,,-57.5,-1150.0,41165.0,57240.0,-16075.0
2023-04-19 19:00:00-04:00,2023-04-20 03:20:00-04:00,13137.5,13077.25,2,SL Yellow,25,,,-60.25,-2410.0,38755.0,57240.0,-18485.0
2023-04-20 19:00:00-04:00,2023-04-21 03:20:00-04:00,13088.5,13048.0,1,SL Yellow,25,,,-40.5,-810.0,37945.0,57240.0,-19295.0
2023-04-23 19:00:00-04:00,2023-04-24 04:20:00-04:00,13072.75,13034.5,2,SL Yellow,28,,,-38.25,-1530.0,36415.0,57240.0,-20825.0
2023-04-24 19:00:00-04:00,2023-04-25 03:20:00-04:00,13045.25,12985.5,1,SL Yellow,25,,,-59.75,-1195.0,35220.0,57240.0,-22020.0
2023-04-25 19:00:00-04:00,2023-04-26 03:40:00-04:00,12958.0,12963.0,2,SL Yellow,26,,,5.0,200.0,35420.0,57240.0,-21820.0
2023-04-26 19:00:00-04:00,2023-04-27 04:20:00-04:00,12950.0,12990.5,1,SL Yellow,28,,,40.5,810.0,36230.0,57240.0,-21010.0
2023-04-27 19:00:00-04:00,2023-04-28 03:20:00-04:00,13207.25,13189.0,1,SL Yellow,25,,,-18.25,-365.0,35865.0,57240.0,-21375.0
2023-04-30 19:00:00-04:00,2023-05-01 04:00:00-04:00,13319.0,13304.0,2,SL Yellow,27,,,-15.0,-600.0,35265.0,57240.0,-21975.0
2023-05-01 19:00:00-04:00,2023-05-02 03:20:00-04:00,13292.0,13307.0,1,SL Yellow,25,,,15.0,300.0,35565.0,57240.0,-21675.0
2023-05-02 19:00:00-04:00,2023-05-03 03:40:00-04:00,13170.5,13188.75,1,SL Yellow,26,,,18.25,365.0,35930.0,57240.0,-21310.0
2023-05-03 19:00:00-04:00,2023-05-04 04:00:00-04:00,13094.25,13138.25,1,SL Yellow,27,,,44.0,880.0,36810.0,57240.0,-20430.0
2023-05-04 19:00:00-04:00,2023-05-05 07:20:00-04:00,13081.0,13132.75,1,TP Green,37,,,51.75,1035.0,37845.0,57240.0,-19395.0
2023-05-07 19:00:00-04:00,2023-05-08 04:00:00-04:00,13322.75,13302.0,1,SL Yellow,27,,,-20.75,-415.0,37430.0,57240.0,-19810.0
2023-05-08 19:00:00-04:00,2023-05-09 03:20:00-04:00,13333.25,13320.5,2,SL Yellow,25,,,-12.75,-510.0,36920.0,57240.0,-20320.0
2023-05-09 19:00:00-04:00,2023-05-10 03:20:00-04:00,13269.5,13253.25,1,SL Yellow,25,,,-16.25,-325.0,36595.0,57240.0,-20645.0
2023-05-10 19:00:00-04:00,2023-05-11 06:40:00-04:00,13406.5,13436.75,2,SL Yellow,35,,,30.25,1210.0,37805.0,57240.0,-19435.0
2023-05-11 19:00:00-04:00,2023-05-12 03:40:00-04:00,13461.5,13470.75,1,SL Yellow,26,,,9.25,185.0,37990.0,57240.0,-19250.0
2023-05-14 19:00:00-04:00,2023-05-15 02:40:00-04:00,13363.25,13431.5,1,TP Green,23,,,68.25,1365.0,39355.0,57240.0,-17885.0
2023-05-15 19:00:00-04:00,2023-05-16 05:20:00-04:00,13461.25,13470.5,1,SL Yellow,31,,,9.25,185.0,39540.0,57240.0,-17700.0
2023-05-16 19:00:00-04:00,2023-05-17 03:20:00-04:00,13499.25,13482.25,1,SL Yellow,25,,,-17.0,-340.0,39200.0,57240.0,-18040.0
2023-05-17 19:00:00-04:00,2023-05-18 08:00:00-04:00,13637.5,13669.0,2,Force Close,39,,,31.5,1260.0,40460.0,57240.0,-16780.0
2023-05-18 19:00:00-04:00,2023-05-19 03:20:00-04:00,13937.25,13899.75,1,SL Yellow,25,,,-37.5,-750.0,39710.0,57240.0,-17530.0
2023-05-21 19:00:00-04:00,2023-05-22 04:00:00-04:00,13845.0,13860.5,2,SL Yellow,27,,,15.5,620.0,40330.0,57240.0,-16910.0
2023-05-22 19:00:00-04:00,2023-05-23 03:20:00-04:00,13933.5,13901.5,1,SL Yellow,25,,,-32.0,-640.0,39690.0,57240.0,-17550.0
2023-05-23 19:00:00-04:00,2023-05-24 03:20:00-04:00,13745.0,13705.25,2,SL Yellow,25,,,-39.75,-1590.0,38100.0,57240.0,-19140.0
2023-05-24 19:00:00-04:00,2023-05-25 03:20:00-04:00,13843.0,13843.25,1,SL Yellow,25,,,0.25,5.0,38105.0,57240.0,-19135.0
2023-05-25 19:00:00-04:00,2023-05-26 03:20:00-04:00,13966.25,13953.25,1,SL Yellow,25,,,-13.0,-260.0,37845.0,57240.0,-19395.0
2023-05-30 19:00:00-04:00,2023-05-31 03:40:00-04:00,14420.75,14360.25,2,SL Yellow,26,,,-60.5,-2420.0,35425.0,57240.0,-21815.0
2023-05-31 19:00:00-04:00,2023-06-01 04:00:00-04:00,14296.75,14292.25,1,SL Yellow,27,,,-4.5,-90.0,35335.0,57240.0,-21905.0
2023-06-01 19:00:00-04:00,2023-06-02 05:00:00-04:00,14488.0,14562.0,2,TP Green,30,,,74.0,2960.0,38295.0,57240.0,-18945.0
2023-06-04 19:00:00-04:00,2023-06-05 04:00:00-04:00,14537.5,14544.5,1,SL Yellow,27,,,7.0,140.0,38435.0,57240.0,-18805.0
2023-06-05 19:00:00-04:00,2023-06-06 05:00:00-04:00,14573.0,14577.75,1,SL Yellow,30,,,4.75,95.0,38530.0,57240.0,-18710.0
2023-06-06 19:00:00-04:00,2023-06-07 03:20:00-04:00,14587.5,14554.25,1,SL Yellow,25,,,-33.25,-665.0,37865.0,57240.0,-19375.0
2023-06-07 19:00:00-04:00,2023-06-08 03:40:00-04:00,14319.75,14294.5,2,SL Yellow,26,,,-25.25,-1010.0,36855.0,57240.0,-20385.0
2023-06-08 19:00:00-04:00,2023-06-09 03:20:00-04:00,14505.0,14473.25,1,SL Yellow,25,,,-31.75,-635.0,36220.0,57240.0,-21020.0
2023-06-11 19:00:00-04:00,2023-06-12 00:00:00-04:00,14599.25,14755.75,2,TP Green,15,,,156.5,6260.0,42480.0,57240.0,-14760.0
2023-06-12 19:00:00-04:00,2023-06-13 05:20:00-04:00,15021.0,15053.25,1,SL Yellow,31,,,32.25,645.0,43125.0,57240.0,-14115.0
2023-06-13 19:00:00-04:00,2023-06-14 06:00:00-04:00,15109.0,15121.0,1,SL Yellow,33,,,12.0,240.0,43365.0,57240.0,-13875.0
2023-06-14 19:00:00-04:00,2023-06-15 04:00:00-04:00,15217.5,15176.25,1,SL Yellow,27,,,-41.25,-825.0,42540.0,57240.0,-14700.0
2023-06-15 19:00:00-04:00,2023-06-16 03:20:00-04:00,15358.75,15348.75,2,SL Yellow,25,,,-10.0,-400.0,42140.0,57240.0,-15100.0
2023-06-19 19:00:00-04:00,2023-06-20 04:00:00-04:00,15238.25,15211.25,1,SL Yellow,27,,,-27.0,-540.0,41600.0,57240.0,-15640.0
2023-06-20 19:00:00-04:00,2023-06-21 03:20:00-04:00,15246.0,15230.5,2,SL Yellow,25,,,-15.5,-620.0,40980.0,57240.0,-16260.0
2023-06-21 19:00:00-04:00,2023-06-22 03:20:00-04:00,15042.5,14998.25,1,SL Yellow,25,,,-44.25,-885.0,40095.0,57240.0,-17145.0
2023-06-22 19:00:00-04:00,2023-06-23 03:20:00-04:00,15226.5,15136.25,2,SL Yellow,25,,,-90.25,-3610.0,36485.0,57240.0,-20755.0
2023-06-25 19:00:00-04:00,2023-06-26 03:20:00-04:00,15098.0,15015.5,1,SL Yellow,25,,,-82.5,-1650.0,34835.0,57240.0,-22405.0
2023-06-26 19:00:00-04:00,2023-06-27 07:40:00-04:00,14891.25,14903.5,2,SL Yellow,38,,,12.25,490.0,35325.0,57240.0,-21915.0
2023-06-27 19:00:00-04:00,2023-06-28 04:20:00-04:00,15047.0,15030.25,1,SL Yellow,28,,,-16.75,-335.0,34990.0,57240.0,-22250.0
2023-06-28 19:00:00-04:00,2023-06-29 03:20:00-04:00,15179.0,15117.75,2,SL Yellow,25,,,-61.25,-2450.0,32540.0,57240.0,-24700.0
2023-06-29 19:00:00-04:00,2023-06-30 05:00:00-04:00,15109.75,15164.75,1,TP Green,30,,,55.0,1100.0,33640.0,57240.0,-23600.0
2023-07-02 19:00:00-04:00,2023-07-03 06:00:00-04:00,15347.0,15365.75,1,SL Yellow,33,,,18.75,375.0,34015.0,57240.0,-23225.0
2023-07-03 19:00:00-04:00,2023-07-04 04:40:00-04:00,15342.0,15344.0,1,SL Yellow,29,,,2.0,40.0,34055.0,57240.0,-23185.0
2023-07-04 19:00:00-04:00,2023-07-05 03:20:00-04:00,15338.75,15303.25,1,SL Yellow,25,,,-35.5,-710.0,33345.0,57240.0,-23895.0
2023-07-05 19:00:00-04:00,2023-07-06 03:40:00-04:00,15358.25,15278.0,2,SL Yellow,26,,,-80.25,-3210.0,30135.0,57240.0,-27105.0
2023-07-06 19:00:00-04:00,2023-07-07 03:20:00-04:00,15230.75,15198.0,1,SL Yellow,25,,,-32.75,-655.0,29480.0,57240.0,-27760.0
2023-07-09 19:00:00-04:00,2023-07-10 04:20:00-04:00,15189.5,15124.25,2,SL Yellow,28,,,-65.25,-2610.0,26870.0,57240.0,-30370.0
2023-07-10 19:00:00-04:00,2023-07-11 03:40:00-04:00,15181.75,15203.0,1,SL Yellow,26,,,21.25,425.0,27295.0,57240.0,-29945.0
2023-07-11 19:00:00-04:00,2023-07-12 08:00:00-04:00,15274.75,15314.75,1,Force Close,39,,,40.0,800.0,28095.0,57240.0,-29145.0
2023-07-12 19:00:00-04:00,2023-07-13 04:20:00-04:00,15469.75,15536.25,1,TP Green,28,,,66.5,1330.0,29425.0,57240.0,-27815.0
2023-07-13 19:00:00-04:00,2023-07-14 03:20:00-04:00,15716.0,15708.5,1,SL Yellow,25,,,-7.5,-150.0,29275.0,57240.0,-27965.0
2023-07-16 19:00:00-04:00,2023-07-17 05:20:00-04:00,15670.0,15706.25,2,SL Yellow,31,,,36.25,1450.0,30725.0,57240.0,-26515.0
2023-07-17 19:00:00-04:00,2023-07-18 06:20:00-04:00,15819.25,15818.0,1,SL Yellow,34,,,-1.25,-25.0,30700.0,57240.0,-26540.0
2023-07-18 19:00:00-04:00,2023-07-19 08:00:00-04:00,15966.25,16003.75,2,Force Close,39,,,37.5,1500.0,32200.0,57240.0,-25040.0
2023-07-19 19:00:00-04:00,2023-07-20 03:20:00-04:00,15850.25,15850.5,1,SL Yellow,25,,,0.25,5.0,32205.0,57240.0,-25035.0
2023-07-20 19:00:00-04:00,2023-07-21 04:20:00-04:00,15587.75,15658.5,1,TP Green,28,,,70.75,1415.0,33620.0,57240.0,-23620.0
2023-07-23 19:00:00-04:00,2023-07-24 08:00:00-04:00,15550.0,15569.75,1,SL Yellow,39,,,19.75,395.0,34015.0,57240.0,-23225.0
2023-07-24 19:00:00-04:00,2023-07-25 04:40:00-04:00,15563.0,15621.25,1,TP Green,29,,,58.25,1165.0,35180.0,57240.0,-22060.0
2023-07-25 19:00:00-04:00,2023-07-26 04:20:00-04:00,15630.5,15654.5,1,SL Yellow,28,,,24.0,480.0,35660.0,57240.0,-21580.0
2023-07-26 19:00:00-04:00,2023-07-27 02:00:00-04:00,15648.75,15717.5,1,TP Green,21,,,68.75,1375.0,37035.0,57240.0,-20205.0
2023-07-27 19:00:00-04:00,2023-07-28 03:00:00-04:00,15586.25,15682.0,1,TP Green,24,,,95.75,1915.0,38950.0,57240.0,-18290.0
2023-07-30 19:00:00-04:00,2023-07-31 03:20:00-04:00,15896.5,15822.0,1,SL Yellow,25,,,-74.5,-1490.0,37460.0,57240.0,-19780.0
2023-07-31 19:00:00-04:00,2023-08-01 03:40:00-04:00,15856.25,15825.75,2,SL Yellow,26,,,-30.5,-1220.0,36240.0,57240.0,-21000.0
2023-08-01 19:00:00-04:00,2023-08-02 03:40:00-04:00,15750.25,15632.5,1,SL Yellow,26,,,-117.75,-2355.0,33885.0,57240.0,-23355.0
2023-08-02 19:00:00-04:00,2023-08-03 03:20:00-04:00,15492.0,15345.0,2,SL Yellow,25,,,-147.0,-5880.0,28005.0,57240.0,-29235.0
2023-08-03 19:00:00-04:00,2023-08-04 03:20:00-04:00,15484.75,15502.5,1,SL Yellow,25,,,17.75,355.0,28360.0,57240.0,-28880.0
2023-08-06 19:00:00-04:00,2023-08-07 04:20:00-04:00,15395.5,15427.5,1,SL Yellow,28,,,32.0,640.0,29000.0,57240.0,-28240.0
2023-08-07 19:00:00-04:00,2023-08-08 04:00:00-04:00,15484.0,15426.75,1,SL Yellow,27,,,-57.25,-1145.0,27855.0,57240.0,-29385.0
2023-08-08 19:00:00-04:00,2023-08-09 03:00:00-04:00,15351.5,15394.75,2,TP Green,24,,,43.25,1730.0,29585.0,57240.0,-27655.0
2023-08-09 19:00:00-04:00,2023-08-10 03:00:00-04:00,15207.5,15284.25,1,TP Green,24,,,76.75,1535.0,31120.0,57240.0,-26120.0
2023-08-10 19:00:00-04:00,2023-08-11 03:20:00-04:00,15232.0,15228.5,1,SL Yellow,25,,,-3.5,-70.0,31050.0,57240.0,-26190.0
2023-08-13 19:00:00-04:00,2023-08-14 04:00:00-04:00,15143.0,15154.25,2,SL Yellow,27,,,11.25,450.0,31500.0,57240.0,-25740.0
2023-08-14 19:00:00-04:00,2023-08-15 03:20:00-04:00,15301.5,15214.75,1,SL Yellow,25,,,-86.75,-1735.0,29765.0,57240.0,-27475.0
2023-08-15 19:00:00-04:00,2023-08-16 05:00:00-04:00,15118.75,15126.75,2,SL Yellow,30,,,8.0,320.0,30085.0,57240.0,-27155.0
2023-08-16 19:00:00-04:00,2023-08-17 08:00:00-04:00,14941.5,14988.75,1,Force Close,39,,,47.25,945.0,31030.0,57240.0,-26210.0
2023-08-17 19:00:00-04:00,2023-08-18 03:20:00-04:00,14749.75,14737.5,1,SL Yellow,25,,,-12.25,-245.0,30785.0,57240.0,-26455.0
2023-08-20 19:00:00-04:00,2023-08-21 04:40:00-04:00,14761.25,14830.0,2,TP Green,29,,,68.75,2750.0,33535.0,57240.0,-23705.0
2023-08-21 19:00:00-04:00,2023-08-22 03:20:00-04:00,14968.0,15042.0,1,TP Green,25,,,74.0,1480.0,35015.0,57240.0,-22225.0
2023-08-22 19:00:00-04:00,2023-08-23 03:00:00-04:00,14968.75,15046.75,1,TP Green,24,,,78.0,1560.0,36575.0,57240.0,-20665.0
2023-08-23 19:00:00-04:00,2023-08-24 03:00:00-04:00,15329.5,15376.75,1,TP Green,24,,,47.25,945.0,37520.0,57240.0,-19720.0
2023-08-24 19:00:00-04:00,2023-08-27 14:20:00-04:00,14846.0,14972.25,1,TP Green,16,,,126.25,2525.0,40045.0,57240.0,-17195.0
2023-08-27 19:00:00-04:00,2023-08-28 05:00:00-04:00,15013.25,14998.75,1,SL Yellow,30,,,-14.5,-290.0,39755.0,57240.0,-17485.0
2023-08-28 19:00:00-04:00,2023-08-29 03:40:00-04:00,15097.25,15086.25,2,SL Yellow,26,,,-11.0,-440.0,39315.0,57240.0,-17925.0
2023-08-29 19:00:00-04:00,2023-08-30 03:20:00-04:00,15434.5,15388.75,1,SL Yellow,25,,,-45.75,-915.0,38400.0,57240.0,-18840.0
2023-08-30 19:00:00-04:00,2023-08-31 05:00:00-04:00,15507.5,15477.25,2,SL Yellow,30,,,-30.25,-1210.0,37190.0,57240.0,-20050.0
2023-08-31 19:00:00-04:00,2023-09-01 08:00:00-04:00,15531.0,15569.75,1,Force Close,39,,,38.75,775.0,37965.0,57240.0,-19275.0
2023-09-03 19:00:00-04:00,2023-09-05 03:20:00-04:00,15508.75,15466.25,1,SL Yellow,26,,,-42.5,-850.0,37115.0,57240.0,-20125.0
2023-09-05 19:00:00-04:00,2023-09-06 03:40:00-04:00,15520.25,15467.0,2,SL Yellow,26,,,-53.25,-2130.0,34985.0,57240.0,-22255.0
2023-09-06 19:00:00-04:00,2023-09-07 03:20:00-04:00,15390.25,15316.5,1,SL Yellow,25,,,-73.75,-1475.0,33510.0,57240.0,-23730.0
2023-09-07 19:00:00-04:00,2023-09-08 03:20:00-04:00,15278.75,15303.0,2,SL Yellow,25,,,24.25,970.0,34480.0,57240.0,-22760.0
2023-09-10 19:00:00-04:00,2023-09-11 00:00:00-04:00,15316.25,15526.0,1,TP Green,15,,,209.75,4195.0,38675.0,57240.0,-18565.0
2023-09-11 19:00:00-04:00,2023-09-12 03:20:00-04:00,15659.5,15643.5,1,SL Yellow,25,,,-16.0,-320.0,38355.0,57240.0,-18885.0
2023-09-12 19:00:00-04:00,2023-09-13 04:40:00-04:00,15502.0,15483.0,2,SL Yellow,29,,,-19.0,-760.0,37595.0,57240.0,-19645.0
2023-09-13 19:00:00-04:00,2023-09-14 03:40:00-04:00,15577.0,15601.75,1,SL Yellow,26,,,24.75,495.0,38090.0,57240.0,-19150.0
2023-09-14 19:00:00-04:00,2023-09-15 03:20:00-04:00,15683.0,15676.5,1,SL Yellow,25,,,-6.5,-130.0,37960.0,57240.0,-19280.0
2023-09-17 19:00:00-04:00,2023-09-18 07:00:00-04:00,15401.5,15391.0,2,SL Yellow,36,,,-10.5,-420.0,37540.0,57240.0,-19700.0
2023-09-18 19:00:00-04:00,2023-09-19 08:00:00-04:00,15425.25,15407.5,1,SL Yellow,39,,,-17.75,-355.0,37185.0,57240.0,-20055.0
2023-09-19 19:00:00-04:00,2023-09-20 08:00:00-04:00,15379.25,15409.25,2,Force Close,39,,,30.0,1200.0,38385.0,57240.0,-18855.0
2023-09-20 19:00:00-04:00,2023-09-21 03:20:00-04:00,15123.5,15089.75,1,SL Yellow,25,,,-33.75,-675.0,37710.0,57240.0,-19530.0
2023-09-21 19:00:00-04:00,2023-09-22 05:20:00-04:00,14860.5,14926.75,2,TP Green,31,,,66.25,2650.0,40360.0,57240.0,-16880.0
2023-09-24 19:00:00-04:00,2023-09-25 04:00:00-04:00,14897.5,14900.5,1,SL Yellow,27,,,3.0,60.0,40420.0,57240.0,-16820.0
2023-09-25 19:00:00-04:00,2023-09-26 04:20:00-04:00,14938.75,14862.5,1,SL Yellow,28,,,-76.25,-1525.0,38895.0,57240.0,-18345.0
2023-09-26 19:00:00-04:00,2023-09-27 05:20:00-04:00,14733.5,14766.75,2,SL Yellow,31,,,33.25,1330.0,40225.0,57240.0,-17015.0
2023-09-27 19:00:00-04:00,2023-09-28 03:40:00-04:00,14765.75,14735.5,1,SL Yellow,26,,,-30.25,-605.0,39620.0,57240.0,-17620.0
2023-09-28 19:00:00-04:00,2023-09-29 03:20:00-04:00,14876.25,14953.0,2,TP Green,25,,,76.75,3070.0,42690.0,57240.0,-14550.0
2023-10-01 19:00:00-04:00,2023-10-02 04:00:00-04:00,14955.75,14975.0,1,SL Yellow,27,,,19.25,385.0,43075.0,57240.0,-14165.0
2023-10-02 19:00:00-04:00,2023-10-03 05:00:00-04:00,14985.75,14993.0,1,SL Yellow,30,,,7.25,145.0,43220.0,57240.0,-14020.0
2023-10-03 19:00:00-04:00,2023-10-04 03:20:00-04:00,14698.5,14601.0,1,SL Yellow,25,,,-97.5,-1950.0,41270.0,57240.0,-15970.0
2023-10-04 19:00:00-04:00,2023-10-05 03:20:00-04:00,14905.25,14875.0,2,SL Yellow,25,,,-30.25,-1210.0,40060.0,57240.0,-17180.0
2023-10-05 19:00:00-04:00,2023-10-06 04:20:00-04:00,14853.5,14863.75,1,SL Yellow,28,,,10.25,205.0,40265.0,57240.0,-16975.0
2023-10-08 19:00:00-04:00,2023-10-09 03:40:00-04:00,15013.75,15000.0,1,SL Yellow,26,,,-13.75,-275.0,39990.0,57240.0,-17250.0
2023-10-09 19:00:00-04:00,2023-10-10 04:00:00-04:00,15197.0,15208.5,2,SL Yellow,27,,,11.5,460.0,40450.0,57240.0,-16790.0
2023-10-10 19:00:00-04:00,2023-10-11 08:00:00-04:00,15288.5,15327.25,1,Force Close,39,,,38.75,775.0,41225.0,57240.0,-16015.0
2023-10-11 19:00:00-04:00,2023-10-12 03:20:00-04:00,15405.75,15421.25,1,SL Yellow,25,,,15.5,310.0,41535.0,57240.0,-15705.0
2023-10-12 19:00:00-04:00,2023-10-13 04:20:00-04:00,15325.5,15310.25,1,SL Yellow,28,,,-15.25,-305.0,41230.0,57240.0,-16010.0
2023-10-15 19:00:00-04:00,2023-10-16 03:20:00-04:00,15146.5,15125.5,2,SL Yellow,25,,,-21.0,-840.0,40390.0,57240.0,-16850.0
2023-10-16 19:00:00-04:00,2023-10-17 04:00:00-04:00,15276.25,15273.25,1,SL Yellow,27,,,-3.0,-60.0,40330.0,57240.0,-16910.0
2023-10-17 19:00:00-04:00,2023-10-18 04:00:00-04:00,15223.25,15180.25,2,SL Yellow,27,,,-43.0,-1720.0,38610.0,57240.0,-18630.0
2023-10-18 19:00:00-04:00,2023-10-19 03:20:00-04:00,15033.75,15000.25,1,SL Yellow,25,,,-33.5,-670.0,37940.0,57240.0,-19300.0
2023-10-19 19:00:00-04:00,2023-10-20 05:20:00-04:00,14832.0,14841.0,2,SL Yellow,31,,,9.0,360.0,38300.0,57240.0,-18940.0
2023-10-23 19:00:00-04:00,2023-10-24 03:00:00-04:00,14750.0,14812.75,1,TP Green,24,,,62.75,1255.0,39555.0,57240.0,-17685.0
2023-10-24 19:00:00-04:00,2023-10-25 03:20:00-04:00,14806.75,14723.5,1,SL Yellow,25,,,-83.25,-1665.0,37890.0,57240.0,-19350.0
2023-10-25 19:00:00-04:00,2023-10-26 03:20:00-04:00,14356.75,14270.0,2,SL Yellow,25,,,-86.75,-3470.0,34420.0,57240.0,-22820.0
2023-10-26 19:00:00-04:00,2023-10-27 06:40:00-04:00,14313.5,14310.75,1,SL Yellow,35,,,-2.75,-55.0,34365.0,57240.0,-22875.0
2023-10-29 19:00:00-04:00,2023-10-30 05:00:00-04:00,14322.0,14388.75,2,TP Green,30,,,66.75,2670.0,37035.0,57240.0,-20205.0
2023-10-30 19:00:00-04:00,2023-10-31 03:40:00-04:00,14407.75,14351.5,1,SL Yellow,26,,,-56.25,-1125.0,35910.0,57240.0,-21330.0
2023-10-31 19:00:00-04:00,2023-11-01 03:40:00-04:00,14452.5,14462.5,2,SL Yellow,26,,,10.0,400.0,36310.0,57240.0,-20930.0
2023-11-01 19:00:00-04:00,2023-11-02 05:20:00-04:00,14788.25,14858.0,1,TP Green,31,,,69.75,1395.0,37705.0,57240.0,-19535.0
2023-11-02 19:00:00-04:00,2023-11-03 03:40:00-04:00,14950.0,14946.5,1,SL Yellow,26,,,-3.5,-70.0,37635.0,57240.0,-19605.0
2023-11-05 19:00:00-05:00,2023-11-07 04:20:00-05:00,15167.5,15203.0,2,SL Yellow,29,,,35.5,1420.0,39055.0,57240.0,-18185.0
2023-11-07 19:00:00-05:00,2023-11-08 04:00:00-05:00,15374.25,15349.25,1,SL Yellow,27,,,-25.0,-500.0,38555.0,57240.0,-18685.0
2023-11-08 19:00:00-05:00,2023-11-09 03:40:00-05:00,15355.25,15375.0,2,SL Yellow,26,,,19.75,790.0,39345.0,57240.0,-17895.0
2023-11-09 19:00:00-05:00,2023-11-11 17:20:00-05:00,15216.75,15583.0,1,TP Green,16,,,366.25,7325.0,46670.0,57240.0,-10570.0
2023-11-12 19:00:00-05:00,2023-11-13 08:00:00-05:00,15553.75,15563.0,1,Force Close,39,,,9.25,185.0,46855.0,57240.0,-10385.0
2023-11-13 19:00:00-05:00,2023-11-14 04:20:00-05:00,15560.0,15590.5,1,SL Yellow,28,,,30.5,610.0,47465.0,57240.0,-9775.0
2023-11-14 19:00:00-05:00,2023-11-15 04:00:00-05:00,15898.75,15937.75,1,SL Yellow,27,,,39.0,780.0,48245.0,57240.0,-8995.0
2023-11-15 19:00:00-05:00,2023-11-16 07:00:00-05:00,15875.0,15832.5,1,SL Yellow,36,,,-42.5,-850.0,47395.0,57240.0,-9845.0
2023-11-16 19:00:00-05:00,2023-11-17 04:40:00-05:00,15888.75,15894.25,2,SL Yellow,29,,,5.5,220.0,47615.0,57240.0,-9625.0
2023-11-19 19:00:00-05:00,2023-11-20 04:40:00-05:00,15860.0,15928.5,1,TP Green,29,,,68.5,1370.0,48985.0,57240.0,-8255.0
2023-11-20 19:00:00-05:00,2023-11-21 03:20:00-05:00,16103.0,16080.0,1,SL Yellow,25,,,-23.0,-460.0,48525.0,57240.0,-8715.0
2023-11-21 19:00:00-05:00,2023-11-22 03:40:00-05:00,15956.75,15957.0,2,SL Yellow,26,,,0.25,10.0,48535.0,57240.0,-8705.0
2023-11-22 19:00:00-05:00,2023-11-23 05:20:00-05:00,16044.75,16068.25,1,SL Yellow,31,,,23.5,470.0,49005.0,57240.0,-8235.0
2023-11-23 19:00:00-05:00,2023-11-24 03:40:00-05:00,16065.25,16042.75,1,SL Yellow,26,,,-22.5,-450.0,48555.0,57240.0,-8685.0
2023-11-26 19:00:00-05:00,2023-11-27 04:40:00-05:00,15971.25,15972.25,2,SL Yellow,29,,,1.0,40.0,48595.0,57240.0,-8645.0
2023-11-27 19:00:00-05:00,2023-11-28 04:00:00-05:00,15998.25,15972.5,1,SL Yellow,27,,,-25.75,-515.0,48080.0,57240.0,-9160.0
2023-11-28 19:00:00-05:00,2023-11-29 04:40:00-05:00,16052.5,16114.75,2,TP Green,29,,,62.25,2490.0,50570.0,57240.0,-6670.0
2023-11-29 19:00:00-05:00,2023-11-30 03:40:00-05:00,16045.5,16034.0,1,SL Yellow,26,,,-11.5,-230.0,50340.0,57240.0,-6900.0
2023-11-30 19:00:00-05:00,2023-12-01 05:20:00-05:00,15960.25,15976.75,2,SL Yellow,31,,,16.5,660.0,51000.0,57240.0,-6240.0
2023-12-04 19:00:00-05:00,2023-12-05 03:20:00-05:00,15846.75,15801.5,1,SL Yellow,25,,,-45.25,-905.0,50095.0,57240.0,-7145.0
2023-12-05 19:00:00-05:00,2023-12-06 00:00:00-05:00,15955.75,16186.0,2,TP Green,15,,,230.25,9210.0,59305.0,59305.0,0.0
2023-12-06 19:00:00-05:00,2023-12-07 03:20:00-05:00,16022.0,15826.0,1,SL Yellow,25,,,-196.0,-3920.0,55385.0,59305.0,-3920.0
2023-12-07 19:00:00-05:00,2023-12-08 03:40:00-05:00,16019.25,16005.75,2,SL Yellow,26,,,-13.5,-540.0,54845.0,59305.0,-4460.0
2023-12-10 19:00:00-05:00,2023-12-11 00:00:00-05:00,16102.25,16263.75,1,TP Green,15,,,161.5,3230.0,58075.0,59305.0,-1230.0
2023-12-11 19:00:00-05:00,2023-12-12 05:40:00-05:00,16457.5,16467.5,1,SL Yellow,32,,,10.0,200.0,58275.0,59305.0,-1030.0
2023-12-12 19:00:00-05:00,2023-12-13 08:00:00-05:00,16607.0,16606.75,1,Force Close,39,,,-0.25,-5.0,58270.0,59305.0,-1035.0
2023-12-13 19:00:00-05:00,2023-12-14 03:20:00-05:00,16845.25,16858.25,2,SL Yellow,25,,,13.0,520.0,58790.0,59305.0,-515.0
2023-12-14 19:00:00-05:00,2023-12-15 03:20:00-05:00,16765.5,16784.25,1,SL Yellow,25,,,18.75,375.0,59165.0,59305.0,-140.0
2023-12-17 19:00:00-05:00,2023-12-18 03:20:00-05:00,16826.75,16825.0,1,SL Yellow,25,,,-1.75,-35.0,59130.0,59305.0,-175.0
2023-12-18 19:00:00-05:00,2023-12-19 07:00:00-05:00,16922.25,16979.75,2,TP Green,36,,,57.5,2300.0,61430.0,61430.0,0.0
2023-12-19 19:00:00-05:00,2023-12-20 03:20:00-05:00,17033.25,16990.25,1,SL Yellow,25,,,-43.0,-860.0,60570.0,61430.0,-860.0
2023-12-20 19:00:00-05:00,2023-12-21 03:20:00-05:00,16809.0,16877.0,2,TP Green,25,,,68.0,2720.0,63290.0,63290.0,0.0
2023-12-21 19:00:00-05:00,2023-12-22 03:40:00-05:00,16933.5,16902.0,1,SL Yellow,26,,,-31.5,-630.0,62660.0,63290.0,-630.0
2023-12-27 19:00:00-05:00,2023-12-28 08:00:00-05:00,17125.0,17151.75,2,Force Close,39,,,26.75,1070.0,63730.0,63730.0,0.0
2023-12-28 19:00:00-05:00,2024-01-01 20:20:00-05:00,17101.25,17022.75,1,SL Yellow,25,,,-78.5,-1570.0,62160.0,63730.0,-1570.0
2024-01-02 19:00:00-05:00,2024-01-03 03:20:00-05:00,16726.5,16706.25,2,SL Yellow,25,,,-20.25,-810.0,61350.0,63730.0,-2380.0
2024-01-03 19:00:00-05:00,2024-01-04 03:40:00-05:00,16540.0,16551.0,1,SL Yellow,26,,,11.0,220.0,61570.0,63730.0,-2160.0
2024-01-04 19:00:00-05:00,2024-01-05 03:20:00-05:00,16460.75,16422.5,1,SL Yellow,25,,,-38.25,-765.0,60805.0,63730.0,-2925.0
2024-01-08 19:00:00-05:00,2024-01-09 03:20:00-05:00,16786.5,16745.75,2,SL Yellow,25,,,-40.75,-1630.0,59175.0,63730.0,-4555.0
2024-01-09 19:00:00-05:00,2024-01-10 05:20:00-05:00,16843.75,16873.75,1,SL Yellow,31,,,30.0,600.0,59775.0,63730.0,-3955.0
2024-01-10 19:00:00-05:00,2024-01-11 03:20:00-05:00,16964.0,17038.5,1,TP Green,25,,,74.5,1490.0,61265.0,63730.0,-2465.0
2024-01-11 19:00:00-05:00,2024-01-12 04:40:00-05:00,16954.5,16929.75,1,SL Yellow,29,,,-24.75,-495.0,60770.0,63730.0,-2960.0
2024-01-16 19:00:00-05:00,2024-01-17 03:40:00-05:00,16964.25,16844.0,2,SL Yellow,26,,,-120.25,-4810.0,55960.0,63730.0,-7770.0
2024-01-17 19:00:00-05:00,2024-01-18 03:40:00-05:00,16855.5,16890.75,1,SL Yellow,26,,,35.25,705.0,56665.0,63730.0,-7065.0
2024-01-18 19:00:00-05:00,2024-01-19 04:00:00-05:00,17143.0,17224.25,1,TP Green,27,,,81.25,1625.0,58290.0,63730.0,-5440.0
2024-01-22 19:00:00-05:00,2024-01-23 03:20:00-05:00,17467.0,17437.5,1,SL Yellow,25,,,-29.5,-590.0,57700.0,63730.0,-6030.0
2024-01-23 19:00:00-05:00,2024-01-24 03:40:00-05:00,17576.0,17649.5,2,TP Green,26,,,73.5,2940.0,60640.0,63730.0,-3090.0
2024-01-24 19:00:00-05:00,2024-01-25 04:00:00-05:00,17606.0,17622.25,1,SL Yellow,27,,,16.25,325.0,60965.0,63730.0,-2765.0
2024-01-25 19:00:00-05:00,2024-01-26 03:40:00-05:00,17534.75,17483.75,1,SL Yellow,26,,,-51.0,-1020.0,59945.0,63730.0,-3785.0
2024-01-28 19:00:00-05:00,2024-01-29 03:00:00-05:00,17486.0,17550.0,2,TP Green,24,,,64.0,2560.0,62505.0,63730.0,-1225.0
2024-01-29 19:00:00-05:00,2024-01-30 04:00:00-05:00,17723.0,17706.0,1,SL Yellow,27,,,-17.0,-340.0,62165.0,63730.0,-1565.0
2024-01-30 19:00:00-05:00,2024-01-31 04:00:00-05:00,17456.75,17378.0,2,SL Yellow,27,,,-78.75,-3150.0,59015.0,63730.0,-4715.0
2024-01-31 19:00:00-05:00,2024-02-01 06:00:00-05:00,17288.0,17340.5,1,TP Green,33,,,52.5,1050.0,60065.0,63730.0,-3665.0
2024-02-01 19:00:00-05:00,2024-02-02 07:20:00-05:00,17581.75,17632.25,1,TP Green,37,,,50.5,1010.0,61075.0,63730.0,-2655.0
2024-02-04 19:00:00-05:00,2024-02-05 04:20:00-05:00,17713.75,17695.0,1,SL Yellow,28,,,-18.75,-375.0,60700.0,63730.0,-3030.0
2024-02-05 19:00:00-05:00,2024-02-06 03:40:00-05:00,17703.0,17744.5,2,SL Yellow,26,,,41.5,1660.0,62360.0,63730.0,-1370.0
2024-02-06 19:00:00-05:00,2024-02-07 05:20:00-05:00,17653.5,17664.5,1,SL Yellow,31,,,11.0,220.0,62580.0,63730.0,-1150.0
2024-02-07 19:00:00-05:00,2024-02-08 03:20:00-05:00,17838.25,17831.25,1,SL Yellow,25,,,-7.0,-140.0,62440.0,63730.0,-1290.0
2024-02-08 19:00:00-05:00,2024-02-09 04:00:00-05:00,17871.75,17889.25,2,SL Yellow,27,,,17.5,700.0,63140.0,63730.0,-590.0
2024-02-11 19:00:00-05:00,2024-02-12 07:20:00-05:00,18030.25,18034.5,1,SL Yellow,37,,,4.25,85.0,63225.0,63730.0,-505.0
2024-02-12 19:00:00-05:00,2024-02-13 03:20:00-05:00,17924.75,17924.0,1,SL Yellow,25,,,-0.75,-15.0,63210.0,63730.0,-520.0
2024-02-13 19:00:00-05:00,2024-02-14 04:00:00-05:00,17684.75,17770.75,2,TP Green,27,,,86.0,3440.0,66650.0,66650.0,0.0
2024-02-14 19:00:00-05:00,2024-02-15 04:00:00-05:00,17870.0,17899.75,1,SL Yellow,27,,,29.75,595.0,67245.0,67245.0,0.0
2024-02-15 19:00:00-05:00,2024-02-16 04:20:00-05:00,17947.5,18010.5,1,TP Green,28,,,63.0,1260.0,68505.0,68505.0,0.0
2024-02-19 19:00:00-05:00,2024-02-20 03:20:00-05:00,17744.25,17671.25,1,SL Yellow,25,,,-73.0,-1460.0,67045.0,68505.0,-1460.0
2024-02-20 19:00:00-05:00,2024-02-21 03:20:00-05:00,17572.25,17529.75,2,SL Yellow,25,,,-42.5,-1700.0,65345.0,68505.0,-3160.0
2024-02-21 19:00:00-05:00,2024-02-22 01:40:00-05:00,17742.0,17825.5,1,TP Green,20,,,83.5,1670.0,67015.0,68505.0,-1490.0
2024-02-22 19:00:00-05:00,2024-02-23 03:40:00-05:00,18033.0,18018.5,1,SL Yellow,26,,,-14.5,-290.0,66725.0,68505.0,-1780.0
2024-02-25 19:00:00-05:00,2024-02-26 08:00:00-05:00,17962.75,18000.75,2,Force Close,39,,,38.0,1520.0,68245.0,68505.0,-260.0
2024-02-26 19:00:00-05:00,2024-02-27 03:20:00-05:00,17953.5,17956.25,1,SL Yellow,25,,,2.75,55.0,68300.0,68505.0,-205.0
2024-02-27 19:00:00-05:00,2024-02-28 03:20:00-05:00,18009.5,17959.75,1,SL Yellow,25,,,-49.75,-995.0,67305.0,68505.0,-1200.0
2024-02-28 19:00:00-05:00,2024-02-29 03:20:00-05:00,17881.5,17861.75,2,SL Yellow,25,,,-19.75,-790.0,66515.0,68505.0,-1990.0
2024-02-29 19:00:00-05:00,2024-03-01 02:00:00-05:00,18071.0,18153.0,1,TP Green,21,,,82.0,1640.0,68155.0,68505.0,-350.0
2024-03-03 19:00:00-05:00,2024-03-04 04:20:00-05:00,18332.25,18340.75,1,SL Yellow,28,,,8.5,170.0,68325.0,68505.0,-180.0
2024-03-04 19:00:00-05:00,2024-03-05 03:20:00-05:00,18232.25,18165.75,1,SL Yellow,25,,,-66.5,-1330.0,66995.0,68505.0,-1510.0
2024-03-05 19:00:00-05:00,2024-03-06 03:20:00-05:00,17956.5,18032.0,2,TP Green,25,,,75.5,3020.0,70015.0,70015.0,0.0
2024-03-06 19:00:00-05:00,2024-03-07 05:40:00-05:00,18017.25,18120.25,1,TP Green,32,,,103.0,2060.0,72075.0,72075.0,0.0
2024-03-07 19:00:00-05:00,2024-03-08 03:40:00-05:00,18268.0,18328.75,1,TP Green,26,,,60.75,1215.0,73290.0,73290.0,0.0
2024-03-11 19:00:00-04:00,2024-03-12 04:00:00-04:00,18288.0,18307.75,1,SL Yellow,27,,,19.75,395.0,73685.0,73685.0,0.0
2024-03-12 19:00:00-04:00,2024-03-13 04:20:00-04:00,18480.5,18454.5,1,SL Yellow,28,,,-26.0,-520.0,73165.0,73685.0,-520.0
2024-03-13 19:00:00-04:00,2024-03-14 07:20:00-04:00,18365.0,18400.75,2,SL Yellow,37,,,35.75,1430.0,74595.0,74595.0,0.0
2024-03-14 19:00:00-04:00,2024-03-15 03:40:00-04:00,18232.5,18209.75,1,SL Yellow,26,,,-22.75,-455.0,74140.0,74595.0,-455.0
2024-03-17 19:00:00-04:00,2024-03-18 01:20:00-04:00,18069.5,18149.75,2,TP Green,19,,,80.25,3210.0,77350.0,77350.0,0.0
2024-03-18 19:00:00-04:00,2024-03-19 03:40:00-04:00,18193.25,18173.0,1,SL Yellow,26,,,-20.25,-405.0,76945.0,77350.0,-405.0
2024-03-19 19:00:00-04:00,2024-03-20 04:40:00-04:00,18279.0,18246.5,2,SL Yellow,29,,,-32.5,-1300.0,75645.0,77350.0,-1705.0
2024-03-20 19:00:00-04:00,2024-03-21 03:20:00-04:00,18576.75,18649.25,1,TP Green,25,,,72.5,1450.0,77095.0,77350.0,-255.0
2024-03-21 19:00:00-04:00,2024-03-22 03:20:00-04:00,18582.0,18542.0,1,SL Yellow,25,,,-40.0,-800.0,76295.0,77350.0,-1055.0
2024-03-24 19:00:00-04:00,2024-03-25 03:40:00-04:00,18576.0,18542.5,2,SL Yellow,26,,,-33.5,-1340.0,74955.0,77350.0,-2395.0
2024-03-25 19:00:00-04:00,2024-03-26 03:00:00-04:00,18529.0,18598.75,1,TP Green,24,,,69.75,1395.0,76350.0,77350.0,-1000.0
2024-03-26 19:00:00-04:00,2024-03-27 03:40:00-04:00,18481.25,18478.5,1,SL Yellow,26,,,-2.75,-55.0,76295.0,77350.0,-1055.0
2024-03-27 19:00:00-04:00,2024-03-28 04:00:00-04:00,18486.0,18489.25,2,SL Yellow,27,,,3.25,130.0,76425.0,77350.0,-925.0
2024-03-31 19:00:00-04:00,2024-04-01 04:00:00-04:00,18578.25,18567.25,1,SL Yellow,27,,,-11.0,-220.0,76205.0,77350.0,-1145.0
2024-04-01 19:00:00-04:00,2024-04-02 03:20:00-04:00,18478.0,18468.5,2,SL Yellow,25,,,-9.5,-380.0,75825.0,77350.0,-1525.0
2024-04-02 19:00:00-04:00,2024-04-03 03:40:00-04:00,18329.75,18272.5,1,SL Yellow,26,,,-57.25,-1145.0,74680.0,77350.0,-2670.0
2024-04-03 19:00:00-04:00,2024-04-04 06:20:00-04:00,18399.5,18441.5,2,TP Green,34,,,42.0,1680.0,76360.0,77350.0,-990.0
2024-04-04 19:00:00-04:00,2024-04-05 07:20:00-04:00,18087.0,18154.25,1,TP Green,37,,,67.25,1345.0,77705.0,77705.0,0.0
2024-04-07 19:00:00-04:00,2024-04-08 04:20:00-04:00,18320.75,18298.0,1,SL Yellow,28,,,-22.75,-455.0,77250.0,77705.0,-455.0
2024-04-08 19:00:00-04:00,2024-04-09 03:20:00-04:00,18310.25,18306.25,2,SL Yellow,25,,,-4.0,-160.0,77090.0,77705.0,-615.0
2024-04-09 19:00:00-04:00,2024-04-10 05:20:00-04:00,18374.75,18374.0,1,SL Yellow,31,,,-0.75,-15.0,77075.0,77705.0,-630.0
2024-04-10 19:00:00-04:00,2024-04-11 04:40:00-04:00,18148.0,18165.0,2,SL Yellow,29,,,17.0,680.0,77755.0,77755.0,0.0
2024-04-11 19:00:00-04:00,2024-04-12 03:20:00-04:00,18496.5,18476.25,1,SL Yellow,25,,,-20.25,-405.0,77350.0,77755.0,-405.0
2024-04-12 19:00:00-04:00,2024-04-15 01:00:00-04:00,18172.5,18253.75,2,TP Green,23,,,81.25,3250.0,80600.0,80600.0,0.0
2024-04-15 19:00:00-04:00,2024-04-16 05:40:00-04:00,17856.0,17841.5,1,SL Yellow,32,,,-14.5,-290.0,80310.0,80600.0,-290.0
2024-04-16 19:00:00-04:00,2024-04-17 03:20:00-04:00,17907.0,17840.25,2,SL Yellow,25,,,-66.75,-2670.0,77640.0,80600.0,-2960.0
2024-04-17 19:00:00-04:00,2024-04-18 02:00:00-04:00,17680.75,17764.5,1,TP Green,21,,,83.75,1675.0,79315.0,80600.0,-1285.0
2024-04-18 19:00:00-04:00,2024-04-19 03:20:00-04:00,17512.5,17426.5,1,SL Yellow,25,,,-86.0,-1720.0,77595.0,80600.0,-3005.0
2024-04-21 19:00:00-04:00,2024-04-22 03:20:00-04:00,17253.75,17255.25,2,SL Yellow,25,,,1.5,60.0,77655.0,80600.0,-2945.0
2024-04-22 19:00:00-04:00,2024-04-23 04:00:00-04:00,17318.5,17396.25,1,TP Green,27,,,77.75,1555.0,79210.0,80600.0,-1390.0
2024-04-23 19:00:00-04:00,2024-04-24 04:00:00-04:00,17683.5,17717.25,1,SL Yellow,27,,,33.75,675.0,79885.0,80600.0,-715.0
2024-04-24 19:00:00-04:00,2024-04-25 07:20:00-04:00,17471.5,17472.25,1,SL Yellow,37,,,0.75,15.0,79900.0,80600.0,-700.0
2024-04-25 19:00:00-04:00,2024-04-26 04:20:00-04:00,17764.5,17744.25,1,SL Yellow,28,,,-20.25,-405.0,79495.0,80600.0,-1105.0
2024-04-28 19:00:00-04:00,2024-04-29 04:20:00-04:00,17858.25,17900.5,2,SL Yellow,28,,,42.25,1690.0,81185.0,81185.0,0.0
2024-04-29 19:00:00-04:00,2024-04-30 04:00:00-04:00,17908.5,17888.5,1,SL Yellow,27,,,-20.0,-400.0,80785.0,81185.0,-400.0
2024-04-30 19:00:00-04:00,2024-05-01 03:20:00-04:00,17501.75,17476.5,2,SL Yellow,25,,,-25.25,-1010.0,79775.0,81185.0,-1410.0
2024-05-01 19:00:00-04:00,2024-05-02 03:40:00-04:00,17501.5,17574.5,1,TP Green,26,,,73.0,1460.0,81235.0,81235.0,0.0
2024-05-02 19:00:00-04:00,2024-05-03 03:20:00-04:00,17747.0,17722.0,1,SL Yellow,25,,,-25.0,-500.0,80735.0,81235.0,-500.0
2024-05-05 19:00:00-04:00,2024-05-06 03:40:00-04:00,18019.75,18001.5,2,SL Yellow,26,,,-18.25,-730.0,80005.0,81235.0,-1230.0
2024-05-06 19:00:00-04:00,2024-05-07 03:20:00-04:00,18186.25,18173.25,1,SL Yellow,25,,,-13.0,-260.0,79745.0,81235.0,-1490.0
2024-05-07 19:00:00-04:00,2024-05-08 06:00:00-04:00,18205.5,18191.75,2,SL Yellow,33,,,-13.75,-550.0,79195.0,81235.0,-2040.0
2024-05-08 19:00:00-04:00,2024-05-09 03:20:00-04:00,18164.0,18139.5,1,SL Yellow,25,,,-24.5,-490.0,78705.0,81235.0,-2530.0
2024-05-09 19:00:00-04:00,2024-05-10 05:00:00-04:00,18235.0,18299.25,2,TP Green,30,,,64.25,2570.0,81275.0,81275.0,0.0
2024-05-12 19:00:00-04:00,2024-05-13 03:20:00-04:00,18251.5,18282.25,1,SL Yellow,25,,,30.75,615.0,81890.0,81890.0,0.0
2024-05-13 19:00:00-04:00,2024-05-14 05:20:00-04:00,18283.0,18292.25,1,SL Yellow,31,,,9.25,185.0,82075.0,82075.0,0.0
2024-05-14 19:00:00-04:00,2024-05-15 03:20:00-04:00,18421.5,18396.5,1,SL Yellow,25,,,-25.0,-500.0,81575.0,82075.0,-500.0
2024-05-15 19:00:00-04:00,2024-05-16 04:00:00-04:00,18714.5,18717.5,2,SL Yellow,27,,,3.0,120.0,81695.0,82075.0,-380.0
2024-05-16 19:00:00-04:00,2024-05-17 03:20:00-04:00,18650.25,18654.75,1,SL Yellow,25,,,4.5,90.0,81785.0,82075.0,-290.0
2024-05-19 19:00:00-04:00,2024-05-20 03:20:00-04:00,18657.0,18662.5,1,SL Yellow,25,,,5.5,110.0,81895.0,82075.0,-180.0
2024-05-20 19:00:00-04:00,2024-05-21 04:20:00-04:00,18749.25,18743.25,1,SL Yellow,28,,,-6.0,-120.0,81775.0,82075.0,-300.0
2024-05-21 19:00:00-04:00,2024-05-22 03:20:00-04:00,18812.0,18792.75,2,SL Yellow,25,,,-19.25,-770.0,81005.0,82075.0,-1070.0
2024-05-22 19:00:00-04:00,2024-05-22 23:20:00-04:00,18866.5,18961.0,1,TP Green,13,,,94.5,1890.0,82895.0,82895.0,0.0
2024-05-23 19:00:00-04:00,2024-05-24 08:00:00-04:00,18706.75,18737.75,1,SL Yellow,39,,,31.0,620.0,83515.0,83515.0,0.0
2024-05-26 19:00:00-04:00,2024-05-27 03:20:00-04:00,18857.75,18874.25,1,SL Yellow,25,,,16.5,330.0,83845.0,83845.0,0.0
2024-05-27 19:00:00-04:00,2024-05-28 03:40:00-04:00,18917.75,18921.0,1,SL Yellow,26,,,3.25,65.0,83910.0,83910.0,0.0
2024-05-28 19:00:00-04:00,2024-05-29 03:20:00-04:00,18940.5,18854.75,1,SL Yellow,25,,,-85.75,-1715.0,82195.0,83910.0,-1715.0
2024-05-29 19:00:00-04:00,2024-05-30 08:00:00-04:00,18727.25,18757.25,2,Force Close,39,,,30.0,1200.0,83395.0,83910.0,-515.0
2024-05-30 19:00:00-04:00,2024-05-31 03:20:00-04:00,18567.75,18521.0,1,SL Yellow,25,,,-46.75,-935.0,82460.0,83910.0,-1450.0
2024-06-02 19:00:00-04:00,2024-06-03 02:20:00-04:00,18577.25,18670.75,2,TP Green,22,,,93.5,3740.0,86200.0,86200.0,0.0
2024-06-03 19:00:00-04:00,2024-06-04 04:00:00-04:00,18662.75,18602.0,1,SL Yellow,27,,,-60.75,-1215.0,84985.0,86200.0,-1215.0
2024-06-04 19:00:00-04:00,2024-06-05 06:00:00-04:00,18731.5,18792.75,2,TP Green,33,,,61.25,2450.0,87435.0,87435.0,0.0
2024-06-05 19:00:00-04:00,2024-06-06 05:20:00-04:00,19098.5,19083.75,1,SL Yellow,31,,,-14.75,-295.0,87140.0,87435.0,-295.0
2024-06-06 19:00:00-04:00,2024-06-07 03:20:00-04:00,19077.5,19078.0,2,SL Yellow,25,,,0.5,20.0,87160.0,87435.0,-275.0
2024-06-09 19:00:00-04:00,2024-06-10 08:00:00-04:00,19030.25,19031.5,1,Force Close,31,,,1.25,25.0,87185.0,87435.0,-250.0
2024-06-10 19:00:00-04:00,2024-06-11 04:00:00-04:00,19080.0,19092.75,1,SL Yellow,27,,,12.75,255.0,87440.0,87440.0,0.0
2024-06-11 19:00:00-04:00,2024-06-12 04:20:00-04:00,19266.25,19251.0,1,SL Yellow,28,,,-15.25,-305.0,87135.0,87440.0,-305.0
2024-06-12 19:00:00-04:00,2024-06-13 03:20:00-04:00,19598.75,19639.5,2,SL Yellow,25,,,40.75,1630.0,88765.0,88765.0,0.0
2024-06-13 19:00:00-04:00,2024-06-14 04:20:00-04:00,19610.75,19634.5,1,SL Yellow,28,,,23.75,475.0,89240.0,89240.0,0.0
2024-06-16 19:00:00-04:00,2024-06-17 00:00:00-04:00,19710.25,19961.0,1,TP Green,15,,,250.75,5015.0,94255.0,94255.0,0.0
2024-06-17 19:00:00-04:00,2024-06-18 07:00:00-04:00,20197.5,20215.5,1,SL Yellow,36,,,18.0,360.0,94615.0,94615.0,0.0
2024-06-18 19:00:00-04:00,2024-06-19 08:00:00-04:00,20225.0,20234.0,1,Force Close,39,,,9.0,180.0,94795.0,94795.0,0.0
2024-06-19 19:00:00-04:00,2024-06-20 00:40:00-04:00,20232.5,20312.0,1,TP Green,17,,,79.5,1590.0,96385.0,96385.0,0.0
2024-06-20 19:00:00-04:00,2024-06-21 03:20:00-04:00,20073.25,20015.25,1,SL Yellow,25,,,-58.0,-1160.0,95225.0,96385.0,-1160.0
2024-06-23 19:00:00-04:00,2024-06-24 05:00:00-04:00,20022.0,19990.0,2,SL Yellow,30,,,-32.0,-1280.0,93945.0,96385.0,-2440.0
2024-06-24 19:00:00-04:00,2024-06-25 03:20:00-04:00,19764.75,19752.5,1,SL Yellow,25,,,-12.25,-245.0,93700.0,96385.0,-2685.0
2024-06-25 19:00:00-04:00,2024-06-26 03:20:00-04:00,19974.0,20041.25,2,TP Green,25,,,67.25,2690.0,96390.0,96390.0,0.0
2024-06-26 19:00:00-04:00,2024-06-27 06:00:00-04:00,19914.0,19979.75,1,TP Green,33,,,65.75,1315.0,97705.0,97705.0,0.0
2024-06-27 19:00:00-04:00,2024-06-28 04:00:00-04:00,20086.75,20101.25,1,SL Yellow,27,,,14.5,290.0,97995.0,97995.0,0.0
2024-06-30 19:00:00-04:00,2024-07-01 03:20:00-04:00,19945.75,19961.5,1,SL Yellow,25,,,15.75,315.0,98310.0,98310.0,0.0
2024-07-01 19:00:00-04:00,2024-07-02 03:20:00-04:00,20024.0,19955.25,1,SL Yellow,25,,,-68.75,-1375.0,96935.0,98310.0,-1375.0
2024-07-02 19:00:00-04:00,2024-07-03 07:00:00-04:00,20245.5,20250.5,2,SL Yellow,36,,,5.0,200.0,97135.0,98310.0,-1175.0
2024-07-03 19:00:00-04:00,2024-07-04 08:00:00-04:00,20403.25,20404.25,1,Force Close,39,,,1.0,20.0,97155.0,98310.0,-1155.0
2024-07-04 19:00:00-04:00,2024-07-05 02:20:00-04:00,20387.75,20453.0,1,TP Green,22,,,65.25,1305.0,98460.0,98460.0,0.0
2024-07-07 19:00:00-04:00,2024-07-08 08:00:00-04:00,20605.5,20633.5,1,Force Close,39,,,28.0,560.0,99020.0,99020.0,0.0
2024-07-08 19:00:00-04:00,2024-07-09 07:20:00-04:00,20712.75,20727.25,1,SL Yellow,37,,,14.5,290.0,99310.0,99310.0,0.0
2024-07-09 19:00:00-04:00,2024-07-10 07:40:00-04:00,20699.25,20749.75,1,TP Green,38,,,50.5,1010.0,100320.0,100320.0,0.0
2024-07-10 19:00:00-04:00,2024-07-11 08:00:00-04:00,20884.0,20872.5,1,SL Yellow,39,,,-11.5,-230.0,100090.0,100320.0,-230.0
2024-07-11 19:00:00-04:00,2024-07-12 03:20:00-04:00,20458.0,20383.25,2,SL Yellow,25,,,-74.75,-2990.0,97100.0,100320.0,-3220.0
2024-07-14 19:00:00-04:00,2024-07-15 02:00:00-04:00,20536.25,20617.75,1,TP Green,21,,,81.5,1630.0,98730.0,100320.0,-1590.0
2024-07-15 19:00:00-04:00,2024-07-16 03:40:00-04:00,20638.75,20579.5,1,SL Yellow,26,,,-59.25,-1185.0,97545.0,100320.0,-2775.0
2024-07-16 19:00:00-04:00,2024-07-17 03:20:00-04:00,20567.25,20407.25,2,SL Yellow,25,,,-160.0,-6400.0,91145.0,100320.0,-9175.0
2024-07-17 19:00:00-04:00,2024-07-18 02:40:00-04:00,20057.5,20145.0,1,TP Green,23,,,87.5,1750.0,92895.0,100320.0,-7425.0
2024-07-18 19:00:00-04:00,2024-07-21 21:00:00-04:00,19959.25,19764.75,1,SL Yellow,26,,,-194.5,-3890.0,89005.0,100320.0,-11315.0
2024-07-22 19:00:00-04:00,2024-07-23 03:20:00-04:00,19975.25,19900.0,2,SL Yellow,25,,,-75.25,-3010.0,85995.0,100320.0,-14325.0
2024-07-23 19:00:00-04:00,2024-07-24 03:40:00-04:00,19813.25,19719.0,1,SL Yellow,26,,,-94.25,-1885.0,84110.0,100320.0,-16210.0
2024-07-24 19:00:00-04:00,2024-07-25 03:20:00-04:00,19286.25,19216.5,2,SL Yellow,25,,,-69.75,-2790.0,81320.0,100320.0,-19000.0
2024-07-25 19:00:00-04:00,2024-07-26 00:40:00-04:00,19004.75,19104.5,1,TP Green,17,,,99.75,1995.0,83315.0,100320.0,-17005.0
2024-07-28 19:00:00-04:00,2024-07-29 02:40:00-04:00,19243.25,19321.25,1,TP Green,23,,,78.0,1560.0,84875.0,100320.0,-15445.0
2024-07-29 19:00:00-04:00,2024-07-30 04:00:00-04:00,19168.75,19215.0,1,TP Green,27,,,46.25,925.0,85800.0,100320.0,-14520.0
2024-07-30 19:00:00-04:00,2024-07-30 23:40:00-04:00,19016.5,19119.75,1,TP Green,14,,,103.25,2065.0,87865.0,100320.0,-12455.0
2024-07-31 19:00:00-04:00,2024-08-01 03:40:00-04:00,19666.5,19612.25,1,SL Yellow,26,,,-54.25,-1085.0,86780.0,100320.0,-13540.0
2024-08-01 19:00:00-04:00,2024-08-02 04:00:00-04:00,18886.0,18685.5,2,SL Yellow,27,,,-200.5,-8020.0,78760.0,100320.0,-21560.0
2024-08-04 19:00:00-04:00,2024-08-05 04:20:00-04:00,18328.0,17918.5,1,SL Yellow,28,,,-409.5,-8190.0,70570.0,100320.0,-29750.0
2024-08-05 19:00:00-04:00,2024-08-05 21:00:00-04:00,18211.75,18381.0,2,TP Green,6,,,169.25,6770.0,77340.0,100320.0,-22980.0
2024-08-06 19:00:00-04:00,2024-08-06 21:20:00-04:00,18079.0,18235.25,1,TP Green,7,,,156.25,3125.0,80465.0,100320.0,-19855.0
2024-08-07 19:00:00-04:00,2024-08-07 22:00:00-04:00,17875.25,18027.75,1,TP Green,9,,,152.5,3050.0,83515.0,100320.0,-16805.0
2024-08-08 19:00:00-04:00,2024-08-09 06:00:00-04:00,18591.75,18569.5,1,SL Yellow,33,,,-22.25,-445.0,83070.0,100320.0,-17250.0
2024-08-11 19:00:00-04:00,2024-08-12 07:20:00-04:00,18605.0,18655.5,2,TP Green,37,,,50.5,2020.0,85090.0,100320.0,-15230.0
2024-08-12 19:00:00-04:00,2024-08-13 02:40:00-04:00,18647.25,18738.25,1,TP Green,23,,,91.0,1820.0,86910.0,100320.0,-13410.0
2024-08-13 19:00:00-04:00,2024-08-14 03:20:00-04:00,19113.25,19099.75,1,SL Yellow,25,,,-13.5,-270.0,86640.0,100320.0,-13680.0
2024-08-14 19:00:00-04:00,2024-08-15 04:00:00-04:00,19141.75,19168.25,2,SL Yellow,27,,,26.5,1060.0,87700.0,100320.0,-12620.0
2024-08-15 19:00:00-04:00,2024-08-16 03:20:00-04:00,19623.0,19647.0,1,SL Yellow,25,,,24.0,480.0,88180.0,100320.0,-12140.0
2024-08-18 19:00:00-04:00,2024-08-19 03:40:00-04:00,19662.75,19586.5,1,SL Yellow,26,,,-76.25,-1525.0,86655.0,100320.0,-13665.0
2024-08-19 19:00:00-04:00,2024-08-20 04:20:00-04:00,19866.0,19865.25,2,SL Yellow,28,,,-0.75,-30.0,86625.0,100320.0,-13695.0
2024-08-20 19:00:00-04:00,2024-08-21 03:40:00-04:00,19800.25,19820.0,1,SL Yellow,26,,,19.75,395.0,87020.0,100320.0,-13300.0
2024-08-21 19:00:00-04:00,2024-08-22 03:20:00-04:00,19927.75,19902.25,1,SL Yellow,25,,,-25.5,-510.0,86510.0,100320.0,-13810.0
2024-08-22 19:00:00-04:00,2024-08-23 03:00:00-04:00,19623.25,19698.75,2,TP Green,24,,,75.5,3020.0,89530.0,100320.0,-10790.0
2024-08-26 19:00:00-04:00,2024-08-27 04:00:00-04:00,19561.25,19637.0,1,TP Green,27,,,75.75,1515.0,91045.0,100320.0,-9275.0
2024-08-27 19:00:00-04:00,2024-08-28 04:20:00-04:00,19590.0,19671.25,1,TP Green,28,,,81.25,1625.0,92670.0,100320.0,-7650.0
2024-08-28 19:00:00-04:00,2024-08-29 00:00:00-04:00,19193.0,19295.75,1,TP Green,15,,,102.75,2055.0,94725.0,100320.0,-5595.0
2024-08-29 19:00:00-04:00,2024-08-30 03:40:00-04:00,19438.5,19528.75,1,TP Green,26,,,90.25,1805.0,96530.0,100320.0,-3790.0
2024-09-03 19:00:00-04:00,2024-09-04 04:00:00-04:00,18972.5,18882.0,1,SL Yellow,27,,,-90.5,-1810.0,94720.0,100320.0,-5600.0
2024-09-04 19:00:00-04:00,2024-09-05 05:00:00-04:00,18943.0,18929.25,2,SL Yellow,30,,,-13.75,-550.0,94170.0,100320.0,-6150.0
2024-09-05 19:00:00-04:00,2024-09-06 04:00:00-04:00,18898.25,18748.75,1,SL Yellow,27,,,-149.5,-2990.0,91180.0,100320.0,-9140.0
2024-09-08 19:00:00-04:00,2024-09-08 21:20:00-04:00,18397.5,18508.0,2,TP Green,7,,,110.5,4420.0,95600.0,100320.0,-4720.0
2024-09-09 19:00:00-04:00,2024-09-10 04:20:00-04:00,18718.0,18646.5,1,SL Yellow,28,,,-71.5,-1430.0,94170.0,100320.0,-6150.0
2024-09-10 19:00:00-04:00,2024-09-11 03:20:00-04:00,18849.5,18802.0,2,SL Yellow,25,,,-47.5,-1900.0,92270.0,100320.0,-8050.0
2024-09-11 19:00:00-04:00,2024-09-12 00:00:00-04:00,19248.5,19538.0,1,TP Green,15,,,289.5,5790.0,98060.0,100320.0,-2260.0
2024-09-12 19:00:00-04:00,2024-09-13 03:40:00-04:00,19683.25,19672.25,1,SL Yellow,26,,,-11.0,-220.0,97840.0,100320.0,-2480.0
2024-09-15 19:00:00-04:00,2024-09-16 06:00:00-04:00,19768.0,19734.5,2,SL Yellow,33,,,-33.5,-1340.0,96500.0,100320.0,-3820.0
2024-09-16 19:00:00-04:00,2024-09-17 05:00:00-04:00,19679.25,19758.75,1,TP Green,30,,,79.5,1590.0,98090.0,100320.0,-2230.0
2024-09-17 19:00:00-04:00,2024-09-18 03:20:00-04:00,19691.0,19689.75,1,SL Yellow,25,,,-1.25,-25.0,98065.0,100320.0,-2255.0
2024-09-18 19:00:00-04:00,2024-09-18 20:00:00-04:00,19660.25,19773.5,2,TP Green,3,,,113.25,4530.0,102595.0,102595.0,0.0
2024-09-19 19:00:00-04:00,2024-09-20 04:20:00-04:00,20050.25,20020.25,1,SL Yellow,28,,,-30.0,-600.0,101995.0,102595.0,-600.0
2024-09-22 19:00:00-04:00,2024-09-22 21:00:00-04:00,20031.5,20129.25,2,TP Green,6,,,97.75,3910.0,105905.0,105905.0,0.0
2024-09-23 19:00:00-04:00,2024-09-24 02:40:00-04:00,20051.0,20129.0,1,TP Green,23,,,78.0,1560.0,107465.0,107465.0,0.0
2024-09-24 19:00:00-04:00,2024-09-25 04:20:00-04:00,20190.0,20100.75,1,SL Yellow,28,,,-89.25,-1785.0,105680.0,107465.0,-1785.0
2024-09-25 19:00:00-04:00,2024-09-25 23:00:00-04:00,20245.75,20330.5,2,TP Green,12,,,84.75,3390.0,109070.0,109070.0,0.0
2024-09-26 19:00:00-04:00,2024-09-27 03:20:00-04:00,20362.0,20256.5,1,SL Yellow,25,,,-105.5,-2110.0,106960.0,109070.0,-2110.0
2024-09-27 19:00:00-04:00,2024-09-30 00:40:00-04:00,20193.0,20194.0,2,SL Yellow,25,,,1.0,40.0,107000.0,109070.0,-2070.0
2024-09-30 19:00:00-04:00,2024-10-01 04:00:00-04:00,20233.75,20265.5,1,SL Yellow,27,,,31.75,635.0,107635.0,109070.0,-1435.0
2024-10-01 19:00:00-04:00,2024-10-02 05:00:00-04:00,19926.0,19919.5,1,SL Yellow,30,,,-6.5,-130.0,107505.0,109070.0,-1565.0
2024-10-02 19:00:00-04:00,2024-10-03 03:20:00-04:00,20041.25,19866.0,2,SL Yellow,25,,,-175.25,-7010.0,100495.0,109070.0,-8575.0
2024-10-03 19:00:00-04:00,2024-10-04 03:20:00-04:00,19981.25,20021.25,1,SL Yellow,25,,,40.0,800.0,101295.0,109070.0,-7775.0
2024-10-06 19:00:00-04:00,2024-10-07 03:20:00-04:00,20255.0,20157.0,1,SL Yellow,25,,,-98.0,-1960.0,99335.0,109070.0,-9735.0
2024-10-07 19:00:00-04:00,2024-10-08 05:20:00-04:00,19989.75,20067.75,2,TP Green,31,,,78.0,3120.0,102455.0,109070.0,-6615.0
2024-10-08 19:00:00-04:00,2024-10-09 04:00:00-04:00,20279.75,20221.25,1,SL Yellow,27,,,-58.5,-1170.0,101285.0,109070.0,-7785.0
2024-10-09 19:00:00-04:00,2024-10-10 03:20:00-04:00,20458.5,20428.25,2,SL Yellow,25,,,-30.25,-1210.0,100075.0,109070.0,-8995.0
2024-10-10 19:00:00-04:00,2024-10-11 03:20:00-04:00,20457.25,20393.5,1,SL Yellow,25,,,-63.75,-1275.0,98800.0,109070.0,-10270.0
2024-10-13 19:00:00-04:00,2024-10-14 06:00:00-04:00,20430.75,20517.0,2,TP Green,33,,,86.25,3450.0,102250.0,109070.0,-6820.0
2024-10-14 19:00:00-04:00,2024-10-15 03:40:00-04:00,20624.5,20601.25,1,SL Yellow,26,,,-23.25,-465.0,101785.0,109070.0,-7285.0
2024-10-15 19:00:00-04:00,2024-10-16 04:00:00-04:00,20359.0,20358.75,2,SL Yellow,27,,,-0.25,-10.0,101775.0,109070.0,-7295.0
2024-10-16 19:00:00-04:00,2024-10-17 02:20:00-04:00,20321.5,20470.5,1,TP Green,22,,,149.0,2980.0,104755.0,109070.0,-4315.0
2024-10-17 19:00:00-04:00,2024-10-18 05:40:00-04:00,20401.75,20425.75,1,SL Yellow,32,,,24.0,480.0,105235.0,109070.0,-3835.0
2024-10-20 19:00:00-04:00,2024-10-21 03:40:00-04:00,20519.75,20442.5,1,SL Yellow,26,,,-77.25,-1545.0,103690.0,109070.0,-5380.0
2024-10-21 19:00:00-04:00,2024-10-22 03:40:00-04:00,20517.25,20462.5,2,SL Yellow,26,,,-54.75,-2190.0,101500.0,109070.0,-7570.0
2024-10-22 19:00:00-04:00,2024-10-23 03:40:00-04:00,20502.25,20504.75,1,SL Yellow,26,,,2.5,50.0,101550.0,109070.0,-7520.0
2024-10-23 19:00:00-04:00,2024-10-24 03:00:00-04:00,20285.0,20359.75,1,TP Green,24,,,74.75,1495.0,103045.0,109070.0,-6025.0
2024-10-24 19:00:00-04:00,2024-10-25 04:00:00-04:00,20376.0,20410.75,1,SL Yellow,27,,,34.75,695.0,103740.0,109070.0,-5330.0
2024-10-27 19:00:00-04:00,2024-10-28 06:40:00-04:00,20611.75,20634.5,1,SL Yellow,35,,,22.75,455.0,104195.0,109070.0,-4875.0
2024-10-28 19:00:00-04:00,2024-10-29 04:00:00-04:00,20504.75,20493.75,1,SL Yellow,27,,,-11.0,-220.0,103975.0,109070.0,-5095.0
2024-10-29 19:00:00-04:00,2024-10-30 03:40:00-04:00,20743.5,20745.75,2,SL Yellow,26,,,2.25,90.0,104065.0,109070.0,-5005.0
2024-10-30 19:00:00-04:00,2024-10-31 03:40:00-04:00,20444.75,20316.0,1,SL Yellow,26,,,-128.75,-2575.0,101490.0,109070.0,-7580.0
2024-10-31 19:00:00-04:00,2024-11-01 03:20:00-04:00,20076.0,20070.5,2,SL Yellow,25,,,-5.5,-220.0,101270.0,109070.0,-7800.0
2024-11-04 19:00:00-05:00,2024-11-05 04:00:00-05:00,20080.75,20162.0,1,TP Green,27,,,81.25,1625.0,102895.0,109070.0,-6175.0
2024-11-05 19:00:00-05:00,2024-11-05 21:20:00-05:00,20344.75,20540.25,1,TP Green,7,,,195.5,3910.0,106805.0,109070.0,-2265.0
2024-11-06 19:00:00-05:00,2024-11-07 07:20:00-05:00,20902.75,20971.75,1,TP Green,37,,,69.0,1380.0,108185.0,109070.0,-885.0
2024-11-07 19:00:00-05:00,2024-11-08 04:40:00-05:00,21235.75,21229.5,1,SL Yellow,29,,,-6.25,-125.0,108060.0,109070.0,-1010.0
2024-11-10 19:00:00-05:00,2024-11-11 03:40:00-05:00,21295.75,21289.5,2,SL Yellow,26,,,-6.25,-250.0,107810.0,109070.0,-1260.0
2024-11-11 19:00:00-05:00,2024-11-12 04:00:00-05:00,21214.5,21204.75,1,SL Yellow,27,,,-9.75,-195.0,107615.0,109070.0,-1455.0
2024-11-12 19:00:00-05:00,2024-11-13 05:40:00-05:00,21140.5,21154.0,2,SL Yellow,32,,,13.5,540.0,108155.0,109070.0,-915.0
2024-11-13 19:00:00-05:00,2024-11-14 07:40:00-05:00,21145.5,21153.75,1,SL Yellow,38,,,8.25,165.0,108320.0,109070.0,-750.0
2024-11-14 19:00:00-05:00,2024-11-15 03:20:00-05:00,20953.25,20816.0,1,SL Yellow,25,,,-137.25,-2745.0,105575.0,109070.0,-3495.0
2024-11-17 19:00:00-05:00,2024-11-18 04:00:00-05:00,20585.25,20574.5,2,SL Yellow,27,,,-10.75,-430.0,105145.0,109070.0,-3925.0
2024-11-18 19:00:00-05:00,2024-11-19 03:20:00-05:00,20646.5,20593.0,1,SL Yellow,25,,,-53.5,-1070.0,104075.0,109070.0,-4995.0
2024-11-19 19:00:00-05:00,2024-11-20 03:40:00-05:00,20806.5,20796.75,2,SL Yellow,26,,,-9.75,-390.0,103685.0,109070.0,-5385.0
2024-11-20 19:00:00-05:00,2024-11-21 03:20:00-05:00,20708.75,20646.75,1,SL Yellow,25,,,-62.0,-1240.0,102445.0,109070.0,-6625.0
2024-11-21 19:00:00-05:00,2024-11-22 04:00:00-05:00,20781.25,20772.0,2,SL Yellow,27,,,-9.25,-370.0,102075.0,109070.0,-6995.0
2024-11-24 19:00:00-05:00,2024-11-25 07:40:00-05:00,20950.0,20957.25,1,SL Yellow,38,,,7.25,145.0,102220.0,109070.0,-6850.0
2024-11-25 19:00:00-05:00,2024-11-25 22:40:00-05:00,20801.0,20897.25,1,TP Green,11,,,96.25,1925.0,104145.0,109070.0,-4925.0
2024-11-26 19:00:00-05:00,2024-11-27 03:20:00-05:00,20981.0,20943.25,1,SL Yellow,25,,,-37.75,-755.0,103390.0,109070.0,-5680.0
2024-11-27 19:00:00-05:00,2024-11-28 03:40:00-05:00,20844.25,20852.25,2,SL Yellow,26,,,8.0,320.0,103710.0,109070.0,-5360.0
2024-11-28 19:00:00-05:00,2024-11-29 04:40:00-05:00,20873.0,20899.0,1,SL Yellow,29,,,26.0,520.0,104230.0,109070.0,-4840.0
2024-12-01 19:00:00-05:00,2024-12-02 05:40:00-05:00,20973.0,20949.5,1,SL Yellow,32,,,-23.5,-470.0,103760.0,109070.0,-5310.0
2024-12-02 19:00:00-05:00,2024-12-03 03:20:00-05:00,21215.75,21216.0,2,SL Yellow,25,,,0.25,10.0,103770.0,109070.0,-5300.0
2024-12-03 19:00:00-05:00,2024-12-04 04:00:00-05:00,21324.0,21395.0,1,TP Green,27,,,71.0,1420.0,105190.0,109070.0,-3880.0
2024-12-04 19:00:00-05:00,2024-12-05 03:20:00-05:00,21506.0,21496.0,1,SL Yellow,25,,,-10.0,-200.0,104990.0,109070.0,-4080.0
2024-12-05 19:00:00-05:00,2024-12-06 04:00:00-05:00,21453.25,21465.0,2,SL Yellow,27,,,11.75,470.0,105460.0,109070.0,-3610.0
2024-12-08 19:00:00-05:00,2024-12-09 04:00:00-05:00,21656.5,21663.0,1,SL Yellow,27,,,6.5,130.0,105590.0,109070.0,-3480.0
2024-12-09 19:00:00-05:00,2024-12-10 04:20:00-05:00,21466.75,21455.5,1,SL Yellow,28,,,-11.25,-225.0,105365.0,109070.0,-3705.0
2024-12-10 19:00:00-05:00,2024-12-11 07:20:00-05:00,21418.0,21434.75,2,SL Yellow,37,,,16.75,670.0,106035.0,109070.0,-3035.0
2024-12-11 19:00:00-05:00,2024-12-12 04:00:00-05:00,21752.25,21748.25,1,SL Yellow,27,,,-4.0,-80.0,105955.0,109070.0,-3115.0
2024-12-12 19:00:00-05:00,2024-12-13 07:20:00-05:00,21757.75,21818.5,2,TP Green,37,,,60.75,2430.0,108385.0,109070.0,-685.0
2024-12-15 19:00:00-05:00,2024-12-16 00:00:00-05:00,21799.0,22091.0,1,TP Green,15,,,292.0,5840.0,114225.0,114225.0,0.0
2024-12-16 19:00:00-05:00,2024-12-17 03:20:00-05:00,22387.25,22345.0,1,SL Yellow,25,,,-42.25,-845.0,113380.0,114225.0,-845.0
2024-12-17 19:00:00-05:00,2024-12-18 04:00:00-05:00,22289.0,22330.0,2,SL Yellow,27,,,41.0,1640.0,115020.0,115020.0,0.0
2024-12-18 19:00:00-05:00,2024-12-19 04:00:00-05:00,21496.25,21572.5,1,TP Green,27,,,76.25,1525.0,116545.0,116545.0,0.0
2024-12-19 19:00:00-05:00,2024-12-20 03:20:00-05:00,21307.5,21160.75,1,SL Yellow,25,,,-146.75,-2935.0,113610.0,116545.0,-2935.0
2024-12-22 19:00:00-05:00,2024-12-23 00:40:00-05:00,21628.25,21727.75,2,TP Green,17,,,99.5,3980.0,117590.0,117590.0,0.0
2024-12-23 19:00:00-05:00,2024-12-24 02:20:00-05:00,21714.75,21788.0,1,TP Green,22,,,73.25,1465.0,119055.0,119055.0,0.0
2024-12-25 19:00:00-05:00,2024-12-26 03:20:00-05:00,22045.75,21993.0,1,SL Yellow,25,,,-52.75,-1055.0,118000.0,119055.0,-1055.0
2024-12-26 19:00:00-05:00,2024-12-27 03:20:00-05:00,21980.25,21911.5,2,SL Yellow,25,,,-68.75,-2750.0,115250.0,119055.0,-3805.0
2024-12-29 19:00:00-05:00,2024-12-30 03:40:00-05:00,21696.25,21651.0,1,SL Yellow,26,,,-45.25,-905.0,114345.0,119055.0,-4710.0
2024-12-30 19:00:00-05:00,2024-12-31 03:40:00-05:00,21397.5,21384.0,2,SL Yellow,26,,,-13.5,-540.0,113805.0,119055.0,-5250.0
2025-01-01 19:00:00-05:00,2025-01-01 20:00:00-05:00,21145.5,21274.75,1,TP Green,3,,,129.25,2585.0,116390.0,119055.0,-2665.0
2025-01-02 19:00:00-05:00,2025-01-03 03:20:00-05:00,21205.25,21225.25,1,SL Yellow,25,,,20.0,400.0,116790.0,119055.0,-2265.0
2025-01-05 19:00:00-05:00,2025-01-06 03:00:00-05:00,21503.75,21578.25,1,TP Green,24,,,74.5,1490.0,118280.0,119055.0,-775.0
2025-01-06 19:00:00-05:00,2025-01-07 04:40:00-05:00,21765.75,21733.25,1,SL Yellow,29,,,-32.5,-650.0,117630.0,119055.0,-1425.0
2025-01-07 19:00:00-05:00,2025-01-08 06:20:00-05:00,21404.25,21326.5,2,SL Yellow,34,,,-77.75,-3110.0,114520.0,119055.0,-4535.0
2025-01-08 19:00:00-05:00,2025-01-09 08:00:00-05:00,21306.0,21317.75,1,Force Close,39,,,11.75,235.0,114755.0,119055.0,-4300.0
2025-01-09 19:00:00-05:00,2025-01-09 22:00:00-05:00,21184.25,21284.0,1,TP Green,9,,,99.75,1995.0,116750.0,119055.0,-2305.0
2025-01-12 19:00:00-05:00,2025-01-13 03:20:00-05:00,21031.75,20846.5,1,SL Yellow,25,,,-185.25,-3705.0,113045.0,119055.0,-6010.0
2025-01-13 19:00:00-05:00,2025-01-14 03:40:00-05:00,21041.5,21124.75,2,TP Green,26,,,83.25,3330.0,116375.0,119055.0,-2680.0
2025-01-14 19:00:00-05:00,2025-01-15 03:40:00-05:00,20944.5,20931.5,1,SL Yellow,26,,,-13.0,-260.0,116115.0,119055.0,-2940.0
2025-01-15 19:00:00-05:00,2025-01-16 02:20:00-05:00,21425.75,21528.25,2,TP Green,22,,,102.5,4100.0,120215.0,120215.0,0.0
2025-01-16 19:00:00-05:00,2025-01-17 03:40:00-05:00,21231.5,21319.0,1,TP Green,26,,,87.5,1750.0,121965.0,121965.0,0.0
2025-01-19 19:00:00-05:00,2025-01-20 02:40:00-05:00,21549.5,21621.25,1,TP Green,23,,,71.75,1435.0,123400.0,123400.0,0.0
2025-01-20 19:00:00-05:00,2025-01-21 08:00:00-05:00,21723.75,21705.75,1,Force Close,39,,,-18.0,-360.0,123040.0,123400.0,-360.0
2025-01-21 19:00:00-05:00,2025-01-22 03:40:00-05:00,21809.25,21893.0,2,TP Green,26,,,83.75,3350.0,126390.0,126390.0,0.0
2025-01-22 19:00:00-05:00,2025-01-23 03:20:00-05:00,21966.5,21886.0,1,SL Yellow,25,,,-80.5,-1610.0,124780.0,126390.0,-1610.0
2025-01-23 19:00:00-05:00,2025-01-24 03:40:00-05:00,22008.75,21981.0,2,SL Yellow,26,,,-27.75,-1110.0,123670.0,126390.0,-2720.0
2025-01-26 19:00:00-05:00,2025-01-27 03:40:00-05:00,21650.5,21228.25,1,SL Yellow,26,,,-422.25,-8445.0,115225.0,126390.0,-11165.0
2025-01-27 19:00:00-05:00,2025-01-28 04:00:00-05:00,21305.75,21378.0,2,TP Green,27,,,72.25,2890.0,118115.0,126390.0,-8275.0
2025-01-28 19:00:00-05:00,2025-01-29 01:00:00-05:00,21553.75,21654.25,1,TP Green,18,,,100.5,2010.0,120125.0,126390.0,-6265.0
2025-01-29 19:00:00-05:00,2025-01-30 01:00:00-05:00,21571.5,21651.0,1,TP Green,18,,,79.5,1590.0,121715.0,126390.0,-4675.0
2025-01-30 19:00:00-05:00,2025-01-31 02:00:00-05:00,21698.25,21797.75,1,TP Green,21,,,99.5,1990.0,123705.0,126390.0,-2685.0
2025-02-02 19:00:00-05:00,2025-02-03 03:00:00-05:00,21109.5,21219.75,1,TP Green,24,,,110.25,2205.0,125910.0,126390.0,-480.0
2025-02-03 19:00:00-05:00,2025-02-04 03:20:00-05:00,21540.75,21346.5,1,SL Yellow,25,,,-194.25,-3885.0,122025.0,126390.0,-4365.0
2025-02-04 19:00:00-05:00,2025-02-05 03:20:00-05:00,21585.0,21503.0,2,SL Yellow,25,,,-82.0,-3280.0,118745.0,126390.0,-7645.0
2025-02-05 19:00:00-05:00,2025-02-06 04:40:00-05:00,21784.5,21797.25,1,SL Yellow,29,,,12.75,255.0,119000.0,126390.0,-7390.0
2025-02-06 19:00:00-05:00,2025-02-07 03:20:00-05:00,21850.75,21851.0,1,SL Yellow,25,,,0.25,5.0,119005.0,126390.0,-7385.0
2025-02-10 19:00:00-05:00,2025-02-11 03:40:00-05:00,21786.0,21765.5,1,SL Yellow,26,,,-20.5,-410.0,118595.0,126390.0,-7795.0
2025-02-11 19:00:00-05:00,2025-02-12 04:00:00-05:00,21810.0,21759.75,2,SL Yellow,27,,,-50.25,-2010.0,116585.0,126390.0,-9805.0
2025-02-12 19:00:00-05:00,2025-02-13 03:20:00-05:00,21875.0,21779.25,1,SL Yellow,25,,,-95.75,-1915.0,114670.0,126390.0,-11720.0
2025-02-13 19:00:00-05:00,2025-02-14 03:20:00-05:00,22095.0,22120.25,2,SL Yellow,25,,,25.25,1010.0,115680.0,126390.0,-10710.0
2025-02-16 19:00:00-05:00,2025-02-17 03:20:00-05:00,22217.5,22235.75,1,SL Yellow,25,,,18.25,365.0,116045.0,126390.0,-10345.0
2025-02-17 19:00:00-05:00,2025-02-18 01:40:00-05:00,22225.75,22297.25,1,TP Green,20,,,71.5,1430.0,117475.0,126390.0,-8915.0
2025-02-18 19:00:00-05:00,2025-02-19 03:40:00-05:00,22263.0,22261.25,1,SL Yellow,26,,,-1.75,-35.0,117440.0,126390.0,-8950.0
2025-02-19 19:00:00-05:00,2025-02-20 04:20:00-05:00,22209.0,22183.5,2,SL Yellow,28,,,-25.5,-1020.0,116420.0,126390.0,-9970.0
2025-02-20 19:00:00-05:00,2025-02-21 08:00:00-05:00,22163.0,22223.75,1,TP Green,39,,,60.75,1215.0,117635.0,126390.0,-8755.0
2025-02-23 19:00:00-05:00,2025-02-24 05:20:00-05:00,21764.25,21762.75,1,SL Yellow,31,,,-1.5,-30.0,117605.0,126390.0,-8785.0
2025-02-24 19:00:00-05:00,2025-02-25 03:20:00-05:00,21415.25,21388.0,2,SL Yellow,25,,,-27.25,-1090.0,116515.0,126390.0,-9875.0
2025-02-25 19:00:00-05:00,2025-02-26 04:00:00-05:00,21224.25,21327.5,1,TP Green,27,,,103.25,2065.0,118580.0,126390.0,-7810.0
2025-02-26 19:00:00-05:00,2025-02-27 01:40:00-05:00,21193.5,21282.25,1,TP Green,20,,,88.75,1775.0,120355.0,126390.0,-6035.0
2025-02-27 19:00:00-05:00,2025-02-28 07:20:00-05:00,20670.25,20584.25,1,SL Yellow,37,,,-86.0,-1720.0,118635.0,126390.0,-7755.0
2025-03-02 19:00:00-05:00,2025-03-03 00:20:00-05:00,20874.25,20986.0,2,TP Green,16,,,111.75,4470.0,123105.0,126390.0,-3285.0
2025-03-03 19:00:00-05:00,2025-03-04 04:40:00-05:00,20526.0,20499.5,1,SL Yellow,29,,,-26.5,-530.0,122575.0,126390.0,-3815.0
2025-03-04 19:00:00-05:00,2025-03-05 06:00:00-05:00,20550.5,20537.25,2,SL Yellow,33,,,-13.25,-530.0,122045.0,126390.0,-4345.0
2025-03-05 19:00:00-05:00,2025-03-06 03:20:00-05:00,20628.0,20507.5,1,SL Yellow,25,,,-120.5,-2410.0,119635.0,126390.0,-6755.0
2025-03-06 19:00:00-05:00,2025-03-07 07:00:00-05:00,20196.75,20143.75,2,SL Yellow,36,,,-53.0,-2120.0,117515.0,126390.0,-8875.0
2025-03-09 19:00:00-04:00,2025-03-10 03:00:00-04:00,20041.5,20113.75,1,TP Green,24,,,72.25,1445.0,118960.0,126390.0,-7430.0
2025-03-10 19:00:00-04:00,2025-03-10 23:00:00-04:00,19306.0,19475.75,1,TP Green,12,,,169.75,3395.0,122355.0,126390.0,-4035.0
2025-03-11 19:00:00-04:00,2025-03-12 04:40:00-04:00,19443.0,19554.25,1,TP Green,29,,,111.25,2225.0,124580.0,126390.0,-1810.0
2025-03-12 19:00:00-04:00,2025-03-13 03:20:00-04:00,19647.75,19466.75,1,SL Yellow,25,,,-181.0,-3620.0,120960.0,126390.0,-5430.0
2025-03-13 19:00:00-04:00,2025-03-14 03:20:00-04:00,19361.25,19385.0,2,SL Yellow,25,,,23.75,950.0,121910.0,126390.0,-4480.0
2025-03-16 19:00:00-04:00,2025-03-17 00:00:00-04:00,19578.25,19810.5,1,TP Green,15,,,232.25,4645.0,126555.0,126555.0,0.0
2025-03-17 19:00:00-04:00,2025-03-18 05:40:00-04:00,20027.0,19981.5,1,SL Yellow,32,,,-45.5,-910.0,125645.0,126555.0,-910.0
2025-03-18 19:00:00-04:00,2025-03-19 03:20:00-04:00,19697.5,19692.5,2,SL Yellow,25,,,-5.0,-200.0,125445.0,126555.0,-1110.0
2025-03-19 19:00:00-04:00,2025-03-20 03:20:00-04:00,20009.25,20047.25,1,SL Yellow,25,,,38.0,760.0,126205.0,126555.0,-350.0
2025-03-20 19:00:00-04:00,2025-03-21 03:20:00-04:00,19856.5,19838.75,1,SL Yellow,25,,,-17.75,-355.0,125850.0,126555.0,-705.0
2025-03-23 19:00:00-04:00,2025-03-24 02:40:00-04:00,20062.75,20149.0,2,TP Green,23,,,86.25,3450.0,129300.0,129300.0,0.0
2025-03-24 19:00:00-04:00,2025-03-25 03:40:00-04:00,20351.0,20342.5,1,SL Yellow,26,,,-8.5,-170.0,129130.0,129300.0,-170.0
2025-03-25 19:00:00-04:00,2025-03-26 03:40:00-04:00,20514.25,20483.5,2,SL Yellow,26,,,-30.75,-1230.0,127900.0,129300.0,-1400.0
2025-03-26 19:00:00-04:00,2025-03-26 23:00:00-04:00,20022.5,20122.5,1,TP Green,12,,,100.0,2000.0,129900.0,129900.0,0.0
2025-03-27 19:00:00-04:00,2025-03-28 03:20:00-04:00,19969.5,19917.75,1,SL Yellow,25,,,-51.75,-1035.0,128865.0,129900.0,-1035.0
2025-03-30 19:00:00-04:00,2025-03-31 04:40:00-04:00,19288.75,19206.5,2,SL Yellow,29,,,-82.25,-3290.0,125575.0,129900.0,-4325.0
2025-03-31 19:00:00-04:00,2025-04-01 03:00:00-04:00,19381.5,19439.25,1,TP Green,24,,,57.75,1155.0,126730.0,129900.0,-3170.0
2025-04-01 19:00:00-04:00,2025-04-02 03:20:00-04:00,19650.75,19519.25,1,SL Yellow,25,,,-131.5,-2630.0,124100.0,129900.0,-5800.0
2025-04-02 19:00:00-04:00,2025-04-02 21:40:00-04:00,18904.5,19084.25,2,TP Green,8,,,179.75,7190.0,131290.0,131290.0,0.0
2025-04-03 19:00:00-04:00,2025-04-04 03:40:00-04:00,18637.25,18587.5,1,SL Yellow,26,,,-49.75,-995.0,130295.0,131290.0,-995.0
2025-04-06 19:00:00-04:00,2025-04-06 21:00:00-04:00,16580.25,16827.75,2,TP Green,6,,,247.5,9900.0,140195.0,140195.0,0.0
2025-04-07 19:00:00-04:00,2025-04-08 05:40:00-04:00,17767.5,17726.0,1,SL Yellow,32,,,-41.5,-830.0,139365.0,140195.0,-830.0
2025-04-08 19:00:00-04:00,2025-04-08 21:40:00-04:00,16932.75,17099.25,2,TP Green,8,,,166.5,6660.0,146025.0,146025.0,0.0
2025-04-09 19:00:00-04:00,2025-04-10 03:20:00-04:00,19342.25,18930.25,1,SL Yellow,25,,,-412.0,-8240.0,137785.0,146025.0,-8240.0
2025-04-10 19:00:00-04:00,2025-04-11 01:20:00-04:00,18453.75,18627.25,2,TP Green,19,,,173.5,6940.0,144725.0,146025.0,-1300.0
2025-04-13 19:00:00-04:00,2025-04-14 02:20:00-04:00,19037.0,19136.25,1,TP Green,22,,,99.25,1985.0,146710.0,146710.0,0.0
2025-04-14 19:00:00-04:00,2025-04-15 03:00:00-04:00,18865.5,19005.0,1,TP Green,24,,,139.5,2790.0,149500.0,149500.0,0.0
2025-04-15 19:00:00-04:00,2025-04-16 03:20:00-04:00,18734.0,18567.0,1,SL Yellow,25,,,-167.0,-3340.0,146160.0,149500.0,-3340.0
2025-04-16 19:00:00-04:00,2025-04-16 23:40:00-04:00,18410.75,18537.25,2,TP Green,14,,,126.5,5060.0,151220.0,151220.0,0.0
2025-04-20 19:00:00-04:00,2025-04-21 03:20:00-04:00,18304.25,18176.25,1,SL Yellow,25,,,-128.0,-2560.0,148660.0,151220.0,-2560.0
2025-04-21 19:00:00-04:00,2025-04-21 21:20:00-04:00,17909.5,18057.5,2,TP Green,7,,,148.0,5920.0,154580.0,154580.0,0.0
2025-04-22 19:00:00-04:00,2025-04-23 04:40:00-04:00,18760.0,18829.0,1,TP Green,29,,,69.0,1380.0,155960.0,155960.0,0.0
2025-04-23 19:00:00-04:00,2025-04-24 03:20:00-04:00,18827.25,18681.0,1,SL Yellow,25,,,-146.25,-2925.0,153035.0,155960.0,-2925.0
2025-04-24 19:00:00-04:00,2025-04-25 04:00:00-04:00,19401.0,19417.75,2,SL Yellow,27,,,16.75,670.0,153705.0,155960.0,-2255.0
2025-04-27 19:00:00-04:00,2025-04-28 05:20:00-04:00,19448.75,19524.75,1,TP Green,31,,,76.0,1520.0,155225.0,155960.0,-735.0
2025-04-28 19:00:00-04:00,2025-04-28 22:00:00-04:00,19497.75,19604.25,1,TP Green,9,,,106.5,2130.0,157355.0,157355.0,0.0
2025-04-29 19:00:00-04:00,2025-04-30 06:20:00-04:00,19556.5,19563.0,1,SL Yellow,34,,,6.5,130.0,157485.0,157485.0,0.0
2025-04-30 19:00:00-04:00,2025-05-01 04:40:00-04:00,19886.5,19979.25,1,TP Green,29,,,92.75,1855.0,159340.0,159340.0,0.0
2025-05-01 19:00:00-04:00,2025-05-01 20:40:00-04:00,19809.0,19942.0,1,TP Green,5,,,133.0,2660.0,162000.0,162000.0,0.0
2025-05-04 19:00:00-04:00,2025-05-05 04:20:00-04:00,20104.5,20023.5,1,SL Yellow,28,,,-81.0,-1620.0,160380.0,162000.0,-1620.0
2025-05-05 19:00:00-04:00,2025-05-06 03:20:00-04:00,20030.25,19913.75,2,SL Yellow,25,,,-116.5,-4660.0,155720.0,162000.0,-6280.0
2025-05-06 19:00:00-04:00,2025-05-07 04:00:00-04:00,20046.75,19981.0,1,SL Yellow,27,,,-65.75,-1315.0,154405.0,162000.0,-7595.0
2025-05-07 19:00:00-04:00,2025-05-07 21:00:00-04:00,19959.5,20087.5,2,TP Green,6,,,128.0,5120.0,159525.0,162000.0,-2475.0
2025-05-08 19:00:00-04:00,2025-05-09 07:00:00-04:00,20167.75,20245.5,1,TP Green,36,,,77.75,1555.0,161080.0,162000.0,-920.0
2025-05-11 19:00:00-04:00,2025-05-12 01:40:00-04:00,20458.5,20552.5,1,TP Green,20,,,94.0,1880.0,162960.0,162960.0,0.0
2025-05-12 19:00:00-04:00,2025-05-13 03:20:00-04:00,20948.25,20856.25,1,SL Yellow,25,,,-92.0,-1840.0,161120.0,162960.0,-1840.0
2025-05-13 19:00:00-04:00,2025-05-14 02:40:00-04:00,21268.0,21344.25,2,TP Green,23,,,76.25,3050.0,164170.0,164170.0,0.0
2025-05-14 19:00:00-04:00,2025-05-15 03:40:00-04:00,21372.25,21270.25,1,SL Yellow,26,,,-102.0,-2040.0,162130.0,164170.0,-2040.0
2025-05-15 19:00:00-04:00,2025-05-16 04:00:00-04:00,21387.25,21456.25,2,TP Green,27,,,69.0,2760.0,164890.0,164890.0,0.0
2025-05-18 19:00:00-04:00,2025-05-19 03:40:00-04:00,21361.5,21201.25,1,SL Yellow,26,,,-160.25,-3205.0,161685.0,164890.0,-3205.0
2025-05-19 19:00:00-04:00,2025-05-20 03:40:00-04:00,21522.75,21445.5,2,SL Yellow,26,,,-77.25,-3090.0,158595.0,164890.0,-6295.0
2025-05-20 19:00:00-04:00,2025-05-21 03:20:00-04:00,21418.25,21311.75,1,SL Yellow,25,,,-106.5,-2130.0,156465.0,164890.0,-8425.0
2025-05-21 19:00:00-04:00,2025-05-22 07:00:00-04:00,21158.5,21204.25,2,TP Green,36,,,45.75,1830.0,158295.0,164890.0,-6595.0
2025-05-22 19:00:00-04:00,2025-05-23 05:20:00-04:00,21165.25,21159.0,1,SL Yellow,31,,,-6.25,-125.0,158170.0,164890.0,-6720.0
2025-05-25 19:00:00-04:00,2025-05-26 03:00:00-04:00,21171.5,21246.25,2,TP Green,24,,,74.75,2990.0,161160.0,164890.0,-3730.0
2025-05-26 19:00:00-04:00,2025-05-27 03:20:00-04:00,21239.25,21321.25,1,TP Green,25,,,82.0,1640.0,162800.0,164890.0,-2090.0
2025-05-27 19:00:00-04:00,2025-05-28 03:20:00-04:00,21482.5,21449.0,1,SL Yellow,25,,,-33.5,-670.0,162130.0,164890.0,-2760.0
2025-05-28 19:00:00-04:00,2025-05-29 04:00:00-04:00,21748.0,21815.5,2,TP Green,27,,,67.5,2700.0,164830.0,164890.0,-60.0
2025-05-29 19:00:00-04:00,2025-05-30 08:00:00-04:00,21356.25,21324.5,1,SL Yellow,39,,,-31.75,-635.0,164195.0,164890.0,-695.0
2025-06-01 19:00:00-04:00,2025-06-02 03:20:00-04:00,21299.0,21232.0,2,SL Yellow,25,,,-67.0,-2680.0,161515.0,164890.0,-3375.0
2025-06-02 19:00:00-04:00,2025-06-03 03:40:00-04:00,21509.75,21439.75,1,SL Yellow,26,,,-70.0,-1400.0,160115.0,164890.0,-4775.0
2025-06-03 19:00:00-04:00,2025-06-04 08:00:00-04:00,21715.0,21705.5,2,SL Yellow,39,,,-9.5,-380.0,159735.0,164890.0,-5155.0
2025-06-04 19:00:00-04:00,2025-06-05 03:20:00-04:00,21742.25,21817.0,1,TP Green,25,,,74.75,1495.0,161230.0,164890.0,-3660.0
2025-06-05 19:00:00-04:00,2025-06-06 01:00:00-04:00,21544.25,21659.5,1,TP Green,18,,,115.25,2305.0,163535.0,164890.0,-1355.0
2025-06-08 19:00:00-04:00,2025-06-09 07:20:00-04:00,21754.25,21814.75,1,TP Green,37,,,60.5,1210.0,164745.0,164890.0,-145.0
2025-06-09 19:00:00-04:00,2025-06-09 21:20:00-04:00,21834.0,21957.5,1,TP Green,7,,,123.5,2470.0,167215.0,167215.0,0.0
2025-06-10 19:00:00-04:00,2025-06-11 05:40:00-04:00,21977.5,21915.5,1,SL Yellow,32,,,-62.0,-1240.0,165975.0,167215.0,-1240.0
2025-06-11 19:00:00-04:00,2025-06-12 03:40:00-04:00,21828.0,21776.5,2,SL Yellow,26,,,-51.5,-2060.0,163915.0,167215.0,-3300.0
2025-06-12 19:00:00-04:00,2025-06-13 04:20:00-04:00,21881.5,21622.75,1,SL Yellow,28,,,-258.75,-5175.0,158740.0,167215.0,-8475.0
2025-06-15 19:00:00-04:00,2025-06-16 00:00:00-04:00,21635.75,21907.0,2,TP Green,15,,,271.25,10850.0,169590.0,169590.0,0.0
2025-06-16 19:00:00-04:00,2025-06-17 03:20:00-04:00,22102.75,22036.75,1,SL Yellow,25,,,-66.0,-1320.0,168270.0,169590.0,-1320.0
2025-06-17 19:00:00-04:00,2025-06-17 22:40:00-04:00,21894.5,21981.25,2,TP Green,11,,,86.75,3470.0,171740.0,171740.0,0.0
2025-06-18 19:00:00-04:00,2025-06-19 03:20:00-04:00,21935.0,21828.0,1,SL Yellow,25,,,-107.0,-2140.0,169600.0,171740.0,-2140.0
2025-06-19 19:00:00-04:00,2025-06-20 04:40:00-04:00,21884.5,21862.5,2,SL Yellow,29,,,-22.0,-880.0,168720.0,171740.0,-3020.0
2025-06-22 19:00:00-04:00,2025-06-23 02:40:00-04:00,21743.25,21815.75,1,TP Green,23,,,72.5,1450.0,170170.0,171740.0,-1570.0
2025-06-23 19:00:00-04:00,2025-06-24 02:00:00-04:00,22246.75,22328.25,1,TP Green,21,,,81.5,1630.0,171800.0,171800.0,0.0
2025-06-24 19:00:00-04:00,2025-06-25 06:40:00-04:00,22390.25,22445.25,1,TP Green,35,,,55.0,1100.0,172900.0,172900.0,0.0
2025-06-25 19:00:00-04:00,2025-06-26 02:40:00-04:00,22457.25,22536.75,1,TP Green,23,,,79.5,1590.0,174490.0,174490.0,0.0
2025-06-26 19:00:00-04:00,2025-06-27 03:20:00-04:00,22677.75,22737.5,1,TP Green,25,,,59.75,1195.0,175685.0,175685.0,0.0
2025-06-30 19:00:00-04:00,2025-07-01 04:00:00-04:00,22868.0,22833.0,1,SL Yellow,27,,,-35.0,-700.0,174985.0,175685.0,-700.0
2025-07-01 19:00:00-04:00,2025-07-02 03:20:00-04:00,22714.25,22744.0,2,SL Yellow,25,,,29.75,1190.0,176175.0,176175.0,0.0
2025-07-02 19:00:00-04:00,2025-07-03 04:40:00-04:00,22846.75,22857.0,1,SL Yellow,29,,,10.25,205.0,176380.0,176380.0,0.0
2025-07-03 19:00:00-04:00,2025-07-04 03:40:00-04:00,23039.25,22947.25,1,SL Yellow,26,,,-92.0,-1840.0,174540.0,176380.0,-1840.0
2025-07-06 19:00:00-04:00,2025-07-07 04:00:00-04:00,22993.5,22922.75,2,SL Yellow,27,,,-70.75,-2830.0,171710.0,176380.0,-4670.0
2025-07-07 19:00:00-04:00,2025-07-08 02:20:00-04:00,22863.0,22932.75,1,TP Green,22,,,69.75,1395.0,173105.0,176380.0,-3275.0
2025-07-08 19:00:00-04:00,2025-07-09 08:00:00-04:00,22922.5,22944.75,1,Force Close,39,,,22.25,445.0,173550.0,176380.0,-2830.0
2025-07-09 19:00:00-04:00,2025-07-10 05:20:00-04:00,23043.5,23014.0,1,SL Yellow,31,,,-29.5,-590.0,172960.0,176380.0,-3420.0
2025-07-10 19:00:00-04:00,2025-07-11 03:40:00-04:00,23035.0,22904.0,2,SL Yellow,26,,,-131.0,-5240.0,167720.0,176380.0,-8660.0
2025-07-13 19:00:00-04:00,2025-07-14 08:00:00-04:00,22857.5,22893.25,1,Force Close,39,,,35.75,715.0,168435.0,176380.0,-7945.0
2025-07-14 19:00:00-04:00,2025-07-14 21:40:00-04:00,23004.5,23145.5,1,TP Green,8,,,141.0,2820.0,171255.0,176380.0,-5125.0
2025-07-15 19:00:00-04:00,2025-07-16 03:40:00-04:00,22999.0,22983.0,1,SL Yellow,26,,,-16.0,-320.0,170935.0,176380.0,-5445.0
2025-07-16 19:00:00-04:00,2025-07-17 02:00:00-04:00,23037.25,23121.0,2,TP Green,21,,,83.75,3350.0,174285.0,176380.0,-2095.0
2025-07-17 19:00:00-04:00,2025-07-18 03:20:00-04:00,23275.0,23269.75,1,SL Yellow,25,,,-5.25,-105.0,174180.0,176380.0,-2200.0
2025-07-20 19:00:00-04:00,2025-07-21 02:20:00-04:00,23214.75,23287.75,2,TP Green,22,,,73.0,2920.0,177100.0,177100.0,0.0
2025-07-21 19:00:00-04:00,2025-07-22 03:40:00-04:00,23347.0,23300.25,1,SL Yellow,26,,,-46.75,-935.0,176165.0,177100.0,-935.0
2025-07-22 19:00:00-04:00,2025-07-23 07:00:00-04:00,23232.0,23249.5,2,SL Yellow,36,,,17.5,700.0,176865.0,177100.0,-235.0
2025-07-23 19:00:00-04:00,2025-07-24 03:20:00-04:00,23394.0,23360.0,1,SL Yellow,25,,,-34.0,-680.0,176185.0,177100.0,-915.0
2025-07-24 19:00:00-04:00,2025-07-25 03:20:00-04:00,23394.0,23373.75,2,SL Yellow,25,,,-20.25,-810.0,175375.0,177100.0,-1725.0
2025-07-27 19:00:00-04:00,2025-07-28 03:20:00-04:00,23528.25,23534.5,1,SL Yellow,25,,,6.25,125.0,175500.0,177100.0,-1600.0
2025-07-28 19:00:00-04:00,2025-07-29 03:40:00-04:00,23522.0,23588.5,1,TP Green,26,,,66.5,1330.0,176830.0,177100.0,-270.0
2025-07-29 19:00:00-04:00,2025-07-30 04:20:00-04:00,23472.25,23480.75,1,SL Yellow,28,,,8.5,170.0,177000.0,177100.0,-100.0
2025-07-30 19:00:00-04:00,2025-07-31 03:20:00-04:00,23734.5,23817.0,1,TP Green,25,,,82.5,1650.0,178650.0,178650.0,0.0
2025-07-31 19:00:00-04:00,2025-08-01 03:20:00-04:00,23294.5,23170.5,1,SL Yellow,25,,,-124.0,-2480.0,176170.0,178650.0,-2480.0
2025-08-03 19:00:00-04:00,2025-08-04 02:00:00-04:00,22911.25,22996.0,2,TP Green,21,,,84.75,3390.0,179560.0,179560.0,0.0
2025-08-04 19:00:00-04:00,2025-08-05 03:20:00-04:00,23338.25,23336.75,1,SL Yellow,25,,,-1.5,-30.0,179530.0,179560.0,-30.0
2025-08-05 19:00:00-04:00,2025-08-06 01:20:00-04:00,23094.75,23188.75,2,TP Green,19,,,94.0,3760.0,183290.0,183290.0,0.0
2025-08-06 19:00:00-04:00,2025-08-07 04:00:00-04:00,23458.25,23540.5,1,TP Green,27,,,82.25,1645.0,184935.0,184935.0,0.0
2025-08-07 19:00:00-04:00,2025-08-08 03:40:00-04:00,23555.25,23530.25,1,SL Yellow,26,,,-25.0,-500.0,184435.0,184935.0,-500.0
2025-08-10 19:00:00-04:00,2025-08-11 03:20:00-04:00,23722.5,23726.0,2,SL Yellow,25,,,3.5,140.0,184575.0,184935.0,-360.0
2025-08-11 19:00:00-04:00,2025-08-12 03:20:00-04:00,23643.75,23641.5,1,SL Yellow,25,,,-2.25,-45.0,184530.0,184935.0,-405.0
2025-08-12 19:00:00-04:00,2025-08-13 04:20:00-04:00,23936.75,24008.5,2,TP Green,28,,,71.75,2870.0,187400.0,187400.0,0.0
2025-08-13 19:00:00-04:00,2025-08-14 04:40:00-04:00,23942.25,23924.25,1,SL Yellow,29,,,-18.0,-360.0,187040.0,187400.0,-360.0
2025-08-14 19:00:00-04:00,2025-08-15 04:20:00-04:00,23904.25,23916.25,2,SL Yellow,28,,,12.0,480.0,187520.0,187520.0,0.0
2025-08-17 19:00:00-04:00,2025-08-18 03:20:00-04:00,23846.5,23798.5,1,SL Yellow,25,,,-48.0,-960.0,186560.0,187520.0,-960.0
2025-08-18 19:00:00-04:00,2025-08-19 03:20:00-04:00,23817.25,23754.75,2,SL Yellow,25,,,-62.5,-2500.0,184060.0,187520.0,-3460.0
2025-08-19 19:00:00-04:00,2025-08-20 06:20:00-04:00,23450.0,23406.5,1,SL Yellow,34,,,-43.5,-870.0,183190.0,187520.0,-4330.0
2025-08-20 19:00:00-04:00,2025-08-21 04:00:00-04:00,23324.75,23323.25,2,SL Yellow,27,,,-1.5,-60.0,183130.0,187520.0,-4390.0
2025-08-21 19:00:00-04:00,2025-08-22 08:00:00-04:00,23245.75,23264.5,1,Force Close,39,,,18.75,375.0,183505.0,187520.0,-4015.0
2025-08-24 19:00:00-04:00,2025-08-25 03:20:00-04:00,23572.25,23521.5,1,SL Yellow,25,,,-50.75,-1015.0,182490.0,187520.0,-5030.0
2025-08-25 19:00:00-04:00,2025-08-26 03:40:00-04:00,23512.0,23442.5,2,SL Yellow,26,,,-69.5,-2780.0,179710.0,187520.0,-7810.0
2025-08-26 19:00:00-04:00,2025-08-27 03:20:00-04:00,23612.0,23583.0,1,SL Yellow,25,,,-29.0,-580.0,179130.0,187520.0,-8390.0
2025-08-27 19:00:00-04:00,2025-08-28 02:20:00-04:00,23509.75,23597.5,2,TP Green,22,,,87.75,3510.0,182640.0,187520.0,-4880.0
2025-08-28 19:00:00-04:00,2025-08-29 03:20:00-04:00,23743.5,23712.75,1,SL Yellow,25,,,-30.75,-615.0,182025.0,187520.0,-5495.0
2025-08-31 19:00:00-04:00,2025-09-01 03:40:00-04:00,23535.0,23468.5,2,SL Yellow,26,,,-66.5,-2660.0,179365.0,187520.0,-8155.0
2025-09-01 19:00:00-04:00,2025-09-02 03:20:00-04:00,23453.0,23381.5,1,SL Yellow,25,,,-71.5,-1430.0,177935.0,187520.0,-9585.0
2025-09-02 19:00:00-04:00,2025-09-03 04:00:00-04:00,23340.25,23422.75,2,TP Green,27,,,82.5,3300.0,181235.0,187520.0,-6285.0
2025-09-03 19:00:00-04:00,2025-09-04 06:00:00-04:00,23451.0,23521.5,1,TP Green,33,,,70.5,1410.0,182645.0,187520.0,-4875.0
2025-09-04 19:00:00-04:00,2025-09-05 02:20:00-04:00,23709.5,23785.0,1,TP Green,22,,,75.5,1510.0,184155.0,187520.0,-3365.0
2025-09-07 19:00:00-04:00,2025-09-08 08:00:00-04:00,23748.75,23748.75,1,SL Yellow,39,,,0.0,0.0,184155.0,187520.0,-3365.0
2025-09-08 19:00:00-04:00,2025-09-09 03:40:00-04:00,23824.25,23856.0,1,SL Yellow,26,,,31.75,635.0,184790.0,187520.0,-2730.0
2025-09-09 19:00:00-04:00,2025-09-10 04:00:00-04:00,23890.0,23922.5,1,SL Yellow,27,,,32.5,650.0,185440.0,187520.0,-2080.0
2025-09-10 19:00:00-04:00,2025-09-11 08:00:00-04:00,23911.0,23944.75,1,Force Close,39,,,33.75,675.0,186115.0,187520.0,-1405.0
2025-09-11 19:00:00-04:00,2025-09-12 03:40:00-04:00,24017.25,24010.0,1,SL Yellow,26,,,-7.25,-145.0,185970.0,187520.0,-1550.0
2025-09-14 19:00:00-04:00,2025-09-15 00:00:00-04:00,24120.5,24362.75,2,TP Green,15,,,242.25,9690.0,195660.0,195660.0,0.0
2025-09-15 19:00:00-04:00,2025-09-16 03:20:00-04:00,24538.75,24615.75,1,TP Green,25,,,77.0,1540.0,197200.0,197200.0,0.0
2025-09-16 19:00:00-04:00,2025-09-17 04:00:00-04:00,24546.0,24531.0,1,SL Yellow,27,,,-15.0,-300.0,196900.0,197200.0,-300.0
2025-09-17 19:00:00-04:00,2025-09-18 03:40:00-04:00,24575.0,24666.5,2,TP Green,26,,,91.5,3660.0,200560.0,200560.0,0.0
2025-09-18 19:00:00-04:00,2025-09-19 04:40:00-04:00,24738.25,24706.0,1,SL Yellow,29,,,-32.25,-645.0,199915.0,200560.0,-645.0
2025-09-21 19:00:00-04:00,2025-09-22 03:20:00-04:00,24849.75,24769.25,2,SL Yellow,25,,,-80.5,-3220.0,196695.0,200560.0,-3865.0
2025-09-22 19:00:00-04:00,2025-09-23 06:20:00-04:00,24988.75,24993.25,1,SL Yellow,34,,,4.5,90.0,196785.0,200560.0,-3775.0
2025-09-23 19:00:00-04:00,2025-09-24 03:20:00-04:00,24851.5,24854.5,1,SL Yellow,25,,,3.0,60.0,196845.0,200560.0,-3715.0
2025-09-24 19:00:00-04:00,2025-09-25 03:40:00-04:00,24743.5,24739.5,1,SL Yellow,26,,,-4.0,-80.0,196765.0,200560.0,-3795.0
2025-09-25 19:00:00-04:00,2025-09-26 04:40:00-04:00,24635.25,24593.0,2,SL Yellow,29,,,-42.25,-1690.0,195075.0,200560.0,-5485.0
2025-09-28 19:00:00-04:00,2025-09-29 01:40:00-04:00,24758.0,24825.75,1,TP Green,20,,,67.75,1355.0,196430.0,200560.0,-4130.0
2025-09-29 19:00:00-04:00,2025-09-30 03:20:00-04:00,24829.75,24786.25,1,SL Yellow,25,,,-43.5,-870.0,195560.0,200560.0,-5000.0
2025-09-30 19:00:00-04:00,2025-10-01 03:20:00-04:00,24838.0,24667.75,2,SL Yellow,25,,,-170.25,-6810.0,188750.0,200560.0,-11810.0
2025-10-01 19:00:00-04:00,2025-10-02 04:00:00-04:00,25025.25,25105.5,1,TP Green,27,,,80.25,1605.0,190355.0,200560.0,-10205.0
2025-10-02 19:00:00-04:00,2025-10-03 01:40:00-04:00,25114.0,25176.75,1,TP Green,20,,,62.75,1255.0,191610.0,200560.0,-8950.0
2025-10-05 19:00:00-04:00,2025-10-06 03:20:00-04:00,25059.25,25075.5,1,SL Yellow,25,,,16.25,325.0,191935.0,200560.0,-8625.0
2025-10-06 19:00:00-04:00,2025-10-07 04:00:00-04:00,25143.75,25150.25,1,SL Yellow,27,,,6.5,130.0,192065.0,200560.0,-8495.0
2025-10-07 19:00:00-04:00,2025-10-08 07:20:00-04:00,25050.25,25074.5,1,SL Yellow,37,,,24.25,485.0,192550.0,200560.0,-8010.0
2025-10-08 19:00:00-04:00,2025-10-09 03:20:00-04:00,25386.5,25330.25,1,SL Yellow,25,,,-56.25,-1125.0,191425.0,200560.0,-9135.0
2025-10-09 19:00:00-04:00,2025-10-10 03:40:00-04:00,25315.0,25314.5,2,SL Yellow,26,,,-0.5,-20.0,191405.0,200560.0,-9155.0
2025-10-12 19:00:00-04:00,2025-10-12 21:00:00-04:00,24688.0,24830.5,1,TP Green,6,,,142.5,2850.0,194255.0,200560.0,-6305.0
2025-10-13 19:00:00-04:00,2025-10-13 20:20:00-04:00,24914.25,25022.5,1,TP Green,4,,,108.25,2165.0,196420.0,200560.0,-4140.0
2025-10-14 19:00:00-04:00,2025-10-15 01:00:00-04:00,24799.0,24898.5,1,TP Green,18,,,99.5,1990.0,198410.0,200560.0,-2150.0
2025-10-15 19:00:00-04:00,2025-10-16 03:00:00-04:00,24947.5,25007.75,1,TP Green,24,,,60.25,1205.0,199615.0,200560.0,-945.0
2025-10-16 19:00:00-04:00,2025-10-17 03:20:00-04:00,24744.0,24451.5,1,SL Yellow,25,,,-292.5,-5850.0,193765.0,200560.0,-6795.0
2025-10-19 19:00:00-04:00,2025-10-20 03:00:00-04:00,25037.75,25125.0,2,TP Green,24,,,87.25,3490.0,197255.0,200560.0,-3305.0
2025-10-20 19:00:00-04:00,2025-10-21 03:40:00-04:00,25328.25,25276.5,1,SL Yellow,26,,,-51.75,-1035.0,196220.0,200560.0,-4340.0
2025-10-21 19:00:00-04:00,2025-10-22 02:40:00-04:00,25253.0,25320.25,2,TP Green,23,,,67.25,2690.0,198910.0,200560.0,-1650.0
2025-10-22 19:00:00-04:00,2025-10-23 05:00:00-04:00,25050.75,25054.25,1,SL Yellow,30,,,3.5,70.0,198980.0,200560.0,-1580.0
2025-10-23 19:00:00-04:00,2025-10-24 02:20:00-04:00,25296.0,25363.0,1,TP Green,22,,,67.0,1340.0,200320.0,200560.0,-240.0
2025-10-26 19:00:00-04:00,2025-10-27 02:20:00-04:00,25721.75,25794.25,1,TP Green,22,,,72.5,1450.0,201770.0,201770.0,0.0
2025-10-27 19:00:00-04:00,2025-10-28 03:40:00-04:00,26004.75,25957.75,1,SL Yellow,26,,,-47.0,-940.0,200830.0,201770.0,-940.0
2025-10-28 19:00:00-04:00,2025-10-29 01:20:00-04:00,26180.75,26259.5,2,TP Green,19,,,78.75,3150.0,203980.0,203980.0,0.0
2025-10-29 19:00:00-04:00,2025-10-29 22:00:00-04:00,26194.5,26365.25,1,TP Green,9,,,170.75,3415.0,207395.0,207395.0,0.0
2025-10-30 19:00:00-04:00,2025-10-31 04:00:00-04:00,26138.25,26169.25,1,SL Yellow,27,,,31.0,620.0,208015.0,208015.0,0.0
2025-11-02 19:00:00-05:00,2025-11-03 07:00:00-05:00,26106.25,26174.0,1,TP Green,36,,,67.75,1355.0,209370.0,209370.0,0.0
2025-11-03 19:00:00-05:00,2025-11-04 03:40:00-05:00,26007.5,25771.75,1,SL Yellow,26,,,-235.75,-4715.0,204655.0,209370.0,-4715.0
2025-11-04 19:00:00-05:00,2025-11-05 05:40:00-05:00,25488.25,25423.5,2,SL Yellow,32,,,-64.75,-2590.0,202065.0,209370.0,-7305.0
2025-11-05 19:00:00-05:00,2025-11-06 08:00:00-05:00,25719.5,25784.0,1,TP Green,39,,,64.5,1290.0,203355.0,209370.0,-6015.0
2025-11-06 19:00:00-05:00,2025-11-07 03:20:00-05:00,25305.75,25284.25,1,SL Yellow,25,,,-21.5,-430.0,202925.0,209370.0,-6445.0
2025-11-09 19:00:00-05:00,2025-11-09 21:40:00-05:00,25314.75,25433.5,2,TP Green,8,,,118.75,4750.0,207675.0,209370.0,-1695.0
2025-11-10 19:00:00-05:00,2025-11-11 03:20:00-05:00,25742.5,25637.75,1,SL Yellow,25,,,-104.75,-2095.0,205580.0,209370.0,-3790.0
2025-11-11 19:00:00-05:00,2025-11-12 01:20:00-05:00,25669.0,25770.75,2,TP Green,19,,,101.75,4070.0,209650.0,209650.0,0.0
2025-11-12 19:00:00-05:00,2025-11-12 20:00:00-05:00,25580.25,25697.5,1,TP Green,3,,,117.25,2345.0,211995.0,211995.0,0.0
2025-11-13 19:00:00-05:00,2025-11-14 03:20:00-05:00,25127.5,24950.0,1,SL Yellow,25,,,-177.5,-3550.0,208445.0,211995.0,-3550.0
2025-11-16 19:00:00-05:00,2025-11-16 22:00:00-05:00,25133.0,25254.75,2,TP Green,9,,,121.75,4870.0,213315.0,213315.0,0.0
2025-11-17 19:00:00-05:00,2025-11-18 03:40:00-05:00,24877.0,24806.75,1,SL Yellow,26,,,-70.25,-1405.0,211910.0,213315.0,-1405.0
2025-11-18 19:00:00-05:00,2025-11-18 22:00:00-05:00,24511.75,24603.75,2,TP Green,9,,,92.0,3680.0,215590.0,215590.0,0.0
2025-11-19 19:00:00-05:00,2025-11-20 04:00:00-05:00,25127.5,25116.75,1,SL Yellow,27,,,-10.75,-215.0,215375.0,215590.0,-215.0
2025-11-20 19:00:00-05:00,2025-11-21 04:20:00-05:00,24180.5,24103.0,2,SL Yellow,28,,,-77.5,-3100.0,212275.0,215590.0,-3315.0
2025-11-23 19:00:00-05:00,2025-11-24 03:00:00-05:00,24426.5,24535.0,1,TP Green,24,,,108.5,2170.0,214445.0,215590.0,-1145.0
2025-11-24 19:00:00-05:00,2025-11-25 03:40:00-05:00,24930.0,24869.0,1,SL Yellow,26,,,-61.0,-1220.0,213225.0,215590.0,-2365.0
2025-11-25 19:00:00-05:00,2025-11-26 00:20:00-05:00,25103.25,25199.75,2,TP Green,16,,,96.5,3860.0,217085.0,217085.0,0.0
2025-11-26 19:00:00-05:00,2025-11-27 03:40:00-05:00,25325.75,25301.75,1,SL Yellow,26,,,-24.0,-480.0,216605.0,217085.0,-480.0
2025-11-27 19:00:00-05:00,2025-11-28 12:00:00-05:00,25344.75,25426.75,2,TP Green,20,,,82.0,3280.0,219885.0,219885.0,0.0
2025-11-30 19:00:00-05:00,2025-12-01 04:20:00-05:00,25412.5,25296.25,1,SL Yellow,28,,,-116.25,-2325.0,217560.0,219885.0,-2325.0
2025-12-01 19:00:00-05:00,2025-12-02 05:40:00-05:00,25405.5,25491.25,2,TP Green,32,,,85.75,3430.0,220990.0,220990.0,0.0
2025-12-02 19:00:00-05:00,2025-12-03 03:20:00-05:00,25615.25,25632.25,1,SL Yellow,25,,,17.0,340.0,221330.0,221330.0,0.0
2025-12-03 19:00:00-05:00,2025-12-04 04:00:00-05:00,25656.75,25623.5,1,SL Yellow,27,,,-33.25,-665.0,220665.0,221330.0,-665.0
2025-12-04 19:00:00-05:00,2025-12-04 23:00:00-05:00,25621.5,25706.5,2,TP Green,12,,,85.0,3400.0,224065.0,224065.0,0.0
2025-12-07 19:00:00-05:00,2025-12-08 00:40:00-05:00,25720.0,25794.0,1,TP Green,17,,,74.0,1480.0,225545.0,225545.0,0.0
2025-12-08 19:00:00-05:00,2025-12-09 04:00:00-05:00,25716.25,25671.75,1,SL Yellow,27,,,-44.5,-890.0,224655.0,225545.0,-890.0
2025-12-09 19:00:00-05:00,2025-12-10 04:00:00-05:00,25674.75,25710.75,2,SL Yellow,27,,,36.0,1440.0,226095.0,226095.0,0.0
2025-12-10 19:00:00-05:00,2025-12-11 03:20:00-05:00,25720.5,25494.75,1,SL Yellow,25,,,-225.75,-4515.0,221580.0,226095.0,-4515.0
2025-12-11 19:00:00-05:00,2025-12-12 04:00:00-05:00,25660.5,25625.0,2,SL Yellow,27,,,-35.5,-1420.0,220160.0,226095.0,-5935.0
2025-12-14 19:00:00-05:00,2025-12-15 03:40:00-05:00,25203.5,25282.0,1,TP Green,26,,,78.5,1570.0,221730.0,226095.0,-4365.0
2025-12-15 19:00:00-05:00,2025-12-16 04:40:00-05:00,25012.0,24935.75,1,SL Yellow,29,,,-76.25,-1525.0,220205.0,226095.0,-5890.0
2025-12-16 19:00:00-05:00,2025-12-17 01:00:00-05:00,25066.75,25166.25,2,TP Green,18,,,99.5,3980.0,224185.0,226095.0,-1910.0
2025-12-17 19:00:00-05:00,2025-12-18 03:40:00-05:00,24742.25,24833.75,1,TP Green,26,,,91.5,1830.0,226015.0,226095.0,-80.0
2025-12-18 19:00:00-05:00,2025-12-19 02:00:00-05:00,24996.0,25126.25,1,TP Green,21,,,130.25,2605.0,228620.0,228620.0,0.0
2025-12-21 19:00:00-05:00,2025-12-22 04:40:00-05:00,25651.75,25714.0,1,TP Green,29,,,62.25,1245.0,229865.0,229865.0,0.0
2025-12-22 19:00:00-05:00,2025-12-23 03:40:00-05:00,25713.25,25690.0,1,SL Yellow,26,,,-23.25,-465.0,229400.0,229865.0,-465.0
2025-12-23 19:00:00-05:00,2025-12-24 03:40:00-05:00,25816.75,25786.75,2,SL Yellow,26,,,-30.0,-1200.0,228200.0,229865.0,-1665.0
2025-12-25 19:00:00-05:00,2025-12-26 03:20:00-05:00,25905.5,25848.0,1,SL Yellow,25,,,-57.5,-1150.0,227050.0,229865.0,-2815.0
2025-12-28 19:00:00-05:00,2025-12-29 03:20:00-05:00,25856.5,25757.75,2,SL Yellow,25,,,-98.75,-3950.0,223100.0,229865.0,-6765.0
2025-12-29 19:00:00-05:00,2025-12-30 06:00:00-05:00,25714.0,25711.5,1,SL Yellow,33,,,-2.5,-50.0,223050.0,229865.0,-6815.0
2025-12-30 19:00:00-05:00,2025-12-31 03:20:00-05:00,25645.5,25559.0,2,SL Yellow,25,,,-86.5,-3460.0,219590.0,229865.0,-10275.0
2026-01-01 19:00:00-05:00,2026-01-01 21:40:00-05:00,25494.25,25605.25,1,TP Green,8,,,111.0,2220.0,221810.0,229865.0,-8055.0
2026-01-04 19:00:00-05:00,2026-01-05 05:20:00-05:00,25475.0,25540.5,1,TP Green,31,,,65.5,1310.0,223120.0,229865.0,-6745.0
2026-01-05 19:00:00-05:00,2026-01-06 00:00:00-05:00,25559.75,25652.25,1,TP Green,15,,,92.5,1850.0,224970.0,229865.0,-4895.0
2026-01-06 19:00:00-05:00,2026-01-07 03:20:00-05:00,25829.0,25770.5,1,SL Yellow,25,,,-58.5,-1170.0,223800.0,229865.0,-6065.0
2026-01-07 19:00:00-05:00,2026-01-08 03:40:00-05:00,25824.75,25783.75,2,SL Yellow,26,,,-41.0,-1640.0,222160.0,229865.0,-7705.0
2026-01-08 19:00:00-05:00,2026-01-09 06:20:00-05:00,25686.75,25756.75,1,TP Green,34,,,70.0,1400.0,223560.0,229865.0,-6305.0
2026-01-11 19:00:00-05:00,2026-01-12 03:20:00-05:00,25868.25,25652.0,1,SL Yellow,25,,,-216.25,-4325.0,219235.0,229865.0,-10630.0
2026-01-12 19:00:00-05:00,2026-01-13 05:00:00-05:00,25892.5,25882.75,2,SL Yellow,30,,,-9.75,-390.0,218845.0,229865.0,-11020.0
2026-01-13 19:00:00-05:00,2026-01-14 03:20:00-05:00,25914.75,25854.75,1,SL Yellow,25,,,-60.0,-1200.0,217645.0,229865.0,-12220.0
2026-01-14 19:00:00-05:00,2026-01-15 01:00:00-05:00,25593.75,25697.75,2,TP Green,18,,,104.0,4160.0,221805.0,229865.0,-8060.0
2026-01-15 19:00:00-05:00,2026-01-16 01:40:00-05:00,25741.75,25824.25,1,TP Green,20,,,82.5,1650.0,223455.0,229865.0,-6410.0
2026-01-18 19:00:00-05:00,2026-01-19 04:00:00-05:00,25415.5,25342.5,1,SL Yellow,27,,,-73.0,-1460.0,221995.0,229865.0,-7870.0
2026-01-19 19:00:00-05:00,2026-01-20 03:20:00-05:00,25342.25,25185.0,2,SL Yellow,25,,,-157.25,-6290.0,215705.0,229865.0,-14160.0
2026-01-20 19:00:00-05:00,2026-01-21 02:00:00-05:00,25147.0,25242.5,1,TP Green,21,,,95.5,1910.0,217615.0,229865.0,-12250.0
2026-01-21 19:00:00-05:00,2026-01-22 03:40:00-05:00,25574.0,25684.75,1,TP Green,26,,,110.75,2215.0,219830.0,229865.0,-10035.0
2026-01-22 19:00:00-05:00,2026-01-23 01:00:00-05:00,25627.75,25725.25,1,TP Green,18,,,97.5,1950.0,221780.0,229865.0,-8085.0
2026-01-25 19:00:00-05:00,2026-01-26 01:00:00-05:00,25577.75,25695.25,1,TP Green,18,,,117.5,2350.0,224130.0,229865.0,-5735.0
2026-01-26 19:00:00-05:00,2026-01-26 23:00:00-05:00,25890.75,25993.5,1,TP Green,12,,,102.75,2055.0,226185.0,229865.0,-3680.0
2026-01-27 19:00:00-05:00,2026-01-28 00:40:00-05:00,26156.5,26248.75,1,TP Green,17,,,92.25,1845.0,228030.0,229865.0,-1835.0
2026-01-28 19:00:00-05:00,2026-01-29 00:20:00-05:00,26135.25,26243.0,1,TP Green,16,,,107.75,2155.0,230185.0,230185.0,0.0
2026-01-29 19:00:00-05:00,2026-01-30 03:20:00-05:00,25955.0,25717.25,1,SL Yellow,25,,,-237.75,-4755.0,225430.0,230185.0,-4755.0
2026-02-01 19:00:00-05:00,2026-02-02 03:40:00-05:00,25591.75,25405.5,2,SL Yellow,26,,,-186.25,-7450.0,217980.0,230185.0,-12205.0
2026-02-02 19:00:00-05:00,2026-02-03 03:40:00-05:00,25953.75,25978.5,1,SL Yellow,26,,,24.75,495.0,218475.0,230185.0,-11710.0
2026-02-03 19:00:00-05:00,2026-02-04 03:20:00-05:00,25425.0,25416.0,1,SL Yellow,25,,,-9.0,-180.0,218295.0,230185.0,-11890.0
2026-02-04 19:00:00-05:00,2026-02-05 03:40:00-05:00,25079.75,25024.5,2,SL Yellow,26,,,-55.25,-2210.0,216085.0,230185.0,-14100.0
2026-02-05 19:00:00-05:00,2026-02-05 20:40:00-05:00,24311.5,24524.0,1,TP Green,5,,,212.5,4250.0,220335.0,230185.0,-9850.0
2026-02-08 19:00:00-05:00,2026-02-09 03:20:00-05:00,25307.5,25173.75,1,SL Yellow,25,,,-133.75,-2675.0,217660.0,230185.0,-12525.0
2026-02-09 19:00:00-05:00,2026-02-10 05:00:00-05:00,25333.0,25352.75,2,SL Yellow,30,,,19.75,790.0,218450.0,230185.0,-11735.0
2026-02-10 19:00:00-05:00,2026-02-11 03:40:00-05:00,25273.5,25252.0,1,SL Yellow,26,,,-21.5,-430.0,218020.0,230185.0,-12165.0
2026-02-11 19:00:00-05:00,2026-02-12 00:00:00-05:00,25233.25,25339.5,2,TP Green,15,,,106.25,4250.0,222270.0,230185.0,-7915.0
2026-02-12 19:00:00-05:00,2026-02-13 05:40:00-05:00,24833.0,24728.5,1,SL Yellow,32,,,-104.5,-2090.0,220180.0,230185.0,-10005.0
2026-02-15 19:00:00-05:00,2026-02-16 06:00:00-05:00,24841.5,24859.5,2,SL Yellow,33,,,18.0,720.0,220900.0,230185.0,-9285.0
2026-02-16 19:00:00-05:00,2026-02-17 03:20:00-05:00,24797.75,24657.25,1,SL Yellow,25,,,-140.5,-2810.0,218090.0,230185.0,-12095.0
2026-02-17 19:00:00-05:00,2026-02-18 00:40:00-05:00,24737.75,24827.5,2,TP Green,17,,,89.75,3590.0,221680.0,230185.0,-8505.0
2026-02-18 19:00:00-05:00,2026-02-19 02:20:00-05:00,24951.25,25041.75,1,TP Green,22,,,90.5,1810.0,223490.0,230185.0,-6695.0
2026-02-19 19:00:00-05:00,2026-02-20 04:00:00-05:00,24875.25,24982.25,1,TP Green,27,,,107.0,2140.0,225630.0,230185.0,-4555.0
2026-02-22 19:00:00-05:00,2026-02-23 06:40:00-05:00,24938.75,24920.5,1,SL Yellow,35,,,-18.25,-365.0,225265.0,230185.0,-4920.0
2026-02-23 19:00:00-05:00,2026-02-24 04:20:00-05:00,24812.0,24814.25,2,SL Yellow,28,,,2.25,90.0,225355.0,230185.0,-4830.0
2026-02-24 19:00:00-05:00,2026-02-25 03:40:00-05:00,25034.0,25068.0,1,SL Yellow,26,,,34.0,680.0,226035.0,230185.0,-4150.0
2026-02-25 19:00:00-05:00,2026-02-26 06:00:00-05:00,25329.5,25350.5,1,SL Yellow,33,,,21.0,420.0,226455.0,230185.0,-3730.0
2026-02-26 19:00:00-05:00,2026-02-27 04:20:00-05:00,25018.0,25042.0,1,SL Yellow,28,,,24.0,480.0,226935.0,230185.0,-3250.0
2026-03-01 19:00:00-05:00,2026-03-01 20:00:00-05:00,24720.5,24878.25,1,TP Green,3,,,157.75,3155.0,230090.0,230185.0,-95.0
2026-03-02 19:00:00-05:00,2026-03-03 03:20:00-05:00,24942.75,24579.75,1,SL Yellow,25,,,-363.0,-7260.0,222830.0,230185.0,-7355.0
2026-03-03 19:00:00-05:00,2026-03-04 03:20:00-05:00,24774.5,24634.75,2,SL Yellow,25,,,-139.75,-5590.0,217240.0,230185.0,-12945.0
2026-03-04 19:00:00-05:00,2026-03-05 03:20:00-05:00,25241.0,25009.5,1,SL Yellow,25,,,-231.5,-4630.0,212610.0,230185.0,-17575.0
2026-03-05 19:00:00-05:00,2026-03-06 03:20:00-05:00,25083.75,25071.75,2,SL Yellow,25,,,-12.0,-480.0,212130.0,230185.0,-18055.0
2026-03-08 19:00:00-04:00,2026-03-09 05:20:00-04:00,24292.25,24459.75,1,TP Green,31,,,167.5,3350.0,215480.0,230185.0,-14705.0
2026-03-09 19:00:00-04:00,2026-03-10 03:20:00-04:00,24920.25,25038.75,1,TP Green,25,,,118.5,2370.0,217850.0,230185.0,-12335.0
2026-03-10 19:00:00-04:00,2026-03-10 22:20:00-04:00,24985.0,25079.0,1,TP Green,10,,,94.0,1880.0,219730.0,230185.0,-10455.0
2026-03-11 19:00:00-04:00,2026-03-12 07:40:00-04:00,24835.75,24856.5,1,TP Green,38,,,20.75,415.0,220145.0,230185.0,-10040.0
2026-03-12 19:00:00-04:00,2026-03-13 03:40:00-04:00,24580.75,24448.25,1,SL Yellow,26,,,-132.5,-2650.0,217495.0,230185.0,-12690.0
2026-03-15 19:00:00-04:00,2026-03-16 01:40:00-04:00,24441.75,24561.25,2,TP Green,20,,,119.5,4780.0,222275.0,230185.0,-7910.0
2026-03-16 19:00:00-04:00,2026-03-17 03:40:00-04:00,24631.75,24558.75,1,SL Yellow,26,,,-73.0,-1460.0,220815.0,230185.0,-9370.0
2026-03-17 19:00:00-04:00,2026-03-17 22:00:00-04:00,24793.5,24895.0,2,TP Green,9,,,101.5,4060.0,224875.0,230185.0,-5310.0
2026-03-18 19:00:00-04:00,2026-03-19 03:20:00-04:00,24398.75,24355.0,1,SL Yellow,25,,,-43.75,-875.0,224000.0,230185.0,-6185.0
2026-03-19 19:00:00-04:00,2026-03-20 04:40:00-04:00,24425.25,24356.0,2,SL Yellow,29,,,-69.25,-2770.0,221230.0,230185.0,-8955.0
2026-03-22 19:00:00-04:00,2026-03-23 03:20:00-04:00,24067.25,23826.75,1,SL Yellow,25,,,-240.5,-4810.0,216420.0,230185.0,-13765.0
2026-03-23 19:00:00-04:00,2026-03-24 04:40:00-04:00,24475.0,24378.5,2,SL Yellow,29,,,-96.5,-3860.0,212560.0,230185.0,-17625.0
2026-03-24 19:00:00-04:00,2026-03-25 03:20:00-04:00,24424.75,24373.75,1,SL Yellow,25,,,-51.0,-1020.0,211540.0,230185.0,-18645.0
2026-03-25 19:00:00-04:00,2026-03-25 23:40:00-04:00,24300.25,24378.5,2,TP Green,14,,,78.25,3130.0,214670.0,230185.0,-15515.0
2026-03-26 19:00:00-04:00,2026-03-27 01:00:00-04:00,23866.0,23959.5,1,TP Green,18,,,93.5,1870.0,216540.0,230185.0,-13645.0
2026-03-29 19:00:00-04:00,2026-03-29 23:20:00-04:00,23180.5,23289.75,1,TP Green,13,,,109.25,2185.0,218725.0,230185.0,-11460.0
2026-03-30 19:00:00-04:00,2026-03-30 20:40:00-04:00,23049.25,23185.5,1,TP Green,5,,,136.25,2725.0,221450.0,230185.0,-8735.0
2026-03-31 19:00:00-04:00,2026-04-01 01:20:00-04:00,23966.0,24041.25,1,TP Green,19,,,75.25,1505.0,222955.0,230185.0,-7230.0
2026-04-01 19:00:00-04:00,2026-04-02 04:00:00-04:00,24198.75,23842.0,1,SL Yellow,27,,,-356.75,-7135.0,215820.0,230185.0,-14365.0
2026-04-02 19:00:00-04:00,2026-04-05 22:20:00-04:00,24197.75,24293.25,2,TP Green,17,,,95.5,3820.0,219640.0,230185.0,-10545.0
2026-04-06 19:00:00-04:00,2026-04-07 03:20:00-04:00,24321.5,24227.5,1,SL Yellow,25,,,-94.0,-1880.0,217760.0,230185.0,-12425.0
2026-04-07 19:00:00-04:00,2026-04-07 23:00:00-04:00,24973.0,25108.75,2,TP Green,12,,,135.75,5430.0,223190.0,230185.0,-6995.0
2026-04-08 19:00:00-04:00,2026-04-09 03:20:00-04:00,25045.5,25001.25,1,SL Yellow,25,,,-44.25,-885.0,222305.0,230185.0,-7880.0
2026-04-09 19:00:00-04:00,2026-04-10 03:40:00-04:00,25213.0,25241.75,2,SL Yellow,26,,,28.75,1150.0,223455.0,230185.0,-6730.0
2026-04-12 19:00:00-04:00,2026-04-12 21:00:00-04:00,24941.25,25067.25,1,TP Green,6,,,126.0,2520.0,225975.0,230185.0,-4210.0
2026-04-13 19:00:00-04:00,2026-04-14 06:20:00-04:00,25610.25,25627.0,1,SL Yellow,34,,,16.75,335.0,226310.0,230185.0,-3875.0
2026-04-15 19:00:00-04:00,2026-04-16 02:00:00-04:00,26395.25,26481.25,1,TP Green,21,,,86.0,1720.0,228030.0,230185.0,-2155.0
2026-04-16 19:00:00-04:00,2026-04-17 07:20:00-04:00,26477.75,26549.0,1,TP Green,37,,,71.25,1425.0,229455.0,230185.0,-730.0
2026-04-19 19:00:00-04:00,2026-04-20 04:00:00-04:00,26661.5,26644.25,1,SL Yellow,27,,,-17.25,-345.0,229110.0,230185.0,-1075.0
2026-04-20 19:00:00-04:00,2026-04-21 03:20:00-04:00,26803.75,26814.0,2,SL Yellow,25,,,10.25,410.0,229520.0,230185.0,-665.0
2026-04-21 19:00:00-04:00,2026-04-22 01:20:00-04:00,26751.25,26831.75,1,TP Green,19,,,80.5,1610.0,231130.0,231130.0,0.0
2026-04-22 19:00:00-04:00,2026-04-23 03:20:00-04:00,27091.75,26978.25,1,SL Yellow,25,,,-113.5,-2270.0,228860.0,231130.0,-2270.0
2026-04-23 19:00:00-04:00,2026-04-24 04:00:00-04:00,27037.0,27127.75,2,TP Green,27,,,90.75,3630.0,232490.0,232490.0,0.0
2026-04-26 19:00:00-04:00,2026-04-26 21:20:00-04:00,27391.0,27510.0,1,TP Green,7,,,119.0,2380.0,234870.0,234870.0,0.0
2026-04-27 19:00:00-04:00,2026-04-28 03:40:00-04:00,27489.25,27332.5,1,SL Yellow,26,,,-156.75,-3135.0,231735.0,234870.0,-3135.0
2026-04-28 19:00:00-04:00,2026-04-29 02:00:00-04:00,27223.5,27291.75,2,TP Green,21,,,68.25,2730.0,234465.0,234870.0,-405.0
2026-04-29 19:00:00-04:00,2026-04-29 20:40:00-04:00,27464.25,27597.75,1,TP Green,5,,,133.5,2670.0,237135.0,237135.0,0.0
2026-04-30 19:00:00-04:00,2026-05-01 03:20:00-04:00,27598.5,27597.25,1,SL Yellow,25,,,-1.25,-25.0,237110.0,237135.0,-25.0
2026-05-03 19:00:00-04:00,2026-05-03 22:40:00-04:00,27825.25,27934.25,2,TP Green,11,,,109.0,4360.0,241470.0,241470.0,0.0
2026-05-04 19:00:00-04:00,2026-05-05 00:00:00-04:00,27756.75,27841.5,1,TP Green,15,,,84.75,1695.0,243165.0,243165.0,0.0
2026-05-05 19:00:00-04:00,2026-05-06 04:40:00-04:00,28369.75,28481.25,1,TP Green,29,,,111.5,2230.0,245395.0,245395.0,0.0
